nohup: ignoring input
logs/cub/100_5_sip/InfLoRA/adam/10/0.95_1.0-0.0005/1993
2025-12-23 21:12:22,127 [trainer.py] => config: configs/inflora_cub_B100_Inc5.json
2025-12-23 21:12:22,149 [trainer.py] => device: [device(type='cuda', index=1)]
2025-12-23 21:12:22,149 [trainer.py] => prefix: reproduce
2025-12-23 21:12:22,149 [trainer.py] => dataset: cub
2025-12-23 21:12:22,149 [trainer.py] => data_path: data/
2025-12-23 21:12:22,149 [trainer.py] => memory_size: 0
2025-12-23 21:12:22,149 [trainer.py] => memory_per_class: 0
2025-12-23 21:12:22,149 [trainer.py] => fixed_memory: True
2025-12-23 21:12:22,149 [trainer.py] => shuffle: False
2025-12-23 21:12:22,149 [trainer.py] => init_cls: 100
2025-12-23 21:12:22,149 [trainer.py] => increment: 5
2025-12-23 21:12:22,149 [trainer.py] => model_name: InfLoRA
2025-12-23 21:12:22,149 [trainer.py] => net_type: sip
2025-12-23 21:12:22,150 [trainer.py] => embd_dim: 768
2025-12-23 21:12:22,150 [trainer.py] => num_heads: 12
2025-12-23 21:12:22,150 [trainer.py] => total_sessions: 21
2025-12-23 21:12:22,150 [trainer.py] => seed: 1993
2025-12-23 21:12:22,150 [trainer.py] => kshot: 5
2025-12-23 21:12:22,150 [trainer.py] => EPSILON: 1e-08
2025-12-23 21:12:22,150 [trainer.py] => init_epoch: 20
2025-12-23 21:12:22,150 [trainer.py] => optim: adam
2025-12-23 21:12:22,150 [trainer.py] => init_lr: 0.0005
2025-12-23 21:12:22,150 [trainer.py] => init_lr_decay: 0.1
2025-12-23 21:12:22,150 [trainer.py] => init_weight_decay: 0.0
2025-12-23 21:12:22,150 [trainer.py] => epochs: 10
2025-12-23 21:12:22,150 [trainer.py] => lrate: 0.0005
2025-12-23 21:12:22,150 [trainer.py] => lrate_decay: 0.1
2025-12-23 21:12:22,150 [trainer.py] => batch_size: 128
2025-12-23 21:12:22,150 [trainer.py] => weight_decay: 0.0
2025-12-23 21:12:22,150 [trainer.py] => rank: 10
2025-12-23 21:12:22,150 [trainer.py] => lamb: 0.95
2025-12-23 21:12:22,150 [trainer.py] => lame: 1.0
2025-12-23 21:12:22,150 [trainer.py] => num_workers: 16
2025-12-23 21:12:22,150 [trainer.py] => gpu_models: ['NVIDIA A800 80GB PCIe']
2025-12-23 21:12:22,779 [data_manager.py] => [0, 1, 2, 3, 4, 5, 6, 7, 8, 9, 10, 11, 12, 13, 14, 15, 16, 17, 18, 19, 20, 21, 22, 23, 24, 25, 26, 27, 28, 29, 30, 31, 32, 33, 34, 35, 36, 37, 38, 39, 40, 41, 42, 43, 44, 45, 46, 47, 48, 49, 50, 51, 52, 53, 54, 55, 56, 57, 58, 59, 60, 61, 62, 63, 64, 65, 66, 67, 68, 69, 70, 71, 72, 73, 74, 75, 76, 77, 78, 79, 80, 81, 82, 83, 84, 85, 86, 87, 88, 89, 90, 91, 92, 93, 94, 95, 96, 97, 98, 99, 100, 101, 102, 103, 104, 105, 106, 107, 108, 109, 110, 111, 112, 113, 114, 115, 116, 117, 118, 119, 120, 121, 122, 123, 124, 125, 126, 127, 128, 129, 130, 131, 132, 133, 134, 135, 136, 137, 138, 139, 140, 141, 142, 143, 144, 145, 146, 147, 148, 149, 150, 151, 152, 153, 154, 155, 156, 157, 158, 159, 160, 161, 162, 163, 164, 165, 166, 167, 168, 169, 170, 171, 172, 173, 174, 175, 176, 177, 178, 179, 180, 181, 182, 183, 184, 185, 186, 187, 188, 189, 190, 191, 192, 193, 194, 195, 196, 197, 198, 199]
2025-12-23 21:13:01,872 [trainer.py] => All params: 102451025
2025-12-23 21:13:01,909 [trainer.py] => Trainable params: 102451025
2025-12-23 21:13:01,909 [inflora.py] => Learning on 0-100

  0%|          | 0/20 [00:00<?, ?it/s]
Task 0, Epoch 1/20 => Loss 2.378, Train_accy 44.49:   0%|          | 0/20 [03:23<?, ?it/s]
Task 0, Epoch 1/20 => Loss 2.378, Train_accy 44.49:   5%|▌         | 1/20 [03:23<1:04:23, 203.33s/it]
Task 0, Epoch 2/20 => Loss 0.799, Train_accy 76.77:   5%|▌         | 1/20 [06:43<1:04:23, 203.33s/it]
Task 0, Epoch 2/20 => Loss 0.799, Train_accy 76.77:  10%|█         | 2/20 [06:43<1:00:31, 201.73s/it]
Task 0, Epoch 3/20 => Loss 0.652, Train_accy 81.46:  10%|█         | 2/20 [09:53<1:00:31, 201.73s/it]
Task 0, Epoch 3/20 => Loss 0.652, Train_accy 81.46:  15%|█▌        | 3/20 [09:53<55:34, 196.12s/it]  
Task 0, Epoch 4/20 => Loss 0.574, Train_accy 83.17:  15%|█▌        | 3/20 [13:05<55:34, 196.12s/it]
Task 0, Epoch 4/20 => Loss 0.574, Train_accy 83.17:  20%|██        | 4/20 [13:05<51:50, 194.42s/it]
Task 0, Epoch 5/20 => Loss 0.539, Train_accy 84.40:  20%|██        | 4/20 [16:20<51:50, 194.42s/it]
Task 0, Epoch 5/20 => Loss 0.539, Train_accy 84.40:  25%|██▌       | 5/20 [16:21<48:43, 194.93s/it]
Task 0, Epoch 6/20 => Loss 0.474, Train_accy 86.41:  25%|██▌       | 5/20 [19:34<48:43, 194.93s/it]
Task 0, Epoch 6/20 => Loss 0.474, Train_accy 86.41:  30%|███       | 6/20 [19:34<45:21, 194.37s/it]
Task 0, Epoch 7/20 => Loss 0.453, Train_accy 87.28:  30%|███       | 6/20 [22:51<45:21, 194.37s/it]
Task 0, Epoch 7/20 => Loss 0.453, Train_accy 87.28:  35%|███▌      | 7/20 [22:51<42:20, 195.44s/it]
Task 0, Epoch 8/20 => Loss 0.449, Train_accy 87.09:  35%|███▌      | 7/20 [26:11<42:20, 195.44s/it]
Task 0, Epoch 8/20 => Loss 0.449, Train_accy 87.09:  40%|████      | 8/20 [26:11<39:20, 196.72s/it]
Task 0, Epoch 9/20 => Loss 0.432, Train_accy 88.30:  40%|████      | 8/20 [29:19<39:20, 196.72s/it]
Task 0, Epoch 9/20 => Loss 0.432, Train_accy 88.30:  45%|████▌     | 9/20 [29:19<35:35, 194.10s/it]
Task 0, Epoch 10/20 => Loss 0.389, Train_accy 89.54:  45%|████▌     | 9/20 [32:34<35:35, 194.10s/it]
Task 0, Epoch 10/20 => Loss 0.389, Train_accy 89.54:  50%|█████     | 10/20 [32:34<32:22, 194.26s/it]
Task 0, Epoch 11/20 => Loss 0.351, Train_accy 90.35:  50%|█████     | 10/20 [35:45<32:22, 194.26s/it]
Task 0, Epoch 11/20 => Loss 0.351, Train_accy 90.35:  55%|█████▌    | 11/20 [35:45<29:00, 193.35s/it]
Task 0, Epoch 12/20 => Loss 0.355, Train_accy 90.11:  55%|█████▌    | 11/20 [39:00<29:00, 193.35s/it]
Task 0, Epoch 12/20 => Loss 0.355, Train_accy 90.11:  60%|██████    | 12/20 [39:00<25:49, 193.69s/it]
Task 0, Epoch 13/20 => Loss 0.351, Train_accy 90.05:  60%|██████    | 12/20 [42:18<25:49, 193.69s/it]
Task 0, Epoch 13/20 => Loss 0.351, Train_accy 90.05:  65%|██████▌   | 13/20 [42:18<22:46, 195.25s/it]
Task 0, Epoch 14/20 => Loss 0.320, Train_accy 91.50:  65%|██████▌   | 13/20 [45:27<22:46, 195.25s/it]
Task 0, Epoch 14/20 => Loss 0.320, Train_accy 91.50:  70%|███████   | 14/20 [45:27<19:19, 193.25s/it]
Task 0, Epoch 15/20 => Loss 0.306, Train_accy 91.60:  70%|███████   | 14/20 [48:41<19:19, 193.25s/it]
Task 0, Epoch 15/20 => Loss 0.306, Train_accy 91.60:  75%|███████▌  | 15/20 [48:41<16:07, 193.50s/it]
Task 0, Epoch 16/20 => Loss 0.327, Train_accy 91.09:  75%|███████▌  | 15/20 [51:55<16:07, 193.50s/it]
Task 0, Epoch 16/20 => Loss 0.327, Train_accy 91.09:  80%|████████  | 16/20 [51:55<12:53, 193.47s/it]
Task 0, Epoch 17/20 => Loss 0.310, Train_accy 91.39:  80%|████████  | 16/20 [55:09<12:53, 193.47s/it]
Task 0, Epoch 17/20 => Loss 0.310, Train_accy 91.39:  85%|████████▌ | 17/20 [55:09<09:41, 193.82s/it]
Task 0, Epoch 18/20 => Loss 0.298, Train_accy 92.07:  85%|████████▌ | 17/20 [58:26<09:41, 193.82s/it]
Task 0, Epoch 18/20 => Loss 0.298, Train_accy 92.07:  90%|█████████ | 18/20 [58:26<06:29, 194.78s/it]
Task 0, Epoch 19/20 => Loss 0.291, Train_accy 92.31:  90%|█████████ | 18/20 [1:01:44<06:29, 194.78s/it]
Task 0, Epoch 19/20 => Loss 0.291, Train_accy 92.31:  95%|█████████▌| 19/20 [1:01:44<03:15, 195.73s/it]
Task 0, Epoch 20/20 => Loss 0.284, Train_accy 92.33:  95%|█████████▌| 19/20 [1:04:53<03:15, 195.73s/it]
Task 0, Epoch 20/20 => Loss 0.284, Train_accy 92.33: 100%|██████████| 20/20 [1:04:53<00:00, 193.59s/it]
Task 0, Epoch 20/20 => Loss 0.284, Train_accy 92.33: 100%|██████████| 20/20 [1:04:53<00:00, 194.66s/it]
2025-12-23 22:27:25,559 [inflora.py] => Task 0, Epoch 20/20 => Loss 0.284, Train_accy 92.33
Threshold:  0.95
Layer 1 - Projection Matrix shape: torch.Size([768, 768])
Layer 2 - Projection Matrix shape: torch.Size([768, 768])
Layer 3 - Projection Matrix shape: torch.Size([768, 768])
Layer 4 - Projection Matrix shape: torch.Size([768, 768])
Layer 5 - Projection Matrix shape: torch.Size([768, 768])
Layer 6 - Projection Matrix shape: torch.Size([768, 768])
Layer 7 - Projection Matrix shape: torch.Size([768, 768])
Layer 8 - Projection Matrix shape: torch.Size([768, 768])
Layer 9 - Projection Matrix shape: torch.Size([768, 768])
Layer 10 - Projection Matrix shape: torch.Size([768, 768])
Layer 11 - Projection Matrix shape: torch.Size([768, 768])
Layer 12 - Projection Matrix shape: torch.Size([768, 768])
2025-12-23 22:32:05,340 [inflora.py] => Exemplar size: 0
2025-12-23 22:32:05,364 [trainer.py] => CNN: {'total': 90.69, '00-99': 90.69, '100-104': 96.0, '105-109': 80.0, '110-114': 88.0, '115-119': 68.0, '120-124': 84.0, '125-129': 72.0, '130-134': 80.0, '135-139': 88.0, '140-144': 76.0, '145-149': 92.0, '150-154': 80.0, '155-159': 96.0, '160-164': 88.0, '165-169': 72.0, '170-174': 84.0, '175-179': 92.0, '180-184': 68.0, '185-189': 96.0, '190-194': 88.0, '195-199': 96.0, 'old': 0, 'new': 90.69}
2025-12-23 22:32:05,365 [trainer.py] => CNN top1 curve: [90.69]
2025-12-23 22:32:05,365 [trainer.py] => Average Accuracy (CNN): 90.69
2025-12-23 22:32:05,369 [trainer.py] => All params: 102451025
2025-12-23 22:32:05,372 [trainer.py] => Trainable params: 261220
2025-12-23 22:32:05,372 [inflora.py] => Learning on 100-105

  0%|          | 0/10 [00:00<?, ?it/s]
Task 1, Epoch 1/10 => Loss 6.203, Train_accy 0.00:   0%|          | 0/10 [00:02<?, ?it/s]
Task 1, Epoch 1/10 => Loss 6.203, Train_accy 0.00:  10%|█         | 1/10 [00:02<00:21,  2.44s/it]
Task 1, Epoch 2/10 => Loss 4.486, Train_accy 8.00:  10%|█         | 1/10 [00:04<00:21,  2.44s/it]
Task 1, Epoch 2/10 => Loss 4.486, Train_accy 8.00:  20%|██        | 2/10 [00:04<00:15,  1.94s/it]
Task 1, Epoch 3/10 => Loss 3.262, Train_accy 24.00:  20%|██        | 2/10 [00:05<00:15,  1.94s/it]
Task 1, Epoch 3/10 => Loss 3.262, Train_accy 24.00:  30%|███       | 3/10 [00:05<00:12,  1.85s/it]
Task 1, Epoch 4/10 => Loss 2.119, Train_accy 48.00:  30%|███       | 3/10 [00:07<00:12,  1.85s/it]
Task 1, Epoch 4/10 => Loss 2.119, Train_accy 48.00:  40%|████      | 4/10 [00:07<00:10,  1.77s/it]
Task 1, Epoch 5/10 => Loss 1.117, Train_accy 76.00:  40%|████      | 4/10 [00:09<00:10,  1.77s/it]
Task 1, Epoch 5/10 => Loss 1.117, Train_accy 76.00:  50%|█████     | 5/10 [00:09<00:08,  1.78s/it]
Task 1, Epoch 6/10 => Loss 0.700, Train_accy 92.00:  50%|█████     | 5/10 [00:11<00:08,  1.78s/it]
Task 1, Epoch 6/10 => Loss 0.700, Train_accy 92.00:  60%|██████    | 6/10 [00:11<00:07,  1.79s/it]
Task 1, Epoch 7/10 => Loss 0.307, Train_accy 92.00:  60%|██████    | 6/10 [00:12<00:07,  1.79s/it]
Task 1, Epoch 7/10 => Loss 0.307, Train_accy 92.00:  70%|███████   | 7/10 [00:12<00:05,  1.80s/it]
Task 1, Epoch 8/10 => Loss 0.558, Train_accy 92.00:  70%|███████   | 7/10 [00:14<00:05,  1.80s/it]
Task 1, Epoch 8/10 => Loss 0.558, Train_accy 92.00:  80%|████████  | 8/10 [00:14<00:03,  1.89s/it]
Task 1, Epoch 9/10 => Loss 0.149, Train_accy 100.00:  80%|████████  | 8/10 [00:16<00:03,  1.89s/it]
Task 1, Epoch 9/10 => Loss 0.149, Train_accy 100.00:  90%|█████████ | 9/10 [00:16<00:01,  1.87s/it]
Task 1, Epoch 10/10 => Loss 0.272, Train_accy 96.00:  90%|█████████ | 9/10 [00:18<00:01,  1.87s/it]
Task 1, Epoch 10/10 => Loss 0.272, Train_accy 96.00: 100%|██████████| 10/10 [00:18<00:00,  1.91s/it]
Task 1, Epoch 10/10 => Loss 0.272, Train_accy 96.00: 100%|██████████| 10/10 [00:18<00:00,  1.88s/it]
2025-12-23 22:42:42,322 [inflora.py] => Task 1, Epoch 10/10 => Loss 0.272, Train_accy 96.00
Threshold:  0.9523809523809523
Layer 1 - Projection Matrix shape: torch.Size([768, 768])
Layer 2 - Projection Matrix shape: torch.Size([768, 768])
Layer 3 - Projection Matrix shape: torch.Size([768, 768])
Layer 4 - Projection Matrix shape: torch.Size([768, 768])
Layer 5 - Projection Matrix shape: torch.Size([768, 768])
Layer 6 - Projection Matrix shape: torch.Size([768, 768])
Layer 7 - Projection Matrix shape: torch.Size([768, 768])
Layer 8 - Projection Matrix shape: torch.Size([768, 768])
Layer 9 - Projection Matrix shape: torch.Size([768, 768])
Layer 10 - Projection Matrix shape: torch.Size([768, 768])
Layer 11 - Projection Matrix shape: torch.Size([768, 768])
Layer 12 - Projection Matrix shape: torch.Size([768, 768])
2025-12-23 22:44:49,767 [inflora.py] => Exemplar size: 0
2025-12-23 22:44:49,779 [trainer.py] => CNN: {'total': 88.34, '00-99': 90.86, '100-104': 25.53, '105-109': 96.0, '110-114': 92.0, '115-119': 88.0, '120-124': 84.0, '125-129': 68.0, '130-134': 80.0, '135-139': 92.0, '140-144': 80.0, '145-149': 88.0, '150-154': 92.0, '155-159': 72.0, '160-164': 92.0, '165-169': 68.0, '170-174': 84.0, '175-179': 84.0, '180-184': 88.0, '185-189': 92.0, '190-194': 88.0, '195-199': 88.0, 'old': 90.86, 'new': 25.53}
2025-12-23 22:44:49,779 [trainer.py] => CNN top1 curve: [90.69, 88.34]
2025-12-23 22:44:49,779 [trainer.py] => Average Accuracy (CNN): 89.52
2025-12-23 22:44:49,783 [trainer.py] => All params: 102451025
2025-12-23 22:44:49,786 [trainer.py] => Trainable params: 2873420
2025-12-23 22:44:49,787 [inflora.py] => Learning on 105-110

  0%|          | 0/10 [00:00<?, ?it/s]
Task 2, Epoch 1/10 => Loss 5.565, Train_accy 0.00:   0%|          | 0/10 [00:02<?, ?it/s]
Task 2, Epoch 1/10 => Loss 5.565, Train_accy 0.00:  10%|█         | 1/10 [00:02<00:20,  2.29s/it]
Task 2, Epoch 2/10 => Loss 4.127, Train_accy 4.00:  10%|█         | 1/10 [00:03<00:20,  2.29s/it]
Task 2, Epoch 2/10 => Loss 4.127, Train_accy 4.00:  20%|██        | 2/10 [00:03<00:15,  1.94s/it]
Task 2, Epoch 3/10 => Loss 2.603, Train_accy 48.00:  20%|██        | 2/10 [00:05<00:15,  1.94s/it]
Task 2, Epoch 3/10 => Loss 2.603, Train_accy 48.00:  30%|███       | 3/10 [00:05<00:13,  1.93s/it]
Task 2, Epoch 4/10 => Loss 2.039, Train_accy 64.00:  30%|███       | 3/10 [00:07<00:13,  1.93s/it]
Task 2, Epoch 4/10 => Loss 2.039, Train_accy 64.00:  40%|████      | 4/10 [00:07<00:11,  1.94s/it]
Task 2, Epoch 5/10 => Loss 1.028, Train_accy 80.00:  40%|████      | 4/10 [00:09<00:11,  1.94s/it]
Task 2, Epoch 5/10 => Loss 1.028, Train_accy 80.00:  50%|█████     | 5/10 [00:09<00:09,  1.94s/it]
Task 2, Epoch 6/10 => Loss 0.617, Train_accy 92.00:  50%|█████     | 5/10 [00:11<00:09,  1.94s/it]
Task 2, Epoch 6/10 => Loss 0.617, Train_accy 92.00:  60%|██████    | 6/10 [00:11<00:07,  1.93s/it]
Task 2, Epoch 7/10 => Loss 0.477, Train_accy 96.00:  60%|██████    | 6/10 [00:13<00:07,  1.93s/it]
Task 2, Epoch 7/10 => Loss 0.477, Train_accy 96.00:  70%|███████   | 7/10 [00:13<00:05,  1.89s/it]
Task 2, Epoch 8/10 => Loss 0.515, Train_accy 92.00:  70%|███████   | 7/10 [00:15<00:05,  1.89s/it]
Task 2, Epoch 8/10 => Loss 0.515, Train_accy 92.00:  80%|████████  | 8/10 [00:15<00:03,  1.92s/it]
Task 2, Epoch 9/10 => Loss 0.200, Train_accy 96.00:  80%|████████  | 8/10 [00:17<00:03,  1.92s/it]
Task 2, Epoch 9/10 => Loss 0.200, Train_accy 96.00:  90%|█████████ | 9/10 [00:17<00:01,  1.98s/it]
Task 2, Epoch 10/10 => Loss 0.245, Train_accy 96.00:  90%|█████████ | 9/10 [00:19<00:01,  1.98s/it]
Task 2, Epoch 10/10 => Loss 0.245, Train_accy 96.00: 100%|██████████| 10/10 [00:19<00:00,  2.02s/it]
Task 2, Epoch 10/10 => Loss 0.245, Train_accy 96.00: 100%|██████████| 10/10 [00:19<00:00,  1.97s/it]
2025-12-23 22:55:25,054 [inflora.py] => Task 2, Epoch 10/10 => Loss 0.245, Train_accy 96.00
Threshold:  0.9547619047619047
Skip Updating DualGPM for layer: 1
Skip Updating DualGPM for layer: 2
Layer 1 - Projection Matrix shape: torch.Size([768, 768])
Layer 2 - Projection Matrix shape: torch.Size([768, 768])
Layer 3 - Projection Matrix shape: torch.Size([768, 768])
Layer 4 - Projection Matrix shape: torch.Size([768, 768])
Layer 5 - Projection Matrix shape: torch.Size([768, 768])
Layer 6 - Projection Matrix shape: torch.Size([768, 768])
Layer 7 - Projection Matrix shape: torch.Size([768, 768])
Layer 8 - Projection Matrix shape: torch.Size([768, 768])
Layer 9 - Projection Matrix shape: torch.Size([768, 768])
Layer 10 - Projection Matrix shape: torch.Size([768, 768])
Layer 11 - Projection Matrix shape: torch.Size([768, 768])
Layer 12 - Projection Matrix shape: torch.Size([768, 768])
2025-12-23 22:57:43,567 [inflora.py] => Exemplar size: 0
2025-12-23 22:57:43,594 [trainer.py] => CNN: {'total': 84.41, '00-99': 90.52, '100-104': 25.53, '105-109': 0.0, '110-114': 92.0, '115-119': 80.0, '120-124': 92.0, '125-129': 76.0, '130-134': 88.0, '135-139': 84.0, '140-144': 92.0, '145-149': 84.0, '150-154': 80.0, '155-159': 96.0, '160-164': 88.0, '165-169': 80.0, '170-174': 76.0, '175-179': 76.0, '180-184': 96.0, '185-189': 92.0, '190-194': 92.0, '195-199': 100.0, 'old': 88.01, 'new': 0.0}
2025-12-23 22:57:43,594 [trainer.py] => CNN top1 curve: [90.69, 88.34, 84.41]
2025-12-23 22:57:43,594 [trainer.py] => Average Accuracy (CNN): 87.81
2025-12-23 22:57:43,598 [trainer.py] => All params: 102451025
2025-12-23 22:57:43,602 [trainer.py] => Trainable params: 522440
2025-12-23 22:57:43,602 [inflora.py] => Learning on 110-115

  0%|          | 0/10 [00:00<?, ?it/s]
Task 3, Epoch 1/10 => Loss 6.793, Train_accy 4.00:   0%|          | 0/10 [00:02<?, ?it/s]
Task 3, Epoch 1/10 => Loss 6.793, Train_accy 4.00:  10%|█         | 1/10 [00:02<00:18,  2.07s/it]
Task 3, Epoch 2/10 => Loss 5.021, Train_accy 0.00:  10%|█         | 1/10 [00:03<00:18,  2.07s/it]
Task 3, Epoch 2/10 => Loss 5.021, Train_accy 0.00:  20%|██        | 2/10 [00:03<00:15,  1.91s/it]
Task 3, Epoch 3/10 => Loss 3.857, Train_accy 24.00:  20%|██        | 2/10 [00:05<00:15,  1.91s/it]
Task 3, Epoch 3/10 => Loss 3.857, Train_accy 24.00:  30%|███       | 3/10 [00:05<00:13,  1.99s/it]
Task 3, Epoch 4/10 => Loss 2.366, Train_accy 48.00:  30%|███       | 3/10 [00:07<00:13,  1.99s/it]
Task 3, Epoch 4/10 => Loss 2.366, Train_accy 48.00:  40%|████      | 4/10 [00:07<00:11,  1.98s/it]
Task 3, Epoch 5/10 => Loss 1.647, Train_accy 60.00:  40%|████      | 4/10 [00:09<00:11,  1.98s/it]
Task 3, Epoch 5/10 => Loss 1.647, Train_accy 60.00:  50%|█████     | 5/10 [00:09<00:09,  1.90s/it]
Task 3, Epoch 6/10 => Loss 1.399, Train_accy 52.00:  50%|█████     | 5/10 [00:11<00:09,  1.90s/it]
Task 3, Epoch 6/10 => Loss 1.399, Train_accy 52.00:  60%|██████    | 6/10 [00:11<00:07,  1.94s/it]
Task 3, Epoch 7/10 => Loss 0.742, Train_accy 76.00:  60%|██████    | 6/10 [00:13<00:07,  1.94s/it]
Task 3, Epoch 7/10 => Loss 0.742, Train_accy 76.00:  70%|███████   | 7/10 [00:13<00:05,  1.97s/it]
Task 3, Epoch 8/10 => Loss 0.869, Train_accy 84.00:  70%|███████   | 7/10 [00:15<00:05,  1.97s/it]
Task 3, Epoch 8/10 => Loss 0.869, Train_accy 84.00:  80%|████████  | 8/10 [00:15<00:03,  1.93s/it]
Task 3, Epoch 9/10 => Loss 0.792, Train_accy 76.00:  80%|████████  | 8/10 [00:17<00:03,  1.93s/it]
Task 3, Epoch 9/10 => Loss 0.792, Train_accy 76.00:  90%|█████████ | 9/10 [00:17<00:01,  1.90s/it]
Task 3, Epoch 10/10 => Loss 0.530, Train_accy 80.00:  90%|█████████ | 9/10 [00:19<00:01,  1.90s/it]
Task 3, Epoch 10/10 => Loss 0.530, Train_accy 80.00: 100%|██████████| 10/10 [00:19<00:00,  1.87s/it]
Task 3, Epoch 10/10 => Loss 0.530, Train_accy 80.00: 100%|██████████| 10/10 [00:19<00:00,  1.92s/it]
2025-12-23 23:08:41,096 [inflora.py] => Task 3, Epoch 10/10 => Loss 0.530, Train_accy 80.00
Threshold:  0.9571428571428571
Skip Updating DualGPM for layer: 1
Skip Updating DualGPM for layer: 2
Layer 1 - Projection Matrix shape: torch.Size([768, 768])
Layer 2 - Projection Matrix shape: torch.Size([768, 768])
Layer 3 - Projection Matrix shape: torch.Size([768, 768])
Layer 4 - Projection Matrix shape: torch.Size([768, 768])
Layer 5 - Projection Matrix shape: torch.Size([768, 768])
Layer 6 - Projection Matrix shape: torch.Size([768, 768])
Layer 7 - Projection Matrix shape: torch.Size([768, 768])
Layer 8 - Projection Matrix shape: torch.Size([768, 768])
Layer 9 - Projection Matrix shape: torch.Size([768, 768])
Layer 10 - Projection Matrix shape: torch.Size([768, 768])
Layer 11 - Projection Matrix shape: torch.Size([768, 768])
Layer 12 - Projection Matrix shape: torch.Size([768, 768])
2025-12-23 23:10:31,638 [inflora.py] => Exemplar size: 0
2025-12-23 23:10:31,666 [trainer.py] => CNN: {'total': 80.71, '00-99': 90.52, '100-104': 23.4, '105-109': 0.0, '110-114': 0.0, '115-119': 92.0, '120-124': 84.0, '125-129': 80.0, '130-134': 84.0, '135-139': 92.0, '140-144': 60.0, '145-149': 92.0, '150-154': 80.0, '155-159': 80.0, '160-164': 80.0, '165-169': 84.0, '170-174': 80.0, '175-179': 100.0, '180-184': 84.0, '185-189': 92.0, '190-194': 100.0, '195-199': 96.0, 'old': 84.33, 'new': 0.0}
2025-12-23 23:10:31,667 [trainer.py] => CNN top1 curve: [90.69, 88.34, 84.41, 80.71]
2025-12-23 23:10:31,667 [trainer.py] => Average Accuracy (CNN): 86.04
2025-12-23 23:10:31,675 [trainer.py] => All params: 102451025
2025-12-23 23:10:31,678 [trainer.py] => Trainable params: 261220
2025-12-23 23:10:31,679 [inflora.py] => Learning on 115-120

  0%|          | 0/10 [00:00<?, ?it/s]
Task 4, Epoch 1/10 => Loss 5.636, Train_accy 8.00:   0%|          | 0/10 [00:02<?, ?it/s]
Task 4, Epoch 1/10 => Loss 5.636, Train_accy 8.00:  10%|█         | 1/10 [00:02<00:18,  2.10s/it]
Task 4, Epoch 2/10 => Loss 4.077, Train_accy 20.00:  10%|█         | 1/10 [00:03<00:18,  2.10s/it]
Task 4, Epoch 2/10 => Loss 4.077, Train_accy 20.00:  20%|██        | 2/10 [00:03<00:15,  1.97s/it]
Task 4, Epoch 3/10 => Loss 2.947, Train_accy 28.00:  20%|██        | 2/10 [00:05<00:15,  1.97s/it]
Task 4, Epoch 3/10 => Loss 2.947, Train_accy 28.00:  30%|███       | 3/10 [00:05<00:13,  1.86s/it]
Task 4, Epoch 4/10 => Loss 1.986, Train_accy 52.00:  30%|███       | 3/10 [00:07<00:13,  1.86s/it]
Task 4, Epoch 4/10 => Loss 1.986, Train_accy 52.00:  40%|████      | 4/10 [00:07<00:11,  1.90s/it]
Task 4, Epoch 5/10 => Loss 1.469, Train_accy 60.00:  40%|████      | 4/10 [00:09<00:11,  1.90s/it]
Task 4, Epoch 5/10 => Loss 1.469, Train_accy 60.00:  50%|█████     | 5/10 [00:09<00:09,  1.91s/it]
Task 4, Epoch 6/10 => Loss 1.260, Train_accy 52.00:  50%|█████     | 5/10 [00:11<00:09,  1.91s/it]
Task 4, Epoch 6/10 => Loss 1.260, Train_accy 52.00:  60%|██████    | 6/10 [00:11<00:07,  1.90s/it]
Task 4, Epoch 7/10 => Loss 0.900, Train_accy 76.00:  60%|██████    | 6/10 [00:13<00:07,  1.90s/it]
Task 4, Epoch 7/10 => Loss 0.900, Train_accy 76.00:  70%|███████   | 7/10 [00:13<00:05,  1.87s/it]
Task 4, Epoch 8/10 => Loss 0.810, Train_accy 76.00:  70%|███████   | 7/10 [00:15<00:05,  1.87s/it]
Task 4, Epoch 8/10 => Loss 0.810, Train_accy 76.00:  80%|████████  | 8/10 [00:15<00:03,  1.86s/it]
Task 4, Epoch 9/10 => Loss 0.840, Train_accy 80.00:  80%|████████  | 8/10 [00:16<00:03,  1.86s/it]
Task 4, Epoch 9/10 => Loss 0.840, Train_accy 80.00:  90%|█████████ | 9/10 [00:16<00:01,  1.84s/it]
Task 4, Epoch 10/10 => Loss 0.367, Train_accy 96.00:  90%|█████████ | 9/10 [00:18<00:01,  1.84s/it]
Task 4, Epoch 10/10 => Loss 0.367, Train_accy 96.00: 100%|██████████| 10/10 [00:18<00:00,  1.82s/it]
Task 4, Epoch 10/10 => Loss 0.367, Train_accy 96.00: 100%|██████████| 10/10 [00:18<00:00,  1.87s/it]
2025-12-23 23:21:31,626 [inflora.py] => Task 4, Epoch 10/10 => Loss 0.367, Train_accy 96.00
Threshold:  0.9595238095238094
Skip Updating DualGPM for layer: 1
Layer 1 - Projection Matrix shape: torch.Size([768, 768])
Layer 2 - Projection Matrix shape: torch.Size([768, 768])
Layer 3 - Projection Matrix shape: torch.Size([768, 768])
Layer 4 - Projection Matrix shape: torch.Size([768, 768])
Layer 5 - Projection Matrix shape: torch.Size([768, 768])
Layer 6 - Projection Matrix shape: torch.Size([768, 768])
Layer 7 - Projection Matrix shape: torch.Size([768, 768])
Layer 8 - Projection Matrix shape: torch.Size([768, 768])
Layer 9 - Projection Matrix shape: torch.Size([768, 768])
Layer 10 - Projection Matrix shape: torch.Size([768, 768])
Layer 11 - Projection Matrix shape: torch.Size([768, 768])
Layer 12 - Projection Matrix shape: torch.Size([768, 768])
2025-12-23 23:23:39,530 [inflora.py] => Exemplar size: 0
2025-12-23 23:23:39,551 [trainer.py] => CNN: {'total': 76.88, '00-99': 90.44, '100-104': 25.53, '105-109': 0.0, '110-114': 0.0, '115-119': 0.0, '120-124': 84.0, '125-129': 76.0, '130-134': 80.0, '135-139': 88.0, '140-144': 84.0, '145-149': 96.0, '150-154': 84.0, '155-159': 92.0, '160-164': 84.0, '165-169': 76.0, '170-174': 88.0, '175-179': 92.0, '180-184': 96.0, '185-189': 84.0, '190-194': 80.0, '195-199': 72.0, 'old': 80.71, 'new': 0.0}
2025-12-23 23:23:39,551 [trainer.py] => CNN top1 curve: [90.69, 88.34, 84.41, 80.71, 76.88]
2025-12-23 23:23:39,551 [trainer.py] => Average Accuracy (CNN): 84.21
2025-12-23 23:23:39,555 [trainer.py] => All params: 102451025
2025-12-23 23:23:39,559 [trainer.py] => Trainable params: 261220
2025-12-23 23:23:39,559 [inflora.py] => Learning on 120-125

  0%|          | 0/10 [00:00<?, ?it/s]
Task 5, Epoch 1/10 => Loss 5.270, Train_accy 0.00:   0%|          | 0/10 [00:02<?, ?it/s]
Task 5, Epoch 1/10 => Loss 5.270, Train_accy 0.00:  10%|█         | 1/10 [00:02<00:20,  2.32s/it]
Task 5, Epoch 2/10 => Loss 4.148, Train_accy 8.00:  10%|█         | 1/10 [00:04<00:20,  2.32s/it]
Task 5, Epoch 2/10 => Loss 4.148, Train_accy 8.00:  20%|██        | 2/10 [00:04<00:17,  2.16s/it]
Task 5, Epoch 3/10 => Loss 2.765, Train_accy 32.00:  20%|██        | 2/10 [00:06<00:17,  2.16s/it]
Task 5, Epoch 3/10 => Loss 2.765, Train_accy 32.00:  30%|███       | 3/10 [00:06<00:14,  2.02s/it]
Task 5, Epoch 4/10 => Loss 2.596, Train_accy 36.00:  30%|███       | 3/10 [00:08<00:14,  2.02s/it]
Task 5, Epoch 4/10 => Loss 2.596, Train_accy 36.00:  40%|████      | 4/10 [00:08<00:11,  1.97s/it]
Task 5, Epoch 5/10 => Loss 1.850, Train_accy 48.00:  40%|████      | 4/10 [00:10<00:11,  1.97s/it]
Task 5, Epoch 5/10 => Loss 1.850, Train_accy 48.00:  50%|█████     | 5/10 [00:10<00:09,  1.96s/it]
Task 5, Epoch 6/10 => Loss 2.229, Train_accy 40.00:  50%|█████     | 5/10 [00:11<00:09,  1.96s/it]
Task 5, Epoch 6/10 => Loss 2.229, Train_accy 40.00:  60%|██████    | 6/10 [00:11<00:07,  1.94s/it]
Task 5, Epoch 7/10 => Loss 1.617, Train_accy 52.00:  60%|██████    | 6/10 [00:13<00:07,  1.94s/it]
Task 5, Epoch 7/10 => Loss 1.617, Train_accy 52.00:  70%|███████   | 7/10 [00:13<00:05,  1.87s/it]
Task 5, Epoch 8/10 => Loss 1.138, Train_accy 60.00:  70%|███████   | 7/10 [00:15<00:05,  1.87s/it]
Task 5, Epoch 8/10 => Loss 1.138, Train_accy 60.00:  80%|████████  | 8/10 [00:15<00:03,  1.86s/it]
Task 5, Epoch 9/10 => Loss 0.946, Train_accy 68.00:  80%|████████  | 8/10 [00:17<00:03,  1.86s/it]
Task 5, Epoch 9/10 => Loss 0.946, Train_accy 68.00:  90%|█████████ | 9/10 [00:17<00:01,  1.85s/it]
Task 5, Epoch 10/10 => Loss 0.873, Train_accy 72.00:  90%|█████████ | 9/10 [00:19<00:01,  1.85s/it]
Task 5, Epoch 10/10 => Loss 0.873, Train_accy 72.00: 100%|██████████| 10/10 [00:19<00:00,  1.86s/it]
Task 5, Epoch 10/10 => Loss 0.873, Train_accy 72.00: 100%|██████████| 10/10 [00:19<00:00,  1.92s/it]
2025-12-23 23:34:17,845 [inflora.py] => Task 5, Epoch 10/10 => Loss 0.873, Train_accy 72.00
Threshold:  0.9619047619047618
Skip Updating DualGPM for layer: 2
Layer 1 - Projection Matrix shape: torch.Size([768, 768])
Layer 2 - Projection Matrix shape: torch.Size([768, 768])
Layer 3 - Projection Matrix shape: torch.Size([768, 768])
Layer 4 - Projection Matrix shape: torch.Size([768, 768])
Layer 5 - Projection Matrix shape: torch.Size([768, 768])
Layer 6 - Projection Matrix shape: torch.Size([768, 768])
Layer 7 - Projection Matrix shape: torch.Size([768, 768])
Layer 8 - Projection Matrix shape: torch.Size([768, 768])
Layer 9 - Projection Matrix shape: torch.Size([768, 768])
Layer 10 - Projection Matrix shape: torch.Size([768, 768])
Layer 11 - Projection Matrix shape: torch.Size([768, 768])
Layer 12 - Projection Matrix shape: torch.Size([768, 768])
2025-12-23 23:36:02,253 [inflora.py] => Exemplar size: 0
2025-12-23 23:36:02,282 [trainer.py] => CNN: {'total': 74.13, '00-99': 90.35, '100-104': 23.4, '105-109': 0.0, '110-114': 0.0, '115-119': 0.0, '120-124': 0.0, '125-129': 72.0, '130-134': 88.0, '135-139': 96.0, '140-144': 76.0, '145-149': 84.0, '150-154': 84.0, '155-159': 84.0, '160-164': 96.0, '165-169': 76.0, '170-174': 92.0, '175-179': 92.0, '180-184': 92.0, '185-189': 92.0, '190-194': 92.0, '195-199': 88.0, 'old': 76.74, 'new': 0.0}
2025-12-23 23:36:02,283 [trainer.py] => CNN top1 curve: [90.69, 88.34, 84.41, 80.71, 76.88, 74.13]
2025-12-23 23:36:02,283 [trainer.py] => Average Accuracy (CNN): 82.53
2025-12-23 23:36:02,287 [trainer.py] => All params: 102451025
2025-12-23 23:36:02,290 [trainer.py] => Trainable params: 261220
2025-12-23 23:36:02,291 [inflora.py] => Learning on 125-130

  0%|          | 0/10 [00:00<?, ?it/s]
Task 6, Epoch 1/10 => Loss 6.438, Train_accy 4.00:   0%|          | 0/10 [00:02<?, ?it/s]
Task 6, Epoch 1/10 => Loss 6.438, Train_accy 4.00:  10%|█         | 1/10 [00:02<00:18,  2.09s/it]
Task 6, Epoch 2/10 => Loss 5.085, Train_accy 4.00:  10%|█         | 1/10 [00:04<00:18,  2.09s/it]
Task 6, Epoch 2/10 => Loss 5.085, Train_accy 4.00:  20%|██        | 2/10 [00:04<00:16,  2.05s/it]
Task 6, Epoch 3/10 => Loss 3.515, Train_accy 28.00:  20%|██        | 2/10 [00:06<00:16,  2.05s/it]
Task 6, Epoch 3/10 => Loss 3.515, Train_accy 28.00:  30%|███       | 3/10 [00:06<00:13,  1.99s/it]
Task 6, Epoch 4/10 => Loss 2.550, Train_accy 36.00:  30%|███       | 3/10 [00:08<00:13,  1.99s/it]
Task 6, Epoch 4/10 => Loss 2.550, Train_accy 36.00:  40%|████      | 4/10 [00:08<00:12,  2.06s/it]
Task 6, Epoch 5/10 => Loss 1.897, Train_accy 36.00:  40%|████      | 4/10 [00:10<00:12,  2.06s/it]
Task 6, Epoch 5/10 => Loss 1.897, Train_accy 36.00:  50%|█████     | 5/10 [00:10<00:10,  2.02s/it]
Task 6, Epoch 6/10 => Loss 1.306, Train_accy 60.00:  50%|█████     | 5/10 [00:11<00:10,  2.02s/it]
Task 6, Epoch 6/10 => Loss 1.306, Train_accy 60.00:  60%|██████    | 6/10 [00:11<00:07,  1.95s/it]
Task 6, Epoch 7/10 => Loss 0.925, Train_accy 76.00:  60%|██████    | 6/10 [00:13<00:07,  1.95s/it]
Task 6, Epoch 7/10 => Loss 0.925, Train_accy 76.00:  70%|███████   | 7/10 [00:13<00:05,  1.96s/it]
Task 6, Epoch 8/10 => Loss 1.151, Train_accy 60.00:  70%|███████   | 7/10 [00:15<00:05,  1.96s/it]
Task 6, Epoch 8/10 => Loss 1.151, Train_accy 60.00:  80%|████████  | 8/10 [00:15<00:03,  1.91s/it]
Task 6, Epoch 9/10 => Loss 0.985, Train_accy 80.00:  80%|████████  | 8/10 [00:17<00:03,  1.91s/it]
Task 6, Epoch 9/10 => Loss 0.985, Train_accy 80.00:  90%|█████████ | 9/10 [00:17<00:01,  1.92s/it]
Task 6, Epoch 10/10 => Loss 0.794, Train_accy 80.00:  90%|█████████ | 9/10 [00:19<00:01,  1.92s/it]
Task 6, Epoch 10/10 => Loss 0.794, Train_accy 80.00: 100%|██████████| 10/10 [00:19<00:00,  1.86s/it]
Task 6, Epoch 10/10 => Loss 0.794, Train_accy 80.00: 100%|██████████| 10/10 [00:19<00:00,  1.94s/it]
2025-12-23 23:46:00,180 [inflora.py] => Task 6, Epoch 10/10 => Loss 0.794, Train_accy 80.00
Threshold:  0.9642857142857143
Skip Updating DualGPM for layer: 1
Skip Updating DualGPM for layer: 2
Layer 1 - Projection Matrix shape: torch.Size([768, 768])
Layer 2 - Projection Matrix shape: torch.Size([768, 768])
Layer 3 - Projection Matrix shape: torch.Size([768, 768])
Layer 4 - Projection Matrix shape: torch.Size([768, 768])
Layer 5 - Projection Matrix shape: torch.Size([768, 768])
Layer 6 - Projection Matrix shape: torch.Size([768, 768])
Layer 7 - Projection Matrix shape: torch.Size([768, 768])
Layer 8 - Projection Matrix shape: torch.Size([768, 768])
Layer 9 - Projection Matrix shape: torch.Size([768, 768])
Layer 10 - Projection Matrix shape: torch.Size([768, 768])
Layer 11 - Projection Matrix shape: torch.Size([768, 768])
Layer 12 - Projection Matrix shape: torch.Size([768, 768])
2025-12-23 23:47:59,725 [inflora.py] => Exemplar size: 0
2025-12-23 23:47:59,750 [trainer.py] => CNN: {'total': 70.9, '00-99': 90.26, '100-104': 21.28, '105-109': 0.0, '110-114': 0.0, '115-119': 0.0, '120-124': 0.0, '125-129': 0.0, '130-134': 92.0, '135-139': 92.0, '140-144': 76.0, '145-149': 84.0, '150-154': 92.0, '155-159': 92.0, '160-164': 92.0, '165-169': 80.0, '170-174': 92.0, '175-179': 92.0, '180-184': 88.0, '185-189': 84.0, '190-194': 88.0, '195-199': 96.0, 'old': 73.99, 'new': 0.0}
2025-12-23 23:47:59,750 [trainer.py] => CNN top1 curve: [90.69, 88.34, 84.41, 80.71, 76.88, 74.13, 70.9]
2025-12-23 23:47:59,750 [trainer.py] => Average Accuracy (CNN): 80.87
2025-12-23 23:47:59,755 [trainer.py] => All params: 102451025
2025-12-23 23:47:59,760 [trainer.py] => Trainable params: 261220
2025-12-23 23:47:59,760 [inflora.py] => Learning on 130-135

  0%|          | 0/10 [00:00<?, ?it/s]
Task 7, Epoch 1/10 => Loss 5.500, Train_accy 0.00:   0%|          | 0/10 [00:02<?, ?it/s]
Task 7, Epoch 1/10 => Loss 5.500, Train_accy 0.00:  10%|█         | 1/10 [00:02<00:21,  2.37s/it]
Task 7, Epoch 2/10 => Loss 3.931, Train_accy 8.00:  10%|█         | 1/10 [00:04<00:21,  2.37s/it]
Task 7, Epoch 2/10 => Loss 3.931, Train_accy 8.00:  20%|██        | 2/10 [00:04<00:15,  1.97s/it]
Task 7, Epoch 3/10 => Loss 2.913, Train_accy 36.00:  20%|██        | 2/10 [00:05<00:15,  1.97s/it]
Task 7, Epoch 3/10 => Loss 2.913, Train_accy 36.00:  30%|███       | 3/10 [00:05<00:13,  1.92s/it]
Task 7, Epoch 4/10 => Loss 2.112, Train_accy 52.00:  30%|███       | 3/10 [00:07<00:13,  1.92s/it]
Task 7, Epoch 4/10 => Loss 2.112, Train_accy 52.00:  40%|████      | 4/10 [00:07<00:11,  1.89s/it]
Task 7, Epoch 5/10 => Loss 1.527, Train_accy 64.00:  40%|████      | 4/10 [00:09<00:11,  1.89s/it]
Task 7, Epoch 5/10 => Loss 1.527, Train_accy 64.00:  50%|█████     | 5/10 [00:09<00:09,  1.89s/it]
Task 7, Epoch 6/10 => Loss 0.757, Train_accy 80.00:  50%|█████     | 5/10 [00:11<00:09,  1.89s/it]
Task 7, Epoch 6/10 => Loss 0.757, Train_accy 80.00:  60%|██████    | 6/10 [00:11<00:07,  1.92s/it]
Task 7, Epoch 7/10 => Loss 0.576, Train_accy 80.00:  60%|██████    | 6/10 [00:13<00:07,  1.92s/it]
Task 7, Epoch 7/10 => Loss 0.576, Train_accy 80.00:  70%|███████   | 7/10 [00:13<00:05,  1.94s/it]
Task 7, Epoch 8/10 => Loss 0.510, Train_accy 84.00:  70%|███████   | 7/10 [00:15<00:05,  1.94s/it]
Task 7, Epoch 8/10 => Loss 0.510, Train_accy 84.00:  80%|████████  | 8/10 [00:15<00:03,  1.93s/it]
Task 7, Epoch 9/10 => Loss 0.659, Train_accy 84.00:  80%|████████  | 8/10 [00:17<00:03,  1.93s/it]
Task 7, Epoch 9/10 => Loss 0.659, Train_accy 84.00:  90%|█████████ | 9/10 [00:17<00:01,  1.85s/it]
Task 7, Epoch 10/10 => Loss 0.480, Train_accy 88.00:  90%|█████████ | 9/10 [00:19<00:01,  1.85s/it]
Task 7, Epoch 10/10 => Loss 0.480, Train_accy 88.00: 100%|██████████| 10/10 [00:19<00:00,  1.85s/it]
Task 7, Epoch 10/10 => Loss 0.480, Train_accy 88.00: 100%|██████████| 10/10 [00:19<00:00,  1.90s/it]
2025-12-23 23:57:36,502 [inflora.py] => Task 7, Epoch 10/10 => Loss 0.480, Train_accy 88.00
Threshold:  0.9666666666666667
Skip Updating DualGPM for layer: 1
Skip Updating DualGPM for layer: 2
Skip Updating DualGPM for layer: 3
Layer 1 - Projection Matrix shape: torch.Size([768, 768])
Layer 2 - Projection Matrix shape: torch.Size([768, 768])
Layer 3 - Projection Matrix shape: torch.Size([768, 768])
Layer 4 - Projection Matrix shape: torch.Size([768, 768])
Layer 5 - Projection Matrix shape: torch.Size([768, 768])
Layer 6 - Projection Matrix shape: torch.Size([768, 768])
Layer 7 - Projection Matrix shape: torch.Size([768, 768])
Layer 8 - Projection Matrix shape: torch.Size([768, 768])
Layer 9 - Projection Matrix shape: torch.Size([768, 768])
Layer 10 - Projection Matrix shape: torch.Size([768, 768])
Layer 11 - Projection Matrix shape: torch.Size([768, 768])
Layer 12 - Projection Matrix shape: torch.Size([768, 768])
2025-12-23 23:59:24,287 [inflora.py] => Exemplar size: 0
2025-12-23 23:59:24,315 [trainer.py] => CNN: {'total': 67.81, '00-99': 90.61, '100-104': 23.4, '105-109': 0.0, '110-114': 0.0, '115-119': 0.0, '120-124': 0.0, '125-129': 0.0, '130-134': 0.0, '135-139': 100.0, '140-144': 76.0, '145-149': 96.0, '150-154': 68.0, '155-159': 84.0, '160-164': 96.0, '165-169': 72.0, '170-174': 84.0, '175-179': 92.0, '180-184': 84.0, '185-189': 96.0, '190-194': 80.0, '195-199': 76.0, 'old': 71.23, 'new': 0.0}
2025-12-23 23:59:24,316 [trainer.py] => CNN top1 curve: [90.69, 88.34, 84.41, 80.71, 76.88, 74.13, 70.9, 67.81]
2025-12-23 23:59:24,316 [trainer.py] => Average Accuracy (CNN): 79.23
2025-12-23 23:59:24,320 [trainer.py] => All params: 102451025
2025-12-23 23:59:24,323 [trainer.py] => Trainable params: 261220
2025-12-23 23:59:24,323 [inflora.py] => Learning on 135-140

  0%|          | 0/10 [00:00<?, ?it/s]
Task 8, Epoch 1/10 => Loss 4.776, Train_accy 0.00:   0%|          | 0/10 [00:02<?, ?it/s]
Task 8, Epoch 1/10 => Loss 4.776, Train_accy 0.00:  10%|█         | 1/10 [00:02<00:20,  2.31s/it]
Task 8, Epoch 2/10 => Loss 3.543, Train_accy 8.00:  10%|█         | 1/10 [00:04<00:20,  2.31s/it]
Task 8, Epoch 2/10 => Loss 3.543, Train_accy 8.00:  20%|██        | 2/10 [00:04<00:15,  1.98s/it]
Task 8, Epoch 3/10 => Loss 2.337, Train_accy 28.00:  20%|██        | 2/10 [00:05<00:15,  1.98s/it]
Task 8, Epoch 3/10 => Loss 2.337, Train_accy 28.00:  30%|███       | 3/10 [00:05<00:13,  1.94s/it]
Task 8, Epoch 4/10 => Loss 1.847, Train_accy 44.00:  30%|███       | 3/10 [00:07<00:13,  1.94s/it]
Task 8, Epoch 4/10 => Loss 1.847, Train_accy 44.00:  40%|████      | 4/10 [00:07<00:11,  1.88s/it]
Task 8, Epoch 5/10 => Loss 1.125, Train_accy 60.00:  40%|████      | 4/10 [00:09<00:11,  1.88s/it]
Task 8, Epoch 5/10 => Loss 1.125, Train_accy 60.00:  50%|█████     | 5/10 [00:09<00:09,  1.86s/it]
Task 8, Epoch 6/10 => Loss 1.021, Train_accy 64.00:  50%|█████     | 5/10 [00:11<00:09,  1.86s/it]
Task 8, Epoch 6/10 => Loss 1.021, Train_accy 64.00:  60%|██████    | 6/10 [00:11<00:07,  1.91s/it]
Task 8, Epoch 7/10 => Loss 0.720, Train_accy 76.00:  60%|██████    | 6/10 [00:13<00:07,  1.91s/it]
Task 8, Epoch 7/10 => Loss 0.720, Train_accy 76.00:  70%|███████   | 7/10 [00:13<00:05,  1.87s/it]
Task 8, Epoch 8/10 => Loss 0.470, Train_accy 84.00:  70%|███████   | 7/10 [00:15<00:05,  1.87s/it]
Task 8, Epoch 8/10 => Loss 0.470, Train_accy 84.00:  80%|████████  | 8/10 [00:15<00:03,  1.90s/it]
Task 8, Epoch 9/10 => Loss 0.452, Train_accy 96.00:  80%|████████  | 8/10 [00:17<00:03,  1.90s/it]
Task 8, Epoch 9/10 => Loss 0.452, Train_accy 96.00:  90%|█████████ | 9/10 [00:17<00:01,  1.93s/it]
Task 8, Epoch 10/10 => Loss 0.520, Train_accy 92.00:  90%|█████████ | 9/10 [00:19<00:01,  1.93s/it]
Task 8, Epoch 10/10 => Loss 0.520, Train_accy 92.00: 100%|██████████| 10/10 [00:19<00:00,  1.91s/it]
Task 8, Epoch 10/10 => Loss 0.520, Train_accy 92.00: 100%|██████████| 10/10 [00:19<00:00,  1.92s/it]
2025-12-24 00:09:26,666 [inflora.py] => Task 8, Epoch 10/10 => Loss 0.520, Train_accy 92.00
Threshold:  0.969047619047619
Skip Updating DualGPM for layer: 1
Skip Updating DualGPM for layer: 2
Layer 1 - Projection Matrix shape: torch.Size([768, 768])
Layer 2 - Projection Matrix shape: torch.Size([768, 768])
Layer 3 - Projection Matrix shape: torch.Size([768, 768])
Layer 4 - Projection Matrix shape: torch.Size([768, 768])
Layer 5 - Projection Matrix shape: torch.Size([768, 768])
Layer 6 - Projection Matrix shape: torch.Size([768, 768])
Layer 7 - Projection Matrix shape: torch.Size([768, 768])
Layer 8 - Projection Matrix shape: torch.Size([768, 768])
Layer 9 - Projection Matrix shape: torch.Size([768, 768])
Layer 10 - Projection Matrix shape: torch.Size([768, 768])
Layer 11 - Projection Matrix shape: torch.Size([768, 768])
Layer 12 - Projection Matrix shape: torch.Size([768, 768])
2025-12-24 00:11:24,837 [inflora.py] => Exemplar size: 0
2025-12-24 00:11:24,843 [trainer.py] => CNN: {'total': 65.44, '00-99': 90.44, '100-104': 23.4, '105-109': 0.0, '110-114': 0.0, '115-119': 0.0, '120-124': 0.0, '125-129': 0.0, '130-134': 0.0, '135-139': 0.0, '140-144': 64.0, '145-149': 96.0, '150-154': 88.0, '155-159': 88.0, '160-164': 80.0, '165-169': 80.0, '170-174': 80.0, '175-179': 92.0, '180-184': 72.0, '185-189': 92.0, '190-194': 92.0, '195-199': 88.0, 'old': 67.68, 'new': 0.0}
2025-12-24 00:11:24,843 [trainer.py] => CNN top1 curve: [90.69, 88.34, 84.41, 80.71, 76.88, 74.13, 70.9, 67.81, 65.44]
2025-12-24 00:11:24,843 [trainer.py] => Average Accuracy (CNN): 77.70
2025-12-24 00:11:24,850 [trainer.py] => All params: 102451025
2025-12-24 00:11:24,853 [trainer.py] => Trainable params: 261220
2025-12-24 00:11:24,853 [inflora.py] => Learning on 140-145

  0%|          | 0/10 [00:00<?, ?it/s]
Task 9, Epoch 1/10 => Loss 4.746, Train_accy 4.00:   0%|          | 0/10 [00:02<?, ?it/s]
Task 9, Epoch 1/10 => Loss 4.746, Train_accy 4.00:  10%|█         | 1/10 [00:02<00:21,  2.39s/it]
Task 9, Epoch 2/10 => Loss 3.643, Train_accy 16.00:  10%|█         | 1/10 [00:04<00:21,  2.39s/it]
Task 9, Epoch 2/10 => Loss 3.643, Train_accy 16.00:  20%|██        | 2/10 [00:04<00:17,  2.15s/it]
Task 9, Epoch 3/10 => Loss 2.217, Train_accy 36.00:  20%|██        | 2/10 [00:06<00:17,  2.15s/it]
Task 9, Epoch 3/10 => Loss 2.217, Train_accy 36.00:  30%|███       | 3/10 [00:06<00:13,  1.99s/it]
Task 9, Epoch 4/10 => Loss 1.913, Train_accy 48.00:  30%|███       | 3/10 [00:08<00:13,  1.99s/it]
Task 9, Epoch 4/10 => Loss 1.913, Train_accy 48.00:  40%|████      | 4/10 [00:08<00:11,  1.93s/it]
Task 9, Epoch 5/10 => Loss 1.329, Train_accy 52.00:  40%|████      | 4/10 [00:09<00:11,  1.93s/it]
Task 9, Epoch 5/10 => Loss 1.329, Train_accy 52.00:  50%|█████     | 5/10 [00:09<00:09,  1.92s/it]
Task 9, Epoch 6/10 => Loss 1.418, Train_accy 44.00:  50%|█████     | 5/10 [00:11<00:09,  1.92s/it]
Task 9, Epoch 6/10 => Loss 1.418, Train_accy 44.00:  60%|██████    | 6/10 [00:11<00:07,  1.82s/it]
Task 9, Epoch 7/10 => Loss 1.234, Train_accy 52.00:  60%|██████    | 6/10 [00:13<00:07,  1.82s/it]
Task 9, Epoch 7/10 => Loss 1.234, Train_accy 52.00:  70%|███████   | 7/10 [00:13<00:05,  1.88s/it]
Task 9, Epoch 8/10 => Loss 1.109, Train_accy 52.00:  70%|███████   | 7/10 [00:15<00:05,  1.88s/it]
Task 9, Epoch 8/10 => Loss 1.109, Train_accy 52.00:  80%|████████  | 8/10 [00:15<00:03,  1.87s/it]
Task 9, Epoch 9/10 => Loss 1.158, Train_accy 52.00:  80%|████████  | 8/10 [00:17<00:03,  1.87s/it]
Task 9, Epoch 9/10 => Loss 1.158, Train_accy 52.00:  90%|█████████ | 9/10 [00:17<00:01,  1.92s/it]
Task 9, Epoch 10/10 => Loss 0.928, Train_accy 60.00:  90%|█████████ | 9/10 [00:19<00:01,  1.92s/it]
Task 9, Epoch 10/10 => Loss 0.928, Train_accy 60.00: 100%|██████████| 10/10 [00:19<00:00,  1.89s/it]
Task 9, Epoch 10/10 => Loss 0.928, Train_accy 60.00: 100%|██████████| 10/10 [00:19<00:00,  1.92s/it]
2025-12-24 00:21:07,688 [inflora.py] => Task 9, Epoch 10/10 => Loss 0.928, Train_accy 60.00
Threshold:  0.9714285714285714
Skip Updating DualGPM for layer: 1
Skip Updating DualGPM for layer: 2
Skip Updating DualGPM for layer: 3
Layer 1 - Projection Matrix shape: torch.Size([768, 768])
Layer 2 - Projection Matrix shape: torch.Size([768, 768])
Layer 3 - Projection Matrix shape: torch.Size([768, 768])
Layer 4 - Projection Matrix shape: torch.Size([768, 768])
Layer 5 - Projection Matrix shape: torch.Size([768, 768])
Layer 6 - Projection Matrix shape: torch.Size([768, 768])
Layer 7 - Projection Matrix shape: torch.Size([768, 768])
Layer 8 - Projection Matrix shape: torch.Size([768, 768])
Layer 9 - Projection Matrix shape: torch.Size([768, 768])
Layer 10 - Projection Matrix shape: torch.Size([768, 768])
Layer 11 - Projection Matrix shape: torch.Size([768, 768])
Layer 12 - Projection Matrix shape: torch.Size([768, 768])
2025-12-24 00:23:08,024 [inflora.py] => Exemplar size: 0
2025-12-24 00:23:08,050 [trainer.py] => CNN: {'total': 63.5, '00-99': 90.61, '100-104': 19.15, '105-109': 0.0, '110-114': 0.0, '115-119': 0.0, '120-124': 0.0, '125-129': 0.0, '130-134': 0.0, '135-139': 0.0, '140-144': 0.0, '145-149': 96.0, '150-154': 76.0, '155-159': 84.0, '160-164': 92.0, '165-169': 60.0, '170-174': 84.0, '175-179': 92.0, '180-184': 92.0, '185-189': 92.0, '190-194': 96.0, '195-199': 80.0, 'old': 65.44, 'new': 0.0}
2025-12-24 00:23:08,050 [trainer.py] => CNN top1 curve: [90.69, 88.34, 84.41, 80.71, 76.88, 74.13, 70.9, 67.81, 65.44, 63.5]
2025-12-24 00:23:08,050 [trainer.py] => Average Accuracy (CNN): 76.28
2025-12-24 00:23:08,055 [trainer.py] => All params: 102451025
2025-12-24 00:23:08,060 [trainer.py] => Trainable params: 261220
2025-12-24 00:23:08,060 [inflora.py] => Learning on 145-150

  0%|          | 0/10 [00:00<?, ?it/s]
Task 10, Epoch 1/10 => Loss 6.267, Train_accy 0.00:   0%|          | 0/10 [00:02<?, ?it/s]
Task 10, Epoch 1/10 => Loss 6.267, Train_accy 0.00:  10%|█         | 1/10 [00:02<00:22,  2.47s/it]
Task 10, Epoch 2/10 => Loss 4.578, Train_accy 4.00:  10%|█         | 1/10 [00:04<00:22,  2.47s/it]
Task 10, Epoch 2/10 => Loss 4.578, Train_accy 4.00:  20%|██        | 2/10 [00:04<00:17,  2.14s/it]
Task 10, Epoch 3/10 => Loss 3.550, Train_accy 28.00:  20%|██        | 2/10 [00:06<00:17,  2.14s/it]
Task 10, Epoch 3/10 => Loss 3.550, Train_accy 28.00:  30%|███       | 3/10 [00:06<00:14,  2.05s/it]
Task 10, Epoch 4/10 => Loss 2.417, Train_accy 44.00:  30%|███       | 3/10 [00:08<00:14,  2.05s/it]
Task 10, Epoch 4/10 => Loss 2.417, Train_accy 44.00:  40%|████      | 4/10 [00:08<00:12,  2.01s/it]
Task 10, Epoch 5/10 => Loss 1.477, Train_accy 56.00:  40%|████      | 4/10 [00:10<00:12,  2.01s/it]
Task 10, Epoch 5/10 => Loss 1.477, Train_accy 56.00:  50%|█████     | 5/10 [00:10<00:09,  1.99s/it]
Task 10, Epoch 6/10 => Loss 1.468, Train_accy 56.00:  50%|█████     | 5/10 [00:11<00:09,  1.99s/it]
Task 10, Epoch 6/10 => Loss 1.468, Train_accy 56.00:  60%|██████    | 6/10 [00:11<00:07,  1.89s/it]
Task 10, Epoch 7/10 => Loss 0.479, Train_accy 88.00:  60%|██████    | 6/10 [00:13<00:07,  1.89s/it]
Task 10, Epoch 7/10 => Loss 0.479, Train_accy 88.00:  70%|███████   | 7/10 [00:13<00:05,  1.91s/it]
Task 10, Epoch 8/10 => Loss 0.671, Train_accy 84.00:  70%|███████   | 7/10 [00:15<00:05,  1.91s/it]
Task 10, Epoch 8/10 => Loss 0.671, Train_accy 84.00:  80%|████████  | 8/10 [00:15<00:03,  1.87s/it]
Task 10, Epoch 9/10 => Loss 0.587, Train_accy 76.00:  80%|████████  | 8/10 [00:17<00:03,  1.87s/it]
Task 10, Epoch 9/10 => Loss 0.587, Train_accy 76.00:  90%|█████████ | 9/10 [00:17<00:01,  1.88s/it]
Task 10, Epoch 10/10 => Loss 0.641, Train_accy 84.00:  90%|█████████ | 9/10 [00:19<00:01,  1.88s/it]
Task 10, Epoch 10/10 => Loss 0.641, Train_accy 84.00: 100%|██████████| 10/10 [00:19<00:00,  1.89s/it]
Task 10, Epoch 10/10 => Loss 0.641, Train_accy 84.00: 100%|██████████| 10/10 [00:19<00:00,  1.95s/it]
2025-12-24 00:32:03,543 [inflora.py] => Task 10, Epoch 10/10 => Loss 0.641, Train_accy 84.00
Threshold:  0.9738095238095238
Skip Updating DualGPM for layer: 1
Layer 1 - Projection Matrix shape: torch.Size([768, 768])
Layer 2 - Projection Matrix shape: torch.Size([768, 768])
Layer 3 - Projection Matrix shape: torch.Size([768, 768])
Layer 4 - Projection Matrix shape: torch.Size([768, 768])
Layer 5 - Projection Matrix shape: torch.Size([768, 768])
Layer 6 - Projection Matrix shape: torch.Size([768, 768])
Layer 7 - Projection Matrix shape: torch.Size([768, 768])
Layer 8 - Projection Matrix shape: torch.Size([768, 768])
Layer 9 - Projection Matrix shape: torch.Size([768, 768])
Layer 10 - Projection Matrix shape: torch.Size([768, 768])
Layer 11 - Projection Matrix shape: torch.Size([768, 768])
Layer 12 - Projection Matrix shape: torch.Size([768, 768])
2025-12-24 00:33:40,886 [inflora.py] => Exemplar size: 0
2025-12-24 00:33:40,936 [trainer.py] => CNN: {'total': 60.78, '00-99': 90.09, '100-104': 17.02, '105-109': 0.0, '110-114': 0.0, '115-119': 0.0, '120-124': 0.0, '125-129': 0.0, '130-134': 0.0, '135-139': 0.0, '140-144': 0.0, '145-149': 0.0, '150-154': 80.0, '155-159': 84.0, '160-164': 92.0, '165-169': 76.0, '170-174': 76.0, '175-179': 84.0, '180-184': 96.0, '185-189': 96.0, '190-194': 88.0, '195-199': 92.0, 'old': 63.09, 'new': 0.0}
2025-12-24 00:33:40,936 [trainer.py] => CNN top1 curve: [90.69, 88.34, 84.41, 80.71, 76.88, 74.13, 70.9, 67.81, 65.44, 63.5, 60.78]
2025-12-24 00:33:40,936 [trainer.py] => Average Accuracy (CNN): 74.87
2025-12-24 00:33:40,940 [trainer.py] => All params: 102451025
2025-12-24 00:33:40,943 [trainer.py] => Trainable params: 261220
2025-12-24 00:33:40,943 [inflora.py] => Learning on 150-155

  0%|          | 0/10 [00:00<?, ?it/s]
Task 11, Epoch 1/10 => Loss 6.208, Train_accy 0.00:   0%|          | 0/10 [00:02<?, ?it/s]
Task 11, Epoch 1/10 => Loss 6.208, Train_accy 0.00:  10%|█         | 1/10 [00:02<00:21,  2.43s/it]
Task 11, Epoch 2/10 => Loss 4.852, Train_accy 12.00:  10%|█         | 1/10 [00:04<00:21,  2.43s/it]
Task 11, Epoch 2/10 => Loss 4.852, Train_accy 12.00:  20%|██        | 2/10 [00:04<00:16,  2.01s/it]
Task 11, Epoch 3/10 => Loss 3.534, Train_accy 20.00:  20%|██        | 2/10 [00:05<00:16,  2.01s/it]
Task 11, Epoch 3/10 => Loss 3.534, Train_accy 20.00:  30%|███       | 3/10 [00:05<00:13,  1.86s/it]
Task 11, Epoch 4/10 => Loss 2.664, Train_accy 28.00:  30%|███       | 3/10 [00:07<00:13,  1.86s/it]
Task 11, Epoch 4/10 => Loss 2.664, Train_accy 28.00:  40%|████      | 4/10 [00:07<00:11,  1.88s/it]
Task 11, Epoch 5/10 => Loss 1.929, Train_accy 28.00:  40%|████      | 4/10 [00:09<00:11,  1.88s/it]
Task 11, Epoch 5/10 => Loss 1.929, Train_accy 28.00:  50%|█████     | 5/10 [00:09<00:09,  1.92s/it]
Task 11, Epoch 6/10 => Loss 1.759, Train_accy 28.00:  50%|█████     | 5/10 [00:11<00:09,  1.92s/it]
Task 11, Epoch 6/10 => Loss 1.759, Train_accy 28.00:  60%|██████    | 6/10 [00:11<00:07,  1.88s/it]
Task 11, Epoch 7/10 => Loss 1.429, Train_accy 48.00:  60%|██████    | 6/10 [00:13<00:07,  1.88s/it]
Task 11, Epoch 7/10 => Loss 1.429, Train_accy 48.00:  70%|███████   | 7/10 [00:13<00:05,  1.84s/it]
Task 11, Epoch 8/10 => Loss 1.412, Train_accy 44.00:  70%|███████   | 7/10 [00:15<00:05,  1.84s/it]
Task 11, Epoch 8/10 => Loss 1.412, Train_accy 44.00:  80%|████████  | 8/10 [00:15<00:03,  1.84s/it]
Task 11, Epoch 9/10 => Loss 1.320, Train_accy 44.00:  80%|████████  | 8/10 [00:16<00:03,  1.84s/it]
Task 11, Epoch 9/10 => Loss 1.320, Train_accy 44.00:  90%|█████████ | 9/10 [00:16<00:01,  1.84s/it]
Task 11, Epoch 10/10 => Loss 1.111, Train_accy 52.00:  90%|█████████ | 9/10 [00:18<00:01,  1.84s/it]
Task 11, Epoch 10/10 => Loss 1.111, Train_accy 52.00: 100%|██████████| 10/10 [00:18<00:00,  1.82s/it]
Task 11, Epoch 10/10 => Loss 1.111, Train_accy 52.00: 100%|██████████| 10/10 [00:18<00:00,  1.87s/it]
2025-12-24 00:42:38,080 [inflora.py] => Task 11, Epoch 10/10 => Loss 1.111, Train_accy 52.00
Threshold:  0.9761904761904762
Skip Updating DualGPM for layer: 1
Layer 1 - Projection Matrix shape: torch.Size([768, 768])
Layer 2 - Projection Matrix shape: torch.Size([768, 768])
Layer 3 - Projection Matrix shape: torch.Size([768, 768])
Layer 4 - Projection Matrix shape: torch.Size([768, 768])
Layer 5 - Projection Matrix shape: torch.Size([768, 768])
Layer 6 - Projection Matrix shape: torch.Size([768, 768])
Layer 7 - Projection Matrix shape: torch.Size([768, 768])
Layer 8 - Projection Matrix shape: torch.Size([768, 768])
Layer 9 - Projection Matrix shape: torch.Size([768, 768])
Layer 10 - Projection Matrix shape: torch.Size([768, 768])
Layer 11 - Projection Matrix shape: torch.Size([768, 768])
Layer 12 - Projection Matrix shape: torch.Size([768, 768])
2025-12-24 00:44:32,877 [inflora.py] => Exemplar size: 0
2025-12-24 00:44:32,912 [trainer.py] => CNN: {'total': 58.76, '00-99': 90.09, '100-104': 17.02, '105-109': 0.0, '110-114': 0.0, '115-119': 0.0, '120-124': 0.0, '125-129': 0.0, '130-134': 0.0, '135-139': 0.0, '140-144': 0.0, '145-149': 0.0, '150-154': 0.0, '155-159': 80.0, '160-164': 84.0, '165-169': 76.0, '170-174': 76.0, '175-179': 88.0, '180-184': 84.0, '185-189': 100.0, '190-194': 84.0, '195-199': 88.0, 'old': 60.78, 'new': 0.0}
2025-12-24 00:44:32,912 [trainer.py] => CNN top1 curve: [90.69, 88.34, 84.41, 80.71, 76.88, 74.13, 70.9, 67.81, 65.44, 63.5, 60.78, 58.76]
2025-12-24 00:44:32,912 [trainer.py] => Average Accuracy (CNN): 73.53
2025-12-24 00:44:32,916 [trainer.py] => All params: 102451025
2025-12-24 00:44:32,923 [trainer.py] => Trainable params: 261220
2025-12-24 00:44:32,924 [inflora.py] => Learning on 155-160

  0%|          | 0/10 [00:00<?, ?it/s]
Task 12, Epoch 1/10 => Loss 5.769, Train_accy 0.00:   0%|          | 0/10 [00:02<?, ?it/s]
Task 12, Epoch 1/10 => Loss 5.769, Train_accy 0.00:  10%|█         | 1/10 [00:02<00:22,  2.48s/it]
Task 12, Epoch 2/10 => Loss 4.498, Train_accy 0.00:  10%|█         | 1/10 [00:04<00:22,  2.48s/it]
Task 12, Epoch 2/10 => Loss 4.498, Train_accy 0.00:  20%|██        | 2/10 [00:04<00:16,  2.12s/it]
Task 12, Epoch 3/10 => Loss 2.772, Train_accy 20.00:  20%|██        | 2/10 [00:06<00:16,  2.12s/it]
Task 12, Epoch 3/10 => Loss 2.772, Train_accy 20.00:  30%|███       | 3/10 [00:06<00:14,  2.05s/it]
Task 12, Epoch 4/10 => Loss 2.074, Train_accy 48.00:  30%|███       | 3/10 [00:08<00:14,  2.05s/it]
Task 12, Epoch 4/10 => Loss 2.074, Train_accy 48.00:  40%|████      | 4/10 [00:08<00:11,  1.97s/it]
Task 12, Epoch 5/10 => Loss 1.772, Train_accy 56.00:  40%|████      | 4/10 [00:10<00:11,  1.97s/it]
Task 12, Epoch 5/10 => Loss 1.772, Train_accy 56.00:  50%|█████     | 5/10 [00:10<00:09,  1.97s/it]
Task 12, Epoch 6/10 => Loss 0.996, Train_accy 76.00:  50%|█████     | 5/10 [00:12<00:09,  1.97s/it]
Task 12, Epoch 6/10 => Loss 0.996, Train_accy 76.00:  60%|██████    | 6/10 [00:12<00:07,  1.97s/it]
Task 12, Epoch 7/10 => Loss 0.764, Train_accy 80.00:  60%|██████    | 6/10 [00:13<00:07,  1.97s/it]
Task 12, Epoch 7/10 => Loss 0.764, Train_accy 80.00:  70%|███████   | 7/10 [00:13<00:05,  1.94s/it]
Task 12, Epoch 8/10 => Loss 0.638, Train_accy 88.00:  70%|███████   | 7/10 [00:15<00:05,  1.94s/it]
Task 12, Epoch 8/10 => Loss 0.638, Train_accy 88.00:  80%|████████  | 8/10 [00:15<00:03,  1.93s/it]
Task 12, Epoch 9/10 => Loss 0.630, Train_accy 88.00:  80%|████████  | 8/10 [00:17<00:03,  1.93s/it]
Task 12, Epoch 9/10 => Loss 0.630, Train_accy 88.00:  90%|█████████ | 9/10 [00:17<00:01,  1.90s/it]
Task 12, Epoch 10/10 => Loss 0.471, Train_accy 84.00:  90%|█████████ | 9/10 [00:19<00:01,  1.90s/it]
Task 12, Epoch 10/10 => Loss 0.471, Train_accy 84.00: 100%|██████████| 10/10 [00:19<00:00,  1.93s/it]
Task 12, Epoch 10/10 => Loss 0.471, Train_accy 84.00: 100%|██████████| 10/10 [00:19<00:00,  1.97s/it]
2025-12-24 00:53:22,299 [inflora.py] => Task 12, Epoch 10/10 => Loss 0.471, Train_accy 84.00
Threshold:  0.9785714285714285
Layer 1 - Projection Matrix shape: torch.Size([768, 768])
Layer 2 - Projection Matrix shape: torch.Size([768, 768])
Layer 3 - Projection Matrix shape: torch.Size([768, 768])
Layer 4 - Projection Matrix shape: torch.Size([768, 768])
Layer 5 - Projection Matrix shape: torch.Size([768, 768])
Layer 6 - Projection Matrix shape: torch.Size([768, 768])
Layer 7 - Projection Matrix shape: torch.Size([768, 768])
Layer 8 - Projection Matrix shape: torch.Size([768, 768])
Layer 9 - Projection Matrix shape: torch.Size([768, 768])
Layer 10 - Projection Matrix shape: torch.Size([768, 768])
Layer 11 - Projection Matrix shape: torch.Size([768, 768])
Layer 12 - Projection Matrix shape: torch.Size([768, 768])
2025-12-24 00:55:01,195 [inflora.py] => Exemplar size: 0
2025-12-24 00:55:01,222 [trainer.py] => CNN: {'total': 56.75, '00-99': 89.5, '100-104': 14.89, '105-109': 0.0, '110-114': 0.0, '115-119': 0.0, '120-124': 0.0, '125-129': 0.0, '130-134': 0.0, '135-139': 0.0, '140-144': 0.0, '145-149': 0.0, '150-154': 0.0, '155-159': 0.0, '160-164': 84.0, '165-169': 68.0, '170-174': 80.0, '175-179': 88.0, '180-184': 76.0, '185-189': 92.0, '190-194': 92.0, '195-199': 96.0, 'old': 58.32, 'new': 0.0}
2025-12-24 00:55:01,222 [trainer.py] => CNN top1 curve: [90.69, 88.34, 84.41, 80.71, 76.88, 74.13, 70.9, 67.81, 65.44, 63.5, 60.78, 58.76, 56.75]
2025-12-24 00:55:01,222 [trainer.py] => Average Accuracy (CNN): 72.24
2025-12-24 00:55:01,226 [trainer.py] => All params: 102451025
2025-12-24 00:55:01,230 [trainer.py] => Trainable params: 261220
2025-12-24 00:55:01,230 [inflora.py] => Learning on 160-165

  0%|          | 0/10 [00:00<?, ?it/s]
Task 13, Epoch 1/10 => Loss 5.854, Train_accy 0.00:   0%|          | 0/10 [00:02<?, ?it/s]
Task 13, Epoch 1/10 => Loss 5.854, Train_accy 0.00:  10%|█         | 1/10 [00:02<00:21,  2.34s/it]
Task 13, Epoch 2/10 => Loss 4.655, Train_accy 0.00:  10%|█         | 1/10 [00:04<00:21,  2.34s/it]
Task 13, Epoch 2/10 => Loss 4.655, Train_accy 0.00:  20%|██        | 2/10 [00:04<00:16,  2.06s/it]
Task 13, Epoch 3/10 => Loss 3.185, Train_accy 20.00:  20%|██        | 2/10 [00:06<00:16,  2.06s/it]
Task 13, Epoch 3/10 => Loss 3.185, Train_accy 20.00:  30%|███       | 3/10 [00:06<00:13,  1.95s/it]
Task 13, Epoch 4/10 => Loss 2.125, Train_accy 52.00:  30%|███       | 3/10 [00:07<00:13,  1.95s/it]
Task 13, Epoch 4/10 => Loss 2.125, Train_accy 52.00:  40%|████      | 4/10 [00:07<00:11,  1.91s/it]
Task 13, Epoch 5/10 => Loss 1.732, Train_accy 52.00:  40%|████      | 4/10 [00:09<00:11,  1.91s/it]
Task 13, Epoch 5/10 => Loss 1.732, Train_accy 52.00:  50%|█████     | 5/10 [00:09<00:09,  1.90s/it]
Task 13, Epoch 6/10 => Loss 1.123, Train_accy 60.00:  50%|█████     | 5/10 [00:11<00:09,  1.90s/it]
Task 13, Epoch 6/10 => Loss 1.123, Train_accy 60.00:  60%|██████    | 6/10 [00:11<00:07,  1.87s/it]
Task 13, Epoch 7/10 => Loss 1.442, Train_accy 68.00:  60%|██████    | 6/10 [00:13<00:07,  1.87s/it]
Task 13, Epoch 7/10 => Loss 1.442, Train_accy 68.00:  70%|███████   | 7/10 [00:13<00:05,  1.86s/it]
Task 13, Epoch 8/10 => Loss 0.773, Train_accy 84.00:  70%|███████   | 7/10 [00:15<00:05,  1.86s/it]
Task 13, Epoch 8/10 => Loss 0.773, Train_accy 84.00:  80%|████████  | 8/10 [00:15<00:03,  1.82s/it]
Task 13, Epoch 9/10 => Loss 0.506, Train_accy 96.00:  80%|████████  | 8/10 [00:16<00:03,  1.82s/it]
Task 13, Epoch 9/10 => Loss 0.506, Train_accy 96.00:  90%|█████████ | 9/10 [00:16<00:01,  1.83s/it]
Task 13, Epoch 10/10 => Loss 0.689, Train_accy 88.00:  90%|█████████ | 9/10 [00:18<00:01,  1.83s/it]
Task 13, Epoch 10/10 => Loss 0.689, Train_accy 88.00: 100%|██████████| 10/10 [00:18<00:00,  1.87s/it]
Task 13, Epoch 10/10 => Loss 0.689, Train_accy 88.00: 100%|██████████| 10/10 [00:18<00:00,  1.90s/it]
2025-12-24 01:03:22,303 [inflora.py] => Task 13, Epoch 10/10 => Loss 0.689, Train_accy 88.00
Threshold:  0.9809523809523809
Skip Updating DualGPM for layer: 1
Layer 1 - Projection Matrix shape: torch.Size([768, 768])
Layer 2 - Projection Matrix shape: torch.Size([768, 768])
Layer 3 - Projection Matrix shape: torch.Size([768, 768])
Layer 4 - Projection Matrix shape: torch.Size([768, 768])
Layer 5 - Projection Matrix shape: torch.Size([768, 768])
Layer 6 - Projection Matrix shape: torch.Size([768, 768])
Layer 7 - Projection Matrix shape: torch.Size([768, 768])
Layer 8 - Projection Matrix shape: torch.Size([768, 768])
Layer 9 - Projection Matrix shape: torch.Size([768, 768])
Layer 10 - Projection Matrix shape: torch.Size([768, 768])
Layer 11 - Projection Matrix shape: torch.Size([768, 768])
Layer 12 - Projection Matrix shape: torch.Size([768, 768])
2025-12-24 01:05:16,504 [inflora.py] => Exemplar size: 0
2025-12-24 01:05:16,539 [trainer.py] => CNN: {'total': 54.56, '00-99': 89.24, '100-104': 14.89, '105-109': 0.0, '110-114': 0.0, '115-119': 0.0, '120-124': 0.0, '125-129': 0.0, '130-134': 0.0, '135-139': 0.0, '140-144': 0.0, '145-149': 0.0, '150-154': 0.0, '155-159': 0.0, '160-164': 0.0, '165-169': 76.0, '170-174': 80.0, '175-179': 88.0, '180-184': 84.0, '185-189': 96.0, '190-194': 84.0, '195-199': 92.0, 'old': 56.59, 'new': 0.0}
2025-12-24 01:05:16,539 [trainer.py] => CNN top1 curve: [90.69, 88.34, 84.41, 80.71, 76.88, 74.13, 70.9, 67.81, 65.44, 63.5, 60.78, 58.76, 56.75, 54.56]
2025-12-24 01:05:16,539 [trainer.py] => Average Accuracy (CNN): 70.98
2025-12-24 01:05:16,543 [trainer.py] => All params: 102451025
2025-12-24 01:05:16,546 [trainer.py] => Trainable params: 261220
2025-12-24 01:05:16,546 [inflora.py] => Learning on 165-170

  0%|          | 0/10 [00:00<?, ?it/s]
Task 14, Epoch 1/10 => Loss 5.002, Train_accy 0.00:   0%|          | 0/10 [00:02<?, ?it/s]
Task 14, Epoch 1/10 => Loss 5.002, Train_accy 0.00:  10%|█         | 1/10 [00:02<00:20,  2.26s/it]
Task 14, Epoch 2/10 => Loss 3.339, Train_accy 12.00:  10%|█         | 1/10 [00:04<00:20,  2.26s/it]
Task 14, Epoch 2/10 => Loss 3.339, Train_accy 12.00:  20%|██        | 2/10 [00:04<00:16,  2.06s/it]
Task 14, Epoch 3/10 => Loss 2.516, Train_accy 36.00:  20%|██        | 2/10 [00:06<00:16,  2.06s/it]
Task 14, Epoch 3/10 => Loss 2.516, Train_accy 36.00:  30%|███       | 3/10 [00:06<00:13,  1.95s/it]
Task 14, Epoch 4/10 => Loss 1.655, Train_accy 64.00:  30%|███       | 3/10 [00:07<00:13,  1.95s/it]
Task 14, Epoch 4/10 => Loss 1.655, Train_accy 64.00:  40%|████      | 4/10 [00:07<00:11,  1.95s/it]
Task 14, Epoch 5/10 => Loss 1.520, Train_accy 56.00:  40%|████      | 4/10 [00:09<00:11,  1.95s/it]
Task 14, Epoch 5/10 => Loss 1.520, Train_accy 56.00:  50%|█████     | 5/10 [00:09<00:09,  1.91s/it]
Task 14, Epoch 6/10 => Loss 1.166, Train_accy 68.00:  50%|█████     | 5/10 [00:11<00:09,  1.91s/it]
Task 14, Epoch 6/10 => Loss 1.166, Train_accy 68.00:  60%|██████    | 6/10 [00:11<00:07,  1.90s/it]
Task 14, Epoch 7/10 => Loss 1.053, Train_accy 68.00:  60%|██████    | 6/10 [00:13<00:07,  1.90s/it]
Task 14, Epoch 7/10 => Loss 1.053, Train_accy 68.00:  70%|███████   | 7/10 [00:13<00:05,  1.86s/it]
Task 14, Epoch 8/10 => Loss 1.052, Train_accy 64.00:  70%|███████   | 7/10 [00:15<00:05,  1.86s/it]
Task 14, Epoch 8/10 => Loss 1.052, Train_accy 64.00:  80%|████████  | 8/10 [00:15<00:03,  1.85s/it]
Task 14, Epoch 9/10 => Loss 1.027, Train_accy 64.00:  80%|████████  | 8/10 [00:17<00:03,  1.85s/it]
Task 14, Epoch 9/10 => Loss 1.027, Train_accy 64.00:  90%|█████████ | 9/10 [00:17<00:01,  1.81s/it]
Task 14, Epoch 10/10 => Loss 0.586, Train_accy 80.00:  90%|█████████ | 9/10 [00:18<00:01,  1.81s/it]
Task 14, Epoch 10/10 => Loss 0.586, Train_accy 80.00: 100%|██████████| 10/10 [00:18<00:00,  1.82s/it]
Task 14, Epoch 10/10 => Loss 0.586, Train_accy 80.00: 100%|██████████| 10/10 [00:18<00:00,  1.89s/it]
2025-12-24 01:14:15,713 [inflora.py] => Task 14, Epoch 10/10 => Loss 0.586, Train_accy 80.00
Threshold:  0.9833333333333333
Skip Updating DualGPM for layer: 2
Layer 1 - Projection Matrix shape: torch.Size([768, 768])
Layer 2 - Projection Matrix shape: torch.Size([768, 768])
Layer 3 - Projection Matrix shape: torch.Size([768, 768])
Layer 4 - Projection Matrix shape: torch.Size([768, 768])
Layer 5 - Projection Matrix shape: torch.Size([768, 768])
Layer 6 - Projection Matrix shape: torch.Size([768, 768])
Layer 7 - Projection Matrix shape: torch.Size([768, 768])
Layer 8 - Projection Matrix shape: torch.Size([768, 768])
Layer 9 - Projection Matrix shape: torch.Size([768, 768])
Layer 10 - Projection Matrix shape: torch.Size([768, 768])
Layer 11 - Projection Matrix shape: torch.Size([768, 768])
Layer 12 - Projection Matrix shape: torch.Size([768, 768])
2025-12-24 01:16:00,980 [inflora.py] => Exemplar size: 0
2025-12-24 01:16:01,011 [trainer.py] => CNN: {'total': 52.96, '00-99': 89.41, '100-104': 17.02, '105-109': 0.0, '110-114': 0.0, '115-119': 0.0, '120-124': 0.0, '125-129': 0.0, '130-134': 0.0, '135-139': 0.0, '140-144': 0.0, '145-149': 0.0, '150-154': 0.0, '155-159': 0.0, '160-164': 0.0, '165-169': 0.0, '170-174': 84.0, '175-179': 84.0, '180-184': 92.0, '185-189': 88.0, '190-194': 80.0, '195-199': 84.0, 'old': 54.72, 'new': 0.0}
2025-12-24 01:16:01,011 [trainer.py] => CNN top1 curve: [90.69, 88.34, 84.41, 80.71, 76.88, 74.13, 70.9, 67.81, 65.44, 63.5, 60.78, 58.76, 56.75, 54.56, 52.96]
2025-12-24 01:16:01,012 [trainer.py] => Average Accuracy (CNN): 69.77
2025-12-24 01:16:01,019 [trainer.py] => All params: 102451025
2025-12-24 01:16:01,026 [trainer.py] => Trainable params: 261220
2025-12-24 01:16:01,026 [inflora.py] => Learning on 170-175

  0%|          | 0/10 [00:00<?, ?it/s]
Task 15, Epoch 1/10 => Loss 5.747, Train_accy 0.00:   0%|          | 0/10 [00:02<?, ?it/s]
Task 15, Epoch 1/10 => Loss 5.747, Train_accy 0.00:  10%|█         | 1/10 [00:02<00:21,  2.37s/it]
Task 15, Epoch 2/10 => Loss 4.136, Train_accy 4.00:  10%|█         | 1/10 [00:04<00:21,  2.37s/it]
Task 15, Epoch 2/10 => Loss 4.136, Train_accy 4.00:  20%|██        | 2/10 [00:04<00:16,  2.08s/it]
Task 15, Epoch 3/10 => Loss 3.083, Train_accy 28.00:  20%|██        | 2/10 [00:06<00:16,  2.08s/it]
Task 15, Epoch 3/10 => Loss 3.083, Train_accy 28.00:  30%|███       | 3/10 [00:06<00:14,  2.00s/it]
Task 15, Epoch 4/10 => Loss 1.929, Train_accy 44.00:  30%|███       | 3/10 [00:08<00:14,  2.00s/it]
Task 15, Epoch 4/10 => Loss 1.929, Train_accy 44.00:  40%|████      | 4/10 [00:08<00:11,  1.96s/it]
Task 15, Epoch 5/10 => Loss 1.726, Train_accy 52.00:  40%|████      | 4/10 [00:10<00:11,  1.96s/it]
Task 15, Epoch 5/10 => Loss 1.726, Train_accy 52.00:  50%|█████     | 5/10 [00:10<00:09,  1.96s/it]
Task 15, Epoch 6/10 => Loss 1.140, Train_accy 76.00:  50%|█████     | 5/10 [00:12<00:09,  1.96s/it]
Task 15, Epoch 6/10 => Loss 1.140, Train_accy 76.00:  60%|██████    | 6/10 [00:12<00:07,  1.98s/it]
Task 15, Epoch 7/10 => Loss 0.941, Train_accy 80.00:  60%|██████    | 6/10 [00:13<00:07,  1.98s/it]
Task 15, Epoch 7/10 => Loss 0.941, Train_accy 80.00:  70%|███████   | 7/10 [00:13<00:05,  1.96s/it]
Task 15, Epoch 8/10 => Loss 0.782, Train_accy 84.00:  70%|███████   | 7/10 [00:15<00:05,  1.96s/it]
Task 15, Epoch 8/10 => Loss 0.782, Train_accy 84.00:  80%|████████  | 8/10 [00:15<00:03,  1.92s/it]
Task 15, Epoch 9/10 => Loss 0.947, Train_accy 68.00:  80%|████████  | 8/10 [00:17<00:03,  1.92s/it]
Task 15, Epoch 9/10 => Loss 0.947, Train_accy 68.00:  90%|█████████ | 9/10 [00:17<00:01,  1.89s/it]
Task 15, Epoch 10/10 => Loss 0.804, Train_accy 84.00:  90%|█████████ | 9/10 [00:19<00:01,  1.89s/it]
Task 15, Epoch 10/10 => Loss 0.804, Train_accy 84.00: 100%|██████████| 10/10 [00:19<00:00,  1.90s/it]
Task 15, Epoch 10/10 => Loss 0.804, Train_accy 84.00: 100%|██████████| 10/10 [00:19<00:00,  1.95s/it]
2025-12-24 01:23:37,842 [inflora.py] => Task 15, Epoch 10/10 => Loss 0.804, Train_accy 84.00
Threshold:  0.9857142857142857
Skip Updating DualGPM for layer: 1
Layer 1 - Projection Matrix shape: torch.Size([768, 768])
Layer 2 - Projection Matrix shape: torch.Size([768, 768])
Layer 3 - Projection Matrix shape: torch.Size([768, 768])
Layer 4 - Projection Matrix shape: torch.Size([768, 768])
Layer 5 - Projection Matrix shape: torch.Size([768, 768])
Layer 6 - Projection Matrix shape: torch.Size([768, 768])
Layer 7 - Projection Matrix shape: torch.Size([768, 768])
Layer 8 - Projection Matrix shape: torch.Size([768, 768])
Layer 9 - Projection Matrix shape: torch.Size([768, 768])
Layer 10 - Projection Matrix shape: torch.Size([768, 768])
Layer 11 - Projection Matrix shape: torch.Size([768, 768])
Layer 12 - Projection Matrix shape: torch.Size([768, 768])
2025-12-24 01:25:38,087 [inflora.py] => Exemplar size: 0
2025-12-24 01:25:38,120 [trainer.py] => CNN: {'total': 50.99, '00-99': 89.15, '100-104': 17.02, '105-109': 0.0, '110-114': 0.0, '115-119': 0.0, '120-124': 0.0, '125-129': 0.0, '130-134': 0.0, '135-139': 0.0, '140-144': 0.0, '145-149': 0.0, '150-154': 0.0, '155-159': 0.0, '160-164': 0.0, '165-169': 0.0, '170-174': 0.0, '175-179': 76.0, '180-184': 80.0, '185-189': 100.0, '190-194': 92.0, '195-199': 84.0, 'old': 52.81, 'new': 0.0}
2025-12-24 01:25:38,120 [trainer.py] => CNN top1 curve: [90.69, 88.34, 84.41, 80.71, 76.88, 74.13, 70.9, 67.81, 65.44, 63.5, 60.78, 58.76, 56.75, 54.56, 52.96, 50.99]
2025-12-24 01:25:38,121 [trainer.py] => Average Accuracy (CNN): 68.60
2025-12-24 01:25:38,124 [trainer.py] => All params: 102451025
2025-12-24 01:25:38,128 [trainer.py] => Trainable params: 261220
2025-12-24 01:25:38,128 [inflora.py] => Learning on 175-180

  0%|          | 0/10 [00:00<?, ?it/s]
Task 16, Epoch 1/10 => Loss 5.114, Train_accy 0.00:   0%|          | 0/10 [00:02<?, ?it/s]
Task 16, Epoch 1/10 => Loss 5.114, Train_accy 0.00:  10%|█         | 1/10 [00:02<00:21,  2.35s/it]
Task 16, Epoch 2/10 => Loss 3.951, Train_accy 16.00:  10%|█         | 1/10 [00:04<00:21,  2.35s/it]
Task 16, Epoch 2/10 => Loss 3.951, Train_accy 16.00:  20%|██        | 2/10 [00:04<00:16,  2.04s/it]
Task 16, Epoch 3/10 => Loss 2.953, Train_accy 16.00:  20%|██        | 2/10 [00:05<00:16,  2.04s/it]
Task 16, Epoch 3/10 => Loss 2.953, Train_accy 16.00:  30%|███       | 3/10 [00:05<00:13,  1.93s/it]
Task 16, Epoch 4/10 => Loss 2.091, Train_accy 36.00:  30%|███       | 3/10 [00:07<00:13,  1.93s/it]
Task 16, Epoch 4/10 => Loss 2.091, Train_accy 36.00:  40%|████      | 4/10 [00:07<00:11,  1.84s/it]
Task 16, Epoch 5/10 => Loss 1.395, Train_accy 56.00:  40%|████      | 4/10 [00:09<00:11,  1.84s/it]
Task 16, Epoch 5/10 => Loss 1.395, Train_accy 56.00:  50%|█████     | 5/10 [00:09<00:09,  1.84s/it]
Task 16, Epoch 6/10 => Loss 1.052, Train_accy 72.00:  50%|█████     | 5/10 [00:11<00:09,  1.84s/it]
Task 16, Epoch 6/10 => Loss 1.052, Train_accy 72.00:  60%|██████    | 6/10 [00:11<00:07,  1.87s/it]
Task 16, Epoch 7/10 => Loss 0.944, Train_accy 68.00:  60%|██████    | 6/10 [00:13<00:07,  1.87s/it]
Task 16, Epoch 7/10 => Loss 0.944, Train_accy 68.00:  70%|███████   | 7/10 [00:13<00:05,  1.86s/it]
Task 16, Epoch 8/10 => Loss 1.274, Train_accy 52.00:  70%|███████   | 7/10 [00:15<00:05,  1.86s/it]
Task 16, Epoch 8/10 => Loss 1.274, Train_accy 52.00:  80%|████████  | 8/10 [00:15<00:03,  1.88s/it]
Task 16, Epoch 9/10 => Loss 0.598, Train_accy 84.00:  80%|████████  | 8/10 [00:17<00:03,  1.88s/it]
Task 16, Epoch 9/10 => Loss 0.598, Train_accy 84.00:  90%|█████████ | 9/10 [00:17<00:01,  1.88s/it]
Task 16, Epoch 10/10 => Loss 0.761, Train_accy 76.00:  90%|█████████ | 9/10 [00:18<00:01,  1.88s/it]
Task 16, Epoch 10/10 => Loss 0.761, Train_accy 76.00: 100%|██████████| 10/10 [00:18<00:00,  1.83s/it]
Task 16, Epoch 10/10 => Loss 0.761, Train_accy 76.00: 100%|██████████| 10/10 [00:18<00:00,  1.88s/it]
2025-12-24 01:33:15,984 [inflora.py] => Task 16, Epoch 10/10 => Loss 0.761, Train_accy 76.00
Threshold:  0.9880952380952381
Skip Updating DualGPM for layer: 1
Layer 1 - Projection Matrix shape: torch.Size([768, 768])
Layer 2 - Projection Matrix shape: torch.Size([768, 768])
Layer 3 - Projection Matrix shape: torch.Size([768, 768])
Layer 4 - Projection Matrix shape: torch.Size([768, 768])
Layer 5 - Projection Matrix shape: torch.Size([768, 768])
Layer 6 - Projection Matrix shape: torch.Size([768, 768])
Layer 7 - Projection Matrix shape: torch.Size([768, 768])
Layer 8 - Projection Matrix shape: torch.Size([768, 768])
Layer 9 - Projection Matrix shape: torch.Size([768, 768])
Layer 10 - Projection Matrix shape: torch.Size([768, 768])
Layer 11 - Projection Matrix shape: torch.Size([768, 768])
Layer 12 - Projection Matrix shape: torch.Size([768, 768])
2025-12-24 01:35:05,172 [inflora.py] => Exemplar size: 0
2025-12-24 01:35:05,210 [trainer.py] => CNN: {'total': 50.02, '00-99': 89.58, '100-104': 17.02, '105-109': 0.0, '110-114': 0.0, '115-119': 0.0, '120-124': 0.0, '125-129': 0.0, '130-134': 0.0, '135-139': 0.0, '140-144': 0.0, '145-149': 0.0, '150-154': 0.0, '155-159': 0.0, '160-164': 0.0, '165-169': 0.0, '170-174': 0.0, '175-179': 0.0, '180-184': 80.0, '185-189': 96.0, '190-194': 96.0, '195-199': 80.0, 'old': 51.24, 'new': 0.0}
2025-12-24 01:35:05,210 [trainer.py] => CNN top1 curve: [90.69, 88.34, 84.41, 80.71, 76.88, 74.13, 70.9, 67.81, 65.44, 63.5, 60.78, 58.76, 56.75, 54.56, 52.96, 50.99, 50.02]
2025-12-24 01:35:05,210 [trainer.py] => Average Accuracy (CNN): 67.51
2025-12-24 01:35:05,214 [trainer.py] => All params: 102451025
2025-12-24 01:35:05,218 [trainer.py] => Trainable params: 261220
2025-12-24 01:35:05,218 [inflora.py] => Learning on 180-185

  0%|          | 0/10 [00:00<?, ?it/s]
Task 17, Epoch 1/10 => Loss 5.049, Train_accy 4.00:   0%|          | 0/10 [00:02<?, ?it/s]
Task 17, Epoch 1/10 => Loss 5.049, Train_accy 4.00:  10%|█         | 1/10 [00:02<00:21,  2.35s/it]
Task 17, Epoch 2/10 => Loss 3.740, Train_accy 4.00:  10%|█         | 1/10 [00:03<00:21,  2.35s/it]
Task 17, Epoch 2/10 => Loss 3.740, Train_accy 4.00:  20%|██        | 2/10 [00:03<00:15,  1.92s/it]
Task 17, Epoch 3/10 => Loss 2.800, Train_accy 24.00:  20%|██        | 2/10 [00:05<00:15,  1.92s/it]
Task 17, Epoch 3/10 => Loss 2.800, Train_accy 24.00:  30%|███       | 3/10 [00:05<00:12,  1.83s/it]
Task 17, Epoch 4/10 => Loss 1.980, Train_accy 44.00:  30%|███       | 3/10 [00:07<00:12,  1.83s/it]
Task 17, Epoch 4/10 => Loss 1.980, Train_accy 44.00:  40%|████      | 4/10 [00:07<00:10,  1.74s/it]
Task 17, Epoch 5/10 => Loss 1.623, Train_accy 44.00:  40%|████      | 4/10 [00:08<00:10,  1.74s/it]
Task 17, Epoch 5/10 => Loss 1.623, Train_accy 44.00:  50%|█████     | 5/10 [00:08<00:08,  1.69s/it]
Task 17, Epoch 6/10 => Loss 0.820, Train_accy 80.00:  50%|█████     | 5/10 [00:10<00:08,  1.69s/it]
Task 17, Epoch 6/10 => Loss 0.820, Train_accy 80.00:  60%|██████    | 6/10 [00:10<00:06,  1.67s/it]
Task 17, Epoch 7/10 => Loss 0.660, Train_accy 84.00:  60%|██████    | 6/10 [00:12<00:06,  1.67s/it]
Task 17, Epoch 7/10 => Loss 0.660, Train_accy 84.00:  70%|███████   | 7/10 [00:12<00:05,  1.70s/it]
Task 17, Epoch 8/10 => Loss 0.661, Train_accy 84.00:  70%|███████   | 7/10 [00:13<00:05,  1.70s/it]
Task 17, Epoch 8/10 => Loss 0.661, Train_accy 84.00:  80%|████████  | 8/10 [00:13<00:03,  1.69s/it]
Task 17, Epoch 9/10 => Loss 0.747, Train_accy 76.00:  80%|████████  | 8/10 [00:15<00:03,  1.69s/it]
Task 17, Epoch 9/10 => Loss 0.747, Train_accy 76.00:  90%|█████████ | 9/10 [00:15<00:01,  1.70s/it]
Task 17, Epoch 10/10 => Loss 0.419, Train_accy 88.00:  90%|█████████ | 9/10 [00:17<00:01,  1.70s/it]
Task 17, Epoch 10/10 => Loss 0.419, Train_accy 88.00: 100%|██████████| 10/10 [00:17<00:00,  1.68s/it]
Task 17, Epoch 10/10 => Loss 0.419, Train_accy 88.00: 100%|██████████| 10/10 [00:17<00:00,  1.73s/it]
2025-12-24 01:42:36,214 [inflora.py] => Task 17, Epoch 10/10 => Loss 0.419, Train_accy 88.00
Threshold:  0.9904761904761905
Layer 1 - Projection Matrix shape: torch.Size([768, 768])
Layer 2 - Projection Matrix shape: torch.Size([768, 768])
Layer 3 - Projection Matrix shape: torch.Size([768, 768])
Layer 4 - Projection Matrix shape: torch.Size([768, 768])
Layer 5 - Projection Matrix shape: torch.Size([768, 768])
Layer 6 - Projection Matrix shape: torch.Size([768, 768])
Layer 7 - Projection Matrix shape: torch.Size([768, 768])
Layer 8 - Projection Matrix shape: torch.Size([768, 768])
Layer 9 - Projection Matrix shape: torch.Size([768, 768])
Layer 10 - Projection Matrix shape: torch.Size([768, 768])
Layer 11 - Projection Matrix shape: torch.Size([768, 768])
Layer 12 - Projection Matrix shape: torch.Size([768, 768])
2025-12-24 01:44:17,294 [inflora.py] => Exemplar size: 0
2025-12-24 01:44:17,317 [trainer.py] => CNN: {'total': 48.46, '00-99': 89.41, '100-104': 14.89, '105-109': 0.0, '110-114': 0.0, '115-119': 0.0, '120-124': 0.0, '125-129': 0.0, '130-134': 0.0, '135-139': 0.0, '140-144': 0.0, '145-149': 0.0, '150-154': 0.0, '155-159': 0.0, '160-164': 0.0, '165-169': 0.0, '170-174': 0.0, '175-179': 0.0, '180-184': 0.0, '185-189': 84.0, '190-194': 80.0, '195-199': 100.0, 'old': 49.88, 'new': 0.0}
2025-12-24 01:44:17,317 [trainer.py] => CNN top1 curve: [90.69, 88.34, 84.41, 80.71, 76.88, 74.13, 70.9, 67.81, 65.44, 63.5, 60.78, 58.76, 56.75, 54.56, 52.96, 50.99, 50.02, 48.46]
2025-12-24 01:44:17,318 [trainer.py] => Average Accuracy (CNN): 66.45
2025-12-24 01:44:17,326 [trainer.py] => All params: 102451025
2025-12-24 01:44:17,334 [trainer.py] => Trainable params: 261220
2025-12-24 01:44:17,334 [inflora.py] => Learning on 185-190

  0%|          | 0/10 [00:00<?, ?it/s]
Task 18, Epoch 1/10 => Loss 5.535, Train_accy 0.00:   0%|          | 0/10 [00:03<?, ?it/s]
Task 18, Epoch 1/10 => Loss 5.535, Train_accy 0.00:  10%|█         | 1/10 [00:03<00:29,  3.28s/it]
Task 18, Epoch 2/10 => Loss 4.087, Train_accy 12.00:  10%|█         | 1/10 [00:04<00:29,  3.28s/it]
Task 18, Epoch 2/10 => Loss 4.087, Train_accy 12.00:  20%|██        | 2/10 [00:04<00:18,  2.27s/it]
Task 18, Epoch 3/10 => Loss 3.115, Train_accy 16.00:  20%|██        | 2/10 [00:06<00:18,  2.27s/it]
Task 18, Epoch 3/10 => Loss 3.115, Train_accy 16.00:  30%|███       | 3/10 [00:06<00:14,  2.01s/it]
Task 18, Epoch 4/10 => Loss 2.272, Train_accy 36.00:  30%|███       | 3/10 [00:08<00:14,  2.01s/it]
Task 18, Epoch 4/10 => Loss 2.272, Train_accy 36.00:  40%|████      | 4/10 [00:08<00:11,  1.89s/it]
Task 18, Epoch 5/10 => Loss 1.743, Train_accy 56.00:  40%|████      | 4/10 [00:09<00:11,  1.89s/it]
Task 18, Epoch 5/10 => Loss 1.743, Train_accy 56.00:  50%|█████     | 5/10 [00:09<00:09,  1.82s/it]
Task 18, Epoch 6/10 => Loss 1.084, Train_accy 68.00:  50%|█████     | 5/10 [00:11<00:09,  1.82s/it]
Task 18, Epoch 6/10 => Loss 1.084, Train_accy 68.00:  60%|██████    | 6/10 [00:11<00:07,  1.76s/it]
Task 18, Epoch 7/10 => Loss 0.904, Train_accy 68.00:  60%|██████    | 6/10 [00:13<00:07,  1.76s/it]
Task 18, Epoch 7/10 => Loss 0.904, Train_accy 68.00:  70%|███████   | 7/10 [00:13<00:05,  1.72s/it]
Task 18, Epoch 8/10 => Loss 1.074, Train_accy 72.00:  70%|███████   | 7/10 [00:14<00:05,  1.72s/it]
Task 18, Epoch 8/10 => Loss 1.074, Train_accy 72.00:  80%|████████  | 8/10 [00:14<00:03,  1.67s/it]
Task 18, Epoch 9/10 => Loss 0.697, Train_accy 88.00:  80%|████████  | 8/10 [00:16<00:03,  1.67s/it]
Task 18, Epoch 9/10 => Loss 0.697, Train_accy 88.00:  90%|█████████ | 9/10 [00:16<00:01,  1.64s/it]
Task 18, Epoch 10/10 => Loss 0.852, Train_accy 80.00:  90%|█████████ | 9/10 [00:17<00:01,  1.64s/it]
Task 18, Epoch 10/10 => Loss 0.852, Train_accy 80.00: 100%|██████████| 10/10 [00:17<00:00,  1.61s/it]
Task 18, Epoch 10/10 => Loss 0.852, Train_accy 80.00: 100%|██████████| 10/10 [00:17<00:00,  1.79s/it]
2025-12-24 01:50:20,072 [inflora.py] => Task 18, Epoch 10/10 => Loss 0.852, Train_accy 80.00
Threshold:  0.9928571428571429
Layer 1 - Projection Matrix shape: torch.Size([768, 768])
Layer 2 - Projection Matrix shape: torch.Size([768, 768])
Layer 3 - Projection Matrix shape: torch.Size([768, 768])
Layer 4 - Projection Matrix shape: torch.Size([768, 768])
Layer 5 - Projection Matrix shape: torch.Size([768, 768])
Layer 6 - Projection Matrix shape: torch.Size([768, 768])
Layer 7 - Projection Matrix shape: torch.Size([768, 768])
Layer 8 - Projection Matrix shape: torch.Size([768, 768])
Layer 9 - Projection Matrix shape: torch.Size([768, 768])
Layer 10 - Projection Matrix shape: torch.Size([768, 768])
Layer 11 - Projection Matrix shape: torch.Size([768, 768])
Layer 12 - Projection Matrix shape: torch.Size([768, 768])
2025-12-24 01:51:55,510 [inflora.py] => Exemplar size: 0
2025-12-24 01:51:55,537 [trainer.py] => CNN: {'total': 46.62, '00-99': 88.56, '100-104': 10.64, '105-109': 0.0, '110-114': 0.0, '115-119': 0.0, '120-124': 0.0, '125-129': 0.0, '130-134': 0.0, '135-139': 0.0, '140-144': 0.0, '145-149': 0.0, '150-154': 0.0, '155-159': 0.0, '160-164': 0.0, '165-169': 0.0, '170-174': 0.0, '175-179': 0.0, '180-184': 0.0, '185-189': 0.0, '190-194': 88.0, '195-199': 100.0, 'old': 47.91, 'new': 0.0}
2025-12-24 01:51:55,537 [trainer.py] => CNN top1 curve: [90.69, 88.34, 84.41, 80.71, 76.88, 74.13, 70.9, 67.81, 65.44, 63.5, 60.78, 58.76, 56.75, 54.56, 52.96, 50.99, 50.02, 48.46, 46.62]
2025-12-24 01:51:55,537 [trainer.py] => Average Accuracy (CNN): 65.41
2025-12-24 01:51:55,541 [trainer.py] => All params: 102451025
2025-12-24 01:51:55,549 [trainer.py] => Trainable params: 261220
2025-12-24 01:51:55,550 [inflora.py] => Learning on 190-195

  0%|          | 0/10 [00:00<?, ?it/s]
Task 19, Epoch 1/10 => Loss 5.560, Train_accy 0.00:   0%|          | 0/10 [00:03<?, ?it/s]
Task 19, Epoch 1/10 => Loss 5.560, Train_accy 0.00:  10%|█         | 1/10 [00:03<00:28,  3.20s/it]
Task 19, Epoch 2/10 => Loss 4.251, Train_accy 0.00:  10%|█         | 1/10 [00:04<00:28,  3.20s/it]
Task 19, Epoch 2/10 => Loss 4.251, Train_accy 0.00:  20%|██        | 2/10 [00:04<00:18,  2.35s/it]
Task 19, Epoch 3/10 => Loss 3.057, Train_accy 20.00:  20%|██        | 2/10 [00:06<00:18,  2.35s/it]
Task 19, Epoch 3/10 => Loss 3.057, Train_accy 20.00:  30%|███       | 3/10 [00:06<00:14,  2.08s/it]
Task 19, Epoch 4/10 => Loss 2.422, Train_accy 56.00:  30%|███       | 3/10 [00:08<00:14,  2.08s/it]
Task 19, Epoch 4/10 => Loss 2.422, Train_accy 56.00:  40%|████      | 4/10 [00:08<00:11,  1.91s/it]
Task 19, Epoch 5/10 => Loss 1.725, Train_accy 68.00:  40%|████      | 4/10 [00:10<00:11,  1.91s/it]
Task 19, Epoch 5/10 => Loss 1.725, Train_accy 68.00:  50%|█████     | 5/10 [00:10<00:09,  1.81s/it]
Task 19, Epoch 6/10 => Loss 1.247, Train_accy 72.00:  50%|█████     | 5/10 [00:11<00:09,  1.81s/it]
Task 19, Epoch 6/10 => Loss 1.247, Train_accy 72.00:  60%|██████    | 6/10 [00:11<00:06,  1.70s/it]
Task 19, Epoch 7/10 => Loss 0.816, Train_accy 84.00:  60%|██████    | 6/10 [00:13<00:06,  1.70s/it]
Task 19, Epoch 7/10 => Loss 0.816, Train_accy 84.00:  70%|███████   | 7/10 [00:13<00:05,  1.70s/it]
Task 19, Epoch 8/10 => Loss 0.751, Train_accy 88.00:  70%|███████   | 7/10 [00:14<00:05,  1.70s/it]
Task 19, Epoch 8/10 => Loss 0.751, Train_accy 88.00:  80%|████████  | 8/10 [00:14<00:03,  1.68s/it]
Task 19, Epoch 9/10 => Loss 0.763, Train_accy 80.00:  80%|████████  | 8/10 [00:16<00:03,  1.68s/it]
Task 19, Epoch 9/10 => Loss 0.763, Train_accy 80.00:  90%|█████████ | 9/10 [00:16<00:01,  1.67s/it]
Task 19, Epoch 10/10 => Loss 0.522, Train_accy 88.00:  90%|█████████ | 9/10 [00:18<00:01,  1.67s/it]
Task 19, Epoch 10/10 => Loss 0.522, Train_accy 88.00: 100%|██████████| 10/10 [00:18<00:00,  1.68s/it]
Task 19, Epoch 10/10 => Loss 0.522, Train_accy 88.00: 100%|██████████| 10/10 [00:18<00:00,  1.82s/it]
2025-12-24 01:58:48,884 [inflora.py] => Task 19, Epoch 10/10 => Loss 0.522, Train_accy 88.00
Threshold:  0.9952380952380953
Skip Updating DualGPM for layer: 1
Layer 1 - Projection Matrix shape: torch.Size([768, 768])
Layer 2 - Projection Matrix shape: torch.Size([768, 768])
Layer 3 - Projection Matrix shape: torch.Size([768, 768])
Layer 4 - Projection Matrix shape: torch.Size([768, 768])
Layer 5 - Projection Matrix shape: torch.Size([768, 768])
Layer 6 - Projection Matrix shape: torch.Size([768, 768])
Layer 7 - Projection Matrix shape: torch.Size([768, 768])
Layer 8 - Projection Matrix shape: torch.Size([768, 768])
Layer 9 - Projection Matrix shape: torch.Size([768, 768])
Layer 10 - Projection Matrix shape: torch.Size([768, 768])
Layer 11 - Projection Matrix shape: torch.Size([768, 768])
Layer 12 - Projection Matrix shape: torch.Size([768, 768])
2025-12-24 02:00:14,838 [inflora.py] => Exemplar size: 0
2025-12-24 02:00:14,874 [trainer.py] => CNN: {'total': 45.17, '00-99': 88.22, '100-104': 12.77, '105-109': 0.0, '110-114': 0.0, '115-119': 0.0, '120-124': 0.0, '125-129': 0.0, '130-134': 0.0, '135-139': 0.0, '140-144': 0.0, '145-149': 0.0, '150-154': 0.0, '155-159': 0.0, '160-164': 0.0, '165-169': 0.0, '170-174': 0.0, '175-179': 0.0, '180-184': 0.0, '185-189': 0.0, '190-194': 0.0, '195-199': 84.0, 'old': 46.49, 'new': 0.0}
2025-12-24 02:00:14,875 [trainer.py] => CNN top1 curve: [90.69, 88.34, 84.41, 80.71, 76.88, 74.13, 70.9, 67.81, 65.44, 63.5, 60.78, 58.76, 56.75, 54.56, 52.96, 50.99, 50.02, 48.46, 46.62, 45.17]
2025-12-24 02:00:14,875 [trainer.py] => Average Accuracy (CNN): 64.39
2025-12-24 02:00:14,879 [trainer.py] => All params: 102451025
2025-12-24 02:00:14,883 [trainer.py] => Trainable params: 261220
2025-12-24 02:00:14,884 [inflora.py] => Learning on 195-200

  0%|          | 0/10 [00:00<?, ?it/s]
Task 20, Epoch 1/10 => Loss 4.790, Train_accy 4.00:   0%|          | 0/10 [00:03<?, ?it/s]
Task 20, Epoch 1/10 => Loss 4.790, Train_accy 4.00:  10%|█         | 1/10 [00:03<00:30,  3.44s/it]
Task 20, Epoch 2/10 => Loss 3.478, Train_accy 28.00:  10%|█         | 1/10 [00:05<00:30,  3.44s/it]
Task 20, Epoch 2/10 => Loss 3.478, Train_accy 28.00:  20%|██        | 2/10 [00:05<00:19,  2.41s/it]
Task 20, Epoch 3/10 => Loss 2.984, Train_accy 28.00:  20%|██        | 2/10 [00:06<00:19,  2.41s/it]
Task 20, Epoch 3/10 => Loss 2.984, Train_accy 28.00:  30%|███       | 3/10 [00:06<00:14,  2.08s/it]
Task 20, Epoch 4/10 => Loss 1.842, Train_accy 60.00:  30%|███       | 3/10 [00:08<00:14,  2.08s/it]
Task 20, Epoch 4/10 => Loss 1.842, Train_accy 60.00:  40%|████      | 4/10 [00:08<00:11,  1.91s/it]
Task 20, Epoch 5/10 => Loss 1.697, Train_accy 56.00:  40%|████      | 4/10 [00:10<00:11,  1.91s/it]
Task 20, Epoch 5/10 => Loss 1.697, Train_accy 56.00:  50%|█████     | 5/10 [00:10<00:09,  1.83s/it]
Task 20, Epoch 6/10 => Loss 1.239, Train_accy 60.00:  50%|█████     | 5/10 [00:11<00:09,  1.83s/it]
Task 20, Epoch 6/10 => Loss 1.239, Train_accy 60.00:  60%|██████    | 6/10 [00:11<00:07,  1.78s/it]
Task 20, Epoch 7/10 => Loss 1.103, Train_accy 68.00:  60%|██████    | 6/10 [00:13<00:07,  1.78s/it]
Task 20, Epoch 7/10 => Loss 1.103, Train_accy 68.00:  70%|███████   | 7/10 [00:13<00:05,  1.79s/it]
Task 20, Epoch 8/10 => Loss 0.989, Train_accy 76.00:  70%|███████   | 7/10 [00:15<00:05,  1.79s/it]
Task 20, Epoch 8/10 => Loss 0.989, Train_accy 76.00:  80%|████████  | 8/10 [00:15<00:03,  1.76s/it]
Task 20, Epoch 9/10 => Loss 0.811, Train_accy 80.00:  80%|████████  | 8/10 [00:17<00:03,  1.76s/it]
Task 20, Epoch 9/10 => Loss 0.811, Train_accy 80.00:  90%|█████████ | 9/10 [00:17<00:01,  1.76s/it]
Task 20, Epoch 10/10 => Loss 0.813, Train_accy 84.00:  90%|█████████ | 9/10 [00:18<00:01,  1.76s/it]
Task 20, Epoch 10/10 => Loss 0.813, Train_accy 84.00: 100%|██████████| 10/10 [00:18<00:00,  1.71s/it]
Task 20, Epoch 10/10 => Loss 0.813, Train_accy 84.00: 100%|██████████| 10/10 [00:18<00:00,  1.87s/it]
2025-12-24 02:06:27,120 [inflora.py] => Task 20, Epoch 10/10 => Loss 0.813, Train_accy 84.00
Threshold:  0.9976190476190476
Layer 1 - Projection Matrix shape: torch.Size([768, 768])
Layer 2 - Projection Matrix shape: torch.Size([768, 768])
Layer 3 - Projection Matrix shape: torch.Size([768, 768])
Layer 4 - Projection Matrix shape: torch.Size([768, 768])
Layer 5 - Projection Matrix shape: torch.Size([768, 768])
Layer 6 - Projection Matrix shape: torch.Size([768, 768])
Layer 7 - Projection Matrix shape: torch.Size([768, 768])
Layer 8 - Projection Matrix shape: torch.Size([768, 768])
Layer 9 - Projection Matrix shape: torch.Size([768, 768])
Layer 10 - Projection Matrix shape: torch.Size([768, 768])
Layer 11 - Projection Matrix shape: torch.Size([768, 768])
Layer 12 - Projection Matrix shape: torch.Size([768, 768])
2025-12-24 02:08:12,975 [inflora.py] => Exemplar size: 0
2025-12-24 02:08:13,007 [trainer.py] => CNN: {'total': 44.06, '00-99': 88.22, '100-104': 12.77, '105-109': 0.0, '110-114': 0.0, '115-119': 0.0, '120-124': 0.0, '125-129': 0.0, '130-134': 0.0, '135-139': 0.0, '140-144': 0.0, '145-149': 0.0, '150-154': 0.0, '155-159': 0.0, '160-164': 0.0, '165-169': 0.0, '170-174': 0.0, '175-179': 0.0, '180-184': 0.0, '185-189': 0.0, '190-194': 0.0, '195-199': 0.0, 'old': 45.17, 'new': 0.0}
2025-12-24 02:08:13,007 [trainer.py] => CNN top1 curve: [90.69, 88.34, 84.41, 80.71, 76.88, 74.13, 70.9, 67.81, 65.44, 63.5, 60.78, 58.76, 56.75, 54.56, 52.96, 50.99, 50.02, 48.46, 46.62, 45.17, 44.06]
2025-12-24 02:08:13,008 [trainer.py] => Average Accuracy (CNN): 63.43

================================================================================
Finished cub_init100_inc5: InfLoRA  
Base Accuracy: 90.69
Last Accuracy: 44.06
Average Accuracy (Top1): 63.43
PD: 46.63
Backward Transfer (BWT): -0.76
Traceback (most recent call last):
  File "/public/home/hanlida/Dr.1/Code/Research/Awesome-FSCIL/CIL_Model/InfLoRA-main/main.py", line 33, in <module>
    main()
  File "/public/home/hanlida/Dr.1/Code/Research/Awesome-FSCIL/CIL_Model/InfLoRA-main/main.py", line 11, in main
    train(args)
  File "/public/home/hanlida/Dr.1/Code/Research/Awesome-FSCIL/CIL_Model/InfLoRA-main/trainer.py", line 31, in train
    _train(args)
  File "/public/home/hanlida/Dr.1/Code/Research/Awesome-FSCIL/CIL_Model/InfLoRA-main/trainer.py", line 116, in _train
    print("Forward Transfer (FWT):", forward_transfer(args["dataset"], np.array(cnn_matrix)))
  File "/public/home/hanlida/Dr.1/Code/Research/Awesome-FSCIL/CIL_Model/InfLoRA-main/trainer.py", line 200, in forward_transfer
    fwt_diffs = fwt_accs - rand_init_acc_for_fwt
ValueError: operands could not be broadcast together with shapes (20,) (10,) 
logs/cifar100/60_5_sip/InfLoRA/adam/10/0.95_1.0-0.0001/1993
2025-12-24 02:09:06,970 [trainer.py] => config: configs/inflora_cifar_B60_Inc2.json
2025-12-24 02:09:07,000 [trainer.py] => device: [device(type='cuda', index=1)]
2025-12-24 02:09:07,001 [trainer.py] => prefix: reproduce
2025-12-24 02:09:07,001 [trainer.py] => dataset: cifar100
2025-12-24 02:09:07,001 [trainer.py] => data_path: data/
2025-12-24 02:09:07,001 [trainer.py] => memory_size: 0
2025-12-24 02:09:07,001 [trainer.py] => memory_per_class: 0
2025-12-24 02:09:07,001 [trainer.py] => fixed_memory: True
2025-12-24 02:09:07,001 [trainer.py] => shuffle: False
2025-12-24 02:09:07,001 [trainer.py] => init_cls: 60
2025-12-24 02:09:07,001 [trainer.py] => increment: 5
2025-12-24 02:09:07,001 [trainer.py] => model_name: InfLoRA
2025-12-24 02:09:07,001 [trainer.py] => net_type: sip
2025-12-24 02:09:07,001 [trainer.py] => embd_dim: 768
2025-12-24 02:09:07,001 [trainer.py] => num_heads: 12
2025-12-24 02:09:07,001 [trainer.py] => total_sessions: 21
2025-12-24 02:09:07,001 [trainer.py] => seed: 1993
2025-12-24 02:09:07,001 [trainer.py] => kshot: 5
2025-12-24 02:09:07,001 [trainer.py] => EPSILON: 1e-08
2025-12-24 02:09:07,001 [trainer.py] => init_epoch: 20
2025-12-24 02:09:07,001 [trainer.py] => optim: adam
2025-12-24 02:09:07,002 [trainer.py] => init_lr: 0.0001
2025-12-24 02:09:07,002 [trainer.py] => init_lr_decay: 0.1
2025-12-24 02:09:07,002 [trainer.py] => init_weight_decay: 0.0
2025-12-24 02:09:07,002 [trainer.py] => epochs: 10
2025-12-24 02:09:07,002 [trainer.py] => lrate: 0.0001
2025-12-24 02:09:07,002 [trainer.py] => lrate_decay: 0.1
2025-12-24 02:09:07,002 [trainer.py] => batch_size: 128
2025-12-24 02:09:07,002 [trainer.py] => weight_decay: 0.0
2025-12-24 02:09:07,002 [trainer.py] => rank: 10
2025-12-24 02:09:07,002 [trainer.py] => lamb: 0.95
2025-12-24 02:09:07,002 [trainer.py] => lame: 1.0
2025-12-24 02:09:07,002 [trainer.py] => num_workers: 16
2025-12-24 02:09:07,002 [trainer.py] => gpu_models: ['NVIDIA A800 80GB PCIe']
Files already downloaded and verified
Files already downloaded and verified
2025-12-24 02:09:09,106 [data_manager.py] => [0, 1, 2, 3, 4, 5, 6, 7, 8, 9, 10, 11, 12, 13, 14, 15, 16, 17, 18, 19, 20, 21, 22, 23, 24, 25, 26, 27, 28, 29, 30, 31, 32, 33, 34, 35, 36, 37, 38, 39, 40, 41, 42, 43, 44, 45, 46, 47, 48, 49, 50, 51, 52, 53, 54, 55, 56, 57, 58, 59, 60, 61, 62, 63, 64, 65, 66, 67, 68, 69, 70, 71, 72, 73, 74, 75, 76, 77, 78, 79, 80, 81, 82, 83, 84, 85, 86, 87, 88, 89, 90, 91, 92, 93, 94, 95, 96, 97, 98, 99]
2025-12-24 02:09:36,299 [trainer.py] => All params: 101082305
2025-12-24 02:09:36,335 [trainer.py] => Trainable params: 101082305
2025-12-24 02:09:36,335 [inflora.py] => Learning on 0-60

  0%|          | 0/20 [00:00<?, ?it/s]
Task 0, Epoch 1/20 => Loss 2.354, Train_accy 44.08:   0%|          | 0/20 [17:50<?, ?it/s]
Task 0, Epoch 1/20 => Loss 2.354, Train_accy 44.08:   5%|▌         | 1/20 [17:50<5:39:00, 1070.56s/it]
Task 0, Epoch 2/20 => Loss 0.840, Train_accy 77.06:   5%|▌         | 1/20 [35:48<5:39:00, 1070.56s/it]
Task 0, Epoch 2/20 => Loss 0.840, Train_accy 77.06:  10%|█         | 2/20 [35:49<5:22:33, 1075.20s/it]
Task 0, Epoch 3/20 => Loss 0.681, Train_accy 80.83:  10%|█         | 2/20 [52:36<5:22:33, 1075.20s/it]
Task 0, Epoch 3/20 => Loss 0.681, Train_accy 80.83:  15%|█▌        | 3/20 [52:37<4:55:56, 1044.53s/it]
Task 0, Epoch 4/20 => Loss 0.622, Train_accy 82.44:  15%|█▌        | 3/20 [1:07:39<4:55:56, 1044.53s/it]
Task 0, Epoch 4/20 => Loss 0.622, Train_accy 82.44:  20%|██        | 4/20 [1:07:39<4:23:37, 988.60s/it] 
Task 0, Epoch 5/20 => Loss 0.589, Train_accy 83.06:  20%|██        | 4/20 [1:22:11<4:23:37, 988.60s/it]
Task 0, Epoch 5/20 => Loss 0.589, Train_accy 83.06:  25%|██▌       | 5/20 [1:22:11<3:56:38, 946.55s/it]
Task 0, Epoch 6/20 => Loss 0.562, Train_accy 83.90:  25%|██▌       | 5/20 [1:36:45<3:56:38, 946.55s/it]
Task 0, Epoch 6/20 => Loss 0.562, Train_accy 83.90:  30%|███       | 6/20 [1:36:45<3:35:02, 921.62s/it]
Task 0, Epoch 7/20 => Loss 0.550, Train_accy 84.15:  30%|███       | 6/20 [1:51:14<3:35:02, 921.62s/it]
Task 0, Epoch 7/20 => Loss 0.550, Train_accy 84.15:  35%|███▌      | 7/20 [1:51:14<3:15:59, 904.55s/it]
Task 0, Epoch 8/20 => Loss 0.527, Train_accy 84.75:  35%|███▌      | 7/20 [2:06:18<3:15:59, 904.55s/it]
Task 0, Epoch 8/20 => Loss 0.527, Train_accy 84.75:  40%|████      | 8/20 [2:06:18<3:00:52, 904.35s/it]
Task 0, Epoch 9/20 => Loss 0.511, Train_accy 85.06:  40%|████      | 8/20 [2:21:24<3:00:52, 904.35s/it]
Task 0, Epoch 9/20 => Loss 0.511, Train_accy 85.06:  45%|████▌     | 9/20 [2:21:24<2:45:54, 904.92s/it]
Task 0, Epoch 10/20 => Loss 0.503, Train_accy 85.24:  45%|████▌     | 9/20 [2:35:54<2:45:54, 904.92s/it]
Task 0, Epoch 10/20 => Loss 0.503, Train_accy 85.24:  50%|█████     | 10/20 [2:35:54<2:29:02, 894.25s/it]
Task 0, Epoch 11/20 => Loss 0.490, Train_accy 85.75:  50%|█████     | 10/20 [2:50:24<2:29:02, 894.25s/it]
Task 0, Epoch 11/20 => Loss 0.490, Train_accy 85.75:  55%|█████▌    | 11/20 [2:50:24<2:12:59, 886.63s/it]
Task 0, Epoch 12/20 => Loss 0.500, Train_accy 85.75:  55%|█████▌    | 11/20 [3:04:53<2:12:59, 886.63s/it]
Task 0, Epoch 12/20 => Loss 0.500, Train_accy 85.75:  60%|██████    | 12/20 [3:04:53<1:57:31, 881.39s/it]
Task 0, Epoch 13/20 => Loss 0.473, Train_accy 86.18:  60%|██████    | 12/20 [3:19:51<1:57:31, 881.39s/it]
Task 0, Epoch 13/20 => Loss 0.473, Train_accy 86.18:  65%|██████▌   | 13/20 [3:19:51<1:43:23, 886.26s/it]
Task 0, Epoch 14/20 => Loss 0.475, Train_accy 86.03:  65%|██████▌   | 13/20 [3:35:06<1:43:23, 886.26s/it]
Task 0, Epoch 14/20 => Loss 0.475, Train_accy 86.03:  70%|███████   | 14/20 [3:35:06<1:29:30, 895.13s/it]
Task 0, Epoch 15/20 => Loss 0.458, Train_accy 86.52:  70%|███████   | 14/20 [3:49:32<1:29:30, 895.13s/it]
Task 0, Epoch 15/20 => Loss 0.458, Train_accy 86.52:  75%|███████▌  | 15/20 [3:49:32<1:13:51, 886.40s/it]
Task 0, Epoch 16/20 => Loss 0.452, Train_accy 86.95:  75%|███████▌  | 15/20 [4:04:01<1:13:51, 886.40s/it]
Task 0, Epoch 16/20 => Loss 0.452, Train_accy 86.95:  80%|████████  | 16/20 [4:04:01<58:44, 881.16s/it]  
Task 0, Epoch 17/20 => Loss 0.453, Train_accy 86.49:  80%|████████  | 16/20 [4:18:29<58:44, 881.16s/it]
Task 0, Epoch 17/20 => Loss 0.453, Train_accy 86.49:  85%|████████▌ | 17/20 [4:18:29<43:51, 877.01s/it]
Task 0, Epoch 18/20 => Loss 0.449, Train_accy 86.82:  85%|████████▌ | 17/20 [4:33:19<43:51, 877.01s/it]
Task 0, Epoch 18/20 => Loss 0.449, Train_accy 86.82:  90%|█████████ | 18/20 [4:33:19<29:21, 880.88s/it]
Task 0, Epoch 19/20 => Loss 0.442, Train_accy 86.88:  90%|█████████ | 18/20 [4:48:35<29:21, 880.88s/it]
Task 0, Epoch 19/20 => Loss 0.442, Train_accy 86.88:  95%|█████████▌| 19/20 [4:48:35<14:51, 891.48s/it]
Task 0, Epoch 20/20 => Loss 0.439, Train_accy 87.14:  95%|█████████▌| 19/20 [4:59:15<14:51, 891.48s/it]
Task 0, Epoch 20/20 => Loss 0.439, Train_accy 87.14: 100%|██████████| 20/20 [4:59:15<00:00, 815.87s/it]
Task 0, Epoch 20/20 => Loss 0.439, Train_accy 87.14: 100%|██████████| 20/20 [4:59:15<00:00, 897.75s/it]
2025-12-24 07:25:30,458 [inflora.py] => Task 0, Epoch 20/20 => Loss 0.439, Train_accy 87.14
Threshold:  0.95
Layer 1 - Projection Matrix shape: torch.Size([768, 768])
Layer 2 - Projection Matrix shape: torch.Size([768, 768])
Layer 3 - Projection Matrix shape: torch.Size([768, 768])
Layer 4 - Projection Matrix shape: torch.Size([768, 768])
Layer 5 - Projection Matrix shape: torch.Size([768, 768])
Layer 6 - Projection Matrix shape: torch.Size([768, 768])
Layer 7 - Projection Matrix shape: torch.Size([768, 768])
Layer 8 - Projection Matrix shape: torch.Size([768, 768])
Layer 9 - Projection Matrix shape: torch.Size([768, 768])
Layer 10 - Projection Matrix shape: torch.Size([768, 768])
Layer 11 - Projection Matrix shape: torch.Size([768, 768])
Layer 12 - Projection Matrix shape: torch.Size([768, 768])
2025-12-24 07:36:02,791 [inflora.py] => Exemplar size: 0
2025-12-24 07:36:02,820 [trainer.py] => CNN: {'total': 94.1, '00-59': 94.1, '60-64': 88.0, '65-69': 92.0, '70-74': 92.0, '75-79': 96.0, '80-84': 96.0, '85-89': 80.0, '90-94': 96.0, '95-99': 88.0, 'old': 0, 'new': 94.1}
2025-12-24 07:36:02,820 [trainer.py] => CNN top1 curve: [94.1]
2025-12-24 07:36:02,820 [trainer.py] => Average Accuracy (CNN): 94.10
2025-12-24 07:36:02,824 [trainer.py] => All params: 101082305
2025-12-24 07:36:02,827 [trainer.py] => Trainable params: 230460
2025-12-24 07:36:02,827 [inflora.py] => Learning on 60-65

  0%|          | 0/10 [00:00<?, ?it/s]
Task 1, Epoch 1/10 => Loss 6.615, Train_accy 0.00:   0%|          | 0/10 [00:01<?, ?it/s]
Task 1, Epoch 1/10 => Loss 6.615, Train_accy 0.00:  10%|█         | 1/10 [00:01<00:10,  1.12s/it]
Task 1, Epoch 2/10 => Loss 6.221, Train_accy 0.00:  10%|█         | 1/10 [00:02<00:10,  1.12s/it]
Task 1, Epoch 2/10 => Loss 6.221, Train_accy 0.00:  20%|██        | 2/10 [00:02<00:08,  1.04s/it]
Task 1, Epoch 3/10 => Loss 5.963, Train_accy 0.00:  20%|██        | 2/10 [00:03<00:08,  1.04s/it]
Task 1, Epoch 3/10 => Loss 5.963, Train_accy 0.00:  30%|███       | 3/10 [00:03<00:07,  1.04s/it]
Task 1, Epoch 4/10 => Loss 5.871, Train_accy 0.00:  30%|███       | 3/10 [00:04<00:07,  1.04s/it]
Task 1, Epoch 4/10 => Loss 5.871, Train_accy 0.00:  40%|████      | 4/10 [00:04<00:06,  1.07s/it]
Task 1, Epoch 5/10 => Loss 5.599, Train_accy 0.00:  40%|████      | 4/10 [00:05<00:06,  1.07s/it]
Task 1, Epoch 5/10 => Loss 5.599, Train_accy 0.00:  50%|█████     | 5/10 [00:05<00:05,  1.05s/it]
Task 1, Epoch 6/10 => Loss 5.580, Train_accy 0.00:  50%|█████     | 5/10 [00:06<00:05,  1.05s/it]
Task 1, Epoch 6/10 => Loss 5.580, Train_accy 0.00:  60%|██████    | 6/10 [00:06<00:04,  1.06s/it]
Task 1, Epoch 7/10 => Loss 5.110, Train_accy 0.00:  60%|██████    | 6/10 [00:07<00:04,  1.06s/it]
Task 1, Epoch 7/10 => Loss 5.110, Train_accy 0.00:  70%|███████   | 7/10 [00:07<00:03,  1.05s/it]
Task 1, Epoch 8/10 => Loss 5.081, Train_accy 0.00:  70%|███████   | 7/10 [00:08<00:03,  1.05s/it]
Task 1, Epoch 8/10 => Loss 5.081, Train_accy 0.00:  80%|████████  | 8/10 [00:08<00:02,  1.07s/it]
Task 1, Epoch 9/10 => Loss 4.960, Train_accy 0.00:  80%|████████  | 8/10 [00:09<00:02,  1.07s/it]
Task 1, Epoch 9/10 => Loss 4.960, Train_accy 0.00:  90%|█████████ | 9/10 [00:09<00:01,  1.02s/it]
Task 1, Epoch 10/10 => Loss 4.688, Train_accy 0.00:  90%|█████████ | 9/10 [00:10<00:01,  1.02s/it]
Task 1, Epoch 10/10 => Loss 4.688, Train_accy 0.00: 100%|██████████| 10/10 [00:10<00:00,  1.05s/it]
Task 1, Epoch 10/10 => Loss 4.688, Train_accy 0.00: 100%|██████████| 10/10 [00:10<00:00,  1.05s/it]
2025-12-24 07:40:24,521 [inflora.py] => Task 1, Epoch 10/10 => Loss 4.688, Train_accy 0.00
Threshold:  0.9523809523809523
Layer 1 - Projection Matrix shape: torch.Size([768, 768])
Layer 2 - Projection Matrix shape: torch.Size([768, 768])
Layer 3 - Projection Matrix shape: torch.Size([768, 768])
Layer 4 - Projection Matrix shape: torch.Size([768, 768])
Layer 5 - Projection Matrix shape: torch.Size([768, 768])
Layer 6 - Projection Matrix shape: torch.Size([768, 768])
Layer 7 - Projection Matrix shape: torch.Size([768, 768])
Layer 8 - Projection Matrix shape: torch.Size([768, 768])
Layer 9 - Projection Matrix shape: torch.Size([768, 768])
Layer 10 - Projection Matrix shape: torch.Size([768, 768])
Layer 11 - Projection Matrix shape: torch.Size([768, 768])
Layer 12 - Projection Matrix shape: torch.Size([768, 768])
2025-12-24 07:42:10,881 [inflora.py] => Exemplar size: 0
2025-12-24 07:42:10,896 [trainer.py] => CNN: {'total': 86.83, '00-59': 94.07, '60-64': 0.0, '65-69': 80.0, '70-74': 96.0, '75-79': 96.0, '80-84': 100.0, '85-89': 88.0, '90-94': 84.0, '95-99': 96.0, 'old': 94.07, 'new': 0.0}
2025-12-24 07:42:10,896 [trainer.py] => CNN top1 curve: [94.1, 86.83]
2025-12-24 07:42:10,897 [trainer.py] => Average Accuracy (CNN): 90.47
2025-12-24 07:42:10,900 [trainer.py] => All params: 101082305
2025-12-24 07:42:10,903 [trainer.py] => Trainable params: 2535060
2025-12-24 07:42:10,904 [inflora.py] => Learning on 65-70

  0%|          | 0/10 [00:00<?, ?it/s]
Task 2, Epoch 1/10 => Loss 6.095, Train_accy 0.00:   0%|          | 0/10 [00:01<?, ?it/s]
Task 2, Epoch 1/10 => Loss 6.095, Train_accy 0.00:  10%|█         | 1/10 [00:01<00:09,  1.08s/it]
Task 2, Epoch 2/10 => Loss 6.692, Train_accy 0.00:  10%|█         | 1/10 [00:02<00:09,  1.08s/it]
Task 2, Epoch 2/10 => Loss 6.692, Train_accy 0.00:  20%|██        | 2/10 [00:02<00:08,  1.11s/it]
Task 2, Epoch 3/10 => Loss 6.029, Train_accy 0.00:  20%|██        | 2/10 [00:03<00:08,  1.11s/it]
Task 2, Epoch 3/10 => Loss 6.029, Train_accy 0.00:  30%|███       | 3/10 [00:03<00:07,  1.09s/it]
Task 2, Epoch 4/10 => Loss 5.610, Train_accy 0.00:  30%|███       | 3/10 [00:04<00:07,  1.09s/it]
Task 2, Epoch 4/10 => Loss 5.610, Train_accy 0.00:  40%|████      | 4/10 [00:04<00:06,  1.07s/it]
Task 2, Epoch 5/10 => Loss 5.708, Train_accy 4.00:  40%|████      | 4/10 [00:05<00:06,  1.07s/it]
Task 2, Epoch 5/10 => Loss 5.708, Train_accy 4.00:  50%|█████     | 5/10 [00:05<00:05,  1.10s/it]
Task 2, Epoch 6/10 => Loss 5.449, Train_accy 0.00:  50%|█████     | 5/10 [00:06<00:05,  1.10s/it]
Task 2, Epoch 6/10 => Loss 5.449, Train_accy 0.00:  60%|██████    | 6/10 [00:06<00:04,  1.10s/it]
Task 2, Epoch 7/10 => Loss 5.219, Train_accy 0.00:  60%|██████    | 6/10 [00:07<00:04,  1.10s/it]
Task 2, Epoch 7/10 => Loss 5.219, Train_accy 0.00:  70%|███████   | 7/10 [00:07<00:03,  1.10s/it]
Task 2, Epoch 8/10 => Loss 4.954, Train_accy 4.00:  70%|███████   | 7/10 [00:08<00:03,  1.10s/it]
Task 2, Epoch 8/10 => Loss 4.954, Train_accy 4.00:  80%|████████  | 8/10 [00:08<00:02,  1.10s/it]
Task 2, Epoch 9/10 => Loss 4.835, Train_accy 4.00:  80%|████████  | 8/10 [00:09<00:02,  1.10s/it]
Task 2, Epoch 9/10 => Loss 4.835, Train_accy 4.00:  90%|█████████ | 9/10 [00:09<00:01,  1.12s/it]
Task 2, Epoch 10/10 => Loss 4.616, Train_accy 4.00:  90%|█████████ | 9/10 [00:11<00:01,  1.12s/it]
Task 2, Epoch 10/10 => Loss 4.616, Train_accy 4.00: 100%|██████████| 10/10 [00:11<00:00,  1.12s/it]
Task 2, Epoch 10/10 => Loss 4.616, Train_accy 4.00: 100%|██████████| 10/10 [00:11<00:00,  1.11s/it]
2025-12-24 07:47:14,795 [inflora.py] => Task 2, Epoch 10/10 => Loss 4.616, Train_accy 4.00
Threshold:  0.9547619047619047
Layer 1 - Projection Matrix shape: torch.Size([768, 768])
Layer 2 - Projection Matrix shape: torch.Size([768, 768])
Layer 3 - Projection Matrix shape: torch.Size([768, 768])
Layer 4 - Projection Matrix shape: torch.Size([768, 768])
Layer 5 - Projection Matrix shape: torch.Size([768, 768])
Layer 6 - Projection Matrix shape: torch.Size([768, 768])
Layer 7 - Projection Matrix shape: torch.Size([768, 768])
Layer 8 - Projection Matrix shape: torch.Size([768, 768])
Layer 9 - Projection Matrix shape: torch.Size([768, 768])
Layer 10 - Projection Matrix shape: torch.Size([768, 768])
Layer 11 - Projection Matrix shape: torch.Size([768, 768])
Layer 12 - Projection Matrix shape: torch.Size([768, 768])
2025-12-24 07:49:05,415 [inflora.py] => Exemplar size: 0
2025-12-24 07:49:05,442 [trainer.py] => CNN: {'total': 80.56, '00-59': 93.98, '60-64': 0.0, '65-69': 0.0, '70-74': 84.0, '75-79': 100.0, '80-84': 96.0, '85-89': 84.0, '90-94': 100.0, '95-99': 96.0, 'old': 86.75, 'new': 0.0}
2025-12-24 07:49:05,442 [trainer.py] => CNN top1 curve: [94.1, 86.83, 80.56]
2025-12-24 07:49:05,443 [trainer.py] => Average Accuracy (CNN): 87.16
2025-12-24 07:49:05,447 [trainer.py] => All params: 101082305
2025-12-24 07:49:05,451 [trainer.py] => Trainable params: 460920
2025-12-24 07:49:05,451 [inflora.py] => Learning on 70-75

  0%|          | 0/10 [00:00<?, ?it/s]
Task 3, Epoch 1/10 => Loss 7.460, Train_accy 0.00:   0%|          | 0/10 [00:00<?, ?it/s]
Task 3, Epoch 1/10 => Loss 7.460, Train_accy 0.00:  10%|█         | 1/10 [00:00<00:08,  1.07it/s]
Task 3, Epoch 2/10 => Loss 7.160, Train_accy 0.00:  10%|█         | 1/10 [00:01<00:08,  1.07it/s]
Task 3, Epoch 2/10 => Loss 7.160, Train_accy 0.00:  20%|██        | 2/10 [00:01<00:07,  1.06it/s]
Task 3, Epoch 3/10 => Loss 7.034, Train_accy 0.00:  20%|██        | 2/10 [00:02<00:07,  1.06it/s]
Task 3, Epoch 3/10 => Loss 7.034, Train_accy 0.00:  30%|███       | 3/10 [00:02<00:06,  1.04it/s]
Task 3, Epoch 4/10 => Loss 6.837, Train_accy 0.00:  30%|███       | 3/10 [00:04<00:06,  1.04it/s]
Task 3, Epoch 4/10 => Loss 6.837, Train_accy 0.00:  40%|████      | 4/10 [00:04<00:06,  1.04s/it]
Task 3, Epoch 5/10 => Loss 6.295, Train_accy 0.00:  40%|████      | 4/10 [00:05<00:06,  1.04s/it]
Task 3, Epoch 5/10 => Loss 6.295, Train_accy 0.00:  50%|█████     | 5/10 [00:05<00:05,  1.02s/it]
Task 3, Epoch 6/10 => Loss 6.603, Train_accy 0.00:  50%|█████     | 5/10 [00:06<00:05,  1.02s/it]
Task 3, Epoch 6/10 => Loss 6.603, Train_accy 0.00:  60%|██████    | 6/10 [00:06<00:04,  1.02s/it]
Task 3, Epoch 7/10 => Loss 6.384, Train_accy 0.00:  60%|██████    | 6/10 [00:06<00:04,  1.02s/it]
Task 3, Epoch 7/10 => Loss 6.384, Train_accy 0.00:  70%|███████   | 7/10 [00:06<00:03,  1.00s/it]
Task 3, Epoch 8/10 => Loss 6.119, Train_accy 0.00:  70%|███████   | 7/10 [00:07<00:03,  1.00s/it]
Task 3, Epoch 8/10 => Loss 6.119, Train_accy 0.00:  80%|████████  | 8/10 [00:07<00:01,  1.04it/s]
Task 3, Epoch 9/10 => Loss 5.820, Train_accy 0.00:  80%|████████  | 8/10 [00:08<00:01,  1.04it/s]
Task 3, Epoch 9/10 => Loss 5.820, Train_accy 0.00:  90%|█████████ | 9/10 [00:08<00:00,  1.06it/s]
Task 3, Epoch 10/10 => Loss 6.023, Train_accy 0.00:  90%|█████████ | 9/10 [00:09<00:00,  1.06it/s]
Task 3, Epoch 10/10 => Loss 6.023, Train_accy 0.00: 100%|██████████| 10/10 [00:09<00:00,  1.05it/s]
Task 3, Epoch 10/10 => Loss 6.023, Train_accy 0.00: 100%|██████████| 10/10 [00:09<00:00,  1.03it/s]
2025-12-24 07:54:06,148 [inflora.py] => Task 3, Epoch 10/10 => Loss 6.023, Train_accy 0.00
Threshold:  0.9571428571428571
Skip Updating DualGPM for layer: 1
Skip Updating DualGPM for layer: 2
Skip Updating DualGPM for layer: 3
Layer 1 - Projection Matrix shape: torch.Size([768, 768])
Layer 2 - Projection Matrix shape: torch.Size([768, 768])
Layer 3 - Projection Matrix shape: torch.Size([768, 768])
Layer 4 - Projection Matrix shape: torch.Size([768, 768])
Layer 5 - Projection Matrix shape: torch.Size([768, 768])
Layer 6 - Projection Matrix shape: torch.Size([768, 768])
Layer 7 - Projection Matrix shape: torch.Size([768, 768])
Layer 8 - Projection Matrix shape: torch.Size([768, 768])
Layer 9 - Projection Matrix shape: torch.Size([768, 768])
Layer 10 - Projection Matrix shape: torch.Size([768, 768])
Layer 11 - Projection Matrix shape: torch.Size([768, 768])
Layer 12 - Projection Matrix shape: torch.Size([768, 768])
2025-12-24 07:55:59,735 [inflora.py] => Exemplar size: 0
2025-12-24 07:55:59,765 [trainer.py] => CNN: {'total': 75.12, '00-59': 93.9, '60-64': 0.0, '65-69': 0.0, '70-74': 0.0, '75-79': 88.0, '80-84': 96.0, '85-89': 92.0, '90-94': 88.0, '95-99': 96.0, 'old': 80.49, 'new': 0.0}
2025-12-24 07:55:59,765 [trainer.py] => CNN top1 curve: [94.1, 86.83, 80.56, 75.12]
2025-12-24 07:55:59,765 [trainer.py] => Average Accuracy (CNN): 84.15
2025-12-24 07:55:59,769 [trainer.py] => All params: 101082305
2025-12-24 07:55:59,772 [trainer.py] => Trainable params: 230460
2025-12-24 07:55:59,772 [inflora.py] => Learning on 75-80

  0%|          | 0/10 [00:00<?, ?it/s]
Task 4, Epoch 1/10 => Loss 5.951, Train_accy 0.00:   0%|          | 0/10 [00:00<?, ?it/s]
Task 4, Epoch 1/10 => Loss 5.951, Train_accy 0.00:  10%|█         | 1/10 [00:00<00:08,  1.07it/s]
Task 4, Epoch 2/10 => Loss 5.788, Train_accy 0.00:  10%|█         | 1/10 [00:01<00:08,  1.07it/s]
Task 4, Epoch 2/10 => Loss 5.788, Train_accy 0.00:  20%|██        | 2/10 [00:01<00:07,  1.03it/s]
Task 4, Epoch 3/10 => Loss 5.265, Train_accy 0.00:  20%|██        | 2/10 [00:02<00:07,  1.03it/s]
Task 4, Epoch 3/10 => Loss 5.265, Train_accy 0.00:  30%|███       | 3/10 [00:02<00:06,  1.03it/s]
Task 4, Epoch 4/10 => Loss 4.963, Train_accy 4.00:  30%|███       | 3/10 [00:03<00:06,  1.03it/s]
Task 4, Epoch 4/10 => Loss 4.963, Train_accy 4.00:  40%|████      | 4/10 [00:03<00:06,  1.00s/it]
Task 4, Epoch 5/10 => Loss 4.849, Train_accy 0.00:  40%|████      | 4/10 [00:04<00:06,  1.00s/it]
Task 4, Epoch 5/10 => Loss 4.849, Train_accy 0.00:  50%|█████     | 5/10 [00:04<00:04,  1.02it/s]
Task 4, Epoch 6/10 => Loss 4.664, Train_accy 4.00:  50%|█████     | 5/10 [00:05<00:04,  1.02it/s]
Task 4, Epoch 6/10 => Loss 4.664, Train_accy 4.00:  60%|██████    | 6/10 [00:05<00:04,  1.01s/it]
Task 4, Epoch 7/10 => Loss 4.343, Train_accy 4.00:  60%|██████    | 6/10 [00:07<00:04,  1.01s/it]
Task 4, Epoch 7/10 => Loss 4.343, Train_accy 4.00:  70%|███████   | 7/10 [00:07<00:03,  1.02s/it]
Task 4, Epoch 8/10 => Loss 4.311, Train_accy 0.00:  70%|███████   | 7/10 [00:08<00:03,  1.02s/it]
Task 4, Epoch 8/10 => Loss 4.311, Train_accy 0.00:  80%|████████  | 8/10 [00:08<00:02,  1.03s/it]
Task 4, Epoch 9/10 => Loss 4.052, Train_accy 4.00:  80%|████████  | 8/10 [00:09<00:02,  1.03s/it]
Task 4, Epoch 9/10 => Loss 4.052, Train_accy 4.00:  90%|█████████ | 9/10 [00:09<00:01,  1.03s/it]
Task 4, Epoch 10/10 => Loss 3.978, Train_accy 0.00:  90%|█████████ | 9/10 [00:10<00:01,  1.03s/it]
Task 4, Epoch 10/10 => Loss 3.978, Train_accy 0.00: 100%|██████████| 10/10 [00:10<00:00,  1.01s/it]
Task 4, Epoch 10/10 => Loss 3.978, Train_accy 0.00: 100%|██████████| 10/10 [00:10<00:00,  1.01s/it]
2025-12-24 08:00:21,082 [inflora.py] => Task 4, Epoch 10/10 => Loss 3.978, Train_accy 0.00
Threshold:  0.9595238095238094
Skip Updating DualGPM for layer: 1
Skip Updating DualGPM for layer: 2
Layer 1 - Projection Matrix shape: torch.Size([768, 768])
Layer 2 - Projection Matrix shape: torch.Size([768, 768])
Layer 3 - Projection Matrix shape: torch.Size([768, 768])
Layer 4 - Projection Matrix shape: torch.Size([768, 768])
Layer 5 - Projection Matrix shape: torch.Size([768, 768])
Layer 6 - Projection Matrix shape: torch.Size([768, 768])
Layer 7 - Projection Matrix shape: torch.Size([768, 768])
Layer 8 - Projection Matrix shape: torch.Size([768, 768])
Layer 9 - Projection Matrix shape: torch.Size([768, 768])
Layer 10 - Projection Matrix shape: torch.Size([768, 768])
Layer 11 - Projection Matrix shape: torch.Size([768, 768])
Layer 12 - Projection Matrix shape: torch.Size([768, 768])
2025-12-24 08:02:16,499 [inflora.py] => Exemplar size: 0
2025-12-24 08:02:16,509 [trainer.py] => CNN: {'total': 70.46, '00-59': 93.93, '60-64': 0.0, '65-69': 0.0, '70-74': 0.0, '75-79': 0.2, '80-84': 92.0, '85-89': 92.0, '90-94': 92.0, '95-99': 96.0, 'old': 75.15, 'new': 0.2}
2025-12-24 08:02:16,509 [trainer.py] => CNN top1 curve: [94.1, 86.83, 80.56, 75.12, 70.46]
2025-12-24 08:02:16,510 [trainer.py] => Average Accuracy (CNN): 81.41
2025-12-24 08:02:16,517 [trainer.py] => All params: 101082305
2025-12-24 08:02:16,524 [trainer.py] => Trainable params: 230460
2025-12-24 08:02:16,524 [inflora.py] => Learning on 80-85

  0%|          | 0/10 [00:00<?, ?it/s]
Task 5, Epoch 1/10 => Loss 5.334, Train_accy 0.00:   0%|          | 0/10 [00:01<?, ?it/s]
Task 5, Epoch 1/10 => Loss 5.334, Train_accy 0.00:  10%|█         | 1/10 [00:01<00:09,  1.03s/it]
Task 5, Epoch 2/10 => Loss 4.780, Train_accy 0.00:  10%|█         | 1/10 [00:02<00:09,  1.03s/it]
Task 5, Epoch 2/10 => Loss 4.780, Train_accy 0.00:  20%|██        | 2/10 [00:02<00:08,  1.05s/it]
Task 5, Epoch 3/10 => Loss 4.797, Train_accy 0.00:  20%|██        | 2/10 [00:03<00:08,  1.05s/it]
Task 5, Epoch 3/10 => Loss 4.797, Train_accy 0.00:  30%|███       | 3/10 [00:03<00:07,  1.01s/it]
Task 5, Epoch 4/10 => Loss 4.485, Train_accy 0.00:  30%|███       | 3/10 [00:04<00:07,  1.01s/it]
Task 5, Epoch 4/10 => Loss 4.485, Train_accy 0.00:  40%|████      | 4/10 [00:04<00:06,  1.01s/it]
Task 5, Epoch 5/10 => Loss 4.131, Train_accy 4.00:  40%|████      | 4/10 [00:05<00:06,  1.01s/it]
Task 5, Epoch 5/10 => Loss 4.131, Train_accy 4.00:  50%|█████     | 5/10 [00:05<00:04,  1.01it/s]
Task 5, Epoch 6/10 => Loss 3.893, Train_accy 0.00:  50%|█████     | 5/10 [00:05<00:04,  1.01it/s]
Task 5, Epoch 6/10 => Loss 3.893, Train_accy 0.00:  60%|██████    | 6/10 [00:05<00:03,  1.02it/s]
Task 5, Epoch 7/10 => Loss 3.908, Train_accy 4.00:  60%|██████    | 6/10 [00:06<00:03,  1.02it/s]
Task 5, Epoch 7/10 => Loss 3.908, Train_accy 4.00:  70%|███████   | 7/10 [00:06<00:02,  1.04it/s]
Task 5, Epoch 8/10 => Loss 3.904, Train_accy 0.00:  70%|███████   | 7/10 [00:07<00:02,  1.04it/s]
Task 5, Epoch 8/10 => Loss 3.904, Train_accy 0.00:  80%|████████  | 8/10 [00:07<00:01,  1.02it/s]
Task 5, Epoch 9/10 => Loss 3.475, Train_accy 12.00:  80%|████████  | 8/10 [00:08<00:01,  1.02it/s]
Task 5, Epoch 9/10 => Loss 3.475, Train_accy 12.00:  90%|█████████ | 9/10 [00:08<00:00,  1.03it/s]
Task 5, Epoch 10/10 => Loss 3.836, Train_accy 4.00:  90%|█████████ | 9/10 [00:09<00:00,  1.03it/s]
Task 5, Epoch 10/10 => Loss 3.836, Train_accy 4.00: 100%|██████████| 10/10 [00:09<00:00,  1.00s/it]
Task 5, Epoch 10/10 => Loss 3.836, Train_accy 4.00: 100%|██████████| 10/10 [00:09<00:00,  1.00it/s]
2025-12-24 08:06:32,307 [inflora.py] => Task 5, Epoch 10/10 => Loss 3.836, Train_accy 4.00
Threshold:  0.9619047619047618
Skip Updating DualGPM for layer: 1
Skip Updating DualGPM for layer: 2
Layer 1 - Projection Matrix shape: torch.Size([768, 768])
Layer 2 - Projection Matrix shape: torch.Size([768, 768])
Layer 3 - Projection Matrix shape: torch.Size([768, 768])
Layer 4 - Projection Matrix shape: torch.Size([768, 768])
Layer 5 - Projection Matrix shape: torch.Size([768, 768])
Layer 6 - Projection Matrix shape: torch.Size([768, 768])
Layer 7 - Projection Matrix shape: torch.Size([768, 768])
Layer 8 - Projection Matrix shape: torch.Size([768, 768])
Layer 9 - Projection Matrix shape: torch.Size([768, 768])
Layer 10 - Projection Matrix shape: torch.Size([768, 768])
Layer 11 - Projection Matrix shape: torch.Size([768, 768])
Layer 12 - Projection Matrix shape: torch.Size([768, 768])
2025-12-24 08:08:31,306 [inflora.py] => Exemplar size: 0
2025-12-24 08:08:31,345 [trainer.py] => CNN: {'total': 66.31, '00-59': 93.93, '60-64': 0.0, '65-69': 0.0, '70-74': 0.0, '75-79': 0.0, '80-84': 0.0, '85-89': 88.0, '90-94': 68.0, '95-99': 88.0, 'old': 70.45, 'new': 0.0}
2025-12-24 08:08:31,345 [trainer.py] => CNN top1 curve: [94.1, 86.83, 80.56, 75.12, 70.46, 66.31]
2025-12-24 08:08:31,345 [trainer.py] => Average Accuracy (CNN): 78.90
2025-12-24 08:08:31,351 [trainer.py] => All params: 101082305
2025-12-24 08:08:31,356 [trainer.py] => Trainable params: 230460
2025-12-24 08:08:31,356 [inflora.py] => Learning on 85-90

  0%|          | 0/10 [00:00<?, ?it/s]
Task 6, Epoch 1/10 => Loss 7.174, Train_accy 0.00:   0%|          | 0/10 [00:01<?, ?it/s]
Task 6, Epoch 1/10 => Loss 7.174, Train_accy 0.00:  10%|█         | 1/10 [00:01<00:09,  1.08s/it]
Task 6, Epoch 2/10 => Loss 6.314, Train_accy 0.00:  10%|█         | 1/10 [00:02<00:09,  1.08s/it]
Task 6, Epoch 2/10 => Loss 6.314, Train_accy 0.00:  20%|██        | 2/10 [00:02<00:08,  1.08s/it]
Task 6, Epoch 3/10 => Loss 6.296, Train_accy 0.00:  20%|██        | 2/10 [00:03<00:08,  1.08s/it]
Task 6, Epoch 3/10 => Loss 6.296, Train_accy 0.00:  30%|███       | 3/10 [00:03<00:07,  1.10s/it]
Task 6, Epoch 4/10 => Loss 5.994, Train_accy 0.00:  30%|███       | 3/10 [00:04<00:07,  1.10s/it]
Task 6, Epoch 4/10 => Loss 5.994, Train_accy 0.00:  40%|████      | 4/10 [00:04<00:06,  1.13s/it]
Task 6, Epoch 5/10 => Loss 5.809, Train_accy 4.00:  40%|████      | 4/10 [00:05<00:06,  1.13s/it]
Task 6, Epoch 5/10 => Loss 5.809, Train_accy 4.00:  50%|█████     | 5/10 [00:05<00:05,  1.16s/it]
Task 6, Epoch 6/10 => Loss 6.013, Train_accy 0.00:  50%|█████     | 5/10 [00:06<00:05,  1.16s/it]
Task 6, Epoch 6/10 => Loss 6.013, Train_accy 0.00:  60%|██████    | 6/10 [00:06<00:04,  1.19s/it]
Task 6, Epoch 7/10 => Loss 5.537, Train_accy 4.00:  60%|██████    | 6/10 [00:08<00:04,  1.19s/it]
Task 6, Epoch 7/10 => Loss 5.537, Train_accy 4.00:  70%|███████   | 7/10 [00:08<00:03,  1.17s/it]
Task 6, Epoch 8/10 => Loss 5.395, Train_accy 4.00:  70%|███████   | 7/10 [00:09<00:03,  1.17s/it]
Task 6, Epoch 8/10 => Loss 5.395, Train_accy 4.00:  80%|████████  | 8/10 [00:09<00:02,  1.17s/it]
Task 6, Epoch 9/10 => Loss 5.189, Train_accy 0.00:  80%|████████  | 8/10 [00:10<00:02,  1.17s/it]
Task 6, Epoch 9/10 => Loss 5.189, Train_accy 0.00:  90%|█████████ | 9/10 [00:10<00:01,  1.18s/it]
Task 6, Epoch 10/10 => Loss 5.274, Train_accy 4.00:  90%|█████████ | 9/10 [00:11<00:01,  1.18s/it]
Task 6, Epoch 10/10 => Loss 5.274, Train_accy 4.00: 100%|██████████| 10/10 [00:11<00:00,  1.15s/it]
Task 6, Epoch 10/10 => Loss 5.274, Train_accy 4.00: 100%|██████████| 10/10 [00:11<00:00,  1.15s/it]
2025-12-24 08:13:21,440 [inflora.py] => Task 6, Epoch 10/10 => Loss 5.274, Train_accy 4.00
Threshold:  0.9642857142857143
Skip Updating DualGPM for layer: 1
Skip Updating DualGPM for layer: 2
Skip Updating DualGPM for layer: 3
Layer 1 - Projection Matrix shape: torch.Size([768, 768])
Layer 2 - Projection Matrix shape: torch.Size([768, 768])
Layer 3 - Projection Matrix shape: torch.Size([768, 768])
Layer 4 - Projection Matrix shape: torch.Size([768, 768])
Layer 5 - Projection Matrix shape: torch.Size([768, 768])
Layer 6 - Projection Matrix shape: torch.Size([768, 768])
Layer 7 - Projection Matrix shape: torch.Size([768, 768])
Layer 8 - Projection Matrix shape: torch.Size([768, 768])
Layer 9 - Projection Matrix shape: torch.Size([768, 768])
Layer 10 - Projection Matrix shape: torch.Size([768, 768])
Layer 11 - Projection Matrix shape: torch.Size([768, 768])
Layer 12 - Projection Matrix shape: torch.Size([768, 768])
2025-12-24 08:16:00,472 [inflora.py] => Exemplar size: 0
2025-12-24 08:16:00,503 [trainer.py] => CNN: {'total': 62.66, '00-59': 93.98, '60-64': 0.0, '65-69': 0.0, '70-74': 0.0, '75-79': 0.0, '80-84': 0.0, '85-89': 0.0, '90-94': 100.0, '95-99': 88.0, 'old': 66.34, 'new': 0.0}
2025-12-24 08:16:00,503 [trainer.py] => CNN top1 curve: [94.1, 86.83, 80.56, 75.12, 70.46, 66.31, 62.66]
2025-12-24 08:16:00,503 [trainer.py] => Average Accuracy (CNN): 76.58
2025-12-24 08:16:00,508 [trainer.py] => All params: 101082305
2025-12-24 08:16:00,512 [trainer.py] => Trainable params: 230460
2025-12-24 08:16:00,512 [inflora.py] => Learning on 90-95

  0%|          | 0/10 [00:00<?, ?it/s]
Task 7, Epoch 1/10 => Loss 5.353, Train_accy 4.00:   0%|          | 0/10 [00:00<?, ?it/s]
Task 7, Epoch 1/10 => Loss 5.353, Train_accy 4.00:  10%|█         | 1/10 [00:00<00:08,  1.12it/s]
Task 7, Epoch 2/10 => Loss 5.104, Train_accy 8.00:  10%|█         | 1/10 [00:02<00:08,  1.12it/s]
Task 7, Epoch 2/10 => Loss 5.104, Train_accy 8.00:  20%|██        | 2/10 [00:02<00:08,  1.04s/it]
Task 7, Epoch 3/10 => Loss 4.666, Train_accy 8.00:  20%|██        | 2/10 [00:03<00:08,  1.04s/it]
Task 7, Epoch 3/10 => Loss 4.666, Train_accy 8.00:  30%|███       | 3/10 [00:03<00:07,  1.10s/it]
Task 7, Epoch 4/10 => Loss 4.447, Train_accy 8.00:  30%|███       | 3/10 [00:04<00:07,  1.10s/it]
Task 7, Epoch 4/10 => Loss 4.447, Train_accy 8.00:  40%|████      | 4/10 [00:04<00:06,  1.10s/it]
Task 7, Epoch 5/10 => Loss 4.455, Train_accy 12.00:  40%|████      | 4/10 [00:05<00:06,  1.10s/it]
Task 7, Epoch 5/10 => Loss 4.455, Train_accy 12.00:  50%|█████     | 5/10 [00:05<00:05,  1.04s/it]
Task 7, Epoch 6/10 => Loss 3.917, Train_accy 12.00:  50%|█████     | 5/10 [00:06<00:05,  1.04s/it]
Task 7, Epoch 6/10 => Loss 3.917, Train_accy 12.00:  60%|██████    | 6/10 [00:06<00:04,  1.05s/it]
Task 7, Epoch 7/10 => Loss 3.906, Train_accy 20.00:  60%|██████    | 6/10 [00:07<00:04,  1.05s/it]
Task 7, Epoch 7/10 => Loss 3.906, Train_accy 20.00:  70%|███████   | 7/10 [00:07<00:03,  1.02s/it]
Task 7, Epoch 8/10 => Loss 3.512, Train_accy 16.00:  70%|███████   | 7/10 [00:08<00:03,  1.02s/it]
Task 7, Epoch 8/10 => Loss 3.512, Train_accy 16.00:  80%|████████  | 8/10 [00:08<00:02,  1.02s/it]
Task 7, Epoch 9/10 => Loss 3.628, Train_accy 8.00:  80%|████████  | 8/10 [00:09<00:02,  1.02s/it] 
Task 7, Epoch 9/10 => Loss 3.628, Train_accy 8.00:  90%|█████████ | 9/10 [00:09<00:00,  1.01it/s]
Task 7, Epoch 10/10 => Loss 3.647, Train_accy 16.00:  90%|█████████ | 9/10 [00:10<00:00,  1.01it/s]
Task 7, Epoch 10/10 => Loss 3.647, Train_accy 16.00: 100%|██████████| 10/10 [00:10<00:00,  1.01s/it]
Task 7, Epoch 10/10 => Loss 3.647, Train_accy 16.00: 100%|██████████| 10/10 [00:10<00:00,  1.03s/it]
2025-12-24 08:21:46,688 [inflora.py] => Task 7, Epoch 10/10 => Loss 3.647, Train_accy 16.00
Threshold:  0.9666666666666667
Skip Updating DualGPM for layer: 1
Skip Updating DualGPM for layer: 2
Skip Updating DualGPM for layer: 3
Skip Updating DualGPM for layer: 4
Layer 1 - Projection Matrix shape: torch.Size([768, 768])
Layer 2 - Projection Matrix shape: torch.Size([768, 768])
Layer 3 - Projection Matrix shape: torch.Size([768, 768])
Layer 4 - Projection Matrix shape: torch.Size([768, 768])
Layer 5 - Projection Matrix shape: torch.Size([768, 768])
Layer 6 - Projection Matrix shape: torch.Size([768, 768])
Layer 7 - Projection Matrix shape: torch.Size([768, 768])
Layer 8 - Projection Matrix shape: torch.Size([768, 768])
Layer 9 - Projection Matrix shape: torch.Size([768, 768])
Layer 10 - Projection Matrix shape: torch.Size([768, 768])
Layer 11 - Projection Matrix shape: torch.Size([768, 768])
Layer 12 - Projection Matrix shape: torch.Size([768, 768])
2025-12-24 08:24:04,260 [inflora.py] => Exemplar size: 0
2025-12-24 08:24:04,288 [trainer.py] => CNN: {'total': 59.29, '00-59': 93.88, '60-64': 0.0, '65-69': 0.0, '70-74': 0.0, '75-79': 0.0, '80-84': 0.0, '85-89': 0.0, '90-94': 0.0, '95-99': 92.0, 'old': 62.59, 'new': 0.0}
2025-12-24 08:24:04,288 [trainer.py] => CNN top1 curve: [94.1, 86.83, 80.56, 75.12, 70.46, 66.31, 62.66, 59.29]
2025-12-24 08:24:04,288 [trainer.py] => Average Accuracy (CNN): 74.42
2025-12-24 08:24:04,293 [trainer.py] => All params: 101082305
2025-12-24 08:24:04,296 [trainer.py] => Trainable params: 230460
2025-12-24 08:24:04,297 [inflora.py] => Learning on 95-100

  0%|          | 0/10 [00:00<?, ?it/s]
Task 8, Epoch 1/10 => Loss 6.481, Train_accy 0.00:   0%|          | 0/10 [00:01<?, ?it/s]
Task 8, Epoch 1/10 => Loss 6.481, Train_accy 0.00:  10%|█         | 1/10 [00:01<00:09,  1.07s/it]
Task 8, Epoch 2/10 => Loss 6.359, Train_accy 0.00:  10%|█         | 1/10 [00:01<00:09,  1.07s/it]
Task 8, Epoch 2/10 => Loss 6.359, Train_accy 0.00:  20%|██        | 2/10 [00:01<00:07,  1.02it/s]
Task 8, Epoch 3/10 => Loss 6.059, Train_accy 0.00:  20%|██        | 2/10 [00:03<00:07,  1.02it/s]
Task 8, Epoch 3/10 => Loss 6.059, Train_accy 0.00:  30%|███       | 3/10 [00:03<00:07,  1.01s/it]
Task 8, Epoch 4/10 => Loss 5.859, Train_accy 0.00:  30%|███       | 3/10 [00:03<00:07,  1.01s/it]
Task 8, Epoch 4/10 => Loss 5.859, Train_accy 0.00:  40%|████      | 4/10 [00:03<00:05,  1.01it/s]
Task 8, Epoch 5/10 => Loss 5.580, Train_accy 0.00:  40%|████      | 4/10 [00:05<00:05,  1.01it/s]
Task 8, Epoch 5/10 => Loss 5.580, Train_accy 0.00:  50%|█████     | 5/10 [00:05<00:05,  1.00s/it]
Task 8, Epoch 6/10 => Loss 4.909, Train_accy 4.00:  50%|█████     | 5/10 [00:06<00:05,  1.00s/it]
Task 8, Epoch 6/10 => Loss 4.909, Train_accy 4.00:  60%|██████    | 6/10 [00:06<00:04,  1.07s/it]
Task 8, Epoch 7/10 => Loss 5.257, Train_accy 0.00:  60%|██████    | 6/10 [00:07<00:04,  1.07s/it]
Task 8, Epoch 7/10 => Loss 5.257, Train_accy 0.00:  70%|███████   | 7/10 [00:07<00:03,  1.09s/it]
Task 8, Epoch 8/10 => Loss 5.049, Train_accy 0.00:  70%|███████   | 7/10 [00:08<00:03,  1.09s/it]
Task 8, Epoch 8/10 => Loss 5.049, Train_accy 0.00:  80%|████████  | 8/10 [00:08<00:02,  1.09s/it]
Task 8, Epoch 9/10 => Loss 5.051, Train_accy 4.00:  80%|████████  | 8/10 [00:09<00:02,  1.09s/it]
Task 8, Epoch 9/10 => Loss 5.051, Train_accy 4.00:  90%|█████████ | 9/10 [00:09<00:01,  1.08s/it]
Task 8, Epoch 10/10 => Loss 4.865, Train_accy 0.00:  90%|█████████ | 9/10 [00:10<00:01,  1.08s/it]
Task 8, Epoch 10/10 => Loss 4.865, Train_accy 0.00: 100%|██████████| 10/10 [00:10<00:00,  1.08s/it]
Task 8, Epoch 10/10 => Loss 4.865, Train_accy 0.00: 100%|██████████| 10/10 [00:10<00:00,  1.06s/it]
2025-12-24 08:28:56,494 [inflora.py] => Task 8, Epoch 10/10 => Loss 4.865, Train_accy 0.00
Threshold:  0.969047619047619
Skip Updating DualGPM for layer: 1
Skip Updating DualGPM for layer: 2
Skip Updating DualGPM for layer: 3
Layer 1 - Projection Matrix shape: torch.Size([768, 768])
Layer 2 - Projection Matrix shape: torch.Size([768, 768])
Layer 3 - Projection Matrix shape: torch.Size([768, 768])
Layer 4 - Projection Matrix shape: torch.Size([768, 768])
Layer 5 - Projection Matrix shape: torch.Size([768, 768])
Layer 6 - Projection Matrix shape: torch.Size([768, 768])
Layer 7 - Projection Matrix shape: torch.Size([768, 768])
Layer 8 - Projection Matrix shape: torch.Size([768, 768])
Layer 9 - Projection Matrix shape: torch.Size([768, 768])
Layer 10 - Projection Matrix shape: torch.Size([768, 768])
Layer 11 - Projection Matrix shape: torch.Size([768, 768])
Layer 12 - Projection Matrix shape: torch.Size([768, 768])
2025-12-24 08:31:12,106 [inflora.py] => Exemplar size: 0
2025-12-24 08:31:12,127 [trainer.py] => CNN: {'total': 56.33, '00-59': 93.87, '60-64': 0.0, '65-69': 0.0, '70-74': 0.0, '75-79': 0.2, '80-84': 0.0, '85-89': 0.0, '90-94': 0.0, '95-99': 0.0, 'old': 59.29, 'new': 0.0}
2025-12-24 08:31:12,127 [trainer.py] => CNN top1 curve: [94.1, 86.83, 80.56, 75.12, 70.46, 66.31, 62.66, 59.29, 56.33]
2025-12-24 08:31:12,128 [trainer.py] => Average Accuracy (CNN): 72.41

================================================================================
Finished cifar100_init60_inc5: InfLoRA  
Base Accuracy: 94.1
Last Accuracy: 56.33
Average Accuracy (Top1): 72.41
PD: 37.77
Backward Transfer (BWT): -0.03
Forward Transfer (FWT): 42.3
Accuracy Matrix (CNN):
[[ 94.1   88.    92.    92.    96.    96.    80.    96.    88.  ]
 [ 94.07   0.    80.    96.    96.   100.    88.    84.    96.  ]
 [ 93.98   0.     0.    84.   100.    96.    84.   100.    96.  ]
 [ 93.9    0.     0.     0.    88.    96.    92.    88.    96.  ]
 [ 93.93   0.     0.     0.     0.2   92.    92.    92.    96.  ]
 [ 93.93   0.     0.     0.     0.     0.    88.    68.    88.  ]
 [ 93.98   0.     0.     0.     0.     0.     0.   100.    88.  ]
 [ 93.88   0.     0.     0.     0.     0.     0.     0.    92.  ]
 [ 93.87   0.     0.     0.     0.2    0.     0.     0.     0.  ]]
================================================================================
logs/ImageNet_R/100_5_sip/InfLoRA/adam/10/0.98_1.0-0.0005/1993
2025-12-24 18:19:00,353 [trainer.py] => config: configs/inflora_inr_B100_Inc5.json
2025-12-24 18:19:00,365 [trainer.py] => device: [device(type='cuda', index=1)]
2025-12-24 18:19:00,365 [trainer.py] => prefix: reproduce
2025-12-24 18:19:00,366 [trainer.py] => dataset: ImageNet_R
2025-12-24 18:19:00,366 [trainer.py] => data_path: /public/home/hanlida/Dr.1/Dataset/imagenet-r
2025-12-24 18:19:00,366 [trainer.py] => memory_size: 0
2025-12-24 18:19:00,366 [trainer.py] => memory_per_class: 0
2025-12-24 18:19:00,366 [trainer.py] => fixed_memory: True
2025-12-24 18:19:00,366 [trainer.py] => shuffle: False
2025-12-24 18:19:00,366 [trainer.py] => init_cls: 100
2025-12-24 18:19:00,366 [trainer.py] => increment: 5
2025-12-24 18:19:00,366 [trainer.py] => model_name: InfLoRA
2025-12-24 18:19:00,366 [trainer.py] => net_type: sip
2025-12-24 18:19:00,366 [trainer.py] => embd_dim: 768
2025-12-24 18:19:00,366 [trainer.py] => num_heads: 12
2025-12-24 18:19:00,366 [trainer.py] => total_sessions: 21
2025-12-24 18:19:00,366 [trainer.py] => seed: 1993
2025-12-24 18:19:00,367 [trainer.py] => kshot: 5
2025-12-24 18:19:00,367 [trainer.py] => EPSILON: 1e-08
2025-12-24 18:19:00,367 [trainer.py] => init_epoch: 50
2025-12-24 18:19:00,367 [trainer.py] => optim: adam
2025-12-24 18:19:00,367 [trainer.py] => init_lr: 0.0005
2025-12-24 18:19:00,367 [trainer.py] => init_lr_decay: 0.1
2025-12-24 18:19:00,367 [trainer.py] => init_weight_decay: 0.0
2025-12-24 18:19:00,367 [trainer.py] => epochs: 10
2025-12-24 18:19:00,367 [trainer.py] => lrate: 0.0005
2025-12-24 18:19:00,367 [trainer.py] => lrate_decay: 0.1
2025-12-24 18:19:00,367 [trainer.py] => batch_size: 128
2025-12-24 18:19:00,367 [trainer.py] => weight_decay: 0.0
2025-12-24 18:19:00,367 [trainer.py] => rank: 10
2025-12-24 18:19:00,367 [trainer.py] => lamb: 0.98
2025-12-24 18:19:00,368 [trainer.py] => lame: 1.0
2025-12-24 18:19:00,368 [trainer.py] => num_workers: 16
2025-12-24 18:19:00,368 [trainer.py] => gpu_models: ['NVIDIA A800 80GB PCIe']
2025-12-24 18:19:01,328 [data_manager.py] => [0, 1, 2, 3, 4, 5, 6, 7, 8, 9, 10, 11, 12, 13, 14, 15, 16, 17, 18, 19, 20, 21, 22, 23, 24, 25, 26, 27, 28, 29, 30, 31, 32, 33, 34, 35, 36, 37, 38, 39, 40, 41, 42, 43, 44, 45, 46, 47, 48, 49, 50, 51, 52, 53, 54, 55, 56, 57, 58, 59, 60, 61, 62, 63, 64, 65, 66, 67, 68, 69, 70, 71, 72, 73, 74, 75, 76, 77, 78, 79, 80, 81, 82, 83, 84, 85, 86, 87, 88, 89, 90, 91, 92, 93, 94, 95, 96, 97, 98, 99, 100, 101, 102, 103, 104, 105, 106, 107, 108, 109, 110, 111, 112, 113, 114, 115, 116, 117, 118, 119, 120, 121, 122, 123, 124, 125, 126, 127, 128, 129, 130, 131, 132, 133, 134, 135, 136, 137, 138, 139, 140, 141, 142, 143, 144, 145, 146, 147, 148, 149, 150, 151, 152, 153, 154, 155, 156, 157, 158, 159, 160, 161, 162, 163, 164, 165, 166, 167, 168, 169, 170, 171, 172, 173, 174, 175, 176, 177, 178, 179, 180, 181, 182, 183, 184, 185, 186, 187, 188, 189, 190, 191, 192, 193, 194, 195, 196, 197, 198, 199]
2025-12-24 18:19:19,831 [trainer.py] => All params: 102451025
2025-12-24 18:19:19,834 [trainer.py] => Trainable params: 102451025
2025-12-24 18:19:19,834 [inflora.py] => Learning on 0-100

  0%|          | 0/50 [00:00<?, ?it/s]
Task 0, Epoch 1/50 => Loss 2.304, Train_accy 49.70:   0%|          | 0/50 [02:09<?, ?it/s]
Task 0, Epoch 1/50 => Loss 2.304, Train_accy 49.70:   2%|▏         | 1/50 [02:09<1:45:27, 129.13s/it]
Task 0, Epoch 2/50 => Loss 1.085, Train_accy 72.47:   2%|▏         | 1/50 [04:26<1:45:27, 129.13s/it]
Task 0, Epoch 2/50 => Loss 1.085, Train_accy 72.47:   4%|▍         | 2/50 [04:26<1:47:01, 133.77s/it]
Task 0, Epoch 3/50 => Loss 0.938, Train_accy 75.82:   4%|▍         | 2/50 [06:50<1:47:01, 133.77s/it]
Task 0, Epoch 3/50 => Loss 0.938, Train_accy 75.82:   6%|▌         | 3/50 [06:50<1:48:24, 138.39s/it]
Task 0, Epoch 4/50 => Loss 0.848, Train_accy 78.08:   6%|▌         | 3/50 [09:14<1:48:24, 138.39s/it]
Task 0, Epoch 4/50 => Loss 0.848, Train_accy 78.08:   8%|▊         | 4/50 [09:14<1:47:59, 140.85s/it]
Task 0, Epoch 5/50 => Loss 0.789, Train_accy 79.65:   8%|▊         | 4/50 [11:38<1:47:59, 140.85s/it]
Task 0, Epoch 5/50 => Loss 0.789, Train_accy 79.65:  10%|█         | 5/50 [11:38<1:46:29, 142.00s/it]
Task 0, Epoch 6/50 => Loss 0.723, Train_accy 80.86:  10%|█         | 5/50 [14:03<1:46:29, 142.00s/it]
Task 0, Epoch 6/50 => Loss 0.723, Train_accy 80.86:  12%|█▏        | 6/50 [14:03<1:44:54, 143.06s/it]
Task 0, Epoch 7/50 => Loss 0.672, Train_accy 82.59:  12%|█▏        | 6/50 [16:28<1:44:54, 143.06s/it]
Task 0, Epoch 7/50 => Loss 0.672, Train_accy 82.59:  14%|█▍        | 7/50 [16:28<1:42:58, 143.68s/it]
Task 0, Epoch 8/50 => Loss 0.633, Train_accy 83.05:  14%|█▍        | 7/50 [18:53<1:42:58, 143.68s/it]
Task 0, Epoch 8/50 => Loss 0.633, Train_accy 83.05:  16%|█▌        | 8/50 [18:53<1:40:52, 144.11s/it]
Task 0, Epoch 9/50 => Loss 0.593, Train_accy 84.48:  16%|█▌        | 8/50 [21:19<1:40:52, 144.11s/it]
Task 0, Epoch 9/50 => Loss 0.593, Train_accy 84.48:  18%|█▊        | 9/50 [21:19<1:38:44, 144.50s/it]
Task 0, Epoch 10/50 => Loss 0.582, Train_accy 84.56:  18%|█▊        | 9/50 [23:56<1:38:44, 144.50s/it]
Task 0, Epoch 10/50 => Loss 0.582, Train_accy 84.56:  20%|██        | 10/50 [23:56<1:39:02, 148.57s/it]
Task 0, Epoch 11/50 => Loss 0.544, Train_accy 85.74:  20%|██        | 10/50 [26:38<1:39:02, 148.57s/it]
Task 0, Epoch 11/50 => Loss 0.544, Train_accy 85.74:  22%|██▏       | 11/50 [26:38<1:39:09, 152.56s/it]
Task 0, Epoch 12/50 => Loss 0.522, Train_accy 86.25:  22%|██▏       | 11/50 [29:20<1:39:09, 152.56s/it]
Task 0, Epoch 12/50 => Loss 0.522, Train_accy 86.25:  24%|██▍       | 12/50 [29:20<1:38:27, 155.46s/it]
Task 0, Epoch 13/50 => Loss 0.510, Train_accy 86.54:  24%|██▍       | 12/50 [31:59<1:38:27, 155.46s/it]
Task 0, Epoch 13/50 => Loss 0.510, Train_accy 86.54:  26%|██▌       | 13/50 [31:59<1:36:26, 156.39s/it]
Task 0, Epoch 14/50 => Loss 0.476, Train_accy 87.38:  26%|██▌       | 13/50 [34:03<1:36:26, 156.39s/it]
Task 0, Epoch 14/50 => Loss 0.476, Train_accy 87.38:  28%|██▊       | 14/50 [34:03<1:27:58, 146.64s/it]
Task 0, Epoch 15/50 => Loss 0.458, Train_accy 88.09:  28%|██▊       | 14/50 [36:27<1:27:58, 146.64s/it]
Task 0, Epoch 15/50 => Loss 0.458, Train_accy 88.09:  30%|███       | 15/50 [36:27<1:25:08, 145.95s/it]
Task 0, Epoch 16/50 => Loss 0.430, Train_accy 88.39:  30%|███       | 15/50 [38:52<1:25:08, 145.95s/it]
Task 0, Epoch 16/50 => Loss 0.430, Train_accy 88.39:  32%|███▏      | 16/50 [38:52<1:22:34, 145.71s/it]
Task 0, Epoch 17/50 => Loss 0.438, Train_accy 88.45:  32%|███▏      | 16/50 [41:18<1:22:34, 145.71s/it]
Task 0, Epoch 17/50 => Loss 0.438, Train_accy 88.45:  34%|███▍      | 17/50 [41:18<1:20:05, 145.61s/it]
Task 0, Epoch 18/50 => Loss 0.437, Train_accy 88.25:  34%|███▍      | 17/50 [43:43<1:20:05, 145.61s/it]
Task 0, Epoch 18/50 => Loss 0.437, Train_accy 88.25:  36%|███▌      | 18/50 [43:43<1:17:34, 145.44s/it]
Task 0, Epoch 19/50 => Loss 0.430, Train_accy 88.77:  36%|███▌      | 18/50 [46:08<1:17:34, 145.44s/it]
Task 0, Epoch 19/50 => Loss 0.430, Train_accy 88.77:  38%|███▊      | 19/50 [46:08<1:15:06, 145.38s/it]
Task 0, Epoch 20/50 => Loss 0.419, Train_accy 88.93:  38%|███▊      | 19/50 [48:33<1:15:06, 145.38s/it]
Task 0, Epoch 20/50 => Loss 0.419, Train_accy 88.93:  40%|████      | 20/50 [48:33<1:12:40, 145.34s/it]
Task 0, Epoch 21/50 => Loss 0.406, Train_accy 89.19:  40%|████      | 20/50 [50:58<1:12:40, 145.34s/it]
Task 0, Epoch 21/50 => Loss 0.406, Train_accy 89.19:  42%|████▏     | 21/50 [50:58<1:10:10, 145.19s/it]
Task 0, Epoch 22/50 => Loss 0.405, Train_accy 89.30:  42%|████▏     | 21/50 [53:33<1:10:10, 145.19s/it]
Task 0, Epoch 22/50 => Loss 0.405, Train_accy 89.30:  44%|████▍     | 22/50 [53:33<1:09:09, 148.21s/it]
Task 0, Epoch 23/50 => Loss 0.378, Train_accy 89.87:  44%|████▍     | 22/50 [56:16<1:09:09, 148.21s/it]
Task 0, Epoch 23/50 => Loss 0.378, Train_accy 89.87:  46%|████▌     | 23/50 [56:16<1:08:36, 152.47s/it]
Task 0, Epoch 24/50 => Loss 0.387, Train_accy 90.00:  46%|████▌     | 23/50 [58:23<1:08:36, 152.47s/it]
Task 0, Epoch 24/50 => Loss 0.387, Train_accy 90.00:  48%|████▊     | 24/50 [58:23<1:02:47, 144.90s/it]
Task 0, Epoch 25/50 => Loss 0.363, Train_accy 90.72:  48%|████▊     | 24/50 [59:42<1:02:47, 144.90s/it]
Task 0, Epoch 25/50 => Loss 0.363, Train_accy 90.72:  50%|█████     | 25/50 [59:42<52:06, 125.05s/it]  
Task 0, Epoch 26/50 => Loss 0.358, Train_accy 90.43:  50%|█████     | 25/50 [1:01:41<52:06, 125.05s/it]
Task 0, Epoch 26/50 => Loss 0.358, Train_accy 90.43:  52%|█████▏    | 26/50 [1:01:41<49:23, 123.47s/it]
Task 0, Epoch 27/50 => Loss 0.350, Train_accy 90.72:  52%|█████▏    | 26/50 [1:04:24<49:23, 123.47s/it]
Task 0, Epoch 27/50 => Loss 0.350, Train_accy 90.72:  54%|█████▍    | 27/50 [1:04:24<51:53, 135.35s/it]
Task 0, Epoch 28/50 => Loss 0.342, Train_accy 91.03:  54%|█████▍    | 27/50 [1:07:07<51:53, 135.35s/it]
Task 0, Epoch 28/50 => Loss 0.342, Train_accy 91.03:  56%|█████▌    | 28/50 [1:07:07<52:38, 143.58s/it]
Task 0, Epoch 29/50 => Loss 0.348, Train_accy 91.03:  56%|█████▌    | 28/50 [1:09:24<52:38, 143.58s/it]
Task 0, Epoch 29/50 => Loss 0.348, Train_accy 91.03:  58%|█████▊    | 29/50 [1:09:24<49:30, 141.44s/it]
Task 0, Epoch 30/50 => Loss 0.340, Train_accy 91.16:  58%|█████▊    | 29/50 [1:11:50<49:30, 141.44s/it]
Task 0, Epoch 30/50 => Loss 0.340, Train_accy 91.16:  60%|██████    | 30/50 [1:11:50<47:36, 142.82s/it]
Task 0, Epoch 31/50 => Loss 0.338, Train_accy 91.11:  60%|██████    | 30/50 [1:14:15<47:36, 142.82s/it]
Task 0, Epoch 31/50 => Loss 0.338, Train_accy 91.11:  62%|██████▏   | 31/50 [1:14:15<45:29, 143.68s/it]
Task 0, Epoch 32/50 => Loss 0.337, Train_accy 91.11:  62%|██████▏   | 31/50 [1:16:41<45:29, 143.68s/it]
Task 0, Epoch 32/50 => Loss 0.337, Train_accy 91.11:  64%|██████▍   | 32/50 [1:16:41<43:17, 144.32s/it]
Task 0, Epoch 33/50 => Loss 0.327, Train_accy 91.69:  64%|██████▍   | 32/50 [1:19:07<43:17, 144.32s/it]
Task 0, Epoch 33/50 => Loss 0.327, Train_accy 91.69:  66%|██████▌   | 33/50 [1:19:07<41:01, 144.82s/it]
Task 0, Epoch 34/50 => Loss 0.337, Train_accy 91.30:  66%|██████▌   | 33/50 [1:21:34<41:01, 144.82s/it]
Task 0, Epoch 34/50 => Loss 0.337, Train_accy 91.30:  68%|██████▊   | 34/50 [1:21:34<38:44, 145.28s/it]
Task 0, Epoch 35/50 => Loss 0.314, Train_accy 91.70:  68%|██████▊   | 34/50 [1:24:00<38:44, 145.28s/it]
Task 0, Epoch 35/50 => Loss 0.314, Train_accy 91.70:  70%|███████   | 35/50 [1:24:00<36:24, 145.61s/it]
Task 0, Epoch 36/50 => Loss 0.313, Train_accy 91.84:  70%|███████   | 35/50 [1:26:26<36:24, 145.61s/it]
Task 0, Epoch 36/50 => Loss 0.313, Train_accy 91.84:  72%|███████▏  | 36/50 [1:26:26<34:02, 145.86s/it]
Task 0, Epoch 37/50 => Loss 0.296, Train_accy 92.16:  72%|███████▏  | 36/50 [1:28:57<34:02, 145.86s/it]
Task 0, Epoch 37/50 => Loss 0.296, Train_accy 92.16:  74%|███████▍  | 37/50 [1:28:57<31:56, 147.42s/it]
Task 0, Epoch 38/50 => Loss 0.297, Train_accy 92.09:  74%|███████▍  | 37/50 [1:31:39<31:56, 147.42s/it]
Task 0, Epoch 38/50 => Loss 0.297, Train_accy 92.09:  76%|███████▌  | 38/50 [1:31:39<30:20, 151.70s/it]
Task 0, Epoch 39/50 => Loss 0.284, Train_accy 92.80:  76%|███████▌  | 38/50 [1:34:24<30:20, 151.70s/it]
Task 0, Epoch 39/50 => Loss 0.284, Train_accy 92.80:  78%|███████▊  | 39/50 [1:34:24<28:32, 155.68s/it]
Task 0, Epoch 40/50 => Loss 0.288, Train_accy 92.30:  78%|███████▊  | 39/50 [1:37:08<28:32, 155.68s/it]
Task 0, Epoch 40/50 => Loss 0.288, Train_accy 92.30:  80%|████████  | 40/50 [1:37:08<26:20, 158.04s/it]
Task 0, Epoch 41/50 => Loss 0.288, Train_accy 92.18:  80%|████████  | 40/50 [1:39:14<26:20, 158.04s/it]
Task 0, Epoch 41/50 => Loss 0.288, Train_accy 92.18:  82%|████████▏ | 41/50 [1:39:14<22:16, 148.55s/it]
Task 0, Epoch 42/50 => Loss 0.277, Train_accy 92.80:  82%|████████▏ | 41/50 [1:41:40<22:16, 148.55s/it]
Task 0, Epoch 42/50 => Loss 0.277, Train_accy 92.80:  84%|████████▍ | 42/50 [1:41:40<19:42, 147.78s/it]
Task 0, Epoch 43/50 => Loss 0.292, Train_accy 92.54:  84%|████████▍ | 42/50 [1:44:06<19:42, 147.78s/it]
Task 0, Epoch 43/50 => Loss 0.292, Train_accy 92.54:  86%|████████▌ | 43/50 [1:44:07<17:11, 147.38s/it]
Task 0, Epoch 44/50 => Loss 0.271, Train_accy 92.92:  86%|████████▌ | 43/50 [1:46:33<17:11, 147.38s/it]
Task 0, Epoch 44/50 => Loss 0.271, Train_accy 92.92:  88%|████████▊ | 44/50 [1:46:33<14:42, 147.00s/it]
Task 0, Epoch 45/50 => Loss 0.261, Train_accy 93.22:  88%|████████▊ | 44/50 [1:48:59<14:42, 147.00s/it]
Task 0, Epoch 45/50 => Loss 0.261, Train_accy 93.22:  90%|█████████ | 45/50 [1:48:59<12:13, 146.79s/it]
Task 0, Epoch 46/50 => Loss 0.268, Train_accy 93.05:  90%|█████████ | 45/50 [1:51:25<12:13, 146.79s/it]
Task 0, Epoch 46/50 => Loss 0.268, Train_accy 93.05:  92%|█████████▏| 46/50 [1:51:25<09:46, 146.62s/it]
Task 0, Epoch 47/50 => Loss 0.290, Train_accy 92.67:  92%|█████████▏| 46/50 [1:53:51<09:46, 146.62s/it]
Task 0, Epoch 47/50 => Loss 0.290, Train_accy 92.67:  94%|█████████▍| 47/50 [1:53:51<07:19, 146.49s/it]
Task 0, Epoch 48/50 => Loss 0.254, Train_accy 93.43:  94%|█████████▍| 47/50 [1:56:18<07:19, 146.49s/it]
Task 0, Epoch 48/50 => Loss 0.254, Train_accy 93.43:  96%|█████████▌| 48/50 [1:56:18<04:52, 146.45s/it]
Task 0, Epoch 49/50 => Loss 0.275, Train_accy 92.95:  96%|█████████▌| 48/50 [1:58:46<04:52, 146.45s/it]
Task 0, Epoch 49/50 => Loss 0.275, Train_accy 92.95:  98%|█████████▊| 49/50 [1:58:46<02:27, 147.01s/it]
Task 0, Epoch 50/50 => Loss 0.268, Train_accy 93.01:  98%|█████████▊| 49/50 [2:01:23<02:27, 147.01s/it]
Task 0, Epoch 50/50 => Loss 0.268, Train_accy 93.01: 100%|██████████| 50/50 [2:01:23<00:00, 149.96s/it]
Task 0, Epoch 50/50 => Loss 0.268, Train_accy 93.01: 100%|██████████| 50/50 [2:01:23<00:00, 145.67s/it]
2025-12-24 20:28:23,283 [inflora.py] => Task 0, Epoch 50/50 => Loss 0.268, Train_accy 93.01
Threshold:  0.98
Layer 1 - Projection Matrix shape: torch.Size([768, 768])
Layer 2 - Projection Matrix shape: torch.Size([768, 768])
Layer 3 - Projection Matrix shape: torch.Size([768, 768])
Layer 4 - Projection Matrix shape: torch.Size([768, 768])
Layer 5 - Projection Matrix shape: torch.Size([768, 768])
Layer 6 - Projection Matrix shape: torch.Size([768, 768])
Layer 7 - Projection Matrix shape: torch.Size([768, 768])
Layer 8 - Projection Matrix shape: torch.Size([768, 768])
Layer 9 - Projection Matrix shape: torch.Size([768, 768])
Layer 10 - Projection Matrix shape: torch.Size([768, 768])
Layer 11 - Projection Matrix shape: torch.Size([768, 768])
Layer 12 - Projection Matrix shape: torch.Size([768, 768])
2025-12-24 20:32:32,319 [inflora.py] => Exemplar size: 0
2025-12-24 20:32:32,350 [trainer.py] => CNN: {'total': 85.29, '00-99': 85.29, '100-104': 96.0, '105-109': 88.0, '110-114': 96.0, '115-119': 88.0, '120-124': 92.0, '125-129': 88.0, '130-134': 88.0, '135-139': 88.0, '140-144': 88.0, '145-149': 88.0, '150-154': 100.0, '155-159': 100.0, '160-164': 96.0, '165-169': 96.0, '170-174': 76.0, '175-179': 96.0, '180-184': 96.0, '185-189': 84.0, '190-194': 96.0, '195-199': 92.0, 'old': 0, 'new': 85.29}
2025-12-24 20:32:32,350 [trainer.py] => CNN top1 curve: [85.29]
2025-12-24 20:32:32,350 [trainer.py] => Average Accuracy (CNN): 85.29
2025-12-24 20:32:32,355 [trainer.py] => All params: 102451025
2025-12-24 20:32:32,358 [trainer.py] => Trainable params: 261220
2025-12-24 20:32:32,359 [inflora.py] => Learning on 100-105

  0%|          | 0/10 [00:00<?, ?it/s]
Task 1, Epoch 1/10 => Loss 5.737, Train_accy 0.00:   0%|          | 0/10 [00:01<?, ?it/s]
Task 1, Epoch 1/10 => Loss 5.737, Train_accy 0.00:  10%|█         | 1/10 [00:01<00:14,  1.66s/it]
Task 1, Epoch 2/10 => Loss 4.644, Train_accy 4.00:  10%|█         | 1/10 [00:02<00:14,  1.66s/it]
Task 1, Epoch 2/10 => Loss 4.644, Train_accy 4.00:  20%|██        | 2/10 [00:02<00:09,  1.16s/it]
Task 1, Epoch 3/10 => Loss 3.677, Train_accy 24.00:  20%|██        | 2/10 [00:03<00:09,  1.16s/it]
Task 1, Epoch 3/10 => Loss 3.677, Train_accy 24.00:  30%|███       | 3/10 [00:03<00:07,  1.04s/it]
Task 1, Epoch 4/10 => Loss 3.089, Train_accy 40.00:  30%|███       | 3/10 [00:04<00:07,  1.04s/it]
Task 1, Epoch 4/10 => Loss 3.089, Train_accy 40.00:  40%|████      | 4/10 [00:04<00:05,  1.01it/s]
Task 1, Epoch 5/10 => Loss 2.223, Train_accy 52.00:  40%|████      | 4/10 [00:05<00:05,  1.01it/s]
Task 1, Epoch 5/10 => Loss 2.223, Train_accy 52.00:  50%|█████     | 5/10 [00:05<00:04,  1.03it/s]
Task 1, Epoch 6/10 => Loss 1.887, Train_accy 56.00:  50%|█████     | 5/10 [00:06<00:04,  1.03it/s]
Task 1, Epoch 6/10 => Loss 1.887, Train_accy 56.00:  60%|██████    | 6/10 [00:06<00:03,  1.06it/s]
Task 1, Epoch 7/10 => Loss 1.499, Train_accy 64.00:  60%|██████    | 6/10 [00:07<00:03,  1.06it/s]
Task 1, Epoch 7/10 => Loss 1.499, Train_accy 64.00:  70%|███████   | 7/10 [00:07<00:02,  1.05it/s]
Task 1, Epoch 8/10 => Loss 0.800, Train_accy 88.00:  70%|███████   | 7/10 [00:07<00:02,  1.05it/s]
Task 1, Epoch 8/10 => Loss 0.800, Train_accy 88.00:  80%|████████  | 8/10 [00:07<00:01,  1.15it/s]
Task 1, Epoch 9/10 => Loss 1.014, Train_accy 76.00:  80%|████████  | 8/10 [00:08<00:01,  1.15it/s]
Task 1, Epoch 9/10 => Loss 1.014, Train_accy 76.00:  90%|█████████ | 9/10 [00:08<00:00,  1.14it/s]
Task 1, Epoch 10/10 => Loss 1.120, Train_accy 72.00:  90%|█████████ | 9/10 [00:09<00:00,  1.14it/s]
Task 1, Epoch 10/10 => Loss 1.120, Train_accy 72.00: 100%|██████████| 10/10 [00:09<00:00,  1.13it/s]
Task 1, Epoch 10/10 => Loss 1.120, Train_accy 72.00: 100%|██████████| 10/10 [00:09<00:00,  1.05it/s]
2025-12-24 20:38:36,394 [inflora.py] => Task 1, Epoch 10/10 => Loss 1.120, Train_accy 72.00
Threshold:  0.9809523809523809
Layer 1 - Projection Matrix shape: torch.Size([768, 768])
Layer 2 - Projection Matrix shape: torch.Size([768, 768])
Layer 3 - Projection Matrix shape: torch.Size([768, 768])
Layer 4 - Projection Matrix shape: torch.Size([768, 768])
Layer 5 - Projection Matrix shape: torch.Size([768, 768])
Layer 6 - Projection Matrix shape: torch.Size([768, 768])
Layer 7 - Projection Matrix shape: torch.Size([768, 768])
Layer 8 - Projection Matrix shape: torch.Size([768, 768])
Layer 9 - Projection Matrix shape: torch.Size([768, 768])
Layer 10 - Projection Matrix shape: torch.Size([768, 768])
Layer 11 - Projection Matrix shape: torch.Size([768, 768])
Layer 12 - Projection Matrix shape: torch.Size([768, 768])
2025-12-24 20:39:37,839 [inflora.py] => Exemplar size: 0
2025-12-24 20:39:37,839 [trainer.py] => CNN: {'total': 81.0, '00-99': 85.32, '100-104': 4.65, '105-109': 96.0, '110-114': 92.0, '115-119': 100.0, '120-124': 84.0, '125-129': 76.0, '130-134': 88.0, '135-139': 96.0, '140-144': 92.0, '145-149': 84.0, '150-154': 96.0, '155-159': 88.0, '160-164': 92.0, '165-169': 96.0, '170-174': 92.0, '175-179': 96.0, '180-184': 92.0, '185-189': 96.0, '190-194': 100.0, '195-199': 92.0, 'old': 85.32, 'new': 4.65}
2025-12-24 20:39:37,839 [trainer.py] => CNN top1 curve: [85.29, 81.0]
2025-12-24 20:39:37,839 [trainer.py] => Average Accuracy (CNN): 83.15
2025-12-24 20:39:37,843 [trainer.py] => All params: 102451025
2025-12-24 20:39:37,846 [trainer.py] => Trainable params: 2873420
2025-12-24 20:39:37,846 [inflora.py] => Learning on 105-110

  0%|          | 0/10 [00:00<?, ?it/s]
Task 2, Epoch 1/10 => Loss 5.463, Train_accy 4.00:   0%|          | 0/10 [00:00<?, ?it/s]
Task 2, Epoch 1/10 => Loss 5.463, Train_accy 4.00:  10%|█         | 1/10 [00:00<00:07,  1.13it/s]
Task 2, Epoch 2/10 => Loss 4.585, Train_accy 12.00:  10%|█         | 1/10 [00:01<00:07,  1.13it/s]
Task 2, Epoch 2/10 => Loss 4.585, Train_accy 12.00:  20%|██        | 2/10 [00:01<00:07,  1.13it/s]
Task 2, Epoch 3/10 => Loss 3.763, Train_accy 20.00:  20%|██        | 2/10 [00:02<00:07,  1.13it/s]
Task 2, Epoch 3/10 => Loss 3.763, Train_accy 20.00:  30%|███       | 3/10 [00:02<00:06,  1.11it/s]
Task 2, Epoch 4/10 => Loss 3.180, Train_accy 32.00:  30%|███       | 3/10 [00:03<00:06,  1.11it/s]
Task 2, Epoch 4/10 => Loss 3.180, Train_accy 32.00:  40%|████      | 4/10 [00:03<00:05,  1.08it/s]
Task 2, Epoch 5/10 => Loss 2.281, Train_accy 44.00:  40%|████      | 4/10 [00:04<00:05,  1.08it/s]
Task 2, Epoch 5/10 => Loss 2.281, Train_accy 44.00:  50%|█████     | 5/10 [00:04<00:04,  1.05it/s]
Task 2, Epoch 6/10 => Loss 1.798, Train_accy 60.00:  50%|█████     | 5/10 [00:05<00:04,  1.05it/s]
Task 2, Epoch 6/10 => Loss 1.798, Train_accy 60.00:  60%|██████    | 6/10 [00:05<00:03,  1.06it/s]
Task 2, Epoch 7/10 => Loss 1.575, Train_accy 68.00:  60%|██████    | 6/10 [00:06<00:03,  1.06it/s]
Task 2, Epoch 7/10 => Loss 1.575, Train_accy 68.00:  70%|███████   | 7/10 [00:06<00:02,  1.15it/s]
Task 2, Epoch 8/10 => Loss 1.653, Train_accy 64.00:  70%|███████   | 7/10 [00:07<00:02,  1.15it/s]
Task 2, Epoch 8/10 => Loss 1.653, Train_accy 64.00:  80%|████████  | 8/10 [00:07<00:01,  1.15it/s]
Task 2, Epoch 9/10 => Loss 0.987, Train_accy 76.00:  80%|████████  | 8/10 [00:08<00:01,  1.15it/s]
Task 2, Epoch 9/10 => Loss 0.987, Train_accy 76.00:  90%|█████████ | 9/10 [00:08<00:00,  1.14it/s]
Task 2, Epoch 10/10 => Loss 1.172, Train_accy 76.00:  90%|█████████ | 9/10 [00:08<00:00,  1.14it/s]
Task 2, Epoch 10/10 => Loss 1.172, Train_accy 76.00: 100%|██████████| 10/10 [00:08<00:00,  1.12it/s]
Task 2, Epoch 10/10 => Loss 1.172, Train_accy 76.00: 100%|██████████| 10/10 [00:08<00:00,  1.11it/s]
2025-12-24 20:44:34,140 [inflora.py] => Task 2, Epoch 10/10 => Loss 1.172, Train_accy 76.00
Threshold:  0.9819047619047618
Layer 1 - Projection Matrix shape: torch.Size([768, 768])
Layer 2 - Projection Matrix shape: torch.Size([768, 768])
Layer 3 - Projection Matrix shape: torch.Size([768, 768])
Layer 4 - Projection Matrix shape: torch.Size([768, 768])
Layer 5 - Projection Matrix shape: torch.Size([768, 768])
Layer 6 - Projection Matrix shape: torch.Size([768, 768])
Layer 7 - Projection Matrix shape: torch.Size([768, 768])
Layer 8 - Projection Matrix shape: torch.Size([768, 768])
Layer 9 - Projection Matrix shape: torch.Size([768, 768])
Layer 10 - Projection Matrix shape: torch.Size([768, 768])
Layer 11 - Projection Matrix shape: torch.Size([768, 768])
Layer 12 - Projection Matrix shape: torch.Size([768, 768])
2025-12-24 20:45:16,163 [inflora.py] => Exemplar size: 0
2025-12-24 20:45:16,185 [trainer.py] => CNN: {'total': 77.62, '00-99': 85.49, '100-104': 4.07, '105-109': 0.0, '110-114': 92.0, '115-119': 92.0, '120-124': 92.0, '125-129': 84.0, '130-134': 92.0, '135-139': 88.0, '140-144': 88.0, '145-149': 88.0, '150-154': 88.0, '155-159': 88.0, '160-164': 96.0, '165-169': 92.0, '170-174': 80.0, '175-179': 92.0, '180-184': 96.0, '185-189': 92.0, '190-194': 96.0, '195-199': 88.0, 'old': 81.13, 'new': 0.0}
2025-12-24 20:45:16,185 [trainer.py] => CNN top1 curve: [85.29, 81.0, 77.62]
2025-12-24 20:45:16,185 [trainer.py] => Average Accuracy (CNN): 81.30
2025-12-24 20:45:16,188 [trainer.py] => All params: 102451025
2025-12-24 20:45:16,192 [trainer.py] => Trainable params: 522440
2025-12-24 20:45:16,192 [inflora.py] => Learning on 110-115

  0%|          | 0/10 [00:00<?, ?it/s]
Task 3, Epoch 1/10 => Loss 6.614, Train_accy 0.00:   0%|          | 0/10 [00:01<?, ?it/s]
Task 3, Epoch 1/10 => Loss 6.614, Train_accy 0.00:  10%|█         | 1/10 [00:01<00:13,  1.54s/it]
Task 3, Epoch 2/10 => Loss 5.232, Train_accy 4.00:  10%|█         | 1/10 [00:02<00:13,  1.54s/it]
Task 3, Epoch 2/10 => Loss 5.232, Train_accy 4.00:  20%|██        | 2/10 [00:02<00:09,  1.20s/it]
Task 3, Epoch 3/10 => Loss 4.594, Train_accy 4.00:  20%|██        | 2/10 [00:03<00:09,  1.20s/it]
Task 3, Epoch 3/10 => Loss 4.594, Train_accy 4.00:  30%|███       | 3/10 [00:03<00:07,  1.11s/it]
Task 3, Epoch 4/10 => Loss 3.207, Train_accy 16.00:  30%|███       | 3/10 [00:04<00:07,  1.11s/it]
Task 3, Epoch 4/10 => Loss 3.207, Train_accy 16.00:  40%|████      | 4/10 [00:04<00:06,  1.07s/it]
Task 3, Epoch 5/10 => Loss 2.765, Train_accy 32.00:  40%|████      | 4/10 [00:05<00:06,  1.07s/it]
Task 3, Epoch 5/10 => Loss 2.765, Train_accy 32.00:  50%|█████     | 5/10 [00:05<00:05,  1.04s/it]
Task 3, Epoch 6/10 => Loss 2.273, Train_accy 48.00:  50%|█████     | 5/10 [00:06<00:05,  1.04s/it]
Task 3, Epoch 6/10 => Loss 2.273, Train_accy 48.00:  60%|██████    | 6/10 [00:06<00:03,  1.00it/s]
Task 3, Epoch 7/10 => Loss 1.139, Train_accy 76.00:  60%|██████    | 6/10 [00:07<00:03,  1.00it/s]
Task 3, Epoch 7/10 => Loss 1.139, Train_accy 76.00:  70%|███████   | 7/10 [00:07<00:02,  1.02it/s]
Task 3, Epoch 8/10 => Loss 0.801, Train_accy 92.00:  70%|███████   | 7/10 [00:08<00:02,  1.02it/s]
Task 3, Epoch 8/10 => Loss 0.801, Train_accy 92.00:  80%|████████  | 8/10 [00:08<00:01,  1.03it/s]
Task 3, Epoch 9/10 => Loss 1.307, Train_accy 72.00:  80%|████████  | 8/10 [00:09<00:01,  1.03it/s]
Task 3, Epoch 9/10 => Loss 1.307, Train_accy 72.00:  90%|█████████ | 9/10 [00:09<00:00,  1.03it/s]
Task 3, Epoch 10/10 => Loss 0.690, Train_accy 88.00:  90%|█████████ | 9/10 [00:10<00:00,  1.03it/s]
Task 3, Epoch 10/10 => Loss 0.690, Train_accy 88.00: 100%|██████████| 10/10 [00:10<00:00,  1.04it/s]
Task 3, Epoch 10/10 => Loss 0.690, Train_accy 88.00: 100%|██████████| 10/10 [00:10<00:00,  1.02s/it]
2025-12-24 20:50:08,384 [inflora.py] => Task 3, Epoch 10/10 => Loss 0.690, Train_accy 88.00
Threshold:  0.9828571428571429
Skip Updating DualGPM for layer: 1
Layer 1 - Projection Matrix shape: torch.Size([768, 768])
Layer 2 - Projection Matrix shape: torch.Size([768, 768])
Layer 3 - Projection Matrix shape: torch.Size([768, 768])
Layer 4 - Projection Matrix shape: torch.Size([768, 768])
Layer 5 - Projection Matrix shape: torch.Size([768, 768])
Layer 6 - Projection Matrix shape: torch.Size([768, 768])
Layer 7 - Projection Matrix shape: torch.Size([768, 768])
Layer 8 - Projection Matrix shape: torch.Size([768, 768])
Layer 9 - Projection Matrix shape: torch.Size([768, 768])
Layer 10 - Projection Matrix shape: torch.Size([768, 768])
Layer 11 - Projection Matrix shape: torch.Size([768, 768])
Layer 12 - Projection Matrix shape: torch.Size([768, 768])
2025-12-24 20:50:57,967 [inflora.py] => Exemplar size: 0
2025-12-24 20:50:57,968 [trainer.py] => CNN: {'total': 74.21, '00-99': 85.19, '100-104': 3.49, '105-109': 0.0, '110-114': 0.0, '115-119': 92.0, '120-124': 92.0, '125-129': 76.0, '130-134': 96.0, '135-139': 88.0, '140-144': 88.0, '145-149': 92.0, '150-154': 84.0, '155-159': 92.0, '160-164': 96.0, '165-169': 100.0, '170-174': 92.0, '175-179': 84.0, '180-184': 88.0, '185-189': 92.0, '190-194': 96.0, '195-199': 84.0, 'old': 77.32, 'new': 0.0}
2025-12-24 20:50:57,968 [trainer.py] => CNN top1 curve: [85.29, 81.0, 77.62, 74.21]
2025-12-24 20:50:57,968 [trainer.py] => Average Accuracy (CNN): 79.53
2025-12-24 20:50:57,972 [trainer.py] => All params: 102451025
2025-12-24 20:50:57,975 [trainer.py] => Trainable params: 261220
2025-12-24 20:50:57,975 [inflora.py] => Learning on 115-120

  0%|          | 0/10 [00:00<?, ?it/s]
Task 4, Epoch 1/10 => Loss 5.802, Train_accy 0.00:   0%|          | 0/10 [00:01<?, ?it/s]
Task 4, Epoch 1/10 => Loss 5.802, Train_accy 0.00:  10%|█         | 1/10 [00:01<00:10,  1.12s/it]
Task 4, Epoch 2/10 => Loss 5.224, Train_accy 8.00:  10%|█         | 1/10 [00:02<00:10,  1.12s/it]
Task 4, Epoch 2/10 => Loss 5.224, Train_accy 8.00:  20%|██        | 2/10 [00:02<00:08,  1.04s/it]
Task 4, Epoch 3/10 => Loss 4.277, Train_accy 16.00:  20%|██        | 2/10 [00:03<00:08,  1.04s/it]
Task 4, Epoch 3/10 => Loss 4.277, Train_accy 16.00:  30%|███       | 3/10 [00:03<00:07,  1.03s/it]
Task 4, Epoch 4/10 => Loss 3.440, Train_accy 32.00:  30%|███       | 3/10 [00:04<00:07,  1.03s/it]
Task 4, Epoch 4/10 => Loss 3.440, Train_accy 32.00:  40%|████      | 4/10 [00:04<00:05,  1.01it/s]
Task 4, Epoch 5/10 => Loss 2.672, Train_accy 32.00:  40%|████      | 4/10 [00:05<00:05,  1.01it/s]
Task 4, Epoch 5/10 => Loss 2.672, Train_accy 32.00:  50%|█████     | 5/10 [00:05<00:04,  1.01it/s]
Task 4, Epoch 6/10 => Loss 2.343, Train_accy 48.00:  50%|█████     | 5/10 [00:06<00:04,  1.01it/s]
Task 4, Epoch 6/10 => Loss 2.343, Train_accy 48.00:  60%|██████    | 6/10 [00:06<00:04,  1.00s/it]
Task 4, Epoch 7/10 => Loss 1.969, Train_accy 56.00:  60%|██████    | 6/10 [00:07<00:04,  1.00s/it]
Task 4, Epoch 7/10 => Loss 1.969, Train_accy 56.00:  70%|███████   | 7/10 [00:07<00:02,  1.01it/s]
Task 4, Epoch 8/10 => Loss 1.641, Train_accy 64.00:  70%|███████   | 7/10 [00:08<00:02,  1.01it/s]
Task 4, Epoch 8/10 => Loss 1.641, Train_accy 64.00:  80%|████████  | 8/10 [00:08<00:02,  1.01s/it]
Task 4, Epoch 9/10 => Loss 1.274, Train_accy 80.00:  80%|████████  | 8/10 [00:09<00:02,  1.01s/it]
Task 4, Epoch 9/10 => Loss 1.274, Train_accy 80.00:  90%|█████████ | 9/10 [00:09<00:00,  1.01it/s]
Task 4, Epoch 10/10 => Loss 1.118, Train_accy 84.00:  90%|█████████ | 9/10 [00:10<00:00,  1.01it/s]
Task 4, Epoch 10/10 => Loss 1.118, Train_accy 84.00: 100%|██████████| 10/10 [00:10<00:00,  1.00s/it]
Task 4, Epoch 10/10 => Loss 1.118, Train_accy 84.00: 100%|██████████| 10/10 [00:10<00:00,  1.01s/it]
2025-12-24 20:55:59,450 [inflora.py] => Task 4, Epoch 10/10 => Loss 1.118, Train_accy 84.00
Threshold:  0.9838095238095238
Skip Updating DualGPM for layer: 1
Layer 1 - Projection Matrix shape: torch.Size([768, 768])
Layer 2 - Projection Matrix shape: torch.Size([768, 768])
Layer 3 - Projection Matrix shape: torch.Size([768, 768])
Layer 4 - Projection Matrix shape: torch.Size([768, 768])
Layer 5 - Projection Matrix shape: torch.Size([768, 768])
Layer 6 - Projection Matrix shape: torch.Size([768, 768])
Layer 7 - Projection Matrix shape: torch.Size([768, 768])
Layer 8 - Projection Matrix shape: torch.Size([768, 768])
Layer 9 - Projection Matrix shape: torch.Size([768, 768])
Layer 10 - Projection Matrix shape: torch.Size([768, 768])
Layer 11 - Projection Matrix shape: torch.Size([768, 768])
Layer 12 - Projection Matrix shape: torch.Size([768, 768])
2025-12-24 20:57:00,442 [inflora.py] => Exemplar size: 0
2025-12-24 20:57:00,443 [trainer.py] => CNN: {'total': 71.71, '00-99': 85.16, '100-104': 2.91, '105-109': 0.0, '110-114': 0.0, '115-119': 0.0, '120-124': 80.0, '125-129': 80.0, '130-134': 96.0, '135-139': 88.0, '140-144': 80.0, '145-149': 92.0, '150-154': 84.0, '155-159': 84.0, '160-164': 96.0, '165-169': 96.0, '170-174': 88.0, '175-179': 88.0, '180-184': 100.0, '185-189': 96.0, '190-194': 96.0, '195-199': 88.0, 'old': 74.15, 'new': 0.0}
2025-12-24 20:57:00,443 [trainer.py] => CNN top1 curve: [85.29, 81.0, 77.62, 74.21, 71.71]
2025-12-24 20:57:00,443 [trainer.py] => Average Accuracy (CNN): 77.97
2025-12-24 20:57:00,451 [trainer.py] => All params: 102451025
2025-12-24 20:57:00,457 [trainer.py] => Trainable params: 261220
2025-12-24 20:57:00,457 [inflora.py] => Learning on 120-125

  0%|          | 0/10 [00:00<?, ?it/s]
Task 5, Epoch 1/10 => Loss 6.032, Train_accy 0.00:   0%|          | 0/10 [00:01<?, ?it/s]
Task 5, Epoch 1/10 => Loss 6.032, Train_accy 0.00:  10%|█         | 1/10 [00:01<00:14,  1.64s/it]
Task 5, Epoch 2/10 => Loss 4.986, Train_accy 0.00:  10%|█         | 1/10 [00:02<00:14,  1.64s/it]
Task 5, Epoch 2/10 => Loss 4.986, Train_accy 0.00:  20%|██        | 2/10 [00:02<00:09,  1.22s/it]
Task 5, Epoch 3/10 => Loss 4.257, Train_accy 8.00:  20%|██        | 2/10 [00:03<00:09,  1.22s/it]
Task 5, Epoch 3/10 => Loss 4.257, Train_accy 8.00:  30%|███       | 3/10 [00:03<00:07,  1.07s/it]
Task 5, Epoch 4/10 => Loss 3.336, Train_accy 12.00:  30%|███       | 3/10 [00:04<00:07,  1.07s/it]
Task 5, Epoch 4/10 => Loss 3.336, Train_accy 12.00:  40%|████      | 4/10 [00:04<00:06,  1.01s/it]
Task 5, Epoch 5/10 => Loss 2.980, Train_accy 24.00:  40%|████      | 4/10 [00:05<00:06,  1.01s/it]
Task 5, Epoch 5/10 => Loss 2.980, Train_accy 24.00:  50%|█████     | 5/10 [00:05<00:04,  1.03it/s]
Task 5, Epoch 6/10 => Loss 2.310, Train_accy 40.00:  50%|█████     | 5/10 [00:06<00:04,  1.03it/s]
Task 5, Epoch 6/10 => Loss 2.310, Train_accy 40.00:  60%|██████    | 6/10 [00:06<00:03,  1.05it/s]
Task 5, Epoch 7/10 => Loss 1.616, Train_accy 60.00:  60%|██████    | 6/10 [00:07<00:03,  1.05it/s]
Task 5, Epoch 7/10 => Loss 1.616, Train_accy 60.00:  70%|███████   | 7/10 [00:07<00:02,  1.10it/s]
Task 5, Epoch 8/10 => Loss 1.589, Train_accy 64.00:  70%|███████   | 7/10 [00:07<00:02,  1.10it/s]
Task 5, Epoch 8/10 => Loss 1.589, Train_accy 64.00:  80%|████████  | 8/10 [00:07<00:01,  1.12it/s]
Task 5, Epoch 9/10 => Loss 1.185, Train_accy 80.00:  80%|████████  | 8/10 [00:08<00:01,  1.12it/s]
Task 5, Epoch 9/10 => Loss 1.185, Train_accy 80.00:  90%|█████████ | 9/10 [00:08<00:00,  1.11it/s]
Task 5, Epoch 10/10 => Loss 1.324, Train_accy 80.00:  90%|█████████ | 9/10 [00:09<00:00,  1.11it/s]
Task 5, Epoch 10/10 => Loss 1.324, Train_accy 80.00: 100%|██████████| 10/10 [00:09<00:00,  1.10it/s]
Task 5, Epoch 10/10 => Loss 1.324, Train_accy 80.00: 100%|██████████| 10/10 [00:09<00:00,  1.03it/s]
2025-12-24 21:01:21,228 [inflora.py] => Task 5, Epoch 10/10 => Loss 1.324, Train_accy 80.00
Threshold:  0.9847619047619047
Layer 1 - Projection Matrix shape: torch.Size([768, 768])
Layer 2 - Projection Matrix shape: torch.Size([768, 768])
Layer 3 - Projection Matrix shape: torch.Size([768, 768])
Layer 4 - Projection Matrix shape: torch.Size([768, 768])
Layer 5 - Projection Matrix shape: torch.Size([768, 768])
Layer 6 - Projection Matrix shape: torch.Size([768, 768])
Layer 7 - Projection Matrix shape: torch.Size([768, 768])
Layer 8 - Projection Matrix shape: torch.Size([768, 768])
Layer 9 - Projection Matrix shape: torch.Size([768, 768])
Layer 10 - Projection Matrix shape: torch.Size([768, 768])
Layer 11 - Projection Matrix shape: torch.Size([768, 768])
Layer 12 - Projection Matrix shape: torch.Size([768, 768])
2025-12-24 21:02:17,020 [inflora.py] => Exemplar size: 0
2025-12-24 21:02:17,020 [trainer.py] => CNN: {'total': 68.9, '00-99': 85.23, '100-104': 2.33, '105-109': 0.0, '110-114': 0.0, '115-119': 0.0, '120-124': 0.0, '125-129': 96.0, '130-134': 96.0, '135-139': 96.0, '140-144': 76.0, '145-149': 92.0, '150-154': 80.0, '155-159': 88.0, '160-164': 100.0, '165-169': 96.0, '170-174': 92.0, '175-179': 92.0, '180-184': 96.0, '185-189': 96.0, '190-194': 92.0, '195-199': 96.0, 'old': 71.74, 'new': 0.0}
2025-12-24 21:02:17,020 [trainer.py] => CNN top1 curve: [85.29, 81.0, 77.62, 74.21, 71.71, 68.9]
2025-12-24 21:02:17,020 [trainer.py] => Average Accuracy (CNN): 76.45
2025-12-24 21:02:17,028 [trainer.py] => All params: 102451025
2025-12-24 21:02:17,031 [trainer.py] => Trainable params: 261220
2025-12-24 21:02:17,031 [inflora.py] => Learning on 125-130

  0%|          | 0/10 [00:00<?, ?it/s]
Task 6, Epoch 1/10 => Loss 5.412, Train_accy 0.00:   0%|          | 0/10 [00:01<?, ?it/s]
Task 6, Epoch 1/10 => Loss 5.412, Train_accy 0.00:  10%|█         | 1/10 [00:01<00:09,  1.01s/it]
Task 6, Epoch 2/10 => Loss 4.823, Train_accy 0.00:  10%|█         | 1/10 [00:01<00:09,  1.01s/it]
Task 6, Epoch 2/10 => Loss 4.823, Train_accy 0.00:  20%|██        | 2/10 [00:01<00:07,  1.02it/s]
Task 6, Epoch 3/10 => Loss 4.105, Train_accy 4.00:  20%|██        | 2/10 [00:02<00:07,  1.02it/s]
Task 6, Epoch 3/10 => Loss 4.105, Train_accy 4.00:  30%|███       | 3/10 [00:02<00:06,  1.06it/s]
Task 6, Epoch 4/10 => Loss 2.934, Train_accy 28.00:  30%|███       | 3/10 [00:03<00:06,  1.06it/s]
Task 6, Epoch 4/10 => Loss 2.934, Train_accy 28.00:  40%|████      | 4/10 [00:03<00:05,  1.05it/s]
Task 6, Epoch 5/10 => Loss 2.462, Train_accy 48.00:  40%|████      | 4/10 [00:04<00:05,  1.05it/s]
Task 6, Epoch 5/10 => Loss 2.462, Train_accy 48.00:  50%|█████     | 5/10 [00:04<00:04,  1.07it/s]
Task 6, Epoch 6/10 => Loss 1.946, Train_accy 52.00:  50%|█████     | 5/10 [00:05<00:04,  1.07it/s]
Task 6, Epoch 6/10 => Loss 1.946, Train_accy 52.00:  60%|██████    | 6/10 [00:05<00:03,  1.06it/s]
Task 6, Epoch 7/10 => Loss 1.636, Train_accy 72.00:  60%|██████    | 6/10 [00:06<00:03,  1.06it/s]
Task 6, Epoch 7/10 => Loss 1.636, Train_accy 72.00:  70%|███████   | 7/10 [00:06<00:02,  1.04it/s]
Task 6, Epoch 8/10 => Loss 1.204, Train_accy 68.00:  70%|███████   | 7/10 [00:07<00:02,  1.04it/s]
Task 6, Epoch 8/10 => Loss 1.204, Train_accy 68.00:  80%|████████  | 8/10 [00:07<00:01,  1.08it/s]
Task 6, Epoch 9/10 => Loss 1.381, Train_accy 56.00:  80%|████████  | 8/10 [00:08<00:01,  1.08it/s]
Task 6, Epoch 9/10 => Loss 1.381, Train_accy 56.00:  90%|█████████ | 9/10 [00:08<00:00,  1.10it/s]
Task 6, Epoch 10/10 => Loss 1.133, Train_accy 64.00:  90%|█████████ | 9/10 [00:09<00:00,  1.10it/s]
Task 6, Epoch 10/10 => Loss 1.133, Train_accy 64.00: 100%|██████████| 10/10 [00:09<00:00,  1.11it/s]
Task 6, Epoch 10/10 => Loss 1.133, Train_accy 64.00: 100%|██████████| 10/10 [00:09<00:00,  1.08it/s]
2025-12-24 21:06:08,392 [inflora.py] => Task 6, Epoch 10/10 => Loss 1.133, Train_accy 64.00
Threshold:  0.9857142857142857
Skip Updating DualGPM for layer: 1
Layer 1 - Projection Matrix shape: torch.Size([768, 768])
Layer 2 - Projection Matrix shape: torch.Size([768, 768])
Layer 3 - Projection Matrix shape: torch.Size([768, 768])
Layer 4 - Projection Matrix shape: torch.Size([768, 768])
Layer 5 - Projection Matrix shape: torch.Size([768, 768])
Layer 6 - Projection Matrix shape: torch.Size([768, 768])
Layer 7 - Projection Matrix shape: torch.Size([768, 768])
Layer 8 - Projection Matrix shape: torch.Size([768, 768])
Layer 9 - Projection Matrix shape: torch.Size([768, 768])
Layer 10 - Projection Matrix shape: torch.Size([768, 768])
Layer 11 - Projection Matrix shape: torch.Size([768, 768])
Layer 12 - Projection Matrix shape: torch.Size([768, 768])
2025-12-24 21:07:05,650 [inflora.py] => Exemplar size: 0
2025-12-24 21:07:05,651 [trainer.py] => CNN: {'total': 66.11, '00-99': 85.29, '100-104': 1.16, '105-109': 0.0, '110-114': 0.0, '115-119': 0.0, '120-124': 0.0, '125-129': 0.0, '130-134': 92.0, '135-139': 92.0, '140-144': 84.0, '145-149': 96.0, '150-154': 88.0, '155-159': 84.0, '160-164': 96.0, '165-169': 100.0, '170-174': 80.0, '175-179': 96.0, '180-184': 92.0, '185-189': 92.0, '190-194': 100.0, '195-199': 92.0, 'old': 68.9, 'new': 0.0}
2025-12-24 21:07:05,651 [trainer.py] => CNN top1 curve: [85.29, 81.0, 77.62, 74.21, 71.71, 68.9, 66.11]
2025-12-24 21:07:05,651 [trainer.py] => Average Accuracy (CNN): 74.98
2025-12-24 21:07:05,657 [trainer.py] => All params: 102451025
2025-12-24 21:07:05,663 [trainer.py] => Trainable params: 261220
2025-12-24 21:07:05,663 [inflora.py] => Learning on 130-135

  0%|          | 0/10 [00:00<?, ?it/s]
Task 7, Epoch 1/10 => Loss 6.625, Train_accy 0.00:   0%|          | 0/10 [00:01<?, ?it/s]
Task 7, Epoch 1/10 => Loss 6.625, Train_accy 0.00:  10%|█         | 1/10 [00:01<00:14,  1.63s/it]
Task 7, Epoch 2/10 => Loss 5.196, Train_accy 0.00:  10%|█         | 1/10 [00:02<00:14,  1.63s/it]
Task 7, Epoch 2/10 => Loss 5.196, Train_accy 0.00:  20%|██        | 2/10 [00:02<00:09,  1.16s/it]
Task 7, Epoch 3/10 => Loss 4.397, Train_accy 4.00:  20%|██        | 2/10 [00:03<00:09,  1.16s/it]
Task 7, Epoch 3/10 => Loss 4.397, Train_accy 4.00:  30%|███       | 3/10 [00:03<00:07,  1.03s/it]
Task 7, Epoch 4/10 => Loss 3.871, Train_accy 16.00:  30%|███       | 3/10 [00:04<00:07,  1.03s/it]
Task 7, Epoch 4/10 => Loss 3.871, Train_accy 16.00:  40%|████      | 4/10 [00:04<00:05,  1.01it/s]
Task 7, Epoch 5/10 => Loss 3.169, Train_accy 40.00:  40%|████      | 4/10 [00:05<00:05,  1.01it/s]
Task 7, Epoch 5/10 => Loss 3.169, Train_accy 40.00:  50%|█████     | 5/10 [00:05<00:04,  1.04it/s]
Task 7, Epoch 6/10 => Loss 2.500, Train_accy 52.00:  50%|█████     | 5/10 [00:06<00:04,  1.04it/s]
Task 7, Epoch 6/10 => Loss 2.500, Train_accy 52.00:  60%|██████    | 6/10 [00:06<00:03,  1.04it/s]
Task 7, Epoch 7/10 => Loss 1.744, Train_accy 60.00:  60%|██████    | 6/10 [00:07<00:03,  1.04it/s]
Task 7, Epoch 7/10 => Loss 1.744, Train_accy 60.00:  70%|███████   | 7/10 [00:07<00:02,  1.06it/s]
Task 7, Epoch 8/10 => Loss 1.569, Train_accy 64.00:  70%|███████   | 7/10 [00:07<00:02,  1.06it/s]
Task 7, Epoch 8/10 => Loss 1.569, Train_accy 64.00:  80%|████████  | 8/10 [00:07<00:01,  1.07it/s]
Task 7, Epoch 9/10 => Loss 1.375, Train_accy 72.00:  80%|████████  | 8/10 [00:08<00:01,  1.07it/s]
Task 7, Epoch 9/10 => Loss 1.375, Train_accy 72.00:  90%|█████████ | 9/10 [00:08<00:00,  1.04it/s]
Task 7, Epoch 10/10 => Loss 1.205, Train_accy 80.00:  90%|█████████ | 9/10 [00:09<00:00,  1.04it/s]
Task 7, Epoch 10/10 => Loss 1.205, Train_accy 80.00: 100%|██████████| 10/10 [00:09<00:00,  1.05it/s]
Task 7, Epoch 10/10 => Loss 1.205, Train_accy 80.00: 100%|██████████| 10/10 [00:09<00:00,  1.01it/s]
2025-12-24 21:11:36,013 [inflora.py] => Task 7, Epoch 10/10 => Loss 1.205, Train_accy 80.00
Threshold:  0.9866666666666667
Skip Updating DualGPM for layer: 1
Skip Updating DualGPM for layer: 2
Layer 1 - Projection Matrix shape: torch.Size([768, 768])
Layer 2 - Projection Matrix shape: torch.Size([768, 768])
Layer 3 - Projection Matrix shape: torch.Size([768, 768])
Layer 4 - Projection Matrix shape: torch.Size([768, 768])
Layer 5 - Projection Matrix shape: torch.Size([768, 768])
Layer 6 - Projection Matrix shape: torch.Size([768, 768])
Layer 7 - Projection Matrix shape: torch.Size([768, 768])
Layer 8 - Projection Matrix shape: torch.Size([768, 768])
Layer 9 - Projection Matrix shape: torch.Size([768, 768])
Layer 10 - Projection Matrix shape: torch.Size([768, 768])
Layer 11 - Projection Matrix shape: torch.Size([768, 768])
Layer 12 - Projection Matrix shape: torch.Size([768, 768])
2025-12-24 21:12:35,811 [inflora.py] => Exemplar size: 0
2025-12-24 21:12:35,811 [trainer.py] => CNN: {'total': 63.6, '00-99': 85.19, '100-104': 1.16, '105-109': 0.0, '110-114': 0.0, '115-119': 0.0, '120-124': 0.0, '125-129': 0.0, '130-134': 0.0, '135-139': 80.0, '140-144': 96.0, '145-149': 96.0, '150-154': 80.0, '155-159': 92.0, '160-164': 96.0, '165-169': 96.0, '170-174': 84.0, '175-179': 96.0, '180-184': 96.0, '185-189': 92.0, '190-194': 96.0, '195-199': 92.0, 'old': 66.03, 'new': 0.0}
2025-12-24 21:12:35,811 [trainer.py] => CNN top1 curve: [85.29, 81.0, 77.62, 74.21, 71.71, 68.9, 66.11, 63.6]
2025-12-24 21:12:35,811 [trainer.py] => Average Accuracy (CNN): 73.56
2025-12-24 21:12:35,815 [trainer.py] => All params: 102451025
2025-12-24 21:12:35,818 [trainer.py] => Trainable params: 261220
2025-12-24 21:12:35,818 [inflora.py] => Learning on 135-140

  0%|          | 0/10 [00:00<?, ?it/s]
Task 8, Epoch 1/10 => Loss 5.984, Train_accy 4.00:   0%|          | 0/10 [00:01<?, ?it/s]
Task 8, Epoch 1/10 => Loss 5.984, Train_accy 4.00:  10%|█         | 1/10 [00:01<00:09,  1.01s/it]
Task 8, Epoch 2/10 => Loss 4.919, Train_accy 4.00:  10%|█         | 1/10 [00:01<00:09,  1.01s/it]
Task 8, Epoch 2/10 => Loss 4.919, Train_accy 4.00:  20%|██        | 2/10 [00:01<00:07,  1.01it/s]
Task 8, Epoch 3/10 => Loss 4.084, Train_accy 12.00:  20%|██        | 2/10 [00:02<00:07,  1.01it/s]
Task 8, Epoch 3/10 => Loss 4.084, Train_accy 12.00:  30%|███       | 3/10 [00:02<00:06,  1.01it/s]
Task 8, Epoch 4/10 => Loss 3.423, Train_accy 28.00:  30%|███       | 3/10 [00:03<00:06,  1.01it/s]
Task 8, Epoch 4/10 => Loss 3.423, Train_accy 28.00:  40%|████      | 4/10 [00:03<00:05,  1.12it/s]
Task 8, Epoch 5/10 => Loss 2.822, Train_accy 36.00:  40%|████      | 4/10 [00:04<00:05,  1.12it/s]
Task 8, Epoch 5/10 => Loss 2.822, Train_accy 36.00:  50%|█████     | 5/10 [00:04<00:04,  1.11it/s]
Task 8, Epoch 6/10 => Loss 2.289, Train_accy 36.00:  50%|█████     | 5/10 [00:05<00:04,  1.11it/s]
Task 8, Epoch 6/10 => Loss 2.289, Train_accy 36.00:  60%|██████    | 6/10 [00:05<00:03,  1.09it/s]
Task 8, Epoch 7/10 => Loss 1.792, Train_accy 68.00:  60%|██████    | 6/10 [00:06<00:03,  1.09it/s]
Task 8, Epoch 7/10 => Loss 1.792, Train_accy 68.00:  70%|███████   | 7/10 [00:06<00:02,  1.10it/s]
Task 8, Epoch 8/10 => Loss 1.463, Train_accy 68.00:  70%|███████   | 7/10 [00:07<00:02,  1.10it/s]
Task 8, Epoch 8/10 => Loss 1.463, Train_accy 68.00:  80%|████████  | 8/10 [00:07<00:01,  1.09it/s]
Task 8, Epoch 9/10 => Loss 1.427, Train_accy 68.00:  80%|████████  | 8/10 [00:08<00:01,  1.09it/s]
Task 8, Epoch 9/10 => Loss 1.427, Train_accy 68.00:  90%|█████████ | 9/10 [00:08<00:00,  1.10it/s]
Task 8, Epoch 10/10 => Loss 1.141, Train_accy 72.00:  90%|█████████ | 9/10 [00:09<00:00,  1.10it/s]
Task 8, Epoch 10/10 => Loss 1.141, Train_accy 72.00: 100%|██████████| 10/10 [00:09<00:00,  1.09it/s]
Task 8, Epoch 10/10 => Loss 1.141, Train_accy 72.00: 100%|██████████| 10/10 [00:09<00:00,  1.08it/s]
2025-12-24 21:17:05,871 [inflora.py] => Task 8, Epoch 10/10 => Loss 1.141, Train_accy 72.00
Threshold:  0.9876190476190476
Layer 1 - Projection Matrix shape: torch.Size([768, 768])
Layer 2 - Projection Matrix shape: torch.Size([768, 768])
Layer 3 - Projection Matrix shape: torch.Size([768, 768])
Layer 4 - Projection Matrix shape: torch.Size([768, 768])
Layer 5 - Projection Matrix shape: torch.Size([768, 768])
Layer 6 - Projection Matrix shape: torch.Size([768, 768])
Layer 7 - Projection Matrix shape: torch.Size([768, 768])
Layer 8 - Projection Matrix shape: torch.Size([768, 768])
Layer 9 - Projection Matrix shape: torch.Size([768, 768])
Layer 10 - Projection Matrix shape: torch.Size([768, 768])
Layer 11 - Projection Matrix shape: torch.Size([768, 768])
Layer 12 - Projection Matrix shape: torch.Size([768, 768])
2025-12-24 21:18:03,104 [inflora.py] => Exemplar size: 0
2025-12-24 21:18:03,105 [trainer.py] => CNN: {'total': 61.49, '00-99': 85.32, '100-104': 1.16, '105-109': 0.0, '110-114': 0.0, '115-119': 0.0, '120-124': 0.0, '125-129': 0.0, '130-134': 0.0, '135-139': 0.0, '140-144': 88.0, '145-149': 84.0, '150-154': 92.0, '155-159': 96.0, '160-164': 100.0, '165-169': 88.0, '170-174': 80.0, '175-179': 92.0, '180-184': 88.0, '185-189': 80.0, '190-194': 92.0, '195-199': 88.0, 'old': 63.7, 'new': 0.0}
2025-12-24 21:18:03,105 [trainer.py] => CNN top1 curve: [85.29, 81.0, 77.62, 74.21, 71.71, 68.9, 66.11, 63.6, 61.49]
2025-12-24 21:18:03,105 [trainer.py] => Average Accuracy (CNN): 72.21
2025-12-24 21:18:03,108 [trainer.py] => All params: 102451025
2025-12-24 21:18:03,111 [trainer.py] => Trainable params: 261220
2025-12-24 21:18:03,111 [inflora.py] => Learning on 140-145

  0%|          | 0/10 [00:00<?, ?it/s]
Task 9, Epoch 1/10 => Loss 6.366, Train_accy 0.00:   0%|          | 0/10 [00:02<?, ?it/s]
Task 9, Epoch 1/10 => Loss 6.366, Train_accy 0.00:  10%|█         | 1/10 [00:02<00:21,  2.39s/it]
Task 9, Epoch 2/10 => Loss 5.314, Train_accy 0.00:  10%|█         | 1/10 [00:03<00:21,  2.39s/it]
Task 9, Epoch 2/10 => Loss 5.314, Train_accy 0.00:  20%|██        | 2/10 [00:03<00:11,  1.42s/it]
Task 9, Epoch 3/10 => Loss 4.277, Train_accy 12.00:  20%|██        | 2/10 [00:04<00:11,  1.42s/it]
Task 9, Epoch 3/10 => Loss 4.277, Train_accy 12.00:  30%|███       | 3/10 [00:04<00:08,  1.19s/it]
Task 9, Epoch 4/10 => Loss 3.843, Train_accy 20.00:  30%|███       | 3/10 [00:04<00:08,  1.19s/it]
Task 9, Epoch 4/10 => Loss 3.843, Train_accy 20.00:  40%|████      | 4/10 [00:04<00:06,  1.07s/it]
Task 9, Epoch 5/10 => Loss 3.008, Train_accy 40.00:  40%|████      | 4/10 [00:05<00:06,  1.07s/it]
Task 9, Epoch 5/10 => Loss 3.008, Train_accy 40.00:  50%|█████     | 5/10 [00:05<00:05,  1.01s/it]
Task 9, Epoch 6/10 => Loss 2.675, Train_accy 44.00:  50%|█████     | 5/10 [00:06<00:05,  1.01s/it]
Task 9, Epoch 6/10 => Loss 2.675, Train_accy 44.00:  60%|██████    | 6/10 [00:06<00:03,  1.03it/s]
Task 9, Epoch 7/10 => Loss 2.161, Train_accy 52.00:  60%|██████    | 6/10 [00:07<00:03,  1.03it/s]
Task 9, Epoch 7/10 => Loss 2.161, Train_accy 52.00:  70%|███████   | 7/10 [00:07<00:02,  1.02it/s]
Task 9, Epoch 8/10 => Loss 2.113, Train_accy 56.00:  70%|███████   | 7/10 [00:08<00:02,  1.02it/s]
Task 9, Epoch 8/10 => Loss 2.113, Train_accy 56.00:  80%|████████  | 8/10 [00:08<00:02,  1.01s/it]
Task 9, Epoch 9/10 => Loss 1.301, Train_accy 76.00:  80%|████████  | 8/10 [00:09<00:02,  1.01s/it]
Task 9, Epoch 9/10 => Loss 1.301, Train_accy 76.00:  90%|█████████ | 9/10 [00:09<00:00,  1.05it/s]
Task 9, Epoch 10/10 => Loss 1.511, Train_accy 72.00:  90%|█████████ | 9/10 [00:10<00:00,  1.05it/s]
Task 9, Epoch 10/10 => Loss 1.511, Train_accy 72.00: 100%|██████████| 10/10 [00:10<00:00,  1.08it/s]
Task 9, Epoch 10/10 => Loss 1.511, Train_accy 72.00: 100%|██████████| 10/10 [00:10<00:00,  1.05s/it]
2025-12-24 21:22:18,512 [inflora.py] => Task 9, Epoch 10/10 => Loss 1.511, Train_accy 72.00
Threshold:  0.9885714285714285
Skip Updating DualGPM for layer: 1
Skip Updating DualGPM for layer: 2
Layer 1 - Projection Matrix shape: torch.Size([768, 768])
Layer 2 - Projection Matrix shape: torch.Size([768, 768])
Layer 3 - Projection Matrix shape: torch.Size([768, 768])
Layer 4 - Projection Matrix shape: torch.Size([768, 768])
Layer 5 - Projection Matrix shape: torch.Size([768, 768])
Layer 6 - Projection Matrix shape: torch.Size([768, 768])
Layer 7 - Projection Matrix shape: torch.Size([768, 768])
Layer 8 - Projection Matrix shape: torch.Size([768, 768])
Layer 9 - Projection Matrix shape: torch.Size([768, 768])
Layer 10 - Projection Matrix shape: torch.Size([768, 768])
Layer 11 - Projection Matrix shape: torch.Size([768, 768])
Layer 12 - Projection Matrix shape: torch.Size([768, 768])
2025-12-24 21:23:57,264 [inflora.py] => Exemplar size: 0
2025-12-24 21:23:57,298 [trainer.py] => CNN: {'total': 59.81, '00-99': 85.23, '100-104': 1.16, '105-109': 0.0, '110-114': 0.0, '115-119': 0.0, '120-124': 0.0, '125-129': 0.0, '130-134': 0.0, '135-139': 0.0, '140-144': 0.0, '145-149': 100.0, '150-154': 96.0, '155-159': 96.0, '160-164': 96.0, '165-169': 92.0, '170-174': 88.0, '175-179': 92.0, '180-184': 88.0, '185-189': 80.0, '190-194': 100.0, '195-199': 92.0, 'old': 61.42, 'new': 0.0}
2025-12-24 21:23:57,298 [trainer.py] => CNN top1 curve: [85.29, 81.0, 77.62, 74.21, 71.71, 68.9, 66.11, 63.6, 61.49, 59.81]
2025-12-24 21:23:57,299 [trainer.py] => Average Accuracy (CNN): 70.97
2025-12-24 21:23:57,304 [trainer.py] => All params: 102451025
2025-12-24 21:23:57,311 [trainer.py] => Trainable params: 261220
2025-12-24 21:23:57,311 [inflora.py] => Learning on 145-150

  0%|          | 0/10 [00:00<?, ?it/s]
Task 10, Epoch 1/10 => Loss 4.905, Train_accy 0.00:   0%|          | 0/10 [00:02<?, ?it/s]
Task 10, Epoch 1/10 => Loss 4.905, Train_accy 0.00:  10%|█         | 1/10 [00:02<00:24,  2.72s/it]
Task 10, Epoch 2/10 => Loss 3.830, Train_accy 4.00:  10%|█         | 1/10 [00:03<00:24,  2.72s/it]
Task 10, Epoch 2/10 => Loss 3.830, Train_accy 4.00:  20%|██        | 2/10 [00:03<00:13,  1.74s/it]
Task 10, Epoch 3/10 => Loss 3.186, Train_accy 28.00:  20%|██        | 2/10 [00:04<00:13,  1.74s/it]
Task 10, Epoch 3/10 => Loss 3.186, Train_accy 28.00:  30%|███       | 3/10 [00:04<00:10,  1.44s/it]
Task 10, Epoch 4/10 => Loss 2.393, Train_accy 48.00:  30%|███       | 3/10 [00:05<00:10,  1.44s/it]
Task 10, Epoch 4/10 => Loss 2.393, Train_accy 48.00:  40%|████      | 4/10 [00:05<00:07,  1.23s/it]
Task 10, Epoch 5/10 => Loss 1.799, Train_accy 64.00:  40%|████      | 4/10 [00:06<00:07,  1.23s/it]
Task 10, Epoch 5/10 => Loss 1.799, Train_accy 64.00:  50%|█████     | 5/10 [00:06<00:05,  1.11s/it]
Task 10, Epoch 6/10 => Loss 1.374, Train_accy 92.00:  50%|█████     | 5/10 [00:07<00:05,  1.11s/it]
Task 10, Epoch 6/10 => Loss 1.374, Train_accy 92.00:  60%|██████    | 6/10 [00:07<00:04,  1.01s/it]
Task 10, Epoch 7/10 => Loss 1.163, Train_accy 84.00:  60%|██████    | 6/10 [00:08<00:04,  1.01s/it]
Task 10, Epoch 7/10 => Loss 1.163, Train_accy 84.00:  70%|███████   | 7/10 [00:08<00:03,  1.04s/it]
Task 10, Epoch 8/10 => Loss 0.851, Train_accy 92.00:  70%|███████   | 7/10 [00:09<00:03,  1.04s/it]
Task 10, Epoch 8/10 => Loss 0.851, Train_accy 92.00:  80%|████████  | 8/10 [00:09<00:02,  1.10s/it]
Task 10, Epoch 9/10 => Loss 0.719, Train_accy 88.00:  80%|████████  | 8/10 [00:11<00:02,  1.10s/it]
Task 10, Epoch 9/10 => Loss 0.719, Train_accy 88.00:  90%|█████████ | 9/10 [00:11<00:01,  1.17s/it]
Task 10, Epoch 10/10 => Loss 0.573, Train_accy 96.00:  90%|█████████ | 9/10 [00:12<00:01,  1.17s/it]
Task 10, Epoch 10/10 => Loss 0.573, Train_accy 96.00: 100%|██████████| 10/10 [00:12<00:00,  1.16s/it]
Task 10, Epoch 10/10 => Loss 0.573, Train_accy 96.00: 100%|██████████| 10/10 [00:12<00:00,  1.23s/it]
2025-12-24 21:29:08,323 [inflora.py] => Task 10, Epoch 10/10 => Loss 0.573, Train_accy 96.00
Threshold:  0.9895238095238095
Skip Updating DualGPM for layer: 1
Layer 1 - Projection Matrix shape: torch.Size([768, 768])
Layer 2 - Projection Matrix shape: torch.Size([768, 768])
Layer 3 - Projection Matrix shape: torch.Size([768, 768])
Layer 4 - Projection Matrix shape: torch.Size([768, 768])
Layer 5 - Projection Matrix shape: torch.Size([768, 768])
Layer 6 - Projection Matrix shape: torch.Size([768, 768])
Layer 7 - Projection Matrix shape: torch.Size([768, 768])
Layer 8 - Projection Matrix shape: torch.Size([768, 768])
Layer 9 - Projection Matrix shape: torch.Size([768, 768])
Layer 10 - Projection Matrix shape: torch.Size([768, 768])
Layer 11 - Projection Matrix shape: torch.Size([768, 768])
Layer 12 - Projection Matrix shape: torch.Size([768, 768])
2025-12-24 21:30:52,373 [inflora.py] => Exemplar size: 0
2025-12-24 21:30:52,409 [trainer.py] => CNN: {'total': 58.34, '00-99': 85.06, '100-104': 1.16, '105-109': 0.0, '110-114': 0.0, '115-119': 0.0, '120-124': 0.0, '125-129': 0.0, '130-134': 0.0, '135-139': 0.0, '140-144': 0.0, '145-149': 0.0, '150-154': 84.0, '155-159': 92.0, '160-164': 92.0, '165-169': 96.0, '170-174': 84.0, '175-179': 96.0, '180-184': 96.0, '185-189': 88.0, '190-194': 100.0, '195-199': 100.0, 'old': 59.69, 'new': 0.0}
2025-12-24 21:30:52,410 [trainer.py] => CNN top1 curve: [85.29, 81.0, 77.62, 74.21, 71.71, 68.9, 66.11, 63.6, 61.49, 59.81, 58.34]
2025-12-24 21:30:52,410 [trainer.py] => Average Accuracy (CNN): 69.83
2025-12-24 21:30:52,414 [trainer.py] => All params: 102451025
2025-12-24 21:30:52,417 [trainer.py] => Trainable params: 261220
2025-12-24 21:30:52,417 [inflora.py] => Learning on 150-155

  0%|          | 0/10 [00:00<?, ?it/s]
Task 11, Epoch 1/10 => Loss 5.222, Train_accy 0.00:   0%|          | 0/10 [00:02<?, ?it/s]
Task 11, Epoch 1/10 => Loss 5.222, Train_accy 0.00:  10%|█         | 1/10 [00:03<00:27,  3.01s/it]
Task 11, Epoch 2/10 => Loss 4.634, Train_accy 8.00:  10%|█         | 1/10 [00:04<00:27,  3.01s/it]
Task 11, Epoch 2/10 => Loss 4.634, Train_accy 8.00:  20%|██        | 2/10 [00:04<00:16,  2.10s/it]
Task 11, Epoch 3/10 => Loss 3.941, Train_accy 12.00:  20%|██        | 2/10 [00:05<00:16,  2.10s/it]
Task 11, Epoch 3/10 => Loss 3.941, Train_accy 12.00:  30%|███       | 3/10 [00:05<00:12,  1.75s/it]
Task 11, Epoch 4/10 => Loss 3.307, Train_accy 16.00:  30%|███       | 3/10 [00:07<00:12,  1.75s/it]
Task 11, Epoch 4/10 => Loss 3.307, Train_accy 16.00:  40%|████      | 4/10 [00:07<00:09,  1.57s/it]
Task 11, Epoch 5/10 => Loss 2.737, Train_accy 32.00:  40%|████      | 4/10 [00:08<00:09,  1.57s/it]
Task 11, Epoch 5/10 => Loss 2.737, Train_accy 32.00:  50%|█████     | 5/10 [00:08<00:07,  1.43s/it]
Task 11, Epoch 6/10 => Loss 2.347, Train_accy 60.00:  50%|█████     | 5/10 [00:09<00:07,  1.43s/it]
Task 11, Epoch 6/10 => Loss 2.347, Train_accy 60.00:  60%|██████    | 6/10 [00:09<00:05,  1.40s/it]
Task 11, Epoch 7/10 => Loss 1.883, Train_accy 68.00:  60%|██████    | 6/10 [00:10<00:05,  1.40s/it]
Task 11, Epoch 7/10 => Loss 1.883, Train_accy 68.00:  70%|███████   | 7/10 [00:10<00:03,  1.30s/it]
Task 11, Epoch 8/10 => Loss 1.544, Train_accy 72.00:  70%|███████   | 7/10 [00:11<00:03,  1.30s/it]
Task 11, Epoch 8/10 => Loss 1.544, Train_accy 72.00:  80%|████████  | 8/10 [00:11<00:02,  1.27s/it]
Task 11, Epoch 9/10 => Loss 1.456, Train_accy 72.00:  80%|████████  | 8/10 [00:13<00:02,  1.27s/it]
Task 11, Epoch 9/10 => Loss 1.456, Train_accy 72.00:  90%|█████████ | 9/10 [00:13<00:01,  1.23s/it]
Task 11, Epoch 10/10 => Loss 1.590, Train_accy 68.00:  90%|█████████ | 9/10 [00:14<00:01,  1.23s/it]
Task 11, Epoch 10/10 => Loss 1.590, Train_accy 68.00: 100%|██████████| 10/10 [00:14<00:00,  1.21s/it]
Task 11, Epoch 10/10 => Loss 1.590, Train_accy 68.00: 100%|██████████| 10/10 [00:14<00:00,  1.42s/it]
2025-12-24 21:36:44,514 [inflora.py] => Task 11, Epoch 10/10 => Loss 1.590, Train_accy 68.00
Threshold:  0.9904761904761905
Skip Updating DualGPM for layer: 1
Layer 1 - Projection Matrix shape: torch.Size([768, 768])
Layer 2 - Projection Matrix shape: torch.Size([768, 768])
Layer 3 - Projection Matrix shape: torch.Size([768, 768])
Layer 4 - Projection Matrix shape: torch.Size([768, 768])
Layer 5 - Projection Matrix shape: torch.Size([768, 768])
Layer 6 - Projection Matrix shape: torch.Size([768, 768])
Layer 7 - Projection Matrix shape: torch.Size([768, 768])
Layer 8 - Projection Matrix shape: torch.Size([768, 768])
Layer 9 - Projection Matrix shape: torch.Size([768, 768])
Layer 10 - Projection Matrix shape: torch.Size([768, 768])
Layer 11 - Projection Matrix shape: torch.Size([768, 768])
Layer 12 - Projection Matrix shape: torch.Size([768, 768])
2025-12-24 21:38:23,648 [inflora.py] => Exemplar size: 0
2025-12-24 21:38:23,664 [trainer.py] => CNN: {'total': 57.01, '00-99': 85.09, '100-104': 1.74, '105-109': 0.0, '110-114': 0.0, '115-119': 0.0, '120-124': 0.0, '125-129': 0.0, '130-134': 0.0, '135-139': 0.0, '140-144': 0.0, '145-149': 0.0, '150-154': 0.92, '155-159': 96.0, '160-164': 96.0, '165-169': 96.0, '170-174': 96.0, '175-179': 96.0, '180-184': 92.0, '185-189': 96.0, '190-194': 92.0, '195-199': 92.0, 'old': 58.39, 'new': 0.92}
2025-12-24 21:38:23,664 [trainer.py] => CNN top1 curve: [85.29, 81.0, 77.62, 74.21, 71.71, 68.9, 66.11, 63.6, 61.49, 59.81, 58.34, 57.01]
2025-12-24 21:38:23,664 [trainer.py] => Average Accuracy (CNN): 68.76
2025-12-24 21:38:23,669 [trainer.py] => All params: 102451025
2025-12-24 21:38:23,674 [trainer.py] => Trainable params: 261220
2025-12-24 21:38:23,674 [inflora.py] => Learning on 155-160

  0%|          | 0/10 [00:00<?, ?it/s]
Task 12, Epoch 1/10 => Loss 5.471, Train_accy 4.00:   0%|          | 0/10 [00:02<?, ?it/s]
Task 12, Epoch 1/10 => Loss 5.471, Train_accy 4.00:  10%|█         | 1/10 [00:02<00:25,  2.83s/it]
Task 12, Epoch 2/10 => Loss 4.692, Train_accy 8.00:  10%|█         | 1/10 [00:03<00:25,  2.83s/it]
Task 12, Epoch 2/10 => Loss 4.692, Train_accy 8.00:  20%|██        | 2/10 [00:03<00:14,  1.82s/it]
Task 12, Epoch 3/10 => Loss 3.909, Train_accy 20.00:  20%|██        | 2/10 [00:05<00:14,  1.82s/it]
Task 12, Epoch 3/10 => Loss 3.909, Train_accy 20.00:  30%|███       | 3/10 [00:05<00:10,  1.51s/it]
Task 12, Epoch 4/10 => Loss 3.349, Train_accy 20.00:  30%|███       | 3/10 [00:06<00:10,  1.51s/it]
Task 12, Epoch 4/10 => Loss 3.349, Train_accy 20.00:  40%|████      | 4/10 [00:06<00:08,  1.44s/it]
Task 12, Epoch 5/10 => Loss 2.844, Train_accy 32.00:  40%|████      | 4/10 [00:07<00:08,  1.44s/it]
Task 12, Epoch 5/10 => Loss 2.844, Train_accy 32.00:  50%|█████     | 5/10 [00:07<00:06,  1.39s/it]
Task 12, Epoch 6/10 => Loss 2.338, Train_accy 52.00:  50%|█████     | 5/10 [00:08<00:06,  1.39s/it]
Task 12, Epoch 6/10 => Loss 2.338, Train_accy 52.00:  60%|██████    | 6/10 [00:08<00:05,  1.34s/it]
Task 12, Epoch 7/10 => Loss 1.991, Train_accy 48.00:  60%|██████    | 6/10 [00:10<00:05,  1.34s/it]
Task 12, Epoch 7/10 => Loss 1.991, Train_accy 48.00:  70%|███████   | 7/10 [00:10<00:03,  1.28s/it]
Task 12, Epoch 8/10 => Loss 1.542, Train_accy 64.00:  70%|███████   | 7/10 [00:11<00:03,  1.28s/it]
Task 12, Epoch 8/10 => Loss 1.542, Train_accy 64.00:  80%|████████  | 8/10 [00:11<00:02,  1.26s/it]
Task 12, Epoch 9/10 => Loss 1.374, Train_accy 76.00:  80%|████████  | 8/10 [00:12<00:02,  1.26s/it]
Task 12, Epoch 9/10 => Loss 1.374, Train_accy 76.00:  90%|█████████ | 9/10 [00:12<00:01,  1.19s/it]
Task 12, Epoch 10/10 => Loss 1.623, Train_accy 52.00:  90%|█████████ | 9/10 [00:13<00:01,  1.19s/it]
Task 12, Epoch 10/10 => Loss 1.623, Train_accy 52.00: 100%|██████████| 10/10 [00:13<00:00,  1.20s/it]
Task 12, Epoch 10/10 => Loss 1.623, Train_accy 52.00: 100%|██████████| 10/10 [00:13<00:00,  1.36s/it]
2025-12-24 21:45:28,846 [inflora.py] => Task 12, Epoch 10/10 => Loss 1.623, Train_accy 52.00
Threshold:  0.9914285714285714
Skip Updating DualGPM for layer: 1
Layer 1 - Projection Matrix shape: torch.Size([768, 768])
Layer 2 - Projection Matrix shape: torch.Size([768, 768])
Layer 3 - Projection Matrix shape: torch.Size([768, 768])
Layer 4 - Projection Matrix shape: torch.Size([768, 768])
Layer 5 - Projection Matrix shape: torch.Size([768, 768])
Layer 6 - Projection Matrix shape: torch.Size([768, 768])
Layer 7 - Projection Matrix shape: torch.Size([768, 768])
Layer 8 - Projection Matrix shape: torch.Size([768, 768])
Layer 9 - Projection Matrix shape: torch.Size([768, 768])
Layer 10 - Projection Matrix shape: torch.Size([768, 768])
Layer 11 - Projection Matrix shape: torch.Size([768, 768])
Layer 12 - Projection Matrix shape: torch.Size([768, 768])
2025-12-24 21:46:59,067 [inflora.py] => Exemplar size: 0
2025-12-24 21:46:59,110 [trainer.py] => CNN: {'total': 55.12, '00-99': 85.03, '100-104': 1.74, '105-109': 0.0, '110-114': 0.0, '115-119': 0.0, '120-124': 0.0, '125-129': 0.0, '130-134': 0.0, '135-139': 0.0, '140-144': 0.0, '145-149': 0.0, '150-154': 0.92, '155-159': 0.0, '160-164': 96.0, '165-169': 96.0, '170-174': 88.0, '175-179': 100.0, '180-184': 88.0, '185-189': 92.0, '190-194': 96.0, '195-199': 92.0, 'old': 56.97, 'new': 0.0}
2025-12-24 21:46:59,110 [trainer.py] => CNN top1 curve: [85.29, 81.0, 77.62, 74.21, 71.71, 68.9, 66.11, 63.6, 61.49, 59.81, 58.34, 57.01, 55.12]
2025-12-24 21:46:59,110 [trainer.py] => Average Accuracy (CNN): 67.71
2025-12-24 21:46:59,117 [trainer.py] => All params: 102451025
2025-12-24 21:46:59,123 [trainer.py] => Trainable params: 261220
2025-12-24 21:46:59,123 [inflora.py] => Learning on 160-165

  0%|          | 0/10 [00:00<?, ?it/s]
Task 13, Epoch 1/10 => Loss 6.118, Train_accy 0.00:   0%|          | 0/10 [00:03<?, ?it/s]
Task 13, Epoch 1/10 => Loss 6.118, Train_accy 0.00:  10%|█         | 1/10 [00:03<00:29,  3.24s/it]
Task 13, Epoch 2/10 => Loss 5.437, Train_accy 0.00:  10%|█         | 1/10 [00:04<00:29,  3.24s/it]
Task 13, Epoch 2/10 => Loss 5.437, Train_accy 0.00:  20%|██        | 2/10 [00:04<00:18,  2.34s/it]
Task 13, Epoch 3/10 => Loss 4.683, Train_accy 0.00:  20%|██        | 2/10 [00:06<00:18,  2.34s/it]
Task 13, Epoch 3/10 => Loss 4.683, Train_accy 0.00:  30%|███       | 3/10 [00:06<00:12,  1.83s/it]
Task 13, Epoch 4/10 => Loss 3.825, Train_accy 8.00:  30%|███       | 3/10 [00:07<00:12,  1.83s/it]
Task 13, Epoch 4/10 => Loss 3.825, Train_accy 8.00:  40%|████      | 4/10 [00:07<00:09,  1.51s/it]
Task 13, Epoch 5/10 => Loss 3.095, Train_accy 20.00:  40%|████      | 4/10 [00:08<00:09,  1.51s/it]
Task 13, Epoch 5/10 => Loss 3.095, Train_accy 20.00:  50%|█████     | 5/10 [00:08<00:07,  1.41s/it]
Task 13, Epoch 6/10 => Loss 2.342, Train_accy 44.00:  50%|█████     | 5/10 [00:09<00:07,  1.41s/it]
Task 13, Epoch 6/10 => Loss 2.342, Train_accy 44.00:  60%|██████    | 6/10 [00:09<00:05,  1.38s/it]
Task 13, Epoch 7/10 => Loss 2.149, Train_accy 56.00:  60%|██████    | 6/10 [00:10<00:05,  1.38s/it]
Task 13, Epoch 7/10 => Loss 2.149, Train_accy 56.00:  70%|███████   | 7/10 [00:10<00:03,  1.33s/it]
Task 13, Epoch 8/10 => Loss 1.664, Train_accy 72.00:  70%|███████   | 7/10 [00:12<00:03,  1.33s/it]
Task 13, Epoch 8/10 => Loss 1.664, Train_accy 72.00:  80%|████████  | 8/10 [00:12<00:02,  1.28s/it]
Task 13, Epoch 9/10 => Loss 1.533, Train_accy 72.00:  80%|████████  | 8/10 [00:13<00:02,  1.28s/it]
Task 13, Epoch 9/10 => Loss 1.533, Train_accy 72.00:  90%|█████████ | 9/10 [00:13<00:01,  1.27s/it]
Task 13, Epoch 10/10 => Loss 1.571, Train_accy 68.00:  90%|█████████ | 9/10 [00:14<00:01,  1.27s/it]
Task 13, Epoch 10/10 => Loss 1.571, Train_accy 68.00: 100%|██████████| 10/10 [00:14<00:00,  1.24s/it]
Task 13, Epoch 10/10 => Loss 1.571, Train_accy 68.00: 100%|██████████| 10/10 [00:14<00:00,  1.46s/it]
2025-12-24 21:52:03,126 [inflora.py] => Task 13, Epoch 10/10 => Loss 1.571, Train_accy 68.00
Threshold:  0.9923809523809524
Skip Updating DualGPM for layer: 1
Layer 1 - Projection Matrix shape: torch.Size([768, 768])
Layer 2 - Projection Matrix shape: torch.Size([768, 768])
Layer 3 - Projection Matrix shape: torch.Size([768, 768])
Layer 4 - Projection Matrix shape: torch.Size([768, 768])
Layer 5 - Projection Matrix shape: torch.Size([768, 768])
Layer 6 - Projection Matrix shape: torch.Size([768, 768])
Layer 7 - Projection Matrix shape: torch.Size([768, 768])
Layer 8 - Projection Matrix shape: torch.Size([768, 768])
Layer 9 - Projection Matrix shape: torch.Size([768, 768])
Layer 10 - Projection Matrix shape: torch.Size([768, 768])
Layer 11 - Projection Matrix shape: torch.Size([768, 768])
Layer 12 - Projection Matrix shape: torch.Size([768, 768])
2025-12-24 21:53:21,457 [inflora.py] => Exemplar size: 0
2025-12-24 21:53:21,483 [trainer.py] => CNN: {'total': 53.26, '00-99': 85.0, '100-104': 1.16, '105-109': 0.0, '110-114': 0.0, '115-119': 0.0, '120-124': 0.0, '125-129': 0.0, '130-134': 0.0, '135-139': 0.0, '140-144': 0.0, '145-149': 0.0, '150-154': 0.92, '155-159': 0.0, '160-164': 0.0, '165-169': 100.0, '170-174': 80.0, '175-179': 100.0, '180-184': 96.0, '185-189': 92.0, '190-194': 100.0, '195-199': 92.0, 'old': 55.08, 'new': 0.0}
2025-12-24 21:53:21,483 [trainer.py] => CNN top1 curve: [85.29, 81.0, 77.62, 74.21, 71.71, 68.9, 66.11, 63.6, 61.49, 59.81, 58.34, 57.01, 55.12, 53.26]
2025-12-24 21:53:21,483 [trainer.py] => Average Accuracy (CNN): 66.68
2025-12-24 21:53:21,487 [trainer.py] => All params: 102451025
2025-12-24 21:53:21,491 [trainer.py] => Trainable params: 261220
2025-12-24 21:53:21,492 [inflora.py] => Learning on 165-170

  0%|          | 0/10 [00:00<?, ?it/s]
Task 14, Epoch 1/10 => Loss 6.403, Train_accy 0.00:   0%|          | 0/10 [00:03<?, ?it/s]
Task 14, Epoch 1/10 => Loss 6.403, Train_accy 0.00:  10%|█         | 1/10 [00:03<00:27,  3.05s/it]
Task 14, Epoch 2/10 => Loss 5.237, Train_accy 0.00:  10%|█         | 1/10 [00:04<00:27,  3.05s/it]
Task 14, Epoch 2/10 => Loss 5.237, Train_accy 0.00:  20%|██        | 2/10 [00:04<00:16,  2.03s/it]
Task 14, Epoch 3/10 => Loss 4.553, Train_accy 8.00:  20%|██        | 2/10 [00:05<00:16,  2.03s/it]
Task 14, Epoch 3/10 => Loss 4.553, Train_accy 8.00:  30%|███       | 3/10 [00:05<00:12,  1.76s/it]
Task 14, Epoch 4/10 => Loss 3.692, Train_accy 16.00:  30%|███       | 3/10 [00:07<00:12,  1.76s/it]
Task 14, Epoch 4/10 => Loss 3.692, Train_accy 16.00:  40%|████      | 4/10 [00:07<00:10,  1.67s/it]
Task 14, Epoch 5/10 => Loss 3.357, Train_accy 24.00:  40%|████      | 4/10 [00:08<00:10,  1.67s/it]
Task 14, Epoch 5/10 => Loss 3.357, Train_accy 24.00:  50%|█████     | 5/10 [00:08<00:07,  1.55s/it]
Task 14, Epoch 6/10 => Loss 2.429, Train_accy 56.00:  50%|█████     | 5/10 [00:10<00:07,  1.55s/it]
Task 14, Epoch 6/10 => Loss 2.429, Train_accy 56.00:  60%|██████    | 6/10 [00:10<00:06,  1.55s/it]
Task 14, Epoch 7/10 => Loss 2.364, Train_accy 44.00:  60%|██████    | 6/10 [00:11<00:06,  1.55s/it]
Task 14, Epoch 7/10 => Loss 2.364, Train_accy 44.00:  70%|███████   | 7/10 [00:11<00:04,  1.44s/it]
Task 14, Epoch 8/10 => Loss 2.027, Train_accy 56.00:  70%|███████   | 7/10 [00:12<00:04,  1.44s/it]
Task 14, Epoch 8/10 => Loss 2.027, Train_accy 56.00:  80%|████████  | 8/10 [00:12<00:02,  1.42s/it]
Task 14, Epoch 9/10 => Loss 1.623, Train_accy 72.00:  80%|████████  | 8/10 [00:14<00:02,  1.42s/it]
Task 14, Epoch 9/10 => Loss 1.623, Train_accy 72.00:  90%|█████████ | 9/10 [00:14<00:01,  1.41s/it]
Task 14, Epoch 10/10 => Loss 1.552, Train_accy 60.00:  90%|█████████ | 9/10 [00:15<00:01,  1.41s/it]
Task 14, Epoch 10/10 => Loss 1.552, Train_accy 60.00: 100%|██████████| 10/10 [00:15<00:00,  1.40s/it]
Task 14, Epoch 10/10 => Loss 1.552, Train_accy 60.00: 100%|██████████| 10/10 [00:15<00:00,  1.56s/it]
2025-12-24 21:58:53,878 [inflora.py] => Task 14, Epoch 10/10 => Loss 1.552, Train_accy 60.00
Threshold:  0.9933333333333333
Skip Updating DualGPM for layer: 1
Layer 1 - Projection Matrix shape: torch.Size([768, 768])
Layer 2 - Projection Matrix shape: torch.Size([768, 768])
Layer 3 - Projection Matrix shape: torch.Size([768, 768])
Layer 4 - Projection Matrix shape: torch.Size([768, 768])
Layer 5 - Projection Matrix shape: torch.Size([768, 768])
Layer 6 - Projection Matrix shape: torch.Size([768, 768])
Layer 7 - Projection Matrix shape: torch.Size([768, 768])
Layer 8 - Projection Matrix shape: torch.Size([768, 768])
Layer 9 - Projection Matrix shape: torch.Size([768, 768])
Layer 10 - Projection Matrix shape: torch.Size([768, 768])
Layer 11 - Projection Matrix shape: torch.Size([768, 768])
Layer 12 - Projection Matrix shape: torch.Size([768, 768])
2025-12-24 22:00:37,350 [inflora.py] => Exemplar size: 0
2025-12-24 22:00:37,372 [trainer.py] => CNN: {'total': 51.19, '00-99': 84.86, '100-104': 1.74, '105-109': 0.0, '110-114': 0.0, '115-119': 0.0, '120-124': 0.0, '125-129': 0.0, '130-134': 0.0, '135-139': 0.0, '140-144': 0.0, '145-149': 0.0, '150-154': 0.92, '155-159': 0.0, '160-164': 0.0, '165-169': 0.0, '170-174': 100.0, '175-179': 96.0, '180-184': 92.0, '185-189': 92.0, '190-194': 100.0, '195-199': 88.0, 'old': 53.2, 'new': 0.0}
2025-12-24 22:00:37,372 [trainer.py] => CNN top1 curve: [85.29, 81.0, 77.62, 74.21, 71.71, 68.9, 66.11, 63.6, 61.49, 59.81, 58.34, 57.01, 55.12, 53.26, 51.19]
2025-12-24 22:00:37,372 [trainer.py] => Average Accuracy (CNN): 65.64
2025-12-24 22:00:37,376 [trainer.py] => All params: 102451025
2025-12-24 22:00:37,380 [trainer.py] => Trainable params: 261220
2025-12-24 22:00:37,380 [inflora.py] => Learning on 170-175

  0%|          | 0/10 [00:00<?, ?it/s]
Task 15, Epoch 1/10 => Loss 5.663, Train_accy 0.00:   0%|          | 0/10 [00:03<?, ?it/s]
Task 15, Epoch 1/10 => Loss 5.663, Train_accy 0.00:  10%|█         | 1/10 [00:03<00:27,  3.09s/it]
Task 15, Epoch 2/10 => Loss 5.114, Train_accy 0.00:  10%|█         | 1/10 [00:04<00:27,  3.09s/it]
Task 15, Epoch 2/10 => Loss 5.114, Train_accy 0.00:  20%|██        | 2/10 [00:04<00:15,  1.90s/it]
Task 15, Epoch 3/10 => Loss 4.098, Train_accy 16.00:  20%|██        | 2/10 [00:05<00:15,  1.90s/it]
Task 15, Epoch 3/10 => Loss 4.098, Train_accy 16.00:  30%|███       | 3/10 [00:05<00:10,  1.53s/it]
Task 15, Epoch 4/10 => Loss 3.517, Train_accy 16.00:  30%|███       | 3/10 [00:06<00:10,  1.53s/it]
Task 15, Epoch 4/10 => Loss 3.517, Train_accy 16.00:  40%|████      | 4/10 [00:06<00:08,  1.34s/it]
Task 15, Epoch 5/10 => Loss 2.887, Train_accy 24.00:  40%|████      | 4/10 [00:07<00:08,  1.34s/it]
Task 15, Epoch 5/10 => Loss 2.887, Train_accy 24.00:  50%|█████     | 5/10 [00:07<00:06,  1.22s/it]
Task 15, Epoch 6/10 => Loss 2.608, Train_accy 36.00:  50%|█████     | 5/10 [00:08<00:06,  1.22s/it]
Task 15, Epoch 6/10 => Loss 2.608, Train_accy 36.00:  60%|██████    | 6/10 [00:08<00:04,  1.22s/it]
Task 15, Epoch 7/10 => Loss 2.173, Train_accy 48.00:  60%|██████    | 6/10 [00:09<00:04,  1.22s/it]
Task 15, Epoch 7/10 => Loss 2.173, Train_accy 48.00:  70%|███████   | 7/10 [00:09<00:03,  1.17s/it]
Task 15, Epoch 8/10 => Loss 2.085, Train_accy 48.00:  70%|███████   | 7/10 [00:10<00:03,  1.17s/it]
Task 15, Epoch 8/10 => Loss 2.085, Train_accy 48.00:  80%|████████  | 8/10 [00:10<00:02,  1.17s/it]
Task 15, Epoch 9/10 => Loss 1.569, Train_accy 72.00:  80%|████████  | 8/10 [00:12<00:02,  1.17s/it]
Task 15, Epoch 9/10 => Loss 1.569, Train_accy 72.00:  90%|█████████ | 9/10 [00:12<00:01,  1.21s/it]
Task 15, Epoch 10/10 => Loss 1.668, Train_accy 60.00:  90%|█████████ | 9/10 [00:13<00:01,  1.21s/it]
Task 15, Epoch 10/10 => Loss 1.668, Train_accy 60.00: 100%|██████████| 10/10 [00:13<00:00,  1.21s/it]
Task 15, Epoch 10/10 => Loss 1.668, Train_accy 60.00: 100%|██████████| 10/10 [00:13<00:00,  1.32s/it]
2025-12-24 22:06:52,055 [inflora.py] => Task 15, Epoch 10/10 => Loss 1.668, Train_accy 60.00
Threshold:  0.9942857142857143
Skip Updating DualGPM for layer: 1
Layer 1 - Projection Matrix shape: torch.Size([768, 768])
Layer 2 - Projection Matrix shape: torch.Size([768, 768])
Layer 3 - Projection Matrix shape: torch.Size([768, 768])
Layer 4 - Projection Matrix shape: torch.Size([768, 768])
Layer 5 - Projection Matrix shape: torch.Size([768, 768])
Layer 6 - Projection Matrix shape: torch.Size([768, 768])
Layer 7 - Projection Matrix shape: torch.Size([768, 768])
Layer 8 - Projection Matrix shape: torch.Size([768, 768])
Layer 9 - Projection Matrix shape: torch.Size([768, 768])
Layer 10 - Projection Matrix shape: torch.Size([768, 768])
Layer 11 - Projection Matrix shape: torch.Size([768, 768])
Layer 12 - Projection Matrix shape: torch.Size([768, 768])
2025-12-24 22:08:35,167 [inflora.py] => Exemplar size: 0
2025-12-24 22:08:35,192 [trainer.py] => CNN: {'total': 49.7, '00-99': 84.73, '100-104': 1.74, '105-109': 0.0, '110-114': 0.0, '115-119': 0.0, '120-124': 0.0, '125-129': 0.0, '130-134': 0.0, '135-139': 0.0, '140-144': 0.0, '145-149': 0.0, '150-154': 0.0, '155-159': 0.0, '160-164': 0.0, '165-169': 0.0, '170-174': 0.0, '175-179': 88.0, '180-184': 92.0, '185-189': 92.0, '190-194': 100.0, '195-199': 92.0, 'old': 51.09, 'new': 0.0}
2025-12-24 22:08:35,192 [trainer.py] => CNN top1 curve: [85.29, 81.0, 77.62, 74.21, 71.71, 68.9, 66.11, 63.6, 61.49, 59.81, 58.34, 57.01, 55.12, 53.26, 51.19, 49.7]
2025-12-24 22:08:35,192 [trainer.py] => Average Accuracy (CNN): 64.65
2025-12-24 22:08:35,196 [trainer.py] => All params: 102451025
2025-12-24 22:08:35,200 [trainer.py] => Trainable params: 261220
2025-12-24 22:08:35,200 [inflora.py] => Learning on 175-180

  0%|          | 0/10 [00:00<?, ?it/s]
Task 16, Epoch 1/10 => Loss 5.649, Train_accy 0.00:   0%|          | 0/10 [00:03<?, ?it/s]
Task 16, Epoch 1/10 => Loss 5.649, Train_accy 0.00:  10%|█         | 1/10 [00:03<00:28,  3.14s/it]
Task 16, Epoch 2/10 => Loss 5.226, Train_accy 0.00:  10%|█         | 1/10 [00:04<00:28,  3.14s/it]
Task 16, Epoch 2/10 => Loss 5.226, Train_accy 0.00:  20%|██        | 2/10 [00:04<00:16,  2.07s/it]
Task 16, Epoch 3/10 => Loss 4.006, Train_accy 16.00:  20%|██        | 2/10 [00:05<00:16,  2.07s/it]
Task 16, Epoch 3/10 => Loss 4.006, Train_accy 16.00:  30%|███       | 3/10 [00:05<00:11,  1.59s/it]
Task 16, Epoch 4/10 => Loss 3.517, Train_accy 24.00:  30%|███       | 3/10 [00:06<00:11,  1.59s/it]
Task 16, Epoch 4/10 => Loss 3.517, Train_accy 24.00:  40%|████      | 4/10 [00:06<00:08,  1.41s/it]
Task 16, Epoch 5/10 => Loss 3.131, Train_accy 24.00:  40%|████      | 4/10 [00:07<00:08,  1.41s/it]
Task 16, Epoch 5/10 => Loss 3.131, Train_accy 24.00:  50%|█████     | 5/10 [00:07<00:06,  1.37s/it]
Task 16, Epoch 6/10 => Loss 2.400, Train_accy 60.00:  50%|█████     | 5/10 [00:09<00:06,  1.37s/it]
Task 16, Epoch 6/10 => Loss 2.400, Train_accy 60.00:  60%|██████    | 6/10 [00:09<00:05,  1.30s/it]
Task 16, Epoch 7/10 => Loss 2.099, Train_accy 56.00:  60%|██████    | 6/10 [00:10<00:05,  1.30s/it]
Task 16, Epoch 7/10 => Loss 2.099, Train_accy 56.00:  70%|███████   | 7/10 [00:10<00:03,  1.24s/it]
Task 16, Epoch 8/10 => Loss 1.822, Train_accy 56.00:  70%|███████   | 7/10 [00:11<00:03,  1.24s/it]
Task 16, Epoch 8/10 => Loss 1.822, Train_accy 56.00:  80%|████████  | 8/10 [00:11<00:02,  1.16s/it]
Task 16, Epoch 9/10 => Loss 1.424, Train_accy 72.00:  80%|████████  | 8/10 [00:12<00:02,  1.16s/it]
Task 16, Epoch 9/10 => Loss 1.424, Train_accy 72.00:  90%|█████████ | 9/10 [00:12<00:01,  1.22s/it]
Task 16, Epoch 10/10 => Loss 1.317, Train_accy 68.00:  90%|█████████ | 9/10 [00:13<00:01,  1.22s/it]
Task 16, Epoch 10/10 => Loss 1.317, Train_accy 68.00: 100%|██████████| 10/10 [00:13<00:00,  1.16s/it]
Task 16, Epoch 10/10 => Loss 1.317, Train_accy 68.00: 100%|██████████| 10/10 [00:13<00:00,  1.36s/it]
2025-12-24 22:14:24,389 [inflora.py] => Task 16, Epoch 10/10 => Loss 1.317, Train_accy 68.00
Threshold:  0.9952380952380953
Layer 1 - Projection Matrix shape: torch.Size([768, 768])
Layer 2 - Projection Matrix shape: torch.Size([768, 768])
Layer 3 - Projection Matrix shape: torch.Size([768, 768])
Layer 4 - Projection Matrix shape: torch.Size([768, 768])
Layer 5 - Projection Matrix shape: torch.Size([768, 768])
Layer 6 - Projection Matrix shape: torch.Size([768, 768])
Layer 7 - Projection Matrix shape: torch.Size([768, 768])
Layer 8 - Projection Matrix shape: torch.Size([768, 768])
Layer 9 - Projection Matrix shape: torch.Size([768, 768])
Layer 10 - Projection Matrix shape: torch.Size([768, 768])
Layer 11 - Projection Matrix shape: torch.Size([768, 768])
Layer 12 - Projection Matrix shape: torch.Size([768, 768])
2025-12-24 22:16:01,868 [inflora.py] => Exemplar size: 0
2025-12-24 22:16:01,908 [trainer.py] => CNN: {'total': 48.43, '00-99': 84.73, '100-104': 1.74, '105-109': 0.0, '110-114': 0.0, '115-119': 0.0, '120-124': 0.0, '125-129': 0.0, '130-134': 0.0, '135-139': 0.0, '140-144': 0.0, '145-149': 0.0, '150-154': 0.0, '155-159': 0.0, '160-164': 0.0, '165-169': 0.0, '170-174': 0.0, '175-179': 0.0, '180-184': 100.0, '185-189': 96.0, '190-194': 96.0, '195-199': 92.0, 'old': 49.7, 'new': 0.0}
2025-12-24 22:16:01,908 [trainer.py] => CNN top1 curve: [85.29, 81.0, 77.62, 74.21, 71.71, 68.9, 66.11, 63.6, 61.49, 59.81, 58.34, 57.01, 55.12, 53.26, 51.19, 49.7, 48.43]
2025-12-24 22:16:01,908 [trainer.py] => Average Accuracy (CNN): 63.69
2025-12-24 22:16:01,912 [trainer.py] => All params: 102451025
2025-12-24 22:16:01,916 [trainer.py] => Trainable params: 261220
2025-12-24 22:16:01,916 [inflora.py] => Learning on 180-185

  0%|          | 0/10 [00:00<?, ?it/s]
Task 17, Epoch 1/10 => Loss 5.538, Train_accy 0.00:   0%|          | 0/10 [00:03<?, ?it/s]
Task 17, Epoch 1/10 => Loss 5.538, Train_accy 0.00:  10%|█         | 1/10 [00:03<00:27,  3.11s/it]
Task 17, Epoch 2/10 => Loss 4.522, Train_accy 0.00:  10%|█         | 1/10 [00:04<00:27,  3.11s/it]
Task 17, Epoch 2/10 => Loss 4.522, Train_accy 0.00:  20%|██        | 2/10 [00:04<00:15,  1.95s/it]
Task 17, Epoch 3/10 => Loss 3.845, Train_accy 8.00:  20%|██        | 2/10 [00:05<00:15,  1.95s/it]
Task 17, Epoch 3/10 => Loss 3.845, Train_accy 8.00:  30%|███       | 3/10 [00:05<00:10,  1.53s/it]
Task 17, Epoch 4/10 => Loss 3.095, Train_accy 24.00:  30%|███       | 3/10 [00:06<00:10,  1.53s/it]
Task 17, Epoch 4/10 => Loss 3.095, Train_accy 24.00:  40%|████      | 4/10 [00:06<00:08,  1.38s/it]
Task 17, Epoch 5/10 => Loss 2.442, Train_accy 40.00:  40%|████      | 4/10 [00:07<00:08,  1.38s/it]
Task 17, Epoch 5/10 => Loss 2.442, Train_accy 40.00:  50%|█████     | 5/10 [00:07<00:06,  1.26s/it]
Task 17, Epoch 6/10 => Loss 2.056, Train_accy 44.00:  50%|█████     | 5/10 [00:08<00:06,  1.26s/it]
Task 17, Epoch 6/10 => Loss 2.056, Train_accy 44.00:  60%|██████    | 6/10 [00:08<00:04,  1.20s/it]
Task 17, Epoch 7/10 => Loss 1.984, Train_accy 48.00:  60%|██████    | 6/10 [00:09<00:04,  1.20s/it]
Task 17, Epoch 7/10 => Loss 1.984, Train_accy 48.00:  70%|███████   | 7/10 [00:09<00:03,  1.27s/it]
Task 17, Epoch 8/10 => Loss 1.470, Train_accy 68.00:  70%|███████   | 7/10 [00:11<00:03,  1.27s/it]
Task 17, Epoch 8/10 => Loss 1.470, Train_accy 68.00:  80%|████████  | 8/10 [00:11<00:02,  1.27s/it]
Task 17, Epoch 9/10 => Loss 1.450, Train_accy 72.00:  80%|████████  | 8/10 [00:12<00:02,  1.27s/it]
Task 17, Epoch 9/10 => Loss 1.450, Train_accy 72.00:  90%|█████████ | 9/10 [00:12<00:01,  1.26s/it]
Task 17, Epoch 10/10 => Loss 0.949, Train_accy 80.00:  90%|█████████ | 9/10 [00:13<00:01,  1.26s/it]
Task 17, Epoch 10/10 => Loss 0.949, Train_accy 80.00: 100%|██████████| 10/10 [00:13<00:00,  1.19s/it]
Task 17, Epoch 10/10 => Loss 0.949, Train_accy 80.00: 100%|██████████| 10/10 [00:13<00:00,  1.35s/it]
2025-12-24 22:20:49,882 [inflora.py] => Task 17, Epoch 10/10 => Loss 0.949, Train_accy 80.00
Threshold:  0.9961904761904762
Layer 1 - Projection Matrix shape: torch.Size([768, 768])
Layer 2 - Projection Matrix shape: torch.Size([768, 768])
Layer 3 - Projection Matrix shape: torch.Size([768, 768])
Layer 4 - Projection Matrix shape: torch.Size([768, 768])
Layer 5 - Projection Matrix shape: torch.Size([768, 768])
Layer 6 - Projection Matrix shape: torch.Size([768, 768])
Layer 7 - Projection Matrix shape: torch.Size([768, 768])
Layer 8 - Projection Matrix shape: torch.Size([768, 768])
Layer 9 - Projection Matrix shape: torch.Size([768, 768])
Layer 10 - Projection Matrix shape: torch.Size([768, 768])
Layer 11 - Projection Matrix shape: torch.Size([768, 768])
Layer 12 - Projection Matrix shape: torch.Size([768, 768])
2025-12-24 22:22:29,865 [inflora.py] => Exemplar size: 0
2025-12-24 22:22:29,889 [trainer.py] => CNN: {'total': 47.15, '00-99': 84.73, '100-104': 2.33, '105-109': 0.0, '110-114': 0.0, '115-119': 0.0, '120-124': 0.0, '125-129': 0.0, '130-134': 0.0, '135-139': 0.0, '140-144': 0.0, '145-149': 0.0, '150-154': 0.0, '155-159': 0.0, '160-164': 0.0, '165-169': 0.0, '170-174': 0.0, '175-179': 0.0, '180-184': 0.0, '185-189': 92.0, '190-194': 92.0, '195-199': 96.0, 'old': 48.45, 'new': 0.0}
2025-12-24 22:22:29,889 [trainer.py] => CNN top1 curve: [85.29, 81.0, 77.62, 74.21, 71.71, 68.9, 66.11, 63.6, 61.49, 59.81, 58.34, 57.01, 55.12, 53.26, 51.19, 49.7, 48.43, 47.15]
2025-12-24 22:22:29,889 [trainer.py] => Average Accuracy (CNN): 62.77
2025-12-24 22:22:29,893 [trainer.py] => All params: 102451025
2025-12-24 22:22:29,898 [trainer.py] => Trainable params: 261220
2025-12-24 22:22:29,898 [inflora.py] => Learning on 185-190

  0%|          | 0/10 [00:00<?, ?it/s]
Task 18, Epoch 1/10 => Loss 5.066, Train_accy 4.00:   0%|          | 0/10 [00:03<?, ?it/s]
Task 18, Epoch 1/10 => Loss 5.066, Train_accy 4.00:  10%|█         | 1/10 [00:03<00:27,  3.02s/it]
Task 18, Epoch 2/10 => Loss 4.304, Train_accy 4.00:  10%|█         | 1/10 [00:04<00:27,  3.02s/it]
Task 18, Epoch 2/10 => Loss 4.304, Train_accy 4.00:  20%|██        | 2/10 [00:04<00:15,  1.97s/it]
Task 18, Epoch 3/10 => Loss 3.562, Train_accy 16.00:  20%|██        | 2/10 [00:05<00:15,  1.97s/it]
Task 18, Epoch 3/10 => Loss 3.562, Train_accy 16.00:  30%|███       | 3/10 [00:05<00:10,  1.53s/it]
Task 18, Epoch 4/10 => Loss 3.125, Train_accy 28.00:  30%|███       | 3/10 [00:06<00:10,  1.53s/it]
Task 18, Epoch 4/10 => Loss 3.125, Train_accy 28.00:  40%|████      | 4/10 [00:06<00:07,  1.31s/it]
Task 18, Epoch 5/10 => Loss 2.367, Train_accy 44.00:  40%|████      | 4/10 [00:07<00:07,  1.31s/it]
Task 18, Epoch 5/10 => Loss 2.367, Train_accy 44.00:  50%|█████     | 5/10 [00:07<00:06,  1.27s/it]
Task 18, Epoch 6/10 => Loss 2.151, Train_accy 44.00:  50%|█████     | 5/10 [00:08<00:06,  1.27s/it]
Task 18, Epoch 6/10 => Loss 2.151, Train_accy 44.00:  60%|██████    | 6/10 [00:08<00:04,  1.19s/it]
Task 18, Epoch 7/10 => Loss 1.888, Train_accy 56.00:  60%|██████    | 6/10 [00:09<00:04,  1.19s/it]
Task 18, Epoch 7/10 => Loss 1.888, Train_accy 56.00:  70%|███████   | 7/10 [00:09<00:03,  1.16s/it]
Task 18, Epoch 8/10 => Loss 1.430, Train_accy 76.00:  70%|███████   | 7/10 [00:10<00:03,  1.16s/it]
Task 18, Epoch 8/10 => Loss 1.430, Train_accy 76.00:  80%|████████  | 8/10 [00:10<00:02,  1.10s/it]
Task 18, Epoch 9/10 => Loss 1.350, Train_accy 76.00:  80%|████████  | 8/10 [00:11<00:02,  1.10s/it]
Task 18, Epoch 9/10 => Loss 1.350, Train_accy 76.00:  90%|█████████ | 9/10 [00:11<00:01,  1.11s/it]
Task 18, Epoch 10/10 => Loss 0.951, Train_accy 84.00:  90%|█████████ | 9/10 [00:12<00:01,  1.11s/it]
Task 18, Epoch 10/10 => Loss 0.951, Train_accy 84.00: 100%|██████████| 10/10 [00:12<00:00,  1.11s/it]
Task 18, Epoch 10/10 => Loss 0.951, Train_accy 84.00: 100%|██████████| 10/10 [00:12<00:00,  1.28s/it]
2025-12-24 22:27:32,603 [inflora.py] => Task 18, Epoch 10/10 => Loss 0.951, Train_accy 84.00
Threshold:  0.9971428571428571
Skip Updating DualGPM for layer: 1
Layer 1 - Projection Matrix shape: torch.Size([768, 768])
Layer 2 - Projection Matrix shape: torch.Size([768, 768])
Layer 3 - Projection Matrix shape: torch.Size([768, 768])
Layer 4 - Projection Matrix shape: torch.Size([768, 768])
Layer 5 - Projection Matrix shape: torch.Size([768, 768])
Layer 6 - Projection Matrix shape: torch.Size([768, 768])
Layer 7 - Projection Matrix shape: torch.Size([768, 768])
Layer 8 - Projection Matrix shape: torch.Size([768, 768])
Layer 9 - Projection Matrix shape: torch.Size([768, 768])
Layer 10 - Projection Matrix shape: torch.Size([768, 768])
Layer 11 - Projection Matrix shape: torch.Size([768, 768])
Layer 12 - Projection Matrix shape: torch.Size([768, 768])
2025-12-24 22:29:00,192 [inflora.py] => Exemplar size: 0
2025-12-24 22:29:00,220 [trainer.py] => CNN: {'total': 45.31, '00-99': 84.67, '100-104': 1.74, '105-109': 0.0, '110-114': 0.0, '115-119': 0.0, '120-124': 0.0, '125-129': 0.0, '130-134': 0.0, '135-139': 0.0, '140-144': 0.0, '145-149': 0.0, '150-154': 0.0, '155-159': 0.0, '160-164': 0.0, '165-169': 0.0, '170-174': 0.0, '175-179': 0.0, '180-184': 0.0, '185-189': 0.0, '190-194': 96.0, '195-199': 96.0, 'old': 47.09, 'new': 0.0}
2025-12-24 22:29:00,220 [trainer.py] => CNN top1 curve: [85.29, 81.0, 77.62, 74.21, 71.71, 68.9, 66.11, 63.6, 61.49, 59.81, 58.34, 57.01, 55.12, 53.26, 51.19, 49.7, 48.43, 47.15, 45.31]
2025-12-24 22:29:00,220 [trainer.py] => Average Accuracy (CNN): 61.86
2025-12-24 22:29:00,224 [trainer.py] => All params: 102451025
2025-12-24 22:29:00,227 [trainer.py] => Trainable params: 261220
2025-12-24 22:29:00,227 [inflora.py] => Learning on 190-195

  0%|          | 0/10 [00:00<?, ?it/s]
Task 19, Epoch 1/10 => Loss 5.706, Train_accy 0.00:   0%|          | 0/10 [00:02<?, ?it/s]
Task 19, Epoch 1/10 => Loss 5.706, Train_accy 0.00:  10%|█         | 1/10 [00:02<00:25,  2.80s/it]
Task 19, Epoch 2/10 => Loss 4.766, Train_accy 4.00:  10%|█         | 1/10 [00:03<00:25,  2.80s/it]
Task 19, Epoch 2/10 => Loss 4.766, Train_accy 4.00:  20%|██        | 2/10 [00:03<00:14,  1.85s/it]
Task 19, Epoch 3/10 => Loss 4.210, Train_accy 4.00:  20%|██        | 2/10 [00:05<00:14,  1.85s/it]
Task 19, Epoch 3/10 => Loss 4.210, Train_accy 4.00:  30%|███       | 3/10 [00:05<00:10,  1.50s/it]
Task 19, Epoch 4/10 => Loss 3.533, Train_accy 16.00:  30%|███       | 3/10 [00:06<00:10,  1.50s/it]
Task 19, Epoch 4/10 => Loss 3.533, Train_accy 16.00:  40%|████      | 4/10 [00:06<00:07,  1.31s/it]
Task 19, Epoch 5/10 => Loss 3.004, Train_accy 24.00:  40%|████      | 4/10 [00:06<00:07,  1.31s/it]
Task 19, Epoch 5/10 => Loss 3.004, Train_accy 24.00:  50%|█████     | 5/10 [00:06<00:05,  1.15s/it]
Task 19, Epoch 6/10 => Loss 2.490, Train_accy 40.00:  50%|█████     | 5/10 [00:08<00:05,  1.15s/it]
Task 19, Epoch 6/10 => Loss 2.490, Train_accy 40.00:  60%|██████    | 6/10 [00:08<00:04,  1.14s/it]
Task 19, Epoch 7/10 => Loss 1.947, Train_accy 56.00:  60%|██████    | 6/10 [00:09<00:04,  1.14s/it]
Task 19, Epoch 7/10 => Loss 1.947, Train_accy 56.00:  70%|███████   | 7/10 [00:09<00:03,  1.12s/it]
Task 19, Epoch 8/10 => Loss 1.585, Train_accy 80.00:  70%|███████   | 7/10 [00:10<00:03,  1.12s/it]
Task 19, Epoch 8/10 => Loss 1.585, Train_accy 80.00:  80%|████████  | 8/10 [00:10<00:02,  1.10s/it]
Task 19, Epoch 9/10 => Loss 1.353, Train_accy 68.00:  80%|████████  | 8/10 [00:11<00:02,  1.10s/it]
Task 19, Epoch 9/10 => Loss 1.353, Train_accy 68.00:  90%|█████████ | 9/10 [00:11<00:01,  1.13s/it]
Task 19, Epoch 10/10 => Loss 1.623, Train_accy 68.00:  90%|█████████ | 9/10 [00:12<00:01,  1.13s/it]
Task 19, Epoch 10/10 => Loss 1.623, Train_accy 68.00: 100%|██████████| 10/10 [00:12<00:00,  1.07s/it]
Task 19, Epoch 10/10 => Loss 1.623, Train_accy 68.00: 100%|██████████| 10/10 [00:12<00:00,  1.23s/it]
2025-12-24 22:34:31,770 [inflora.py] => Task 19, Epoch 10/10 => Loss 1.623, Train_accy 68.00
Threshold:  0.9980952380952381
Layer 1 - Projection Matrix shape: torch.Size([768, 768])
Layer 2 - Projection Matrix shape: torch.Size([768, 768])
Layer 3 - Projection Matrix shape: torch.Size([768, 768])
Layer 4 - Projection Matrix shape: torch.Size([768, 768])
Layer 5 - Projection Matrix shape: torch.Size([768, 768])
Layer 6 - Projection Matrix shape: torch.Size([768, 768])
Layer 7 - Projection Matrix shape: torch.Size([768, 768])
Layer 8 - Projection Matrix shape: torch.Size([768, 768])
Layer 9 - Projection Matrix shape: torch.Size([768, 768])
Layer 10 - Projection Matrix shape: torch.Size([768, 768])
Layer 11 - Projection Matrix shape: torch.Size([768, 768])
Layer 12 - Projection Matrix shape: torch.Size([768, 768])
2025-12-24 22:36:26,200 [inflora.py] => Exemplar size: 0
2025-12-24 22:36:26,236 [trainer.py] => CNN: {'total': 44.06, '00-99': 84.53, '100-104': 1.74, '105-109': 0.0, '110-114': 0.0, '115-119': 0.0, '120-124': 0.0, '125-129': 0.0, '130-134': 0.0, '135-139': 0.0, '140-144': 0.0, '145-149': 0.0, '150-154': 0.0, '155-159': 0.0, '160-164': 0.0, '165-169': 0.0, '170-174': 0.0, '175-179': 0.0, '180-184': 0.0, '185-189': 0.0, '190-194': 0.0, '195-199': 92.0, 'old': 45.24, 'new': 0.0}
2025-12-24 22:36:26,236 [trainer.py] => CNN top1 curve: [85.29, 81.0, 77.62, 74.21, 71.71, 68.9, 66.11, 63.6, 61.49, 59.81, 58.34, 57.01, 55.12, 53.26, 51.19, 49.7, 48.43, 47.15, 45.31, 44.06]
2025-12-24 22:36:26,236 [trainer.py] => Average Accuracy (CNN): 60.97
2025-12-24 22:36:26,240 [trainer.py] => All params: 102451025
2025-12-24 22:36:26,243 [trainer.py] => Trainable params: 261220
2025-12-24 22:36:26,244 [inflora.py] => Learning on 195-200

  0%|          | 0/10 [00:00<?, ?it/s]
Task 20, Epoch 1/10 => Loss 5.400, Train_accy 0.00:   0%|          | 0/10 [00:03<?, ?it/s]
Task 20, Epoch 1/10 => Loss 5.400, Train_accy 0.00:  10%|█         | 1/10 [00:03<00:29,  3.23s/it]
Task 20, Epoch 2/10 => Loss 4.732, Train_accy 4.00:  10%|█         | 1/10 [00:04<00:29,  3.23s/it]
Task 20, Epoch 2/10 => Loss 4.732, Train_accy 4.00:  20%|██        | 2/10 [00:04<00:16,  2.07s/it]
Task 20, Epoch 3/10 => Loss 4.050, Train_accy 8.00:  20%|██        | 2/10 [00:05<00:16,  2.07s/it]
Task 20, Epoch 3/10 => Loss 4.050, Train_accy 8.00:  30%|███       | 3/10 [00:05<00:12,  1.76s/it]
Task 20, Epoch 4/10 => Loss 3.313, Train_accy 20.00:  30%|███       | 3/10 [00:07<00:12,  1.76s/it]
Task 20, Epoch 4/10 => Loss 3.313, Train_accy 20.00:  40%|████      | 4/10 [00:07<00:09,  1.59s/it]
Task 20, Epoch 5/10 => Loss 2.879, Train_accy 28.00:  40%|████      | 4/10 [00:08<00:09,  1.59s/it]
Task 20, Epoch 5/10 => Loss 2.879, Train_accy 28.00:  50%|█████     | 5/10 [00:08<00:07,  1.50s/it]
Task 20, Epoch 6/10 => Loss 2.477, Train_accy 56.00:  50%|█████     | 5/10 [00:09<00:07,  1.50s/it]
Task 20, Epoch 6/10 => Loss 2.477, Train_accy 56.00:  60%|██████    | 6/10 [00:09<00:05,  1.45s/it]
Task 20, Epoch 7/10 => Loss 1.963, Train_accy 64.00:  60%|██████    | 6/10 [00:11<00:05,  1.45s/it]
Task 20, Epoch 7/10 => Loss 1.963, Train_accy 64.00:  70%|███████   | 7/10 [00:11<00:04,  1.41s/it]
Task 20, Epoch 8/10 => Loss 1.734, Train_accy 68.00:  70%|███████   | 7/10 [00:12<00:04,  1.41s/it]
Task 20, Epoch 8/10 => Loss 1.734, Train_accy 68.00:  80%|████████  | 8/10 [00:12<00:02,  1.42s/it]
Task 20, Epoch 9/10 => Loss 1.346, Train_accy 68.00:  80%|████████  | 8/10 [00:14<00:02,  1.42s/it]
Task 20, Epoch 9/10 => Loss 1.346, Train_accy 68.00:  90%|█████████ | 9/10 [00:14<00:01,  1.40s/it]
Task 20, Epoch 10/10 => Loss 1.481, Train_accy 60.00:  90%|█████████ | 9/10 [00:15<00:01,  1.40s/it]
Task 20, Epoch 10/10 => Loss 1.481, Train_accy 60.00: 100%|██████████| 10/10 [00:15<00:00,  1.41s/it]
Task 20, Epoch 10/10 => Loss 1.481, Train_accy 60.00: 100%|██████████| 10/10 [00:15<00:00,  1.55s/it]
2025-12-24 22:42:06,326 [inflora.py] => Task 20, Epoch 10/10 => Loss 1.481, Train_accy 60.00
Threshold:  0.9990476190476191
Layer 1 - Projection Matrix shape: torch.Size([768, 768])
Layer 2 - Projection Matrix shape: torch.Size([768, 768])
Layer 3 - Projection Matrix shape: torch.Size([768, 768])
Layer 4 - Projection Matrix shape: torch.Size([768, 768])
Layer 5 - Projection Matrix shape: torch.Size([768, 768])
Layer 6 - Projection Matrix shape: torch.Size([768, 768])
Layer 7 - Projection Matrix shape: torch.Size([768, 768])
Layer 8 - Projection Matrix shape: torch.Size([768, 768])
Layer 9 - Projection Matrix shape: torch.Size([768, 768])
Layer 10 - Projection Matrix shape: torch.Size([768, 768])
Layer 11 - Projection Matrix shape: torch.Size([768, 768])
Layer 12 - Projection Matrix shape: torch.Size([768, 768])
2025-12-24 22:43:26,482 [inflora.py] => Exemplar size: 0
2025-12-24 22:43:26,510 [trainer.py] => CNN: {'total': 42.8, '00-99': 84.37, '100-104': 2.33, '105-109': 0.0, '110-114': 0.0, '115-119': 0.0, '120-124': 0.0, '125-129': 0.0, '130-134': 0.0, '135-139': 0.0, '140-144': 0.0, '145-149': 0.0, '150-154': 0.0, '155-159': 0.0, '160-164': 0.0, '165-169': 0.0, '170-174': 0.0, '175-179': 0.0, '180-184': 0.0, '185-189': 0.0, '190-194': 0.0, '195-199': 0.0, 'old': 43.99, 'new': 0.0}
2025-12-24 22:43:26,510 [trainer.py] => CNN top1 curve: [85.29, 81.0, 77.62, 74.21, 71.71, 68.9, 66.11, 63.6, 61.49, 59.81, 58.34, 57.01, 55.12, 53.26, 51.19, 49.7, 48.43, 47.15, 45.31, 44.06, 42.8]
2025-12-24 22:43:26,510 [trainer.py] => Average Accuracy (CNN): 60.10

================================================================================
Finished ImageNet_R_init100_inc5: InfLoRA  
Base Accuracy: 85.29
Last Accuracy: 42.8
Average Accuracy (Top1): 60.1
PD: 42.49
Backward Transfer (BWT): -0.21
Traceback (most recent call last):
  File "/public/home/hanlida/Dr.1/Code/Research/Awesome-FSCIL/CIL_Model/InfLoRA-main/main.py", line 33, in <module>
    main()
  File "/public/home/hanlida/Dr.1/Code/Research/Awesome-FSCIL/CIL_Model/InfLoRA-main/main.py", line 11, in main
    train(args)
  File "/public/home/hanlida/Dr.1/Code/Research/Awesome-FSCIL/CIL_Model/InfLoRA-main/trainer.py", line 31, in train
    _train(args)
  File "/public/home/hanlida/Dr.1/Code/Research/Awesome-FSCIL/CIL_Model/InfLoRA-main/trainer.py", line 116, in _train
    print("Forward Transfer (FWT):", forward_transfer(args["dataset"], np.array(cnn_matrix)))
  File "/public/home/hanlida/Dr.1/Code/Research/Awesome-FSCIL/CIL_Model/InfLoRA-main/trainer.py", line 200, in forward_transfer
    fwt_diffs = fwt_accs - rand_init_acc_for_fwt
ValueError: operands could not be broadcast together with shapes (20,) (10,) 
logs/mini_imagenet/60_2_sip/InfLoRA/adam/10/0.95_1.0-0.0001/1993
2025-12-24 08:32:11,791 [trainer.py] => config: configs/inflora_mini_B60_Inc2.json
2025-12-24 08:32:11,803 [trainer.py] => device: [device(type='cuda', index=1)]
2025-12-24 08:32:11,803 [trainer.py] => prefix: reproduce
2025-12-24 08:32:11,803 [trainer.py] => dataset: mini_imagenet
2025-12-24 08:32:11,803 [trainer.py] => data_path: data/
2025-12-24 08:32:11,803 [trainer.py] => memory_size: 0
2025-12-24 08:32:11,803 [trainer.py] => memory_per_class: 0
2025-12-24 08:32:11,803 [trainer.py] => fixed_memory: True
2025-12-24 08:32:11,803 [trainer.py] => shuffle: False
2025-12-24 08:32:11,803 [trainer.py] => init_cls: 60
2025-12-24 08:32:11,803 [trainer.py] => increment: 2
2025-12-24 08:32:11,803 [trainer.py] => model_name: InfLoRA
2025-12-24 08:32:11,804 [trainer.py] => net_type: sip
2025-12-24 08:32:11,804 [trainer.py] => embd_dim: 768
2025-12-24 08:32:11,804 [trainer.py] => num_heads: 12
2025-12-24 08:32:11,804 [trainer.py] => total_sessions: 21
2025-12-24 08:32:11,804 [trainer.py] => seed: 1993
2025-12-24 08:32:11,804 [trainer.py] => kshot: 5
2025-12-24 08:32:11,804 [trainer.py] => EPSILON: 1e-08
2025-12-24 08:32:11,804 [trainer.py] => init_epoch: 20
2025-12-24 08:32:11,804 [trainer.py] => optim: adam
2025-12-24 08:32:11,804 [trainer.py] => init_lr: 0.0001
2025-12-24 08:32:11,804 [trainer.py] => init_lr_decay: 0.1
2025-12-24 08:32:11,804 [trainer.py] => init_weight_decay: 0.0
2025-12-24 08:32:11,804 [trainer.py] => epochs: 10
2025-12-24 08:32:11,804 [trainer.py] => lrate: 0.0001
2025-12-24 08:32:11,804 [trainer.py] => lrate_decay: 0.1
2025-12-24 08:32:11,804 [trainer.py] => batch_size: 128
2025-12-24 08:32:11,805 [trainer.py] => weight_decay: 0.0
2025-12-24 08:32:11,805 [trainer.py] => rank: 10
2025-12-24 08:32:11,805 [trainer.py] => lamb: 0.95
2025-12-24 08:32:11,805 [trainer.py] => lame: 1.0
2025-12-24 08:32:11,805 [trainer.py] => num_workers: 16
2025-12-24 08:32:11,805 [trainer.py] => gpu_models: ['NVIDIA A800 80GB PCIe']
2025-12-24 08:32:12,035 [data_manager.py] => [0, 1, 2, 3, 4, 5, 6, 7, 8, 9, 10, 11, 12, 13, 14, 15, 16, 17, 18, 19, 20, 21, 22, 23, 24, 25, 26, 27, 28, 29, 30, 31, 32, 33, 34, 35, 36, 37, 38, 39, 40, 41, 42, 43, 44, 45, 46, 47, 48, 49, 50, 51, 52, 53, 54, 55, 56, 57, 58, 59, 60, 61, 62, 63, 64, 65, 66, 67, 68, 69, 70, 71, 72, 73, 74, 75, 76, 77, 78, 79, 80, 81, 82, 83, 84, 85, 86, 87, 88, 89, 90, 91, 92, 93, 94, 95, 96, 97, 98, 99]
2025-12-24 08:32:35,083 [trainer.py] => All params: 101082305
2025-12-24 08:32:35,087 [trainer.py] => Trainable params: 101082305
2025-12-24 08:32:35,087 [inflora.py] => Learning on 0-60

  0%|          | 0/20 [00:00<?, ?it/s]
Task 0, Epoch 1/20 => Loss 2.115, Train_accy 52.79:   0%|          | 0/20 [09:00<?, ?it/s]
Task 0, Epoch 1/20 => Loss 2.115, Train_accy 52.79:   5%|▌         | 1/20 [09:00<2:51:12, 540.64s/it]
Task 0, Epoch 2/20 => Loss 0.574, Train_accy 85.32:   5%|▌         | 1/20 [17:01<2:51:12, 540.64s/it]
Task 0, Epoch 2/20 => Loss 0.574, Train_accy 85.32:  10%|█         | 2/20 [17:01<2:31:36, 505.36s/it]
Task 0, Epoch 3/20 => Loss 0.417, Train_accy 88.95:  10%|█         | 2/20 [25:17<2:31:36, 505.36s/it]
Task 0, Epoch 3/20 => Loss 0.417, Train_accy 88.95:  15%|█▌        | 3/20 [25:17<2:21:57, 501.06s/it]
Task 0, Epoch 4/20 => Loss 0.357, Train_accy 90.36:  15%|█▌        | 3/20 [33:44<2:21:57, 501.06s/it]
Task 0, Epoch 4/20 => Loss 0.357, Train_accy 90.36:  20%|██        | 4/20 [33:44<2:14:15, 503.45s/it]
Task 0, Epoch 5/20 => Loss 0.330, Train_accy 90.82:  20%|██        | 4/20 [42:31<2:14:15, 503.45s/it]
Task 0, Epoch 5/20 => Loss 0.330, Train_accy 90.82:  25%|██▌       | 5/20 [42:31<2:07:58, 511.90s/it]
Task 0, Epoch 6/20 => Loss 0.303, Train_accy 91.69:  25%|██▌       | 5/20 [51:45<2:07:58, 511.90s/it]
Task 0, Epoch 6/20 => Loss 0.303, Train_accy 91.69:  30%|███       | 6/20 [51:45<2:02:46, 526.21s/it]
Task 0, Epoch 7/20 => Loss 0.291, Train_accy 92.02:  30%|███       | 6/20 [59:58<2:02:46, 526.21s/it]
Task 0, Epoch 7/20 => Loss 0.291, Train_accy 92.02:  35%|███▌      | 7/20 [59:58<1:51:41, 515.49s/it]
Task 0, Epoch 8/20 => Loss 0.279, Train_accy 92.13:  35%|███▌      | 7/20 [1:08:29<1:51:41, 515.49s/it]
Task 0, Epoch 8/20 => Loss 0.279, Train_accy 92.13:  40%|████      | 8/20 [1:08:29<1:42:47, 513.93s/it]
Task 0, Epoch 9/20 => Loss 0.272, Train_accy 92.46:  40%|████      | 8/20 [1:16:46<1:42:47, 513.93s/it]
Task 0, Epoch 9/20 => Loss 0.272, Train_accy 92.46:  45%|████▌     | 9/20 [1:16:46<1:33:16, 508.80s/it]
Task 0, Epoch 10/20 => Loss 0.256, Train_accy 92.82:  45%|████▌     | 9/20 [1:25:22<1:33:16, 508.80s/it]
Task 0, Epoch 10/20 => Loss 0.256, Train_accy 92.82:  50%|█████     | 10/20 [1:25:22<1:25:10, 511.06s/it]
Task 0, Epoch 11/20 => Loss 0.250, Train_accy 92.82:  50%|█████     | 10/20 [1:33:53<1:25:10, 511.06s/it]
Task 0, Epoch 11/20 => Loss 0.250, Train_accy 92.82:  55%|█████▌    | 11/20 [1:33:53<1:16:37, 510.80s/it]
Task 0, Epoch 12/20 => Loss 0.245, Train_accy 93.06:  55%|█████▌    | 11/20 [1:39:29<1:16:37, 510.80s/it]
Task 0, Epoch 12/20 => Loss 0.245, Train_accy 93.06:  60%|██████    | 12/20 [1:39:29<1:01:01, 457.69s/it]
Task 0, Epoch 13/20 => Loss 0.237, Train_accy 93.20:  60%|██████    | 12/20 [1:45:18<1:01:01, 457.69s/it]
Task 0, Epoch 13/20 => Loss 0.237, Train_accy 93.20:  65%|██████▌   | 13/20 [1:45:18<49:33, 424.85s/it]  
Task 0, Epoch 14/20 => Loss 0.234, Train_accy 93.36:  65%|██████▌   | 13/20 [1:51:07<49:33, 424.85s/it]
Task 0, Epoch 14/20 => Loss 0.234, Train_accy 93.36:  70%|███████   | 14/20 [1:51:07<40:11, 401.89s/it]
Task 0, Epoch 15/20 => Loss 0.233, Train_accy 93.26:  70%|███████   | 14/20 [1:57:10<40:11, 401.89s/it]
Task 0, Epoch 15/20 => Loss 0.233, Train_accy 93.26:  75%|███████▌  | 15/20 [1:57:10<32:31, 390.26s/it]
Task 0, Epoch 16/20 => Loss 0.223, Train_accy 93.61:  75%|███████▌  | 15/20 [2:03:38<32:31, 390.26s/it]
Task 0, Epoch 16/20 => Loss 0.223, Train_accy 93.61:  80%|████████  | 16/20 [2:03:38<25:58, 389.58s/it]
Task 0, Epoch 17/20 => Loss 0.228, Train_accy 93.46:  80%|████████  | 16/20 [2:09:16<25:58, 389.58s/it]
Task 0, Epoch 17/20 => Loss 0.228, Train_accy 93.46:  85%|████████▌ | 17/20 [2:09:16<18:41, 373.92s/it]
Task 0, Epoch 18/20 => Loss 0.226, Train_accy 93.49:  85%|████████▌ | 17/20 [2:15:04<18:41, 373.92s/it]
Task 0, Epoch 18/20 => Loss 0.226, Train_accy 93.49:  90%|█████████ | 18/20 [2:15:04<12:12, 366.34s/it]
Task 0, Epoch 19/20 => Loss 0.221, Train_accy 93.77:  90%|█████████ | 18/20 [2:20:54<12:12, 366.34s/it]
Task 0, Epoch 19/20 => Loss 0.221, Train_accy 93.77:  95%|█████████▌| 19/20 [2:20:54<06:01, 361.19s/it]
Task 0, Epoch 20/20 => Loss 0.214, Train_accy 93.78:  95%|█████████▌| 19/20 [2:26:54<06:01, 361.19s/it]
Task 0, Epoch 20/20 => Loss 0.214, Train_accy 93.78: 100%|██████████| 20/20 [2:26:54<00:00, 361.05s/it]
Task 0, Epoch 20/20 => Loss 0.214, Train_accy 93.78: 100%|██████████| 20/20 [2:26:54<00:00, 440.74s/it]
2025-12-24 11:10:18,654 [inflora.py] => Task 0, Epoch 20/20 => Loss 0.214, Train_accy 93.78
Threshold:  0.95
Layer 1 - Projection Matrix shape: torch.Size([768, 768])
Layer 2 - Projection Matrix shape: torch.Size([768, 768])
Layer 3 - Projection Matrix shape: torch.Size([768, 768])
Layer 4 - Projection Matrix shape: torch.Size([768, 768])
Layer 5 - Projection Matrix shape: torch.Size([768, 768])
Layer 6 - Projection Matrix shape: torch.Size([768, 768])
Layer 7 - Projection Matrix shape: torch.Size([768, 768])
Layer 8 - Projection Matrix shape: torch.Size([768, 768])
Layer 9 - Projection Matrix shape: torch.Size([768, 768])
Layer 10 - Projection Matrix shape: torch.Size([768, 768])
Layer 11 - Projection Matrix shape: torch.Size([768, 768])
Layer 12 - Projection Matrix shape: torch.Size([768, 768])
2025-12-24 11:18:24,324 [inflora.py] => Exemplar size: 0
2025-12-24 11:18:24,359 [trainer.py] => CNN: {'total': 98.0, '00-59': 98.0, '60-61': 90.0, '62-63': 100.0, '64-65': 90.0, '66-67': 100.0, '68-69': 100.0, '70-71': 100.0, '72-73': 90.0, '74-75': 90.0, '76-77': 100.0, '78-79': 100.0, '80-81': 90.0, '82-83': 90.0, '84-85': 90.0, '86-87': 100.0, '88-89': 100.0, '90-91': 100.0, '92-93': 100.0, '94-95': 100.0, '96-97': 100.0, '98-99': 100.0, 'old': 0, 'new': 98.0}
2025-12-24 11:18:24,359 [trainer.py] => CNN top1 curve: [98.0]
2025-12-24 11:18:24,360 [trainer.py] => Average Accuracy (CNN): 98.00
2025-12-24 11:18:24,363 [trainer.py] => All params: 101082305
2025-12-24 11:18:24,366 [trainer.py] => Trainable params: 230460
2025-12-24 11:18:24,366 [inflora.py] => Learning on 60-62

  0%|          | 0/10 [00:00<?, ?it/s]
Task 1, Epoch 1/10 => Loss 7.200, Train_accy 0.00:   0%|          | 0/10 [00:00<?, ?it/s]
Task 1, Epoch 1/10 => Loss 7.200, Train_accy 0.00:  10%|█         | 1/10 [00:00<00:06,  1.41it/s]
Task 1, Epoch 2/10 => Loss 7.157, Train_accy 0.00:  10%|█         | 1/10 [00:01<00:06,  1.41it/s]
Task 1, Epoch 2/10 => Loss 7.157, Train_accy 0.00:  20%|██        | 2/10 [00:01<00:05,  1.51it/s]
Task 1, Epoch 3/10 => Loss 7.565, Train_accy 0.00:  20%|██        | 2/10 [00:02<00:05,  1.51it/s]
Task 1, Epoch 3/10 => Loss 7.565, Train_accy 0.00:  30%|███       | 3/10 [00:02<00:04,  1.48it/s]
Task 1, Epoch 4/10 => Loss 6.484, Train_accy 0.00:  30%|███       | 3/10 [00:02<00:04,  1.48it/s]
Task 1, Epoch 4/10 => Loss 6.484, Train_accy 0.00:  40%|████      | 4/10 [00:02<00:03,  1.53it/s]
Task 1, Epoch 5/10 => Loss 6.402, Train_accy 0.00:  40%|████      | 4/10 [00:03<00:03,  1.53it/s]
Task 1, Epoch 5/10 => Loss 6.402, Train_accy 0.00:  50%|█████     | 5/10 [00:03<00:03,  1.54it/s]
Task 1, Epoch 6/10 => Loss 5.589, Train_accy 0.00:  50%|█████     | 5/10 [00:03<00:03,  1.54it/s]
Task 1, Epoch 6/10 => Loss 5.589, Train_accy 0.00:  60%|██████    | 6/10 [00:03<00:02,  1.56it/s]
Task 1, Epoch 7/10 => Loss 5.705, Train_accy 0.00:  60%|██████    | 6/10 [00:04<00:02,  1.56it/s]
Task 1, Epoch 7/10 => Loss 5.705, Train_accy 0.00:  70%|███████   | 7/10 [00:04<00:01,  1.52it/s]
Task 1, Epoch 8/10 => Loss 6.077, Train_accy 0.00:  70%|███████   | 7/10 [00:05<00:01,  1.52it/s]
Task 1, Epoch 8/10 => Loss 6.077, Train_accy 0.00:  80%|████████  | 8/10 [00:05<00:01,  1.53it/s]
Task 1, Epoch 9/10 => Loss 5.243, Train_accy 0.00:  80%|████████  | 8/10 [00:05<00:01,  1.53it/s]
Task 1, Epoch 9/10 => Loss 5.243, Train_accy 0.00:  90%|█████████ | 9/10 [00:05<00:00,  1.53it/s]
Task 1, Epoch 10/10 => Loss 5.285, Train_accy 0.00:  90%|█████████ | 9/10 [00:06<00:00,  1.53it/s]
Task 1, Epoch 10/10 => Loss 5.285, Train_accy 0.00: 100%|██████████| 10/10 [00:06<00:00,  1.57it/s]
Task 1, Epoch 10/10 => Loss 5.285, Train_accy 0.00: 100%|██████████| 10/10 [00:06<00:00,  1.54it/s]
2025-12-24 11:22:38,660 [inflora.py] => Task 1, Epoch 10/10 => Loss 5.285, Train_accy 0.00
Threshold:  0.9523809523809523
Layer 1 - Projection Matrix shape: torch.Size([768, 768])
Layer 2 - Projection Matrix shape: torch.Size([768, 768])
Layer 3 - Projection Matrix shape: torch.Size([768, 768])
Layer 4 - Projection Matrix shape: torch.Size([768, 768])
Layer 5 - Projection Matrix shape: torch.Size([768, 768])
Layer 6 - Projection Matrix shape: torch.Size([768, 768])
Layer 7 - Projection Matrix shape: torch.Size([768, 768])
Layer 8 - Projection Matrix shape: torch.Size([768, 768])
Layer 9 - Projection Matrix shape: torch.Size([768, 768])
Layer 10 - Projection Matrix shape: torch.Size([768, 768])
Layer 11 - Projection Matrix shape: torch.Size([768, 768])
Layer 12 - Projection Matrix shape: torch.Size([768, 768])
2025-12-24 11:23:51,451 [inflora.py] => Exemplar size: 0
2025-12-24 11:23:51,466 [trainer.py] => CNN: {'total': 94.77, '00-59': 97.93, '60-61': 0.0, '62-63': 100.0, '64-65': 100.0, '66-67': 100.0, '68-69': 100.0, '70-71': 100.0, '72-73': 80.0, '74-75': 100.0, '76-77': 90.0, '78-79': 100.0, '80-81': 90.0, '82-83': 100.0, '84-85': 100.0, '86-87': 100.0, '88-89': 90.0, '90-91': 100.0, '92-93': 100.0, '94-95': 90.0, '96-97': 100.0, '98-99': 100.0, 'old': 97.93, 'new': 0.0}
2025-12-24 11:23:51,467 [trainer.py] => CNN top1 curve: [98.0, 94.77]
2025-12-24 11:23:51,467 [trainer.py] => Average Accuracy (CNN): 96.38
2025-12-24 11:23:51,473 [trainer.py] => All params: 101082305
2025-12-24 11:23:51,478 [trainer.py] => Trainable params: 2535060
2025-12-24 11:23:51,479 [inflora.py] => Learning on 62-64

  0%|          | 0/10 [00:00<?, ?it/s]
Task 2, Epoch 1/10 => Loss 7.216, Train_accy 0.00:   0%|          | 0/10 [00:00<?, ?it/s]
Task 2, Epoch 1/10 => Loss 7.216, Train_accy 0.00:  10%|█         | 1/10 [00:00<00:06,  1.46it/s]
Task 2, Epoch 2/10 => Loss 6.049, Train_accy 0.00:  10%|█         | 1/10 [00:01<00:06,  1.46it/s]
Task 2, Epoch 2/10 => Loss 6.049, Train_accy 0.00:  20%|██        | 2/10 [00:01<00:06,  1.30it/s]
Task 2, Epoch 3/10 => Loss 5.955, Train_accy 0.00:  20%|██        | 2/10 [00:02<00:06,  1.30it/s]
Task 2, Epoch 3/10 => Loss 5.955, Train_accy 0.00:  30%|███       | 3/10 [00:02<00:05,  1.33it/s]
Task 2, Epoch 4/10 => Loss 6.157, Train_accy 0.00:  30%|███       | 3/10 [00:02<00:05,  1.33it/s]
Task 2, Epoch 4/10 => Loss 6.157, Train_accy 0.00:  40%|████      | 4/10 [00:02<00:04,  1.38it/s]
Task 2, Epoch 5/10 => Loss 6.014, Train_accy 0.00:  40%|████      | 4/10 [00:03<00:04,  1.38it/s]
Task 2, Epoch 5/10 => Loss 6.014, Train_accy 0.00:  50%|█████     | 5/10 [00:03<00:03,  1.35it/s]
Task 2, Epoch 6/10 => Loss 5.798, Train_accy 0.00:  50%|█████     | 5/10 [00:04<00:03,  1.35it/s]
Task 2, Epoch 6/10 => Loss 5.798, Train_accy 0.00:  60%|██████    | 6/10 [00:04<00:02,  1.39it/s]
Task 2, Epoch 7/10 => Loss 5.151, Train_accy 0.00:  60%|██████    | 6/10 [00:05<00:02,  1.39it/s]
Task 2, Epoch 7/10 => Loss 5.151, Train_accy 0.00:  70%|███████   | 7/10 [00:05<00:02,  1.44it/s]
Task 2, Epoch 8/10 => Loss 5.076, Train_accy 0.00:  70%|███████   | 7/10 [00:05<00:02,  1.44it/s]
Task 2, Epoch 8/10 => Loss 5.076, Train_accy 0.00:  80%|████████  | 8/10 [00:05<00:01,  1.42it/s]
Task 2, Epoch 9/10 => Loss 4.304, Train_accy 0.00:  80%|████████  | 8/10 [00:06<00:01,  1.42it/s]
Task 2, Epoch 9/10 => Loss 4.304, Train_accy 0.00:  90%|█████████ | 9/10 [00:06<00:00,  1.42it/s]
Task 2, Epoch 10/10 => Loss 5.133, Train_accy 0.00:  90%|█████████ | 9/10 [00:07<00:00,  1.42it/s]
Task 2, Epoch 10/10 => Loss 5.133, Train_accy 0.00: 100%|██████████| 10/10 [00:07<00:00,  1.38it/s]
Task 2, Epoch 10/10 => Loss 5.133, Train_accy 0.00: 100%|██████████| 10/10 [00:07<00:00,  1.39it/s]
2025-12-24 11:28:22,684 [inflora.py] => Task 2, Epoch 10/10 => Loss 5.133, Train_accy 0.00
Threshold:  0.9547619047619047
Skip Updating DualGPM for layer: 1
Layer 1 - Projection Matrix shape: torch.Size([768, 768])
Layer 2 - Projection Matrix shape: torch.Size([768, 768])
Layer 3 - Projection Matrix shape: torch.Size([768, 768])
Layer 4 - Projection Matrix shape: torch.Size([768, 768])
Layer 5 - Projection Matrix shape: torch.Size([768, 768])
Layer 6 - Projection Matrix shape: torch.Size([768, 768])
Layer 7 - Projection Matrix shape: torch.Size([768, 768])
Layer 8 - Projection Matrix shape: torch.Size([768, 768])
Layer 9 - Projection Matrix shape: torch.Size([768, 768])
Layer 10 - Projection Matrix shape: torch.Size([768, 768])
Layer 11 - Projection Matrix shape: torch.Size([768, 768])
Layer 12 - Projection Matrix shape: torch.Size([768, 768])
2025-12-24 11:29:46,619 [inflora.py] => Exemplar size: 0
2025-12-24 11:29:46,642 [trainer.py] => CNN: {'total': 91.8, '00-59': 97.92, '60-61': 0.0, '62-63': 0.0, '64-65': 90.0, '66-67': 100.0, '68-69': 100.0, '70-71': 100.0, '72-73': 100.0, '74-75': 100.0, '76-77': 100.0, '78-79': 100.0, '80-81': 90.0, '82-83': 100.0, '84-85': 100.0, '86-87': 90.0, '88-89': 100.0, '90-91': 100.0, '92-93': 100.0, '94-95': 90.0, '96-97': 90.0, '98-99': 100.0, 'old': 94.76, 'new': 0.0}
2025-12-24 11:29:46,643 [trainer.py] => CNN top1 curve: [98.0, 94.77, 91.8]
2025-12-24 11:29:46,643 [trainer.py] => Average Accuracy (CNN): 94.86
2025-12-24 11:29:46,647 [trainer.py] => All params: 101082305
2025-12-24 11:29:46,650 [trainer.py] => Trainable params: 460920
2025-12-24 11:29:46,650 [inflora.py] => Learning on 64-66

  0%|          | 0/10 [00:00<?, ?it/s]
Task 3, Epoch 1/10 => Loss 3.994, Train_accy 10.00:   0%|          | 0/10 [00:00<?, ?it/s]
Task 3, Epoch 1/10 => Loss 3.994, Train_accy 10.00:  10%|█         | 1/10 [00:00<00:06,  1.47it/s]
Task 3, Epoch 2/10 => Loss 4.007, Train_accy 0.00:  10%|█         | 1/10 [00:01<00:06,  1.47it/s] 
Task 3, Epoch 2/10 => Loss 4.007, Train_accy 0.00:  20%|██        | 2/10 [00:01<00:05,  1.49it/s]
Task 3, Epoch 3/10 => Loss 3.824, Train_accy 0.00:  20%|██        | 2/10 [00:02<00:05,  1.49it/s]
Task 3, Epoch 3/10 => Loss 3.824, Train_accy 0.00:  30%|███       | 3/10 [00:02<00:04,  1.49it/s]
Task 3, Epoch 4/10 => Loss 3.130, Train_accy 20.00:  30%|███       | 3/10 [00:02<00:04,  1.49it/s]
Task 3, Epoch 4/10 => Loss 3.130, Train_accy 20.00:  40%|████      | 4/10 [00:02<00:04,  1.47it/s]
Task 3, Epoch 5/10 => Loss 3.315, Train_accy 20.00:  40%|████      | 4/10 [00:03<00:04,  1.47it/s]
Task 3, Epoch 5/10 => Loss 3.315, Train_accy 20.00:  50%|█████     | 5/10 [00:03<00:03,  1.47it/s]
Task 3, Epoch 6/10 => Loss 2.894, Train_accy 30.00:  50%|█████     | 5/10 [00:04<00:03,  1.47it/s]
Task 3, Epoch 6/10 => Loss 2.894, Train_accy 30.00:  60%|██████    | 6/10 [00:04<00:02,  1.47it/s]
Task 3, Epoch 7/10 => Loss 2.651, Train_accy 30.00:  60%|██████    | 6/10 [00:04<00:02,  1.47it/s]
Task 3, Epoch 7/10 => Loss 2.651, Train_accy 30.00:  70%|███████   | 7/10 [00:04<00:02,  1.44it/s]
Task 3, Epoch 8/10 => Loss 2.015, Train_accy 50.00:  70%|███████   | 7/10 [00:05<00:02,  1.44it/s]
Task 3, Epoch 8/10 => Loss 2.015, Train_accy 50.00:  80%|████████  | 8/10 [00:05<00:01,  1.47it/s]
Task 3, Epoch 9/10 => Loss 1.811, Train_accy 60.00:  80%|████████  | 8/10 [00:06<00:01,  1.47it/s]
Task 3, Epoch 9/10 => Loss 1.811, Train_accy 60.00:  90%|█████████ | 9/10 [00:06<00:00,  1.54it/s]
Task 3, Epoch 10/10 => Loss 2.223, Train_accy 20.00:  90%|█████████ | 9/10 [00:06<00:00,  1.54it/s]
Task 3, Epoch 10/10 => Loss 2.223, Train_accy 20.00: 100%|██████████| 10/10 [00:06<00:00,  1.48it/s]
Task 3, Epoch 10/10 => Loss 2.223, Train_accy 20.00: 100%|██████████| 10/10 [00:06<00:00,  1.48it/s]
2025-12-24 11:34:47,517 [inflora.py] => Task 3, Epoch 10/10 => Loss 2.223, Train_accy 20.00
Threshold:  0.9571428571428571
Skip Updating DualGPM for layer: 1
Skip Updating DualGPM for layer: 2
Layer 1 - Projection Matrix shape: torch.Size([768, 768])
Layer 2 - Projection Matrix shape: torch.Size([768, 768])
Layer 3 - Projection Matrix shape: torch.Size([768, 768])
Layer 4 - Projection Matrix shape: torch.Size([768, 768])
Layer 5 - Projection Matrix shape: torch.Size([768, 768])
Layer 6 - Projection Matrix shape: torch.Size([768, 768])
Layer 7 - Projection Matrix shape: torch.Size([768, 768])
Layer 8 - Projection Matrix shape: torch.Size([768, 768])
Layer 9 - Projection Matrix shape: torch.Size([768, 768])
Layer 10 - Projection Matrix shape: torch.Size([768, 768])
Layer 11 - Projection Matrix shape: torch.Size([768, 768])
Layer 12 - Projection Matrix shape: torch.Size([768, 768])
2025-12-24 11:36:07,209 [inflora.py] => Exemplar size: 0
2025-12-24 11:36:07,233 [trainer.py] => CNN: {'total': 89.02, '00-59': 97.92, '60-61': 0.0, '62-63': 0.0, '64-65': 0.0, '66-67': 100.0, '68-69': 100.0, '70-71': 100.0, '72-73': 90.0, '74-75': 100.0, '76-77': 90.0, '78-79': 100.0, '80-81': 100.0, '82-83': 100.0, '84-85': 90.0, '86-87': 90.0, '88-89': 90.0, '90-91': 100.0, '92-93': 90.0, '94-95': 100.0, '96-97': 90.0, '98-99': 100.0, 'old': 91.8, 'new': 0.0}
2025-12-24 11:36:07,233 [trainer.py] => CNN top1 curve: [98.0, 94.77, 91.8, 89.02]
2025-12-24 11:36:07,233 [trainer.py] => Average Accuracy (CNN): 93.40
2025-12-24 11:36:07,237 [trainer.py] => All params: 101082305
2025-12-24 11:36:07,240 [trainer.py] => Trainable params: 230460
2025-12-24 11:36:07,240 [inflora.py] => Learning on 66-68

  0%|          | 0/10 [00:00<?, ?it/s]
Task 4, Epoch 1/10 => Loss 4.533, Train_accy 30.00:   0%|          | 0/10 [00:00<?, ?it/s]
Task 4, Epoch 1/10 => Loss 4.533, Train_accy 30.00:  10%|█         | 1/10 [00:00<00:06,  1.43it/s]
Task 4, Epoch 2/10 => Loss 4.567, Train_accy 30.00:  10%|█         | 1/10 [00:01<00:06,  1.43it/s]
Task 4, Epoch 2/10 => Loss 4.567, Train_accy 30.00:  20%|██        | 2/10 [00:01<00:05,  1.48it/s]
Task 4, Epoch 3/10 => Loss 4.251, Train_accy 20.00:  20%|██        | 2/10 [00:02<00:05,  1.48it/s]
Task 4, Epoch 3/10 => Loss 4.251, Train_accy 20.00:  30%|███       | 3/10 [00:02<00:05,  1.39it/s]
Task 4, Epoch 4/10 => Loss 3.936, Train_accy 40.00:  30%|███       | 3/10 [00:02<00:05,  1.39it/s]
Task 4, Epoch 4/10 => Loss 3.936, Train_accy 40.00:  40%|████      | 4/10 [00:02<00:04,  1.44it/s]
Task 4, Epoch 5/10 => Loss 3.639, Train_accy 40.00:  40%|████      | 4/10 [00:03<00:04,  1.44it/s]
Task 4, Epoch 5/10 => Loss 3.639, Train_accy 40.00:  50%|█████     | 5/10 [00:03<00:03,  1.50it/s]
Task 4, Epoch 6/10 => Loss 3.618, Train_accy 40.00:  50%|█████     | 5/10 [00:04<00:03,  1.50it/s]
Task 4, Epoch 6/10 => Loss 3.618, Train_accy 40.00:  60%|██████    | 6/10 [00:04<00:02,  1.52it/s]
Task 4, Epoch 7/10 => Loss 3.590, Train_accy 30.00:  60%|██████    | 6/10 [00:04<00:02,  1.52it/s]
Task 4, Epoch 7/10 => Loss 3.590, Train_accy 30.00:  70%|███████   | 7/10 [00:04<00:02,  1.49it/s]
Task 4, Epoch 8/10 => Loss 2.707, Train_accy 50.00:  70%|███████   | 7/10 [00:05<00:02,  1.49it/s]
Task 4, Epoch 8/10 => Loss 2.707, Train_accy 50.00:  80%|████████  | 8/10 [00:05<00:01,  1.49it/s]
Task 4, Epoch 9/10 => Loss 2.617, Train_accy 50.00:  80%|████████  | 8/10 [00:06<00:01,  1.49it/s]
Task 4, Epoch 9/10 => Loss 2.617, Train_accy 50.00:  90%|█████████ | 9/10 [00:06<00:00,  1.50it/s]
Task 4, Epoch 10/10 => Loss 2.864, Train_accy 40.00:  90%|█████████ | 9/10 [00:06<00:00,  1.50it/s]
Task 4, Epoch 10/10 => Loss 2.864, Train_accy 40.00: 100%|██████████| 10/10 [00:06<00:00,  1.55it/s]
Task 4, Epoch 10/10 => Loss 2.864, Train_accy 40.00: 100%|██████████| 10/10 [00:06<00:00,  1.50it/s]
2025-12-24 11:40:19,352 [inflora.py] => Task 4, Epoch 10/10 => Loss 2.864, Train_accy 40.00
Threshold:  0.9595238095238094
Layer 1 - Projection Matrix shape: torch.Size([768, 768])
Layer 2 - Projection Matrix shape: torch.Size([768, 768])
Layer 3 - Projection Matrix shape: torch.Size([768, 768])
Layer 4 - Projection Matrix shape: torch.Size([768, 768])
Layer 5 - Projection Matrix shape: torch.Size([768, 768])
Layer 6 - Projection Matrix shape: torch.Size([768, 768])
Layer 7 - Projection Matrix shape: torch.Size([768, 768])
Layer 8 - Projection Matrix shape: torch.Size([768, 768])
Layer 9 - Projection Matrix shape: torch.Size([768, 768])
Layer 10 - Projection Matrix shape: torch.Size([768, 768])
Layer 11 - Projection Matrix shape: torch.Size([768, 768])
Layer 12 - Projection Matrix shape: torch.Size([768, 768])
2025-12-24 11:41:38,414 [inflora.py] => Exemplar size: 0
2025-12-24 11:41:38,415 [trainer.py] => CNN: {'total': 86.4, '00-59': 97.92, '60-61': 0.0, '62-63': 0.0, '64-65': 0.0, '66-67': 0.0, '68-69': 100.0, '70-71': 90.0, '72-73': 100.0, '74-75': 90.0, '76-77': 90.0, '78-79': 100.0, '80-81': 90.0, '82-83': 100.0, '84-85': 100.0, '86-87': 100.0, '88-89': 100.0, '90-91': 100.0, '92-93': 90.0, '94-95': 100.0, '96-97': 100.0, '98-99': 100.0, 'old': 89.02, 'new': 0.0}
2025-12-24 11:41:38,415 [trainer.py] => CNN top1 curve: [98.0, 94.77, 91.8, 89.02, 86.4]
2025-12-24 11:41:38,415 [trainer.py] => Average Accuracy (CNN): 92.00
2025-12-24 11:41:38,418 [trainer.py] => All params: 101082305
2025-12-24 11:41:38,421 [trainer.py] => Trainable params: 230460
2025-12-24 11:41:38,421 [inflora.py] => Learning on 68-70

  0%|          | 0/10 [00:00<?, ?it/s]
Task 5, Epoch 1/10 => Loss 7.364, Train_accy 0.00:   0%|          | 0/10 [00:00<?, ?it/s]
Task 5, Epoch 1/10 => Loss 7.364, Train_accy 0.00:  10%|█         | 1/10 [00:00<00:06,  1.48it/s]
Task 5, Epoch 2/10 => Loss 6.919, Train_accy 0.00:  10%|█         | 1/10 [00:01<00:06,  1.48it/s]
Task 5, Epoch 2/10 => Loss 6.919, Train_accy 0.00:  20%|██        | 2/10 [00:01<00:05,  1.42it/s]
Task 5, Epoch 3/10 => Loss 6.655, Train_accy 0.00:  20%|██        | 2/10 [00:02<00:05,  1.42it/s]
Task 5, Epoch 3/10 => Loss 6.655, Train_accy 0.00:  30%|███       | 3/10 [00:02<00:04,  1.46it/s]
Task 5, Epoch 4/10 => Loss 6.303, Train_accy 0.00:  30%|███       | 3/10 [00:02<00:04,  1.46it/s]
Task 5, Epoch 4/10 => Loss 6.303, Train_accy 0.00:  40%|████      | 4/10 [00:02<00:04,  1.34it/s]
Task 5, Epoch 5/10 => Loss 6.143, Train_accy 0.00:  40%|████      | 4/10 [00:03<00:04,  1.34it/s]
Task 5, Epoch 5/10 => Loss 6.143, Train_accy 0.00:  50%|█████     | 5/10 [00:03<00:03,  1.38it/s]
Task 5, Epoch 6/10 => Loss 6.180, Train_accy 0.00:  50%|█████     | 5/10 [00:04<00:03,  1.38it/s]
Task 5, Epoch 6/10 => Loss 6.180, Train_accy 0.00:  60%|██████    | 6/10 [00:04<00:02,  1.40it/s]
Task 5, Epoch 7/10 => Loss 5.710, Train_accy 0.00:  60%|██████    | 6/10 [00:05<00:02,  1.40it/s]
Task 5, Epoch 7/10 => Loss 5.710, Train_accy 0.00:  70%|███████   | 7/10 [00:05<00:02,  1.39it/s]
Task 5, Epoch 8/10 => Loss 5.735, Train_accy 0.00:  70%|███████   | 7/10 [00:05<00:02,  1.39it/s]
Task 5, Epoch 8/10 => Loss 5.735, Train_accy 0.00:  80%|████████  | 8/10 [00:05<00:01,  1.38it/s]
Task 5, Epoch 9/10 => Loss 5.249, Train_accy 0.00:  80%|████████  | 8/10 [00:06<00:01,  1.38it/s]
Task 5, Epoch 9/10 => Loss 5.249, Train_accy 0.00:  90%|█████████ | 9/10 [00:06<00:00,  1.35it/s]
Task 5, Epoch 10/10 => Loss 6.037, Train_accy 0.00:  90%|█████████ | 9/10 [00:07<00:00,  1.35it/s]
Task 5, Epoch 10/10 => Loss 6.037, Train_accy 0.00: 100%|██████████| 10/10 [00:07<00:00,  1.39it/s]
Task 5, Epoch 10/10 => Loss 6.037, Train_accy 0.00: 100%|██████████| 10/10 [00:07<00:00,  1.39it/s]
2025-12-24 11:46:19,922 [inflora.py] => Task 5, Epoch 10/10 => Loss 6.037, Train_accy 0.00
Threshold:  0.9619047619047618
Skip Updating DualGPM for layer: 1
Skip Updating DualGPM for layer: 2
Layer 1 - Projection Matrix shape: torch.Size([768, 768])
Layer 2 - Projection Matrix shape: torch.Size([768, 768])
Layer 3 - Projection Matrix shape: torch.Size([768, 768])
Layer 4 - Projection Matrix shape: torch.Size([768, 768])
Layer 5 - Projection Matrix shape: torch.Size([768, 768])
Layer 6 - Projection Matrix shape: torch.Size([768, 768])
Layer 7 - Projection Matrix shape: torch.Size([768, 768])
Layer 8 - Projection Matrix shape: torch.Size([768, 768])
Layer 9 - Projection Matrix shape: torch.Size([768, 768])
Layer 10 - Projection Matrix shape: torch.Size([768, 768])
Layer 11 - Projection Matrix shape: torch.Size([768, 768])
Layer 12 - Projection Matrix shape: torch.Size([768, 768])
2025-12-24 11:47:44,969 [inflora.py] => Exemplar size: 0
2025-12-24 11:47:44,969 [trainer.py] => CNN: {'total': 83.94, '00-59': 97.93, '60-61': 0.0, '62-63': 0.0, '64-65': 0.0, '66-67': 0.0, '68-69': 0.0, '70-71': 100.0, '72-73': 100.0, '74-75': 100.0, '76-77': 90.0, '78-79': 100.0, '80-81': 100.0, '82-83': 90.0, '84-85': 90.0, '86-87': 100.0, '88-89': 90.0, '90-91': 100.0, '92-93': 100.0, '94-95': 100.0, '96-97': 100.0, '98-99': 100.0, 'old': 86.41, 'new': 0.0}
2025-12-24 11:47:44,970 [trainer.py] => CNN top1 curve: [98.0, 94.77, 91.8, 89.02, 86.4, 83.94]
2025-12-24 11:47:44,970 [trainer.py] => Average Accuracy (CNN): 90.66
2025-12-24 11:47:44,974 [trainer.py] => All params: 101082305
2025-12-24 11:47:44,978 [trainer.py] => Trainable params: 230460
2025-12-24 11:47:44,978 [inflora.py] => Learning on 70-72

  0%|          | 0/10 [00:00<?, ?it/s]
Task 6, Epoch 1/10 => Loss 9.181, Train_accy 0.00:   0%|          | 0/10 [00:00<?, ?it/s]
Task 6, Epoch 1/10 => Loss 9.181, Train_accy 0.00:  10%|█         | 1/10 [00:00<00:06,  1.44it/s]
Task 6, Epoch 2/10 => Loss 8.647, Train_accy 0.00:  10%|█         | 1/10 [00:01<00:06,  1.44it/s]
Task 6, Epoch 2/10 => Loss 8.647, Train_accy 0.00:  20%|██        | 2/10 [00:01<00:05,  1.46it/s]
Task 6, Epoch 3/10 => Loss 8.197, Train_accy 0.00:  20%|██        | 2/10 [00:02<00:05,  1.46it/s]
Task 6, Epoch 3/10 => Loss 8.197, Train_accy 0.00:  30%|███       | 3/10 [00:02<00:04,  1.43it/s]
Task 6, Epoch 4/10 => Loss 7.942, Train_accy 0.00:  30%|███       | 3/10 [00:02<00:04,  1.43it/s]
Task 6, Epoch 4/10 => Loss 7.942, Train_accy 0.00:  40%|████      | 4/10 [00:02<00:04,  1.43it/s]
Task 6, Epoch 5/10 => Loss 7.823, Train_accy 0.00:  40%|████      | 4/10 [00:03<00:04,  1.43it/s]
Task 6, Epoch 5/10 => Loss 7.823, Train_accy 0.00:  50%|█████     | 5/10 [00:03<00:03,  1.44it/s]
Task 6, Epoch 6/10 => Loss 7.123, Train_accy 0.00:  50%|█████     | 5/10 [00:04<00:03,  1.44it/s]
Task 6, Epoch 6/10 => Loss 7.123, Train_accy 0.00:  60%|██████    | 6/10 [00:04<00:02,  1.46it/s]
Task 6, Epoch 7/10 => Loss 6.958, Train_accy 0.00:  60%|██████    | 6/10 [00:04<00:02,  1.46it/s]
Task 6, Epoch 7/10 => Loss 6.958, Train_accy 0.00:  70%|███████   | 7/10 [00:04<00:02,  1.49it/s]
Task 6, Epoch 8/10 => Loss 6.110, Train_accy 0.00:  70%|███████   | 7/10 [00:05<00:02,  1.49it/s]
Task 6, Epoch 8/10 => Loss 6.110, Train_accy 0.00:  80%|████████  | 8/10 [00:05<00:01,  1.50it/s]
Task 6, Epoch 9/10 => Loss 6.674, Train_accy 0.00:  80%|████████  | 8/10 [00:06<00:01,  1.50it/s]
Task 6, Epoch 9/10 => Loss 6.674, Train_accy 0.00:  90%|█████████ | 9/10 [00:06<00:00,  1.52it/s]
Task 6, Epoch 10/10 => Loss 6.477, Train_accy 0.00:  90%|█████████ | 9/10 [00:06<00:00,  1.52it/s]
Task 6, Epoch 10/10 => Loss 6.477, Train_accy 0.00: 100%|██████████| 10/10 [00:06<00:00,  1.53it/s]
Task 6, Epoch 10/10 => Loss 6.477, Train_accy 0.00: 100%|██████████| 10/10 [00:06<00:00,  1.49it/s]
2025-12-24 11:52:45,149 [inflora.py] => Task 6, Epoch 10/10 => Loss 6.477, Train_accy 0.00
Threshold:  0.9642857142857143
Layer 1 - Projection Matrix shape: torch.Size([768, 768])
Layer 2 - Projection Matrix shape: torch.Size([768, 768])
Layer 3 - Projection Matrix shape: torch.Size([768, 768])
Layer 4 - Projection Matrix shape: torch.Size([768, 768])
Layer 5 - Projection Matrix shape: torch.Size([768, 768])
Layer 6 - Projection Matrix shape: torch.Size([768, 768])
Layer 7 - Projection Matrix shape: torch.Size([768, 768])
Layer 8 - Projection Matrix shape: torch.Size([768, 768])
Layer 9 - Projection Matrix shape: torch.Size([768, 768])
Layer 10 - Projection Matrix shape: torch.Size([768, 768])
Layer 11 - Projection Matrix shape: torch.Size([768, 768])
Layer 12 - Projection Matrix shape: torch.Size([768, 768])
2025-12-24 11:54:13,467 [inflora.py] => Exemplar size: 0
2025-12-24 11:54:13,468 [trainer.py] => CNN: {'total': 81.6, '00-59': 97.92, '60-61': 0.0, '62-63': 0.0, '64-65': 0.0, '66-67': 0.0, '68-69': 0.0, '70-71': 0.0, '72-73': 80.0, '74-75': 100.0, '76-77': 90.0, '78-79': 100.0, '80-81': 90.0, '82-83': 100.0, '84-85': 90.0, '86-87': 100.0, '88-89': 100.0, '90-91': 100.0, '92-93': 90.0, '94-95': 100.0, '96-97': 100.0, '98-99': 90.0, 'old': 83.93, 'new': 0.0}
2025-12-24 11:54:13,468 [trainer.py] => CNN top1 curve: [98.0, 94.77, 91.8, 89.02, 86.4, 83.94, 81.6]
2025-12-24 11:54:13,468 [trainer.py] => Average Accuracy (CNN): 89.36
2025-12-24 11:54:13,477 [trainer.py] => All params: 101082305
2025-12-24 11:54:13,484 [trainer.py] => Trainable params: 230460
2025-12-24 11:54:13,484 [inflora.py] => Learning on 72-74

  0%|          | 0/10 [00:00<?, ?it/s]
Task 7, Epoch 1/10 => Loss 6.731, Train_accy 0.00:   0%|          | 0/10 [00:00<?, ?it/s]
Task 7, Epoch 1/10 => Loss 6.731, Train_accy 0.00:  10%|█         | 1/10 [00:00<00:06,  1.33it/s]
Task 7, Epoch 2/10 => Loss 6.936, Train_accy 0.00:  10%|█         | 1/10 [00:01<00:06,  1.33it/s]
Task 7, Epoch 2/10 => Loss 6.936, Train_accy 0.00:  20%|██        | 2/10 [00:01<00:06,  1.31it/s]
Task 7, Epoch 3/10 => Loss 6.601, Train_accy 0.00:  20%|██        | 2/10 [00:02<00:06,  1.31it/s]
Task 7, Epoch 3/10 => Loss 6.601, Train_accy 0.00:  30%|███       | 3/10 [00:02<00:04,  1.43it/s]
Task 7, Epoch 4/10 => Loss 6.163, Train_accy 0.00:  30%|███       | 3/10 [00:02<00:04,  1.43it/s]
Task 7, Epoch 4/10 => Loss 6.163, Train_accy 0.00:  40%|████      | 4/10 [00:02<00:04,  1.44it/s]
Task 7, Epoch 5/10 => Loss 5.999, Train_accy 0.00:  40%|████      | 4/10 [00:03<00:04,  1.44it/s]
Task 7, Epoch 5/10 => Loss 5.999, Train_accy 0.00:  50%|█████     | 5/10 [00:03<00:03,  1.48it/s]
Task 7, Epoch 6/10 => Loss 5.571, Train_accy 0.00:  50%|█████     | 5/10 [00:04<00:03,  1.48it/s]
Task 7, Epoch 6/10 => Loss 5.571, Train_accy 0.00:  60%|██████    | 6/10 [00:04<00:02,  1.43it/s]
Task 7, Epoch 7/10 => Loss 5.011, Train_accy 0.00:  60%|██████    | 6/10 [00:04<00:02,  1.43it/s]
Task 7, Epoch 7/10 => Loss 5.011, Train_accy 0.00:  70%|███████   | 7/10 [00:04<00:02,  1.45it/s]
Task 7, Epoch 8/10 => Loss 4.897, Train_accy 0.00:  70%|███████   | 7/10 [00:05<00:02,  1.45it/s]
Task 7, Epoch 8/10 => Loss 4.897, Train_accy 0.00:  80%|████████  | 8/10 [00:05<00:01,  1.47it/s]
Task 7, Epoch 9/10 => Loss 5.278, Train_accy 0.00:  80%|████████  | 8/10 [00:06<00:01,  1.47it/s]
Task 7, Epoch 9/10 => Loss 5.278, Train_accy 0.00:  90%|█████████ | 9/10 [00:06<00:00,  1.46it/s]
Task 7, Epoch 10/10 => Loss 4.483, Train_accy 0.00:  90%|█████████ | 9/10 [00:06<00:00,  1.46it/s]
Task 7, Epoch 10/10 => Loss 4.483, Train_accy 0.00: 100%|██████████| 10/10 [00:06<00:00,  1.42it/s]
Task 7, Epoch 10/10 => Loss 4.483, Train_accy 0.00: 100%|██████████| 10/10 [00:06<00:00,  1.43it/s]
2025-12-24 11:58:28,889 [inflora.py] => Task 7, Epoch 10/10 => Loss 4.483, Train_accy 0.00
Threshold:  0.9666666666666667
Layer 1 - Projection Matrix shape: torch.Size([768, 768])
Layer 2 - Projection Matrix shape: torch.Size([768, 768])
Layer 3 - Projection Matrix shape: torch.Size([768, 768])
Layer 4 - Projection Matrix shape: torch.Size([768, 768])
Layer 5 - Projection Matrix shape: torch.Size([768, 768])
Layer 6 - Projection Matrix shape: torch.Size([768, 768])
Layer 7 - Projection Matrix shape: torch.Size([768, 768])
Layer 8 - Projection Matrix shape: torch.Size([768, 768])
Layer 9 - Projection Matrix shape: torch.Size([768, 768])
Layer 10 - Projection Matrix shape: torch.Size([768, 768])
Layer 11 - Projection Matrix shape: torch.Size([768, 768])
Layer 12 - Projection Matrix shape: torch.Size([768, 768])
2025-12-24 12:00:08,474 [inflora.py] => Exemplar size: 0
2025-12-24 12:00:08,474 [trainer.py] => CNN: {'total': 79.41, '00-59': 97.93, '60-61': 0.0, '62-63': 0.0, '64-65': 0.0, '66-67': 0.0, '68-69': 0.0, '70-71': 0.0, '72-73': 0.0, '74-75': 100.0, '76-77': 90.0, '78-79': 100.0, '80-81': 100.0, '82-83': 100.0, '84-85': 100.0, '86-87': 80.0, '88-89': 90.0, '90-91': 100.0, '92-93': 100.0, '94-95': 100.0, '96-97': 100.0, '98-99': 100.0, 'old': 81.61, 'new': 0.0}
2025-12-24 12:00:08,475 [trainer.py] => CNN top1 curve: [98.0, 94.77, 91.8, 89.02, 86.4, 83.94, 81.6, 79.41]
2025-12-24 12:00:08,475 [trainer.py] => Average Accuracy (CNN): 88.12
2025-12-24 12:00:08,479 [trainer.py] => All params: 101082305
2025-12-24 12:00:08,484 [trainer.py] => Trainable params: 230460
2025-12-24 12:00:08,484 [inflora.py] => Learning on 74-76

  0%|          | 0/10 [00:00<?, ?it/s]
Task 8, Epoch 1/10 => Loss 7.695, Train_accy 0.00:   0%|          | 0/10 [00:00<?, ?it/s]
Task 8, Epoch 1/10 => Loss 7.695, Train_accy 0.00:  10%|█         | 1/10 [00:00<00:08,  1.04it/s]
Task 8, Epoch 2/10 => Loss 6.395, Train_accy 0.00:  10%|█         | 1/10 [00:01<00:08,  1.04it/s]
Task 8, Epoch 2/10 => Loss 6.395, Train_accy 0.00:  20%|██        | 2/10 [00:01<00:06,  1.19it/s]
Task 8, Epoch 3/10 => Loss 6.444, Train_accy 0.00:  20%|██        | 2/10 [00:02<00:06,  1.19it/s]
Task 8, Epoch 3/10 => Loss 6.444, Train_accy 0.00:  30%|███       | 3/10 [00:02<00:05,  1.25it/s]
Task 8, Epoch 4/10 => Loss 5.998, Train_accy 0.00:  30%|███       | 3/10 [00:03<00:05,  1.25it/s]
Task 8, Epoch 4/10 => Loss 5.998, Train_accy 0.00:  40%|████      | 4/10 [00:03<00:04,  1.29it/s]
Task 8, Epoch 5/10 => Loss 5.681, Train_accy 0.00:  40%|████      | 4/10 [00:03<00:04,  1.29it/s]
Task 8, Epoch 5/10 => Loss 5.681, Train_accy 0.00:  50%|█████     | 5/10 [00:03<00:03,  1.32it/s]
Task 8, Epoch 6/10 => Loss 6.066, Train_accy 0.00:  50%|█████     | 5/10 [00:04<00:03,  1.32it/s]
Task 8, Epoch 6/10 => Loss 6.066, Train_accy 0.00:  60%|██████    | 6/10 [00:04<00:02,  1.36it/s]
Task 8, Epoch 7/10 => Loss 5.559, Train_accy 0.00:  60%|██████    | 6/10 [00:05<00:02,  1.36it/s]
Task 8, Epoch 7/10 => Loss 5.559, Train_accy 0.00:  70%|███████   | 7/10 [00:05<00:02,  1.37it/s]
Task 8, Epoch 8/10 => Loss 5.096, Train_accy 0.00:  70%|███████   | 7/10 [00:06<00:02,  1.37it/s]
Task 8, Epoch 8/10 => Loss 5.096, Train_accy 0.00:  80%|████████  | 8/10 [00:06<00:01,  1.41it/s]
Task 8, Epoch 9/10 => Loss 4.949, Train_accy 0.00:  80%|████████  | 8/10 [00:06<00:01,  1.41it/s]
Task 8, Epoch 9/10 => Loss 4.949, Train_accy 0.00:  90%|█████████ | 9/10 [00:06<00:00,  1.39it/s]
Task 8, Epoch 10/10 => Loss 4.795, Train_accy 0.00:  90%|█████████ | 9/10 [00:07<00:00,  1.39it/s]
Task 8, Epoch 10/10 => Loss 4.795, Train_accy 0.00: 100%|██████████| 10/10 [00:07<00:00,  1.38it/s]
Task 8, Epoch 10/10 => Loss 4.795, Train_accy 0.00: 100%|██████████| 10/10 [00:07<00:00,  1.34it/s]
2025-12-24 12:05:08,208 [inflora.py] => Task 8, Epoch 10/10 => Loss 4.795, Train_accy 0.00
Threshold:  0.969047619047619
Layer 1 - Projection Matrix shape: torch.Size([768, 768])
Layer 2 - Projection Matrix shape: torch.Size([768, 768])
Layer 3 - Projection Matrix shape: torch.Size([768, 768])
Layer 4 - Projection Matrix shape: torch.Size([768, 768])
Layer 5 - Projection Matrix shape: torch.Size([768, 768])
Layer 6 - Projection Matrix shape: torch.Size([768, 768])
Layer 7 - Projection Matrix shape: torch.Size([768, 768])
Layer 8 - Projection Matrix shape: torch.Size([768, 768])
Layer 9 - Projection Matrix shape: torch.Size([768, 768])
Layer 10 - Projection Matrix shape: torch.Size([768, 768])
Layer 11 - Projection Matrix shape: torch.Size([768, 768])
Layer 12 - Projection Matrix shape: torch.Size([768, 768])
2025-12-24 12:06:43,137 [inflora.py] => Exemplar size: 0
2025-12-24 12:06:43,137 [trainer.py] => CNN: {'total': 77.29, '00-59': 97.9, '60-61': 0.0, '62-63': 0.0, '64-65': 0.0, '66-67': 0.0, '68-69': 0.0, '70-71': 0.0, '72-73': 0.0, '74-75': 0.0, '76-77': 90.0, '78-79': 90.0, '80-81': 100.0, '82-83': 90.0, '84-85': 80.0, '86-87': 90.0, '88-89': 100.0, '90-91': 100.0, '92-93': 100.0, '94-95': 80.0, '96-97': 100.0, '98-99': 100.0, 'old': 79.38, 'new': 0.0}
2025-12-24 12:06:43,137 [trainer.py] => CNN top1 curve: [98.0, 94.77, 91.8, 89.02, 86.4, 83.94, 81.6, 79.41, 77.29]
2025-12-24 12:06:43,137 [trainer.py] => Average Accuracy (CNN): 86.91
2025-12-24 12:06:43,141 [trainer.py] => All params: 101082305
2025-12-24 12:06:43,144 [trainer.py] => Trainable params: 230460
2025-12-24 12:06:43,144 [inflora.py] => Learning on 76-78

  0%|          | 0/10 [00:00<?, ?it/s]
Task 9, Epoch 1/10 => Loss 5.858, Train_accy 0.00:   0%|          | 0/10 [00:00<?, ?it/s]
Task 9, Epoch 1/10 => Loss 5.858, Train_accy 0.00:  10%|█         | 1/10 [00:00<00:08,  1.11it/s]
Task 9, Epoch 2/10 => Loss 5.656, Train_accy 0.00:  10%|█         | 1/10 [00:01<00:08,  1.11it/s]
Task 9, Epoch 2/10 => Loss 5.656, Train_accy 0.00:  20%|██        | 2/10 [00:01<00:06,  1.16it/s]
Task 9, Epoch 3/10 => Loss 5.659, Train_accy 0.00:  20%|██        | 2/10 [00:02<00:06,  1.16it/s]
Task 9, Epoch 3/10 => Loss 5.659, Train_accy 0.00:  30%|███       | 3/10 [00:02<00:05,  1.22it/s]
Task 9, Epoch 4/10 => Loss 5.237, Train_accy 0.00:  30%|███       | 3/10 [00:03<00:05,  1.22it/s]
Task 9, Epoch 4/10 => Loss 5.237, Train_accy 0.00:  40%|████      | 4/10 [00:03<00:04,  1.30it/s]
Task 9, Epoch 5/10 => Loss 5.181, Train_accy 0.00:  40%|████      | 4/10 [00:03<00:04,  1.30it/s]
Task 9, Epoch 5/10 => Loss 5.181, Train_accy 0.00:  50%|█████     | 5/10 [00:03<00:03,  1.31it/s]
Task 9, Epoch 6/10 => Loss 5.035, Train_accy 0.00:  50%|█████     | 5/10 [00:04<00:03,  1.31it/s]
Task 9, Epoch 6/10 => Loss 5.035, Train_accy 0.00:  60%|██████    | 6/10 [00:04<00:03,  1.33it/s]
Task 9, Epoch 7/10 => Loss 4.457, Train_accy 0.00:  60%|██████    | 6/10 [00:05<00:03,  1.33it/s]
Task 9, Epoch 7/10 => Loss 4.457, Train_accy 0.00:  70%|███████   | 7/10 [00:05<00:02,  1.29it/s]
Task 9, Epoch 8/10 => Loss 4.653, Train_accy 0.00:  70%|███████   | 7/10 [00:06<00:02,  1.29it/s]
Task 9, Epoch 8/10 => Loss 4.653, Train_accy 0.00:  80%|████████  | 8/10 [00:06<00:01,  1.32it/s]
Task 9, Epoch 9/10 => Loss 4.668, Train_accy 10.00:  80%|████████  | 8/10 [00:07<00:01,  1.32it/s]
Task 9, Epoch 9/10 => Loss 4.668, Train_accy 10.00:  90%|█████████ | 9/10 [00:07<00:00,  1.30it/s]
Task 9, Epoch 10/10 => Loss 3.792, Train_accy 10.00:  90%|█████████ | 9/10 [00:07<00:00,  1.30it/s]
Task 9, Epoch 10/10 => Loss 3.792, Train_accy 10.00: 100%|██████████| 10/10 [00:07<00:00,  1.33it/s]
Task 9, Epoch 10/10 => Loss 3.792, Train_accy 10.00: 100%|██████████| 10/10 [00:07<00:00,  1.29it/s]
2025-12-24 12:11:26,922 [inflora.py] => Task 9, Epoch 10/10 => Loss 3.792, Train_accy 10.00
Threshold:  0.9714285714285714
Skip Updating DualGPM for layer: 1
Skip Updating DualGPM for layer: 2
Layer 1 - Projection Matrix shape: torch.Size([768, 768])
Layer 2 - Projection Matrix shape: torch.Size([768, 768])
Layer 3 - Projection Matrix shape: torch.Size([768, 768])
Layer 4 - Projection Matrix shape: torch.Size([768, 768])
Layer 5 - Projection Matrix shape: torch.Size([768, 768])
Layer 6 - Projection Matrix shape: torch.Size([768, 768])
Layer 7 - Projection Matrix shape: torch.Size([768, 768])
Layer 8 - Projection Matrix shape: torch.Size([768, 768])
Layer 9 - Projection Matrix shape: torch.Size([768, 768])
Layer 10 - Projection Matrix shape: torch.Size([768, 768])
Layer 11 - Projection Matrix shape: torch.Size([768, 768])
Layer 12 - Projection Matrix shape: torch.Size([768, 768])
2025-12-24 12:12:57,092 [inflora.py] => Exemplar size: 0
2025-12-24 12:12:57,092 [trainer.py] => CNN: {'total': 75.29, '00-59': 97.88, '60-61': 0.0, '62-63': 0.0, '64-65': 0.0, '66-67': 0.0, '68-69': 0.0, '70-71': 0.0, '72-73': 0.0, '74-75': 0.0, '76-77': 0.0, '78-79': 100.0, '80-81': 100.0, '82-83': 100.0, '84-85': 100.0, '86-87': 100.0, '88-89': 90.0, '90-91': 100.0, '92-93': 90.0, '94-95': 100.0, '96-97': 100.0, '98-99': 90.0, 'old': 77.28, 'new': 0.0}
2025-12-24 12:12:57,092 [trainer.py] => CNN top1 curve: [98.0, 94.77, 91.8, 89.02, 86.4, 83.94, 81.6, 79.41, 77.29, 75.29]
2025-12-24 12:12:57,092 [trainer.py] => Average Accuracy (CNN): 85.75
2025-12-24 12:12:57,099 [trainer.py] => All params: 101082305
2025-12-24 12:12:57,105 [trainer.py] => Trainable params: 230460
2025-12-24 12:12:57,105 [inflora.py] => Learning on 78-80

  0%|          | 0/10 [00:00<?, ?it/s]
Task 10, Epoch 1/10 => Loss 5.133, Train_accy 0.00:   0%|          | 0/10 [00:00<?, ?it/s]
Task 10, Epoch 1/10 => Loss 5.133, Train_accy 0.00:  10%|█         | 1/10 [00:00<00:07,  1.21it/s]
Task 10, Epoch 2/10 => Loss 5.111, Train_accy 10.00:  10%|█         | 1/10 [00:01<00:07,  1.21it/s]
Task 10, Epoch 2/10 => Loss 5.111, Train_accy 10.00:  20%|██        | 2/10 [00:01<00:06,  1.25it/s]
Task 10, Epoch 3/10 => Loss 4.523, Train_accy 0.00:  20%|██        | 2/10 [00:02<00:06,  1.25it/s] 
Task 10, Epoch 3/10 => Loss 4.523, Train_accy 0.00:  30%|███       | 3/10 [00:02<00:05,  1.33it/s]
Task 10, Epoch 4/10 => Loss 4.115, Train_accy 10.00:  30%|███       | 3/10 [00:02<00:05,  1.33it/s]
Task 10, Epoch 4/10 => Loss 4.115, Train_accy 10.00:  40%|████      | 4/10 [00:02<00:04,  1.38it/s]
Task 10, Epoch 5/10 => Loss 4.111, Train_accy 0.00:  40%|████      | 4/10 [00:03<00:04,  1.38it/s] 
Task 10, Epoch 5/10 => Loss 4.111, Train_accy 0.00:  50%|█████     | 5/10 [00:03<00:03,  1.48it/s]
Task 10, Epoch 6/10 => Loss 3.515, Train_accy 0.00:  50%|█████     | 5/10 [00:04<00:03,  1.48it/s]
Task 10, Epoch 6/10 => Loss 3.515, Train_accy 0.00:  60%|██████    | 6/10 [00:04<00:02,  1.46it/s]
Task 10, Epoch 7/10 => Loss 3.520, Train_accy 0.00:  60%|██████    | 6/10 [00:05<00:02,  1.46it/s]
Task 10, Epoch 7/10 => Loss 3.520, Train_accy 0.00:  70%|███████   | 7/10 [00:05<00:02,  1.42it/s]
Task 10, Epoch 8/10 => Loss 3.671, Train_accy 0.00:  70%|███████   | 7/10 [00:05<00:02,  1.42it/s]
Task 10, Epoch 8/10 => Loss 3.671, Train_accy 0.00:  80%|████████  | 8/10 [00:05<00:01,  1.44it/s]
Task 10, Epoch 9/10 => Loss 2.794, Train_accy 20.00:  80%|████████  | 8/10 [00:06<00:01,  1.44it/s]
Task 10, Epoch 9/10 => Loss 2.794, Train_accy 20.00:  90%|█████████ | 9/10 [00:06<00:00,  1.45it/s]
Task 10, Epoch 10/10 => Loss 3.026, Train_accy 20.00:  90%|█████████ | 9/10 [00:07<00:00,  1.45it/s]
Task 10, Epoch 10/10 => Loss 3.026, Train_accy 20.00: 100%|██████████| 10/10 [00:07<00:00,  1.46it/s]
Task 10, Epoch 10/10 => Loss 3.026, Train_accy 20.00: 100%|██████████| 10/10 [00:07<00:00,  1.42it/s]
2025-12-24 12:17:12,998 [inflora.py] => Task 10, Epoch 10/10 => Loss 3.026, Train_accy 20.00
Threshold:  0.9738095238095238
Layer 1 - Projection Matrix shape: torch.Size([768, 768])
Layer 2 - Projection Matrix shape: torch.Size([768, 768])
Layer 3 - Projection Matrix shape: torch.Size([768, 768])
Layer 4 - Projection Matrix shape: torch.Size([768, 768])
Layer 5 - Projection Matrix shape: torch.Size([768, 768])
Layer 6 - Projection Matrix shape: torch.Size([768, 768])
Layer 7 - Projection Matrix shape: torch.Size([768, 768])
Layer 8 - Projection Matrix shape: torch.Size([768, 768])
Layer 9 - Projection Matrix shape: torch.Size([768, 768])
Layer 10 - Projection Matrix shape: torch.Size([768, 768])
Layer 11 - Projection Matrix shape: torch.Size([768, 768])
Layer 12 - Projection Matrix shape: torch.Size([768, 768])
2025-12-24 12:19:03,614 [inflora.py] => Exemplar size: 0
2025-12-24 12:19:03,618 [trainer.py] => CNN: {'total': 73.44, '00-59': 97.92, '60-61': 0.0, '62-63': 0.0, '64-65': 0.0, '66-67': 0.0, '68-69': 0.0, '70-71': 0.0, '72-73': 0.0, '74-75': 0.0, '76-77': 0.0, '78-79': 0.0, '80-81': 90.0, '82-83': 100.0, '84-85': 100.0, '86-87': 100.0, '88-89': 100.0, '90-91': 100.0, '92-93': 90.0, '94-95': 90.0, '96-97': 100.0, '98-99': 90.0, 'old': 75.32, 'new': 0.0}
2025-12-24 12:19:03,618 [trainer.py] => CNN top1 curve: [98.0, 94.77, 91.8, 89.02, 86.4, 83.94, 81.6, 79.41, 77.29, 75.29, 73.44]
2025-12-24 12:19:03,618 [trainer.py] => Average Accuracy (CNN): 84.63
2025-12-24 12:19:03,622 [trainer.py] => All params: 101082305
2025-12-24 12:19:03,625 [trainer.py] => Trainable params: 230460
2025-12-24 12:19:03,625 [inflora.py] => Learning on 80-82

  0%|          | 0/10 [00:00<?, ?it/s]
Task 11, Epoch 1/10 => Loss 6.319, Train_accy 0.00:   0%|          | 0/10 [00:00<?, ?it/s]
Task 11, Epoch 1/10 => Loss 6.319, Train_accy 0.00:  10%|█         | 1/10 [00:00<00:06,  1.35it/s]
Task 11, Epoch 2/10 => Loss 5.374, Train_accy 0.00:  10%|█         | 1/10 [00:01<00:06,  1.35it/s]
Task 11, Epoch 2/10 => Loss 5.374, Train_accy 0.00:  20%|██        | 2/10 [00:01<00:05,  1.36it/s]
Task 11, Epoch 3/10 => Loss 4.862, Train_accy 0.00:  20%|██        | 2/10 [00:02<00:05,  1.36it/s]
Task 11, Epoch 3/10 => Loss 4.862, Train_accy 0.00:  30%|███       | 3/10 [00:02<00:05,  1.35it/s]
Task 11, Epoch 4/10 => Loss 5.229, Train_accy 10.00:  30%|███       | 3/10 [00:02<00:05,  1.35it/s]
Task 11, Epoch 4/10 => Loss 5.229, Train_accy 10.00:  40%|████      | 4/10 [00:02<00:04,  1.34it/s]
Task 11, Epoch 5/10 => Loss 4.643, Train_accy 0.00:  40%|████      | 4/10 [00:03<00:04,  1.34it/s] 
Task 11, Epoch 5/10 => Loss 4.643, Train_accy 0.00:  50%|█████     | 5/10 [00:03<00:03,  1.39it/s]
Task 11, Epoch 6/10 => Loss 4.441, Train_accy 0.00:  50%|█████     | 5/10 [00:04<00:03,  1.39it/s]
Task 11, Epoch 6/10 => Loss 4.441, Train_accy 0.00:  60%|██████    | 6/10 [00:04<00:02,  1.37it/s]
Task 11, Epoch 7/10 => Loss 4.339, Train_accy 0.00:  60%|██████    | 6/10 [00:05<00:02,  1.37it/s]
Task 11, Epoch 7/10 => Loss 4.339, Train_accy 0.00:  70%|███████   | 7/10 [00:05<00:02,  1.36it/s]
Task 11, Epoch 8/10 => Loss 4.270, Train_accy 0.00:  70%|███████   | 7/10 [00:05<00:02,  1.36it/s]
Task 11, Epoch 8/10 => Loss 4.270, Train_accy 0.00:  80%|████████  | 8/10 [00:05<00:01,  1.37it/s]
Task 11, Epoch 9/10 => Loss 3.448, Train_accy 20.00:  80%|████████  | 8/10 [00:06<00:01,  1.37it/s]
Task 11, Epoch 9/10 => Loss 3.448, Train_accy 20.00:  90%|█████████ | 9/10 [00:06<00:00,  1.38it/s]
Task 11, Epoch 10/10 => Loss 4.384, Train_accy 0.00:  90%|█████████ | 9/10 [00:07<00:00,  1.38it/s]
Task 11, Epoch 10/10 => Loss 4.384, Train_accy 0.00: 100%|██████████| 10/10 [00:07<00:00,  1.40it/s]
Task 11, Epoch 10/10 => Loss 4.384, Train_accy 0.00: 100%|██████████| 10/10 [00:07<00:00,  1.38it/s]
2025-12-24 12:23:57,925 [inflora.py] => Task 11, Epoch 10/10 => Loss 4.384, Train_accy 0.00
Threshold:  0.9761904761904762
Skip Updating DualGPM for layer: 1
Skip Updating DualGPM for layer: 2
Layer 1 - Projection Matrix shape: torch.Size([768, 768])
Layer 2 - Projection Matrix shape: torch.Size([768, 768])
Layer 3 - Projection Matrix shape: torch.Size([768, 768])
Layer 4 - Projection Matrix shape: torch.Size([768, 768])
Layer 5 - Projection Matrix shape: torch.Size([768, 768])
Layer 6 - Projection Matrix shape: torch.Size([768, 768])
Layer 7 - Projection Matrix shape: torch.Size([768, 768])
Layer 8 - Projection Matrix shape: torch.Size([768, 768])
Layer 9 - Projection Matrix shape: torch.Size([768, 768])
Layer 10 - Projection Matrix shape: torch.Size([768, 768])
Layer 11 - Projection Matrix shape: torch.Size([768, 768])
Layer 12 - Projection Matrix shape: torch.Size([768, 768])
2025-12-24 12:25:19,103 [inflora.py] => Exemplar size: 0
2025-12-24 12:25:19,104 [trainer.py] => CNN: {'total': 71.65, '00-59': 97.92, '60-61': 0.0, '62-63': 0.0, '64-65': 0.0, '66-67': 0.0, '68-69': 0.0, '70-71': 0.0, '72-73': 0.0, '74-75': 0.0, '76-77': 0.0, '78-79': 0.0, '80-81': 0.0, '82-83': 100.0, '84-85': 90.0, '86-87': 90.0, '88-89': 90.0, '90-91': 90.0, '92-93': 90.0, '94-95': 100.0, '96-97': 90.0, '98-99': 100.0, 'old': 73.44, 'new': 0.0}
2025-12-24 12:25:19,104 [trainer.py] => CNN top1 curve: [98.0, 94.77, 91.8, 89.02, 86.4, 83.94, 81.6, 79.41, 77.29, 75.29, 73.44, 71.65]
2025-12-24 12:25:19,104 [trainer.py] => Average Accuracy (CNN): 83.55
2025-12-24 12:25:19,108 [trainer.py] => All params: 101082305
2025-12-24 12:25:19,112 [trainer.py] => Trainable params: 230460
2025-12-24 12:25:19,112 [inflora.py] => Learning on 82-84

  0%|          | 0/10 [00:00<?, ?it/s]
Task 12, Epoch 1/10 => Loss 5.296, Train_accy 0.00:   0%|          | 0/10 [00:00<?, ?it/s]
Task 12, Epoch 1/10 => Loss 5.296, Train_accy 0.00:  10%|█         | 1/10 [00:00<00:06,  1.31it/s]
Task 12, Epoch 2/10 => Loss 4.665, Train_accy 0.00:  10%|█         | 1/10 [00:01<00:06,  1.31it/s]
Task 12, Epoch 2/10 => Loss 4.665, Train_accy 0.00:  20%|██        | 2/10 [00:01<00:06,  1.32it/s]
Task 12, Epoch 3/10 => Loss 4.854, Train_accy 0.00:  20%|██        | 2/10 [00:02<00:06,  1.32it/s]
Task 12, Epoch 3/10 => Loss 4.854, Train_accy 0.00:  30%|███       | 3/10 [00:02<00:05,  1.33it/s]
Task 12, Epoch 4/10 => Loss 4.426, Train_accy 0.00:  30%|███       | 3/10 [00:03<00:05,  1.33it/s]
Task 12, Epoch 4/10 => Loss 4.426, Train_accy 0.00:  40%|████      | 4/10 [00:03<00:04,  1.32it/s]
Task 12, Epoch 5/10 => Loss 3.904, Train_accy 30.00:  40%|████      | 4/10 [00:03<00:04,  1.32it/s]
Task 12, Epoch 5/10 => Loss 3.904, Train_accy 30.00:  50%|█████     | 5/10 [00:03<00:03,  1.32it/s]
Task 12, Epoch 6/10 => Loss 3.799, Train_accy 30.00:  50%|█████     | 5/10 [00:04<00:03,  1.32it/s]
Task 12, Epoch 6/10 => Loss 3.799, Train_accy 30.00:  60%|██████    | 6/10 [00:04<00:02,  1.38it/s]
Task 12, Epoch 7/10 => Loss 3.849, Train_accy 20.00:  60%|██████    | 6/10 [00:05<00:02,  1.38it/s]
Task 12, Epoch 7/10 => Loss 3.849, Train_accy 20.00:  70%|███████   | 7/10 [00:05<00:02,  1.39it/s]
Task 12, Epoch 8/10 => Loss 3.701, Train_accy 30.00:  70%|███████   | 7/10 [00:05<00:02,  1.39it/s]
Task 12, Epoch 8/10 => Loss 3.701, Train_accy 30.00:  80%|████████  | 8/10 [00:05<00:01,  1.41it/s]
Task 12, Epoch 9/10 => Loss 3.086, Train_accy 40.00:  80%|████████  | 8/10 [00:06<00:01,  1.41it/s]
Task 12, Epoch 9/10 => Loss 3.086, Train_accy 40.00:  90%|█████████ | 9/10 [00:06<00:00,  1.43it/s]
Task 12, Epoch 10/10 => Loss 3.304, Train_accy 40.00:  90%|█████████ | 9/10 [00:07<00:00,  1.43it/s]
Task 12, Epoch 10/10 => Loss 3.304, Train_accy 40.00: 100%|██████████| 10/10 [00:07<00:00,  1.43it/s]
Task 12, Epoch 10/10 => Loss 3.304, Train_accy 40.00: 100%|██████████| 10/10 [00:07<00:00,  1.38it/s]
2025-12-24 12:29:43,273 [inflora.py] => Task 12, Epoch 10/10 => Loss 3.304, Train_accy 40.00
Threshold:  0.9785714285714285
Layer 1 - Projection Matrix shape: torch.Size([768, 768])
Layer 2 - Projection Matrix shape: torch.Size([768, 768])
Layer 3 - Projection Matrix shape: torch.Size([768, 768])
Layer 4 - Projection Matrix shape: torch.Size([768, 768])
Layer 5 - Projection Matrix shape: torch.Size([768, 768])
Layer 6 - Projection Matrix shape: torch.Size([768, 768])
Layer 7 - Projection Matrix shape: torch.Size([768, 768])
Layer 8 - Projection Matrix shape: torch.Size([768, 768])
Layer 9 - Projection Matrix shape: torch.Size([768, 768])
Layer 10 - Projection Matrix shape: torch.Size([768, 768])
Layer 11 - Projection Matrix shape: torch.Size([768, 768])
Layer 12 - Projection Matrix shape: torch.Size([768, 768])
2025-12-24 12:31:21,151 [inflora.py] => Exemplar size: 0
2025-12-24 12:31:21,151 [trainer.py] => CNN: {'total': 69.92, '00-59': 97.88, '60-61': 0.0, '62-63': 0.0, '64-65': 0.0, '66-67': 0.0, '68-69': 0.0, '70-71': 0.0, '72-73': 0.0, '74-75': 0.0, '76-77': 0.0, '78-79': 0.0, '80-81': 0.0, '82-83': 0.0, '84-85': 90.0, '86-87': 100.0, '88-89': 100.0, '90-91': 100.0, '92-93': 100.0, '94-95': 100.0, '96-97': 100.0, '98-99': 100.0, 'old': 71.62, 'new': 0.0}
2025-12-24 12:31:21,151 [trainer.py] => CNN top1 curve: [98.0, 94.77, 91.8, 89.02, 86.4, 83.94, 81.6, 79.41, 77.29, 75.29, 73.44, 71.65, 69.92]
2025-12-24 12:31:21,151 [trainer.py] => Average Accuracy (CNN): 82.50
2025-12-24 12:31:21,156 [trainer.py] => All params: 101082305
2025-12-24 12:31:21,161 [trainer.py] => Trainable params: 230460
2025-12-24 12:31:21,161 [inflora.py] => Learning on 84-86

  0%|          | 0/10 [00:00<?, ?it/s]
Task 13, Epoch 1/10 => Loss 4.969, Train_accy 0.00:   0%|          | 0/10 [00:00<?, ?it/s]
Task 13, Epoch 1/10 => Loss 4.969, Train_accy 0.00:  10%|█         | 1/10 [00:00<00:07,  1.21it/s]
Task 13, Epoch 2/10 => Loss 5.090, Train_accy 0.00:  10%|█         | 1/10 [00:01<00:07,  1.21it/s]
Task 13, Epoch 2/10 => Loss 5.090, Train_accy 0.00:  20%|██        | 2/10 [00:01<00:06,  1.33it/s]
Task 13, Epoch 3/10 => Loss 4.762, Train_accy 0.00:  20%|██        | 2/10 [00:02<00:06,  1.33it/s]
Task 13, Epoch 3/10 => Loss 4.762, Train_accy 0.00:  30%|███       | 3/10 [00:02<00:05,  1.36it/s]
Task 13, Epoch 4/10 => Loss 3.943, Train_accy 20.00:  30%|███       | 3/10 [00:02<00:05,  1.36it/s]
Task 13, Epoch 4/10 => Loss 3.943, Train_accy 20.00:  40%|████      | 4/10 [00:02<00:04,  1.37it/s]
Task 13, Epoch 5/10 => Loss 4.177, Train_accy 0.00:  40%|████      | 4/10 [00:03<00:04,  1.37it/s] 
Task 13, Epoch 5/10 => Loss 4.177, Train_accy 0.00:  50%|█████     | 5/10 [00:03<00:03,  1.35it/s]
Task 13, Epoch 6/10 => Loss 4.408, Train_accy 10.00:  50%|█████     | 5/10 [00:04<00:03,  1.35it/s]
Task 13, Epoch 6/10 => Loss 4.408, Train_accy 10.00:  60%|██████    | 6/10 [00:04<00:02,  1.39it/s]
Task 13, Epoch 7/10 => Loss 3.133, Train_accy 20.00:  60%|██████    | 6/10 [00:05<00:02,  1.39it/s]
Task 13, Epoch 7/10 => Loss 3.133, Train_accy 20.00:  70%|███████   | 7/10 [00:05<00:02,  1.39it/s]
Task 13, Epoch 8/10 => Loss 3.612, Train_accy 0.00:  70%|███████   | 7/10 [00:05<00:02,  1.39it/s] 
Task 13, Epoch 8/10 => Loss 3.612, Train_accy 0.00:  80%|████████  | 8/10 [00:05<00:01,  1.39it/s]
Task 13, Epoch 9/10 => Loss 2.842, Train_accy 20.00:  80%|████████  | 8/10 [00:06<00:01,  1.39it/s]
Task 13, Epoch 9/10 => Loss 2.842, Train_accy 20.00:  90%|█████████ | 9/10 [00:06<00:00,  1.37it/s]
Task 13, Epoch 10/10 => Loss 3.052, Train_accy 0.00:  90%|█████████ | 9/10 [00:07<00:00,  1.37it/s]
Task 13, Epoch 10/10 => Loss 3.052, Train_accy 0.00: 100%|██████████| 10/10 [00:07<00:00,  1.38it/s]
Task 13, Epoch 10/10 => Loss 3.052, Train_accy 0.00: 100%|██████████| 10/10 [00:07<00:00,  1.37it/s]
2025-12-24 12:36:12,039 [inflora.py] => Task 13, Epoch 10/10 => Loss 3.052, Train_accy 0.00
Threshold:  0.9809523809523809
Layer 1 - Projection Matrix shape: torch.Size([768, 768])
Layer 2 - Projection Matrix shape: torch.Size([768, 768])
Layer 3 - Projection Matrix shape: torch.Size([768, 768])
Layer 4 - Projection Matrix shape: torch.Size([768, 768])
Layer 5 - Projection Matrix shape: torch.Size([768, 768])
Layer 6 - Projection Matrix shape: torch.Size([768, 768])
Layer 7 - Projection Matrix shape: torch.Size([768, 768])
Layer 8 - Projection Matrix shape: torch.Size([768, 768])
Layer 9 - Projection Matrix shape: torch.Size([768, 768])
Layer 10 - Projection Matrix shape: torch.Size([768, 768])
Layer 11 - Projection Matrix shape: torch.Size([768, 768])
Layer 12 - Projection Matrix shape: torch.Size([768, 768])
2025-12-24 12:37:50,315 [inflora.py] => Exemplar size: 0
2025-12-24 12:37:50,315 [trainer.py] => CNN: {'total': 68.29, '00-59': 97.88, '60-61': 0.0, '62-63': 0.0, '64-65': 0.0, '66-67': 0.0, '68-69': 0.0, '70-71': 0.0, '72-73': 0.0, '74-75': 0.0, '76-77': 0.0, '78-79': 0.0, '80-81': 0.0, '82-83': 0.0, '84-85': 0.0, '86-87': 100.0, '88-89': 90.0, '90-91': 100.0, '92-93': 100.0, '94-95': 90.0, '96-97': 100.0, '98-99': 90.0, 'old': 69.92, 'new': 0.0}
2025-12-24 12:37:50,315 [trainer.py] => CNN top1 curve: [98.0, 94.77, 91.8, 89.02, 86.4, 83.94, 81.6, 79.41, 77.29, 75.29, 73.44, 71.65, 69.92, 68.29]
2025-12-24 12:37:50,315 [trainer.py] => Average Accuracy (CNN): 81.49
2025-12-24 12:37:50,323 [trainer.py] => All params: 101082305
2025-12-24 12:37:50,326 [trainer.py] => Trainable params: 230460
2025-12-24 12:37:50,326 [inflora.py] => Learning on 86-88

  0%|          | 0/10 [00:00<?, ?it/s]
Task 14, Epoch 1/10 => Loss 4.716, Train_accy 10.00:   0%|          | 0/10 [00:00<?, ?it/s]
Task 14, Epoch 1/10 => Loss 4.716, Train_accy 10.00:  10%|█         | 1/10 [00:00<00:07,  1.28it/s]
Task 14, Epoch 2/10 => Loss 4.229, Train_accy 10.00:  10%|█         | 1/10 [00:01<00:07,  1.28it/s]
Task 14, Epoch 2/10 => Loss 4.229, Train_accy 10.00:  20%|██        | 2/10 [00:01<00:06,  1.31it/s]
Task 14, Epoch 3/10 => Loss 3.378, Train_accy 30.00:  20%|██        | 2/10 [00:02<00:06,  1.31it/s]
Task 14, Epoch 3/10 => Loss 3.378, Train_accy 30.00:  30%|███       | 3/10 [00:02<00:05,  1.34it/s]
Task 14, Epoch 4/10 => Loss 3.964, Train_accy 30.00:  30%|███       | 3/10 [00:03<00:05,  1.34it/s]
Task 14, Epoch 4/10 => Loss 3.964, Train_accy 30.00:  40%|████      | 4/10 [00:03<00:04,  1.32it/s]
Task 14, Epoch 5/10 => Loss 3.322, Train_accy 20.00:  40%|████      | 4/10 [00:03<00:04,  1.32it/s]
Task 14, Epoch 5/10 => Loss 3.322, Train_accy 20.00:  50%|█████     | 5/10 [00:03<00:03,  1.37it/s]
Task 14, Epoch 6/10 => Loss 3.200, Train_accy 40.00:  50%|█████     | 5/10 [00:04<00:03,  1.37it/s]
Task 14, Epoch 6/10 => Loss 3.200, Train_accy 40.00:  60%|██████    | 6/10 [00:04<00:02,  1.36it/s]
Task 14, Epoch 7/10 => Loss 3.148, Train_accy 40.00:  60%|██████    | 6/10 [00:05<00:02,  1.36it/s]
Task 14, Epoch 7/10 => Loss 3.148, Train_accy 40.00:  70%|███████   | 7/10 [00:05<00:02,  1.35it/s]
Task 14, Epoch 8/10 => Loss 3.007, Train_accy 40.00:  70%|███████   | 7/10 [00:05<00:02,  1.35it/s]
Task 14, Epoch 8/10 => Loss 3.007, Train_accy 40.00:  80%|████████  | 8/10 [00:05<00:01,  1.36it/s]
Task 14, Epoch 9/10 => Loss 3.353, Train_accy 40.00:  80%|████████  | 8/10 [00:06<00:01,  1.36it/s]
Task 14, Epoch 9/10 => Loss 3.353, Train_accy 40.00:  90%|█████████ | 9/10 [00:06<00:00,  1.36it/s]
Task 14, Epoch 10/10 => Loss 2.868, Train_accy 40.00:  90%|█████████ | 9/10 [00:07<00:00,  1.36it/s]
Task 14, Epoch 10/10 => Loss 2.868, Train_accy 40.00: 100%|██████████| 10/10 [00:07<00:00,  1.40it/s]
Task 14, Epoch 10/10 => Loss 2.868, Train_accy 40.00: 100%|██████████| 10/10 [00:07<00:00,  1.36it/s]
2025-12-24 12:43:02,622 [inflora.py] => Task 14, Epoch 10/10 => Loss 2.868, Train_accy 40.00
Threshold:  0.9833333333333333
Skip Updating DualGPM for layer: 1
Skip Updating DualGPM for layer: 2
Layer 1 - Projection Matrix shape: torch.Size([768, 768])
Layer 2 - Projection Matrix shape: torch.Size([768, 768])
Layer 3 - Projection Matrix shape: torch.Size([768, 768])
Layer 4 - Projection Matrix shape: torch.Size([768, 768])
Layer 5 - Projection Matrix shape: torch.Size([768, 768])
Layer 6 - Projection Matrix shape: torch.Size([768, 768])
Layer 7 - Projection Matrix shape: torch.Size([768, 768])
Layer 8 - Projection Matrix shape: torch.Size([768, 768])
Layer 9 - Projection Matrix shape: torch.Size([768, 768])
Layer 10 - Projection Matrix shape: torch.Size([768, 768])
Layer 11 - Projection Matrix shape: torch.Size([768, 768])
Layer 12 - Projection Matrix shape: torch.Size([768, 768])
2025-12-24 12:44:43,194 [inflora.py] => Exemplar size: 0
2025-12-24 12:44:43,195 [trainer.py] => CNN: {'total': 66.73, '00-59': 97.87, '60-61': 0.0, '62-63': 0.0, '64-65': 0.0, '66-67': 0.0, '68-69': 0.0, '70-71': 0.0, '72-73': 0.0, '74-75': 0.0, '76-77': 0.0, '78-79': 0.0, '80-81': 0.0, '82-83': 0.0, '84-85': 0.0, '86-87': 0.0, '88-89': 90.0, '90-91': 100.0, '92-93': 100.0, '94-95': 100.0, '96-97': 90.0, '98-99': 90.0, 'old': 68.28, 'new': 0.0}
2025-12-24 12:44:43,195 [trainer.py] => CNN top1 curve: [98.0, 94.77, 91.8, 89.02, 86.4, 83.94, 81.6, 79.41, 77.29, 75.29, 73.44, 71.65, 69.92, 68.29, 66.73]
2025-12-24 12:44:43,195 [trainer.py] => Average Accuracy (CNN): 80.50
2025-12-24 12:44:43,199 [trainer.py] => All params: 101082305
2025-12-24 12:44:43,204 [trainer.py] => Trainable params: 230460
2025-12-24 12:44:43,204 [inflora.py] => Learning on 88-90

  0%|          | 0/10 [00:00<?, ?it/s]
Task 15, Epoch 1/10 => Loss 5.442, Train_accy 0.00:   0%|          | 0/10 [00:00<?, ?it/s]
Task 15, Epoch 1/10 => Loss 5.442, Train_accy 0.00:  10%|█         | 1/10 [00:00<00:08,  1.12it/s]
Task 15, Epoch 2/10 => Loss 5.512, Train_accy 0.00:  10%|█         | 1/10 [00:01<00:08,  1.12it/s]
Task 15, Epoch 2/10 => Loss 5.512, Train_accy 0.00:  20%|██        | 2/10 [00:01<00:06,  1.27it/s]
Task 15, Epoch 3/10 => Loss 5.333, Train_accy 10.00:  20%|██        | 2/10 [00:02<00:06,  1.27it/s]
Task 15, Epoch 3/10 => Loss 5.333, Train_accy 10.00:  30%|███       | 3/10 [00:02<00:05,  1.29it/s]
Task 15, Epoch 4/10 => Loss 5.787, Train_accy 0.00:  30%|███       | 3/10 [00:03<00:05,  1.29it/s] 
Task 15, Epoch 4/10 => Loss 5.787, Train_accy 0.00:  40%|████      | 4/10 [00:03<00:04,  1.35it/s]
Task 15, Epoch 5/10 => Loss 5.633, Train_accy 0.00:  40%|████      | 4/10 [00:03<00:04,  1.35it/s]
Task 15, Epoch 5/10 => Loss 5.633, Train_accy 0.00:  50%|█████     | 5/10 [00:03<00:03,  1.37it/s]
Task 15, Epoch 6/10 => Loss 4.764, Train_accy 0.00:  50%|█████     | 5/10 [00:04<00:03,  1.37it/s]
Task 15, Epoch 6/10 => Loss 4.764, Train_accy 0.00:  60%|██████    | 6/10 [00:04<00:02,  1.42it/s]
Task 15, Epoch 7/10 => Loss 4.662, Train_accy 10.00:  60%|██████    | 6/10 [00:05<00:02,  1.42it/s]
Task 15, Epoch 7/10 => Loss 4.662, Train_accy 10.00:  70%|███████   | 7/10 [00:05<00:02,  1.45it/s]
Task 15, Epoch 8/10 => Loss 4.559, Train_accy 0.00:  70%|███████   | 7/10 [00:05<00:02,  1.45it/s] 
Task 15, Epoch 8/10 => Loss 4.559, Train_accy 0.00:  80%|████████  | 8/10 [00:05<00:01,  1.46it/s]
Task 15, Epoch 9/10 => Loss 4.750, Train_accy 0.00:  80%|████████  | 8/10 [00:06<00:01,  1.46it/s]
Task 15, Epoch 9/10 => Loss 4.750, Train_accy 0.00:  90%|█████████ | 9/10 [00:06<00:00,  1.43it/s]
Task 15, Epoch 10/10 => Loss 4.857, Train_accy 10.00:  90%|█████████ | 9/10 [00:07<00:00,  1.43it/s]
Task 15, Epoch 10/10 => Loss 4.857, Train_accy 10.00: 100%|██████████| 10/10 [00:07<00:00,  1.42it/s]
Task 15, Epoch 10/10 => Loss 4.857, Train_accy 10.00: 100%|██████████| 10/10 [00:07<00:00,  1.39it/s]
2025-12-24 12:49:01,332 [inflora.py] => Task 15, Epoch 10/10 => Loss 4.857, Train_accy 10.00
Threshold:  0.9857142857142857
Skip Updating DualGPM for layer: 1
Layer 1 - Projection Matrix shape: torch.Size([768, 768])
Layer 2 - Projection Matrix shape: torch.Size([768, 768])
Layer 3 - Projection Matrix shape: torch.Size([768, 768])
Layer 4 - Projection Matrix shape: torch.Size([768, 768])
Layer 5 - Projection Matrix shape: torch.Size([768, 768])
Layer 6 - Projection Matrix shape: torch.Size([768, 768])
Layer 7 - Projection Matrix shape: torch.Size([768, 768])
Layer 8 - Projection Matrix shape: torch.Size([768, 768])
Layer 9 - Projection Matrix shape: torch.Size([768, 768])
Layer 10 - Projection Matrix shape: torch.Size([768, 768])
Layer 11 - Projection Matrix shape: torch.Size([768, 768])
Layer 12 - Projection Matrix shape: torch.Size([768, 768])
2025-12-24 12:50:45,880 [inflora.py] => Exemplar size: 0
2025-12-24 12:50:45,881 [trainer.py] => CNN: {'total': 65.24, '00-59': 97.87, '60-61': 0.0, '62-63': 0.0, '64-65': 0.0, '66-67': 0.0, '68-69': 0.0, '70-71': 0.0, '72-73': 0.0, '74-75': 0.0, '76-77': 0.0, '78-79': 0.0, '80-81': 0.0, '82-83': 0.0, '84-85': 0.0, '86-87': 0.0, '88-89': 0.0, '90-91': 90.0, '92-93': 100.0, '94-95': 80.0, '96-97': 100.0, '98-99': 90.0, 'old': 66.73, 'new': 0.0}
2025-12-24 12:50:45,881 [trainer.py] => CNN top1 curve: [98.0, 94.77, 91.8, 89.02, 86.4, 83.94, 81.6, 79.41, 77.29, 75.29, 73.44, 71.65, 69.92, 68.29, 66.73, 65.24]
2025-12-24 12:50:45,881 [trainer.py] => Average Accuracy (CNN): 79.55
2025-12-24 12:50:45,886 [trainer.py] => All params: 101082305
2025-12-24 12:50:45,892 [trainer.py] => Trainable params: 230460
2025-12-24 12:50:45,892 [inflora.py] => Learning on 90-92

  0%|          | 0/10 [00:00<?, ?it/s]
Task 16, Epoch 1/10 => Loss 5.223, Train_accy 0.00:   0%|          | 0/10 [00:00<?, ?it/s]
Task 16, Epoch 1/10 => Loss 5.223, Train_accy 0.00:  10%|█         | 1/10 [00:00<00:07,  1.14it/s]
Task 16, Epoch 2/10 => Loss 4.630, Train_accy 0.00:  10%|█         | 1/10 [00:01<00:07,  1.14it/s]
Task 16, Epoch 2/10 => Loss 4.630, Train_accy 0.00:  20%|██        | 2/10 [00:01<00:06,  1.29it/s]
Task 16, Epoch 3/10 => Loss 4.578, Train_accy 0.00:  20%|██        | 2/10 [00:02<00:06,  1.29it/s]
Task 16, Epoch 3/10 => Loss 4.578, Train_accy 0.00:  30%|███       | 3/10 [00:02<00:05,  1.32it/s]
Task 16, Epoch 4/10 => Loss 4.412, Train_accy 0.00:  30%|███       | 3/10 [00:02<00:05,  1.32it/s]
Task 16, Epoch 4/10 => Loss 4.412, Train_accy 0.00:  40%|████      | 4/10 [00:02<00:04,  1.41it/s]
Task 16, Epoch 5/10 => Loss 3.755, Train_accy 0.00:  40%|████      | 4/10 [00:03<00:04,  1.41it/s]
Task 16, Epoch 5/10 => Loss 3.755, Train_accy 0.00:  50%|█████     | 5/10 [00:03<00:03,  1.37it/s]
Task 16, Epoch 6/10 => Loss 3.817, Train_accy 0.00:  50%|█████     | 5/10 [00:04<00:03,  1.37it/s]
Task 16, Epoch 6/10 => Loss 3.817, Train_accy 0.00:  60%|██████    | 6/10 [00:04<00:02,  1.35it/s]
Task 16, Epoch 7/10 => Loss 3.798, Train_accy 0.00:  60%|██████    | 6/10 [00:05<00:02,  1.35it/s]
Task 16, Epoch 7/10 => Loss 3.798, Train_accy 0.00:  70%|███████   | 7/10 [00:05<00:02,  1.35it/s]
Task 16, Epoch 8/10 => Loss 3.472, Train_accy 0.00:  70%|███████   | 7/10 [00:05<00:02,  1.35it/s]
Task 16, Epoch 8/10 => Loss 3.472, Train_accy 0.00:  80%|████████  | 8/10 [00:05<00:01,  1.37it/s]
Task 16, Epoch 9/10 => Loss 3.229, Train_accy 10.00:  80%|████████  | 8/10 [00:06<00:01,  1.37it/s]
Task 16, Epoch 9/10 => Loss 3.229, Train_accy 10.00:  90%|█████████ | 9/10 [00:06<00:00,  1.37it/s]
Task 16, Epoch 10/10 => Loss 3.054, Train_accy 10.00:  90%|█████████ | 9/10 [00:07<00:00,  1.37it/s]
Task 16, Epoch 10/10 => Loss 3.054, Train_accy 10.00: 100%|██████████| 10/10 [00:07<00:00,  1.32it/s]
Task 16, Epoch 10/10 => Loss 3.054, Train_accy 10.00: 100%|██████████| 10/10 [00:07<00:00,  1.34it/s]
2025-12-24 12:55:52,274 [inflora.py] => Task 16, Epoch 10/10 => Loss 3.054, Train_accy 10.00
Threshold:  0.9880952380952381
Skip Updating DualGPM for layer: 1
Skip Updating DualGPM for layer: 2
Layer 1 - Projection Matrix shape: torch.Size([768, 768])
Layer 2 - Projection Matrix shape: torch.Size([768, 768])
Layer 3 - Projection Matrix shape: torch.Size([768, 768])
Layer 4 - Projection Matrix shape: torch.Size([768, 768])
Layer 5 - Projection Matrix shape: torch.Size([768, 768])
Layer 6 - Projection Matrix shape: torch.Size([768, 768])
Layer 7 - Projection Matrix shape: torch.Size([768, 768])
Layer 8 - Projection Matrix shape: torch.Size([768, 768])
Layer 9 - Projection Matrix shape: torch.Size([768, 768])
Layer 10 - Projection Matrix shape: torch.Size([768, 768])
Layer 11 - Projection Matrix shape: torch.Size([768, 768])
Layer 12 - Projection Matrix shape: torch.Size([768, 768])
2025-12-24 12:57:43,884 [inflora.py] => Exemplar size: 0
2025-12-24 12:57:43,884 [trainer.py] => CNN: {'total': 63.85, '00-59': 97.9, '60-61': 0.0, '62-63': 0.0, '64-65': 0.0, '66-67': 0.0, '68-69': 0.0, '70-71': 0.0, '72-73': 0.0, '74-75': 0.0, '76-77': 0.0, '78-79': 0.0, '80-81': 0.0, '82-83': 0.0, '84-85': 0.0, '86-87': 0.0, '88-89': 0.0, '90-91': 0.0, '92-93': 100.0, '94-95': 100.0, '96-97': 100.0, '98-99': 100.0, 'old': 65.27, 'new': 0.0}
2025-12-24 12:57:43,884 [trainer.py] => CNN top1 curve: [98.0, 94.77, 91.8, 89.02, 86.4, 83.94, 81.6, 79.41, 77.29, 75.29, 73.44, 71.65, 69.92, 68.29, 66.73, 65.24, 63.85]
2025-12-24 12:57:43,884 [trainer.py] => Average Accuracy (CNN): 78.63
2025-12-24 12:57:43,888 [trainer.py] => All params: 101082305
2025-12-24 12:57:43,891 [trainer.py] => Trainable params: 230460
2025-12-24 12:57:43,891 [inflora.py] => Learning on 92-94

  0%|          | 0/10 [00:00<?, ?it/s]
Task 17, Epoch 1/10 => Loss 7.198, Train_accy 0.00:   0%|          | 0/10 [00:00<?, ?it/s]
Task 17, Epoch 1/10 => Loss 7.198, Train_accy 0.00:  10%|█         | 1/10 [00:00<00:07,  1.25it/s]
Task 17, Epoch 2/10 => Loss 6.507, Train_accy 0.00:  10%|█         | 1/10 [00:01<00:07,  1.25it/s]
Task 17, Epoch 2/10 => Loss 6.507, Train_accy 0.00:  20%|██        | 2/10 [00:01<00:06,  1.28it/s]
Task 17, Epoch 3/10 => Loss 7.039, Train_accy 0.00:  20%|██        | 2/10 [00:02<00:06,  1.28it/s]
Task 17, Epoch 3/10 => Loss 7.039, Train_accy 0.00:  30%|███       | 3/10 [00:02<00:05,  1.34it/s]
Task 17, Epoch 4/10 => Loss 6.469, Train_accy 0.00:  30%|███       | 3/10 [00:02<00:05,  1.34it/s]
Task 17, Epoch 4/10 => Loss 6.469, Train_accy 0.00:  40%|████      | 4/10 [00:02<00:04,  1.38it/s]
Task 17, Epoch 5/10 => Loss 6.138, Train_accy 0.00:  40%|████      | 4/10 [00:03<00:04,  1.38it/s]
Task 17, Epoch 5/10 => Loss 6.138, Train_accy 0.00:  50%|█████     | 5/10 [00:03<00:03,  1.41it/s]
Task 17, Epoch 6/10 => Loss 6.267, Train_accy 0.00:  50%|█████     | 5/10 [00:04<00:03,  1.41it/s]
Task 17, Epoch 6/10 => Loss 6.267, Train_accy 0.00:  60%|██████    | 6/10 [00:04<00:02,  1.48it/s]
Task 17, Epoch 7/10 => Loss 6.133, Train_accy 0.00:  60%|██████    | 6/10 [00:04<00:02,  1.48it/s]
Task 17, Epoch 7/10 => Loss 6.133, Train_accy 0.00:  70%|███████   | 7/10 [00:04<00:02,  1.46it/s]
Task 17, Epoch 8/10 => Loss 5.276, Train_accy 0.00:  70%|███████   | 7/10 [00:05<00:02,  1.46it/s]
Task 17, Epoch 8/10 => Loss 5.276, Train_accy 0.00:  80%|████████  | 8/10 [00:05<00:01,  1.44it/s]
Task 17, Epoch 9/10 => Loss 5.915, Train_accy 0.00:  80%|████████  | 8/10 [00:06<00:01,  1.44it/s]
Task 17, Epoch 9/10 => Loss 5.915, Train_accy 0.00:  90%|█████████ | 9/10 [00:06<00:00,  1.44it/s]
Task 17, Epoch 10/10 => Loss 5.056, Train_accy 0.00:  90%|█████████ | 9/10 [00:07<00:00,  1.44it/s]
Task 17, Epoch 10/10 => Loss 5.056, Train_accy 0.00: 100%|██████████| 10/10 [00:07<00:00,  1.42it/s]
Task 17, Epoch 10/10 => Loss 5.056, Train_accy 0.00: 100%|██████████| 10/10 [00:07<00:00,  1.41it/s]
2025-12-24 13:02:33,604 [inflora.py] => Task 17, Epoch 10/10 => Loss 5.056, Train_accy 0.00
Threshold:  0.9904761904761905
Skip Updating DualGPM for layer: 1
Layer 1 - Projection Matrix shape: torch.Size([768, 768])
Layer 2 - Projection Matrix shape: torch.Size([768, 768])
Layer 3 - Projection Matrix shape: torch.Size([768, 768])
Layer 4 - Projection Matrix shape: torch.Size([768, 768])
Layer 5 - Projection Matrix shape: torch.Size([768, 768])
Layer 6 - Projection Matrix shape: torch.Size([768, 768])
Layer 7 - Projection Matrix shape: torch.Size([768, 768])
Layer 8 - Projection Matrix shape: torch.Size([768, 768])
Layer 9 - Projection Matrix shape: torch.Size([768, 768])
Layer 10 - Projection Matrix shape: torch.Size([768, 768])
Layer 11 - Projection Matrix shape: torch.Size([768, 768])
Layer 12 - Projection Matrix shape: torch.Size([768, 768])
2025-12-24 13:04:07,047 [inflora.py] => Exemplar size: 0
2025-12-24 13:04:07,048 [trainer.py] => CNN: {'total': 62.49, '00-59': 97.9, '60-61': 0.0, '62-63': 0.0, '64-65': 0.0, '66-67': 0.0, '68-69': 0.0, '70-71': 0.0, '72-73': 0.0, '74-75': 0.0, '76-77': 0.0, '78-79': 0.0, '80-81': 0.0, '82-83': 0.0, '84-85': 0.0, '86-87': 0.0, '88-89': 0.0, '90-91': 0.0, '92-93': 0.0, '94-95': 100.0, '96-97': 100.0, '98-99': 100.0, 'old': 63.85, 'new': 0.0}
2025-12-24 13:04:07,048 [trainer.py] => CNN top1 curve: [98.0, 94.77, 91.8, 89.02, 86.4, 83.94, 81.6, 79.41, 77.29, 75.29, 73.44, 71.65, 69.92, 68.29, 66.73, 65.24, 63.85, 62.49]
2025-12-24 13:04:07,048 [trainer.py] => Average Accuracy (CNN): 77.73
2025-12-24 13:04:07,053 [trainer.py] => All params: 101082305
2025-12-24 13:04:07,057 [trainer.py] => Trainable params: 230460
2025-12-24 13:04:07,057 [inflora.py] => Learning on 94-96

  0%|          | 0/10 [00:00<?, ?it/s]
Task 18, Epoch 1/10 => Loss 5.968, Train_accy 0.00:   0%|          | 0/10 [00:00<?, ?it/s]
Task 18, Epoch 1/10 => Loss 5.968, Train_accy 0.00:  10%|█         | 1/10 [00:00<00:06,  1.43it/s]
Task 18, Epoch 2/10 => Loss 6.290, Train_accy 0.00:  10%|█         | 1/10 [00:01<00:06,  1.43it/s]
Task 18, Epoch 2/10 => Loss 6.290, Train_accy 0.00:  20%|██        | 2/10 [00:01<00:05,  1.55it/s]
Task 18, Epoch 3/10 => Loss 6.212, Train_accy 0.00:  20%|██        | 2/10 [00:02<00:05,  1.55it/s]
Task 18, Epoch 3/10 => Loss 6.212, Train_accy 0.00:  30%|███       | 3/10 [00:02<00:05,  1.37it/s]
Task 18, Epoch 4/10 => Loss 4.942, Train_accy 0.00:  30%|███       | 3/10 [00:02<00:05,  1.37it/s]
Task 18, Epoch 4/10 => Loss 4.942, Train_accy 0.00:  40%|████      | 4/10 [00:02<00:04,  1.32it/s]
Task 18, Epoch 5/10 => Loss 4.859, Train_accy 0.00:  40%|████      | 4/10 [00:03<00:04,  1.32it/s]
Task 18, Epoch 5/10 => Loss 4.859, Train_accy 0.00:  50%|█████     | 5/10 [00:03<00:03,  1.38it/s]
Task 18, Epoch 6/10 => Loss 5.273, Train_accy 0.00:  50%|█████     | 5/10 [00:04<00:03,  1.38it/s]
Task 18, Epoch 6/10 => Loss 5.273, Train_accy 0.00:  60%|██████    | 6/10 [00:04<00:02,  1.37it/s]
Task 18, Epoch 7/10 => Loss 4.499, Train_accy 0.00:  60%|██████    | 6/10 [00:05<00:02,  1.37it/s]
Task 18, Epoch 7/10 => Loss 4.499, Train_accy 0.00:  70%|███████   | 7/10 [00:05<00:02,  1.41it/s]
Task 18, Epoch 8/10 => Loss 4.334, Train_accy 0.00:  70%|███████   | 7/10 [00:05<00:02,  1.41it/s]
Task 18, Epoch 8/10 => Loss 4.334, Train_accy 0.00:  80%|████████  | 8/10 [00:05<00:01,  1.44it/s]
Task 18, Epoch 9/10 => Loss 4.683, Train_accy 10.00:  80%|████████  | 8/10 [00:06<00:01,  1.44it/s]
Task 18, Epoch 9/10 => Loss 4.683, Train_accy 10.00:  90%|█████████ | 9/10 [00:06<00:00,  1.42it/s]
Task 18, Epoch 10/10 => Loss 4.285, Train_accy 20.00:  90%|█████████ | 9/10 [00:07<00:00,  1.42it/s]
Task 18, Epoch 10/10 => Loss 4.285, Train_accy 20.00: 100%|██████████| 10/10 [00:07<00:00,  1.44it/s]
Task 18, Epoch 10/10 => Loss 4.285, Train_accy 20.00: 100%|██████████| 10/10 [00:07<00:00,  1.41it/s]
2025-12-24 13:08:33,733 [inflora.py] => Task 18, Epoch 10/10 => Loss 4.285, Train_accy 20.00
Threshold:  0.9928571428571429
Skip Updating DualGPM for layer: 1
Layer 1 - Projection Matrix shape: torch.Size([768, 768])
Layer 2 - Projection Matrix shape: torch.Size([768, 768])
Layer 3 - Projection Matrix shape: torch.Size([768, 768])
Layer 4 - Projection Matrix shape: torch.Size([768, 768])
Layer 5 - Projection Matrix shape: torch.Size([768, 768])
Layer 6 - Projection Matrix shape: torch.Size([768, 768])
Layer 7 - Projection Matrix shape: torch.Size([768, 768])
Layer 8 - Projection Matrix shape: torch.Size([768, 768])
Layer 9 - Projection Matrix shape: torch.Size([768, 768])
Layer 10 - Projection Matrix shape: torch.Size([768, 768])
Layer 11 - Projection Matrix shape: torch.Size([768, 768])
Layer 12 - Projection Matrix shape: torch.Size([768, 768])
2025-12-24 13:10:15,338 [inflora.py] => Exemplar size: 0
2025-12-24 13:10:15,339 [trainer.py] => CNN: {'total': 61.19, '00-59': 97.9, '60-61': 0.0, '62-63': 0.0, '64-65': 0.0, '66-67': 0.0, '68-69': 0.0, '70-71': 0.0, '72-73': 0.0, '74-75': 0.0, '76-77': 0.0, '78-79': 0.0, '80-81': 0.0, '82-83': 0.0, '84-85': 0.0, '86-87': 0.0, '88-89': 0.0, '90-91': 0.0, '92-93': 0.0, '94-95': 0.0, '96-97': 100.0, '98-99': 90.0, 'old': 62.49, 'new': 0.0}
2025-12-24 13:10:15,339 [trainer.py] => CNN top1 curve: [98.0, 94.77, 91.8, 89.02, 86.4, 83.94, 81.6, 79.41, 77.29, 75.29, 73.44, 71.65, 69.92, 68.29, 66.73, 65.24, 63.85, 62.49, 61.19]
2025-12-24 13:10:15,339 [trainer.py] => Average Accuracy (CNN): 76.86
2025-12-24 13:10:15,342 [trainer.py] => All params: 101082305
2025-12-24 13:10:15,345 [trainer.py] => Trainable params: 230460
2025-12-24 13:10:15,345 [inflora.py] => Learning on 96-98

  0%|          | 0/10 [00:00<?, ?it/s]
Task 19, Epoch 1/10 => Loss 3.993, Train_accy 0.00:   0%|          | 0/10 [00:00<?, ?it/s]
Task 19, Epoch 1/10 => Loss 3.993, Train_accy 0.00:  10%|█         | 1/10 [00:00<00:06,  1.38it/s]
Task 19, Epoch 2/10 => Loss 3.176, Train_accy 0.00:  10%|█         | 1/10 [00:01<00:06,  1.38it/s]
Task 19, Epoch 2/10 => Loss 3.176, Train_accy 0.00:  20%|██        | 2/10 [00:01<00:06,  1.17it/s]
Task 19, Epoch 3/10 => Loss 3.569, Train_accy 30.00:  20%|██        | 2/10 [00:02<00:06,  1.17it/s]
Task 19, Epoch 3/10 => Loss 3.569, Train_accy 30.00:  30%|███       | 3/10 [00:02<00:05,  1.22it/s]
Task 19, Epoch 4/10 => Loss 2.983, Train_accy 10.00:  30%|███       | 3/10 [00:03<00:05,  1.22it/s]
Task 19, Epoch 4/10 => Loss 2.983, Train_accy 10.00:  40%|████      | 4/10 [00:03<00:04,  1.27it/s]
Task 19, Epoch 5/10 => Loss 2.911, Train_accy 10.00:  40%|████      | 4/10 [00:03<00:04,  1.27it/s]
Task 19, Epoch 5/10 => Loss 2.911, Train_accy 10.00:  50%|█████     | 5/10 [00:03<00:03,  1.30it/s]
Task 19, Epoch 6/10 => Loss 2.851, Train_accy 10.00:  50%|█████     | 5/10 [00:04<00:03,  1.30it/s]
Task 19, Epoch 6/10 => Loss 2.851, Train_accy 10.00:  60%|██████    | 6/10 [00:04<00:03,  1.30it/s]
Task 19, Epoch 7/10 => Loss 3.220, Train_accy 30.00:  60%|██████    | 6/10 [00:05<00:03,  1.30it/s]
Task 19, Epoch 7/10 => Loss 3.220, Train_accy 30.00:  70%|███████   | 7/10 [00:05<00:02,  1.29it/s]
Task 19, Epoch 8/10 => Loss 2.344, Train_accy 30.00:  70%|███████   | 7/10 [00:06<00:02,  1.29it/s]
Task 19, Epoch 8/10 => Loss 2.344, Train_accy 30.00:  80%|████████  | 8/10 [00:06<00:01,  1.30it/s]
Task 19, Epoch 9/10 => Loss 2.305, Train_accy 40.00:  80%|████████  | 8/10 [00:06<00:01,  1.30it/s]
Task 19, Epoch 9/10 => Loss 2.305, Train_accy 40.00:  90%|█████████ | 9/10 [00:06<00:00,  1.33it/s]
Task 19, Epoch 10/10 => Loss 2.115, Train_accy 20.00:  90%|█████████ | 9/10 [00:07<00:00,  1.33it/s]
Task 19, Epoch 10/10 => Loss 2.115, Train_accy 20.00: 100%|██████████| 10/10 [00:07<00:00,  1.34it/s]
Task 19, Epoch 10/10 => Loss 2.115, Train_accy 20.00: 100%|██████████| 10/10 [00:07<00:00,  1.30it/s]
2025-12-24 13:15:22,341 [inflora.py] => Task 19, Epoch 10/10 => Loss 2.115, Train_accy 20.00
Threshold:  0.9952380952380953
Layer 1 - Projection Matrix shape: torch.Size([768, 768])
Layer 2 - Projection Matrix shape: torch.Size([768, 768])
Layer 3 - Projection Matrix shape: torch.Size([768, 768])
Layer 4 - Projection Matrix shape: torch.Size([768, 768])
Layer 5 - Projection Matrix shape: torch.Size([768, 768])
Layer 6 - Projection Matrix shape: torch.Size([768, 768])
Layer 7 - Projection Matrix shape: torch.Size([768, 768])
Layer 8 - Projection Matrix shape: torch.Size([768, 768])
Layer 9 - Projection Matrix shape: torch.Size([768, 768])
Layer 10 - Projection Matrix shape: torch.Size([768, 768])
Layer 11 - Projection Matrix shape: torch.Size([768, 768])
Layer 12 - Projection Matrix shape: torch.Size([768, 768])
2025-12-24 13:16:43,608 [inflora.py] => Exemplar size: 0
2025-12-24 13:16:43,609 [trainer.py] => CNN: {'total': 59.94, '00-59': 97.9, '60-61': 0.0, '62-63': 0.0, '64-65': 0.0, '66-67': 0.0, '68-69': 0.0, '70-71': 0.0, '72-73': 0.0, '74-75': 0.0, '76-77': 0.0, '78-79': 0.0, '80-81': 0.0, '82-83': 0.0, '84-85': 0.0, '86-87': 0.0, '88-89': 0.0, '90-91': 0.0, '92-93': 0.0, '94-95': 0.0, '96-97': 0.0, '98-99': 100.0, 'old': 61.19, 'new': 0.0}
2025-12-24 13:16:43,609 [trainer.py] => CNN top1 curve: [98.0, 94.77, 91.8, 89.02, 86.4, 83.94, 81.6, 79.41, 77.29, 75.29, 73.44, 71.65, 69.92, 68.29, 66.73, 65.24, 63.85, 62.49, 61.19, 59.94]
2025-12-24 13:16:43,609 [trainer.py] => Average Accuracy (CNN): 76.01
2025-12-24 13:16:43,613 [trainer.py] => All params: 101082305
2025-12-24 13:16:43,616 [trainer.py] => Trainable params: 230460
2025-12-24 13:16:43,617 [inflora.py] => Learning on 98-100

  0%|          | 0/10 [00:00<?, ?it/s]
Task 20, Epoch 1/10 => Loss 6.757, Train_accy 0.00:   0%|          | 0/10 [00:00<?, ?it/s]
Task 20, Epoch 1/10 => Loss 6.757, Train_accy 0.00:  10%|█         | 1/10 [00:00<00:05,  1.55it/s]
Task 20, Epoch 2/10 => Loss 7.150, Train_accy 0.00:  10%|█         | 1/10 [00:01<00:05,  1.55it/s]
Task 20, Epoch 2/10 => Loss 7.150, Train_accy 0.00:  20%|██        | 2/10 [00:01<00:05,  1.49it/s]
Task 20, Epoch 3/10 => Loss 7.190, Train_accy 0.00:  20%|██        | 2/10 [00:02<00:05,  1.49it/s]
Task 20, Epoch 3/10 => Loss 7.190, Train_accy 0.00:  30%|███       | 3/10 [00:02<00:04,  1.49it/s]
Task 20, Epoch 4/10 => Loss 5.763, Train_accy 0.00:  30%|███       | 3/10 [00:02<00:04,  1.49it/s]
Task 20, Epoch 4/10 => Loss 5.763, Train_accy 0.00:  40%|████      | 4/10 [00:02<00:04,  1.43it/s]
Task 20, Epoch 5/10 => Loss 6.376, Train_accy 0.00:  40%|████      | 4/10 [00:03<00:04,  1.43it/s]
Task 20, Epoch 5/10 => Loss 6.376, Train_accy 0.00:  50%|█████     | 5/10 [00:03<00:03,  1.46it/s]
Task 20, Epoch 6/10 => Loss 5.975, Train_accy 0.00:  50%|█████     | 5/10 [00:04<00:03,  1.46it/s]
Task 20, Epoch 6/10 => Loss 5.975, Train_accy 0.00:  60%|██████    | 6/10 [00:04<00:02,  1.46it/s]
Task 20, Epoch 7/10 => Loss 5.420, Train_accy 0.00:  60%|██████    | 6/10 [00:04<00:02,  1.46it/s]
Task 20, Epoch 7/10 => Loss 5.420, Train_accy 0.00:  70%|███████   | 7/10 [00:04<00:02,  1.39it/s]
Task 20, Epoch 8/10 => Loss 5.436, Train_accy 0.00:  70%|███████   | 7/10 [00:05<00:02,  1.39it/s]
Task 20, Epoch 8/10 => Loss 5.436, Train_accy 0.00:  80%|████████  | 8/10 [00:05<00:01,  1.36it/s]
Task 20, Epoch 9/10 => Loss 5.502, Train_accy 0.00:  80%|████████  | 8/10 [00:06<00:01,  1.36it/s]
Task 20, Epoch 9/10 => Loss 5.502, Train_accy 0.00:  90%|█████████ | 9/10 [00:06<00:00,  1.38it/s]
Task 20, Epoch 10/10 => Loss 5.509, Train_accy 0.00:  90%|█████████ | 9/10 [00:07<00:00,  1.38it/s]
Task 20, Epoch 10/10 => Loss 5.509, Train_accy 0.00: 100%|██████████| 10/10 [00:07<00:00,  1.37it/s]
Task 20, Epoch 10/10 => Loss 5.509, Train_accy 0.00: 100%|██████████| 10/10 [00:07<00:00,  1.41it/s]
2025-12-24 13:21:00,802 [inflora.py] => Task 20, Epoch 10/10 => Loss 5.509, Train_accy 0.00
Threshold:  0.9976190476190476
Layer 1 - Projection Matrix shape: torch.Size([768, 768])
Layer 2 - Projection Matrix shape: torch.Size([768, 768])
Layer 3 - Projection Matrix shape: torch.Size([768, 768])
Layer 4 - Projection Matrix shape: torch.Size([768, 768])
Layer 5 - Projection Matrix shape: torch.Size([768, 768])
Layer 6 - Projection Matrix shape: torch.Size([768, 768])
Layer 7 - Projection Matrix shape: torch.Size([768, 768])
Layer 8 - Projection Matrix shape: torch.Size([768, 768])
Layer 9 - Projection Matrix shape: torch.Size([768, 768])
Layer 10 - Projection Matrix shape: torch.Size([768, 768])
Layer 11 - Projection Matrix shape: torch.Size([768, 768])
Layer 12 - Projection Matrix shape: torch.Size([768, 768])
2025-12-24 13:22:32,654 [inflora.py] => Exemplar size: 0
2025-12-24 13:22:32,654 [trainer.py] => CNN: {'total': 58.72, '00-59': 97.87, '60-61': 0.0, '62-63': 0.0, '64-65': 0.0, '66-67': 0.0, '68-69': 0.0, '70-71': 0.0, '72-73': 0.0, '74-75': 0.0, '76-77': 0.0, '78-79': 0.0, '80-81': 0.0, '82-83': 0.0, '84-85': 0.0, '86-87': 0.0, '88-89': 0.0, '90-91': 0.0, '92-93': 0.0, '94-95': 0.0, '96-97': 0.0, '98-99': 0.0, 'old': 59.92, 'new': 0.0}
2025-12-24 13:22:32,654 [trainer.py] => CNN top1 curve: [98.0, 94.77, 91.8, 89.02, 86.4, 83.94, 81.6, 79.41, 77.29, 75.29, 73.44, 71.65, 69.92, 68.29, 66.73, 65.24, 63.85, 62.49, 61.19, 59.94, 58.72]
2025-12-24 13:22:32,654 [trainer.py] => Average Accuracy (CNN): 75.19

================================================================================
Finished mini_imagenet_init60_inc2: InfLoRA  
Base Accuracy: 98.0
Last Accuracy: 58.72
Average Accuracy (Top1): 75.19
PD: 39.28
Backward Transfer (BWT): -0.01
Traceback (most recent call last):
  File "/public/home/hanlida/Dr.1/Code/Research/Awesome-FSCIL/CIL_Model/InfLoRA-main/main.py", line 33, in <module>
    main()
  File "/public/home/hanlida/Dr.1/Code/Research/Awesome-FSCIL/CIL_Model/InfLoRA-main/main.py", line 11, in main
    train(args)
  File "/public/home/hanlida/Dr.1/Code/Research/Awesome-FSCIL/CIL_Model/InfLoRA-main/trainer.py", line 31, in train
    _train(args)
  File "/public/home/hanlida/Dr.1/Code/Research/Awesome-FSCIL/CIL_Model/InfLoRA-main/trainer.py", line 116, in _train
    print("Forward Transfer (FWT):", forward_transfer(args["dataset"], np.array(cnn_matrix)))
  File "/public/home/hanlida/Dr.1/Code/Research/Awesome-FSCIL/CIL_Model/InfLoRA-main/trainer.py", line 200, in forward_transfer
    fwt_diffs = fwt_accs - rand_init_acc_for_fwt
ValueError: operands could not be broadcast together with shapes (20,) (8,) 

