nohup: ignoring input
2025-12-23 21:04:18,059 [trainer.py] => config: ./configs/SEC-Prompt_cub_B100_Inc5.json
2025-12-23 21:04:18,088 [trainer.py] => lamda: 0.5
2025-12-23 21:04:18,089 [trainer.py] => aug: 2
2025-12-23 21:04:18,089 [trainer.py] => prompt_token_num: 6
2025-12-23 21:04:18,089 [trainer.py] => prompt_pool_num: 0.5
2025-12-23 21:04:18,089 [trainer.py] => model_name: sec
2025-12-23 21:04:18,089 [trainer.py] => backbone_type: pretrained_vit_b16_224_vpt
2025-12-23 21:04:18,089 [trainer.py] => device: [device(type='cuda', index=2)]
2025-12-23 21:04:18,089 [trainer.py] => seed: 1993
2025-12-23 21:04:18,089 [trainer.py] => dataset: cub
2025-12-23 21:04:18,089 [trainer.py] => init_cls: 100
2025-12-23 21:04:18,089 [trainer.py] => increment: 5
2025-12-23 21:04:18,089 [trainer.py] => kshot: 5
2025-12-23 21:04:18,089 [trainer.py] => vpt_type: Deep
2025-12-23 21:04:18,089 [trainer.py] => kl_weight: 0.001
2025-12-23 21:04:18,089 [trainer.py] => tuned_epoch: 30
2025-12-23 21:04:18,089 [trainer.py] => fs_epoch: 10
2025-12-23 21:04:18,090 [trainer.py] => init_lr: 0.01
2025-12-23 21:04:18,090 [trainer.py] => fs_lr: 0.001
2025-12-23 21:04:18,090 [trainer.py] => batch_size: 32
2025-12-23 21:04:18,090 [trainer.py] => fs_batch_size: 16
2025-12-23 21:04:18,090 [trainer.py] => weight_decay: 0.005
2025-12-23 21:04:18,090 [trainer.py] => min_lr: 0
2025-12-23 21:04:18,090 [trainer.py] => optimizer: sgd
2025-12-23 21:04:18,090 [trainer.py] => shuffle: False
2025-12-23 21:04:18,090 [trainer.py] => top_k: 5
2025-12-23 21:04:18,090 [trainer.py] => base_model_path: saved_model/sec_tr/cub/30_0.01/6_0.5/sec_30_1993_32.pth
2025-12-23 21:04:18,090 [trainer.py] => prefix: sec
2025-12-23 21:04:18,090 [trainer.py] => model_prefix: sec
2025-12-23 21:04:18,090 [trainer.py] => beta: 0.5
2025-12-23 21:04:18,090 [trainer.py] => memory_size: 0
2025-12-23 21:04:18,090 [trainer.py] => memory_per_class: 0
2025-12-23 21:04:18,090 [trainer.py] => fixed_memory: False
2025-12-23 21:04:18,666 [data_manager.py] => [0, 1, 2, 3, 4, 5, 6, 7, 8, 9, 10, 11, 12, 13, 14, 15, 16, 17, 18, 19, 20, 21, 22, 23, 24, 25, 26, 27, 28, 29, 30, 31, 32, 33, 34, 35, 36, 37, 38, 39, 40, 41, 42, 43, 44, 45, 46, 47, 48, 49, 50, 51, 52, 53, 54, 55, 56, 57, 58, 59, 60, 61, 62, 63, 64, 65, 66, 67, 68, 69, 70, 71, 72, 73, 74, 75, 76, 77, 78, 79, 80, 81, 82, 83, 84, 85, 86, 87, 88, 89, 90, 91, 92, 93, 94, 95, 96, 97, 98, 99, 100, 101, 102, 103, 104, 105, 106, 107, 108, 109, 110, 111, 112, 113, 114, 115, 116, 117, 118, 119, 120, 121, 122, 123, 124, 125, 126, 127, 128, 129, 130, 131, 132, 133, 134, 135, 136, 137, 138, 139, 140, 141, 142, 143, 144, 145, 146, 147, 148, 149, 150, 151, 152, 153, 154, 155, 156, 157, 158, 159, 160, 161, 162, 163, 164, 165, 166, 167, 168, 169, 170, 171, 172, 173, 174, 175, 176, 177, 178, 179, 180, 181, 182, 183, 184, 185, 186, 187, 188, 189, 190, 191, 192, 193, 194, 195, 196, 197, 198, 199]
This is for the BaseNet initialization.
modelname, pretrained_vit_b16_224_vpt basicmodelname vit_base_patch16_224
Using VPT model
Using Deep Prompt
After BaseNet initialization.
2025-12-23 21:04:52,470 [sec.py] => Learning on 0-100
2025-12-23 21:05:13,102 [sec.py] => All params: 89523456
2025-12-23 21:05:13,138 [sec.py] => Actual trainable params (excluding detached): 2496000
2025-12-23 21:05:13,139 [sec.py] => TSP active prompts: 50 (total: 50)
2025-12-23 21:05:13,139 [sec.py] => RSP active prompts: 50 (total: 50)
2025-12-23 21:05:13,139 [sec.py] => Excluded params: head, detached prompts
2025-12-23 21:05:13,139 [sec.py] => backbone.TSP.e_p_1: 115200
2025-12-23 21:05:13,139 [sec.py] => backbone.TSP.e_k_1: 38400
2025-12-23 21:05:13,139 [sec.py] => backbone.TSP.e_a_1: 38400
2025-12-23 21:05:13,139 [sec.py] => backbone.TSP.e_p_2: 115200
2025-12-23 21:05:13,139 [sec.py] => backbone.TSP.e_k_2: 38400
2025-12-23 21:05:13,139 [sec.py] => backbone.TSP.e_a_2: 38400
2025-12-23 21:05:13,139 [sec.py] => backbone.TSP.e_p_3: 115200
2025-12-23 21:05:13,139 [sec.py] => backbone.TSP.e_k_3: 38400
2025-12-23 21:05:13,139 [sec.py] => backbone.TSP.e_a_3: 38400
2025-12-23 21:05:13,139 [sec.py] => backbone.TSP.e_p_4: 115200
2025-12-23 21:05:13,139 [sec.py] => backbone.TSP.e_k_4: 38400
2025-12-23 21:05:13,139 [sec.py] => backbone.TSP.e_a_4: 38400
2025-12-23 21:05:13,139 [sec.py] => backbone.TSP.e_p_5: 115200
2025-12-23 21:05:13,139 [sec.py] => backbone.TSP.e_k_5: 38400
2025-12-23 21:05:13,139 [sec.py] => backbone.TSP.e_a_5: 38400
2025-12-23 21:05:13,139 [sec.py] => backbone.TSP.e_p_6: 115200
2025-12-23 21:05:13,140 [sec.py] => backbone.TSP.e_k_6: 38400
2025-12-23 21:05:13,140 [sec.py] => backbone.TSP.e_a_6: 38400
2025-12-23 21:05:13,140 [sec.py] => backbone.TSP.e_p_7: 115200
2025-12-23 21:05:13,140 [sec.py] => backbone.TSP.e_k_7: 38400
2025-12-23 21:05:13,140 [sec.py] => backbone.TSP.e_a_7: 38400
2025-12-23 21:05:13,140 [sec.py] => backbone.TSP.e_p_8: 115200
2025-12-23 21:05:13,140 [sec.py] => backbone.TSP.e_k_8: 38400
2025-12-23 21:05:13,140 [sec.py] => backbone.TSP.e_a_8: 38400
2025-12-23 21:05:13,140 [sec.py] => backbone.RSP.e_p_1: 115200
2025-12-23 21:05:13,140 [sec.py] => backbone.RSP.e_k_1: 38400
2025-12-23 21:05:13,140 [sec.py] => backbone.RSP.e_a_1: 38400
2025-12-23 21:05:13,140 [sec.py] => backbone.RSP.e_p_2: 115200
2025-12-23 21:05:13,140 [sec.py] => backbone.RSP.e_k_2: 38400
2025-12-23 21:05:13,140 [sec.py] => backbone.RSP.e_a_2: 38400
2025-12-23 21:05:13,140 [sec.py] => backbone.RSP.e_p_3: 115200
2025-12-23 21:05:13,140 [sec.py] => backbone.RSP.e_k_3: 38400
2025-12-23 21:05:13,140 [sec.py] => backbone.RSP.e_a_3: 38400
2025-12-23 21:05:13,140 [sec.py] => backbone.RSP.e_p_4: 115200
2025-12-23 21:05:13,140 [sec.py] => backbone.RSP.e_k_4: 38400
2025-12-23 21:05:13,140 [sec.py] => backbone.RSP.e_a_4: 38400
2025-12-23 21:05:13,140 [sec.py] => backbone.RSP.e_p_5: 115200
2025-12-23 21:05:13,141 [sec.py] => backbone.RSP.e_k_5: 38400
2025-12-23 21:05:13,141 [sec.py] => backbone.RSP.e_a_5: 38400
2025-12-23 21:05:13,160 [sec.py] => training set size: 4693, fc construct set size: 4693
/public/home/hanlida/Dr.1/Code/Research/Awesome-FSCIL/SEC-Prompt-main/backbone/zoo.py:205: UserWarning: Implicit dimension choice for softmax has been deprecated. Change the call to include dim=X as an argument.
  aq_k = torch.nn.functional.softmax(aq_k)
2025-12-23 22:32:04,065 [trainer.py] => CNN: {'total': 88.04, '00-99': 88.04, '100-104': 88.0, '105-109': 88.0, '110-114': 88.0, '115-119': 68.0, '120-124': 92.0, '125-129': 60.0, '130-134': 84.0, '135-139': 96.0, '140-144': 56.0, '145-149': 84.0, '150-154': 68.0, '155-159': 84.0, '160-164': 84.0, '165-169': 80.0, '170-174': 64.0, '175-179': 92.0, '180-184': 80.0, '185-189': 76.0, '190-194': 92.0, '195-199': 96.0, 'old': 0, 'new': 88.04}
2025-12-23 22:32:04,090 [trainer.py] => Top1 curve: [88.04]
2025-12-23 22:32:04,090 [trainer.py] => Average Accuracy (CNN): 88.04
2025-12-23 22:32:04,131 [sec.py] => Learning on 100-105
2025-12-23 22:32:04,154 [sec.py] => All params: 89523456
2025-12-23 22:32:04,154 [sec.py] => Actual trainable params (excluding detached): 61440
2025-12-23 22:32:04,154 [sec.py] => TSP active prompts: 2 (total: 52)
2025-12-23 22:32:04,154 [sec.py] => RSP active prompts: 0 (total: 50)
2025-12-23 22:32:04,154 [sec.py] => Excluded params: head, detached prompts
2025-12-23 22:32:04,155 [sec.py] => backbone.TSP.e_p_1: 4608
2025-12-23 22:32:04,155 [sec.py] => backbone.TSP.e_k_1: 1536
2025-12-23 22:32:04,155 [sec.py] => backbone.TSP.e_a_1: 1536
2025-12-23 22:32:04,155 [sec.py] => backbone.TSP.e_p_2: 4608
2025-12-23 22:32:04,155 [sec.py] => backbone.TSP.e_k_2: 1536
2025-12-23 22:32:04,155 [sec.py] => backbone.TSP.e_a_2: 1536
2025-12-23 22:32:04,155 [sec.py] => backbone.TSP.e_p_3: 4608
2025-12-23 22:32:04,155 [sec.py] => backbone.TSP.e_k_3: 1536
2025-12-23 22:32:04,155 [sec.py] => backbone.TSP.e_a_3: 1536
2025-12-23 22:32:04,155 [sec.py] => backbone.TSP.e_p_4: 4608
2025-12-23 22:32:04,155 [sec.py] => backbone.TSP.e_k_4: 1536
2025-12-23 22:32:04,155 [sec.py] => backbone.TSP.e_a_4: 1536
2025-12-23 22:32:04,155 [sec.py] => backbone.TSP.e_p_5: 4608
2025-12-23 22:32:04,155 [sec.py] => backbone.TSP.e_k_5: 1536
2025-12-23 22:32:04,155 [sec.py] => backbone.TSP.e_a_5: 1536
2025-12-23 22:32:04,155 [sec.py] => backbone.TSP.e_p_6: 4608
2025-12-23 22:32:04,155 [sec.py] => backbone.TSP.e_k_6: 1536
2025-12-23 22:32:04,155 [sec.py] => backbone.TSP.e_a_6: 1536
2025-12-23 22:32:04,155 [sec.py] => backbone.TSP.e_p_7: 4608
2025-12-23 22:32:04,155 [sec.py] => backbone.TSP.e_k_7: 1536
2025-12-23 22:32:04,155 [sec.py] => backbone.TSP.e_a_7: 1536
2025-12-23 22:32:04,155 [sec.py] => backbone.TSP.e_p_8: 4608
2025-12-23 22:32:04,155 [sec.py] => backbone.TSP.e_k_8: 1536
2025-12-23 22:32:04,155 [sec.py] => backbone.TSP.e_a_8: 1536
2025-12-23 22:32:04,163 [sec.py] => training set size: 25, fc construct set size: 25
2025-12-23 22:33:21,225 [trainer.py] => CNN: {'total': 86.95, '00-99': 87.53, '100-104': 72.34, '105-109': 84.0, '110-114': 80.0, '115-119': 80.0, '120-124': 92.0, '125-129': 56.0, '130-134': 72.0, '135-139': 84.0, '140-144': 48.0, '145-149': 92.0, '150-154': 76.0, '155-159': 80.0, '160-164': 76.0, '165-169': 68.0, '170-174': 76.0, '175-179': 88.0, '180-184': 88.0, '185-189': 96.0, '190-194': 88.0, '195-199': 80.0, 'old': 87.53, 'new': 72.34}
2025-12-23 22:33:21,246 [trainer.py] => Top1 curve: [88.04, 86.95]
2025-12-23 22:33:21,246 [trainer.py] => Average Accuracy (CNN): 87.50
2025-12-23 22:33:21,280 [sec.py] => Learning on 105-110
2025-12-23 22:33:21,357 [sec.py] => All params: 89523456
2025-12-23 22:33:21,357 [sec.py] => Actual trainable params (excluding detached): 61440
2025-12-23 22:33:21,357 [sec.py] => TSP active prompts: 2 (total: 54)
2025-12-23 22:33:21,357 [sec.py] => RSP active prompts: 0 (total: 50)
2025-12-23 22:33:21,357 [sec.py] => Excluded params: head, detached prompts
2025-12-23 22:33:21,357 [sec.py] => backbone.TSP.e_p_1: 4608
2025-12-23 22:33:21,357 [sec.py] => backbone.TSP.e_k_1: 1536
2025-12-23 22:33:21,357 [sec.py] => backbone.TSP.e_a_1: 1536
2025-12-23 22:33:21,357 [sec.py] => backbone.TSP.e_p_2: 4608
2025-12-23 22:33:21,357 [sec.py] => backbone.TSP.e_k_2: 1536
2025-12-23 22:33:21,357 [sec.py] => backbone.TSP.e_a_2: 1536
2025-12-23 22:33:21,357 [sec.py] => backbone.TSP.e_p_3: 4608
2025-12-23 22:33:21,357 [sec.py] => backbone.TSP.e_k_3: 1536
2025-12-23 22:33:21,357 [sec.py] => backbone.TSP.e_a_3: 1536
2025-12-23 22:33:21,357 [sec.py] => backbone.TSP.e_p_4: 4608
2025-12-23 22:33:21,357 [sec.py] => backbone.TSP.e_k_4: 1536
2025-12-23 22:33:21,357 [sec.py] => backbone.TSP.e_a_4: 1536
2025-12-23 22:33:21,357 [sec.py] => backbone.TSP.e_p_5: 4608
2025-12-23 22:33:21,358 [sec.py] => backbone.TSP.e_k_5: 1536
2025-12-23 22:33:21,358 [sec.py] => backbone.TSP.e_a_5: 1536
2025-12-23 22:33:21,358 [sec.py] => backbone.TSP.e_p_6: 4608
2025-12-23 22:33:21,358 [sec.py] => backbone.TSP.e_k_6: 1536
2025-12-23 22:33:21,358 [sec.py] => backbone.TSP.e_a_6: 1536
2025-12-23 22:33:21,358 [sec.py] => backbone.TSP.e_p_7: 4608
2025-12-23 22:33:21,358 [sec.py] => backbone.TSP.e_k_7: 1536
2025-12-23 22:33:21,358 [sec.py] => backbone.TSP.e_a_7: 1536
2025-12-23 22:33:21,358 [sec.py] => backbone.TSP.e_p_8: 4608
2025-12-23 22:33:21,358 [sec.py] => backbone.TSP.e_k_8: 1536
2025-12-23 22:33:21,358 [sec.py] => backbone.TSP.e_a_8: 1536
2025-12-23 22:33:21,366 [sec.py] => training set size: 25, fc construct set size: 25
2025-12-23 22:34:36,001 [trainer.py] => CNN: {'total': 86.69, '00-99': 87.53, '100-104': 72.34, '105-109': 80.77, '110-114': 88.0, '115-119': 88.0, '120-124': 88.0, '125-129': 72.0, '130-134': 72.0, '135-139': 96.0, '140-144': 64.0, '145-149': 88.0, '150-154': 76.0, '155-159': 76.0, '160-164': 92.0, '165-169': 72.0, '170-174': 88.0, '175-179': 84.0, '180-184': 84.0, '185-189': 96.0, '190-194': 84.0, '195-199': 88.0, 'old': 86.95, 'new': 80.77}
2025-12-23 22:34:36,032 [trainer.py] => Top1 curve: [88.04, 86.95, 86.69]
2025-12-23 22:34:36,032 [trainer.py] => Average Accuracy (CNN): 87.23
2025-12-23 22:34:36,623 [sec.py] => Learning on 110-115
2025-12-23 22:34:36,645 [sec.py] => All params: 89523456
2025-12-23 22:34:36,646 [sec.py] => Actual trainable params (excluding detached): 61440
2025-12-23 22:34:36,646 [sec.py] => TSP active prompts: 2 (total: 56)
2025-12-23 22:34:36,646 [sec.py] => RSP active prompts: 0 (total: 50)
2025-12-23 22:34:36,646 [sec.py] => Excluded params: head, detached prompts
2025-12-23 22:34:36,646 [sec.py] => backbone.TSP.e_p_1: 4608
2025-12-23 22:34:36,646 [sec.py] => backbone.TSP.e_k_1: 1536
2025-12-23 22:34:36,646 [sec.py] => backbone.TSP.e_a_1: 1536
2025-12-23 22:34:36,646 [sec.py] => backbone.TSP.e_p_2: 4608
2025-12-23 22:34:36,646 [sec.py] => backbone.TSP.e_k_2: 1536
2025-12-23 22:34:36,646 [sec.py] => backbone.TSP.e_a_2: 1536
2025-12-23 22:34:36,646 [sec.py] => backbone.TSP.e_p_3: 4608
2025-12-23 22:34:36,646 [sec.py] => backbone.TSP.e_k_3: 1536
2025-12-23 22:34:36,646 [sec.py] => backbone.TSP.e_a_3: 1536
2025-12-23 22:34:36,646 [sec.py] => backbone.TSP.e_p_4: 4608
2025-12-23 22:34:36,646 [sec.py] => backbone.TSP.e_k_4: 1536
2025-12-23 22:34:36,646 [sec.py] => backbone.TSP.e_a_4: 1536
2025-12-23 22:34:36,646 [sec.py] => backbone.TSP.e_p_5: 4608
2025-12-23 22:34:36,646 [sec.py] => backbone.TSP.e_k_5: 1536
2025-12-23 22:34:36,646 [sec.py] => backbone.TSP.e_a_5: 1536
2025-12-23 22:34:36,646 [sec.py] => backbone.TSP.e_p_6: 4608
2025-12-23 22:34:36,647 [sec.py] => backbone.TSP.e_k_6: 1536
2025-12-23 22:34:36,647 [sec.py] => backbone.TSP.e_a_6: 1536
2025-12-23 22:34:36,649 [sec.py] => backbone.TSP.e_p_7: 4608
2025-12-23 22:34:36,649 [sec.py] => backbone.TSP.e_k_7: 1536
2025-12-23 22:34:36,649 [sec.py] => backbone.TSP.e_a_7: 1536
2025-12-23 22:34:36,649 [sec.py] => backbone.TSP.e_p_8: 4608
2025-12-23 22:34:36,649 [sec.py] => backbone.TSP.e_k_8: 1536
2025-12-23 22:34:36,649 [sec.py] => backbone.TSP.e_a_8: 1536
2025-12-23 22:34:36,659 [sec.py] => training set size: 25, fc construct set size: 25
2025-12-23 22:35:51,783 [trainer.py] => CNN: {'total': 86.66, '00-99': 87.53, '100-104': 72.34, '105-109': 80.77, '110-114': 85.96, '115-119': 72.0, '120-124': 84.0, '125-129': 72.0, '130-134': 72.0, '135-139': 88.0, '140-144': 56.0, '145-149': 88.0, '150-154': 84.0, '155-159': 64.0, '160-164': 68.0, '165-169': 72.0, '170-174': 92.0, '175-179': 92.0, '180-184': 88.0, '185-189': 84.0, '190-194': 84.0, '195-199': 84.0, 'old': 86.69, 'new': 85.96}
2025-12-23 22:35:51,818 [trainer.py] => Top1 curve: [88.04, 86.95, 86.69, 86.66]
2025-12-23 22:35:51,818 [trainer.py] => Average Accuracy (CNN): 87.09
2025-12-23 22:35:51,826 [sec.py] => Learning on 115-120
2025-12-23 22:35:51,853 [sec.py] => All params: 89523456
2025-12-23 22:35:51,853 [sec.py] => Actual trainable params (excluding detached): 61440
2025-12-23 22:35:51,854 [sec.py] => TSP active prompts: 2 (total: 58)
2025-12-23 22:35:51,854 [sec.py] => RSP active prompts: 0 (total: 50)
2025-12-23 22:35:51,854 [sec.py] => Excluded params: head, detached prompts
2025-12-23 22:35:51,854 [sec.py] => backbone.TSP.e_p_1: 4608
2025-12-23 22:35:51,854 [sec.py] => backbone.TSP.e_k_1: 1536
2025-12-23 22:35:51,854 [sec.py] => backbone.TSP.e_a_1: 1536
2025-12-23 22:35:51,854 [sec.py] => backbone.TSP.e_p_2: 4608
2025-12-23 22:35:51,854 [sec.py] => backbone.TSP.e_k_2: 1536
2025-12-23 22:35:51,854 [sec.py] => backbone.TSP.e_a_2: 1536
2025-12-23 22:35:51,854 [sec.py] => backbone.TSP.e_p_3: 4608
2025-12-23 22:35:51,854 [sec.py] => backbone.TSP.e_k_3: 1536
2025-12-23 22:35:51,854 [sec.py] => backbone.TSP.e_a_3: 1536
2025-12-23 22:35:51,854 [sec.py] => backbone.TSP.e_p_4: 4608
2025-12-23 22:35:51,854 [sec.py] => backbone.TSP.e_k_4: 1536
2025-12-23 22:35:51,854 [sec.py] => backbone.TSP.e_a_4: 1536
2025-12-23 22:35:51,854 [sec.py] => backbone.TSP.e_p_5: 4608
2025-12-23 22:35:51,854 [sec.py] => backbone.TSP.e_k_5: 1536
2025-12-23 22:35:51,854 [sec.py] => backbone.TSP.e_a_5: 1536
2025-12-23 22:35:51,854 [sec.py] => backbone.TSP.e_p_6: 4608
2025-12-23 22:35:51,854 [sec.py] => backbone.TSP.e_k_6: 1536
2025-12-23 22:35:51,854 [sec.py] => backbone.TSP.e_a_6: 1536
2025-12-23 22:35:51,854 [sec.py] => backbone.TSP.e_p_7: 4608
2025-12-23 22:35:51,854 [sec.py] => backbone.TSP.e_k_7: 1536
2025-12-23 22:35:51,854 [sec.py] => backbone.TSP.e_a_7: 1536
2025-12-23 22:35:51,854 [sec.py] => backbone.TSP.e_p_8: 4608
2025-12-23 22:35:51,855 [sec.py] => backbone.TSP.e_k_8: 1536
2025-12-23 22:35:51,855 [sec.py] => backbone.TSP.e_a_8: 1536
2025-12-23 22:35:51,861 [sec.py] => training set size: 25, fc construct set size: 25
2025-12-23 22:37:09,105 [trainer.py] => CNN: {'total': 85.43, '00-99': 87.36, '100-104': 76.6, '105-109': 80.77, '110-114': 77.19, '115-119': 68.18, '120-124': 72.0, '125-129': 68.0, '130-134': 76.0, '135-139': 88.0, '140-144': 76.0, '145-149': 72.0, '150-154': 64.0, '155-159': 84.0, '160-164': 88.0, '165-169': 72.0, '170-174': 96.0, '175-179': 88.0, '180-184': 92.0, '185-189': 96.0, '190-194': 96.0, '195-199': 88.0, 'old': 86.28, 'new': 68.18}
2025-12-23 22:37:09,128 [trainer.py] => Top1 curve: [88.04, 86.95, 86.69, 86.66, 85.43]
2025-12-23 22:37:09,128 [trainer.py] => Average Accuracy (CNN): 86.75
2025-12-23 22:37:09,139 [sec.py] => Learning on 120-125
2025-12-23 22:37:09,171 [sec.py] => All params: 89523456
2025-12-23 22:37:09,172 [sec.py] => Actual trainable params (excluding detached): 61440
2025-12-23 22:37:09,172 [sec.py] => TSP active prompts: 2 (total: 60)
2025-12-23 22:37:09,172 [sec.py] => RSP active prompts: 0 (total: 50)
2025-12-23 22:37:09,172 [sec.py] => Excluded params: head, detached prompts
2025-12-23 22:37:09,172 [sec.py] => backbone.TSP.e_p_1: 4608
2025-12-23 22:37:09,172 [sec.py] => backbone.TSP.e_k_1: 1536
2025-12-23 22:37:09,172 [sec.py] => backbone.TSP.e_a_1: 1536
2025-12-23 22:37:09,172 [sec.py] => backbone.TSP.e_p_2: 4608
2025-12-23 22:37:09,172 [sec.py] => backbone.TSP.e_k_2: 1536
2025-12-23 22:37:09,172 [sec.py] => backbone.TSP.e_a_2: 1536
2025-12-23 22:37:09,172 [sec.py] => backbone.TSP.e_p_3: 4608
2025-12-23 22:37:09,172 [sec.py] => backbone.TSP.e_k_3: 1536
2025-12-23 22:37:09,172 [sec.py] => backbone.TSP.e_a_3: 1536
2025-12-23 22:37:09,172 [sec.py] => backbone.TSP.e_p_4: 4608
2025-12-23 22:37:09,172 [sec.py] => backbone.TSP.e_k_4: 1536
2025-12-23 22:37:09,172 [sec.py] => backbone.TSP.e_a_4: 1536
2025-12-23 22:37:09,172 [sec.py] => backbone.TSP.e_p_5: 4608
2025-12-23 22:37:09,172 [sec.py] => backbone.TSP.e_k_5: 1536
2025-12-23 22:37:09,172 [sec.py] => backbone.TSP.e_a_5: 1536
2025-12-23 22:37:09,172 [sec.py] => backbone.TSP.e_p_6: 4608
2025-12-23 22:37:09,172 [sec.py] => backbone.TSP.e_k_6: 1536
2025-12-23 22:37:09,173 [sec.py] => backbone.TSP.e_a_6: 1536
2025-12-23 22:37:09,173 [sec.py] => backbone.TSP.e_p_7: 4608
2025-12-23 22:37:09,173 [sec.py] => backbone.TSP.e_k_7: 1536
2025-12-23 22:37:09,173 [sec.py] => backbone.TSP.e_a_7: 1536
2025-12-23 22:37:09,173 [sec.py] => backbone.TSP.e_p_8: 4608
2025-12-23 22:37:09,173 [sec.py] => backbone.TSP.e_k_8: 1536
2025-12-23 22:37:09,173 [sec.py] => backbone.TSP.e_a_8: 1536
2025-12-23 22:37:09,203 [sec.py] => training set size: 25, fc construct set size: 25
2025-12-23 22:38:25,995 [trainer.py] => CNN: {'total': 85.58, '00-99': 87.45, '100-104': 76.6, '105-109': 78.85, '110-114': 77.19, '115-119': 68.18, '120-124': 89.8, '125-129': 76.0, '130-134': 72.0, '135-139': 88.0, '140-144': 52.0, '145-149': 92.0, '150-154': 80.0, '155-159': 84.0, '160-164': 92.0, '165-169': 76.0, '170-174': 80.0, '175-179': 76.0, '180-184': 84.0, '185-189': 92.0, '190-194': 84.0, '195-199': 84.0, 'old': 85.43, 'new': 89.8}
2025-12-23 22:38:26,030 [trainer.py] => Top1 curve: [88.04, 86.95, 86.69, 86.66, 85.43, 85.58]
2025-12-23 22:38:26,030 [trainer.py] => Average Accuracy (CNN): 86.56
2025-12-23 22:38:26,131 [sec.py] => Learning on 125-130
2025-12-23 22:38:26,152 [sec.py] => All params: 89523456
2025-12-23 22:38:26,152 [sec.py] => Actual trainable params (excluding detached): 61440
2025-12-23 22:38:26,152 [sec.py] => TSP active prompts: 2 (total: 62)
2025-12-23 22:38:26,153 [sec.py] => RSP active prompts: 0 (total: 50)
2025-12-23 22:38:26,153 [sec.py] => Excluded params: head, detached prompts
2025-12-23 22:38:26,153 [sec.py] => backbone.TSP.e_p_1: 4608
2025-12-23 22:38:26,153 [sec.py] => backbone.TSP.e_k_1: 1536
2025-12-23 22:38:26,153 [sec.py] => backbone.TSP.e_a_1: 1536
2025-12-23 22:38:26,153 [sec.py] => backbone.TSP.e_p_2: 4608
2025-12-23 22:38:26,153 [sec.py] => backbone.TSP.e_k_2: 1536
2025-12-23 22:38:26,153 [sec.py] => backbone.TSP.e_a_2: 1536
2025-12-23 22:38:26,153 [sec.py] => backbone.TSP.e_p_3: 4608
2025-12-23 22:38:26,153 [sec.py] => backbone.TSP.e_k_3: 1536
2025-12-23 22:38:26,153 [sec.py] => backbone.TSP.e_a_3: 1536
2025-12-23 22:38:26,153 [sec.py] => backbone.TSP.e_p_4: 4608
2025-12-23 22:38:26,153 [sec.py] => backbone.TSP.e_k_4: 1536
2025-12-23 22:38:26,153 [sec.py] => backbone.TSP.e_a_4: 1536
2025-12-23 22:38:26,153 [sec.py] => backbone.TSP.e_p_5: 4608
2025-12-23 22:38:26,153 [sec.py] => backbone.TSP.e_k_5: 1536
2025-12-23 22:38:26,153 [sec.py] => backbone.TSP.e_a_5: 1536
2025-12-23 22:38:26,153 [sec.py] => backbone.TSP.e_p_6: 4608
2025-12-23 22:38:26,153 [sec.py] => backbone.TSP.e_k_6: 1536
2025-12-23 22:38:26,153 [sec.py] => backbone.TSP.e_a_6: 1536
2025-12-23 22:38:26,153 [sec.py] => backbone.TSP.e_p_7: 4608
2025-12-23 22:38:26,153 [sec.py] => backbone.TSP.e_k_7: 1536
2025-12-23 22:38:26,153 [sec.py] => backbone.TSP.e_a_7: 1536
2025-12-23 22:38:26,153 [sec.py] => backbone.TSP.e_p_8: 4608
2025-12-23 22:38:26,153 [sec.py] => backbone.TSP.e_k_8: 1536
2025-12-23 22:38:26,154 [sec.py] => backbone.TSP.e_a_8: 1536
2025-12-23 22:38:26,168 [sec.py] => training set size: 25, fc construct set size: 25
2025-12-23 22:39:41,684 [trainer.py] => CNN: {'total': 84.05, '00-99': 87.45, '100-104': 76.6, '105-109': 78.85, '110-114': 77.19, '115-119': 66.67, '120-124': 77.55, '125-129': 60.32, '130-134': 64.0, '135-139': 76.0, '140-144': 76.0, '145-149': 84.0, '150-154': 80.0, '155-159': 76.0, '160-164': 84.0, '165-169': 68.0, '170-174': 80.0, '175-179': 76.0, '180-184': 80.0, '185-189': 88.0, '190-194': 92.0, '195-199': 96.0, 'old': 85.09, 'new': 60.32}
2025-12-23 22:39:41,705 [trainer.py] => Top1 curve: [88.04, 86.95, 86.69, 86.66, 85.43, 85.58, 84.05]
2025-12-23 22:39:41,706 [trainer.py] => Average Accuracy (CNN): 86.20
2025-12-23 22:39:41,714 [sec.py] => Learning on 130-135
2025-12-23 22:39:41,769 [sec.py] => All params: 89523456
2025-12-23 22:39:41,769 [sec.py] => Actual trainable params (excluding detached): 61440
2025-12-23 22:39:41,769 [sec.py] => TSP active prompts: 2 (total: 64)
2025-12-23 22:39:41,769 [sec.py] => RSP active prompts: 0 (total: 50)
2025-12-23 22:39:41,769 [sec.py] => Excluded params: head, detached prompts
2025-12-23 22:39:41,769 [sec.py] => backbone.TSP.e_p_1: 4608
2025-12-23 22:39:41,769 [sec.py] => backbone.TSP.e_k_1: 1536
2025-12-23 22:39:41,769 [sec.py] => backbone.TSP.e_a_1: 1536
2025-12-23 22:39:41,769 [sec.py] => backbone.TSP.e_p_2: 4608
2025-12-23 22:39:41,769 [sec.py] => backbone.TSP.e_k_2: 1536
2025-12-23 22:39:41,769 [sec.py] => backbone.TSP.e_a_2: 1536
2025-12-23 22:39:41,769 [sec.py] => backbone.TSP.e_p_3: 4608
2025-12-23 22:39:41,769 [sec.py] => backbone.TSP.e_k_3: 1536
2025-12-23 22:39:41,769 [sec.py] => backbone.TSP.e_a_3: 1536
2025-12-23 22:39:41,769 [sec.py] => backbone.TSP.e_p_4: 4608
2025-12-23 22:39:41,769 [sec.py] => backbone.TSP.e_k_4: 1536
2025-12-23 22:39:41,769 [sec.py] => backbone.TSP.e_a_4: 1536
2025-12-23 22:39:41,769 [sec.py] => backbone.TSP.e_p_5: 4608
2025-12-23 22:39:41,769 [sec.py] => backbone.TSP.e_k_5: 1536
2025-12-23 22:39:41,770 [sec.py] => backbone.TSP.e_a_5: 1536
2025-12-23 22:39:41,770 [sec.py] => backbone.TSP.e_p_6: 4608
2025-12-23 22:39:41,770 [sec.py] => backbone.TSP.e_k_6: 1536
2025-12-23 22:39:41,770 [sec.py] => backbone.TSP.e_a_6: 1536
2025-12-23 22:39:41,770 [sec.py] => backbone.TSP.e_p_7: 4608
2025-12-23 22:39:41,770 [sec.py] => backbone.TSP.e_k_7: 1536
2025-12-23 22:39:41,770 [sec.py] => backbone.TSP.e_a_7: 1536
2025-12-23 22:39:41,770 [sec.py] => backbone.TSP.e_p_8: 4608
2025-12-23 22:39:41,770 [sec.py] => backbone.TSP.e_k_8: 1536
2025-12-23 22:39:41,770 [sec.py] => backbone.TSP.e_a_8: 1536
2025-12-23 22:39:41,776 [sec.py] => training set size: 25, fc construct set size: 25
2025-12-23 22:40:59,380 [trainer.py] => CNN: {'total': 84.12, '00-99': 87.53, '100-104': 80.85, '105-109': 80.77, '110-114': 77.19, '115-119': 66.67, '120-124': 77.55, '125-129': 60.32, '130-134': 80.26, '135-139': 92.0, '140-144': 72.0, '145-149': 72.0, '150-154': 84.0, '155-159': 84.0, '160-164': 84.0, '165-169': 76.0, '170-174': 88.0, '175-179': 88.0, '180-184': 84.0, '185-189': 92.0, '190-194': 80.0, '195-199': 84.0, 'old': 84.32, 'new': 80.26}
2025-12-23 22:40:59,415 [trainer.py] => Top1 curve: [88.04, 86.95, 86.69, 86.66, 85.43, 85.58, 84.05, 84.12]
2025-12-23 22:40:59,416 [trainer.py] => Average Accuracy (CNN): 85.94
2025-12-23 22:40:59,437 [sec.py] => Learning on 135-140
2025-12-23 22:40:59,459 [sec.py] => All params: 89523456
2025-12-23 22:40:59,459 [sec.py] => Actual trainable params (excluding detached): 61440
2025-12-23 22:40:59,460 [sec.py] => TSP active prompts: 2 (total: 66)
2025-12-23 22:40:59,460 [sec.py] => RSP active prompts: 0 (total: 50)
2025-12-23 22:40:59,460 [sec.py] => Excluded params: head, detached prompts
2025-12-23 22:40:59,460 [sec.py] => backbone.TSP.e_p_1: 4608
2025-12-23 22:40:59,460 [sec.py] => backbone.TSP.e_k_1: 1536
2025-12-23 22:40:59,460 [sec.py] => backbone.TSP.e_a_1: 1536
2025-12-23 22:40:59,460 [sec.py] => backbone.TSP.e_p_2: 4608
2025-12-23 22:40:59,460 [sec.py] => backbone.TSP.e_k_2: 1536
2025-12-23 22:40:59,460 [sec.py] => backbone.TSP.e_a_2: 1536
2025-12-23 22:40:59,460 [sec.py] => backbone.TSP.e_p_3: 4608
2025-12-23 22:40:59,460 [sec.py] => backbone.TSP.e_k_3: 1536
2025-12-23 22:40:59,460 [sec.py] => backbone.TSP.e_a_3: 1536
2025-12-23 22:40:59,460 [sec.py] => backbone.TSP.e_p_4: 4608
2025-12-23 22:40:59,460 [sec.py] => backbone.TSP.e_k_4: 1536
2025-12-23 22:40:59,460 [sec.py] => backbone.TSP.e_a_4: 1536
2025-12-23 22:40:59,460 [sec.py] => backbone.TSP.e_p_5: 4608
2025-12-23 22:40:59,461 [sec.py] => backbone.TSP.e_k_5: 1536
2025-12-23 22:40:59,461 [sec.py] => backbone.TSP.e_a_5: 1536
2025-12-23 22:40:59,461 [sec.py] => backbone.TSP.e_p_6: 4608
2025-12-23 22:40:59,461 [sec.py] => backbone.TSP.e_k_6: 1536
2025-12-23 22:40:59,461 [sec.py] => backbone.TSP.e_a_6: 1536
2025-12-23 22:40:59,461 [sec.py] => backbone.TSP.e_p_7: 4608
2025-12-23 22:40:59,461 [sec.py] => backbone.TSP.e_k_7: 1536
2025-12-23 22:40:59,461 [sec.py] => backbone.TSP.e_a_7: 1536
2025-12-23 22:40:59,461 [sec.py] => backbone.TSP.e_p_8: 4608
2025-12-23 22:40:59,461 [sec.py] => backbone.TSP.e_k_8: 1536
2025-12-23 22:40:59,461 [sec.py] => backbone.TSP.e_a_8: 1536
2025-12-23 22:40:59,469 [sec.py] => training set size: 25, fc construct set size: 25
2025-12-23 22:42:16,249 [trainer.py] => CNN: {'total': 84.1, '00-99': 87.45, '100-104': 80.85, '105-109': 80.77, '110-114': 77.19, '115-119': 65.15, '120-124': 77.55, '125-129': 60.32, '130-134': 77.63, '135-139': 90.74, '140-144': 72.0, '145-149': 88.0, '150-154': 80.0, '155-159': 84.0, '160-164': 84.0, '165-169': 76.0, '170-174': 88.0, '175-179': 88.0, '180-184': 92.0, '185-189': 88.0, '190-194': 96.0, '195-199': 100.0, 'old': 83.87, 'new': 90.74}
2025-12-23 22:42:16,276 [trainer.py] => Top1 curve: [88.04, 86.95, 86.69, 86.66, 85.43, 85.58, 84.05, 84.12, 84.1]
2025-12-23 22:42:16,276 [trainer.py] => Average Accuracy (CNN): 85.74
2025-12-23 22:42:16,293 [sec.py] => Learning on 140-145
2025-12-23 22:42:16,347 [sec.py] => All params: 89523456
2025-12-23 22:42:16,347 [sec.py] => Actual trainable params (excluding detached): 61440
2025-12-23 22:42:16,348 [sec.py] => TSP active prompts: 2 (total: 68)
2025-12-23 22:42:16,348 [sec.py] => RSP active prompts: 0 (total: 50)
2025-12-23 22:42:16,348 [sec.py] => Excluded params: head, detached prompts
2025-12-23 22:42:16,348 [sec.py] => backbone.TSP.e_p_1: 4608
2025-12-23 22:42:16,348 [sec.py] => backbone.TSP.e_k_1: 1536
2025-12-23 22:42:16,348 [sec.py] => backbone.TSP.e_a_1: 1536
2025-12-23 22:42:16,348 [sec.py] => backbone.TSP.e_p_2: 4608
2025-12-23 22:42:16,348 [sec.py] => backbone.TSP.e_k_2: 1536
2025-12-23 22:42:16,348 [sec.py] => backbone.TSP.e_a_2: 1536
2025-12-23 22:42:16,348 [sec.py] => backbone.TSP.e_p_3: 4608
2025-12-23 22:42:16,348 [sec.py] => backbone.TSP.e_k_3: 1536
2025-12-23 22:42:16,348 [sec.py] => backbone.TSP.e_a_3: 1536
2025-12-23 22:42:16,348 [sec.py] => backbone.TSP.e_p_4: 4608
2025-12-23 22:42:16,348 [sec.py] => backbone.TSP.e_k_4: 1536
2025-12-23 22:42:16,348 [sec.py] => backbone.TSP.e_a_4: 1536
2025-12-23 22:42:16,348 [sec.py] => backbone.TSP.e_p_5: 4608
2025-12-23 22:42:16,348 [sec.py] => backbone.TSP.e_k_5: 1536
2025-12-23 22:42:16,348 [sec.py] => backbone.TSP.e_a_5: 1536
2025-12-23 22:42:16,348 [sec.py] => backbone.TSP.e_p_6: 4608
2025-12-23 22:42:16,348 [sec.py] => backbone.TSP.e_k_6: 1536
2025-12-23 22:42:16,348 [sec.py] => backbone.TSP.e_a_6: 1536
2025-12-23 22:42:16,348 [sec.py] => backbone.TSP.e_p_7: 4608
2025-12-23 22:42:16,348 [sec.py] => backbone.TSP.e_k_7: 1536
2025-12-23 22:42:16,348 [sec.py] => backbone.TSP.e_a_7: 1536
2025-12-23 22:42:16,349 [sec.py] => backbone.TSP.e_p_8: 4608
2025-12-23 22:42:16,349 [sec.py] => backbone.TSP.e_k_8: 1536
2025-12-23 22:42:16,349 [sec.py] => backbone.TSP.e_a_8: 1536
2025-12-23 22:42:16,367 [sec.py] => training set size: 25, fc construct set size: 25
2025-12-23 22:43:39,967 [trainer.py] => CNN: {'total': 83.44, '00-99': 87.19, '100-104': 80.85, '105-109': 80.77, '110-114': 77.19, '115-119': 65.15, '120-124': 77.55, '125-129': 60.32, '130-134': 77.63, '135-139': 90.74, '140-144': 68.0, '145-149': 80.0, '150-154': 76.0, '155-159': 84.0, '160-164': 88.0, '165-169': 68.0, '170-174': 80.0, '175-179': 84.0, '180-184': 96.0, '185-189': 96.0, '190-194': 88.0, '195-199': 100.0, 'old': 83.91, 'new': 68.0}
2025-12-23 22:43:39,989 [trainer.py] => Top1 curve: [88.04, 86.95, 86.69, 86.66, 85.43, 85.58, 84.05, 84.12, 84.1, 83.44]
2025-12-23 22:43:39,989 [trainer.py] => Average Accuracy (CNN): 85.51
2025-12-23 22:43:39,998 [sec.py] => Learning on 145-150
2025-12-23 22:43:40,043 [sec.py] => All params: 89523456
2025-12-23 22:43:40,043 [sec.py] => Actual trainable params (excluding detached): 61440
2025-12-23 22:43:40,043 [sec.py] => TSP active prompts: 2 (total: 70)
2025-12-23 22:43:40,043 [sec.py] => RSP active prompts: 0 (total: 50)
2025-12-23 22:43:40,044 [sec.py] => Excluded params: head, detached prompts
2025-12-23 22:43:40,044 [sec.py] => backbone.TSP.e_p_1: 4608
2025-12-23 22:43:40,044 [sec.py] => backbone.TSP.e_k_1: 1536
2025-12-23 22:43:40,044 [sec.py] => backbone.TSP.e_a_1: 1536
2025-12-23 22:43:40,044 [sec.py] => backbone.TSP.e_p_2: 4608
2025-12-23 22:43:40,044 [sec.py] => backbone.TSP.e_k_2: 1536
2025-12-23 22:43:40,044 [sec.py] => backbone.TSP.e_a_2: 1536
2025-12-23 22:43:40,044 [sec.py] => backbone.TSP.e_p_3: 4608
2025-12-23 22:43:40,044 [sec.py] => backbone.TSP.e_k_3: 1536
2025-12-23 22:43:40,044 [sec.py] => backbone.TSP.e_a_3: 1536
2025-12-23 22:43:40,044 [sec.py] => backbone.TSP.e_p_4: 4608
2025-12-23 22:43:40,044 [sec.py] => backbone.TSP.e_k_4: 1536
2025-12-23 22:43:40,044 [sec.py] => backbone.TSP.e_a_4: 1536
2025-12-23 22:43:40,044 [sec.py] => backbone.TSP.e_p_5: 4608
2025-12-23 22:43:40,044 [sec.py] => backbone.TSP.e_k_5: 1536
2025-12-23 22:43:40,044 [sec.py] => backbone.TSP.e_a_5: 1536
2025-12-23 22:43:40,044 [sec.py] => backbone.TSP.e_p_6: 4608
2025-12-23 22:43:40,044 [sec.py] => backbone.TSP.e_k_6: 1536
2025-12-23 22:43:40,044 [sec.py] => backbone.TSP.e_a_6: 1536
2025-12-23 22:43:40,044 [sec.py] => backbone.TSP.e_p_7: 4608
2025-12-23 22:43:40,049 [sec.py] => backbone.TSP.e_k_7: 1536
2025-12-23 22:43:40,049 [sec.py] => backbone.TSP.e_a_7: 1536
2025-12-23 22:43:40,049 [sec.py] => backbone.TSP.e_p_8: 4608
2025-12-23 22:43:40,049 [sec.py] => backbone.TSP.e_k_8: 1536
2025-12-23 22:43:40,049 [sec.py] => backbone.TSP.e_a_8: 1536
2025-12-23 22:43:40,054 [sec.py] => training set size: 25, fc construct set size: 25
2025-12-23 22:44:54,133 [trainer.py] => CNN: {'total': 83.08, '00-99': 87.11, '100-104': 80.85, '105-109': 80.77, '110-114': 77.19, '115-119': 63.64, '120-124': 77.55, '125-129': 60.32, '130-134': 77.63, '135-139': 90.74, '140-144': 64.0, '145-149': 79.69, '150-154': 76.0, '155-159': 92.0, '160-164': 84.0, '165-169': 64.0, '170-174': 64.0, '175-179': 76.0, '180-184': 80.0, '185-189': 84.0, '190-194': 92.0, '195-199': 100.0, 'old': 83.2, 'new': 79.69}
2025-12-23 22:44:54,150 [trainer.py] => Top1 curve: [88.04, 86.95, 86.69, 86.66, 85.43, 85.58, 84.05, 84.12, 84.1, 83.44, 83.08]
2025-12-23 22:44:54,151 [trainer.py] => Average Accuracy (CNN): 85.29
2025-12-23 22:44:54,231 [sec.py] => Learning on 150-155
2025-12-23 22:44:54,253 [sec.py] => All params: 89523456
2025-12-23 22:44:54,253 [sec.py] => Actual trainable params (excluding detached): 61440
2025-12-23 22:44:54,253 [sec.py] => TSP active prompts: 2 (total: 72)
2025-12-23 22:44:54,253 [sec.py] => RSP active prompts: 0 (total: 50)
2025-12-23 22:44:54,253 [sec.py] => Excluded params: head, detached prompts
2025-12-23 22:44:54,253 [sec.py] => backbone.TSP.e_p_1: 4608
2025-12-23 22:44:54,253 [sec.py] => backbone.TSP.e_k_1: 1536
2025-12-23 22:44:54,253 [sec.py] => backbone.TSP.e_a_1: 1536
2025-12-23 22:44:54,253 [sec.py] => backbone.TSP.e_p_2: 4608
2025-12-23 22:44:54,253 [sec.py] => backbone.TSP.e_k_2: 1536
2025-12-23 22:44:54,253 [sec.py] => backbone.TSP.e_a_2: 1536
2025-12-23 22:44:54,253 [sec.py] => backbone.TSP.e_p_3: 4608
2025-12-23 22:44:54,253 [sec.py] => backbone.TSP.e_k_3: 1536
2025-12-23 22:44:54,253 [sec.py] => backbone.TSP.e_a_3: 1536
2025-12-23 22:44:54,253 [sec.py] => backbone.TSP.e_p_4: 4608
2025-12-23 22:44:54,253 [sec.py] => backbone.TSP.e_k_4: 1536
2025-12-23 22:44:54,253 [sec.py] => backbone.TSP.e_a_4: 1536
2025-12-23 22:44:54,253 [sec.py] => backbone.TSP.e_p_5: 4608
2025-12-23 22:44:54,253 [sec.py] => backbone.TSP.e_k_5: 1536
2025-12-23 22:44:54,253 [sec.py] => backbone.TSP.e_a_5: 1536
2025-12-23 22:44:54,254 [sec.py] => backbone.TSP.e_p_6: 4608
2025-12-23 22:44:54,254 [sec.py] => backbone.TSP.e_k_6: 1536
2025-12-23 22:44:54,254 [sec.py] => backbone.TSP.e_a_6: 1536
2025-12-23 22:44:54,254 [sec.py] => backbone.TSP.e_p_7: 4608
2025-12-23 22:44:54,254 [sec.py] => backbone.TSP.e_k_7: 1536
2025-12-23 22:44:54,254 [sec.py] => backbone.TSP.e_a_7: 1536
2025-12-23 22:44:54,254 [sec.py] => backbone.TSP.e_p_8: 4608
2025-12-23 22:44:54,254 [sec.py] => backbone.TSP.e_k_8: 1536
2025-12-23 22:44:54,254 [sec.py] => backbone.TSP.e_a_8: 1536
2025-12-23 22:44:54,268 [sec.py] => training set size: 25, fc construct set size: 25
2025-12-23 22:46:08,666 [trainer.py] => CNN: {'total': 83.08, '00-99': 87.19, '100-104': 80.85, '105-109': 80.77, '110-114': 77.19, '115-119': 65.15, '120-124': 77.55, '125-129': 60.32, '130-134': 77.63, '135-139': 90.74, '140-144': 64.0, '145-149': 79.69, '150-154': 80.0, '155-159': 84.0, '160-164': 84.0, '165-169': 68.0, '170-174': 84.0, '175-179': 72.0, '180-184': 84.0, '185-189': 100.0, '190-194': 84.0, '195-199': 76.0, 'old': 83.19, 'new': 80.0}
2025-12-23 22:46:08,700 [trainer.py] => Top1 curve: [88.04, 86.95, 86.69, 86.66, 85.43, 85.58, 84.05, 84.12, 84.1, 83.44, 83.08, 83.08]
2025-12-23 22:46:08,701 [trainer.py] => Average Accuracy (CNN): 85.10
2025-12-23 22:46:08,718 [sec.py] => Learning on 155-160
2025-12-23 22:46:08,739 [sec.py] => All params: 89523456
2025-12-23 22:46:08,739 [sec.py] => Actual trainable params (excluding detached): 61440
2025-12-23 22:46:08,739 [sec.py] => TSP active prompts: 2 (total: 74)
2025-12-23 22:46:08,739 [sec.py] => RSP active prompts: 0 (total: 50)
2025-12-23 22:46:08,739 [sec.py] => Excluded params: head, detached prompts
2025-12-23 22:46:08,739 [sec.py] => backbone.TSP.e_p_1: 4608
2025-12-23 22:46:08,739 [sec.py] => backbone.TSP.e_k_1: 1536
2025-12-23 22:46:08,740 [sec.py] => backbone.TSP.e_a_1: 1536
2025-12-23 22:46:08,740 [sec.py] => backbone.TSP.e_p_2: 4608
2025-12-23 22:46:08,740 [sec.py] => backbone.TSP.e_k_2: 1536
2025-12-23 22:46:08,740 [sec.py] => backbone.TSP.e_a_2: 1536
2025-12-23 22:46:08,740 [sec.py] => backbone.TSP.e_p_3: 4608
2025-12-23 22:46:08,740 [sec.py] => backbone.TSP.e_k_3: 1536
2025-12-23 22:46:08,740 [sec.py] => backbone.TSP.e_a_3: 1536
2025-12-23 22:46:08,740 [sec.py] => backbone.TSP.e_p_4: 4608
2025-12-23 22:46:08,740 [sec.py] => backbone.TSP.e_k_4: 1536
2025-12-23 22:46:08,740 [sec.py] => backbone.TSP.e_a_4: 1536
2025-12-23 22:46:08,740 [sec.py] => backbone.TSP.e_p_5: 4608
2025-12-23 22:46:08,740 [sec.py] => backbone.TSP.e_k_5: 1536
2025-12-23 22:46:08,740 [sec.py] => backbone.TSP.e_a_5: 1536
2025-12-23 22:46:08,740 [sec.py] => backbone.TSP.e_p_6: 4608
2025-12-23 22:46:08,740 [sec.py] => backbone.TSP.e_k_6: 1536
2025-12-23 22:46:08,740 [sec.py] => backbone.TSP.e_a_6: 1536
2025-12-23 22:46:08,740 [sec.py] => backbone.TSP.e_p_7: 4608
2025-12-23 22:46:08,740 [sec.py] => backbone.TSP.e_k_7: 1536
2025-12-23 22:46:08,740 [sec.py] => backbone.TSP.e_a_7: 1536
2025-12-23 22:46:08,740 [sec.py] => backbone.TSP.e_p_8: 4608
2025-12-23 22:46:08,740 [sec.py] => backbone.TSP.e_k_8: 1536
2025-12-23 22:46:08,740 [sec.py] => backbone.TSP.e_a_8: 1536
2025-12-23 22:46:08,750 [sec.py] => training set size: 25, fc construct set size: 25
2025-12-23 22:47:24,713 [trainer.py] => CNN: {'total': 83.32, '00-99': 87.19, '100-104': 85.11, '105-109': 80.77, '110-114': 77.19, '115-119': 66.67, '120-124': 77.55, '125-129': 60.32, '130-134': 77.63, '135-139': 90.74, '140-144': 66.0, '145-149': 78.12, '150-154': 80.0, '155-159': 86.0, '160-164': 84.0, '165-169': 68.0, '170-174': 76.0, '175-179': 76.0, '180-184': 88.0, '185-189': 84.0, '190-194': 92.0, '195-199': 100.0, 'old': 83.25, 'new': 86.0}
2025-12-23 22:47:24,727 [trainer.py] => Top1 curve: [88.04, 86.95, 86.69, 86.66, 85.43, 85.58, 84.05, 84.12, 84.1, 83.44, 83.08, 83.08, 83.32]
2025-12-23 22:47:24,727 [trainer.py] => Average Accuracy (CNN): 84.96
2025-12-23 22:47:24,739 [sec.py] => Learning on 160-165
2025-12-23 22:47:24,802 [sec.py] => All params: 89523456
2025-12-23 22:47:24,802 [sec.py] => Actual trainable params (excluding detached): 61440
2025-12-23 22:47:24,802 [sec.py] => TSP active prompts: 2 (total: 76)
2025-12-23 22:47:24,802 [sec.py] => RSP active prompts: 0 (total: 50)
2025-12-23 22:47:24,802 [sec.py] => Excluded params: head, detached prompts
2025-12-23 22:47:24,802 [sec.py] => backbone.TSP.e_p_1: 4608
2025-12-23 22:47:24,802 [sec.py] => backbone.TSP.e_k_1: 1536
2025-12-23 22:47:24,802 [sec.py] => backbone.TSP.e_a_1: 1536
2025-12-23 22:47:24,802 [sec.py] => backbone.TSP.e_p_2: 4608
2025-12-23 22:47:24,802 [sec.py] => backbone.TSP.e_k_2: 1536
2025-12-23 22:47:24,802 [sec.py] => backbone.TSP.e_a_2: 1536
2025-12-23 22:47:24,802 [sec.py] => backbone.TSP.e_p_3: 4608
2025-12-23 22:47:24,802 [sec.py] => backbone.TSP.e_k_3: 1536
2025-12-23 22:47:24,802 [sec.py] => backbone.TSP.e_a_3: 1536
2025-12-23 22:47:24,802 [sec.py] => backbone.TSP.e_p_4: 4608
2025-12-23 22:47:24,802 [sec.py] => backbone.TSP.e_k_4: 1536
2025-12-23 22:47:24,802 [sec.py] => backbone.TSP.e_a_4: 1536
2025-12-23 22:47:24,803 [sec.py] => backbone.TSP.e_p_5: 4608
2025-12-23 22:47:24,803 [sec.py] => backbone.TSP.e_k_5: 1536
2025-12-23 22:47:24,803 [sec.py] => backbone.TSP.e_a_5: 1536
2025-12-23 22:47:24,803 [sec.py] => backbone.TSP.e_p_6: 4608
2025-12-23 22:47:24,803 [sec.py] => backbone.TSP.e_k_6: 1536
2025-12-23 22:47:24,803 [sec.py] => backbone.TSP.e_a_6: 1536
2025-12-23 22:47:24,803 [sec.py] => backbone.TSP.e_p_7: 4608
2025-12-23 22:47:24,803 [sec.py] => backbone.TSP.e_k_7: 1536
2025-12-23 22:47:24,803 [sec.py] => backbone.TSP.e_a_7: 1536
2025-12-23 22:47:24,803 [sec.py] => backbone.TSP.e_p_8: 4608
2025-12-23 22:47:24,803 [sec.py] => backbone.TSP.e_k_8: 1536
2025-12-23 22:47:24,803 [sec.py] => backbone.TSP.e_a_8: 1536
2025-12-23 22:47:24,813 [sec.py] => training set size: 25, fc construct set size: 25
2025-12-23 22:48:42,024 [trainer.py] => CNN: {'total': 83.4, '00-99': 87.19, '100-104': 82.98, '105-109': 80.77, '110-114': 77.19, '115-119': 65.15, '120-124': 77.55, '125-129': 60.32, '130-134': 77.63, '135-139': 90.74, '140-144': 64.0, '145-149': 78.12, '150-154': 80.0, '155-159': 84.0, '160-164': 91.3, '165-169': 76.0, '170-174': 92.0, '175-179': 76.0, '180-184': 76.0, '185-189': 88.0, '190-194': 84.0, '195-199': 92.0, 'old': 83.11, 'new': 91.3}
2025-12-23 22:48:42,054 [trainer.py] => Top1 curve: [88.04, 86.95, 86.69, 86.66, 85.43, 85.58, 84.05, 84.12, 84.1, 83.44, 83.08, 83.08, 83.32, 83.4]
2025-12-23 22:48:42,054 [trainer.py] => Average Accuracy (CNN): 84.85
2025-12-23 22:48:42,171 [sec.py] => Learning on 165-170
2025-12-23 22:48:42,190 [sec.py] => All params: 89523456
2025-12-23 22:48:42,190 [sec.py] => Actual trainable params (excluding detached): 61440
2025-12-23 22:48:42,190 [sec.py] => TSP active prompts: 2 (total: 78)
2025-12-23 22:48:42,190 [sec.py] => RSP active prompts: 0 (total: 50)
2025-12-23 22:48:42,190 [sec.py] => Excluded params: head, detached prompts
2025-12-23 22:48:42,190 [sec.py] => backbone.TSP.e_p_1: 4608
2025-12-23 22:48:42,190 [sec.py] => backbone.TSP.e_k_1: 1536
2025-12-23 22:48:42,190 [sec.py] => backbone.TSP.e_a_1: 1536
2025-12-23 22:48:42,190 [sec.py] => backbone.TSP.e_p_2: 4608
2025-12-23 22:48:42,190 [sec.py] => backbone.TSP.e_k_2: 1536
2025-12-23 22:48:42,190 [sec.py] => backbone.TSP.e_a_2: 1536
2025-12-23 22:48:42,190 [sec.py] => backbone.TSP.e_p_3: 4608
2025-12-23 22:48:42,190 [sec.py] => backbone.TSP.e_k_3: 1536
2025-12-23 22:48:42,190 [sec.py] => backbone.TSP.e_a_3: 1536
2025-12-23 22:48:42,190 [sec.py] => backbone.TSP.e_p_4: 4608
2025-12-23 22:48:42,190 [sec.py] => backbone.TSP.e_k_4: 1536
2025-12-23 22:48:42,191 [sec.py] => backbone.TSP.e_a_4: 1536
2025-12-23 22:48:42,191 [sec.py] => backbone.TSP.e_p_5: 4608
2025-12-23 22:48:42,191 [sec.py] => backbone.TSP.e_k_5: 1536
2025-12-23 22:48:42,191 [sec.py] => backbone.TSP.e_a_5: 1536
2025-12-23 22:48:42,191 [sec.py] => backbone.TSP.e_p_6: 4608
2025-12-23 22:48:42,191 [sec.py] => backbone.TSP.e_k_6: 1536
2025-12-23 22:48:42,191 [sec.py] => backbone.TSP.e_a_6: 1536
2025-12-23 22:48:42,191 [sec.py] => backbone.TSP.e_p_7: 4608
2025-12-23 22:48:42,191 [sec.py] => backbone.TSP.e_k_7: 1536
2025-12-23 22:48:42,191 [sec.py] => backbone.TSP.e_a_7: 1536
2025-12-23 22:48:42,191 [sec.py] => backbone.TSP.e_p_8: 4608
2025-12-23 22:48:42,191 [sec.py] => backbone.TSP.e_k_8: 1536
2025-12-23 22:48:42,191 [sec.py] => backbone.TSP.e_a_8: 1536
2025-12-23 22:48:42,197 [sec.py] => training set size: 25, fc construct set size: 25
2025-12-23 22:49:57,342 [trainer.py] => CNN: {'total': 83.73, '00-99': 87.19, '100-104': 85.11, '105-109': 80.77, '110-114': 77.19, '115-119': 65.15, '120-124': 77.55, '125-129': 60.32, '130-134': 77.63, '135-139': 90.74, '140-144': 66.0, '145-149': 78.12, '150-154': 80.0, '155-159': 82.0, '160-164': 89.86, '165-169': 93.75, '170-174': 84.0, '175-179': 84.0, '180-184': 76.0, '185-189': 100.0, '190-194': 92.0, '195-199': 84.0, 'old': 83.4, 'new': 93.75}
2025-12-23 22:49:57,378 [trainer.py] => Top1 curve: [88.04, 86.95, 86.69, 86.66, 85.43, 85.58, 84.05, 84.12, 84.1, 83.44, 83.08, 83.08, 83.32, 83.4, 83.73]
2025-12-23 22:49:57,379 [trainer.py] => Average Accuracy (CNN): 84.78
2025-12-23 22:49:57,388 [sec.py] => Learning on 170-175
2025-12-23 22:49:57,417 [sec.py] => All params: 89523456
2025-12-23 22:49:57,417 [sec.py] => Actual trainable params (excluding detached): 61440
2025-12-23 22:49:57,417 [sec.py] => TSP active prompts: 2 (total: 80)
2025-12-23 22:49:57,417 [sec.py] => RSP active prompts: 0 (total: 50)
2025-12-23 22:49:57,417 [sec.py] => Excluded params: head, detached prompts
2025-12-23 22:49:57,417 [sec.py] => backbone.TSP.e_p_1: 4608
2025-12-23 22:49:57,417 [sec.py] => backbone.TSP.e_k_1: 1536
2025-12-23 22:49:57,417 [sec.py] => backbone.TSP.e_a_1: 1536
2025-12-23 22:49:57,417 [sec.py] => backbone.TSP.e_p_2: 4608
2025-12-23 22:49:57,417 [sec.py] => backbone.TSP.e_k_2: 1536
2025-12-23 22:49:57,417 [sec.py] => backbone.TSP.e_a_2: 1536
2025-12-23 22:49:57,417 [sec.py] => backbone.TSP.e_p_3: 4608
2025-12-23 22:49:57,418 [sec.py] => backbone.TSP.e_k_3: 1536
2025-12-23 22:49:57,418 [sec.py] => backbone.TSP.e_a_3: 1536
2025-12-23 22:49:57,418 [sec.py] => backbone.TSP.e_p_4: 4608
2025-12-23 22:49:57,418 [sec.py] => backbone.TSP.e_k_4: 1536
2025-12-23 22:49:57,418 [sec.py] => backbone.TSP.e_a_4: 1536
2025-12-23 22:49:57,418 [sec.py] => backbone.TSP.e_p_5: 4608
2025-12-23 22:49:57,418 [sec.py] => backbone.TSP.e_k_5: 1536
2025-12-23 22:49:57,418 [sec.py] => backbone.TSP.e_a_5: 1536
2025-12-23 22:49:57,418 [sec.py] => backbone.TSP.e_p_6: 4608
2025-12-23 22:49:57,418 [sec.py] => backbone.TSP.e_k_6: 1536
2025-12-23 22:49:57,418 [sec.py] => backbone.TSP.e_a_6: 1536
2025-12-23 22:49:57,418 [sec.py] => backbone.TSP.e_p_7: 4608
2025-12-23 22:49:57,418 [sec.py] => backbone.TSP.e_k_7: 1536
2025-12-23 22:49:57,418 [sec.py] => backbone.TSP.e_a_7: 1536
2025-12-23 22:49:57,418 [sec.py] => backbone.TSP.e_p_8: 4608
2025-12-23 22:49:57,418 [sec.py] => backbone.TSP.e_k_8: 1536
2025-12-23 22:49:57,418 [sec.py] => backbone.TSP.e_a_8: 1536
2025-12-23 22:49:57,424 [sec.py] => training set size: 25, fc construct set size: 25
2025-12-23 22:51:13,109 [trainer.py] => CNN: {'total': 83.42, '00-99': 87.11, '100-104': 85.11, '105-109': 80.77, '110-114': 77.19, '115-119': 66.67, '120-124': 77.55, '125-129': 60.32, '130-134': 77.63, '135-139': 90.74, '140-144': 66.0, '145-149': 78.12, '150-154': 80.0, '155-159': 80.0, '160-164': 84.06, '165-169': 89.06, '170-174': 85.92, '175-179': 76.0, '180-184': 84.0, '185-189': 80.0, '190-194': 80.0, '195-199': 84.0, 'old': 83.33, 'new': 85.92}
2025-12-23 22:51:13,140 [trainer.py] => Top1 curve: [88.04, 86.95, 86.69, 86.66, 85.43, 85.58, 84.05, 84.12, 84.1, 83.44, 83.08, 83.08, 83.32, 83.4, 83.73, 83.42]
2025-12-23 22:51:13,140 [trainer.py] => Average Accuracy (CNN): 84.69
2025-12-23 22:51:13,157 [sec.py] => Learning on 175-180
2025-12-23 22:51:13,179 [sec.py] => All params: 89523456
2025-12-23 22:51:13,179 [sec.py] => Actual trainable params (excluding detached): 61440
2025-12-23 22:51:13,179 [sec.py] => TSP active prompts: 2 (total: 82)
2025-12-23 22:51:13,179 [sec.py] => RSP active prompts: 0 (total: 50)
2025-12-23 22:51:13,179 [sec.py] => Excluded params: head, detached prompts
2025-12-23 22:51:13,179 [sec.py] => backbone.TSP.e_p_1: 4608
2025-12-23 22:51:13,179 [sec.py] => backbone.TSP.e_k_1: 1536
2025-12-23 22:51:13,179 [sec.py] => backbone.TSP.e_a_1: 1536
2025-12-23 22:51:13,179 [sec.py] => backbone.TSP.e_p_2: 4608
2025-12-23 22:51:13,179 [sec.py] => backbone.TSP.e_k_2: 1536
2025-12-23 22:51:13,179 [sec.py] => backbone.TSP.e_a_2: 1536
2025-12-23 22:51:13,179 [sec.py] => backbone.TSP.e_p_3: 4608
2025-12-23 22:51:13,180 [sec.py] => backbone.TSP.e_k_3: 1536
2025-12-23 22:51:13,180 [sec.py] => backbone.TSP.e_a_3: 1536
2025-12-23 22:51:13,180 [sec.py] => backbone.TSP.e_p_4: 4608
2025-12-23 22:51:13,180 [sec.py] => backbone.TSP.e_k_4: 1536
2025-12-23 22:51:13,180 [sec.py] => backbone.TSP.e_a_4: 1536
2025-12-23 22:51:13,180 [sec.py] => backbone.TSP.e_p_5: 4608
2025-12-23 22:51:13,180 [sec.py] => backbone.TSP.e_k_5: 1536
2025-12-23 22:51:13,180 [sec.py] => backbone.TSP.e_a_5: 1536
2025-12-23 22:51:13,180 [sec.py] => backbone.TSP.e_p_6: 4608
2025-12-23 22:51:13,180 [sec.py] => backbone.TSP.e_k_6: 1536
2025-12-23 22:51:13,180 [sec.py] => backbone.TSP.e_a_6: 1536
2025-12-23 22:51:13,180 [sec.py] => backbone.TSP.e_p_7: 4608
2025-12-23 22:51:13,180 [sec.py] => backbone.TSP.e_k_7: 1536
2025-12-23 22:51:13,180 [sec.py] => backbone.TSP.e_a_7: 1536
2025-12-23 22:51:13,180 [sec.py] => backbone.TSP.e_p_8: 4608
2025-12-23 22:51:13,180 [sec.py] => backbone.TSP.e_k_8: 1536
2025-12-23 22:51:13,180 [sec.py] => backbone.TSP.e_a_8: 1536
2025-12-23 22:51:13,185 [sec.py] => training set size: 25, fc construct set size: 25
2025-12-23 22:52:30,305 [trainer.py] => CNN: {'total': 83.29, '00-99': 87.02, '100-104': 85.11, '105-109': 80.77, '110-114': 77.19, '115-119': 66.67, '120-124': 77.55, '125-129': 60.32, '130-134': 77.63, '135-139': 90.74, '140-144': 66.0, '145-149': 78.12, '150-154': 80.0, '155-159': 80.0, '160-164': 82.61, '165-169': 87.5, '170-174': 84.51, '175-179': 86.0, '180-184': 96.0, '185-189': 92.0, '190-194': 88.0, '195-199': 96.0, 'old': 83.23, 'new': 86.0}
2025-12-23 22:52:30,341 [trainer.py] => Top1 curve: [88.04, 86.95, 86.69, 86.66, 85.43, 85.58, 84.05, 84.12, 84.1, 83.44, 83.08, 83.08, 83.32, 83.4, 83.73, 83.42, 83.29]
2025-12-23 22:52:30,342 [trainer.py] => Average Accuracy (CNN): 84.61
2025-12-23 22:52:30,350 [sec.py] => Learning on 180-185
2025-12-23 22:52:30,383 [sec.py] => All params: 89523456
2025-12-23 22:52:30,383 [sec.py] => Actual trainable params (excluding detached): 61440
2025-12-23 22:52:30,383 [sec.py] => TSP active prompts: 2 (total: 84)
2025-12-23 22:52:30,383 [sec.py] => RSP active prompts: 0 (total: 50)
2025-12-23 22:52:30,383 [sec.py] => Excluded params: head, detached prompts
2025-12-23 22:52:30,383 [sec.py] => backbone.TSP.e_p_1: 4608
2025-12-23 22:52:30,383 [sec.py] => backbone.TSP.e_k_1: 1536
2025-12-23 22:52:30,383 [sec.py] => backbone.TSP.e_a_1: 1536
2025-12-23 22:52:30,383 [sec.py] => backbone.TSP.e_p_2: 4608
2025-12-23 22:52:30,384 [sec.py] => backbone.TSP.e_k_2: 1536
2025-12-23 22:52:30,384 [sec.py] => backbone.TSP.e_a_2: 1536
2025-12-23 22:52:30,384 [sec.py] => backbone.TSP.e_p_3: 4608
2025-12-23 22:52:30,384 [sec.py] => backbone.TSP.e_k_3: 1536
2025-12-23 22:52:30,384 [sec.py] => backbone.TSP.e_a_3: 1536
2025-12-23 22:52:30,384 [sec.py] => backbone.TSP.e_p_4: 4608
2025-12-23 22:52:30,384 [sec.py] => backbone.TSP.e_k_4: 1536
2025-12-23 22:52:30,384 [sec.py] => backbone.TSP.e_a_4: 1536
2025-12-23 22:52:30,384 [sec.py] => backbone.TSP.e_p_5: 4608
2025-12-23 22:52:30,384 [sec.py] => backbone.TSP.e_k_5: 1536
2025-12-23 22:52:30,384 [sec.py] => backbone.TSP.e_a_5: 1536
2025-12-23 22:52:30,384 [sec.py] => backbone.TSP.e_p_6: 4608
2025-12-23 22:52:30,384 [sec.py] => backbone.TSP.e_k_6: 1536
2025-12-23 22:52:30,384 [sec.py] => backbone.TSP.e_a_6: 1536
2025-12-23 22:52:30,384 [sec.py] => backbone.TSP.e_p_7: 4608
2025-12-23 22:52:30,384 [sec.py] => backbone.TSP.e_k_7: 1536
2025-12-23 22:52:30,384 [sec.py] => backbone.TSP.e_a_7: 1536
2025-12-23 22:52:30,384 [sec.py] => backbone.TSP.e_p_8: 4608
2025-12-23 22:52:30,384 [sec.py] => backbone.TSP.e_k_8: 1536
2025-12-23 22:52:30,384 [sec.py] => backbone.TSP.e_a_8: 1536
2025-12-23 22:52:30,389 [sec.py] => training set size: 25, fc construct set size: 25
2025-12-23 22:53:49,325 [trainer.py] => CNN: {'total': 83.31, '00-99': 86.93, '100-104': 85.11, '105-109': 80.77, '110-114': 77.19, '115-119': 65.15, '120-124': 77.55, '125-129': 60.32, '130-134': 77.63, '135-139': 90.74, '140-144': 66.0, '145-149': 78.12, '150-154': 80.0, '155-159': 80.0, '160-164': 82.61, '165-169': 87.5, '170-174': 84.51, '175-179': 82.0, '180-184': 90.32, '185-189': 92.0, '190-194': 100.0, '195-199': 96.0, 'old': 83.1, 'new': 90.32}
2025-12-23 22:53:49,346 [trainer.py] => Top1 curve: [88.04, 86.95, 86.69, 86.66, 85.43, 85.58, 84.05, 84.12, 84.1, 83.44, 83.08, 83.08, 83.32, 83.4, 83.73, 83.42, 83.29, 83.31]
2025-12-23 22:53:49,347 [trainer.py] => Average Accuracy (CNN): 84.54
2025-12-23 22:53:49,360 [sec.py] => Learning on 185-190
2025-12-23 22:53:49,377 [sec.py] => All params: 89523456
2025-12-23 22:53:49,378 [sec.py] => Actual trainable params (excluding detached): 61440
2025-12-23 22:53:49,378 [sec.py] => TSP active prompts: 2 (total: 86)
2025-12-23 22:53:49,378 [sec.py] => RSP active prompts: 0 (total: 50)
2025-12-23 22:53:49,378 [sec.py] => Excluded params: head, detached prompts
2025-12-23 22:53:49,378 [sec.py] => backbone.TSP.e_p_1: 4608
2025-12-23 22:53:49,378 [sec.py] => backbone.TSP.e_k_1: 1536
2025-12-23 22:53:49,378 [sec.py] => backbone.TSP.e_a_1: 1536
2025-12-23 22:53:49,378 [sec.py] => backbone.TSP.e_p_2: 4608
2025-12-23 22:53:49,378 [sec.py] => backbone.TSP.e_k_2: 1536
2025-12-23 22:53:49,378 [sec.py] => backbone.TSP.e_a_2: 1536
2025-12-23 22:53:49,378 [sec.py] => backbone.TSP.e_p_3: 4608
2025-12-23 22:53:49,378 [sec.py] => backbone.TSP.e_k_3: 1536
2025-12-23 22:53:49,378 [sec.py] => backbone.TSP.e_a_3: 1536
2025-12-23 22:53:49,378 [sec.py] => backbone.TSP.e_p_4: 4608
2025-12-23 22:53:49,378 [sec.py] => backbone.TSP.e_k_4: 1536
2025-12-23 22:53:49,378 [sec.py] => backbone.TSP.e_a_4: 1536
2025-12-23 22:53:49,378 [sec.py] => backbone.TSP.e_p_5: 4608
2025-12-23 22:53:49,378 [sec.py] => backbone.TSP.e_k_5: 1536
2025-12-23 22:53:49,378 [sec.py] => backbone.TSP.e_a_5: 1536
2025-12-23 22:53:49,378 [sec.py] => backbone.TSP.e_p_6: 4608
2025-12-23 22:53:49,378 [sec.py] => backbone.TSP.e_k_6: 1536
2025-12-23 22:53:49,378 [sec.py] => backbone.TSP.e_a_6: 1536
2025-12-23 22:53:49,379 [sec.py] => backbone.TSP.e_p_7: 4608
2025-12-23 22:53:49,379 [sec.py] => backbone.TSP.e_k_7: 1536
2025-12-23 22:53:49,379 [sec.py] => backbone.TSP.e_a_7: 1536
2025-12-23 22:53:49,379 [sec.py] => backbone.TSP.e_p_8: 4608
2025-12-23 22:53:49,379 [sec.py] => backbone.TSP.e_k_8: 1536
2025-12-23 22:53:49,379 [sec.py] => backbone.TSP.e_a_8: 1536
2025-12-23 22:53:49,383 [sec.py] => training set size: 25, fc construct set size: 25
2025-12-23 22:55:06,691 [trainer.py] => CNN: {'total': 83.62, '00-99': 86.93, '100-104': 85.11, '105-109': 80.77, '110-114': 77.19, '115-119': 65.15, '120-124': 77.55, '125-129': 60.32, '130-134': 77.63, '135-139': 90.74, '140-144': 66.0, '145-149': 78.12, '150-154': 80.0, '155-159': 80.0, '160-164': 81.16, '165-169': 87.5, '170-174': 84.51, '175-179': 82.0, '180-184': 88.71, '185-189': 98.33, '190-194': 92.0, '195-199': 84.0, 'old': 83.22, 'new': 98.33}
2025-12-23 22:55:06,707 [trainer.py] => Top1 curve: [88.04, 86.95, 86.69, 86.66, 85.43, 85.58, 84.05, 84.12, 84.1, 83.44, 83.08, 83.08, 83.32, 83.4, 83.73, 83.42, 83.29, 83.31, 83.62]
2025-12-23 22:55:06,707 [trainer.py] => Average Accuracy (CNN): 84.49
2025-12-23 22:55:07,325 [sec.py] => Learning on 190-195
2025-12-23 22:55:07,365 [sec.py] => All params: 89523456
2025-12-23 22:55:07,365 [sec.py] => Actual trainable params (excluding detached): 61440
2025-12-23 22:55:07,365 [sec.py] => TSP active prompts: 2 (total: 88)
2025-12-23 22:55:07,365 [sec.py] => RSP active prompts: 0 (total: 50)
2025-12-23 22:55:07,365 [sec.py] => Excluded params: head, detached prompts
2025-12-23 22:55:07,365 [sec.py] => backbone.TSP.e_p_1: 4608
2025-12-23 22:55:07,365 [sec.py] => backbone.TSP.e_k_1: 1536
2025-12-23 22:55:07,365 [sec.py] => backbone.TSP.e_a_1: 1536
2025-12-23 22:55:07,365 [sec.py] => backbone.TSP.e_p_2: 4608
2025-12-23 22:55:07,365 [sec.py] => backbone.TSP.e_k_2: 1536
2025-12-23 22:55:07,365 [sec.py] => backbone.TSP.e_a_2: 1536
2025-12-23 22:55:07,365 [sec.py] => backbone.TSP.e_p_3: 4608
2025-12-23 22:55:07,365 [sec.py] => backbone.TSP.e_k_3: 1536
2025-12-23 22:55:07,366 [sec.py] => backbone.TSP.e_a_3: 1536
2025-12-23 22:55:07,366 [sec.py] => backbone.TSP.e_p_4: 4608
2025-12-23 22:55:07,366 [sec.py] => backbone.TSP.e_k_4: 1536
2025-12-23 22:55:07,366 [sec.py] => backbone.TSP.e_a_4: 1536
2025-12-23 22:55:07,366 [sec.py] => backbone.TSP.e_p_5: 4608
2025-12-23 22:55:07,366 [sec.py] => backbone.TSP.e_k_5: 1536
2025-12-23 22:55:07,366 [sec.py] => backbone.TSP.e_a_5: 1536
2025-12-23 22:55:07,366 [sec.py] => backbone.TSP.e_p_6: 4608
2025-12-23 22:55:07,366 [sec.py] => backbone.TSP.e_k_6: 1536
2025-12-23 22:55:07,366 [sec.py] => backbone.TSP.e_a_6: 1536
2025-12-23 22:55:07,366 [sec.py] => backbone.TSP.e_p_7: 4608
2025-12-23 22:55:07,366 [sec.py] => backbone.TSP.e_k_7: 1536
2025-12-23 22:55:07,366 [sec.py] => backbone.TSP.e_a_7: 1536
2025-12-23 22:55:07,366 [sec.py] => backbone.TSP.e_p_8: 4608
2025-12-23 22:55:07,366 [sec.py] => backbone.TSP.e_k_8: 1536
2025-12-23 22:55:07,366 [sec.py] => backbone.TSP.e_a_8: 1536
2025-12-23 22:55:07,371 [sec.py] => training set size: 25, fc construct set size: 25
2025-12-23 22:56:35,743 [trainer.py] => CNN: {'total': 84.13, '00-99': 86.85, '100-104': 85.11, '105-109': 80.77, '110-114': 77.19, '115-119': 65.15, '120-124': 77.55, '125-129': 61.9, '130-134': 77.63, '135-139': 90.74, '140-144': 66.0, '145-149': 78.12, '150-154': 80.0, '155-159': 80.0, '160-164': 84.06, '165-169': 87.5, '170-174': 84.51, '175-179': 82.0, '180-184': 90.32, '185-189': 98.33, '190-194': 96.92, '195-199': 96.0, 'old': 83.76, 'new': 96.92}
2025-12-23 22:56:35,781 [trainer.py] => Top1 curve: [88.04, 86.95, 86.69, 86.66, 85.43, 85.58, 84.05, 84.12, 84.1, 83.44, 83.08, 83.08, 83.32, 83.4, 83.73, 83.42, 83.29, 83.31, 83.62, 84.13]
2025-12-23 22:56:35,781 [trainer.py] => Average Accuracy (CNN): 84.47
2025-12-23 22:56:35,795 [sec.py] => Learning on 195-200
2025-12-23 22:56:35,861 [sec.py] => All params: 89523456
2025-12-23 22:56:35,862 [sec.py] => Actual trainable params (excluding detached): 61440
2025-12-23 22:56:35,862 [sec.py] => TSP active prompts: 2 (total: 90)
2025-12-23 22:56:35,862 [sec.py] => RSP active prompts: 0 (total: 50)
2025-12-23 22:56:35,862 [sec.py] => Excluded params: head, detached prompts
2025-12-23 22:56:35,862 [sec.py] => backbone.TSP.e_p_1: 4608
2025-12-23 22:56:35,862 [sec.py] => backbone.TSP.e_k_1: 1536
2025-12-23 22:56:35,862 [sec.py] => backbone.TSP.e_a_1: 1536
2025-12-23 22:56:35,862 [sec.py] => backbone.TSP.e_p_2: 4608
2025-12-23 22:56:35,862 [sec.py] => backbone.TSP.e_k_2: 1536
2025-12-23 22:56:35,862 [sec.py] => backbone.TSP.e_a_2: 1536
2025-12-23 22:56:35,862 [sec.py] => backbone.TSP.e_p_3: 4608
2025-12-23 22:56:35,862 [sec.py] => backbone.TSP.e_k_3: 1536
2025-12-23 22:56:35,865 [sec.py] => backbone.TSP.e_a_3: 1536
2025-12-23 22:56:35,865 [sec.py] => backbone.TSP.e_p_4: 4608
2025-12-23 22:56:35,865 [sec.py] => backbone.TSP.e_k_4: 1536
2025-12-23 22:56:35,865 [sec.py] => backbone.TSP.e_a_4: 1536
2025-12-23 22:56:35,865 [sec.py] => backbone.TSP.e_p_5: 4608
2025-12-23 22:56:35,865 [sec.py] => backbone.TSP.e_k_5: 1536
2025-12-23 22:56:35,865 [sec.py] => backbone.TSP.e_a_5: 1536
2025-12-23 22:56:35,865 [sec.py] => backbone.TSP.e_p_6: 4608
2025-12-23 22:56:35,865 [sec.py] => backbone.TSP.e_k_6: 1536
2025-12-23 22:56:35,865 [sec.py] => backbone.TSP.e_a_6: 1536
2025-12-23 22:56:35,865 [sec.py] => backbone.TSP.e_p_7: 4608
2025-12-23 22:56:35,865 [sec.py] => backbone.TSP.e_k_7: 1536
2025-12-23 22:56:35,865 [sec.py] => backbone.TSP.e_a_7: 1536
2025-12-23 22:56:35,865 [sec.py] => backbone.TSP.e_p_8: 4608
2025-12-23 22:56:35,865 [sec.py] => backbone.TSP.e_k_8: 1536
2025-12-23 22:56:35,866 [sec.py] => backbone.TSP.e_a_8: 1536
2025-12-23 22:56:35,870 [sec.py] => training set size: 25, fc construct set size: 25
2025-12-23 22:57:49,303 [trainer.py] => CNN: {'total': 84.27, '00-99': 86.93, '100-104': 85.11, '105-109': 80.77, '110-114': 77.19, '115-119': 65.15, '120-124': 77.55, '125-129': 61.9, '130-134': 77.63, '135-139': 88.89, '140-144': 66.0, '145-149': 78.12, '150-154': 80.0, '155-159': 80.0, '160-164': 84.06, '165-169': 87.5, '170-174': 83.1, '175-179': 82.0, '180-184': 90.32, '185-189': 98.33, '190-194': 92.31, '195-199': 96.55, 'old': 83.96, 'new': 96.55}
2025-12-23 22:57:49,328 [trainer.py] => Top1 curve: [88.04, 86.95, 86.69, 86.66, 85.43, 85.58, 84.05, 84.12, 84.1, 83.44, 83.08, 83.08, 83.32, 83.4, 83.73, 83.42, 83.29, 83.31, 83.62, 84.13, 84.27]
2025-12-23 22:57:49,328 [trainer.py] => Average Accuracy (CNN): 84.46

================================================================================
Finished cub_init100_inc5: pretrained_vit_b16_224_vpt  
Base Accuracy: 88.04
Last Accuracy: 84.27
Average Accuracy (Top1): 84.46
PD: 3.77
Backward Transfer (BWT): -2.49
Traceback (most recent call last):
  File "/public/home/hanlida/Dr.1/Code/Research/Awesome-FSCIL/SEC-Prompt-main/main.py", line 29, in <module>
    main()
  File "/public/home/hanlida/Dr.1/Code/Research/Awesome-FSCIL/SEC-Prompt-main/main.py", line 11, in main
    train(args)
  File "/public/home/hanlida/Dr.1/Code/Research/Awesome-FSCIL/SEC-Prompt-main/trainer.py", line 21, in train
    _train(args)
  File "/public/home/hanlida/Dr.1/Code/Research/Awesome-FSCIL/SEC-Prompt-main/trainer.py", line 201, in _train
    print("Forward Transfer (FWT):", forward_transfer(args["dataset"], np.array(cnn_matrix)))
  File "/public/home/hanlida/Dr.1/Code/Research/Awesome-FSCIL/SEC-Prompt-main/trainer.py", line 347, in forward_transfer
    fwt_diffs = fwt_accs - rand_init_acc_for_fwt
ValueError: operands could not be broadcast together with shapes (20,) (10,) 
2025-12-23 22:58:17,275 [trainer.py] => config: ./configs/SEC-Prompt_cifar_B60_Inc2.json
2025-12-23 22:58:17,286 [trainer.py] => lamda: 0.5
2025-12-23 22:58:17,286 [trainer.py] => aug: 2
2025-12-23 22:58:17,286 [trainer.py] => prompt_token_num: 6
2025-12-23 22:58:17,286 [trainer.py] => prompt_pool_num: 0.5
2025-12-23 22:58:17,286 [trainer.py] => model_name: sec
2025-12-23 22:58:17,286 [trainer.py] => backbone_type: pretrained_vit_b16_224_vpt
2025-12-23 22:58:17,286 [trainer.py] => device: [device(type='cuda', index=2)]
2025-12-23 22:58:17,286 [trainer.py] => seed: 1993
2025-12-23 22:58:17,286 [trainer.py] => dataset: cifar224
2025-12-23 22:58:17,286 [trainer.py] => init_cls: 60
2025-12-23 22:58:17,286 [trainer.py] => increment: 2
2025-12-23 22:58:17,286 [trainer.py] => kshot: 5
2025-12-23 22:58:17,286 [trainer.py] => vpt_type: Deep
2025-12-23 22:58:17,286 [trainer.py] => kl_weight: 0.001
2025-12-23 22:58:17,286 [trainer.py] => tuned_epoch: 30
2025-12-23 22:58:17,286 [trainer.py] => fs_epoch: 10
2025-12-23 22:58:17,286 [trainer.py] => init_lr: 0.01
2025-12-23 22:58:17,287 [trainer.py] => fs_lr: 0.001
2025-12-23 22:58:17,287 [trainer.py] => batch_size: 32
2025-12-23 22:58:17,287 [trainer.py] => fs_batch_size: 16
2025-12-23 22:58:17,287 [trainer.py] => weight_decay: 0.005
2025-12-23 22:58:17,287 [trainer.py] => min_lr: 0
2025-12-23 22:58:17,287 [trainer.py] => optimizer: sgd
2025-12-23 22:58:17,287 [trainer.py] => shuffle: False
2025-12-23 22:58:17,287 [trainer.py] => top_k: 5
2025-12-23 22:58:17,287 [trainer.py] => base_model_path: saved_model/sec_tr/cifar224/30_0.01/6_0.5/sec_30_1993_32.pth
2025-12-23 22:58:17,287 [trainer.py] => prefix: sec
2025-12-23 22:58:17,287 [trainer.py] => model_prefix: sec
2025-12-23 22:58:17,287 [trainer.py] => beta: 0.5
2025-12-23 22:58:17,287 [trainer.py] => memory_size: 0
2025-12-23 22:58:17,287 [trainer.py] => memory_per_class: 0
2025-12-23 22:58:17,287 [trainer.py] => fixed_memory: False
2025-12-23 22:58:19,170 [data_manager.py] => [0, 1, 2, 3, 4, 5, 6, 7, 8, 9, 10, 11, 12, 13, 14, 15, 16, 17, 18, 19, 20, 21, 22, 23, 24, 25, 26, 27, 28, 29, 30, 31, 32, 33, 34, 35, 36, 37, 38, 39, 40, 41, 42, 43, 44, 45, 46, 47, 48, 49, 50, 51, 52, 53, 54, 55, 56, 57, 58, 59, 60, 61, 62, 63, 64, 65, 66, 67, 68, 69, 70, 71, 72, 73, 74, 75, 76, 77, 78, 79, 80, 81, 82, 83, 84, 85, 86, 87, 88, 89, 90, 91, 92, 93, 94, 95, 96, 97, 98, 99]
This is for the BaseNet initialization.
modelname, pretrained_vit_b16_224_vpt basicmodelname vit_base_patch16_224
Using VPT model
Using Deep Prompt
After BaseNet initialization.
2025-12-23 22:59:05,782 [sec.py] => Learning on 0-60
2025-12-23 22:59:22,697 [sec.py] => All params: 87910656
2025-12-23 22:59:22,754 [sec.py] => Actual trainable params (excluding detached): 1497600
2025-12-23 22:59:22,754 [sec.py] => TSP active prompts: 30 (total: 30)
2025-12-23 22:59:22,754 [sec.py] => RSP active prompts: 30 (total: 30)
2025-12-23 22:59:22,754 [sec.py] => Excluded params: head, detached prompts
2025-12-23 22:59:22,754 [sec.py] => backbone.TSP.e_p_1: 69120
2025-12-23 22:59:22,754 [sec.py] => backbone.TSP.e_k_1: 23040
2025-12-23 22:59:22,755 [sec.py] => backbone.TSP.e_a_1: 23040
2025-12-23 22:59:22,755 [sec.py] => backbone.TSP.e_p_2: 69120
2025-12-23 22:59:22,755 [sec.py] => backbone.TSP.e_k_2: 23040
2025-12-23 22:59:22,755 [sec.py] => backbone.TSP.e_a_2: 23040
2025-12-23 22:59:22,755 [sec.py] => backbone.TSP.e_p_3: 69120
2025-12-23 22:59:22,755 [sec.py] => backbone.TSP.e_k_3: 23040
2025-12-23 22:59:22,755 [sec.py] => backbone.TSP.e_a_3: 23040
2025-12-23 22:59:22,755 [sec.py] => backbone.TSP.e_p_4: 69120
2025-12-23 22:59:22,755 [sec.py] => backbone.TSP.e_k_4: 23040
2025-12-23 22:59:22,755 [sec.py] => backbone.TSP.e_a_4: 23040
2025-12-23 22:59:22,755 [sec.py] => backbone.TSP.e_p_5: 69120
2025-12-23 22:59:22,755 [sec.py] => backbone.TSP.e_k_5: 23040
2025-12-23 22:59:22,755 [sec.py] => backbone.TSP.e_a_5: 23040
2025-12-23 22:59:22,755 [sec.py] => backbone.TSP.e_p_6: 69120
2025-12-23 22:59:22,755 [sec.py] => backbone.TSP.e_k_6: 23040
2025-12-23 22:59:22,755 [sec.py] => backbone.TSP.e_a_6: 23040
2025-12-23 22:59:22,755 [sec.py] => backbone.TSP.e_p_7: 69120
2025-12-23 22:59:22,755 [sec.py] => backbone.TSP.e_k_7: 23040
2025-12-23 22:59:22,755 [sec.py] => backbone.TSP.e_a_7: 23040
2025-12-23 22:59:22,755 [sec.py] => backbone.TSP.e_p_8: 69120
2025-12-23 22:59:22,755 [sec.py] => backbone.TSP.e_k_8: 23040
2025-12-23 22:59:22,755 [sec.py] => backbone.TSP.e_a_8: 23040
2025-12-23 22:59:22,755 [sec.py] => backbone.RSP.e_p_1: 69120
2025-12-23 22:59:22,755 [sec.py] => backbone.RSP.e_k_1: 23040
2025-12-23 22:59:22,755 [sec.py] => backbone.RSP.e_a_1: 23040
2025-12-23 22:59:22,756 [sec.py] => backbone.RSP.e_p_2: 69120
2025-12-23 22:59:22,756 [sec.py] => backbone.RSP.e_k_2: 23040
2025-12-23 22:59:22,756 [sec.py] => backbone.RSP.e_a_2: 23040
2025-12-23 22:59:22,756 [sec.py] => backbone.RSP.e_p_3: 69120
2025-12-23 22:59:22,756 [sec.py] => backbone.RSP.e_k_3: 23040
2025-12-23 22:59:22,756 [sec.py] => backbone.RSP.e_a_3: 23040
2025-12-23 22:59:22,756 [sec.py] => backbone.RSP.e_p_4: 69120
2025-12-23 22:59:22,756 [sec.py] => backbone.RSP.e_k_4: 23040
2025-12-23 22:59:22,756 [sec.py] => backbone.RSP.e_a_4: 23040
2025-12-23 22:59:22,756 [sec.py] => backbone.RSP.e_p_5: 69120
2025-12-23 22:59:22,756 [sec.py] => backbone.RSP.e_k_5: 23040
2025-12-23 22:59:22,756 [sec.py] => backbone.RSP.e_a_5: 23040
2025-12-23 22:59:23,009 [sec.py] => training set size: 30000, fc construct set size: 30000
/public/home/hanlida/Dr.1/Code/Research/Awesome-FSCIL/SEC-Prompt-main/backbone/zoo.py:205: UserWarning: Implicit dimension choice for softmax has been deprecated. Change the call to include dim=X as an argument.
  aq_k = torch.nn.functional.softmax(aq_k)
2025-12-24 06:46:30,819 [trainer.py] => CNN: {'total': 91.48, '00-59': 91.48, '60-61': 40.0, '62-63': 70.0, '64-65': 60.0, '66-67': 70.0, '68-69': 70.0, '70-71': 90.0, '72-73': 90.0, '74-75': 70.0, '76-77': 90.0, '78-79': 80.0, '80-81': 90.0, '82-83': 90.0, '84-85': 80.0, '86-87': 80.0, '88-89': 50.0, '90-91': 70.0, '92-93': 60.0, '94-95': 60.0, '96-97': 90.0, '98-99': 60.0, 'old': 0, 'new': 91.48}
2025-12-24 06:46:30,848 [trainer.py] => Top1 curve: [91.48]
2025-12-24 06:46:30,848 [trainer.py] => Average Accuracy (CNN): 91.48
2025-12-24 06:46:30,855 [sec.py] => Learning on 60-62
2025-12-24 06:46:30,874 [sec.py] => All params: 87910656
2025-12-24 06:46:30,874 [sec.py] => Actual trainable params (excluding detached): 30720
2025-12-24 06:46:30,874 [sec.py] => TSP active prompts: 1 (total: 31)
2025-12-24 06:46:30,874 [sec.py] => RSP active prompts: 0 (total: 30)
2025-12-24 06:46:30,874 [sec.py] => Excluded params: head, detached prompts
2025-12-24 06:46:30,874 [sec.py] => backbone.TSP.e_p_1: 2304
2025-12-24 06:46:30,874 [sec.py] => backbone.TSP.e_k_1: 768
2025-12-24 06:46:30,874 [sec.py] => backbone.TSP.e_a_1: 768
2025-12-24 06:46:30,874 [sec.py] => backbone.TSP.e_p_2: 2304
2025-12-24 06:46:30,874 [sec.py] => backbone.TSP.e_k_2: 768
2025-12-24 06:46:30,874 [sec.py] => backbone.TSP.e_a_2: 768
2025-12-24 06:46:30,874 [sec.py] => backbone.TSP.e_p_3: 2304
2025-12-24 06:46:30,874 [sec.py] => backbone.TSP.e_k_3: 768
2025-12-24 06:46:30,874 [sec.py] => backbone.TSP.e_a_3: 768
2025-12-24 06:46:30,874 [sec.py] => backbone.TSP.e_p_4: 2304
2025-12-24 06:46:30,874 [sec.py] => backbone.TSP.e_k_4: 768
2025-12-24 06:46:30,875 [sec.py] => backbone.TSP.e_a_4: 768
2025-12-24 06:46:30,875 [sec.py] => backbone.TSP.e_p_5: 2304
2025-12-24 06:46:30,875 [sec.py] => backbone.TSP.e_k_5: 768
2025-12-24 06:46:30,875 [sec.py] => backbone.TSP.e_a_5: 768
2025-12-24 06:46:30,875 [sec.py] => backbone.TSP.e_p_6: 2304
2025-12-24 06:46:30,875 [sec.py] => backbone.TSP.e_k_6: 768
2025-12-24 06:46:30,875 [sec.py] => backbone.TSP.e_a_6: 768
2025-12-24 06:46:30,875 [sec.py] => backbone.TSP.e_p_7: 2304
2025-12-24 06:46:30,875 [sec.py] => backbone.TSP.e_k_7: 768
2025-12-24 06:46:30,875 [sec.py] => backbone.TSP.e_a_7: 768
2025-12-24 06:46:30,875 [sec.py] => backbone.TSP.e_p_8: 2304
2025-12-24 06:46:30,875 [sec.py] => backbone.TSP.e_k_8: 768
2025-12-24 06:46:30,875 [sec.py] => backbone.TSP.e_a_8: 768
2025-12-24 06:46:30,921 [sec.py] => training set size: 10, fc construct set size: 10
2025-12-24 06:48:06,995 [trainer.py] => CNN: {'total': 90.69, '00-59': 91.17, '60-61': 76.5, '62-63': 70.0, '64-65': 70.0, '66-67': 90.0, '68-69': 60.0, '70-71': 90.0, '72-73': 80.0, '74-75': 60.0, '76-77': 100.0, '78-79': 90.0, '80-81': 60.0, '82-83': 90.0, '84-85': 90.0, '86-87': 100.0, '88-89': 60.0, '90-91': 100.0, '92-93': 90.0, '94-95': 80.0, '96-97': 80.0, '98-99': 80.0, 'old': 91.17, 'new': 76.5}
2025-12-24 06:48:07,011 [trainer.py] => Top1 curve: [91.48, 90.69]
2025-12-24 06:48:07,011 [trainer.py] => Average Accuracy (CNN): 91.09
2025-12-24 06:48:07,034 [sec.py] => Learning on 62-64
2025-12-24 06:48:07,056 [sec.py] => All params: 87910656
2025-12-24 06:48:07,056 [sec.py] => Actual trainable params (excluding detached): 30720
2025-12-24 06:48:07,056 [sec.py] => TSP active prompts: 1 (total: 32)
2025-12-24 06:48:07,056 [sec.py] => RSP active prompts: 0 (total: 30)
2025-12-24 06:48:07,056 [sec.py] => Excluded params: head, detached prompts
2025-12-24 06:48:07,056 [sec.py] => backbone.TSP.e_p_1: 2304
2025-12-24 06:48:07,056 [sec.py] => backbone.TSP.e_k_1: 768
2025-12-24 06:48:07,056 [sec.py] => backbone.TSP.e_a_1: 768
2025-12-24 06:48:07,056 [sec.py] => backbone.TSP.e_p_2: 2304
2025-12-24 06:48:07,056 [sec.py] => backbone.TSP.e_k_2: 768
2025-12-24 06:48:07,056 [sec.py] => backbone.TSP.e_a_2: 768
2025-12-24 06:48:07,056 [sec.py] => backbone.TSP.e_p_3: 2304
2025-12-24 06:48:07,056 [sec.py] => backbone.TSP.e_k_3: 768
2025-12-24 06:48:07,056 [sec.py] => backbone.TSP.e_a_3: 768
2025-12-24 06:48:07,056 [sec.py] => backbone.TSP.e_p_4: 2304
2025-12-24 06:48:07,056 [sec.py] => backbone.TSP.e_k_4: 768
2025-12-24 06:48:07,056 [sec.py] => backbone.TSP.e_a_4: 768
2025-12-24 06:48:07,056 [sec.py] => backbone.TSP.e_p_5: 2304
2025-12-24 06:48:07,056 [sec.py] => backbone.TSP.e_k_5: 768
2025-12-24 06:48:07,056 [sec.py] => backbone.TSP.e_a_5: 768
2025-12-24 06:48:07,057 [sec.py] => backbone.TSP.e_p_6: 2304
2025-12-24 06:48:07,057 [sec.py] => backbone.TSP.e_k_6: 768
2025-12-24 06:48:07,057 [sec.py] => backbone.TSP.e_a_6: 768
2025-12-24 06:48:07,057 [sec.py] => backbone.TSP.e_p_7: 2304
2025-12-24 06:48:07,057 [sec.py] => backbone.TSP.e_k_7: 768
2025-12-24 06:48:07,057 [sec.py] => backbone.TSP.e_a_7: 768
2025-12-24 06:48:07,057 [sec.py] => backbone.TSP.e_p_8: 2304
2025-12-24 06:48:07,057 [sec.py] => backbone.TSP.e_k_8: 768
2025-12-24 06:48:07,057 [sec.py] => backbone.TSP.e_a_8: 768
2025-12-24 06:48:07,098 [sec.py] => training set size: 10, fc construct set size: 10
2025-12-24 06:49:45,610 [trainer.py] => CNN: {'total': 90.48, '00-59': 91.17, '60-61': 77.0, '62-63': 83.5, '64-65': 40.0, '66-67': 90.0, '68-69': 40.0, '70-71': 80.0, '72-73': 90.0, '74-75': 40.0, '76-77': 90.0, '78-79': 80.0, '80-81': 70.0, '82-83': 80.0, '84-85': 70.0, '86-87': 70.0, '88-89': 60.0, '90-91': 80.0, '92-93': 60.0, '94-95': 60.0, '96-97': 70.0, '98-99': 80.0, 'old': 90.71, 'new': 83.5}
2025-12-24 06:49:45,633 [trainer.py] => Top1 curve: [91.48, 90.69, 90.48]
2025-12-24 06:49:45,633 [trainer.py] => Average Accuracy (CNN): 90.88
2025-12-24 06:49:45,641 [sec.py] => Learning on 64-66
2025-12-24 06:49:45,660 [sec.py] => All params: 87910656
2025-12-24 06:49:45,660 [sec.py] => Actual trainable params (excluding detached): 30720
2025-12-24 06:49:45,660 [sec.py] => TSP active prompts: 1 (total: 33)
2025-12-24 06:49:45,660 [sec.py] => RSP active prompts: 0 (total: 30)
2025-12-24 06:49:45,661 [sec.py] => Excluded params: head, detached prompts
2025-12-24 06:49:45,661 [sec.py] => backbone.TSP.e_p_1: 2304
2025-12-24 06:49:45,661 [sec.py] => backbone.TSP.e_k_1: 768
2025-12-24 06:49:45,661 [sec.py] => backbone.TSP.e_a_1: 768
2025-12-24 06:49:45,661 [sec.py] => backbone.TSP.e_p_2: 2304
2025-12-24 06:49:45,661 [sec.py] => backbone.TSP.e_k_2: 768
2025-12-24 06:49:45,661 [sec.py] => backbone.TSP.e_a_2: 768
2025-12-24 06:49:45,661 [sec.py] => backbone.TSP.e_p_3: 2304
2025-12-24 06:49:45,661 [sec.py] => backbone.TSP.e_k_3: 768
2025-12-24 06:49:45,661 [sec.py] => backbone.TSP.e_a_3: 768
2025-12-24 06:49:45,661 [sec.py] => backbone.TSP.e_p_4: 2304
2025-12-24 06:49:45,661 [sec.py] => backbone.TSP.e_k_4: 768
2025-12-24 06:49:45,661 [sec.py] => backbone.TSP.e_a_4: 768
2025-12-24 06:49:45,661 [sec.py] => backbone.TSP.e_p_5: 2304
2025-12-24 06:49:45,661 [sec.py] => backbone.TSP.e_k_5: 768
2025-12-24 06:49:45,661 [sec.py] => backbone.TSP.e_a_5: 768
2025-12-24 06:49:45,661 [sec.py] => backbone.TSP.e_p_6: 2304
2025-12-24 06:49:45,662 [sec.py] => backbone.TSP.e_k_6: 768
2025-12-24 06:49:45,662 [sec.py] => backbone.TSP.e_a_6: 768
2025-12-24 06:49:45,662 [sec.py] => backbone.TSP.e_p_7: 2304
2025-12-24 06:49:45,662 [sec.py] => backbone.TSP.e_k_7: 768
2025-12-24 06:49:45,662 [sec.py] => backbone.TSP.e_a_7: 768
2025-12-24 06:49:45,662 [sec.py] => backbone.TSP.e_p_8: 2304
2025-12-24 06:49:45,662 [sec.py] => backbone.TSP.e_k_8: 768
2025-12-24 06:49:45,662 [sec.py] => backbone.TSP.e_a_8: 768
2025-12-24 06:49:45,699 [sec.py] => training set size: 10, fc construct set size: 10
2025-12-24 06:51:24,988 [trainer.py] => CNN: {'total': 89.98, '00-59': 91.1, '60-61': 77.0, '62-63': 85.0, '64-65': 74.5, '66-67': 60.0, '68-69': 60.0, '70-71': 100.0, '72-73': 80.0, '74-75': 60.0, '76-77': 50.0, '78-79': 100.0, '80-81': 80.0, '82-83': 80.0, '84-85': 80.0, '86-87': 80.0, '88-89': 60.0, '90-91': 90.0, '92-93': 70.0, '94-95': 80.0, '96-97': 70.0, '98-99': 70.0, 'old': 90.47, 'new': 74.5}
2025-12-24 06:51:25,012 [trainer.py] => Top1 curve: [91.48, 90.69, 90.48, 89.98]
2025-12-24 06:51:25,012 [trainer.py] => Average Accuracy (CNN): 90.66
2025-12-24 06:51:25,018 [sec.py] => Learning on 66-68
2025-12-24 06:51:25,032 [sec.py] => All params: 87910656
2025-12-24 06:51:25,032 [sec.py] => Actual trainable params (excluding detached): 30720
2025-12-24 06:51:25,032 [sec.py] => TSP active prompts: 1 (total: 34)
2025-12-24 06:51:25,032 [sec.py] => RSP active prompts: 0 (total: 30)
2025-12-24 06:51:25,032 [sec.py] => Excluded params: head, detached prompts
2025-12-24 06:51:25,032 [sec.py] => backbone.TSP.e_p_1: 2304
2025-12-24 06:51:25,032 [sec.py] => backbone.TSP.e_k_1: 768
2025-12-24 06:51:25,033 [sec.py] => backbone.TSP.e_a_1: 768
2025-12-24 06:51:25,033 [sec.py] => backbone.TSP.e_p_2: 2304
2025-12-24 06:51:25,033 [sec.py] => backbone.TSP.e_k_2: 768
2025-12-24 06:51:25,033 [sec.py] => backbone.TSP.e_a_2: 768
2025-12-24 06:51:25,033 [sec.py] => backbone.TSP.e_p_3: 2304
2025-12-24 06:51:25,033 [sec.py] => backbone.TSP.e_k_3: 768
2025-12-24 06:51:25,033 [sec.py] => backbone.TSP.e_a_3: 768
2025-12-24 06:51:25,033 [sec.py] => backbone.TSP.e_p_4: 2304
2025-12-24 06:51:25,033 [sec.py] => backbone.TSP.e_k_4: 768
2025-12-24 06:51:25,033 [sec.py] => backbone.TSP.e_a_4: 768
2025-12-24 06:51:25,033 [sec.py] => backbone.TSP.e_p_5: 2304
2025-12-24 06:51:25,033 [sec.py] => backbone.TSP.e_k_5: 768
2025-12-24 06:51:25,033 [sec.py] => backbone.TSP.e_a_5: 768
2025-12-24 06:51:25,033 [sec.py] => backbone.TSP.e_p_6: 2304
2025-12-24 06:51:25,033 [sec.py] => backbone.TSP.e_k_6: 768
2025-12-24 06:51:25,033 [sec.py] => backbone.TSP.e_a_6: 768
2025-12-24 06:51:25,033 [sec.py] => backbone.TSP.e_p_7: 2304
2025-12-24 06:51:25,034 [sec.py] => backbone.TSP.e_k_7: 768
2025-12-24 06:51:25,034 [sec.py] => backbone.TSP.e_a_7: 768
2025-12-24 06:51:25,034 [sec.py] => backbone.TSP.e_p_8: 2304
2025-12-24 06:51:25,034 [sec.py] => backbone.TSP.e_k_8: 768
2025-12-24 06:51:25,034 [sec.py] => backbone.TSP.e_a_8: 768
2025-12-24 06:51:25,072 [sec.py] => training set size: 10, fc construct set size: 10
2025-12-24 06:53:07,015 [trainer.py] => CNN: {'total': 90.0, '00-59': 91.12, '60-61': 77.5, '62-63': 84.5, '64-65': 74.5, '66-67': 90.0, '68-69': 70.0, '70-71': 90.0, '72-73': 90.0, '74-75': 70.0, '76-77': 90.0, '78-79': 90.0, '80-81': 100.0, '82-83': 90.0, '84-85': 80.0, '86-87': 90.0, '88-89': 70.0, '90-91': 80.0, '92-93': 80.0, '94-95': 80.0, '96-97': 100.0, '98-99': 70.0, 'old': 90.0, 'new': 90.0}
2025-12-24 06:53:07,035 [trainer.py] => Top1 curve: [91.48, 90.69, 90.48, 89.98, 90.0]
2025-12-24 06:53:07,036 [trainer.py] => Average Accuracy (CNN): 90.53
2025-12-24 06:53:07,055 [sec.py] => Learning on 68-70
2025-12-24 06:53:07,066 [sec.py] => All params: 87910656
2025-12-24 06:53:07,066 [sec.py] => Actual trainable params (excluding detached): 30720
2025-12-24 06:53:07,067 [sec.py] => TSP active prompts: 1 (total: 35)
2025-12-24 06:53:07,067 [sec.py] => RSP active prompts: 0 (total: 30)
2025-12-24 06:53:07,067 [sec.py] => Excluded params: head, detached prompts
2025-12-24 06:53:07,067 [sec.py] => backbone.TSP.e_p_1: 2304
2025-12-24 06:53:07,067 [sec.py] => backbone.TSP.e_k_1: 768
2025-12-24 06:53:07,067 [sec.py] => backbone.TSP.e_a_1: 768
2025-12-24 06:53:07,068 [sec.py] => backbone.TSP.e_p_2: 2304
2025-12-24 06:53:07,068 [sec.py] => backbone.TSP.e_k_2: 768
2025-12-24 06:53:07,068 [sec.py] => backbone.TSP.e_a_2: 768
2025-12-24 06:53:07,068 [sec.py] => backbone.TSP.e_p_3: 2304
2025-12-24 06:53:07,068 [sec.py] => backbone.TSP.e_k_3: 768
2025-12-24 06:53:07,068 [sec.py] => backbone.TSP.e_a_3: 768
2025-12-24 06:53:07,068 [sec.py] => backbone.TSP.e_p_4: 2304
2025-12-24 06:53:07,069 [sec.py] => backbone.TSP.e_k_4: 768
2025-12-24 06:53:07,069 [sec.py] => backbone.TSP.e_a_4: 768
2025-12-24 06:53:07,069 [sec.py] => backbone.TSP.e_p_5: 2304
2025-12-24 06:53:07,069 [sec.py] => backbone.TSP.e_k_5: 768
2025-12-24 06:53:07,069 [sec.py] => backbone.TSP.e_a_5: 768
2025-12-24 06:53:07,069 [sec.py] => backbone.TSP.e_p_6: 2304
2025-12-24 06:53:07,069 [sec.py] => backbone.TSP.e_k_6: 768
2025-12-24 06:53:07,070 [sec.py] => backbone.TSP.e_a_6: 768
2025-12-24 06:53:07,070 [sec.py] => backbone.TSP.e_p_7: 2304
2025-12-24 06:53:07,070 [sec.py] => backbone.TSP.e_k_7: 768
2025-12-24 06:53:07,070 [sec.py] => backbone.TSP.e_a_7: 768
2025-12-24 06:53:07,070 [sec.py] => backbone.TSP.e_p_8: 2304
2025-12-24 06:53:07,070 [sec.py] => backbone.TSP.e_k_8: 768
2025-12-24 06:53:07,070 [sec.py] => backbone.TSP.e_a_8: 768
2025-12-24 06:53:07,138 [sec.py] => training set size: 10, fc construct set size: 10
2025-12-24 06:54:51,262 [trainer.py] => CNN: {'total': 89.76, '00-59': 91.1, '60-61': 74.5, '62-63': 85.0, '64-65': 74.5, '66-67': 90.0, '68-69': 84.5, '70-71': 90.0, '72-73': 70.0, '74-75': 70.0, '76-77': 100.0, '78-79': 100.0, '80-81': 70.0, '82-83': 90.0, '84-85': 80.0, '86-87': 90.0, '88-89': 30.0, '90-91': 60.0, '92-93': 60.0, '94-95': 90.0, '96-97': 70.0, '98-99': 70.0, 'old': 89.91, 'new': 84.5}
2025-12-24 06:54:51,285 [trainer.py] => Top1 curve: [91.48, 90.69, 90.48, 89.98, 90.0, 89.76]
2025-12-24 06:54:51,285 [trainer.py] => Average Accuracy (CNN): 90.40
2025-12-24 06:54:51,294 [sec.py] => Learning on 70-72
2025-12-24 06:54:51,307 [sec.py] => All params: 87910656
2025-12-24 06:54:51,307 [sec.py] => Actual trainable params (excluding detached): 30720
2025-12-24 06:54:51,307 [sec.py] => TSP active prompts: 1 (total: 36)
2025-12-24 06:54:51,308 [sec.py] => RSP active prompts: 0 (total: 30)
2025-12-24 06:54:51,308 [sec.py] => Excluded params: head, detached prompts
2025-12-24 06:54:51,308 [sec.py] => backbone.TSP.e_p_1: 2304
2025-12-24 06:54:51,308 [sec.py] => backbone.TSP.e_k_1: 768
2025-12-24 06:54:51,308 [sec.py] => backbone.TSP.e_a_1: 768
2025-12-24 06:54:51,308 [sec.py] => backbone.TSP.e_p_2: 2304
2025-12-24 06:54:51,308 [sec.py] => backbone.TSP.e_k_2: 768
2025-12-24 06:54:51,308 [sec.py] => backbone.TSP.e_a_2: 768
2025-12-24 06:54:51,308 [sec.py] => backbone.TSP.e_p_3: 2304
2025-12-24 06:54:51,308 [sec.py] => backbone.TSP.e_k_3: 768
2025-12-24 06:54:51,308 [sec.py] => backbone.TSP.e_a_3: 768
2025-12-24 06:54:51,308 [sec.py] => backbone.TSP.e_p_4: 2304
2025-12-24 06:54:51,308 [sec.py] => backbone.TSP.e_k_4: 768
2025-12-24 06:54:51,308 [sec.py] => backbone.TSP.e_a_4: 768
2025-12-24 06:54:51,308 [sec.py] => backbone.TSP.e_p_5: 2304
2025-12-24 06:54:51,308 [sec.py] => backbone.TSP.e_k_5: 768
2025-12-24 06:54:51,309 [sec.py] => backbone.TSP.e_a_5: 768
2025-12-24 06:54:51,309 [sec.py] => backbone.TSP.e_p_6: 2304
2025-12-24 06:54:51,309 [sec.py] => backbone.TSP.e_k_6: 768
2025-12-24 06:54:51,309 [sec.py] => backbone.TSP.e_a_6: 768
2025-12-24 06:54:51,309 [sec.py] => backbone.TSP.e_p_7: 2304
2025-12-24 06:54:51,309 [sec.py] => backbone.TSP.e_k_7: 768
2025-12-24 06:54:51,309 [sec.py] => backbone.TSP.e_a_7: 768
2025-12-24 06:54:51,309 [sec.py] => backbone.TSP.e_p_8: 2304
2025-12-24 06:54:51,309 [sec.py] => backbone.TSP.e_k_8: 768
2025-12-24 06:54:51,309 [sec.py] => backbone.TSP.e_a_8: 768
2025-12-24 06:54:51,345 [sec.py] => training set size: 10, fc construct set size: 10
2025-12-24 06:56:39,175 [trainer.py] => CNN: {'total': 89.28, '00-59': 90.98, '60-61': 75.0, '62-63': 80.0, '64-65': 74.5, '66-67': 90.5, '68-69': 84.5, '70-71': 80.0, '72-73': 100.0, '74-75': 90.0, '76-77': 100.0, '78-79': 90.0, '80-81': 80.0, '82-83': 90.0, '84-85': 70.0, '86-87': 80.0, '88-89': 60.0, '90-91': 80.0, '92-93': 60.0, '94-95': 80.0, '96-97': 70.0, '98-99': 70.0, 'old': 89.54, 'new': 80.0}
2025-12-24 06:56:39,212 [trainer.py] => Top1 curve: [91.48, 90.69, 90.48, 89.98, 90.0, 89.76, 89.28]
2025-12-24 06:56:39,212 [trainer.py] => Average Accuracy (CNN): 90.24
2025-12-24 06:56:39,995 [sec.py] => Learning on 72-74
2025-12-24 06:56:40,011 [sec.py] => All params: 87910656
2025-12-24 06:56:40,012 [sec.py] => Actual trainable params (excluding detached): 30720
2025-12-24 06:56:40,012 [sec.py] => TSP active prompts: 1 (total: 37)
2025-12-24 06:56:40,012 [sec.py] => RSP active prompts: 0 (total: 30)
2025-12-24 06:56:40,012 [sec.py] => Excluded params: head, detached prompts
2025-12-24 06:56:40,012 [sec.py] => backbone.TSP.e_p_1: 2304
2025-12-24 06:56:40,012 [sec.py] => backbone.TSP.e_k_1: 768
2025-12-24 06:56:40,012 [sec.py] => backbone.TSP.e_a_1: 768
2025-12-24 06:56:40,012 [sec.py] => backbone.TSP.e_p_2: 2304
2025-12-24 06:56:40,012 [sec.py] => backbone.TSP.e_k_2: 768
2025-12-24 06:56:40,012 [sec.py] => backbone.TSP.e_a_2: 768
2025-12-24 06:56:40,012 [sec.py] => backbone.TSP.e_p_3: 2304
2025-12-24 06:56:40,012 [sec.py] => backbone.TSP.e_k_3: 768
2025-12-24 06:56:40,012 [sec.py] => backbone.TSP.e_a_3: 768
2025-12-24 06:56:40,012 [sec.py] => backbone.TSP.e_p_4: 2304
2025-12-24 06:56:40,012 [sec.py] => backbone.TSP.e_k_4: 768
2025-12-24 06:56:40,012 [sec.py] => backbone.TSP.e_a_4: 768
2025-12-24 06:56:40,012 [sec.py] => backbone.TSP.e_p_5: 2304
2025-12-24 06:56:40,012 [sec.py] => backbone.TSP.e_k_5: 768
2025-12-24 06:56:40,012 [sec.py] => backbone.TSP.e_a_5: 768
2025-12-24 06:56:40,012 [sec.py] => backbone.TSP.e_p_6: 2304
2025-12-24 06:56:40,012 [sec.py] => backbone.TSP.e_k_6: 768
2025-12-24 06:56:40,012 [sec.py] => backbone.TSP.e_a_6: 768
2025-12-24 06:56:40,013 [sec.py] => backbone.TSP.e_p_7: 2304
2025-12-24 06:56:40,013 [sec.py] => backbone.TSP.e_k_7: 768
2025-12-24 06:56:40,013 [sec.py] => backbone.TSP.e_a_7: 768
2025-12-24 06:56:40,013 [sec.py] => backbone.TSP.e_p_8: 2304
2025-12-24 06:56:40,013 [sec.py] => backbone.TSP.e_k_8: 768
2025-12-24 06:56:40,013 [sec.py] => backbone.TSP.e_a_8: 768
2025-12-24 06:56:40,044 [sec.py] => training set size: 10, fc construct set size: 10
2025-12-24 06:58:30,067 [trainer.py] => CNN: {'total': 88.96, '00-59': 90.93, '60-61': 76.0, '62-63': 80.0, '64-65': 74.5, '66-67': 90.0, '68-69': 84.5, '70-71': 80.5, '72-73': 78.0, '74-75': 80.0, '76-77': 90.0, '78-79': 90.0, '80-81': 70.0, '82-83': 100.0, '84-85': 80.0, '86-87': 90.0, '88-89': 40.0, '90-91': 80.0, '92-93': 80.0, '94-95': 90.0, '96-97': 90.0, '98-99': 80.0, 'old': 89.26, 'new': 78.0}
2025-12-24 06:58:30,100 [trainer.py] => Top1 curve: [91.48, 90.69, 90.48, 89.98, 90.0, 89.76, 89.28, 88.96]
2025-12-24 06:58:30,101 [trainer.py] => Average Accuracy (CNN): 90.08
2025-12-24 06:58:30,667 [sec.py] => Learning on 74-76
2025-12-24 06:58:30,680 [sec.py] => All params: 87910656
2025-12-24 06:58:30,681 [sec.py] => Actual trainable params (excluding detached): 30720
2025-12-24 06:58:30,681 [sec.py] => TSP active prompts: 1 (total: 38)
2025-12-24 06:58:30,681 [sec.py] => RSP active prompts: 0 (total: 30)
2025-12-24 06:58:30,681 [sec.py] => Excluded params: head, detached prompts
2025-12-24 06:58:30,681 [sec.py] => backbone.TSP.e_p_1: 2304
2025-12-24 06:58:30,681 [sec.py] => backbone.TSP.e_k_1: 768
2025-12-24 06:58:30,681 [sec.py] => backbone.TSP.e_a_1: 768
2025-12-24 06:58:30,681 [sec.py] => backbone.TSP.e_p_2: 2304
2025-12-24 06:58:30,681 [sec.py] => backbone.TSP.e_k_2: 768
2025-12-24 06:58:30,681 [sec.py] => backbone.TSP.e_a_2: 768
2025-12-24 06:58:30,681 [sec.py] => backbone.TSP.e_p_3: 2304
2025-12-24 06:58:30,681 [sec.py] => backbone.TSP.e_k_3: 768
2025-12-24 06:58:30,681 [sec.py] => backbone.TSP.e_a_3: 768
2025-12-24 06:58:30,681 [sec.py] => backbone.TSP.e_p_4: 2304
2025-12-24 06:58:30,681 [sec.py] => backbone.TSP.e_k_4: 768
2025-12-24 06:58:30,681 [sec.py] => backbone.TSP.e_a_4: 768
2025-12-24 06:58:30,681 [sec.py] => backbone.TSP.e_p_5: 2304
2025-12-24 06:58:30,682 [sec.py] => backbone.TSP.e_k_5: 768
2025-12-24 06:58:30,682 [sec.py] => backbone.TSP.e_a_5: 768
2025-12-24 06:58:30,682 [sec.py] => backbone.TSP.e_p_6: 2304
2025-12-24 06:58:30,682 [sec.py] => backbone.TSP.e_k_6: 768
2025-12-24 06:58:30,682 [sec.py] => backbone.TSP.e_a_6: 768
2025-12-24 06:58:30,682 [sec.py] => backbone.TSP.e_p_7: 2304
2025-12-24 06:58:30,682 [sec.py] => backbone.TSP.e_k_7: 768
2025-12-24 06:58:30,682 [sec.py] => backbone.TSP.e_a_7: 768
2025-12-24 06:58:30,682 [sec.py] => backbone.TSP.e_p_8: 2304
2025-12-24 06:58:30,682 [sec.py] => backbone.TSP.e_k_8: 768
2025-12-24 06:58:30,682 [sec.py] => backbone.TSP.e_a_8: 768
2025-12-24 06:58:30,721 [sec.py] => training set size: 10, fc construct set size: 10
2025-12-24 07:00:23,285 [trainer.py] => CNN: {'total': 88.53, '00-59': 90.82, '60-61': 75.5, '62-63': 78.0, '64-65': 74.0, '66-67': 90.0, '68-69': 85.0, '70-71': 81.0, '72-73': 78.0, '74-75': 78.0, '76-77': 100.0, '78-79': 90.0, '80-81': 70.0, '82-83': 70.0, '84-85': 80.0, '86-87': 90.0, '88-89': 50.0, '90-91': 60.0, '92-93': 80.0, '94-95': 90.0, '96-97': 90.0, '98-99': 60.0, 'old': 88.81, 'new': 78.0}
2025-12-24 07:00:23,319 [trainer.py] => Top1 curve: [91.48, 90.69, 90.48, 89.98, 90.0, 89.76, 89.28, 88.96, 88.53]
2025-12-24 07:00:23,320 [trainer.py] => Average Accuracy (CNN): 89.91
2025-12-24 07:00:23,330 [sec.py] => Learning on 76-78
2025-12-24 07:00:23,346 [sec.py] => All params: 87910656
2025-12-24 07:00:23,346 [sec.py] => Actual trainable params (excluding detached): 30720
2025-12-24 07:00:23,346 [sec.py] => TSP active prompts: 1 (total: 39)
2025-12-24 07:00:23,346 [sec.py] => RSP active prompts: 0 (total: 30)
2025-12-24 07:00:23,346 [sec.py] => Excluded params: head, detached prompts
2025-12-24 07:00:23,346 [sec.py] => backbone.TSP.e_p_1: 2304
2025-12-24 07:00:23,346 [sec.py] => backbone.TSP.e_k_1: 768
2025-12-24 07:00:23,347 [sec.py] => backbone.TSP.e_a_1: 768
2025-12-24 07:00:23,347 [sec.py] => backbone.TSP.e_p_2: 2304
2025-12-24 07:00:23,347 [sec.py] => backbone.TSP.e_k_2: 768
2025-12-24 07:00:23,347 [sec.py] => backbone.TSP.e_a_2: 768
2025-12-24 07:00:23,347 [sec.py] => backbone.TSP.e_p_3: 2304
2025-12-24 07:00:23,347 [sec.py] => backbone.TSP.e_k_3: 768
2025-12-24 07:00:23,347 [sec.py] => backbone.TSP.e_a_3: 768
2025-12-24 07:00:23,347 [sec.py] => backbone.TSP.e_p_4: 2304
2025-12-24 07:00:23,347 [sec.py] => backbone.TSP.e_k_4: 768
2025-12-24 07:00:23,347 [sec.py] => backbone.TSP.e_a_4: 768
2025-12-24 07:00:23,347 [sec.py] => backbone.TSP.e_p_5: 2304
2025-12-24 07:00:23,347 [sec.py] => backbone.TSP.e_k_5: 768
2025-12-24 07:00:23,347 [sec.py] => backbone.TSP.e_a_5: 768
2025-12-24 07:00:23,348 [sec.py] => backbone.TSP.e_p_6: 2304
2025-12-24 07:00:23,348 [sec.py] => backbone.TSP.e_k_6: 768
2025-12-24 07:00:23,348 [sec.py] => backbone.TSP.e_a_6: 768
2025-12-24 07:00:23,348 [sec.py] => backbone.TSP.e_p_7: 2304
2025-12-24 07:00:23,348 [sec.py] => backbone.TSP.e_k_7: 768
2025-12-24 07:00:23,348 [sec.py] => backbone.TSP.e_a_7: 768
2025-12-24 07:00:23,348 [sec.py] => backbone.TSP.e_p_8: 2304
2025-12-24 07:00:23,348 [sec.py] => backbone.TSP.e_k_8: 768
2025-12-24 07:00:23,348 [sec.py] => backbone.TSP.e_a_8: 768
2025-12-24 07:00:23,386 [sec.py] => training set size: 10, fc construct set size: 10
2025-12-24 07:02:17,114 [trainer.py] => CNN: {'total': 88.42, '00-59': 90.75, '60-61': 74.5, '62-63': 78.0, '64-65': 74.0, '66-67': 90.0, '68-69': 85.0, '70-71': 81.5, '72-73': 78.0, '74-75': 78.0, '76-77': 87.0, '78-79': 90.0, '80-81': 70.0, '82-83': 100.0, '84-85': 70.0, '86-87': 90.0, '88-89': 50.0, '90-91': 90.0, '92-93': 80.0, '94-95': 80.0, '96-97': 80.0, '98-99': 70.0, 'old': 88.46, 'new': 87.0}
2025-12-24 07:02:17,144 [trainer.py] => Top1 curve: [91.48, 90.69, 90.48, 89.98, 90.0, 89.76, 89.28, 88.96, 88.53, 88.42]
2025-12-24 07:02:17,144 [trainer.py] => Average Accuracy (CNN): 89.76
2025-12-24 07:02:17,151 [sec.py] => Learning on 78-80
2025-12-24 07:02:17,170 [sec.py] => All params: 87910656
2025-12-24 07:02:17,170 [sec.py] => Actual trainable params (excluding detached): 30720
2025-12-24 07:02:17,170 [sec.py] => TSP active prompts: 1 (total: 40)
2025-12-24 07:02:17,170 [sec.py] => RSP active prompts: 0 (total: 30)
2025-12-24 07:02:17,170 [sec.py] => Excluded params: head, detached prompts
2025-12-24 07:02:17,170 [sec.py] => backbone.TSP.e_p_1: 2304
2025-12-24 07:02:17,170 [sec.py] => backbone.TSP.e_k_1: 768
2025-12-24 07:02:17,170 [sec.py] => backbone.TSP.e_a_1: 768
2025-12-24 07:02:17,170 [sec.py] => backbone.TSP.e_p_2: 2304
2025-12-24 07:02:17,170 [sec.py] => backbone.TSP.e_k_2: 768
2025-12-24 07:02:17,170 [sec.py] => backbone.TSP.e_a_2: 768
2025-12-24 07:02:17,170 [sec.py] => backbone.TSP.e_p_3: 2304
2025-12-24 07:02:17,170 [sec.py] => backbone.TSP.e_k_3: 768
2025-12-24 07:02:17,170 [sec.py] => backbone.TSP.e_a_3: 768
2025-12-24 07:02:17,171 [sec.py] => backbone.TSP.e_p_4: 2304
2025-12-24 07:02:17,171 [sec.py] => backbone.TSP.e_k_4: 768
2025-12-24 07:02:17,171 [sec.py] => backbone.TSP.e_a_4: 768
2025-12-24 07:02:17,171 [sec.py] => backbone.TSP.e_p_5: 2304
2025-12-24 07:02:17,171 [sec.py] => backbone.TSP.e_k_5: 768
2025-12-24 07:02:17,171 [sec.py] => backbone.TSP.e_a_5: 768
2025-12-24 07:02:17,171 [sec.py] => backbone.TSP.e_p_6: 2304
2025-12-24 07:02:17,171 [sec.py] => backbone.TSP.e_k_6: 768
2025-12-24 07:02:17,171 [sec.py] => backbone.TSP.e_a_6: 768
2025-12-24 07:02:17,171 [sec.py] => backbone.TSP.e_p_7: 2304
2025-12-24 07:02:17,171 [sec.py] => backbone.TSP.e_k_7: 768
2025-12-24 07:02:17,171 [sec.py] => backbone.TSP.e_a_7: 768
2025-12-24 07:02:17,171 [sec.py] => backbone.TSP.e_p_8: 2304
2025-12-24 07:02:17,171 [sec.py] => backbone.TSP.e_k_8: 768
2025-12-24 07:02:17,171 [sec.py] => backbone.TSP.e_a_8: 768
2025-12-24 07:02:17,205 [sec.py] => training set size: 10, fc construct set size: 10
2025-12-24 07:04:13,117 [trainer.py] => CNN: {'total': 88.6, '00-59': 90.77, '60-61': 74.5, '62-63': 78.0, '64-65': 74.0, '66-67': 90.5, '68-69': 84.5, '70-71': 81.5, '72-73': 78.0, '74-75': 78.0, '76-77': 87.0, '78-79': 95.0, '80-81': 70.0, '82-83': 100.0, '84-85': 90.0, '86-87': 100.0, '88-89': 70.0, '90-91': 60.0, '92-93': 80.0, '94-95': 80.0, '96-97': 80.0, '98-99': 80.0, 'old': 88.44, 'new': 95.0}
2025-12-24 07:04:13,150 [trainer.py] => Top1 curve: [91.48, 90.69, 90.48, 89.98, 90.0, 89.76, 89.28, 88.96, 88.53, 88.42, 88.6]
2025-12-24 07:04:13,150 [trainer.py] => Average Accuracy (CNN): 89.65
2025-12-24 07:04:13,187 [sec.py] => Learning on 80-82
2025-12-24 07:04:13,198 [sec.py] => All params: 87910656
2025-12-24 07:04:13,198 [sec.py] => Actual trainable params (excluding detached): 30720
2025-12-24 07:04:13,198 [sec.py] => TSP active prompts: 1 (total: 41)
2025-12-24 07:04:13,198 [sec.py] => RSP active prompts: 0 (total: 30)
2025-12-24 07:04:13,198 [sec.py] => Excluded params: head, detached prompts
2025-12-24 07:04:13,199 [sec.py] => backbone.TSP.e_p_1: 2304
2025-12-24 07:04:13,199 [sec.py] => backbone.TSP.e_k_1: 768
2025-12-24 07:04:13,199 [sec.py] => backbone.TSP.e_a_1: 768
2025-12-24 07:04:13,199 [sec.py] => backbone.TSP.e_p_2: 2304
2025-12-24 07:04:13,199 [sec.py] => backbone.TSP.e_k_2: 768
2025-12-24 07:04:13,199 [sec.py] => backbone.TSP.e_a_2: 768
2025-12-24 07:04:13,199 [sec.py] => backbone.TSP.e_p_3: 2304
2025-12-24 07:04:13,199 [sec.py] => backbone.TSP.e_k_3: 768
2025-12-24 07:04:13,199 [sec.py] => backbone.TSP.e_a_3: 768
2025-12-24 07:04:13,199 [sec.py] => backbone.TSP.e_p_4: 2304
2025-12-24 07:04:13,199 [sec.py] => backbone.TSP.e_k_4: 768
2025-12-24 07:04:13,199 [sec.py] => backbone.TSP.e_a_4: 768
2025-12-24 07:04:13,199 [sec.py] => backbone.TSP.e_p_5: 2304
2025-12-24 07:04:13,199 [sec.py] => backbone.TSP.e_k_5: 768
2025-12-24 07:04:13,199 [sec.py] => backbone.TSP.e_a_5: 768
2025-12-24 07:04:13,199 [sec.py] => backbone.TSP.e_p_6: 2304
2025-12-24 07:04:13,199 [sec.py] => backbone.TSP.e_k_6: 768
2025-12-24 07:04:13,199 [sec.py] => backbone.TSP.e_a_6: 768
2025-12-24 07:04:13,199 [sec.py] => backbone.TSP.e_p_7: 2304
2025-12-24 07:04:13,199 [sec.py] => backbone.TSP.e_k_7: 768
2025-12-24 07:04:13,199 [sec.py] => backbone.TSP.e_a_7: 768
2025-12-24 07:04:13,199 [sec.py] => backbone.TSP.e_p_8: 2304
2025-12-24 07:04:13,199 [sec.py] => backbone.TSP.e_k_8: 768
2025-12-24 07:04:13,199 [sec.py] => backbone.TSP.e_a_8: 768
2025-12-24 07:04:13,230 [sec.py] => training set size: 10, fc construct set size: 10
2025-12-24 07:06:10,600 [trainer.py] => CNN: {'total': 88.38, '00-59': 90.67, '60-61': 74.5, '62-63': 78.0, '64-65': 72.5, '66-67': 90.5, '68-69': 85.5, '70-71': 82.0, '72-73': 78.0, '74-75': 78.0, '76-77': 87.0, '78-79': 95.0, '80-81': 82.5, '82-83': 90.0, '84-85': 60.0, '86-87': 90.0, '88-89': 50.0, '90-91': 90.0, '92-93': 70.0, '94-95': 60.0, '96-97': 90.0, '98-99': 90.0, 'old': 88.52, 'new': 82.5}
2025-12-24 07:06:10,631 [trainer.py] => Top1 curve: [91.48, 90.69, 90.48, 89.98, 90.0, 89.76, 89.28, 88.96, 88.53, 88.42, 88.6, 88.38]
2025-12-24 07:06:10,631 [trainer.py] => Average Accuracy (CNN): 89.55
2025-12-24 07:06:10,638 [sec.py] => Learning on 82-84
2025-12-24 07:06:10,654 [sec.py] => All params: 87910656
2025-12-24 07:06:10,654 [sec.py] => Actual trainable params (excluding detached): 30720
2025-12-24 07:06:10,654 [sec.py] => TSP active prompts: 1 (total: 42)
2025-12-24 07:06:10,654 [sec.py] => RSP active prompts: 0 (total: 30)
2025-12-24 07:06:10,655 [sec.py] => Excluded params: head, detached prompts
2025-12-24 07:06:10,655 [sec.py] => backbone.TSP.e_p_1: 2304
2025-12-24 07:06:10,655 [sec.py] => backbone.TSP.e_k_1: 768
2025-12-24 07:06:10,655 [sec.py] => backbone.TSP.e_a_1: 768
2025-12-24 07:06:10,655 [sec.py] => backbone.TSP.e_p_2: 2304
2025-12-24 07:06:10,655 [sec.py] => backbone.TSP.e_k_2: 768
2025-12-24 07:06:10,655 [sec.py] => backbone.TSP.e_a_2: 768
2025-12-24 07:06:10,655 [sec.py] => backbone.TSP.e_p_3: 2304
2025-12-24 07:06:10,655 [sec.py] => backbone.TSP.e_k_3: 768
2025-12-24 07:06:10,655 [sec.py] => backbone.TSP.e_a_3: 768
2025-12-24 07:06:10,655 [sec.py] => backbone.TSP.e_p_4: 2304
2025-12-24 07:06:10,655 [sec.py] => backbone.TSP.e_k_4: 768
2025-12-24 07:06:10,655 [sec.py] => backbone.TSP.e_a_4: 768
2025-12-24 07:06:10,655 [sec.py] => backbone.TSP.e_p_5: 2304
2025-12-24 07:06:10,655 [sec.py] => backbone.TSP.e_k_5: 768
2025-12-24 07:06:10,655 [sec.py] => backbone.TSP.e_a_5: 768
2025-12-24 07:06:10,655 [sec.py] => backbone.TSP.e_p_6: 2304
2025-12-24 07:06:10,655 [sec.py] => backbone.TSP.e_k_6: 768
2025-12-24 07:06:10,655 [sec.py] => backbone.TSP.e_a_6: 768
2025-12-24 07:06:10,655 [sec.py] => backbone.TSP.e_p_7: 2304
2025-12-24 07:06:10,656 [sec.py] => backbone.TSP.e_k_7: 768
2025-12-24 07:06:10,656 [sec.py] => backbone.TSP.e_a_7: 768
2025-12-24 07:06:10,656 [sec.py] => backbone.TSP.e_p_8: 2304
2025-12-24 07:06:10,656 [sec.py] => backbone.TSP.e_k_8: 768
2025-12-24 07:06:10,656 [sec.py] => backbone.TSP.e_a_8: 768
2025-12-24 07:06:10,687 [sec.py] => training set size: 10, fc construct set size: 10
2025-12-24 07:08:12,906 [trainer.py] => CNN: {'total': 88.44, '00-59': 90.65, '60-61': 73.5, '62-63': 77.5, '64-65': 72.5, '66-67': 90.5, '68-69': 86.0, '70-71': 82.5, '72-73': 78.0, '74-75': 78.0, '76-77': 87.0, '78-79': 95.0, '80-81': 82.5, '82-83': 92.0, '84-85': 80.0, '86-87': 80.0, '88-89': 90.0, '90-91': 90.0, '92-93': 60.0, '94-95': 80.0, '96-97': 70.0, '98-99': 70.0, 'old': 88.35, 'new': 92.0}
2025-12-24 07:08:12,933 [trainer.py] => Top1 curve: [91.48, 90.69, 90.48, 89.98, 90.0, 89.76, 89.28, 88.96, 88.53, 88.42, 88.6, 88.38, 88.44]
2025-12-24 07:08:12,933 [trainer.py] => Average Accuracy (CNN): 89.46
2025-12-24 07:08:12,940 [sec.py] => Learning on 84-86
2025-12-24 07:08:12,953 [sec.py] => All params: 87910656
2025-12-24 07:08:12,953 [sec.py] => Actual trainable params (excluding detached): 30720
2025-12-24 07:08:12,953 [sec.py] => TSP active prompts: 1 (total: 43)
2025-12-24 07:08:12,953 [sec.py] => RSP active prompts: 0 (total: 30)
2025-12-24 07:08:12,953 [sec.py] => Excluded params: head, detached prompts
2025-12-24 07:08:12,953 [sec.py] => backbone.TSP.e_p_1: 2304
2025-12-24 07:08:12,953 [sec.py] => backbone.TSP.e_k_1: 768
2025-12-24 07:08:12,953 [sec.py] => backbone.TSP.e_a_1: 768
2025-12-24 07:08:12,953 [sec.py] => backbone.TSP.e_p_2: 2304
2025-12-24 07:08:12,953 [sec.py] => backbone.TSP.e_k_2: 768
2025-12-24 07:08:12,954 [sec.py] => backbone.TSP.e_a_2: 768
2025-12-24 07:08:12,954 [sec.py] => backbone.TSP.e_p_3: 2304
2025-12-24 07:08:12,954 [sec.py] => backbone.TSP.e_k_3: 768
2025-12-24 07:08:12,954 [sec.py] => backbone.TSP.e_a_3: 768
2025-12-24 07:08:12,954 [sec.py] => backbone.TSP.e_p_4: 2304
2025-12-24 07:08:12,954 [sec.py] => backbone.TSP.e_k_4: 768
2025-12-24 07:08:12,954 [sec.py] => backbone.TSP.e_a_4: 768
2025-12-24 07:08:12,954 [sec.py] => backbone.TSP.e_p_5: 2304
2025-12-24 07:08:12,954 [sec.py] => backbone.TSP.e_k_5: 768
2025-12-24 07:08:12,954 [sec.py] => backbone.TSP.e_a_5: 768
2025-12-24 07:08:12,954 [sec.py] => backbone.TSP.e_p_6: 2304
2025-12-24 07:08:12,954 [sec.py] => backbone.TSP.e_k_6: 768
2025-12-24 07:08:12,954 [sec.py] => backbone.TSP.e_a_6: 768
2025-12-24 07:08:12,954 [sec.py] => backbone.TSP.e_p_7: 2304
2025-12-24 07:08:12,954 [sec.py] => backbone.TSP.e_k_7: 768
2025-12-24 07:08:12,954 [sec.py] => backbone.TSP.e_a_7: 768
2025-12-24 07:08:12,954 [sec.py] => backbone.TSP.e_p_8: 2304
2025-12-24 07:08:12,954 [sec.py] => backbone.TSP.e_k_8: 768
2025-12-24 07:08:12,954 [sec.py] => backbone.TSP.e_a_8: 768
2025-12-24 07:08:12,985 [sec.py] => training set size: 10, fc construct set size: 10
2025-12-24 07:10:16,671 [trainer.py] => CNN: {'total': 88.21, '00-59': 90.6, '60-61': 73.5, '62-63': 77.5, '64-65': 73.0, '66-67': 90.5, '68-69': 86.0, '70-71': 82.5, '72-73': 78.5, '74-75': 78.0, '76-77': 87.5, '78-79': 95.0, '80-81': 84.0, '82-83': 92.0, '84-85': 77.0, '86-87': 80.0, '88-89': 80.0, '90-91': 70.0, '92-93': 80.0, '94-95': 90.0, '96-97': 80.0, '98-99': 70.0, 'old': 88.48, 'new': 77.0}
2025-12-24 07:10:16,698 [trainer.py] => Top1 curve: [91.48, 90.69, 90.48, 89.98, 90.0, 89.76, 89.28, 88.96, 88.53, 88.42, 88.6, 88.38, 88.44, 88.21]
2025-12-24 07:10:16,698 [trainer.py] => Average Accuracy (CNN): 89.37
2025-12-24 07:10:16,717 [sec.py] => Learning on 86-88
2025-12-24 07:10:16,735 [sec.py] => All params: 87910656
2025-12-24 07:10:16,735 [sec.py] => Actual trainable params (excluding detached): 30720
2025-12-24 07:10:16,736 [sec.py] => TSP active prompts: 1 (total: 44)
2025-12-24 07:10:16,736 [sec.py] => RSP active prompts: 0 (total: 30)
2025-12-24 07:10:16,736 [sec.py] => Excluded params: head, detached prompts
2025-12-24 07:10:16,736 [sec.py] => backbone.TSP.e_p_1: 2304
2025-12-24 07:10:16,736 [sec.py] => backbone.TSP.e_k_1: 768
2025-12-24 07:10:16,736 [sec.py] => backbone.TSP.e_a_1: 768
2025-12-24 07:10:16,736 [sec.py] => backbone.TSP.e_p_2: 2304
2025-12-24 07:10:16,736 [sec.py] => backbone.TSP.e_k_2: 768
2025-12-24 07:10:16,736 [sec.py] => backbone.TSP.e_a_2: 768
2025-12-24 07:10:16,736 [sec.py] => backbone.TSP.e_p_3: 2304
2025-12-24 07:10:16,736 [sec.py] => backbone.TSP.e_k_3: 768
2025-12-24 07:10:16,736 [sec.py] => backbone.TSP.e_a_3: 768
2025-12-24 07:10:16,736 [sec.py] => backbone.TSP.e_p_4: 2304
2025-12-24 07:10:16,736 [sec.py] => backbone.TSP.e_k_4: 768
2025-12-24 07:10:16,736 [sec.py] => backbone.TSP.e_a_4: 768
2025-12-24 07:10:16,736 [sec.py] => backbone.TSP.e_p_5: 2304
2025-12-24 07:10:16,736 [sec.py] => backbone.TSP.e_k_5: 768
2025-12-24 07:10:16,736 [sec.py] => backbone.TSP.e_a_5: 768
2025-12-24 07:10:16,736 [sec.py] => backbone.TSP.e_p_6: 2304
2025-12-24 07:10:16,736 [sec.py] => backbone.TSP.e_k_6: 768
2025-12-24 07:10:16,736 [sec.py] => backbone.TSP.e_a_6: 768
2025-12-24 07:10:16,736 [sec.py] => backbone.TSP.e_p_7: 2304
2025-12-24 07:10:16,736 [sec.py] => backbone.TSP.e_k_7: 768
2025-12-24 07:10:16,736 [sec.py] => backbone.TSP.e_a_7: 768
2025-12-24 07:10:16,737 [sec.py] => backbone.TSP.e_p_8: 2304
2025-12-24 07:10:16,737 [sec.py] => backbone.TSP.e_k_8: 768
2025-12-24 07:10:16,737 [sec.py] => backbone.TSP.e_a_8: 768
2025-12-24 07:10:16,766 [sec.py] => training set size: 10, fc construct set size: 10
2025-12-24 07:12:22,980 [trainer.py] => CNN: {'total': 88.16, '00-59': 90.5, '60-61': 72.5, '62-63': 77.5, '64-65': 73.0, '66-67': 90.0, '68-69': 86.5, '70-71': 82.0, '72-73': 79.0, '74-75': 78.0, '76-77': 87.5, '78-79': 95.0, '80-81': 84.0, '82-83': 92.0, '84-85': 77.0, '86-87': 90.0, '88-89': 50.0, '90-91': 70.0, '92-93': 80.0, '94-95': 90.0, '96-97': 80.0, '98-99': 90.0, 'old': 88.12, 'new': 90.0}
2025-12-24 07:12:23,010 [trainer.py] => Top1 curve: [91.48, 90.69, 90.48, 89.98, 90.0, 89.76, 89.28, 88.96, 88.53, 88.42, 88.6, 88.38, 88.44, 88.21, 88.16]
2025-12-24 07:12:23,010 [trainer.py] => Average Accuracy (CNN): 89.29
2025-12-24 07:12:23,033 [sec.py] => Learning on 88-90
2025-12-24 07:12:23,051 [sec.py] => All params: 87910656
2025-12-24 07:12:23,051 [sec.py] => Actual trainable params (excluding detached): 30720
2025-12-24 07:12:23,051 [sec.py] => TSP active prompts: 1 (total: 45)
2025-12-24 07:12:23,051 [sec.py] => RSP active prompts: 0 (total: 30)
2025-12-24 07:12:23,051 [sec.py] => Excluded params: head, detached prompts
2025-12-24 07:12:23,051 [sec.py] => backbone.TSP.e_p_1: 2304
2025-12-24 07:12:23,051 [sec.py] => backbone.TSP.e_k_1: 768
2025-12-24 07:12:23,051 [sec.py] => backbone.TSP.e_a_1: 768
2025-12-24 07:12:23,051 [sec.py] => backbone.TSP.e_p_2: 2304
2025-12-24 07:12:23,051 [sec.py] => backbone.TSP.e_k_2: 768
2025-12-24 07:12:23,051 [sec.py] => backbone.TSP.e_a_2: 768
2025-12-24 07:12:23,051 [sec.py] => backbone.TSP.e_p_3: 2304
2025-12-24 07:12:23,051 [sec.py] => backbone.TSP.e_k_3: 768
2025-12-24 07:12:23,052 [sec.py] => backbone.TSP.e_a_3: 768
2025-12-24 07:12:23,052 [sec.py] => backbone.TSP.e_p_4: 2304
2025-12-24 07:12:23,052 [sec.py] => backbone.TSP.e_k_4: 768
2025-12-24 07:12:23,052 [sec.py] => backbone.TSP.e_a_4: 768
2025-12-24 07:12:23,052 [sec.py] => backbone.TSP.e_p_5: 2304
2025-12-24 07:12:23,052 [sec.py] => backbone.TSP.e_k_5: 768
2025-12-24 07:12:23,052 [sec.py] => backbone.TSP.e_a_5: 768
2025-12-24 07:12:23,052 [sec.py] => backbone.TSP.e_p_6: 2304
2025-12-24 07:12:23,052 [sec.py] => backbone.TSP.e_k_6: 768
2025-12-24 07:12:23,052 [sec.py] => backbone.TSP.e_a_6: 768
2025-12-24 07:12:23,052 [sec.py] => backbone.TSP.e_p_7: 2304
2025-12-24 07:12:23,052 [sec.py] => backbone.TSP.e_k_7: 768
2025-12-24 07:12:23,052 [sec.py] => backbone.TSP.e_a_7: 768
2025-12-24 07:12:23,052 [sec.py] => backbone.TSP.e_p_8: 2304
2025-12-24 07:12:23,052 [sec.py] => backbone.TSP.e_k_8: 768
2025-12-24 07:12:23,052 [sec.py] => backbone.TSP.e_a_8: 768
2025-12-24 07:12:23,082 [sec.py] => training set size: 10, fc construct set size: 10
2025-12-24 07:14:29,207 [trainer.py] => CNN: {'total': 88.11, '00-59': 90.33, '60-61': 72.5, '62-63': 77.0, '64-65': 73.0, '66-67': 90.0, '68-69': 86.5, '70-71': 82.0, '72-73': 79.0, '74-75': 78.0, '76-77': 88.0, '78-79': 95.0, '80-81': 84.5, '82-83': 92.0, '84-85': 77.0, '86-87': 90.5, '88-89': 90.0, '90-91': 80.0, '92-93': 80.0, '94-95': 90.0, '96-97': 70.0, '98-99': 60.0, 'old': 88.07, 'new': 90.0}
2025-12-24 07:14:29,236 [trainer.py] => Top1 curve: [91.48, 90.69, 90.48, 89.98, 90.0, 89.76, 89.28, 88.96, 88.53, 88.42, 88.6, 88.38, 88.44, 88.21, 88.16, 88.11]
2025-12-24 07:14:29,236 [trainer.py] => Average Accuracy (CNN): 89.22
2025-12-24 07:14:29,429 [sec.py] => Learning on 90-92
2025-12-24 07:14:29,444 [sec.py] => All params: 87910656
2025-12-24 07:14:29,445 [sec.py] => Actual trainable params (excluding detached): 30720
2025-12-24 07:14:29,445 [sec.py] => TSP active prompts: 1 (total: 46)
2025-12-24 07:14:29,445 [sec.py] => RSP active prompts: 0 (total: 30)
2025-12-24 07:14:29,445 [sec.py] => Excluded params: head, detached prompts
2025-12-24 07:14:29,445 [sec.py] => backbone.TSP.e_p_1: 2304
2025-12-24 07:14:29,445 [sec.py] => backbone.TSP.e_k_1: 768
2025-12-24 07:14:29,446 [sec.py] => backbone.TSP.e_a_1: 768
2025-12-24 07:14:29,446 [sec.py] => backbone.TSP.e_p_2: 2304
2025-12-24 07:14:29,446 [sec.py] => backbone.TSP.e_k_2: 768
2025-12-24 07:14:29,446 [sec.py] => backbone.TSP.e_a_2: 768
2025-12-24 07:14:29,446 [sec.py] => backbone.TSP.e_p_3: 2304
2025-12-24 07:14:29,446 [sec.py] => backbone.TSP.e_k_3: 768
2025-12-24 07:14:29,446 [sec.py] => backbone.TSP.e_a_3: 768
2025-12-24 07:14:29,446 [sec.py] => backbone.TSP.e_p_4: 2304
2025-12-24 07:14:29,446 [sec.py] => backbone.TSP.e_k_4: 768
2025-12-24 07:14:29,447 [sec.py] => backbone.TSP.e_a_4: 768
2025-12-24 07:14:29,447 [sec.py] => backbone.TSP.e_p_5: 2304
2025-12-24 07:14:29,447 [sec.py] => backbone.TSP.e_k_5: 768
2025-12-24 07:14:29,447 [sec.py] => backbone.TSP.e_a_5: 768
2025-12-24 07:14:29,447 [sec.py] => backbone.TSP.e_p_6: 2304
2025-12-24 07:14:29,447 [sec.py] => backbone.TSP.e_k_6: 768
2025-12-24 07:14:29,447 [sec.py] => backbone.TSP.e_a_6: 768
2025-12-24 07:14:29,447 [sec.py] => backbone.TSP.e_p_7: 2304
2025-12-24 07:14:29,447 [sec.py] => backbone.TSP.e_k_7: 768
2025-12-24 07:14:29,447 [sec.py] => backbone.TSP.e_a_7: 768
2025-12-24 07:14:29,448 [sec.py] => backbone.TSP.e_p_8: 2304
2025-12-24 07:14:29,448 [sec.py] => backbone.TSP.e_k_8: 768
2025-12-24 07:14:29,448 [sec.py] => backbone.TSP.e_a_8: 768
2025-12-24 07:14:29,498 [sec.py] => training set size: 10, fc construct set size: 10
2025-12-24 07:16:30,758 [trainer.py] => CNN: {'total': 88.03, '00-59': 90.15, '60-61': 72.5, '62-63': 77.0, '64-65': 73.0, '66-67': 90.0, '68-69': 88.0, '70-71': 82.0, '72-73': 77.0, '74-75': 79.0, '76-77': 88.5, '78-79': 95.0, '80-81': 82.0, '82-83': 92.5, '84-85': 77.0, '86-87': 90.5, '88-89': 90.5, '90-91': 90.5, '92-93': 80.0, '94-95': 80.0, '96-97': 70.0, '98-99': 90.0, 'old': 87.98, 'new': 90.5}
2025-12-24 07:16:30,785 [trainer.py] => Top1 curve: [91.48, 90.69, 90.48, 89.98, 90.0, 89.76, 89.28, 88.96, 88.53, 88.42, 88.6, 88.38, 88.44, 88.21, 88.16, 88.11, 88.03]
2025-12-24 07:16:30,785 [trainer.py] => Average Accuracy (CNN): 89.15
2025-12-24 07:16:30,794 [sec.py] => Learning on 92-94
2025-12-24 07:16:30,811 [sec.py] => All params: 87910656
2025-12-24 07:16:30,811 [sec.py] => Actual trainable params (excluding detached): 30720
2025-12-24 07:16:30,811 [sec.py] => TSP active prompts: 1 (total: 47)
2025-12-24 07:16:30,811 [sec.py] => RSP active prompts: 0 (total: 30)
2025-12-24 07:16:30,811 [sec.py] => Excluded params: head, detached prompts
2025-12-24 07:16:30,811 [sec.py] => backbone.TSP.e_p_1: 2304
2025-12-24 07:16:30,811 [sec.py] => backbone.TSP.e_k_1: 768
2025-12-24 07:16:30,811 [sec.py] => backbone.TSP.e_a_1: 768
2025-12-24 07:16:30,811 [sec.py] => backbone.TSP.e_p_2: 2304
2025-12-24 07:16:30,811 [sec.py] => backbone.TSP.e_k_2: 768
2025-12-24 07:16:30,811 [sec.py] => backbone.TSP.e_a_2: 768
2025-12-24 07:16:30,811 [sec.py] => backbone.TSP.e_p_3: 2304
2025-12-24 07:16:30,811 [sec.py] => backbone.TSP.e_k_3: 768
2025-12-24 07:16:30,811 [sec.py] => backbone.TSP.e_a_3: 768
2025-12-24 07:16:30,811 [sec.py] => backbone.TSP.e_p_4: 2304
2025-12-24 07:16:30,811 [sec.py] => backbone.TSP.e_k_4: 768
2025-12-24 07:16:30,811 [sec.py] => backbone.TSP.e_a_4: 768
2025-12-24 07:16:30,811 [sec.py] => backbone.TSP.e_p_5: 2304
2025-12-24 07:16:30,811 [sec.py] => backbone.TSP.e_k_5: 768
2025-12-24 07:16:30,812 [sec.py] => backbone.TSP.e_a_5: 768
2025-12-24 07:16:30,812 [sec.py] => backbone.TSP.e_p_6: 2304
2025-12-24 07:16:30,812 [sec.py] => backbone.TSP.e_k_6: 768
2025-12-24 07:16:30,812 [sec.py] => backbone.TSP.e_a_6: 768
2025-12-24 07:16:30,812 [sec.py] => backbone.TSP.e_p_7: 2304
2025-12-24 07:16:30,812 [sec.py] => backbone.TSP.e_k_7: 768
2025-12-24 07:16:30,812 [sec.py] => backbone.TSP.e_a_7: 768
2025-12-24 07:16:30,812 [sec.py] => backbone.TSP.e_p_8: 2304
2025-12-24 07:16:30,812 [sec.py] => backbone.TSP.e_k_8: 768
2025-12-24 07:16:30,812 [sec.py] => backbone.TSP.e_a_8: 768
2025-12-24 07:16:30,841 [sec.py] => training set size: 10, fc construct set size: 10
2025-12-24 07:18:17,993 [trainer.py] => CNN: {'total': 87.9, '00-59': 90.08, '60-61': 72.5, '62-63': 76.5, '64-65': 73.0, '66-67': 90.0, '68-69': 88.5, '70-71': 81.0, '72-73': 77.0, '74-75': 79.0, '76-77': 88.5, '78-79': 95.0, '80-81': 82.5, '82-83': 92.5, '84-85': 78.0, '86-87': 90.5, '88-89': 90.5, '90-91': 90.5, '92-93': 83.5, '94-95': 70.0, '96-97': 100.0, '98-99': 90.0, 'old': 88.0, 'new': 83.5}
2025-12-24 07:18:18,019 [trainer.py] => Top1 curve: [91.48, 90.69, 90.48, 89.98, 90.0, 89.76, 89.28, 88.96, 88.53, 88.42, 88.6, 88.38, 88.44, 88.21, 88.16, 88.11, 88.03, 87.9]
2025-12-24 07:18:18,019 [trainer.py] => Average Accuracy (CNN): 89.08
2025-12-24 07:18:18,040 [sec.py] => Learning on 94-96
2025-12-24 07:18:18,050 [sec.py] => All params: 87910656
2025-12-24 07:18:18,050 [sec.py] => Actual trainable params (excluding detached): 30720
2025-12-24 07:18:18,050 [sec.py] => TSP active prompts: 1 (total: 48)
2025-12-24 07:18:18,050 [sec.py] => RSP active prompts: 0 (total: 30)
2025-12-24 07:18:18,050 [sec.py] => Excluded params: head, detached prompts
2025-12-24 07:18:18,050 [sec.py] => backbone.TSP.e_p_1: 2304
2025-12-24 07:18:18,050 [sec.py] => backbone.TSP.e_k_1: 768
2025-12-24 07:18:18,050 [sec.py] => backbone.TSP.e_a_1: 768
2025-12-24 07:18:18,051 [sec.py] => backbone.TSP.e_p_2: 2304
2025-12-24 07:18:18,051 [sec.py] => backbone.TSP.e_k_2: 768
2025-12-24 07:18:18,051 [sec.py] => backbone.TSP.e_a_2: 768
2025-12-24 07:18:18,051 [sec.py] => backbone.TSP.e_p_3: 2304
2025-12-24 07:18:18,051 [sec.py] => backbone.TSP.e_k_3: 768
2025-12-24 07:18:18,051 [sec.py] => backbone.TSP.e_a_3: 768
2025-12-24 07:18:18,051 [sec.py] => backbone.TSP.e_p_4: 2304
2025-12-24 07:18:18,051 [sec.py] => backbone.TSP.e_k_4: 768
2025-12-24 07:18:18,051 [sec.py] => backbone.TSP.e_a_4: 768
2025-12-24 07:18:18,051 [sec.py] => backbone.TSP.e_p_5: 2304
2025-12-24 07:18:18,051 [sec.py] => backbone.TSP.e_k_5: 768
2025-12-24 07:18:18,052 [sec.py] => backbone.TSP.e_a_5: 768
2025-12-24 07:18:18,052 [sec.py] => backbone.TSP.e_p_6: 2304
2025-12-24 07:18:18,052 [sec.py] => backbone.TSP.e_k_6: 768
2025-12-24 07:18:18,052 [sec.py] => backbone.TSP.e_a_6: 768
2025-12-24 07:18:18,052 [sec.py] => backbone.TSP.e_p_7: 2304
2025-12-24 07:18:18,052 [sec.py] => backbone.TSP.e_k_7: 768
2025-12-24 07:18:18,052 [sec.py] => backbone.TSP.e_a_7: 768
2025-12-24 07:18:18,052 [sec.py] => backbone.TSP.e_p_8: 2304
2025-12-24 07:18:18,052 [sec.py] => backbone.TSP.e_k_8: 768
2025-12-24 07:18:18,052 [sec.py] => backbone.TSP.e_a_8: 768
2025-12-24 07:18:18,098 [sec.py] => training set size: 10, fc construct set size: 10
2025-12-24 07:20:07,327 [trainer.py] => CNN: {'total': 87.76, '00-59': 89.9, '60-61': 72.5, '62-63': 76.5, '64-65': 73.0, '66-67': 90.0, '68-69': 88.5, '70-71': 81.0, '72-73': 77.0, '74-75': 79.0, '76-77': 88.5, '78-79': 95.0, '80-81': 82.0, '82-83': 92.5, '84-85': 78.0, '86-87': 89.5, '88-89': 90.5, '90-91': 91.0, '92-93': 84.0, '94-95': 87.0, '96-97': 70.0, '98-99': 80.0, 'old': 87.78, 'new': 87.0}
2025-12-24 07:20:07,356 [trainer.py] => Top1 curve: [91.48, 90.69, 90.48, 89.98, 90.0, 89.76, 89.28, 88.96, 88.53, 88.42, 88.6, 88.38, 88.44, 88.21, 88.16, 88.11, 88.03, 87.9, 87.76]
2025-12-24 07:20:07,356 [trainer.py] => Average Accuracy (CNN): 89.01
2025-12-24 07:20:07,363 [sec.py] => Learning on 96-98
2025-12-24 07:20:07,373 [sec.py] => All params: 87910656
2025-12-24 07:20:07,373 [sec.py] => Actual trainable params (excluding detached): 30720
2025-12-24 07:20:07,373 [sec.py] => TSP active prompts: 1 (total: 49)
2025-12-24 07:20:07,373 [sec.py] => RSP active prompts: 0 (total: 30)
2025-12-24 07:20:07,373 [sec.py] => Excluded params: head, detached prompts
2025-12-24 07:20:07,373 [sec.py] => backbone.TSP.e_p_1: 2304
2025-12-24 07:20:07,373 [sec.py] => backbone.TSP.e_k_1: 768
2025-12-24 07:20:07,373 [sec.py] => backbone.TSP.e_a_1: 768
2025-12-24 07:20:07,373 [sec.py] => backbone.TSP.e_p_2: 2304
2025-12-24 07:20:07,373 [sec.py] => backbone.TSP.e_k_2: 768
2025-12-24 07:20:07,373 [sec.py] => backbone.TSP.e_a_2: 768
2025-12-24 07:20:07,373 [sec.py] => backbone.TSP.e_p_3: 2304
2025-12-24 07:20:07,373 [sec.py] => backbone.TSP.e_k_3: 768
2025-12-24 07:20:07,373 [sec.py] => backbone.TSP.e_a_3: 768
2025-12-24 07:20:07,374 [sec.py] => backbone.TSP.e_p_4: 2304
2025-12-24 07:20:07,374 [sec.py] => backbone.TSP.e_k_4: 768
2025-12-24 07:20:07,374 [sec.py] => backbone.TSP.e_a_4: 768
2025-12-24 07:20:07,374 [sec.py] => backbone.TSP.e_p_5: 2304
2025-12-24 07:20:07,374 [sec.py] => backbone.TSP.e_k_5: 768
2025-12-24 07:20:07,374 [sec.py] => backbone.TSP.e_a_5: 768
2025-12-24 07:20:07,374 [sec.py] => backbone.TSP.e_p_6: 2304
2025-12-24 07:20:07,374 [sec.py] => backbone.TSP.e_k_6: 768
2025-12-24 07:20:07,374 [sec.py] => backbone.TSP.e_a_6: 768
2025-12-24 07:20:07,374 [sec.py] => backbone.TSP.e_p_7: 2304
2025-12-24 07:20:07,374 [sec.py] => backbone.TSP.e_k_7: 768
2025-12-24 07:20:07,374 [sec.py] => backbone.TSP.e_a_7: 768
2025-12-24 07:20:07,374 [sec.py] => backbone.TSP.e_p_8: 2304
2025-12-24 07:20:07,374 [sec.py] => backbone.TSP.e_k_8: 768
2025-12-24 07:20:07,374 [sec.py] => backbone.TSP.e_a_8: 768
2025-12-24 07:20:07,404 [sec.py] => training set size: 10, fc construct set size: 10
2025-12-24 07:21:55,659 [trainer.py] => CNN: {'total': 87.09, '00-59': 89.2, '60-61': 72.0, '62-63': 76.5, '64-65': 74.0, '66-67': 90.5, '68-69': 88.0, '70-71': 80.0, '72-73': 77.0, '74-75': 79.5, '76-77': 89.0, '78-79': 95.0, '80-81': 82.5, '82-83': 93.0, '84-85': 79.5, '86-87': 89.0, '88-89': 90.5, '90-91': 91.0, '92-93': 84.0, '94-95': 87.0, '96-97': 73.5, '98-99': 90.0, 'old': 87.38, 'new': 73.5}
2025-12-24 07:21:55,683 [trainer.py] => Top1 curve: [91.48, 90.69, 90.48, 89.98, 90.0, 89.76, 89.28, 88.96, 88.53, 88.42, 88.6, 88.38, 88.44, 88.21, 88.16, 88.11, 88.03, 87.9, 87.76, 87.09]
2025-12-24 07:21:55,683 [trainer.py] => Average Accuracy (CNN): 88.91
2025-12-24 07:21:55,706 [sec.py] => Learning on 98-100
2025-12-24 07:21:55,717 [sec.py] => All params: 87910656
2025-12-24 07:21:55,718 [sec.py] => Actual trainable params (excluding detached): 30720
2025-12-24 07:21:55,718 [sec.py] => TSP active prompts: 1 (total: 50)
2025-12-24 07:21:55,718 [sec.py] => RSP active prompts: 0 (total: 30)
2025-12-24 07:21:55,718 [sec.py] => Excluded params: head, detached prompts
2025-12-24 07:21:55,718 [sec.py] => backbone.TSP.e_p_1: 2304
2025-12-24 07:21:55,718 [sec.py] => backbone.TSP.e_k_1: 768
2025-12-24 07:21:55,718 [sec.py] => backbone.TSP.e_a_1: 768
2025-12-24 07:21:55,718 [sec.py] => backbone.TSP.e_p_2: 2304
2025-12-24 07:21:55,718 [sec.py] => backbone.TSP.e_k_2: 768
2025-12-24 07:21:55,718 [sec.py] => backbone.TSP.e_a_2: 768
2025-12-24 07:21:55,718 [sec.py] => backbone.TSP.e_p_3: 2304
2025-12-24 07:21:55,718 [sec.py] => backbone.TSP.e_k_3: 768
2025-12-24 07:21:55,718 [sec.py] => backbone.TSP.e_a_3: 768
2025-12-24 07:21:55,718 [sec.py] => backbone.TSP.e_p_4: 2304
2025-12-24 07:21:55,718 [sec.py] => backbone.TSP.e_k_4: 768
2025-12-24 07:21:55,718 [sec.py] => backbone.TSP.e_a_4: 768
2025-12-24 07:21:55,718 [sec.py] => backbone.TSP.e_p_5: 2304
2025-12-24 07:21:55,718 [sec.py] => backbone.TSP.e_k_5: 768
2025-12-24 07:21:55,718 [sec.py] => backbone.TSP.e_a_5: 768
2025-12-24 07:21:55,718 [sec.py] => backbone.TSP.e_p_6: 2304
2025-12-24 07:21:55,718 [sec.py] => backbone.TSP.e_k_6: 768
2025-12-24 07:21:55,718 [sec.py] => backbone.TSP.e_a_6: 768
2025-12-24 07:21:55,719 [sec.py] => backbone.TSP.e_p_7: 2304
2025-12-24 07:21:55,719 [sec.py] => backbone.TSP.e_k_7: 768
2025-12-24 07:21:55,719 [sec.py] => backbone.TSP.e_a_7: 768
2025-12-24 07:21:55,719 [sec.py] => backbone.TSP.e_p_8: 2304
2025-12-24 07:21:55,719 [sec.py] => backbone.TSP.e_k_8: 768
2025-12-24 07:21:55,719 [sec.py] => backbone.TSP.e_a_8: 768
2025-12-24 07:21:55,748 [sec.py] => training set size: 10, fc construct set size: 10
2025-12-24 07:23:31,904 [trainer.py] => CNN: {'total': 86.66, '00-59': 88.77, '60-61': 72.0, '62-63': 74.5, '64-65': 73.5, '66-67': 90.5, '68-69': 88.0, '70-71': 79.5, '72-73': 77.0, '74-75': 80.0, '76-77': 89.0, '78-79': 90.5, '80-81': 82.5, '82-83': 93.0, '84-85': 80.5, '86-87': 89.0, '88-89': 91.0, '90-91': 91.0, '92-93': 84.0, '94-95': 87.0, '96-97': 74.0, '98-99': 83.5, 'old': 86.72, 'new': 83.5}
2025-12-24 07:23:31,935 [trainer.py] => Top1 curve: [91.48, 90.69, 90.48, 89.98, 90.0, 89.76, 89.28, 88.96, 88.53, 88.42, 88.6, 88.38, 88.44, 88.21, 88.16, 88.11, 88.03, 87.9, 87.76, 87.09, 86.66]
2025-12-24 07:23:31,936 [trainer.py] => Average Accuracy (CNN): 88.81

================================================================================
Finished cifar224_init60_inc2: pretrained_vit_b16_224_vpt  
Base Accuracy: 91.48
Last Accuracy: 86.66
Average Accuracy (Top1): 88.81
PD: 4.82
Backward Transfer (BWT): -0.46
Traceback (most recent call last):
  File "/public/home/hanlida/Dr.1/Code/Research/Awesome-FSCIL/SEC-Prompt-main/main.py", line 29, in <module>
    main()
  File "/public/home/hanlida/Dr.1/Code/Research/Awesome-FSCIL/SEC-Prompt-main/main.py", line 11, in main
    train(args)
  File "/public/home/hanlida/Dr.1/Code/Research/Awesome-FSCIL/SEC-Prompt-main/trainer.py", line 21, in train
    _train(args)
  File "/public/home/hanlida/Dr.1/Code/Research/Awesome-FSCIL/SEC-Prompt-main/trainer.py", line 201, in _train
    print("Forward Transfer (FWT):", forward_transfer(args["dataset"], np.array(cnn_matrix)))
  File "/public/home/hanlida/Dr.1/Code/Research/Awesome-FSCIL/SEC-Prompt-main/trainer.py", line 347, in forward_transfer
    fwt_diffs = fwt_accs - rand_init_acc_for_fwt
ValueError: operands could not be broadcast together with shapes (20,) (8,) 
2025-12-24 07:23:56,603 [trainer.py] => config: ./configs/SEC-Prompt_inr_B100_Inc5.json
2025-12-24 07:23:56,618 [trainer.py] => lamda: 0.5
2025-12-24 07:23:56,619 [trainer.py] => aug: 2
2025-12-24 07:23:56,619 [trainer.py] => prompt_token_num: 10
2025-12-24 07:23:56,619 [trainer.py] => prompt_pool_num: 0.5
2025-12-24 07:23:56,619 [trainer.py] => model_name: sec
2025-12-24 07:23:56,619 [trainer.py] => backbone_type: pretrained_vit_b16_224_vpt
2025-12-24 07:23:56,619 [trainer.py] => device: [device(type='cuda', index=2)]
2025-12-24 07:23:56,620 [trainer.py] => seed: 1993
2025-12-24 07:23:56,620 [trainer.py] => dataset: imagenetr
2025-12-24 07:23:56,620 [trainer.py] => init_cls: 100
2025-12-24 07:23:56,620 [trainer.py] => increment: 5
2025-12-24 07:23:56,620 [trainer.py] => kshot: 5
2025-12-24 07:23:56,620 [trainer.py] => vpt_type: Deep
2025-12-24 07:23:56,620 [trainer.py] => kl_weight: 0.001
2025-12-24 07:23:56,620 [trainer.py] => tuned_epoch: 30
2025-12-24 07:23:56,621 [trainer.py] => fs_epoch: 10
2025-12-24 07:23:56,621 [trainer.py] => init_lr: 0.01
2025-12-24 07:23:56,621 [trainer.py] => fs_lr: 0.0005
2025-12-24 07:23:56,621 [trainer.py] => batch_size: 64
2025-12-24 07:23:56,621 [trainer.py] => fs_batch_size: 16
2025-12-24 07:23:56,621 [trainer.py] => weight_decay: 0.005
2025-12-24 07:23:56,621 [trainer.py] => min_lr: 0
2025-12-24 07:23:56,622 [trainer.py] => optimizer: sgd
2025-12-24 07:23:56,622 [trainer.py] => fixed_memory: False
2025-12-24 07:23:56,622 [trainer.py] => shuffle: False
2025-12-24 07:23:56,622 [trainer.py] => top_k: 5
2025-12-24 07:23:56,622 [trainer.py] => base_model_path: saved_model/sec_tr/imagenetr/30_0.01/10_0.5/sec_30_1993_64.pth
2025-12-24 07:23:56,622 [trainer.py] => prefix: sec
2025-12-24 07:23:56,622 [trainer.py] => model_prefix: sec
2025-12-24 07:23:56,622 [trainer.py] => beta: 0.5
2025-12-24 07:23:56,623 [trainer.py] => memory_size: 0
2025-12-24 07:23:56,623 [trainer.py] => memory_per_class: 0
2025-12-24 07:23:57,458 [data_manager.py] => [0, 1, 2, 3, 4, 5, 6, 7, 8, 9, 10, 11, 12, 13, 14, 15, 16, 17, 18, 19, 20, 21, 22, 23, 24, 25, 26, 27, 28, 29, 30, 31, 32, 33, 34, 35, 36, 37, 38, 39, 40, 41, 42, 43, 44, 45, 46, 47, 48, 49, 50, 51, 52, 53, 54, 55, 56, 57, 58, 59, 60, 61, 62, 63, 64, 65, 66, 67, 68, 69, 70, 71, 72, 73, 74, 75, 76, 77, 78, 79, 80, 81, 82, 83, 84, 85, 86, 87, 88, 89, 90, 91, 92, 93, 94, 95, 96, 97, 98, 99, 100, 101, 102, 103, 104, 105, 106, 107, 108, 109, 110, 111, 112, 113, 114, 115, 116, 117, 118, 119, 120, 121, 122, 123, 124, 125, 126, 127, 128, 129, 130, 131, 132, 133, 134, 135, 136, 137, 138, 139, 140, 141, 142, 143, 144, 145, 146, 147, 148, 149, 150, 151, 152, 153, 154, 155, 156, 157, 158, 159, 160, 161, 162, 163, 164, 165, 166, 167, 168, 169, 170, 171, 172, 173, 174, 175, 176, 177, 178, 179, 180, 181, 182, 183, 184, 185, 186, 187, 188, 189, 190, 191, 192, 193, 194, 195, 196, 197, 198, 199]
This is for the BaseNet initialization.
modelname, pretrained_vit_b16_224_vpt basicmodelname vit_base_patch16_224
Using VPT model
Using Deep Prompt
After BaseNet initialization.
2025-12-24 07:24:23,893 [sec.py] => Learning on 0-100
2025-12-24 07:24:32,428 [sec.py] => All params: 91013376
2025-12-24 07:24:32,430 [sec.py] => Actual trainable params (excluding detached): 3494400
2025-12-24 07:24:32,430 [sec.py] => TSP active prompts: 50 (total: 50)
2025-12-24 07:24:32,430 [sec.py] => RSP active prompts: 50 (total: 50)
2025-12-24 07:24:32,430 [sec.py] => Excluded params: head, detached prompts
2025-12-24 07:24:32,430 [sec.py] => backbone.TSP.e_p_1: 192000
2025-12-24 07:24:32,430 [sec.py] => backbone.TSP.e_k_1: 38400
2025-12-24 07:24:32,430 [sec.py] => backbone.TSP.e_a_1: 38400
2025-12-24 07:24:32,430 [sec.py] => backbone.TSP.e_p_2: 192000
2025-12-24 07:24:32,431 [sec.py] => backbone.TSP.e_k_2: 38400
2025-12-24 07:24:32,431 [sec.py] => backbone.TSP.e_a_2: 38400
2025-12-24 07:24:32,431 [sec.py] => backbone.TSP.e_p_3: 192000
2025-12-24 07:24:32,431 [sec.py] => backbone.TSP.e_k_3: 38400
2025-12-24 07:24:32,431 [sec.py] => backbone.TSP.e_a_3: 38400
2025-12-24 07:24:32,431 [sec.py] => backbone.TSP.e_p_4: 192000
2025-12-24 07:24:32,431 [sec.py] => backbone.TSP.e_k_4: 38400
2025-12-24 07:24:32,431 [sec.py] => backbone.TSP.e_a_4: 38400
2025-12-24 07:24:32,431 [sec.py] => backbone.TSP.e_p_5: 192000
2025-12-24 07:24:32,431 [sec.py] => backbone.TSP.e_k_5: 38400
2025-12-24 07:24:32,431 [sec.py] => backbone.TSP.e_a_5: 38400
2025-12-24 07:24:32,431 [sec.py] => backbone.TSP.e_p_6: 192000
2025-12-24 07:24:32,431 [sec.py] => backbone.TSP.e_k_6: 38400
2025-12-24 07:24:32,431 [sec.py] => backbone.TSP.e_a_6: 38400
2025-12-24 07:24:32,431 [sec.py] => backbone.TSP.e_p_7: 192000
2025-12-24 07:24:32,431 [sec.py] => backbone.TSP.e_k_7: 38400
2025-12-24 07:24:32,431 [sec.py] => backbone.TSP.e_a_7: 38400
2025-12-24 07:24:32,431 [sec.py] => backbone.TSP.e_p_8: 192000
2025-12-24 07:24:32,431 [sec.py] => backbone.TSP.e_k_8: 38400
2025-12-24 07:24:32,431 [sec.py] => backbone.TSP.e_a_8: 38400
2025-12-24 07:24:32,431 [sec.py] => backbone.RSP.e_p_1: 192000
2025-12-24 07:24:32,431 [sec.py] => backbone.RSP.e_k_1: 38400
2025-12-24 07:24:32,431 [sec.py] => backbone.RSP.e_a_1: 38400
2025-12-24 07:24:32,431 [sec.py] => backbone.RSP.e_p_2: 192000
2025-12-24 07:24:32,431 [sec.py] => backbone.RSP.e_k_2: 38400
2025-12-24 07:24:32,432 [sec.py] => backbone.RSP.e_a_2: 38400
2025-12-24 07:24:32,432 [sec.py] => backbone.RSP.e_p_3: 192000
2025-12-24 07:24:32,432 [sec.py] => backbone.RSP.e_k_3: 38400
2025-12-24 07:24:32,432 [sec.py] => backbone.RSP.e_a_3: 38400
2025-12-24 07:24:32,432 [sec.py] => backbone.RSP.e_p_4: 192000
2025-12-24 07:24:32,432 [sec.py] => backbone.RSP.e_k_4: 38400
2025-12-24 07:24:32,432 [sec.py] => backbone.RSP.e_a_4: 38400
2025-12-24 07:24:32,432 [sec.py] => backbone.RSP.e_p_5: 192000
2025-12-24 07:24:32,432 [sec.py] => backbone.RSP.e_k_5: 38400
2025-12-24 07:24:32,432 [sec.py] => backbone.RSP.e_a_5: 38400
2025-12-24 07:24:32,470 [sec.py] => training set size: 12425, fc construct set size: 12425
/public/home/hanlida/Dr.1/Code/Research/Awesome-FSCIL/SEC-Prompt-main/backbone/zoo.py:205: UserWarning: Implicit dimension choice for softmax has been deprecated. Change the call to include dim=X as an argument.
  aq_k = torch.nn.functional.softmax(aq_k)
2025-12-24 09:04:13,946 [trainer.py] => CNN: {'total': 82.82, '00-99': 82.82, '100-104': 60.0, '105-109': 64.0, '110-114': 80.0, '115-119': 60.0, '120-124': 76.0, '125-129': 64.0, '130-134': 68.0, '135-139': 80.0, '140-144': 64.0, '145-149': 72.0, '150-154': 56.0, '155-159': 64.0, '160-164': 88.0, '165-169': 72.0, '170-174': 80.0, '175-179': 68.0, '180-184': 72.0, '185-189': 72.0, '190-194': 72.0, '195-199': 60.0, 'old': 0, 'new': 82.82}
2025-12-24 09:04:13,977 [trainer.py] => Top1 curve: [82.82]
2025-12-24 09:04:13,978 [trainer.py] => Average Accuracy (CNN): 82.82
2025-12-24 09:04:14,029 [sec.py] => Learning on 100-105
2025-12-24 09:04:14,040 [sec.py] => All params: 91013376
2025-12-24 09:04:14,040 [sec.py] => Actual trainable params (excluding detached): 86016
2025-12-24 09:04:14,041 [sec.py] => TSP active prompts: 2 (total: 52)
2025-12-24 09:04:14,041 [sec.py] => RSP active prompts: 0 (total: 50)
2025-12-24 09:04:14,041 [sec.py] => Excluded params: head, detached prompts
2025-12-24 09:04:14,041 [sec.py] => backbone.TSP.e_p_1: 7680
2025-12-24 09:04:14,041 [sec.py] => backbone.TSP.e_k_1: 1536
2025-12-24 09:04:14,041 [sec.py] => backbone.TSP.e_a_1: 1536
2025-12-24 09:04:14,042 [sec.py] => backbone.TSP.e_p_2: 7680
2025-12-24 09:04:14,042 [sec.py] => backbone.TSP.e_k_2: 1536
2025-12-24 09:04:14,042 [sec.py] => backbone.TSP.e_a_2: 1536
2025-12-24 09:04:14,042 [sec.py] => backbone.TSP.e_p_3: 7680
2025-12-24 09:04:14,042 [sec.py] => backbone.TSP.e_k_3: 1536
2025-12-24 09:04:14,042 [sec.py] => backbone.TSP.e_a_3: 1536
2025-12-24 09:04:14,042 [sec.py] => backbone.TSP.e_p_4: 7680
2025-12-24 09:04:14,043 [sec.py] => backbone.TSP.e_k_4: 1536
2025-12-24 09:04:14,043 [sec.py] => backbone.TSP.e_a_4: 1536
2025-12-24 09:04:14,043 [sec.py] => backbone.TSP.e_p_5: 7680
2025-12-24 09:04:14,043 [sec.py] => backbone.TSP.e_k_5: 1536
2025-12-24 09:04:14,043 [sec.py] => backbone.TSP.e_a_5: 1536
2025-12-24 09:04:14,043 [sec.py] => backbone.TSP.e_p_6: 7680
2025-12-24 09:04:14,043 [sec.py] => backbone.TSP.e_k_6: 1536
2025-12-24 09:04:14,044 [sec.py] => backbone.TSP.e_a_6: 1536
2025-12-24 09:04:14,044 [sec.py] => backbone.TSP.e_p_7: 7680
2025-12-24 09:04:14,044 [sec.py] => backbone.TSP.e_k_7: 1536
2025-12-24 09:04:14,044 [sec.py] => backbone.TSP.e_a_7: 1536
2025-12-24 09:04:14,044 [sec.py] => backbone.TSP.e_p_8: 7680
2025-12-24 09:04:14,044 [sec.py] => backbone.TSP.e_k_8: 1536
2025-12-24 09:04:14,044 [sec.py] => backbone.TSP.e_a_8: 1536
2025-12-24 09:04:14,085 [sec.py] => training set size: 25, fc construct set size: 25
2025-12-24 09:05:20,070 [trainer.py] => CNN: {'total': 81.69, '00-99': 82.72, '100-104': 63.37, '105-109': 56.0, '110-114': 72.0, '115-119': 72.0, '120-124': 40.0, '125-129': 68.0, '130-134': 56.0, '135-139': 76.0, '140-144': 76.0, '145-149': 76.0, '150-154': 60.0, '155-159': 64.0, '160-164': 72.0, '165-169': 68.0, '170-174': 68.0, '175-179': 72.0, '180-184': 72.0, '185-189': 64.0, '190-194': 68.0, '195-199': 64.0, 'old': 82.72, 'new': 63.37}
2025-12-24 09:05:20,101 [trainer.py] => Top1 curve: [82.82, 81.69]
2025-12-24 09:05:20,101 [trainer.py] => Average Accuracy (CNN): 82.25
2025-12-24 09:05:20,111 [sec.py] => Learning on 105-110
2025-12-24 09:05:20,120 [sec.py] => All params: 91013376
2025-12-24 09:05:20,120 [sec.py] => Actual trainable params (excluding detached): 86016
2025-12-24 09:05:20,120 [sec.py] => TSP active prompts: 2 (total: 54)
2025-12-24 09:05:20,120 [sec.py] => RSP active prompts: 0 (total: 50)
2025-12-24 09:05:20,120 [sec.py] => Excluded params: head, detached prompts
2025-12-24 09:05:20,120 [sec.py] => backbone.TSP.e_p_1: 7680
2025-12-24 09:05:20,120 [sec.py] => backbone.TSP.e_k_1: 1536
2025-12-24 09:05:20,121 [sec.py] => backbone.TSP.e_a_1: 1536
2025-12-24 09:05:20,121 [sec.py] => backbone.TSP.e_p_2: 7680
2025-12-24 09:05:20,121 [sec.py] => backbone.TSP.e_k_2: 1536
2025-12-24 09:05:20,121 [sec.py] => backbone.TSP.e_a_2: 1536
2025-12-24 09:05:20,121 [sec.py] => backbone.TSP.e_p_3: 7680
2025-12-24 09:05:20,121 [sec.py] => backbone.TSP.e_k_3: 1536
2025-12-24 09:05:20,121 [sec.py] => backbone.TSP.e_a_3: 1536
2025-12-24 09:05:20,121 [sec.py] => backbone.TSP.e_p_4: 7680
2025-12-24 09:05:20,121 [sec.py] => backbone.TSP.e_k_4: 1536
2025-12-24 09:05:20,121 [sec.py] => backbone.TSP.e_a_4: 1536
2025-12-24 09:05:20,121 [sec.py] => backbone.TSP.e_p_5: 7680
2025-12-24 09:05:20,121 [sec.py] => backbone.TSP.e_k_5: 1536
2025-12-24 09:05:20,121 [sec.py] => backbone.TSP.e_a_5: 1536
2025-12-24 09:05:20,121 [sec.py] => backbone.TSP.e_p_6: 7680
2025-12-24 09:05:20,121 [sec.py] => backbone.TSP.e_k_6: 1536
2025-12-24 09:05:20,121 [sec.py] => backbone.TSP.e_a_6: 1536
2025-12-24 09:05:20,121 [sec.py] => backbone.TSP.e_p_7: 7680
2025-12-24 09:05:20,121 [sec.py] => backbone.TSP.e_k_7: 1536
2025-12-24 09:05:20,122 [sec.py] => backbone.TSP.e_a_7: 1536
2025-12-24 09:05:20,122 [sec.py] => backbone.TSP.e_p_8: 7680
2025-12-24 09:05:20,122 [sec.py] => backbone.TSP.e_k_8: 1536
2025-12-24 09:05:20,122 [sec.py] => backbone.TSP.e_a_8: 1536
2025-12-24 09:05:20,138 [sec.py] => training set size: 25, fc construct set size: 25
2025-12-24 09:06:27,750 [trainer.py] => CNN: {'total': 80.3, '00-99': 82.59, '100-104': 57.56, '105-109': 59.31, '110-114': 76.0, '115-119': 60.0, '120-124': 68.0, '125-129': 60.0, '130-134': 60.0, '135-139': 76.0, '140-144': 68.0, '145-149': 76.0, '150-154': 60.0, '155-159': 52.0, '160-164': 56.0, '165-169': 68.0, '170-174': 80.0, '175-179': 60.0, '180-184': 72.0, '185-189': 76.0, '190-194': 64.0, '195-199': 68.0, 'old': 81.25, 'new': 59.31}
2025-12-24 09:06:27,789 [trainer.py] => Top1 curve: [82.82, 81.69, 80.3]
2025-12-24 09:06:27,789 [trainer.py] => Average Accuracy (CNN): 81.60
2025-12-24 09:06:27,894 [sec.py] => Learning on 110-115
2025-12-24 09:06:27,901 [sec.py] => All params: 91013376
2025-12-24 09:06:27,901 [sec.py] => Actual trainable params (excluding detached): 86016
2025-12-24 09:06:27,901 [sec.py] => TSP active prompts: 2 (total: 56)
2025-12-24 09:06:27,901 [sec.py] => RSP active prompts: 0 (total: 50)
2025-12-24 09:06:27,901 [sec.py] => Excluded params: head, detached prompts
2025-12-24 09:06:27,901 [sec.py] => backbone.TSP.e_p_1: 7680
2025-12-24 09:06:27,901 [sec.py] => backbone.TSP.e_k_1: 1536
2025-12-24 09:06:27,901 [sec.py] => backbone.TSP.e_a_1: 1536
2025-12-24 09:06:27,901 [sec.py] => backbone.TSP.e_p_2: 7680
2025-12-24 09:06:27,901 [sec.py] => backbone.TSP.e_k_2: 1536
2025-12-24 09:06:27,901 [sec.py] => backbone.TSP.e_a_2: 1536
2025-12-24 09:06:27,902 [sec.py] => backbone.TSP.e_p_3: 7680
2025-12-24 09:06:27,902 [sec.py] => backbone.TSP.e_k_3: 1536
2025-12-24 09:06:27,902 [sec.py] => backbone.TSP.e_a_3: 1536
2025-12-24 09:06:27,902 [sec.py] => backbone.TSP.e_p_4: 7680
2025-12-24 09:06:27,902 [sec.py] => backbone.TSP.e_k_4: 1536
2025-12-24 09:06:27,902 [sec.py] => backbone.TSP.e_a_4: 1536
2025-12-24 09:06:27,902 [sec.py] => backbone.TSP.e_p_5: 7680
2025-12-24 09:06:27,902 [sec.py] => backbone.TSP.e_k_5: 1536
2025-12-24 09:06:27,902 [sec.py] => backbone.TSP.e_a_5: 1536
2025-12-24 09:06:27,902 [sec.py] => backbone.TSP.e_p_6: 7680
2025-12-24 09:06:27,902 [sec.py] => backbone.TSP.e_k_6: 1536
2025-12-24 09:06:27,902 [sec.py] => backbone.TSP.e_a_6: 1536
2025-12-24 09:06:27,902 [sec.py] => backbone.TSP.e_p_7: 7680
2025-12-24 09:06:27,902 [sec.py] => backbone.TSP.e_k_7: 1536
2025-12-24 09:06:27,903 [sec.py] => backbone.TSP.e_a_7: 1536
2025-12-24 09:06:27,903 [sec.py] => backbone.TSP.e_p_8: 7680
2025-12-24 09:06:27,903 [sec.py] => backbone.TSP.e_k_8: 1536
2025-12-24 09:06:27,903 [sec.py] => backbone.TSP.e_a_8: 1536
2025-12-24 09:06:27,924 [sec.py] => training set size: 25, fc construct set size: 25
2025-12-24 09:07:25,106 [trainer.py] => CNN: {'total': 80.33, '00-99': 82.69, '100-104': 58.14, '105-109': 60.69, '110-114': 76.6, '115-119': 68.0, '120-124': 52.0, '125-129': 52.0, '130-134': 68.0, '135-139': 68.0, '140-144': 60.0, '145-149': 84.0, '150-154': 56.0, '155-159': 64.0, '160-164': 68.0, '165-169': 84.0, '170-174': 76.0, '175-179': 72.0, '180-184': 64.0, '185-189': 60.0, '190-194': 68.0, '195-199': 52.0, 'old': 80.48, 'new': 76.6}
2025-12-24 09:07:25,142 [trainer.py] => Top1 curve: [82.82, 81.69, 80.3, 80.33]
2025-12-24 09:07:25,142 [trainer.py] => Average Accuracy (CNN): 81.28
2025-12-24 09:07:25,152 [sec.py] => Learning on 115-120
2025-12-24 09:07:25,161 [sec.py] => All params: 91013376
2025-12-24 09:07:25,161 [sec.py] => Actual trainable params (excluding detached): 86016
2025-12-24 09:07:25,161 [sec.py] => TSP active prompts: 2 (total: 58)
2025-12-24 09:07:25,162 [sec.py] => RSP active prompts: 0 (total: 50)
2025-12-24 09:07:25,162 [sec.py] => Excluded params: head, detached prompts
2025-12-24 09:07:25,162 [sec.py] => backbone.TSP.e_p_1: 7680
2025-12-24 09:07:25,162 [sec.py] => backbone.TSP.e_k_1: 1536
2025-12-24 09:07:25,162 [sec.py] => backbone.TSP.e_a_1: 1536
2025-12-24 09:07:25,162 [sec.py] => backbone.TSP.e_p_2: 7680
2025-12-24 09:07:25,162 [sec.py] => backbone.TSP.e_k_2: 1536
2025-12-24 09:07:25,162 [sec.py] => backbone.TSP.e_a_2: 1536
2025-12-24 09:07:25,162 [sec.py] => backbone.TSP.e_p_3: 7680
2025-12-24 09:07:25,162 [sec.py] => backbone.TSP.e_k_3: 1536
2025-12-24 09:07:25,162 [sec.py] => backbone.TSP.e_a_3: 1536
2025-12-24 09:07:25,162 [sec.py] => backbone.TSP.e_p_4: 7680
2025-12-24 09:07:25,162 [sec.py] => backbone.TSP.e_k_4: 1536
2025-12-24 09:07:25,162 [sec.py] => backbone.TSP.e_a_4: 1536
2025-12-24 09:07:25,162 [sec.py] => backbone.TSP.e_p_5: 7680
2025-12-24 09:07:25,162 [sec.py] => backbone.TSP.e_k_5: 1536
2025-12-24 09:07:25,162 [sec.py] => backbone.TSP.e_a_5: 1536
2025-12-24 09:07:25,162 [sec.py] => backbone.TSP.e_p_6: 7680
2025-12-24 09:07:25,162 [sec.py] => backbone.TSP.e_k_6: 1536
2025-12-24 09:07:25,163 [sec.py] => backbone.TSP.e_a_6: 1536
2025-12-24 09:07:25,163 [sec.py] => backbone.TSP.e_p_7: 7680
2025-12-24 09:07:25,163 [sec.py] => backbone.TSP.e_k_7: 1536
2025-12-24 09:07:25,163 [sec.py] => backbone.TSP.e_a_7: 1536
2025-12-24 09:07:25,163 [sec.py] => backbone.TSP.e_p_8: 7680
2025-12-24 09:07:25,163 [sec.py] => backbone.TSP.e_k_8: 1536
2025-12-24 09:07:25,163 [sec.py] => backbone.TSP.e_a_8: 1536
2025-12-24 09:07:25,177 [sec.py] => training set size: 25, fc construct set size: 25
2025-12-24 09:08:35,335 [trainer.py] => CNN: {'total': 79.92, '00-99': 82.59, '100-104': 58.72, '105-109': 60.0, '110-114': 75.89, '115-119': 71.43, '120-124': 56.0, '125-129': 48.0, '130-134': 72.0, '135-139': 68.0, '140-144': 80.0, '145-149': 88.0, '150-154': 76.0, '155-159': 68.0, '160-164': 68.0, '165-169': 72.0, '170-174': 72.0, '175-179': 84.0, '180-184': 76.0, '185-189': 76.0, '190-194': 64.0, '195-199': 68.0, 'old': 80.21, 'new': 71.43}
2025-12-24 09:08:35,371 [trainer.py] => Top1 curve: [82.82, 81.69, 80.3, 80.33, 79.92]
2025-12-24 09:08:35,372 [trainer.py] => Average Accuracy (CNN): 81.01
2025-12-24 09:08:35,386 [sec.py] => Learning on 120-125
2025-12-24 09:08:35,395 [sec.py] => All params: 91013376
2025-12-24 09:08:35,395 [sec.py] => Actual trainable params (excluding detached): 86016
2025-12-24 09:08:35,395 [sec.py] => TSP active prompts: 2 (total: 60)
2025-12-24 09:08:35,395 [sec.py] => RSP active prompts: 0 (total: 50)
2025-12-24 09:08:35,395 [sec.py] => Excluded params: head, detached prompts
2025-12-24 09:08:35,395 [sec.py] => backbone.TSP.e_p_1: 7680
2025-12-24 09:08:35,395 [sec.py] => backbone.TSP.e_k_1: 1536
2025-12-24 09:08:35,395 [sec.py] => backbone.TSP.e_a_1: 1536
2025-12-24 09:08:35,395 [sec.py] => backbone.TSP.e_p_2: 7680
2025-12-24 09:08:35,396 [sec.py] => backbone.TSP.e_k_2: 1536
2025-12-24 09:08:35,396 [sec.py] => backbone.TSP.e_a_2: 1536
2025-12-24 09:08:35,396 [sec.py] => backbone.TSP.e_p_3: 7680
2025-12-24 09:08:35,396 [sec.py] => backbone.TSP.e_k_3: 1536
2025-12-24 09:08:35,396 [sec.py] => backbone.TSP.e_a_3: 1536
2025-12-24 09:08:35,396 [sec.py] => backbone.TSP.e_p_4: 7680
2025-12-24 09:08:35,396 [sec.py] => backbone.TSP.e_k_4: 1536
2025-12-24 09:08:35,396 [sec.py] => backbone.TSP.e_a_4: 1536
2025-12-24 09:08:35,396 [sec.py] => backbone.TSP.e_p_5: 7680
2025-12-24 09:08:35,396 [sec.py] => backbone.TSP.e_k_5: 1536
2025-12-24 09:08:35,396 [sec.py] => backbone.TSP.e_a_5: 1536
2025-12-24 09:08:35,396 [sec.py] => backbone.TSP.e_p_6: 7680
2025-12-24 09:08:35,397 [sec.py] => backbone.TSP.e_k_6: 1536
2025-12-24 09:08:35,397 [sec.py] => backbone.TSP.e_a_6: 1536
2025-12-24 09:08:35,397 [sec.py] => backbone.TSP.e_p_7: 7680
2025-12-24 09:08:35,397 [sec.py] => backbone.TSP.e_k_7: 1536
2025-12-24 09:08:35,397 [sec.py] => backbone.TSP.e_a_7: 1536
2025-12-24 09:08:35,397 [sec.py] => backbone.TSP.e_p_8: 7680
2025-12-24 09:08:35,397 [sec.py] => backbone.TSP.e_k_8: 1536
2025-12-24 09:08:35,397 [sec.py] => backbone.TSP.e_a_8: 1536
2025-12-24 09:08:35,420 [sec.py] => training set size: 25, fc construct set size: 25
2025-12-24 09:09:34,417 [trainer.py] => CNN: {'total': 78.94, '00-99': 82.43, '100-104': 58.14, '105-109': 60.69, '110-114': 73.76, '115-119': 72.27, '120-124': 59.73, '125-129': 44.0, '130-134': 56.0, '135-139': 72.0, '140-144': 64.0, '145-149': 76.0, '150-154': 56.0, '155-159': 56.0, '160-164': 76.0, '165-169': 76.0, '170-174': 80.0, '175-179': 84.0, '180-184': 72.0, '185-189': 60.0, '190-194': 80.0, '195-199': 68.0, 'old': 79.73, 'new': 59.73}
2025-12-24 09:09:34,446 [trainer.py] => Top1 curve: [82.82, 81.69, 80.3, 80.33, 79.92, 78.94]
2025-12-24 09:09:34,446 [trainer.py] => Average Accuracy (CNN): 80.67
2025-12-24 09:09:34,454 [sec.py] => Learning on 125-130
2025-12-24 09:09:34,461 [sec.py] => All params: 91013376
2025-12-24 09:09:34,461 [sec.py] => Actual trainable params (excluding detached): 86016
2025-12-24 09:09:34,461 [sec.py] => TSP active prompts: 2 (total: 62)
2025-12-24 09:09:34,461 [sec.py] => RSP active prompts: 0 (total: 50)
2025-12-24 09:09:34,461 [sec.py] => Excluded params: head, detached prompts
2025-12-24 09:09:34,461 [sec.py] => backbone.TSP.e_p_1: 7680
2025-12-24 09:09:34,461 [sec.py] => backbone.TSP.e_k_1: 1536
2025-12-24 09:09:34,461 [sec.py] => backbone.TSP.e_a_1: 1536
2025-12-24 09:09:34,461 [sec.py] => backbone.TSP.e_p_2: 7680
2025-12-24 09:09:34,461 [sec.py] => backbone.TSP.e_k_2: 1536
2025-12-24 09:09:34,461 [sec.py] => backbone.TSP.e_a_2: 1536
2025-12-24 09:09:34,461 [sec.py] => backbone.TSP.e_p_3: 7680
2025-12-24 09:09:34,461 [sec.py] => backbone.TSP.e_k_3: 1536
2025-12-24 09:09:34,461 [sec.py] => backbone.TSP.e_a_3: 1536
2025-12-24 09:09:34,461 [sec.py] => backbone.TSP.e_p_4: 7680
2025-12-24 09:09:34,461 [sec.py] => backbone.TSP.e_k_4: 1536
2025-12-24 09:09:34,461 [sec.py] => backbone.TSP.e_a_4: 1536
2025-12-24 09:09:34,462 [sec.py] => backbone.TSP.e_p_5: 7680
2025-12-24 09:09:34,462 [sec.py] => backbone.TSP.e_k_5: 1536
2025-12-24 09:09:34,462 [sec.py] => backbone.TSP.e_a_5: 1536
2025-12-24 09:09:34,462 [sec.py] => backbone.TSP.e_p_6: 7680
2025-12-24 09:09:34,462 [sec.py] => backbone.TSP.e_k_6: 1536
2025-12-24 09:09:34,462 [sec.py] => backbone.TSP.e_a_6: 1536
2025-12-24 09:09:34,462 [sec.py] => backbone.TSP.e_p_7: 7680
2025-12-24 09:09:34,462 [sec.py] => backbone.TSP.e_k_7: 1536
2025-12-24 09:09:34,462 [sec.py] => backbone.TSP.e_a_7: 1536
2025-12-24 09:09:34,462 [sec.py] => backbone.TSP.e_p_8: 7680
2025-12-24 09:09:34,462 [sec.py] => backbone.TSP.e_k_8: 1536
2025-12-24 09:09:34,462 [sec.py] => backbone.TSP.e_a_8: 1536
2025-12-24 09:09:34,473 [sec.py] => training set size: 25, fc construct set size: 25
2025-12-24 09:10:30,945 [trainer.py] => CNN: {'total': 77.42, '00-99': 82.46, '100-104': 58.72, '105-109': 59.31, '110-114': 73.76, '115-119': 71.43, '120-124': 57.72, '125-129': 44.03, '130-134': 64.0, '135-139': 80.0, '140-144': 84.0, '145-149': 88.0, '150-154': 52.0, '155-159': 64.0, '160-164': 84.0, '165-169': 56.0, '170-174': 52.0, '175-179': 72.0, '180-184': 76.0, '185-189': 84.0, '190-194': 60.0, '195-199': 72.0, 'old': 78.83, 'new': 44.03}
2025-12-24 09:10:30,971 [trainer.py] => Top1 curve: [82.82, 81.69, 80.3, 80.33, 79.92, 78.94, 77.42]
2025-12-24 09:10:30,971 [trainer.py] => Average Accuracy (CNN): 80.20
2025-12-24 09:10:30,983 [sec.py] => Learning on 130-135
2025-12-24 09:10:30,994 [sec.py] => All params: 91013376
2025-12-24 09:10:30,995 [sec.py] => Actual trainable params (excluding detached): 86016
2025-12-24 09:10:30,995 [sec.py] => TSP active prompts: 2 (total: 64)
2025-12-24 09:10:30,995 [sec.py] => RSP active prompts: 0 (total: 50)
2025-12-24 09:10:30,995 [sec.py] => Excluded params: head, detached prompts
2025-12-24 09:10:30,995 [sec.py] => backbone.TSP.e_p_1: 7680
2025-12-24 09:10:30,995 [sec.py] => backbone.TSP.e_k_1: 1536
2025-12-24 09:10:30,995 [sec.py] => backbone.TSP.e_a_1: 1536
2025-12-24 09:10:30,995 [sec.py] => backbone.TSP.e_p_2: 7680
2025-12-24 09:10:30,995 [sec.py] => backbone.TSP.e_k_2: 1536
2025-12-24 09:10:30,995 [sec.py] => backbone.TSP.e_a_2: 1536
2025-12-24 09:10:30,995 [sec.py] => backbone.TSP.e_p_3: 7680
2025-12-24 09:10:30,995 [sec.py] => backbone.TSP.e_k_3: 1536
2025-12-24 09:10:30,995 [sec.py] => backbone.TSP.e_a_3: 1536
2025-12-24 09:10:30,996 [sec.py] => backbone.TSP.e_p_4: 7680
2025-12-24 09:10:30,996 [sec.py] => backbone.TSP.e_k_4: 1536
2025-12-24 09:10:30,996 [sec.py] => backbone.TSP.e_a_4: 1536
2025-12-24 09:10:30,996 [sec.py] => backbone.TSP.e_p_5: 7680
2025-12-24 09:10:30,996 [sec.py] => backbone.TSP.e_k_5: 1536
2025-12-24 09:10:30,996 [sec.py] => backbone.TSP.e_a_5: 1536
2025-12-24 09:10:30,996 [sec.py] => backbone.TSP.e_p_6: 7680
2025-12-24 09:10:30,996 [sec.py] => backbone.TSP.e_k_6: 1536
2025-12-24 09:10:30,996 [sec.py] => backbone.TSP.e_a_6: 1536
2025-12-24 09:10:30,996 [sec.py] => backbone.TSP.e_p_7: 7680
2025-12-24 09:10:30,996 [sec.py] => backbone.TSP.e_k_7: 1536
2025-12-24 09:10:30,996 [sec.py] => backbone.TSP.e_a_7: 1536
2025-12-24 09:10:30,996 [sec.py] => backbone.TSP.e_p_8: 7680
2025-12-24 09:10:30,996 [sec.py] => backbone.TSP.e_k_8: 1536
2025-12-24 09:10:30,996 [sec.py] => backbone.TSP.e_a_8: 1536
2025-12-24 09:10:31,013 [sec.py] => training set size: 25, fc construct set size: 25
2025-12-24 09:11:44,834 [trainer.py] => CNN: {'total': 76.85, '00-99': 82.36, '100-104': 59.3, '105-109': 59.31, '110-114': 73.76, '115-119': 70.59, '120-124': 55.7, '125-129': 43.4, '130-134': 66.67, '135-139': 80.0, '140-144': 68.0, '145-149': 88.0, '150-154': 64.0, '155-159': 72.0, '160-164': 80.0, '165-169': 84.0, '170-174': 72.0, '175-179': 80.0, '180-184': 76.0, '185-189': 64.0, '190-194': 80.0, '195-199': 76.0, 'old': 77.24, 'new': 66.67}
2025-12-24 09:11:44,857 [trainer.py] => Top1 curve: [82.82, 81.69, 80.3, 80.33, 79.92, 78.94, 77.42, 76.85]
2025-12-24 09:11:44,857 [trainer.py] => Average Accuracy (CNN): 79.78
2025-12-24 09:11:45,471 [sec.py] => Learning on 135-140
2025-12-24 09:11:45,485 [sec.py] => All params: 91013376
2025-12-24 09:11:45,485 [sec.py] => Actual trainable params (excluding detached): 86016
2025-12-24 09:11:45,486 [sec.py] => TSP active prompts: 2 (total: 66)
2025-12-24 09:11:45,486 [sec.py] => RSP active prompts: 0 (total: 50)
2025-12-24 09:11:45,486 [sec.py] => Excluded params: head, detached prompts
2025-12-24 09:11:45,486 [sec.py] => backbone.TSP.e_p_1: 7680
2025-12-24 09:11:45,486 [sec.py] => backbone.TSP.e_k_1: 1536
2025-12-24 09:11:45,486 [sec.py] => backbone.TSP.e_a_1: 1536
2025-12-24 09:11:45,487 [sec.py] => backbone.TSP.e_p_2: 7680
2025-12-24 09:11:45,487 [sec.py] => backbone.TSP.e_k_2: 1536
2025-12-24 09:11:45,487 [sec.py] => backbone.TSP.e_a_2: 1536
2025-12-24 09:11:45,487 [sec.py] => backbone.TSP.e_p_3: 7680
2025-12-24 09:11:45,487 [sec.py] => backbone.TSP.e_k_3: 1536
2025-12-24 09:11:45,487 [sec.py] => backbone.TSP.e_a_3: 1536
2025-12-24 09:11:45,487 [sec.py] => backbone.TSP.e_p_4: 7680
2025-12-24 09:11:45,488 [sec.py] => backbone.TSP.e_k_4: 1536
2025-12-24 09:11:45,488 [sec.py] => backbone.TSP.e_a_4: 1536
2025-12-24 09:11:45,488 [sec.py] => backbone.TSP.e_p_5: 7680
2025-12-24 09:11:45,488 [sec.py] => backbone.TSP.e_k_5: 1536
2025-12-24 09:11:45,488 [sec.py] => backbone.TSP.e_a_5: 1536
2025-12-24 09:11:45,488 [sec.py] => backbone.TSP.e_p_6: 7680
2025-12-24 09:11:45,488 [sec.py] => backbone.TSP.e_k_6: 1536
2025-12-24 09:11:45,489 [sec.py] => backbone.TSP.e_a_6: 1536
2025-12-24 09:11:45,489 [sec.py] => backbone.TSP.e_p_7: 7680
2025-12-24 09:11:45,489 [sec.py] => backbone.TSP.e_k_7: 1536
2025-12-24 09:11:45,489 [sec.py] => backbone.TSP.e_a_7: 1536
2025-12-24 09:11:45,489 [sec.py] => backbone.TSP.e_p_8: 7680
2025-12-24 09:11:45,489 [sec.py] => backbone.TSP.e_k_8: 1536
2025-12-24 09:11:45,489 [sec.py] => backbone.TSP.e_a_8: 1536
2025-12-24 09:11:45,522 [sec.py] => training set size: 25, fc construct set size: 25
2025-12-24 09:12:47,408 [trainer.py] => CNN: {'total': 76.85, '00-99': 82.23, '100-104': 59.88, '105-109': 59.31, '110-114': 71.63, '115-119': 71.43, '120-124': 55.03, '125-129': 42.77, '130-134': 66.67, '135-139': 81.51, '140-144': 76.0, '145-149': 72.0, '150-154': 44.0, '155-159': 64.0, '160-164': 84.0, '165-169': 76.0, '170-174': 64.0, '175-179': 76.0, '180-184': 76.0, '185-189': 48.0, '190-194': 56.0, '195-199': 52.0, 'old': 76.68, 'new': 81.51}
2025-12-24 09:12:47,436 [trainer.py] => Top1 curve: [82.82, 81.69, 80.3, 80.33, 79.92, 78.94, 77.42, 76.85, 76.85]
2025-12-24 09:12:47,436 [trainer.py] => Average Accuracy (CNN): 79.46
2025-12-24 09:12:47,471 [sec.py] => Learning on 140-145
2025-12-24 09:12:47,480 [sec.py] => All params: 91013376
2025-12-24 09:12:47,481 [sec.py] => Actual trainable params (excluding detached): 86016
2025-12-24 09:12:47,481 [sec.py] => TSP active prompts: 2 (total: 68)
2025-12-24 09:12:47,481 [sec.py] => RSP active prompts: 0 (total: 50)
2025-12-24 09:12:47,481 [sec.py] => Excluded params: head, detached prompts
2025-12-24 09:12:47,481 [sec.py] => backbone.TSP.e_p_1: 7680
2025-12-24 09:12:47,481 [sec.py] => backbone.TSP.e_k_1: 1536
2025-12-24 09:12:47,481 [sec.py] => backbone.TSP.e_a_1: 1536
2025-12-24 09:12:47,481 [sec.py] => backbone.TSP.e_p_2: 7680
2025-12-24 09:12:47,481 [sec.py] => backbone.TSP.e_k_2: 1536
2025-12-24 09:12:47,481 [sec.py] => backbone.TSP.e_a_2: 1536
2025-12-24 09:12:47,481 [sec.py] => backbone.TSP.e_p_3: 7680
2025-12-24 09:12:47,481 [sec.py] => backbone.TSP.e_k_3: 1536
2025-12-24 09:12:47,481 [sec.py] => backbone.TSP.e_a_3: 1536
2025-12-24 09:12:47,481 [sec.py] => backbone.TSP.e_p_4: 7680
2025-12-24 09:12:47,481 [sec.py] => backbone.TSP.e_k_4: 1536
2025-12-24 09:12:47,481 [sec.py] => backbone.TSP.e_a_4: 1536
2025-12-24 09:12:47,481 [sec.py] => backbone.TSP.e_p_5: 7680
2025-12-24 09:12:47,481 [sec.py] => backbone.TSP.e_k_5: 1536
2025-12-24 09:12:47,482 [sec.py] => backbone.TSP.e_a_5: 1536
2025-12-24 09:12:47,482 [sec.py] => backbone.TSP.e_p_6: 7680
2025-12-24 09:12:47,482 [sec.py] => backbone.TSP.e_k_6: 1536
2025-12-24 09:12:47,482 [sec.py] => backbone.TSP.e_a_6: 1536
2025-12-24 09:12:47,482 [sec.py] => backbone.TSP.e_p_7: 7680
2025-12-24 09:12:47,482 [sec.py] => backbone.TSP.e_k_7: 1536
2025-12-24 09:12:47,482 [sec.py] => backbone.TSP.e_a_7: 1536
2025-12-24 09:12:47,482 [sec.py] => backbone.TSP.e_p_8: 7680
2025-12-24 09:12:47,482 [sec.py] => backbone.TSP.e_k_8: 1536
2025-12-24 09:12:47,482 [sec.py] => backbone.TSP.e_a_8: 1536
2025-12-24 09:12:47,494 [sec.py] => training set size: 25, fc construct set size: 25
2025-12-24 09:13:44,433 [trainer.py] => CNN: {'total': 75.98, '00-99': 82.1, '100-104': 59.88, '105-109': 59.31, '110-114': 72.34, '115-119': 70.59, '120-124': 54.36, '125-129': 40.88, '130-134': 67.33, '135-139': 80.82, '140-144': 50.88, '145-149': 72.0, '150-154': 52.0, '155-159': 60.0, '160-164': 72.0, '165-169': 88.0, '170-174': 72.0, '175-179': 68.0, '180-184': 60.0, '185-189': 80.0, '190-194': 80.0, '195-199': 68.0, 'old': 76.66, 'new': 50.88}
2025-12-24 09:13:44,462 [trainer.py] => Top1 curve: [82.82, 81.69, 80.3, 80.33, 79.92, 78.94, 77.42, 76.85, 76.85, 75.98]
2025-12-24 09:13:44,462 [trainer.py] => Average Accuracy (CNN): 79.11
2025-12-24 09:13:44,489 [sec.py] => Learning on 145-150
2025-12-24 09:13:44,499 [sec.py] => All params: 91013376
2025-12-24 09:13:44,499 [sec.py] => Actual trainable params (excluding detached): 86016
2025-12-24 09:13:44,499 [sec.py] => TSP active prompts: 2 (total: 70)
2025-12-24 09:13:44,500 [sec.py] => RSP active prompts: 0 (total: 50)
2025-12-24 09:13:44,500 [sec.py] => Excluded params: head, detached prompts
2025-12-24 09:13:44,500 [sec.py] => backbone.TSP.e_p_1: 7680
2025-12-24 09:13:44,500 [sec.py] => backbone.TSP.e_k_1: 1536
2025-12-24 09:13:44,500 [sec.py] => backbone.TSP.e_a_1: 1536
2025-12-24 09:13:44,500 [sec.py] => backbone.TSP.e_p_2: 7680
2025-12-24 09:13:44,500 [sec.py] => backbone.TSP.e_k_2: 1536
2025-12-24 09:13:44,500 [sec.py] => backbone.TSP.e_a_2: 1536
2025-12-24 09:13:44,500 [sec.py] => backbone.TSP.e_p_3: 7680
2025-12-24 09:13:44,500 [sec.py] => backbone.TSP.e_k_3: 1536
2025-12-24 09:13:44,500 [sec.py] => backbone.TSP.e_a_3: 1536
2025-12-24 09:13:44,500 [sec.py] => backbone.TSP.e_p_4: 7680
2025-12-24 09:13:44,500 [sec.py] => backbone.TSP.e_k_4: 1536
2025-12-24 09:13:44,500 [sec.py] => backbone.TSP.e_a_4: 1536
2025-12-24 09:13:44,500 [sec.py] => backbone.TSP.e_p_5: 7680
2025-12-24 09:13:44,500 [sec.py] => backbone.TSP.e_k_5: 1536
2025-12-24 09:13:44,500 [sec.py] => backbone.TSP.e_a_5: 1536
2025-12-24 09:13:44,500 [sec.py] => backbone.TSP.e_p_6: 7680
2025-12-24 09:13:44,501 [sec.py] => backbone.TSP.e_k_6: 1536
2025-12-24 09:13:44,501 [sec.py] => backbone.TSP.e_a_6: 1536
2025-12-24 09:13:44,501 [sec.py] => backbone.TSP.e_p_7: 7680
2025-12-24 09:13:44,501 [sec.py] => backbone.TSP.e_k_7: 1536
2025-12-24 09:13:44,501 [sec.py] => backbone.TSP.e_a_7: 1536
2025-12-24 09:13:44,501 [sec.py] => backbone.TSP.e_p_8: 7680
2025-12-24 09:13:44,501 [sec.py] => backbone.TSP.e_k_8: 1536
2025-12-24 09:13:44,501 [sec.py] => backbone.TSP.e_a_8: 1536
2025-12-24 09:13:44,513 [sec.py] => training set size: 25, fc construct set size: 25
2025-12-24 09:15:00,057 [trainer.py] => CNN: {'total': 75.96, '00-99': 82.2, '100-104': 60.47, '105-109': 60.0, '110-114': 72.34, '115-119': 68.91, '120-124': 53.02, '125-129': 40.88, '130-134': 67.33, '135-139': 80.14, '140-144': 49.12, '145-149': 77.0, '150-154': 64.0, '155-159': 48.0, '160-164': 76.0, '165-169': 72.0, '170-174': 72.0, '175-179': 76.0, '180-184': 72.0, '185-189': 72.0, '190-194': 72.0, '195-199': 72.0, 'old': 75.93, 'new': 77.0}
2025-12-24 09:15:00,089 [trainer.py] => Top1 curve: [82.82, 81.69, 80.3, 80.33, 79.92, 78.94, 77.42, 76.85, 76.85, 75.98, 75.96]
2025-12-24 09:15:00,089 [trainer.py] => Average Accuracy (CNN): 78.82
2025-12-24 09:15:00,098 [sec.py] => Learning on 150-155
2025-12-24 09:15:00,110 [sec.py] => All params: 91013376
2025-12-24 09:15:00,110 [sec.py] => Actual trainable params (excluding detached): 86016
2025-12-24 09:15:00,110 [sec.py] => TSP active prompts: 2 (total: 72)
2025-12-24 09:15:00,111 [sec.py] => RSP active prompts: 0 (total: 50)
2025-12-24 09:15:00,111 [sec.py] => Excluded params: head, detached prompts
2025-12-24 09:15:00,111 [sec.py] => backbone.TSP.e_p_1: 7680
2025-12-24 09:15:00,111 [sec.py] => backbone.TSP.e_k_1: 1536
2025-12-24 09:15:00,111 [sec.py] => backbone.TSP.e_a_1: 1536
2025-12-24 09:15:00,111 [sec.py] => backbone.TSP.e_p_2: 7680
2025-12-24 09:15:00,111 [sec.py] => backbone.TSP.e_k_2: 1536
2025-12-24 09:15:00,111 [sec.py] => backbone.TSP.e_a_2: 1536
2025-12-24 09:15:00,111 [sec.py] => backbone.TSP.e_p_3: 7680
2025-12-24 09:15:00,111 [sec.py] => backbone.TSP.e_k_3: 1536
2025-12-24 09:15:00,111 [sec.py] => backbone.TSP.e_a_3: 1536
2025-12-24 09:15:00,111 [sec.py] => backbone.TSP.e_p_4: 7680
2025-12-24 09:15:00,111 [sec.py] => backbone.TSP.e_k_4: 1536
2025-12-24 09:15:00,111 [sec.py] => backbone.TSP.e_a_4: 1536
2025-12-24 09:15:00,111 [sec.py] => backbone.TSP.e_p_5: 7680
2025-12-24 09:15:00,111 [sec.py] => backbone.TSP.e_k_5: 1536
2025-12-24 09:15:00,111 [sec.py] => backbone.TSP.e_a_5: 1536
2025-12-24 09:15:00,111 [sec.py] => backbone.TSP.e_p_6: 7680
2025-12-24 09:15:00,111 [sec.py] => backbone.TSP.e_k_6: 1536
2025-12-24 09:15:00,111 [sec.py] => backbone.TSP.e_a_6: 1536
2025-12-24 09:15:00,111 [sec.py] => backbone.TSP.e_p_7: 7680
2025-12-24 09:15:00,111 [sec.py] => backbone.TSP.e_k_7: 1536
2025-12-24 09:15:00,111 [sec.py] => backbone.TSP.e_a_7: 1536
2025-12-24 09:15:00,112 [sec.py] => backbone.TSP.e_p_8: 7680
2025-12-24 09:15:00,112 [sec.py] => backbone.TSP.e_k_8: 1536
2025-12-24 09:15:00,112 [sec.py] => backbone.TSP.e_a_8: 1536
2025-12-24 09:15:00,121 [sec.py] => training set size: 25, fc construct set size: 25
2025-12-24 09:16:06,374 [trainer.py] => CNN: {'total': 75.5, '00-99': 82.1, '100-104': 59.88, '105-109': 60.0, '110-114': 73.05, '115-119': 70.59, '120-124': 55.03, '125-129': 40.25, '130-134': 67.33, '135-139': 79.45, '140-144': 48.25, '145-149': 75.0, '150-154': 59.63, '155-159': 84.0, '160-164': 84.0, '165-169': 76.0, '170-174': 68.0, '175-179': 72.0, '180-184': 68.0, '185-189': 76.0, '190-194': 84.0, '195-199': 68.0, 'old': 75.89, 'new': 59.63}
2025-12-24 09:16:06,405 [trainer.py] => Top1 curve: [82.82, 81.69, 80.3, 80.33, 79.92, 78.94, 77.42, 76.85, 76.85, 75.98, 75.96, 75.5]
2025-12-24 09:16:06,405 [trainer.py] => Average Accuracy (CNN): 78.55
2025-12-24 09:16:06,433 [sec.py] => Learning on 155-160
2025-12-24 09:16:06,444 [sec.py] => All params: 91013376
2025-12-24 09:16:06,444 [sec.py] => Actual trainable params (excluding detached): 86016
2025-12-24 09:16:06,444 [sec.py] => TSP active prompts: 2 (total: 74)
2025-12-24 09:16:06,444 [sec.py] => RSP active prompts: 0 (total: 50)
2025-12-24 09:16:06,444 [sec.py] => Excluded params: head, detached prompts
2025-12-24 09:16:06,444 [sec.py] => backbone.TSP.e_p_1: 7680
2025-12-24 09:16:06,444 [sec.py] => backbone.TSP.e_k_1: 1536
2025-12-24 09:16:06,444 [sec.py] => backbone.TSP.e_a_1: 1536
2025-12-24 09:16:06,444 [sec.py] => backbone.TSP.e_p_2: 7680
2025-12-24 09:16:06,444 [sec.py] => backbone.TSP.e_k_2: 1536
2025-12-24 09:16:06,444 [sec.py] => backbone.TSP.e_a_2: 1536
2025-12-24 09:16:06,444 [sec.py] => backbone.TSP.e_p_3: 7680
2025-12-24 09:16:06,445 [sec.py] => backbone.TSP.e_k_3: 1536
2025-12-24 09:16:06,445 [sec.py] => backbone.TSP.e_a_3: 1536
2025-12-24 09:16:06,445 [sec.py] => backbone.TSP.e_p_4: 7680
2025-12-24 09:16:06,445 [sec.py] => backbone.TSP.e_k_4: 1536
2025-12-24 09:16:06,445 [sec.py] => backbone.TSP.e_a_4: 1536
2025-12-24 09:16:06,445 [sec.py] => backbone.TSP.e_p_5: 7680
2025-12-24 09:16:06,445 [sec.py] => backbone.TSP.e_k_5: 1536
2025-12-24 09:16:06,445 [sec.py] => backbone.TSP.e_a_5: 1536
2025-12-24 09:16:06,445 [sec.py] => backbone.TSP.e_p_6: 7680
2025-12-24 09:16:06,445 [sec.py] => backbone.TSP.e_k_6: 1536
2025-12-24 09:16:06,445 [sec.py] => backbone.TSP.e_a_6: 1536
2025-12-24 09:16:06,445 [sec.py] => backbone.TSP.e_p_7: 7680
2025-12-24 09:16:06,445 [sec.py] => backbone.TSP.e_k_7: 1536
2025-12-24 09:16:06,445 [sec.py] => backbone.TSP.e_a_7: 1536
2025-12-24 09:16:06,445 [sec.py] => backbone.TSP.e_p_8: 7680
2025-12-24 09:16:06,445 [sec.py] => backbone.TSP.e_k_8: 1536
2025-12-24 09:16:06,446 [sec.py] => backbone.TSP.e_a_8: 1536
2025-12-24 09:16:06,460 [sec.py] => training set size: 25, fc construct set size: 25
2025-12-24 09:17:04,692 [trainer.py] => CNN: {'total': 74.87, '00-99': 82.07, '100-104': 59.88, '105-109': 59.31, '110-114': 72.34, '115-119': 68.07, '120-124': 55.7, '125-129': 38.99, '130-134': 67.33, '135-139': 77.4, '140-144': 49.12, '145-149': 75.0, '150-154': 59.63, '155-159': 61.84, '160-164': 64.0, '165-169': 80.0, '170-174': 56.0, '175-179': 88.0, '180-184': 80.0, '185-189': 68.0, '190-194': 72.0, '195-199': 68.0, 'old': 75.3, 'new': 61.84}
2025-12-24 09:17:04,720 [trainer.py] => Top1 curve: [82.82, 81.69, 80.3, 80.33, 79.92, 78.94, 77.42, 76.85, 76.85, 75.98, 75.96, 75.5, 74.87]
2025-12-24 09:17:04,720 [trainer.py] => Average Accuracy (CNN): 78.26
2025-12-24 09:17:04,744 [sec.py] => Learning on 160-165
2025-12-24 09:17:04,752 [sec.py] => All params: 91013376
2025-12-24 09:17:04,752 [sec.py] => Actual trainable params (excluding detached): 86016
2025-12-24 09:17:04,752 [sec.py] => TSP active prompts: 2 (total: 76)
2025-12-24 09:17:04,752 [sec.py] => RSP active prompts: 0 (total: 50)
2025-12-24 09:17:04,752 [sec.py] => Excluded params: head, detached prompts
2025-12-24 09:17:04,752 [sec.py] => backbone.TSP.e_p_1: 7680
2025-12-24 09:17:04,752 [sec.py] => backbone.TSP.e_k_1: 1536
2025-12-24 09:17:04,752 [sec.py] => backbone.TSP.e_a_1: 1536
2025-12-24 09:17:04,752 [sec.py] => backbone.TSP.e_p_2: 7680
2025-12-24 09:17:04,752 [sec.py] => backbone.TSP.e_k_2: 1536
2025-12-24 09:17:04,752 [sec.py] => backbone.TSP.e_a_2: 1536
2025-12-24 09:17:04,752 [sec.py] => backbone.TSP.e_p_3: 7680
2025-12-24 09:17:04,752 [sec.py] => backbone.TSP.e_k_3: 1536
2025-12-24 09:17:04,752 [sec.py] => backbone.TSP.e_a_3: 1536
2025-12-24 09:17:04,752 [sec.py] => backbone.TSP.e_p_4: 7680
2025-12-24 09:17:04,752 [sec.py] => backbone.TSP.e_k_4: 1536
2025-12-24 09:17:04,752 [sec.py] => backbone.TSP.e_a_4: 1536
2025-12-24 09:17:04,752 [sec.py] => backbone.TSP.e_p_5: 7680
2025-12-24 09:17:04,752 [sec.py] => backbone.TSP.e_k_5: 1536
2025-12-24 09:17:04,753 [sec.py] => backbone.TSP.e_a_5: 1536
2025-12-24 09:17:04,753 [sec.py] => backbone.TSP.e_p_6: 7680
2025-12-24 09:17:04,753 [sec.py] => backbone.TSP.e_k_6: 1536
2025-12-24 09:17:04,753 [sec.py] => backbone.TSP.e_a_6: 1536
2025-12-24 09:17:04,753 [sec.py] => backbone.TSP.e_p_7: 7680
2025-12-24 09:17:04,753 [sec.py] => backbone.TSP.e_k_7: 1536
2025-12-24 09:17:04,753 [sec.py] => backbone.TSP.e_a_7: 1536
2025-12-24 09:17:04,753 [sec.py] => backbone.TSP.e_p_8: 7680
2025-12-24 09:17:04,753 [sec.py] => backbone.TSP.e_k_8: 1536
2025-12-24 09:17:04,753 [sec.py] => backbone.TSP.e_a_8: 1536
2025-12-24 09:17:04,762 [sec.py] => training set size: 25, fc construct set size: 25
2025-12-24 09:18:09,029 [trainer.py] => CNN: {'total': 74.58, '00-99': 81.77, '100-104': 59.88, '105-109': 58.62, '110-114': 73.05, '115-119': 68.07, '120-124': 55.03, '125-129': 39.62, '130-134': 66.0, '135-139': 78.08, '140-144': 50.0, '145-149': 75.0, '150-154': 58.72, '155-159': 55.92, '160-164': 78.12, '165-169': 80.0, '170-174': 68.0, '175-179': 68.0, '180-184': 64.0, '185-189': 56.0, '190-194': 84.0, '195-199': 72.0, 'old': 74.46, 'new': 78.12}
2025-12-24 09:18:09,057 [trainer.py] => Top1 curve: [82.82, 81.69, 80.3, 80.33, 79.92, 78.94, 77.42, 76.85, 76.85, 75.98, 75.96, 75.5, 74.87, 74.58]
2025-12-24 09:18:09,057 [trainer.py] => Average Accuracy (CNN): 78.00
2025-12-24 09:18:09,073 [sec.py] => Learning on 165-170
2025-12-24 09:18:09,082 [sec.py] => All params: 91013376
2025-12-24 09:18:09,082 [sec.py] => Actual trainable params (excluding detached): 86016
2025-12-24 09:18:09,082 [sec.py] => TSP active prompts: 2 (total: 78)
2025-12-24 09:18:09,082 [sec.py] => RSP active prompts: 0 (total: 50)
2025-12-24 09:18:09,082 [sec.py] => Excluded params: head, detached prompts
2025-12-24 09:18:09,083 [sec.py] => backbone.TSP.e_p_1: 7680
2025-12-24 09:18:09,083 [sec.py] => backbone.TSP.e_k_1: 1536
2025-12-24 09:18:09,083 [sec.py] => backbone.TSP.e_a_1: 1536
2025-12-24 09:18:09,083 [sec.py] => backbone.TSP.e_p_2: 7680
2025-12-24 09:18:09,083 [sec.py] => backbone.TSP.e_k_2: 1536
2025-12-24 09:18:09,083 [sec.py] => backbone.TSP.e_a_2: 1536
2025-12-24 09:18:09,083 [sec.py] => backbone.TSP.e_p_3: 7680
2025-12-24 09:18:09,083 [sec.py] => backbone.TSP.e_k_3: 1536
2025-12-24 09:18:09,083 [sec.py] => backbone.TSP.e_a_3: 1536
2025-12-24 09:18:09,084 [sec.py] => backbone.TSP.e_p_4: 7680
2025-12-24 09:18:09,084 [sec.py] => backbone.TSP.e_k_4: 1536
2025-12-24 09:18:09,084 [sec.py] => backbone.TSP.e_a_4: 1536
2025-12-24 09:18:09,084 [sec.py] => backbone.TSP.e_p_5: 7680
2025-12-24 09:18:09,084 [sec.py] => backbone.TSP.e_k_5: 1536
2025-12-24 09:18:09,084 [sec.py] => backbone.TSP.e_a_5: 1536
2025-12-24 09:18:09,084 [sec.py] => backbone.TSP.e_p_6: 7680
2025-12-24 09:18:09,084 [sec.py] => backbone.TSP.e_k_6: 1536
2025-12-24 09:18:09,084 [sec.py] => backbone.TSP.e_a_6: 1536
2025-12-24 09:18:09,085 [sec.py] => backbone.TSP.e_p_7: 7680
2025-12-24 09:18:09,085 [sec.py] => backbone.TSP.e_k_7: 1536
2025-12-24 09:18:09,085 [sec.py] => backbone.TSP.e_a_7: 1536
2025-12-24 09:18:09,085 [sec.py] => backbone.TSP.e_p_8: 7680
2025-12-24 09:18:09,085 [sec.py] => backbone.TSP.e_k_8: 1536
2025-12-24 09:18:09,085 [sec.py] => backbone.TSP.e_a_8: 1536
2025-12-24 09:18:09,103 [sec.py] => training set size: 25, fc construct set size: 25
2025-12-24 09:19:32,716 [trainer.py] => CNN: {'total': 74.0, '00-99': 81.64, '100-104': 59.3, '105-109': 58.62, '110-114': 73.05, '115-119': 67.23, '120-124': 54.36, '125-129': 40.25, '130-134': 65.33, '135-139': 78.08, '140-144': 50.88, '145-149': 71.0, '150-154': 56.88, '155-159': 54.61, '160-164': 76.88, '165-169': 67.54, '170-174': 72.0, '175-179': 80.0, '180-184': 72.0, '185-189': 68.0, '190-194': 72.0, '195-199': 68.0, 'old': 74.25, 'new': 67.54}
2025-12-24 09:19:32,742 [trainer.py] => Top1 curve: [82.82, 81.69, 80.3, 80.33, 79.92, 78.94, 77.42, 76.85, 76.85, 75.98, 75.96, 75.5, 74.87, 74.58, 74.0]
2025-12-24 09:19:32,742 [trainer.py] => Average Accuracy (CNN): 77.73
2025-12-24 09:19:32,785 [sec.py] => Learning on 170-175
2025-12-24 09:19:32,796 [sec.py] => All params: 91013376
2025-12-24 09:19:32,796 [sec.py] => Actual trainable params (excluding detached): 86016
2025-12-24 09:19:32,796 [sec.py] => TSP active prompts: 2 (total: 80)
2025-12-24 09:19:32,796 [sec.py] => RSP active prompts: 0 (total: 50)
2025-12-24 09:19:32,796 [sec.py] => Excluded params: head, detached prompts
2025-12-24 09:19:32,796 [sec.py] => backbone.TSP.e_p_1: 7680
2025-12-24 09:19:32,796 [sec.py] => backbone.TSP.e_k_1: 1536
2025-12-24 09:19:32,796 [sec.py] => backbone.TSP.e_a_1: 1536
2025-12-24 09:19:32,796 [sec.py] => backbone.TSP.e_p_2: 7680
2025-12-24 09:19:32,796 [sec.py] => backbone.TSP.e_k_2: 1536
2025-12-24 09:19:32,796 [sec.py] => backbone.TSP.e_a_2: 1536
2025-12-24 09:19:32,796 [sec.py] => backbone.TSP.e_p_3: 7680
2025-12-24 09:19:32,796 [sec.py] => backbone.TSP.e_k_3: 1536
2025-12-24 09:19:32,796 [sec.py] => backbone.TSP.e_a_3: 1536
2025-12-24 09:19:32,796 [sec.py] => backbone.TSP.e_p_4: 7680
2025-12-24 09:19:32,797 [sec.py] => backbone.TSP.e_k_4: 1536
2025-12-24 09:19:32,797 [sec.py] => backbone.TSP.e_a_4: 1536
2025-12-24 09:19:32,797 [sec.py] => backbone.TSP.e_p_5: 7680
2025-12-24 09:19:32,797 [sec.py] => backbone.TSP.e_k_5: 1536
2025-12-24 09:19:32,797 [sec.py] => backbone.TSP.e_a_5: 1536
2025-12-24 09:19:32,797 [sec.py] => backbone.TSP.e_p_6: 7680
2025-12-24 09:19:32,797 [sec.py] => backbone.TSP.e_k_6: 1536
2025-12-24 09:19:32,797 [sec.py] => backbone.TSP.e_a_6: 1536
2025-12-24 09:19:32,797 [sec.py] => backbone.TSP.e_p_7: 7680
2025-12-24 09:19:32,797 [sec.py] => backbone.TSP.e_k_7: 1536
2025-12-24 09:19:32,797 [sec.py] => backbone.TSP.e_a_7: 1536
2025-12-24 09:19:32,797 [sec.py] => backbone.TSP.e_p_8: 7680
2025-12-24 09:19:32,797 [sec.py] => backbone.TSP.e_k_8: 1536
2025-12-24 09:19:32,797 [sec.py] => backbone.TSP.e_a_8: 1536
2025-12-24 09:19:32,806 [sec.py] => training set size: 25, fc construct set size: 25
2025-12-24 09:20:46,352 [trainer.py] => CNN: {'total': 73.99, '00-99': 81.38, '100-104': 59.3, '105-109': 59.31, '110-114': 74.47, '115-119': 67.23, '120-124': 55.03, '125-129': 39.62, '130-134': 66.0, '135-139': 76.03, '140-144': 51.75, '145-149': 69.0, '150-154': 56.88, '155-159': 55.26, '160-164': 76.88, '165-169': 68.06, '170-174': 78.01, '175-179': 80.0, '180-184': 76.0, '185-189': 80.0, '190-194': 76.0, '195-199': 80.0, 'old': 73.88, 'new': 78.01}
2025-12-24 09:20:46,369 [trainer.py] => Top1 curve: [82.82, 81.69, 80.3, 80.33, 79.92, 78.94, 77.42, 76.85, 76.85, 75.98, 75.96, 75.5, 74.87, 74.58, 74.0, 73.99]
2025-12-24 09:20:46,370 [trainer.py] => Average Accuracy (CNN): 77.50
2025-12-24 09:20:46,569 [sec.py] => Learning on 175-180
2025-12-24 09:20:46,582 [sec.py] => All params: 91013376
2025-12-24 09:20:46,582 [sec.py] => Actual trainable params (excluding detached): 86016
2025-12-24 09:20:46,582 [sec.py] => TSP active prompts: 2 (total: 82)
2025-12-24 09:20:46,582 [sec.py] => RSP active prompts: 0 (total: 50)
2025-12-24 09:20:46,582 [sec.py] => Excluded params: head, detached prompts
2025-12-24 09:20:46,582 [sec.py] => backbone.TSP.e_p_1: 7680
2025-12-24 09:20:46,582 [sec.py] => backbone.TSP.e_k_1: 1536
2025-12-24 09:20:46,582 [sec.py] => backbone.TSP.e_a_1: 1536
2025-12-24 09:20:46,582 [sec.py] => backbone.TSP.e_p_2: 7680
2025-12-24 09:20:46,582 [sec.py] => backbone.TSP.e_k_2: 1536
2025-12-24 09:20:46,582 [sec.py] => backbone.TSP.e_a_2: 1536
2025-12-24 09:20:46,582 [sec.py] => backbone.TSP.e_p_3: 7680
2025-12-24 09:20:46,583 [sec.py] => backbone.TSP.e_k_3: 1536
2025-12-24 09:20:46,583 [sec.py] => backbone.TSP.e_a_3: 1536
2025-12-24 09:20:46,583 [sec.py] => backbone.TSP.e_p_4: 7680
2025-12-24 09:20:46,583 [sec.py] => backbone.TSP.e_k_4: 1536
2025-12-24 09:20:46,583 [sec.py] => backbone.TSP.e_a_4: 1536
2025-12-24 09:20:46,583 [sec.py] => backbone.TSP.e_p_5: 7680
2025-12-24 09:20:46,583 [sec.py] => backbone.TSP.e_k_5: 1536
2025-12-24 09:20:46,583 [sec.py] => backbone.TSP.e_a_5: 1536
2025-12-24 09:20:46,583 [sec.py] => backbone.TSP.e_p_6: 7680
2025-12-24 09:20:46,583 [sec.py] => backbone.TSP.e_k_6: 1536
2025-12-24 09:20:46,583 [sec.py] => backbone.TSP.e_a_6: 1536
2025-12-24 09:20:46,583 [sec.py] => backbone.TSP.e_p_7: 7680
2025-12-24 09:20:46,583 [sec.py] => backbone.TSP.e_k_7: 1536
2025-12-24 09:20:46,583 [sec.py] => backbone.TSP.e_a_7: 1536
2025-12-24 09:20:46,583 [sec.py] => backbone.TSP.e_p_8: 7680
2025-12-24 09:20:46,583 [sec.py] => backbone.TSP.e_k_8: 1536
2025-12-24 09:20:46,583 [sec.py] => backbone.TSP.e_a_8: 1536
2025-12-24 09:20:46,590 [sec.py] => training set size: 25, fc construct set size: 25
2025-12-24 09:22:11,346 [trainer.py] => CNN: {'total': 73.83, '00-99': 81.21, '100-104': 58.72, '105-109': 60.69, '110-114': 73.76, '115-119': 67.23, '120-124': 53.69, '125-129': 38.36, '130-134': 66.67, '135-139': 75.34, '140-144': 51.75, '145-149': 69.0, '150-154': 57.8, '155-159': 55.26, '160-164': 76.25, '165-169': 67.54, '170-174': 78.01, '175-179': 75.0, '180-184': 68.0, '185-189': 68.0, '190-194': 84.0, '195-199': 80.0, 'old': 73.8, 'new': 75.0}
2025-12-24 09:22:11,369 [trainer.py] => Top1 curve: [82.82, 81.69, 80.3, 80.33, 79.92, 78.94, 77.42, 76.85, 76.85, 75.98, 75.96, 75.5, 74.87, 74.58, 74.0, 73.99, 73.83]
2025-12-24 09:22:11,369 [trainer.py] => Average Accuracy (CNN): 77.28
2025-12-24 09:22:11,692 [sec.py] => Learning on 180-185
2025-12-24 09:22:11,707 [sec.py] => All params: 91013376
2025-12-24 09:22:11,707 [sec.py] => Actual trainable params (excluding detached): 86016
2025-12-24 09:22:11,707 [sec.py] => TSP active prompts: 2 (total: 84)
2025-12-24 09:22:11,707 [sec.py] => RSP active prompts: 0 (total: 50)
2025-12-24 09:22:11,707 [sec.py] => Excluded params: head, detached prompts
2025-12-24 09:22:11,707 [sec.py] => backbone.TSP.e_p_1: 7680
2025-12-24 09:22:11,708 [sec.py] => backbone.TSP.e_k_1: 1536
2025-12-24 09:22:11,708 [sec.py] => backbone.TSP.e_a_1: 1536
2025-12-24 09:22:11,708 [sec.py] => backbone.TSP.e_p_2: 7680
2025-12-24 09:22:11,708 [sec.py] => backbone.TSP.e_k_2: 1536
2025-12-24 09:22:11,708 [sec.py] => backbone.TSP.e_a_2: 1536
2025-12-24 09:22:11,708 [sec.py] => backbone.TSP.e_p_3: 7680
2025-12-24 09:22:11,708 [sec.py] => backbone.TSP.e_k_3: 1536
2025-12-24 09:22:11,708 [sec.py] => backbone.TSP.e_a_3: 1536
2025-12-24 09:22:11,708 [sec.py] => backbone.TSP.e_p_4: 7680
2025-12-24 09:22:11,708 [sec.py] => backbone.TSP.e_k_4: 1536
2025-12-24 09:22:11,708 [sec.py] => backbone.TSP.e_a_4: 1536
2025-12-24 09:22:11,708 [sec.py] => backbone.TSP.e_p_5: 7680
2025-12-24 09:22:11,709 [sec.py] => backbone.TSP.e_k_5: 1536
2025-12-24 09:22:11,709 [sec.py] => backbone.TSP.e_a_5: 1536
2025-12-24 09:22:11,709 [sec.py] => backbone.TSP.e_p_6: 7680
2025-12-24 09:22:11,709 [sec.py] => backbone.TSP.e_k_6: 1536
2025-12-24 09:22:11,709 [sec.py] => backbone.TSP.e_a_6: 1536
2025-12-24 09:22:11,709 [sec.py] => backbone.TSP.e_p_7: 7680
2025-12-24 09:22:11,709 [sec.py] => backbone.TSP.e_k_7: 1536
2025-12-24 09:22:11,709 [sec.py] => backbone.TSP.e_a_7: 1536
2025-12-24 09:22:11,709 [sec.py] => backbone.TSP.e_p_8: 7680
2025-12-24 09:22:11,709 [sec.py] => backbone.TSP.e_k_8: 1536
2025-12-24 09:22:11,709 [sec.py] => backbone.TSP.e_a_8: 1536
2025-12-24 09:22:11,723 [sec.py] => training set size: 25, fc construct set size: 25
2025-12-24 09:23:35,525 [trainer.py] => CNN: {'total': 73.31, '00-99': 80.98, '100-104': 58.72, '105-109': 61.38, '110-114': 73.76, '115-119': 66.39, '120-124': 53.69, '125-129': 39.62, '130-134': 66.67, '135-139': 75.34, '140-144': 51.75, '145-149': 69.0, '150-154': 57.8, '155-159': 53.95, '160-164': 76.25, '165-169': 67.54, '170-174': 78.01, '175-179': 74.26, '180-184': 59.86, '185-189': 56.0, '190-194': 80.0, '195-199': 68.0, 'old': 73.68, 'new': 59.86}
2025-12-24 09:23:35,556 [trainer.py] => Top1 curve: [82.82, 81.69, 80.3, 80.33, 79.92, 78.94, 77.42, 76.85, 76.85, 75.98, 75.96, 75.5, 74.87, 74.58, 74.0, 73.99, 73.83, 73.31]
2025-12-24 09:23:35,556 [trainer.py] => Average Accuracy (CNN): 77.06
2025-12-24 09:23:36,342 [sec.py] => Learning on 185-190
2025-12-24 09:23:36,348 [sec.py] => All params: 91013376
2025-12-24 09:23:36,348 [sec.py] => Actual trainable params (excluding detached): 86016
2025-12-24 09:23:36,348 [sec.py] => TSP active prompts: 2 (total: 86)
2025-12-24 09:23:36,348 [sec.py] => RSP active prompts: 0 (total: 50)
2025-12-24 09:23:36,348 [sec.py] => Excluded params: head, detached prompts
2025-12-24 09:23:36,348 [sec.py] => backbone.TSP.e_p_1: 7680
2025-12-24 09:23:36,348 [sec.py] => backbone.TSP.e_k_1: 1536
2025-12-24 09:23:36,348 [sec.py] => backbone.TSP.e_a_1: 1536
2025-12-24 09:23:36,348 [sec.py] => backbone.TSP.e_p_2: 7680
2025-12-24 09:23:36,348 [sec.py] => backbone.TSP.e_k_2: 1536
2025-12-24 09:23:36,348 [sec.py] => backbone.TSP.e_a_2: 1536
2025-12-24 09:23:36,348 [sec.py] => backbone.TSP.e_p_3: 7680
2025-12-24 09:23:36,348 [sec.py] => backbone.TSP.e_k_3: 1536
2025-12-24 09:23:36,348 [sec.py] => backbone.TSP.e_a_3: 1536
2025-12-24 09:23:36,348 [sec.py] => backbone.TSP.e_p_4: 7680
2025-12-24 09:23:36,348 [sec.py] => backbone.TSP.e_k_4: 1536
2025-12-24 09:23:36,348 [sec.py] => backbone.TSP.e_a_4: 1536
2025-12-24 09:23:36,349 [sec.py] => backbone.TSP.e_p_5: 7680
2025-12-24 09:23:36,349 [sec.py] => backbone.TSP.e_k_5: 1536
2025-12-24 09:23:36,349 [sec.py] => backbone.TSP.e_a_5: 1536
2025-12-24 09:23:36,349 [sec.py] => backbone.TSP.e_p_6: 7680
2025-12-24 09:23:36,349 [sec.py] => backbone.TSP.e_k_6: 1536
2025-12-24 09:23:36,349 [sec.py] => backbone.TSP.e_a_6: 1536
2025-12-24 09:23:36,349 [sec.py] => backbone.TSP.e_p_7: 7680
2025-12-24 09:23:36,349 [sec.py] => backbone.TSP.e_k_7: 1536
2025-12-24 09:23:36,349 [sec.py] => backbone.TSP.e_a_7: 1536
2025-12-24 09:23:36,349 [sec.py] => backbone.TSP.e_p_8: 7680
2025-12-24 09:23:36,349 [sec.py] => backbone.TSP.e_k_8: 1536
2025-12-24 09:23:36,349 [sec.py] => backbone.TSP.e_a_8: 1536
2025-12-24 09:23:36,357 [sec.py] => training set size: 25, fc construct set size: 25
2025-12-24 09:24:48,221 [trainer.py] => CNN: {'total': 73.07, '00-99': 80.98, '100-104': 58.72, '105-109': 61.38, '110-114': 73.76, '115-119': 67.23, '120-124': 53.69, '125-129': 38.99, '130-134': 66.67, '135-139': 75.34, '140-144': 51.75, '145-149': 69.0, '150-154': 58.72, '155-159': 54.61, '160-164': 76.25, '165-169': 67.02, '170-174': 78.72, '175-179': 73.53, '180-184': 59.18, '185-189': 66.98, '190-194': 68.0, '195-199': 80.0, 'old': 73.31, 'new': 66.98}
2025-12-24 09:24:48,253 [trainer.py] => Top1 curve: [82.82, 81.69, 80.3, 80.33, 79.92, 78.94, 77.42, 76.85, 76.85, 75.98, 75.96, 75.5, 74.87, 74.58, 74.0, 73.99, 73.83, 73.31, 73.07]
2025-12-24 09:24:48,253 [trainer.py] => Average Accuracy (CNN): 76.85
2025-12-24 09:24:48,297 [sec.py] => Learning on 190-195
2025-12-24 09:24:48,307 [sec.py] => All params: 91013376
2025-12-24 09:24:48,308 [sec.py] => Actual trainable params (excluding detached): 86016
2025-12-24 09:24:48,308 [sec.py] => TSP active prompts: 2 (total: 88)
2025-12-24 09:24:48,308 [sec.py] => RSP active prompts: 0 (total: 50)
2025-12-24 09:24:48,308 [sec.py] => Excluded params: head, detached prompts
2025-12-24 09:24:48,308 [sec.py] => backbone.TSP.e_p_1: 7680
2025-12-24 09:24:48,308 [sec.py] => backbone.TSP.e_k_1: 1536
2025-12-24 09:24:48,308 [sec.py] => backbone.TSP.e_a_1: 1536
2025-12-24 09:24:48,308 [sec.py] => backbone.TSP.e_p_2: 7680
2025-12-24 09:24:48,308 [sec.py] => backbone.TSP.e_k_2: 1536
2025-12-24 09:24:48,308 [sec.py] => backbone.TSP.e_a_2: 1536
2025-12-24 09:24:48,308 [sec.py] => backbone.TSP.e_p_3: 7680
2025-12-24 09:24:48,309 [sec.py] => backbone.TSP.e_k_3: 1536
2025-12-24 09:24:48,309 [sec.py] => backbone.TSP.e_a_3: 1536
2025-12-24 09:24:48,309 [sec.py] => backbone.TSP.e_p_4: 7680
2025-12-24 09:24:48,309 [sec.py] => backbone.TSP.e_k_4: 1536
2025-12-24 09:24:48,309 [sec.py] => backbone.TSP.e_a_4: 1536
2025-12-24 09:24:48,309 [sec.py] => backbone.TSP.e_p_5: 7680
2025-12-24 09:24:48,309 [sec.py] => backbone.TSP.e_k_5: 1536
2025-12-24 09:24:48,309 [sec.py] => backbone.TSP.e_a_5: 1536
2025-12-24 09:24:48,309 [sec.py] => backbone.TSP.e_p_6: 7680
2025-12-24 09:24:48,309 [sec.py] => backbone.TSP.e_k_6: 1536
2025-12-24 09:24:48,309 [sec.py] => backbone.TSP.e_a_6: 1536
2025-12-24 09:24:48,310 [sec.py] => backbone.TSP.e_p_7: 7680
2025-12-24 09:24:48,310 [sec.py] => backbone.TSP.e_k_7: 1536
2025-12-24 09:24:48,310 [sec.py] => backbone.TSP.e_a_7: 1536
2025-12-24 09:24:48,310 [sec.py] => backbone.TSP.e_p_8: 7680
2025-12-24 09:24:48,310 [sec.py] => backbone.TSP.e_k_8: 1536
2025-12-24 09:24:48,310 [sec.py] => backbone.TSP.e_a_8: 1536
2025-12-24 09:24:48,320 [sec.py] => training set size: 25, fc construct set size: 25
2025-12-24 09:26:21,543 [trainer.py] => CNN: {'total': 72.59, '00-99': 80.78, '100-104': 58.72, '105-109': 60.0, '110-114': 72.34, '115-119': 66.39, '120-124': 54.36, '125-129': 38.99, '130-134': 66.67, '135-139': 75.34, '140-144': 50.88, '145-149': 69.0, '150-154': 58.72, '155-159': 53.95, '160-164': 76.25, '165-169': 67.54, '170-174': 78.72, '175-179': 74.26, '180-184': 57.14, '185-189': 65.12, '190-194': 66.01, '195-199': 80.0, 'old': 72.77, 'new': 66.01}
2025-12-24 09:26:21,575 [trainer.py] => Top1 curve: [82.82, 81.69, 80.3, 80.33, 79.92, 78.94, 77.42, 76.85, 76.85, 75.98, 75.96, 75.5, 74.87, 74.58, 74.0, 73.99, 73.83, 73.31, 73.07, 72.59]
2025-12-24 09:26:21,575 [trainer.py] => Average Accuracy (CNN): 76.64
2025-12-24 09:26:21,621 [sec.py] => Learning on 195-200
2025-12-24 09:26:21,634 [sec.py] => All params: 91013376
2025-12-24 09:26:21,634 [sec.py] => Actual trainable params (excluding detached): 86016
2025-12-24 09:26:21,634 [sec.py] => TSP active prompts: 2 (total: 90)
2025-12-24 09:26:21,634 [sec.py] => RSP active prompts: 0 (total: 50)
2025-12-24 09:26:21,634 [sec.py] => Excluded params: head, detached prompts
2025-12-24 09:26:21,634 [sec.py] => backbone.TSP.e_p_1: 7680
2025-12-24 09:26:21,635 [sec.py] => backbone.TSP.e_k_1: 1536
2025-12-24 09:26:21,635 [sec.py] => backbone.TSP.e_a_1: 1536
2025-12-24 09:26:21,635 [sec.py] => backbone.TSP.e_p_2: 7680
2025-12-24 09:26:21,635 [sec.py] => backbone.TSP.e_k_2: 1536
2025-12-24 09:26:21,635 [sec.py] => backbone.TSP.e_a_2: 1536
2025-12-24 09:26:21,635 [sec.py] => backbone.TSP.e_p_3: 7680
2025-12-24 09:26:21,635 [sec.py] => backbone.TSP.e_k_3: 1536
2025-12-24 09:26:21,635 [sec.py] => backbone.TSP.e_a_3: 1536
2025-12-24 09:26:21,635 [sec.py] => backbone.TSP.e_p_4: 7680
2025-12-24 09:26:21,635 [sec.py] => backbone.TSP.e_k_4: 1536
2025-12-24 09:26:21,635 [sec.py] => backbone.TSP.e_a_4: 1536
2025-12-24 09:26:21,636 [sec.py] => backbone.TSP.e_p_5: 7680
2025-12-24 09:26:21,636 [sec.py] => backbone.TSP.e_k_5: 1536
2025-12-24 09:26:21,636 [sec.py] => backbone.TSP.e_a_5: 1536
2025-12-24 09:26:21,636 [sec.py] => backbone.TSP.e_p_6: 7680
2025-12-24 09:26:21,636 [sec.py] => backbone.TSP.e_k_6: 1536
2025-12-24 09:26:21,636 [sec.py] => backbone.TSP.e_a_6: 1536
2025-12-24 09:26:21,636 [sec.py] => backbone.TSP.e_p_7: 7680
2025-12-24 09:26:21,636 [sec.py] => backbone.TSP.e_k_7: 1536
2025-12-24 09:26:21,636 [sec.py] => backbone.TSP.e_a_7: 1536
2025-12-24 09:26:21,636 [sec.py] => backbone.TSP.e_p_8: 7680
2025-12-24 09:26:21,636 [sec.py] => backbone.TSP.e_k_8: 1536
2025-12-24 09:26:21,637 [sec.py] => backbone.TSP.e_a_8: 1536
2025-12-24 09:26:21,648 [sec.py] => training set size: 25, fc construct set size: 25
2025-12-24 09:28:01,980 [trainer.py] => CNN: {'total': 72.07, '00-99': 80.62, '100-104': 58.72, '105-109': 59.31, '110-114': 71.63, '115-119': 66.39, '120-124': 53.02, '125-129': 37.74, '130-134': 66.67, '135-139': 73.97, '140-144': 50.0, '145-149': 69.0, '150-154': 58.72, '155-159': 54.61, '160-164': 75.62, '165-169': 67.02, '170-174': 78.72, '175-179': 74.26, '180-184': 56.46, '185-189': 65.12, '190-194': 65.36, '195-199': 63.58, 'old': 72.3, 'new': 63.58}
2025-12-24 09:28:02,009 [trainer.py] => Top1 curve: [82.82, 81.69, 80.3, 80.33, 79.92, 78.94, 77.42, 76.85, 76.85, 75.98, 75.96, 75.5, 74.87, 74.58, 74.0, 73.99, 73.83, 73.31, 73.07, 72.59, 72.07]
2025-12-24 09:28:02,009 [trainer.py] => Average Accuracy (CNN): 76.42

================================================================================
Finished imagenetr_init100_inc5: pretrained_vit_b16_224_vpt  
Base Accuracy: 82.82
Last Accuracy: 72.07
Average Accuracy (Top1): 76.42
PD: 10.75
Backward Transfer (BWT): -3.17
Traceback (most recent call last):
  File "/public/home/hanlida/Dr.1/Code/Research/Awesome-FSCIL/SEC-Prompt-main/main.py", line 29, in <module>
    main()
  File "/public/home/hanlida/Dr.1/Code/Research/Awesome-FSCIL/SEC-Prompt-main/main.py", line 11, in main
    train(args)
  File "/public/home/hanlida/Dr.1/Code/Research/Awesome-FSCIL/SEC-Prompt-main/trainer.py", line 21, in train
    _train(args)
  File "/public/home/hanlida/Dr.1/Code/Research/Awesome-FSCIL/SEC-Prompt-main/trainer.py", line 201, in _train
    print("Forward Transfer (FWT):", forward_transfer(args["dataset"], np.array(cnn_matrix)))
  File "/public/home/hanlida/Dr.1/Code/Research/Awesome-FSCIL/SEC-Prompt-main/trainer.py", line 347, in forward_transfer
    fwt_diffs = fwt_accs - rand_init_acc_for_fwt
ValueError: operands could not be broadcast together with shapes (20,) (10,) 
2025-12-24 09:28:22,506 [trainer.py] => config: ./configs/SEC-Prompt_mini_B60_Inc2.json
2025-12-24 09:28:22,511 [trainer.py] => lamda: 0.5
2025-12-24 09:28:22,511 [trainer.py] => aug: 2
2025-12-24 09:28:22,511 [trainer.py] => prompt_token_num: 6
2025-12-24 09:28:22,511 [trainer.py] => prompt_pool_num: 0.5
2025-12-24 09:28:22,512 [trainer.py] => model_name: sec
2025-12-24 09:28:22,512 [trainer.py] => backbone_type: pretrained_vit_b16_224_vpt
2025-12-24 09:28:22,512 [trainer.py] => device: [device(type='cuda', index=2)]
2025-12-24 09:28:22,512 [trainer.py] => seed: 1993
2025-12-24 09:28:22,512 [trainer.py] => dataset: mini_imagenet
2025-12-24 09:28:22,512 [trainer.py] => init_cls: 60
2025-12-24 09:28:22,512 [trainer.py] => increment: 2
2025-12-24 09:28:22,512 [trainer.py] => kshot: 5
2025-12-24 09:28:22,512 [trainer.py] => vpt_type: Deep
2025-12-24 09:28:22,512 [trainer.py] => kl_weight: 0.001
2025-12-24 09:28:22,512 [trainer.py] => tuned_epoch: 30
2025-12-24 09:28:22,513 [trainer.py] => fs_epoch: 10
2025-12-24 09:28:22,513 [trainer.py] => init_lr: 0.01
2025-12-24 09:28:22,513 [trainer.py] => fs_lr: 0.001
2025-12-24 09:28:22,513 [trainer.py] => batch_size: 32
2025-12-24 09:28:22,513 [trainer.py] => fs_batch_size: 16
2025-12-24 09:28:22,513 [trainer.py] => weight_decay: 0.005
2025-12-24 09:28:22,513 [trainer.py] => min_lr: 0
2025-12-24 09:28:22,513 [trainer.py] => optimizer: sgd
2025-12-24 09:28:22,513 [trainer.py] => shuffle: False
2025-12-24 09:28:22,513 [trainer.py] => top_k: 5
2025-12-24 09:28:22,513 [trainer.py] => base_model_path: saved_model/sec_tr/mini_imagenet/30_0.01/6_0.5/sec_30_1993_32.pth
2025-12-24 09:28:22,513 [trainer.py] => prefix: sec
2025-12-24 09:28:22,513 [trainer.py] => model_prefix: sec
2025-12-24 09:28:22,514 [trainer.py] => beta: 0.5
2025-12-24 09:28:22,514 [trainer.py] => memory_size: 0
2025-12-24 09:28:22,514 [trainer.py] => memory_per_class: 0
2025-12-24 09:28:22,514 [trainer.py] => fixed_memory: False
2025-12-24 09:28:22,748 [data_manager.py] => [0, 1, 2, 3, 4, 5, 6, 7, 8, 9, 10, 11, 12, 13, 14, 15, 16, 17, 18, 19, 20, 21, 22, 23, 24, 25, 26, 27, 28, 29, 30, 31, 32, 33, 34, 35, 36, 37, 38, 39, 40, 41, 42, 43, 44, 45, 46, 47, 48, 49, 50, 51, 52, 53, 54, 55, 56, 57, 58, 59, 60, 61, 62, 63, 64, 65, 66, 67, 68, 69, 70, 71, 72, 73, 74, 75, 76, 77, 78, 79, 80, 81, 82, 83, 84, 85, 86, 87, 88, 89, 90, 91, 92, 93, 94, 95, 96, 97, 98, 99]
This is for the BaseNet initialization.
modelname, pretrained_vit_b16_224_vpt basicmodelname vit_base_patch16_224
Using VPT model
Using Deep Prompt
After BaseNet initialization.
2025-12-24 09:28:43,732 [sec.py] => Learning on 0-60
2025-12-24 09:28:52,596 [sec.py] => All params: 87910656
2025-12-24 09:28:52,597 [sec.py] => Actual trainable params (excluding detached): 1497600
2025-12-24 09:28:52,597 [sec.py] => TSP active prompts: 30 (total: 30)
2025-12-24 09:28:52,597 [sec.py] => RSP active prompts: 30 (total: 30)
2025-12-24 09:28:52,597 [sec.py] => Excluded params: head, detached prompts
2025-12-24 09:28:52,598 [sec.py] => backbone.TSP.e_p_1: 69120
2025-12-24 09:28:52,598 [sec.py] => backbone.TSP.e_k_1: 23040
2025-12-24 09:28:52,598 [sec.py] => backbone.TSP.e_a_1: 23040
2025-12-24 09:28:52,598 [sec.py] => backbone.TSP.e_p_2: 69120
2025-12-24 09:28:52,598 [sec.py] => backbone.TSP.e_k_2: 23040
2025-12-24 09:28:52,598 [sec.py] => backbone.TSP.e_a_2: 23040
2025-12-24 09:28:52,598 [sec.py] => backbone.TSP.e_p_3: 69120
2025-12-24 09:28:52,598 [sec.py] => backbone.TSP.e_k_3: 23040
2025-12-24 09:28:52,598 [sec.py] => backbone.TSP.e_a_3: 23040
2025-12-24 09:28:52,598 [sec.py] => backbone.TSP.e_p_4: 69120
2025-12-24 09:28:52,598 [sec.py] => backbone.TSP.e_k_4: 23040
2025-12-24 09:28:52,598 [sec.py] => backbone.TSP.e_a_4: 23040
2025-12-24 09:28:52,598 [sec.py] => backbone.TSP.e_p_5: 69120
2025-12-24 09:28:52,598 [sec.py] => backbone.TSP.e_k_5: 23040
2025-12-24 09:28:52,598 [sec.py] => backbone.TSP.e_a_5: 23040
2025-12-24 09:28:52,598 [sec.py] => backbone.TSP.e_p_6: 69120
2025-12-24 09:28:52,598 [sec.py] => backbone.TSP.e_k_6: 23040
2025-12-24 09:28:52,598 [sec.py] => backbone.TSP.e_a_6: 23040
2025-12-24 09:28:52,598 [sec.py] => backbone.TSP.e_p_7: 69120
2025-12-24 09:28:52,598 [sec.py] => backbone.TSP.e_k_7: 23040
2025-12-24 09:28:52,598 [sec.py] => backbone.TSP.e_a_7: 23040
2025-12-24 09:28:52,599 [sec.py] => backbone.TSP.e_p_8: 69120
2025-12-24 09:28:52,599 [sec.py] => backbone.TSP.e_k_8: 23040
2025-12-24 09:28:52,599 [sec.py] => backbone.TSP.e_a_8: 23040
2025-12-24 09:28:52,599 [sec.py] => backbone.RSP.e_p_1: 69120
2025-12-24 09:28:52,599 [sec.py] => backbone.RSP.e_k_1: 23040
2025-12-24 09:28:52,599 [sec.py] => backbone.RSP.e_a_1: 23040
2025-12-24 09:28:52,599 [sec.py] => backbone.RSP.e_p_2: 69120
2025-12-24 09:28:52,599 [sec.py] => backbone.RSP.e_k_2: 23040
2025-12-24 09:28:52,599 [sec.py] => backbone.RSP.e_a_2: 23040
2025-12-24 09:28:52,599 [sec.py] => backbone.RSP.e_p_3: 69120
2025-12-24 09:28:52,599 [sec.py] => backbone.RSP.e_k_3: 23040
2025-12-24 09:28:52,599 [sec.py] => backbone.RSP.e_a_3: 23040
2025-12-24 09:28:52,599 [sec.py] => backbone.RSP.e_p_4: 69120
2025-12-24 09:28:52,599 [sec.py] => backbone.RSP.e_k_4: 23040
2025-12-24 09:28:52,599 [sec.py] => backbone.RSP.e_a_4: 23040
2025-12-24 09:28:52,599 [sec.py] => backbone.RSP.e_p_5: 69120
2025-12-24 09:28:52,599 [sec.py] => backbone.RSP.e_k_5: 23040
2025-12-24 09:28:52,599 [sec.py] => backbone.RSP.e_a_5: 23040
2025-12-24 09:28:52,642 [sec.py] => training set size: 30000, fc construct set size: 30000
/public/home/hanlida/Dr.1/Code/Research/Awesome-FSCIL/SEC-Prompt-main/backbone/zoo.py:205: UserWarning: Implicit dimension choice for softmax has been deprecated. Change the call to include dim=X as an argument.
  aq_k = torch.nn.functional.softmax(aq_k)
2025-12-24 12:55:31,848 [trainer.py] => CNN: {'total': 97.17, '00-59': 97.17, '60-61': 100.0, '62-63': 100.0, '64-65': 80.0, '66-67': 100.0, '68-69': 50.0, '70-71': 100.0, '72-73': 100.0, '74-75': 90.0, '76-77': 80.0, '78-79': 100.0, '80-81': 90.0, '82-83': 100.0, '84-85': 90.0, '86-87': 90.0, '88-89': 90.0, '90-91': 90.0, '92-93': 100.0, '94-95': 80.0, '96-97': 100.0, '98-99': 80.0, 'old': 0, 'new': 97.17}
2025-12-24 12:55:31,888 [trainer.py] => Top1 curve: [97.17]
2025-12-24 12:55:31,888 [trainer.py] => Average Accuracy (CNN): 97.17
2025-12-24 12:55:31,894 [sec.py] => Learning on 60-62
2025-12-24 12:55:31,899 [sec.py] => All params: 87910656
2025-12-24 12:55:31,899 [sec.py] => Actual trainable params (excluding detached): 30720
2025-12-24 12:55:31,899 [sec.py] => TSP active prompts: 1 (total: 31)
2025-12-24 12:55:31,899 [sec.py] => RSP active prompts: 0 (total: 30)
2025-12-24 12:55:31,899 [sec.py] => Excluded params: head, detached prompts
2025-12-24 12:55:31,900 [sec.py] => backbone.TSP.e_p_1: 2304
2025-12-24 12:55:31,900 [sec.py] => backbone.TSP.e_k_1: 768
2025-12-24 12:55:31,900 [sec.py] => backbone.TSP.e_a_1: 768
2025-12-24 12:55:31,900 [sec.py] => backbone.TSP.e_p_2: 2304
2025-12-24 12:55:31,900 [sec.py] => backbone.TSP.e_k_2: 768
2025-12-24 12:55:31,900 [sec.py] => backbone.TSP.e_a_2: 768
2025-12-24 12:55:31,900 [sec.py] => backbone.TSP.e_p_3: 2304
2025-12-24 12:55:31,900 [sec.py] => backbone.TSP.e_k_3: 768
2025-12-24 12:55:31,900 [sec.py] => backbone.TSP.e_a_3: 768
2025-12-24 12:55:31,900 [sec.py] => backbone.TSP.e_p_4: 2304
2025-12-24 12:55:31,900 [sec.py] => backbone.TSP.e_k_4: 768
2025-12-24 12:55:31,900 [sec.py] => backbone.TSP.e_a_4: 768
2025-12-24 12:55:31,900 [sec.py] => backbone.TSP.e_p_5: 2304
2025-12-24 12:55:31,900 [sec.py] => backbone.TSP.e_k_5: 768
2025-12-24 12:55:31,900 [sec.py] => backbone.TSP.e_a_5: 768
2025-12-24 12:55:31,900 [sec.py] => backbone.TSP.e_p_6: 2304
2025-12-24 12:55:31,900 [sec.py] => backbone.TSP.e_k_6: 768
2025-12-24 12:55:31,900 [sec.py] => backbone.TSP.e_a_6: 768
2025-12-24 12:55:31,900 [sec.py] => backbone.TSP.e_p_7: 2304
2025-12-24 12:55:31,900 [sec.py] => backbone.TSP.e_k_7: 768
2025-12-24 12:55:31,900 [sec.py] => backbone.TSP.e_a_7: 768
2025-12-24 12:55:31,900 [sec.py] => backbone.TSP.e_p_8: 2304
2025-12-24 12:55:31,900 [sec.py] => backbone.TSP.e_k_8: 768
2025-12-24 12:55:31,900 [sec.py] => backbone.TSP.e_a_8: 768
2025-12-24 12:55:31,917 [sec.py] => training set size: 10, fc construct set size: 10
2025-12-24 12:56:27,690 [trainer.py] => CNN: {'total': 97.16, '00-59': 97.18, '60-61': 96.5, '62-63': 90.0, '64-65': 80.0, '66-67': 100.0, '68-69': 30.0, '70-71': 100.0, '72-73': 100.0, '74-75': 90.0, '76-77': 80.0, '78-79': 100.0, '80-81': 80.0, '82-83': 90.0, '84-85': 100.0, '86-87': 90.0, '88-89': 70.0, '90-91': 90.0, '92-93': 90.0, '94-95': 100.0, '96-97': 100.0, '98-99': 90.0, 'old': 97.18, 'new': 96.5}
2025-12-24 12:56:27,691 [trainer.py] => Top1 curve: [97.17, 97.16]
2025-12-24 12:56:27,691 [trainer.py] => Average Accuracy (CNN): 97.16
2025-12-24 12:56:27,697 [sec.py] => Learning on 62-64
2025-12-24 12:56:27,705 [sec.py] => All params: 87910656
2025-12-24 12:56:27,705 [sec.py] => Actual trainable params (excluding detached): 30720
2025-12-24 12:56:27,705 [sec.py] => TSP active prompts: 1 (total: 32)
2025-12-24 12:56:27,705 [sec.py] => RSP active prompts: 0 (total: 30)
2025-12-24 12:56:27,705 [sec.py] => Excluded params: head, detached prompts
2025-12-24 12:56:27,705 [sec.py] => backbone.TSP.e_p_1: 2304
2025-12-24 12:56:27,705 [sec.py] => backbone.TSP.e_k_1: 768
2025-12-24 12:56:27,705 [sec.py] => backbone.TSP.e_a_1: 768
2025-12-24 12:56:27,705 [sec.py] => backbone.TSP.e_p_2: 2304
2025-12-24 12:56:27,705 [sec.py] => backbone.TSP.e_k_2: 768
2025-12-24 12:56:27,705 [sec.py] => backbone.TSP.e_a_2: 768
2025-12-24 12:56:27,705 [sec.py] => backbone.TSP.e_p_3: 2304
2025-12-24 12:56:27,705 [sec.py] => backbone.TSP.e_k_3: 768
2025-12-24 12:56:27,705 [sec.py] => backbone.TSP.e_a_3: 768
2025-12-24 12:56:27,705 [sec.py] => backbone.TSP.e_p_4: 2304
2025-12-24 12:56:27,705 [sec.py] => backbone.TSP.e_k_4: 768
2025-12-24 12:56:27,705 [sec.py] => backbone.TSP.e_a_4: 768
2025-12-24 12:56:27,705 [sec.py] => backbone.TSP.e_p_5: 2304
2025-12-24 12:56:27,705 [sec.py] => backbone.TSP.e_k_5: 768
2025-12-24 12:56:27,705 [sec.py] => backbone.TSP.e_a_5: 768
2025-12-24 12:56:27,706 [sec.py] => backbone.TSP.e_p_6: 2304
2025-12-24 12:56:27,706 [sec.py] => backbone.TSP.e_k_6: 768
2025-12-24 12:56:27,706 [sec.py] => backbone.TSP.e_a_6: 768
2025-12-24 12:56:27,706 [sec.py] => backbone.TSP.e_p_7: 2304
2025-12-24 12:56:27,706 [sec.py] => backbone.TSP.e_k_7: 768
2025-12-24 12:56:27,706 [sec.py] => backbone.TSP.e_a_7: 768
2025-12-24 12:56:27,706 [sec.py] => backbone.TSP.e_p_8: 2304
2025-12-24 12:56:27,706 [sec.py] => backbone.TSP.e_k_8: 768
2025-12-24 12:56:27,706 [sec.py] => backbone.TSP.e_a_8: 768
2025-12-24 12:56:27,736 [sec.py] => training set size: 10, fc construct set size: 10
2025-12-24 12:57:17,373 [trainer.py] => CNN: {'total': 97.05, '00-59': 97.13, '60-61': 96.5, '62-63': 95.0, '64-65': 70.0, '66-67': 90.0, '68-69': 70.0, '70-71': 90.0, '72-73': 100.0, '74-75': 90.0, '76-77': 100.0, '78-79': 100.0, '80-81': 80.0, '82-83': 80.0, '84-85': 100.0, '86-87': 100.0, '88-89': 50.0, '90-91': 100.0, '92-93': 100.0, '94-95': 100.0, '96-97': 90.0, '98-99': 90.0, 'old': 97.11, 'new': 95.0}
2025-12-24 12:57:17,374 [trainer.py] => Top1 curve: [97.17, 97.16, 97.05]
2025-12-24 12:57:17,374 [trainer.py] => Average Accuracy (CNN): 97.13
2025-12-24 12:57:17,380 [sec.py] => Learning on 64-66
2025-12-24 12:57:17,386 [sec.py] => All params: 87910656
2025-12-24 12:57:17,386 [sec.py] => Actual trainable params (excluding detached): 30720
2025-12-24 12:57:17,386 [sec.py] => TSP active prompts: 1 (total: 33)
2025-12-24 12:57:17,386 [sec.py] => RSP active prompts: 0 (total: 30)
2025-12-24 12:57:17,386 [sec.py] => Excluded params: head, detached prompts
2025-12-24 12:57:17,386 [sec.py] => backbone.TSP.e_p_1: 2304
2025-12-24 12:57:17,386 [sec.py] => backbone.TSP.e_k_1: 768
2025-12-24 12:57:17,386 [sec.py] => backbone.TSP.e_a_1: 768
2025-12-24 12:57:17,386 [sec.py] => backbone.TSP.e_p_2: 2304
2025-12-24 12:57:17,386 [sec.py] => backbone.TSP.e_k_2: 768
2025-12-24 12:57:17,387 [sec.py] => backbone.TSP.e_a_2: 768
2025-12-24 12:57:17,387 [sec.py] => backbone.TSP.e_p_3: 2304
2025-12-24 12:57:17,387 [sec.py] => backbone.TSP.e_k_3: 768
2025-12-24 12:57:17,387 [sec.py] => backbone.TSP.e_a_3: 768
2025-12-24 12:57:17,387 [sec.py] => backbone.TSP.e_p_4: 2304
2025-12-24 12:57:17,387 [sec.py] => backbone.TSP.e_k_4: 768
2025-12-24 12:57:17,387 [sec.py] => backbone.TSP.e_a_4: 768
2025-12-24 12:57:17,387 [sec.py] => backbone.TSP.e_p_5: 2304
2025-12-24 12:57:17,387 [sec.py] => backbone.TSP.e_k_5: 768
2025-12-24 12:57:17,387 [sec.py] => backbone.TSP.e_a_5: 768
2025-12-24 12:57:17,387 [sec.py] => backbone.TSP.e_p_6: 2304
2025-12-24 12:57:17,387 [sec.py] => backbone.TSP.e_k_6: 768
2025-12-24 12:57:17,387 [sec.py] => backbone.TSP.e_a_6: 768
2025-12-24 12:57:17,387 [sec.py] => backbone.TSP.e_p_7: 2304
2025-12-24 12:57:17,387 [sec.py] => backbone.TSP.e_k_7: 768
2025-12-24 12:57:17,387 [sec.py] => backbone.TSP.e_a_7: 768
2025-12-24 12:57:17,387 [sec.py] => backbone.TSP.e_p_8: 2304
2025-12-24 12:57:17,387 [sec.py] => backbone.TSP.e_k_8: 768
2025-12-24 12:57:17,387 [sec.py] => backbone.TSP.e_a_8: 768
2025-12-24 12:57:17,402 [sec.py] => training set size: 10, fc construct set size: 10
2025-12-24 12:58:05,970 [trainer.py] => CNN: {'total': 96.95, '00-59': 97.15, '60-61': 96.5, '62-63': 95.5, '64-65': 93.0, '66-67': 80.0, '68-69': 70.0, '70-71': 90.0, '72-73': 90.0, '74-75': 100.0, '76-77': 80.0, '78-79': 100.0, '80-81': 70.0, '82-83': 100.0, '84-85': 90.0, '86-87': 90.0, '88-89': 60.0, '90-91': 100.0, '92-93': 100.0, '94-95': 90.0, '96-97': 100.0, '98-99': 80.0, 'old': 97.08, 'new': 93.0}
2025-12-24 12:58:05,970 [trainer.py] => Top1 curve: [97.17, 97.16, 97.05, 96.95]
2025-12-24 12:58:05,970 [trainer.py] => Average Accuracy (CNN): 97.08
2025-12-24 12:58:05,976 [sec.py] => Learning on 66-68
2025-12-24 12:58:05,982 [sec.py] => All params: 87910656
2025-12-24 12:58:05,982 [sec.py] => Actual trainable params (excluding detached): 30720
2025-12-24 12:58:05,982 [sec.py] => TSP active prompts: 1 (total: 34)
2025-12-24 12:58:05,982 [sec.py] => RSP active prompts: 0 (total: 30)
2025-12-24 12:58:05,982 [sec.py] => Excluded params: head, detached prompts
2025-12-24 12:58:05,983 [sec.py] => backbone.TSP.e_p_1: 2304
2025-12-24 12:58:05,983 [sec.py] => backbone.TSP.e_k_1: 768
2025-12-24 12:58:05,983 [sec.py] => backbone.TSP.e_a_1: 768
2025-12-24 12:58:05,983 [sec.py] => backbone.TSP.e_p_2: 2304
2025-12-24 12:58:05,983 [sec.py] => backbone.TSP.e_k_2: 768
2025-12-24 12:58:05,983 [sec.py] => backbone.TSP.e_a_2: 768
2025-12-24 12:58:05,983 [sec.py] => backbone.TSP.e_p_3: 2304
2025-12-24 12:58:05,983 [sec.py] => backbone.TSP.e_k_3: 768
2025-12-24 12:58:05,983 [sec.py] => backbone.TSP.e_a_3: 768
2025-12-24 12:58:05,983 [sec.py] => backbone.TSP.e_p_4: 2304
2025-12-24 12:58:05,983 [sec.py] => backbone.TSP.e_k_4: 768
2025-12-24 12:58:05,983 [sec.py] => backbone.TSP.e_a_4: 768
2025-12-24 12:58:05,983 [sec.py] => backbone.TSP.e_p_5: 2304
2025-12-24 12:58:05,983 [sec.py] => backbone.TSP.e_k_5: 768
2025-12-24 12:58:05,983 [sec.py] => backbone.TSP.e_a_5: 768
2025-12-24 12:58:05,983 [sec.py] => backbone.TSP.e_p_6: 2304
2025-12-24 12:58:05,983 [sec.py] => backbone.TSP.e_k_6: 768
2025-12-24 12:58:05,983 [sec.py] => backbone.TSP.e_a_6: 768
2025-12-24 12:58:05,983 [sec.py] => backbone.TSP.e_p_7: 2304
2025-12-24 12:58:05,983 [sec.py] => backbone.TSP.e_k_7: 768
2025-12-24 12:58:05,983 [sec.py] => backbone.TSP.e_a_7: 768
2025-12-24 12:58:05,983 [sec.py] => backbone.TSP.e_p_8: 2304
2025-12-24 12:58:05,983 [sec.py] => backbone.TSP.e_k_8: 768
2025-12-24 12:58:05,983 [sec.py] => backbone.TSP.e_a_8: 768
2025-12-24 12:58:05,998 [sec.py] => training set size: 10, fc construct set size: 10
2025-12-24 12:58:55,729 [trainer.py] => CNN: {'total': 96.97, '00-59': 97.13, '60-61': 96.5, '62-63': 95.5, '64-65': 93.5, '66-67': 97.5, '68-69': 50.0, '70-71': 90.0, '72-73': 90.0, '74-75': 100.0, '76-77': 80.0, '78-79': 100.0, '80-81': 90.0, '82-83': 90.0, '84-85': 70.0, '86-87': 90.0, '88-89': 50.0, '90-91': 80.0, '92-93': 100.0, '94-95': 100.0, '96-97': 90.0, '98-99': 80.0, 'old': 96.95, 'new': 97.5}
2025-12-24 12:58:55,729 [trainer.py] => Top1 curve: [97.17, 97.16, 97.05, 96.95, 96.97]
2025-12-24 12:58:55,729 [trainer.py] => Average Accuracy (CNN): 97.06
2025-12-24 12:58:56,524 [sec.py] => Learning on 68-70
2025-12-24 12:58:56,529 [sec.py] => All params: 87910656
2025-12-24 12:58:56,529 [sec.py] => Actual trainable params (excluding detached): 30720
2025-12-24 12:58:56,529 [sec.py] => TSP active prompts: 1 (total: 35)
2025-12-24 12:58:56,529 [sec.py] => RSP active prompts: 0 (total: 30)
2025-12-24 12:58:56,529 [sec.py] => Excluded params: head, detached prompts
2025-12-24 12:58:56,529 [sec.py] => backbone.TSP.e_p_1: 2304
2025-12-24 12:58:56,529 [sec.py] => backbone.TSP.e_k_1: 768
2025-12-24 12:58:56,529 [sec.py] => backbone.TSP.e_a_1: 768
2025-12-24 12:58:56,529 [sec.py] => backbone.TSP.e_p_2: 2304
2025-12-24 12:58:56,529 [sec.py] => backbone.TSP.e_k_2: 768
2025-12-24 12:58:56,529 [sec.py] => backbone.TSP.e_a_2: 768
2025-12-24 12:58:56,529 [sec.py] => backbone.TSP.e_p_3: 2304
2025-12-24 12:58:56,529 [sec.py] => backbone.TSP.e_k_3: 768
2025-12-24 12:58:56,529 [sec.py] => backbone.TSP.e_a_3: 768
2025-12-24 12:58:56,529 [sec.py] => backbone.TSP.e_p_4: 2304
2025-12-24 12:58:56,529 [sec.py] => backbone.TSP.e_k_4: 768
2025-12-24 12:58:56,529 [sec.py] => backbone.TSP.e_a_4: 768
2025-12-24 12:58:56,530 [sec.py] => backbone.TSP.e_p_5: 2304
2025-12-24 12:58:56,530 [sec.py] => backbone.TSP.e_k_5: 768
2025-12-24 12:58:56,530 [sec.py] => backbone.TSP.e_a_5: 768
2025-12-24 12:58:56,530 [sec.py] => backbone.TSP.e_p_6: 2304
2025-12-24 12:58:56,530 [sec.py] => backbone.TSP.e_k_6: 768
2025-12-24 12:58:56,530 [sec.py] => backbone.TSP.e_a_6: 768
2025-12-24 12:58:56,530 [sec.py] => backbone.TSP.e_p_7: 2304
2025-12-24 12:58:56,530 [sec.py] => backbone.TSP.e_k_7: 768
2025-12-24 12:58:56,530 [sec.py] => backbone.TSP.e_a_7: 768
2025-12-24 12:58:56,530 [sec.py] => backbone.TSP.e_p_8: 2304
2025-12-24 12:58:56,530 [sec.py] => backbone.TSP.e_k_8: 768
2025-12-24 12:58:56,530 [sec.py] => backbone.TSP.e_a_8: 768
2025-12-24 12:58:56,544 [sec.py] => training set size: 10, fc construct set size: 10
2025-12-24 12:59:50,970 [trainer.py] => CNN: {'total': 95.91, '00-59': 97.1, '60-61': 96.5, '62-63': 96.0, '64-65': 93.0, '66-67': 97.5, '68-69': 61.0, '70-71': 100.0, '72-73': 90.0, '74-75': 100.0, '76-77': 90.0, '78-79': 70.0, '80-81': 90.0, '82-83': 90.0, '84-85': 100.0, '86-87': 80.0, '88-89': 80.0, '90-91': 100.0, '92-93': 100.0, '94-95': 90.0, '96-97': 100.0, '98-99': 90.0, 'old': 96.94, 'new': 61.0}
2025-12-24 12:59:50,978 [trainer.py] => Top1 curve: [97.17, 97.16, 97.05, 96.95, 96.97, 95.91]
2025-12-24 12:59:50,978 [trainer.py] => Average Accuracy (CNN): 96.87
2025-12-24 12:59:50,984 [sec.py] => Learning on 70-72
2025-12-24 12:59:50,989 [sec.py] => All params: 87910656
2025-12-24 12:59:50,989 [sec.py] => Actual trainable params (excluding detached): 30720
2025-12-24 12:59:50,989 [sec.py] => TSP active prompts: 1 (total: 36)
2025-12-24 12:59:50,989 [sec.py] => RSP active prompts: 0 (total: 30)
2025-12-24 12:59:50,989 [sec.py] => Excluded params: head, detached prompts
2025-12-24 12:59:50,989 [sec.py] => backbone.TSP.e_p_1: 2304
2025-12-24 12:59:50,989 [sec.py] => backbone.TSP.e_k_1: 768
2025-12-24 12:59:50,989 [sec.py] => backbone.TSP.e_a_1: 768
2025-12-24 12:59:50,990 [sec.py] => backbone.TSP.e_p_2: 2304
2025-12-24 12:59:50,990 [sec.py] => backbone.TSP.e_k_2: 768
2025-12-24 12:59:50,990 [sec.py] => backbone.TSP.e_a_2: 768
2025-12-24 12:59:50,990 [sec.py] => backbone.TSP.e_p_3: 2304
2025-12-24 12:59:50,990 [sec.py] => backbone.TSP.e_k_3: 768
2025-12-24 12:59:50,990 [sec.py] => backbone.TSP.e_a_3: 768
2025-12-24 12:59:50,990 [sec.py] => backbone.TSP.e_p_4: 2304
2025-12-24 12:59:50,990 [sec.py] => backbone.TSP.e_k_4: 768
2025-12-24 12:59:50,990 [sec.py] => backbone.TSP.e_a_4: 768
2025-12-24 12:59:50,990 [sec.py] => backbone.TSP.e_p_5: 2304
2025-12-24 12:59:50,990 [sec.py] => backbone.TSP.e_k_5: 768
2025-12-24 12:59:50,990 [sec.py] => backbone.TSP.e_a_5: 768
2025-12-24 12:59:50,990 [sec.py] => backbone.TSP.e_p_6: 2304
2025-12-24 12:59:50,990 [sec.py] => backbone.TSP.e_k_6: 768
2025-12-24 12:59:50,990 [sec.py] => backbone.TSP.e_a_6: 768
2025-12-24 12:59:50,990 [sec.py] => backbone.TSP.e_p_7: 2304
2025-12-24 12:59:50,990 [sec.py] => backbone.TSP.e_k_7: 768
2025-12-24 12:59:50,990 [sec.py] => backbone.TSP.e_a_7: 768
2025-12-24 12:59:50,990 [sec.py] => backbone.TSP.e_p_8: 2304
2025-12-24 12:59:50,990 [sec.py] => backbone.TSP.e_k_8: 768
2025-12-24 12:59:50,990 [sec.py] => backbone.TSP.e_a_8: 768
2025-12-24 12:59:51,004 [sec.py] => training set size: 10, fc construct set size: 10
2025-12-24 13:00:43,999 [trainer.py] => CNN: {'total': 95.9, '00-59': 97.05, '60-61': 96.5, '62-63': 95.5, '64-65': 93.0, '66-67': 98.0, '68-69': 61.0, '70-71': 97.0, '72-73': 100.0, '74-75': 100.0, '76-77': 70.0, '78-79': 100.0, '80-81': 90.0, '82-83': 100.0, '84-85': 100.0, '86-87': 100.0, '88-89': 60.0, '90-91': 100.0, '92-93': 100.0, '94-95': 80.0, '96-97': 100.0, '98-99': 70.0, 'old': 95.87, 'new': 97.0}
2025-12-24 13:00:43,999 [trainer.py] => Top1 curve: [97.17, 97.16, 97.05, 96.95, 96.97, 95.91, 95.9]
2025-12-24 13:00:43,999 [trainer.py] => Average Accuracy (CNN): 96.73
2025-12-24 13:00:44,016 [sec.py] => Learning on 72-74
2025-12-24 13:00:44,023 [sec.py] => All params: 87910656
2025-12-24 13:00:44,023 [sec.py] => Actual trainable params (excluding detached): 30720
2025-12-24 13:00:44,023 [sec.py] => TSP active prompts: 1 (total: 37)
2025-12-24 13:00:44,023 [sec.py] => RSP active prompts: 0 (total: 30)
2025-12-24 13:00:44,023 [sec.py] => Excluded params: head, detached prompts
2025-12-24 13:00:44,023 [sec.py] => backbone.TSP.e_p_1: 2304
2025-12-24 13:00:44,023 [sec.py] => backbone.TSP.e_k_1: 768
2025-12-24 13:00:44,023 [sec.py] => backbone.TSP.e_a_1: 768
2025-12-24 13:00:44,023 [sec.py] => backbone.TSP.e_p_2: 2304
2025-12-24 13:00:44,023 [sec.py] => backbone.TSP.e_k_2: 768
2025-12-24 13:00:44,023 [sec.py] => backbone.TSP.e_a_2: 768
2025-12-24 13:00:44,023 [sec.py] => backbone.TSP.e_p_3: 2304
2025-12-24 13:00:44,024 [sec.py] => backbone.TSP.e_k_3: 768
2025-12-24 13:00:44,024 [sec.py] => backbone.TSP.e_a_3: 768
2025-12-24 13:00:44,024 [sec.py] => backbone.TSP.e_p_4: 2304
2025-12-24 13:00:44,024 [sec.py] => backbone.TSP.e_k_4: 768
2025-12-24 13:00:44,024 [sec.py] => backbone.TSP.e_a_4: 768
2025-12-24 13:00:44,024 [sec.py] => backbone.TSP.e_p_5: 2304
2025-12-24 13:00:44,024 [sec.py] => backbone.TSP.e_k_5: 768
2025-12-24 13:00:44,024 [sec.py] => backbone.TSP.e_a_5: 768
2025-12-24 13:00:44,024 [sec.py] => backbone.TSP.e_p_6: 2304
2025-12-24 13:00:44,024 [sec.py] => backbone.TSP.e_k_6: 768
2025-12-24 13:00:44,024 [sec.py] => backbone.TSP.e_a_6: 768
2025-12-24 13:00:44,024 [sec.py] => backbone.TSP.e_p_7: 2304
2025-12-24 13:00:44,024 [sec.py] => backbone.TSP.e_k_7: 768
2025-12-24 13:00:44,024 [sec.py] => backbone.TSP.e_a_7: 768
2025-12-24 13:00:44,024 [sec.py] => backbone.TSP.e_p_8: 2304
2025-12-24 13:00:44,024 [sec.py] => backbone.TSP.e_k_8: 768
2025-12-24 13:00:44,024 [sec.py] => backbone.TSP.e_a_8: 768
2025-12-24 13:00:44,039 [sec.py] => training set size: 10, fc construct set size: 10
2025-12-24 13:01:37,759 [trainer.py] => CNN: {'total': 95.82, '00-59': 97.07, '60-61': 97.0, '62-63': 95.5, '64-65': 93.0, '66-67': 98.0, '68-69': 61.0, '70-71': 96.5, '72-73': 92.5, '74-75': 90.0, '76-77': 70.0, '78-79': 100.0, '80-81': 90.0, '82-83': 90.0, '84-85': 100.0, '86-87': 100.0, '88-89': 70.0, '90-91': 100.0, '92-93': 100.0, '94-95': 100.0, '96-97': 90.0, '98-99': 100.0, 'old': 95.92, 'new': 92.5}
2025-12-24 13:01:37,759 [trainer.py] => Top1 curve: [97.17, 97.16, 97.05, 96.95, 96.97, 95.91, 95.9, 95.82]
2025-12-24 13:01:37,759 [trainer.py] => Average Accuracy (CNN): 96.62
2025-12-24 13:01:37,765 [sec.py] => Learning on 74-76
2025-12-24 13:01:37,772 [sec.py] => All params: 87910656
2025-12-24 13:01:37,772 [sec.py] => Actual trainable params (excluding detached): 30720
2025-12-24 13:01:37,772 [sec.py] => TSP active prompts: 1 (total: 38)
2025-12-24 13:01:37,772 [sec.py] => RSP active prompts: 0 (total: 30)
2025-12-24 13:01:37,772 [sec.py] => Excluded params: head, detached prompts
2025-12-24 13:01:37,772 [sec.py] => backbone.TSP.e_p_1: 2304
2025-12-24 13:01:37,772 [sec.py] => backbone.TSP.e_k_1: 768
2025-12-24 13:01:37,772 [sec.py] => backbone.TSP.e_a_1: 768
2025-12-24 13:01:37,772 [sec.py] => backbone.TSP.e_p_2: 2304
2025-12-24 13:01:37,772 [sec.py] => backbone.TSP.e_k_2: 768
2025-12-24 13:01:37,773 [sec.py] => backbone.TSP.e_a_2: 768
2025-12-24 13:01:37,773 [sec.py] => backbone.TSP.e_p_3: 2304
2025-12-24 13:01:37,773 [sec.py] => backbone.TSP.e_k_3: 768
2025-12-24 13:01:37,773 [sec.py] => backbone.TSP.e_a_3: 768
2025-12-24 13:01:37,773 [sec.py] => backbone.TSP.e_p_4: 2304
2025-12-24 13:01:37,773 [sec.py] => backbone.TSP.e_k_4: 768
2025-12-24 13:01:37,773 [sec.py] => backbone.TSP.e_a_4: 768
2025-12-24 13:01:37,773 [sec.py] => backbone.TSP.e_p_5: 2304
2025-12-24 13:01:37,773 [sec.py] => backbone.TSP.e_k_5: 768
2025-12-24 13:01:37,773 [sec.py] => backbone.TSP.e_a_5: 768
2025-12-24 13:01:37,773 [sec.py] => backbone.TSP.e_p_6: 2304
2025-12-24 13:01:37,773 [sec.py] => backbone.TSP.e_k_6: 768
2025-12-24 13:01:37,773 [sec.py] => backbone.TSP.e_a_6: 768
2025-12-24 13:01:37,773 [sec.py] => backbone.TSP.e_p_7: 2304
2025-12-24 13:01:37,773 [sec.py] => backbone.TSP.e_k_7: 768
2025-12-24 13:01:37,773 [sec.py] => backbone.TSP.e_a_7: 768
2025-12-24 13:01:37,773 [sec.py] => backbone.TSP.e_p_8: 2304
2025-12-24 13:01:37,773 [sec.py] => backbone.TSP.e_k_8: 768
2025-12-24 13:01:37,773 [sec.py] => backbone.TSP.e_a_8: 768
2025-12-24 13:01:37,786 [sec.py] => training set size: 10, fc construct set size: 10
2025-12-24 13:02:31,127 [trainer.py] => CNN: {'total': 95.88, '00-59': 97.03, '60-61': 97.0, '62-63': 95.0, '64-65': 93.0, '66-67': 98.0, '68-69': 61.5, '70-71': 96.5, '72-73': 93.0, '74-75': 98.5, '76-77': 90.0, '78-79': 100.0, '80-81': 80.0, '82-83': 80.0, '84-85': 80.0, '86-87': 80.0, '88-89': 90.0, '90-91': 90.0, '92-93': 80.0, '94-95': 80.0, '96-97': 90.0, '98-99': 90.0, 'old': 95.81, 'new': 98.5}
2025-12-24 13:02:31,127 [trainer.py] => Top1 curve: [97.17, 97.16, 97.05, 96.95, 96.97, 95.91, 95.9, 95.82, 95.88]
2025-12-24 13:02:31,127 [trainer.py] => Average Accuracy (CNN): 96.53
2025-12-24 13:02:31,150 [sec.py] => Learning on 76-78
2025-12-24 13:02:31,156 [sec.py] => All params: 87910656
2025-12-24 13:02:31,156 [sec.py] => Actual trainable params (excluding detached): 30720
2025-12-24 13:02:31,156 [sec.py] => TSP active prompts: 1 (total: 39)
2025-12-24 13:02:31,156 [sec.py] => RSP active prompts: 0 (total: 30)
2025-12-24 13:02:31,156 [sec.py] => Excluded params: head, detached prompts
2025-12-24 13:02:31,156 [sec.py] => backbone.TSP.e_p_1: 2304
2025-12-24 13:02:31,156 [sec.py] => backbone.TSP.e_k_1: 768
2025-12-24 13:02:31,156 [sec.py] => backbone.TSP.e_a_1: 768
2025-12-24 13:02:31,156 [sec.py] => backbone.TSP.e_p_2: 2304
2025-12-24 13:02:31,156 [sec.py] => backbone.TSP.e_k_2: 768
2025-12-24 13:02:31,156 [sec.py] => backbone.TSP.e_a_2: 768
2025-12-24 13:02:31,156 [sec.py] => backbone.TSP.e_p_3: 2304
2025-12-24 13:02:31,156 [sec.py] => backbone.TSP.e_k_3: 768
2025-12-24 13:02:31,156 [sec.py] => backbone.TSP.e_a_3: 768
2025-12-24 13:02:31,156 [sec.py] => backbone.TSP.e_p_4: 2304
2025-12-24 13:02:31,156 [sec.py] => backbone.TSP.e_k_4: 768
2025-12-24 13:02:31,156 [sec.py] => backbone.TSP.e_a_4: 768
2025-12-24 13:02:31,157 [sec.py] => backbone.TSP.e_p_5: 2304
2025-12-24 13:02:31,157 [sec.py] => backbone.TSP.e_k_5: 768
2025-12-24 13:02:31,157 [sec.py] => backbone.TSP.e_a_5: 768
2025-12-24 13:02:31,157 [sec.py] => backbone.TSP.e_p_6: 2304
2025-12-24 13:02:31,157 [sec.py] => backbone.TSP.e_k_6: 768
2025-12-24 13:02:31,157 [sec.py] => backbone.TSP.e_a_6: 768
2025-12-24 13:02:31,157 [sec.py] => backbone.TSP.e_p_7: 2304
2025-12-24 13:02:31,157 [sec.py] => backbone.TSP.e_k_7: 768
2025-12-24 13:02:31,157 [sec.py] => backbone.TSP.e_a_7: 768
2025-12-24 13:02:31,157 [sec.py] => backbone.TSP.e_p_8: 2304
2025-12-24 13:02:31,157 [sec.py] => backbone.TSP.e_k_8: 768
2025-12-24 13:02:31,157 [sec.py] => backbone.TSP.e_a_8: 768
2025-12-24 13:02:31,169 [sec.py] => training set size: 10, fc construct set size: 10
2025-12-24 13:03:27,839 [trainer.py] => CNN: {'total': 95.94, '00-59': 97.03, '60-61': 97.0, '62-63': 96.0, '64-65': 93.0, '66-67': 98.5, '68-69': 62.0, '70-71': 96.5, '72-73': 93.0, '74-75': 98.5, '76-77': 96.0, '78-79': 100.0, '80-81': 80.0, '82-83': 100.0, '84-85': 90.0, '86-87': 80.0, '88-89': 50.0, '90-91': 70.0, '92-93': 100.0, '94-95': 100.0, '96-97': 80.0, '98-99': 80.0, 'old': 95.93, 'new': 96.0}
2025-12-24 13:03:27,839 [trainer.py] => Top1 curve: [97.17, 97.16, 97.05, 96.95, 96.97, 95.91, 95.9, 95.82, 95.88, 95.94]
2025-12-24 13:03:27,839 [trainer.py] => Average Accuracy (CNN): 96.47
2025-12-24 13:03:27,846 [sec.py] => Learning on 78-80
2025-12-24 13:03:27,852 [sec.py] => All params: 87910656
2025-12-24 13:03:27,852 [sec.py] => Actual trainable params (excluding detached): 30720
2025-12-24 13:03:27,852 [sec.py] => TSP active prompts: 1 (total: 40)
2025-12-24 13:03:27,852 [sec.py] => RSP active prompts: 0 (total: 30)
2025-12-24 13:03:27,852 [sec.py] => Excluded params: head, detached prompts
2025-12-24 13:03:27,852 [sec.py] => backbone.TSP.e_p_1: 2304
2025-12-24 13:03:27,852 [sec.py] => backbone.TSP.e_k_1: 768
2025-12-24 13:03:27,853 [sec.py] => backbone.TSP.e_a_1: 768
2025-12-24 13:03:27,853 [sec.py] => backbone.TSP.e_p_2: 2304
2025-12-24 13:03:27,853 [sec.py] => backbone.TSP.e_k_2: 768
2025-12-24 13:03:27,853 [sec.py] => backbone.TSP.e_a_2: 768
2025-12-24 13:03:27,853 [sec.py] => backbone.TSP.e_p_3: 2304
2025-12-24 13:03:27,853 [sec.py] => backbone.TSP.e_k_3: 768
2025-12-24 13:03:27,853 [sec.py] => backbone.TSP.e_a_3: 768
2025-12-24 13:03:27,853 [sec.py] => backbone.TSP.e_p_4: 2304
2025-12-24 13:03:27,853 [sec.py] => backbone.TSP.e_k_4: 768
2025-12-24 13:03:27,853 [sec.py] => backbone.TSP.e_a_4: 768
2025-12-24 13:03:27,853 [sec.py] => backbone.TSP.e_p_5: 2304
2025-12-24 13:03:27,853 [sec.py] => backbone.TSP.e_k_5: 768
2025-12-24 13:03:27,853 [sec.py] => backbone.TSP.e_a_5: 768
2025-12-24 13:03:27,853 [sec.py] => backbone.TSP.e_p_6: 2304
2025-12-24 13:03:27,853 [sec.py] => backbone.TSP.e_k_6: 768
2025-12-24 13:03:27,853 [sec.py] => backbone.TSP.e_a_6: 768
2025-12-24 13:03:27,853 [sec.py] => backbone.TSP.e_p_7: 2304
2025-12-24 13:03:27,853 [sec.py] => backbone.TSP.e_k_7: 768
2025-12-24 13:03:27,854 [sec.py] => backbone.TSP.e_a_7: 768
2025-12-24 13:03:27,854 [sec.py] => backbone.TSP.e_p_8: 2304
2025-12-24 13:03:27,854 [sec.py] => backbone.TSP.e_k_8: 768
2025-12-24 13:03:27,854 [sec.py] => backbone.TSP.e_a_8: 768
2025-12-24 13:03:27,867 [sec.py] => training set size: 10, fc construct set size: 10
2025-12-24 13:04:22,921 [trainer.py] => CNN: {'total': 95.96, '00-59': 96.98, '60-61': 97.0, '62-63': 96.0, '64-65': 93.0, '66-67': 98.5, '68-69': 62.5, '70-71': 96.5, '72-73': 93.5, '74-75': 98.5, '76-77': 96.0, '78-79': 97.5, '80-81': 90.0, '82-83': 90.0, '84-85': 100.0, '86-87': 80.0, '88-89': 90.0, '90-91': 90.0, '92-93': 100.0, '94-95': 80.0, '96-97': 90.0, '98-99': 90.0, 'old': 95.92, 'new': 97.5}
2025-12-24 13:04:22,921 [trainer.py] => Top1 curve: [97.17, 97.16, 97.05, 96.95, 96.97, 95.91, 95.9, 95.82, 95.88, 95.94, 95.96]
2025-12-24 13:04:22,921 [trainer.py] => Average Accuracy (CNN): 96.43
2025-12-24 13:04:22,928 [sec.py] => Learning on 80-82
2025-12-24 13:04:22,933 [sec.py] => All params: 87910656
2025-12-24 13:04:22,933 [sec.py] => Actual trainable params (excluding detached): 30720
2025-12-24 13:04:22,933 [sec.py] => TSP active prompts: 1 (total: 41)
2025-12-24 13:04:22,933 [sec.py] => RSP active prompts: 0 (total: 30)
2025-12-24 13:04:22,933 [sec.py] => Excluded params: head, detached prompts
2025-12-24 13:04:22,933 [sec.py] => backbone.TSP.e_p_1: 2304
2025-12-24 13:04:22,933 [sec.py] => backbone.TSP.e_k_1: 768
2025-12-24 13:04:22,933 [sec.py] => backbone.TSP.e_a_1: 768
2025-12-24 13:04:22,933 [sec.py] => backbone.TSP.e_p_2: 2304
2025-12-24 13:04:22,933 [sec.py] => backbone.TSP.e_k_2: 768
2025-12-24 13:04:22,933 [sec.py] => backbone.TSP.e_a_2: 768
2025-12-24 13:04:22,933 [sec.py] => backbone.TSP.e_p_3: 2304
2025-12-24 13:04:22,933 [sec.py] => backbone.TSP.e_k_3: 768
2025-12-24 13:04:22,933 [sec.py] => backbone.TSP.e_a_3: 768
2025-12-24 13:04:22,933 [sec.py] => backbone.TSP.e_p_4: 2304
2025-12-24 13:04:22,933 [sec.py] => backbone.TSP.e_k_4: 768
2025-12-24 13:04:22,933 [sec.py] => backbone.TSP.e_a_4: 768
2025-12-24 13:04:22,933 [sec.py] => backbone.TSP.e_p_5: 2304
2025-12-24 13:04:22,934 [sec.py] => backbone.TSP.e_k_5: 768
2025-12-24 13:04:22,934 [sec.py] => backbone.TSP.e_a_5: 768
2025-12-24 13:04:22,934 [sec.py] => backbone.TSP.e_p_6: 2304
2025-12-24 13:04:22,934 [sec.py] => backbone.TSP.e_k_6: 768
2025-12-24 13:04:22,934 [sec.py] => backbone.TSP.e_a_6: 768
2025-12-24 13:04:22,934 [sec.py] => backbone.TSP.e_p_7: 2304
2025-12-24 13:04:22,934 [sec.py] => backbone.TSP.e_k_7: 768
2025-12-24 13:04:22,934 [sec.py] => backbone.TSP.e_a_7: 768
2025-12-24 13:04:22,934 [sec.py] => backbone.TSP.e_p_8: 2304
2025-12-24 13:04:22,934 [sec.py] => backbone.TSP.e_k_8: 768
2025-12-24 13:04:22,934 [sec.py] => backbone.TSP.e_a_8: 768
2025-12-24 13:04:22,944 [sec.py] => training set size: 10, fc construct set size: 10
2025-12-24 13:05:24,874 [trainer.py] => CNN: {'total': 95.8, '00-59': 96.85, '60-61': 97.0, '62-63': 95.5, '64-65': 92.5, '66-67': 98.5, '68-69': 63.0, '70-71': 96.5, '72-73': 94.0, '74-75': 98.5, '76-77': 96.0, '78-79': 97.5, '80-81': 93.5, '82-83': 90.0, '84-85': 90.0, '86-87': 90.0, '88-89': 80.0, '90-91': 90.0, '92-93': 100.0, '94-95': 100.0, '96-97': 90.0, '98-99': 100.0, 'old': 95.86, 'new': 93.5}
2025-12-24 13:05:24,886 [trainer.py] => Top1 curve: [97.17, 97.16, 97.05, 96.95, 96.97, 95.91, 95.9, 95.82, 95.88, 95.94, 95.96, 95.8]
2025-12-24 13:05:24,887 [trainer.py] => Average Accuracy (CNN): 96.38
2025-12-24 13:05:25,362 [sec.py] => Learning on 82-84
2025-12-24 13:05:25,368 [sec.py] => All params: 87910656
2025-12-24 13:05:25,368 [sec.py] => Actual trainable params (excluding detached): 30720
2025-12-24 13:05:25,368 [sec.py] => TSP active prompts: 1 (total: 42)
2025-12-24 13:05:25,368 [sec.py] => RSP active prompts: 0 (total: 30)
2025-12-24 13:05:25,368 [sec.py] => Excluded params: head, detached prompts
2025-12-24 13:05:25,368 [sec.py] => backbone.TSP.e_p_1: 2304
2025-12-24 13:05:25,368 [sec.py] => backbone.TSP.e_k_1: 768
2025-12-24 13:05:25,368 [sec.py] => backbone.TSP.e_a_1: 768
2025-12-24 13:05:25,368 [sec.py] => backbone.TSP.e_p_2: 2304
2025-12-24 13:05:25,368 [sec.py] => backbone.TSP.e_k_2: 768
2025-12-24 13:05:25,368 [sec.py] => backbone.TSP.e_a_2: 768
2025-12-24 13:05:25,368 [sec.py] => backbone.TSP.e_p_3: 2304
2025-12-24 13:05:25,368 [sec.py] => backbone.TSP.e_k_3: 768
2025-12-24 13:05:25,368 [sec.py] => backbone.TSP.e_a_3: 768
2025-12-24 13:05:25,368 [sec.py] => backbone.TSP.e_p_4: 2304
2025-12-24 13:05:25,369 [sec.py] => backbone.TSP.e_k_4: 768
2025-12-24 13:05:25,369 [sec.py] => backbone.TSP.e_a_4: 768
2025-12-24 13:05:25,369 [sec.py] => backbone.TSP.e_p_5: 2304
2025-12-24 13:05:25,369 [sec.py] => backbone.TSP.e_k_5: 768
2025-12-24 13:05:25,369 [sec.py] => backbone.TSP.e_a_5: 768
2025-12-24 13:05:25,369 [sec.py] => backbone.TSP.e_p_6: 2304
2025-12-24 13:05:25,369 [sec.py] => backbone.TSP.e_k_6: 768
2025-12-24 13:05:25,369 [sec.py] => backbone.TSP.e_a_6: 768
2025-12-24 13:05:25,369 [sec.py] => backbone.TSP.e_p_7: 2304
2025-12-24 13:05:25,369 [sec.py] => backbone.TSP.e_k_7: 768
2025-12-24 13:05:25,369 [sec.py] => backbone.TSP.e_a_7: 768
2025-12-24 13:05:25,369 [sec.py] => backbone.TSP.e_p_8: 2304
2025-12-24 13:05:25,369 [sec.py] => backbone.TSP.e_k_8: 768
2025-12-24 13:05:25,369 [sec.py] => backbone.TSP.e_a_8: 768
2025-12-24 13:05:25,379 [sec.py] => training set size: 10, fc construct set size: 10
2025-12-24 13:06:21,486 [trainer.py] => CNN: {'total': 95.79, '00-59': 96.82, '60-61': 97.5, '62-63': 95.5, '64-65': 93.0, '66-67': 98.5, '68-69': 63.5, '70-71': 96.5, '72-73': 94.0, '74-75': 98.5, '76-77': 96.0, '78-79': 97.0, '80-81': 92.5, '82-83': 96.0, '84-85': 100.0, '86-87': 100.0, '88-89': 80.0, '90-91': 100.0, '92-93': 90.0, '94-95': 90.0, '96-97': 100.0, '98-99': 100.0, 'old': 95.78, 'new': 96.0}
2025-12-24 13:06:21,487 [trainer.py] => Top1 curve: [97.17, 97.16, 97.05, 96.95, 96.97, 95.91, 95.9, 95.82, 95.88, 95.94, 95.96, 95.8, 95.79]
2025-12-24 13:06:21,487 [trainer.py] => Average Accuracy (CNN): 96.33
2025-12-24 13:06:21,493 [sec.py] => Learning on 84-86
2025-12-24 13:06:21,500 [sec.py] => All params: 87910656
2025-12-24 13:06:21,500 [sec.py] => Actual trainable params (excluding detached): 30720
2025-12-24 13:06:21,500 [sec.py] => TSP active prompts: 1 (total: 43)
2025-12-24 13:06:21,500 [sec.py] => RSP active prompts: 0 (total: 30)
2025-12-24 13:06:21,500 [sec.py] => Excluded params: head, detached prompts
2025-12-24 13:06:21,500 [sec.py] => backbone.TSP.e_p_1: 2304
2025-12-24 13:06:21,500 [sec.py] => backbone.TSP.e_k_1: 768
2025-12-24 13:06:21,500 [sec.py] => backbone.TSP.e_a_1: 768
2025-12-24 13:06:21,500 [sec.py] => backbone.TSP.e_p_2: 2304
2025-12-24 13:06:21,501 [sec.py] => backbone.TSP.e_k_2: 768
2025-12-24 13:06:21,501 [sec.py] => backbone.TSP.e_a_2: 768
2025-12-24 13:06:21,501 [sec.py] => backbone.TSP.e_p_3: 2304
2025-12-24 13:06:21,501 [sec.py] => backbone.TSP.e_k_3: 768
2025-12-24 13:06:21,501 [sec.py] => backbone.TSP.e_a_3: 768
2025-12-24 13:06:21,501 [sec.py] => backbone.TSP.e_p_4: 2304
2025-12-24 13:06:21,501 [sec.py] => backbone.TSP.e_k_4: 768
2025-12-24 13:06:21,501 [sec.py] => backbone.TSP.e_a_4: 768
2025-12-24 13:06:21,501 [sec.py] => backbone.TSP.e_p_5: 2304
2025-12-24 13:06:21,501 [sec.py] => backbone.TSP.e_k_5: 768
2025-12-24 13:06:21,501 [sec.py] => backbone.TSP.e_a_5: 768
2025-12-24 13:06:21,501 [sec.py] => backbone.TSP.e_p_6: 2304
2025-12-24 13:06:21,501 [sec.py] => backbone.TSP.e_k_6: 768
2025-12-24 13:06:21,501 [sec.py] => backbone.TSP.e_a_6: 768
2025-12-24 13:06:21,501 [sec.py] => backbone.TSP.e_p_7: 2304
2025-12-24 13:06:21,501 [sec.py] => backbone.TSP.e_k_7: 768
2025-12-24 13:06:21,501 [sec.py] => backbone.TSP.e_a_7: 768
2025-12-24 13:06:21,501 [sec.py] => backbone.TSP.e_p_8: 2304
2025-12-24 13:06:21,501 [sec.py] => backbone.TSP.e_k_8: 768
2025-12-24 13:06:21,501 [sec.py] => backbone.TSP.e_a_8: 768
2025-12-24 13:06:21,511 [sec.py] => training set size: 10, fc construct set size: 10
2025-12-24 13:07:17,505 [trainer.py] => CNN: {'total': 95.59, '00-59': 96.6, '60-61': 97.5, '62-63': 95.0, '64-65': 93.0, '66-67': 98.5, '68-69': 65.0, '70-71': 96.5, '72-73': 94.0, '74-75': 99.0, '76-77': 96.0, '78-79': 97.0, '80-81': 92.0, '82-83': 96.0, '84-85': 93.0, '86-87': 100.0, '88-89': 70.0, '90-91': 90.0, '92-93': 90.0, '94-95': 90.0, '96-97': 100.0, '98-99': 80.0, 'old': 95.65, 'new': 93.0}
2025-12-24 13:07:17,506 [trainer.py] => Top1 curve: [97.17, 97.16, 97.05, 96.95, 96.97, 95.91, 95.9, 95.82, 95.88, 95.94, 95.96, 95.8, 95.79, 95.59]
2025-12-24 13:07:17,506 [trainer.py] => Average Accuracy (CNN): 96.28
2025-12-24 13:07:17,525 [sec.py] => Learning on 86-88
2025-12-24 13:07:17,531 [sec.py] => All params: 87910656
2025-12-24 13:07:17,531 [sec.py] => Actual trainable params (excluding detached): 30720
2025-12-24 13:07:17,531 [sec.py] => TSP active prompts: 1 (total: 44)
2025-12-24 13:07:17,532 [sec.py] => RSP active prompts: 0 (total: 30)
2025-12-24 13:07:17,532 [sec.py] => Excluded params: head, detached prompts
2025-12-24 13:07:17,532 [sec.py] => backbone.TSP.e_p_1: 2304
2025-12-24 13:07:17,532 [sec.py] => backbone.TSP.e_k_1: 768
2025-12-24 13:07:17,532 [sec.py] => backbone.TSP.e_a_1: 768
2025-12-24 13:07:17,532 [sec.py] => backbone.TSP.e_p_2: 2304
2025-12-24 13:07:17,532 [sec.py] => backbone.TSP.e_k_2: 768
2025-12-24 13:07:17,532 [sec.py] => backbone.TSP.e_a_2: 768
2025-12-24 13:07:17,532 [sec.py] => backbone.TSP.e_p_3: 2304
2025-12-24 13:07:17,532 [sec.py] => backbone.TSP.e_k_3: 768
2025-12-24 13:07:17,532 [sec.py] => backbone.TSP.e_a_3: 768
2025-12-24 13:07:17,532 [sec.py] => backbone.TSP.e_p_4: 2304
2025-12-24 13:07:17,532 [sec.py] => backbone.TSP.e_k_4: 768
2025-12-24 13:07:17,532 [sec.py] => backbone.TSP.e_a_4: 768
2025-12-24 13:07:17,532 [sec.py] => backbone.TSP.e_p_5: 2304
2025-12-24 13:07:17,532 [sec.py] => backbone.TSP.e_k_5: 768
2025-12-24 13:07:17,532 [sec.py] => backbone.TSP.e_a_5: 768
2025-12-24 13:07:17,532 [sec.py] => backbone.TSP.e_p_6: 2304
2025-12-24 13:07:17,532 [sec.py] => backbone.TSP.e_k_6: 768
2025-12-24 13:07:17,532 [sec.py] => backbone.TSP.e_a_6: 768
2025-12-24 13:07:17,532 [sec.py] => backbone.TSP.e_p_7: 2304
2025-12-24 13:07:17,532 [sec.py] => backbone.TSP.e_k_7: 768
2025-12-24 13:07:17,532 [sec.py] => backbone.TSP.e_a_7: 768
2025-12-24 13:07:17,532 [sec.py] => backbone.TSP.e_p_8: 2304
2025-12-24 13:07:17,532 [sec.py] => backbone.TSP.e_k_8: 768
2025-12-24 13:07:17,532 [sec.py] => backbone.TSP.e_a_8: 768
2025-12-24 13:07:17,541 [sec.py] => training set size: 10, fc construct set size: 10
2025-12-24 13:08:14,851 [trainer.py] => CNN: {'total': 95.53, '00-59': 96.57, '60-61': 97.5, '62-63': 95.0, '64-65': 92.5, '66-67': 98.0, '68-69': 65.5, '70-71': 96.5, '72-73': 94.5, '74-75': 99.0, '76-77': 96.0, '78-79': 97.0, '80-81': 92.0, '82-83': 96.5, '84-85': 93.0, '86-87': 93.5, '88-89': 70.0, '90-91': 90.0, '92-93': 60.0, '94-95': 100.0, '96-97': 100.0, '98-99': 100.0, 'old': 95.58, 'new': 93.5}
2025-12-24 13:08:14,852 [trainer.py] => Top1 curve: [97.17, 97.16, 97.05, 96.95, 96.97, 95.91, 95.9, 95.82, 95.88, 95.94, 95.96, 95.8, 95.79, 95.59, 95.53]
2025-12-24 13:08:14,852 [trainer.py] => Average Accuracy (CNN): 96.23
2025-12-24 13:08:14,858 [sec.py] => Learning on 88-90
2025-12-24 13:08:14,861 [sec.py] => All params: 87910656
2025-12-24 13:08:14,861 [sec.py] => Actual trainable params (excluding detached): 30720
2025-12-24 13:08:14,861 [sec.py] => TSP active prompts: 1 (total: 45)
2025-12-24 13:08:14,861 [sec.py] => RSP active prompts: 0 (total: 30)
2025-12-24 13:08:14,861 [sec.py] => Excluded params: head, detached prompts
2025-12-24 13:08:14,861 [sec.py] => backbone.TSP.e_p_1: 2304
2025-12-24 13:08:14,861 [sec.py] => backbone.TSP.e_k_1: 768
2025-12-24 13:08:14,861 [sec.py] => backbone.TSP.e_a_1: 768
2025-12-24 13:08:14,861 [sec.py] => backbone.TSP.e_p_2: 2304
2025-12-24 13:08:14,861 [sec.py] => backbone.TSP.e_k_2: 768
2025-12-24 13:08:14,861 [sec.py] => backbone.TSP.e_a_2: 768
2025-12-24 13:08:14,861 [sec.py] => backbone.TSP.e_p_3: 2304
2025-12-24 13:08:14,861 [sec.py] => backbone.TSP.e_k_3: 768
2025-12-24 13:08:14,861 [sec.py] => backbone.TSP.e_a_3: 768
2025-12-24 13:08:14,861 [sec.py] => backbone.TSP.e_p_4: 2304
2025-12-24 13:08:14,861 [sec.py] => backbone.TSP.e_k_4: 768
2025-12-24 13:08:14,861 [sec.py] => backbone.TSP.e_a_4: 768
2025-12-24 13:08:14,861 [sec.py] => backbone.TSP.e_p_5: 2304
2025-12-24 13:08:14,861 [sec.py] => backbone.TSP.e_k_5: 768
2025-12-24 13:08:14,861 [sec.py] => backbone.TSP.e_a_5: 768
2025-12-24 13:08:14,861 [sec.py] => backbone.TSP.e_p_6: 2304
2025-12-24 13:08:14,861 [sec.py] => backbone.TSP.e_k_6: 768
2025-12-24 13:08:14,862 [sec.py] => backbone.TSP.e_a_6: 768
2025-12-24 13:08:14,862 [sec.py] => backbone.TSP.e_p_7: 2304
2025-12-24 13:08:14,862 [sec.py] => backbone.TSP.e_k_7: 768
2025-12-24 13:08:14,862 [sec.py] => backbone.TSP.e_a_7: 768
2025-12-24 13:08:14,862 [sec.py] => backbone.TSP.e_p_8: 2304
2025-12-24 13:08:14,862 [sec.py] => backbone.TSP.e_k_8: 768
2025-12-24 13:08:14,862 [sec.py] => backbone.TSP.e_a_8: 768
2025-12-24 13:08:14,883 [sec.py] => training set size: 10, fc construct set size: 10
2025-12-24 13:09:22,875 [trainer.py] => CNN: {'total': 95.04, '00-59': 96.32, '60-61': 97.5, '62-63': 95.0, '64-65': 91.5, '66-67': 97.5, '68-69': 65.5, '70-71': 97.0, '72-73': 94.5, '74-75': 99.0, '76-77': 96.5, '78-79': 96.5, '80-81': 92.0, '82-83': 96.5, '84-85': 93.0, '86-87': 93.5, '88-89': 82.0, '90-91': 100.0, '92-93': 100.0, '94-95': 100.0, '96-97': 100.0, '98-99': 100.0, 'old': 95.34, 'new': 82.0}
2025-12-24 13:09:22,875 [trainer.py] => Top1 curve: [97.17, 97.16, 97.05, 96.95, 96.97, 95.91, 95.9, 95.82, 95.88, 95.94, 95.96, 95.8, 95.79, 95.59, 95.53, 95.04]
2025-12-24 13:09:22,875 [trainer.py] => Average Accuracy (CNN): 96.15
2025-12-24 13:09:22,882 [sec.py] => Learning on 90-92
2025-12-24 13:09:22,888 [sec.py] => All params: 87910656
2025-12-24 13:09:22,888 [sec.py] => Actual trainable params (excluding detached): 30720
2025-12-24 13:09:22,888 [sec.py] => TSP active prompts: 1 (total: 46)
2025-12-24 13:09:22,888 [sec.py] => RSP active prompts: 0 (total: 30)
2025-12-24 13:09:22,888 [sec.py] => Excluded params: head, detached prompts
2025-12-24 13:09:22,888 [sec.py] => backbone.TSP.e_p_1: 2304
2025-12-24 13:09:22,888 [sec.py] => backbone.TSP.e_k_1: 768
2025-12-24 13:09:22,888 [sec.py] => backbone.TSP.e_a_1: 768
2025-12-24 13:09:22,888 [sec.py] => backbone.TSP.e_p_2: 2304
2025-12-24 13:09:22,888 [sec.py] => backbone.TSP.e_k_2: 768
2025-12-24 13:09:22,888 [sec.py] => backbone.TSP.e_a_2: 768
2025-12-24 13:09:22,888 [sec.py] => backbone.TSP.e_p_3: 2304
2025-12-24 13:09:22,888 [sec.py] => backbone.TSP.e_k_3: 768
2025-12-24 13:09:22,888 [sec.py] => backbone.TSP.e_a_3: 768
2025-12-24 13:09:22,888 [sec.py] => backbone.TSP.e_p_4: 2304
2025-12-24 13:09:22,888 [sec.py] => backbone.TSP.e_k_4: 768
2025-12-24 13:09:22,888 [sec.py] => backbone.TSP.e_a_4: 768
2025-12-24 13:09:22,888 [sec.py] => backbone.TSP.e_p_5: 2304
2025-12-24 13:09:22,888 [sec.py] => backbone.TSP.e_k_5: 768
2025-12-24 13:09:22,888 [sec.py] => backbone.TSP.e_a_5: 768
2025-12-24 13:09:22,889 [sec.py] => backbone.TSP.e_p_6: 2304
2025-12-24 13:09:22,889 [sec.py] => backbone.TSP.e_k_6: 768
2025-12-24 13:09:22,889 [sec.py] => backbone.TSP.e_a_6: 768
2025-12-24 13:09:22,889 [sec.py] => backbone.TSP.e_p_7: 2304
2025-12-24 13:09:22,889 [sec.py] => backbone.TSP.e_k_7: 768
2025-12-24 13:09:22,889 [sec.py] => backbone.TSP.e_a_7: 768
2025-12-24 13:09:22,889 [sec.py] => backbone.TSP.e_p_8: 2304
2025-12-24 13:09:22,889 [sec.py] => backbone.TSP.e_k_8: 768
2025-12-24 13:09:22,889 [sec.py] => backbone.TSP.e_a_8: 768
2025-12-24 13:09:22,897 [sec.py] => training set size: 10, fc construct set size: 10
2025-12-24 13:10:19,159 [trainer.py] => CNN: {'total': 95.03, '00-59': 96.23, '60-61': 97.5, '62-63': 95.0, '64-65': 91.5, '66-67': 97.5, '68-69': 65.5, '70-71': 97.0, '72-73': 94.5, '74-75': 99.0, '76-77': 96.5, '78-79': 96.5, '80-81': 92.0, '82-83': 96.5, '84-85': 90.5, '86-87': 93.5, '88-89': 82.5, '90-91': 99.0, '92-93': 100.0, '94-95': 80.0, '96-97': 90.0, '98-99': 100.0, 'old': 94.94, 'new': 99.0}
2025-12-24 13:10:19,159 [trainer.py] => Top1 curve: [97.17, 97.16, 97.05, 96.95, 96.97, 95.91, 95.9, 95.82, 95.88, 95.94, 95.96, 95.8, 95.79, 95.59, 95.53, 95.04, 95.03]
2025-12-24 13:10:19,159 [trainer.py] => Average Accuracy (CNN): 96.09
2025-12-24 13:10:19,165 [sec.py] => Learning on 92-94
2025-12-24 13:10:19,177 [sec.py] => All params: 87910656
2025-12-24 13:10:19,177 [sec.py] => Actual trainable params (excluding detached): 30720
2025-12-24 13:10:19,177 [sec.py] => TSP active prompts: 1 (total: 47)
2025-12-24 13:10:19,177 [sec.py] => RSP active prompts: 0 (total: 30)
2025-12-24 13:10:19,177 [sec.py] => Excluded params: head, detached prompts
2025-12-24 13:10:19,177 [sec.py] => backbone.TSP.e_p_1: 2304
2025-12-24 13:10:19,177 [sec.py] => backbone.TSP.e_k_1: 768
2025-12-24 13:10:19,177 [sec.py] => backbone.TSP.e_a_1: 768
2025-12-24 13:10:19,177 [sec.py] => backbone.TSP.e_p_2: 2304
2025-12-24 13:10:19,177 [sec.py] => backbone.TSP.e_k_2: 768
2025-12-24 13:10:19,177 [sec.py] => backbone.TSP.e_a_2: 768
2025-12-24 13:10:19,177 [sec.py] => backbone.TSP.e_p_3: 2304
2025-12-24 13:10:19,177 [sec.py] => backbone.TSP.e_k_3: 768
2025-12-24 13:10:19,177 [sec.py] => backbone.TSP.e_a_3: 768
2025-12-24 13:10:19,177 [sec.py] => backbone.TSP.e_p_4: 2304
2025-12-24 13:10:19,177 [sec.py] => backbone.TSP.e_k_4: 768
2025-12-24 13:10:19,177 [sec.py] => backbone.TSP.e_a_4: 768
2025-12-24 13:10:19,177 [sec.py] => backbone.TSP.e_p_5: 2304
2025-12-24 13:10:19,177 [sec.py] => backbone.TSP.e_k_5: 768
2025-12-24 13:10:19,177 [sec.py] => backbone.TSP.e_a_5: 768
2025-12-24 13:10:19,177 [sec.py] => backbone.TSP.e_p_6: 2304
2025-12-24 13:10:19,178 [sec.py] => backbone.TSP.e_k_6: 768
2025-12-24 13:10:19,178 [sec.py] => backbone.TSP.e_a_6: 768
2025-12-24 13:10:19,178 [sec.py] => backbone.TSP.e_p_7: 2304
2025-12-24 13:10:19,178 [sec.py] => backbone.TSP.e_k_7: 768
2025-12-24 13:10:19,178 [sec.py] => backbone.TSP.e_a_7: 768
2025-12-24 13:10:19,178 [sec.py] => backbone.TSP.e_p_8: 2304
2025-12-24 13:10:19,178 [sec.py] => backbone.TSP.e_k_8: 768
2025-12-24 13:10:19,178 [sec.py] => backbone.TSP.e_a_8: 768
2025-12-24 13:10:19,198 [sec.py] => training set size: 10, fc construct set size: 10
2025-12-24 13:11:30,957 [trainer.py] => CNN: {'total': 95.05, '00-59': 96.22, '60-61': 97.5, '62-63': 95.0, '64-65': 90.5, '66-67': 97.5, '68-69': 66.0, '70-71': 97.0, '72-73': 94.5, '74-75': 98.5, '76-77': 96.5, '78-79': 97.0, '80-81': 92.0, '82-83': 96.5, '84-85': 91.0, '86-87': 94.0, '88-89': 81.0, '90-91': 99.0, '92-93': 97.5, '94-95': 90.0, '96-97': 90.0, '98-99': 90.0, 'old': 95.0, 'new': 97.5}
2025-12-24 13:11:30,961 [trainer.py] => Top1 curve: [97.17, 97.16, 97.05, 96.95, 96.97, 95.91, 95.9, 95.82, 95.88, 95.94, 95.96, 95.8, 95.79, 95.59, 95.53, 95.04, 95.03, 95.05]
2025-12-24 13:11:30,961 [trainer.py] => Average Accuracy (CNN): 96.03
2025-12-24 13:11:30,967 [sec.py] => Learning on 94-96
2025-12-24 13:11:30,973 [sec.py] => All params: 87910656
2025-12-24 13:11:30,973 [sec.py] => Actual trainable params (excluding detached): 30720
2025-12-24 13:11:30,973 [sec.py] => TSP active prompts: 1 (total: 48)
2025-12-24 13:11:30,973 [sec.py] => RSP active prompts: 0 (total: 30)
2025-12-24 13:11:30,973 [sec.py] => Excluded params: head, detached prompts
2025-12-24 13:11:30,973 [sec.py] => backbone.TSP.e_p_1: 2304
2025-12-24 13:11:30,973 [sec.py] => backbone.TSP.e_k_1: 768
2025-12-24 13:11:30,973 [sec.py] => backbone.TSP.e_a_1: 768
2025-12-24 13:11:30,973 [sec.py] => backbone.TSP.e_p_2: 2304
2025-12-24 13:11:30,973 [sec.py] => backbone.TSP.e_k_2: 768
2025-12-24 13:11:30,973 [sec.py] => backbone.TSP.e_a_2: 768
2025-12-24 13:11:30,973 [sec.py] => backbone.TSP.e_p_3: 2304
2025-12-24 13:11:30,973 [sec.py] => backbone.TSP.e_k_3: 768
2025-12-24 13:11:30,974 [sec.py] => backbone.TSP.e_a_3: 768
2025-12-24 13:11:30,974 [sec.py] => backbone.TSP.e_p_4: 2304
2025-12-24 13:11:30,974 [sec.py] => backbone.TSP.e_k_4: 768
2025-12-24 13:11:30,974 [sec.py] => backbone.TSP.e_a_4: 768
2025-12-24 13:11:30,974 [sec.py] => backbone.TSP.e_p_5: 2304
2025-12-24 13:11:30,974 [sec.py] => backbone.TSP.e_k_5: 768
2025-12-24 13:11:30,974 [sec.py] => backbone.TSP.e_a_5: 768
2025-12-24 13:11:30,974 [sec.py] => backbone.TSP.e_p_6: 2304
2025-12-24 13:11:30,974 [sec.py] => backbone.TSP.e_k_6: 768
2025-12-24 13:11:30,974 [sec.py] => backbone.TSP.e_a_6: 768
2025-12-24 13:11:30,974 [sec.py] => backbone.TSP.e_p_7: 2304
2025-12-24 13:11:30,974 [sec.py] => backbone.TSP.e_k_7: 768
2025-12-24 13:11:30,974 [sec.py] => backbone.TSP.e_a_7: 768
2025-12-24 13:11:30,974 [sec.py] => backbone.TSP.e_p_8: 2304
2025-12-24 13:11:30,974 [sec.py] => backbone.TSP.e_k_8: 768
2025-12-24 13:11:30,974 [sec.py] => backbone.TSP.e_a_8: 768
2025-12-24 13:11:30,993 [sec.py] => training set size: 10, fc construct set size: 10
2025-12-24 13:12:32,211 [trainer.py] => CNN: {'total': 95.14, '00-59': 96.15, '60-61': 97.5, '62-63': 95.0, '64-65': 90.5, '66-67': 97.5, '68-69': 66.5, '70-71': 97.0, '72-73': 94.5, '74-75': 98.5, '76-77': 96.5, '78-79': 97.0, '80-81': 92.5, '82-83': 96.5, '84-85': 91.0, '86-87': 94.5, '88-89': 83.0, '90-91': 99.5, '92-93': 97.5, '94-95': 97.0, '96-97': 100.0, '98-99': 90.0, 'old': 95.1, 'new': 97.0}
2025-12-24 13:12:32,211 [trainer.py] => Top1 curve: [97.17, 97.16, 97.05, 96.95, 96.97, 95.91, 95.9, 95.82, 95.88, 95.94, 95.96, 95.8, 95.79, 95.59, 95.53, 95.04, 95.03, 95.05, 95.14]
2025-12-24 13:12:32,211 [trainer.py] => Average Accuracy (CNN): 95.98
2025-12-24 13:12:32,223 [sec.py] => Learning on 96-98
2025-12-24 13:12:32,243 [sec.py] => All params: 87910656
2025-12-24 13:12:32,243 [sec.py] => Actual trainable params (excluding detached): 30720
2025-12-24 13:12:32,243 [sec.py] => TSP active prompts: 1 (total: 49)
2025-12-24 13:12:32,243 [sec.py] => RSP active prompts: 0 (total: 30)
2025-12-24 13:12:32,243 [sec.py] => Excluded params: head, detached prompts
2025-12-24 13:12:32,244 [sec.py] => backbone.TSP.e_p_1: 2304
2025-12-24 13:12:32,244 [sec.py] => backbone.TSP.e_k_1: 768
2025-12-24 13:12:32,244 [sec.py] => backbone.TSP.e_a_1: 768
2025-12-24 13:12:32,244 [sec.py] => backbone.TSP.e_p_2: 2304
2025-12-24 13:12:32,244 [sec.py] => backbone.TSP.e_k_2: 768
2025-12-24 13:12:32,244 [sec.py] => backbone.TSP.e_a_2: 768
2025-12-24 13:12:32,244 [sec.py] => backbone.TSP.e_p_3: 2304
2025-12-24 13:12:32,244 [sec.py] => backbone.TSP.e_k_3: 768
2025-12-24 13:12:32,244 [sec.py] => backbone.TSP.e_a_3: 768
2025-12-24 13:12:32,244 [sec.py] => backbone.TSP.e_p_4: 2304
2025-12-24 13:12:32,244 [sec.py] => backbone.TSP.e_k_4: 768
2025-12-24 13:12:32,244 [sec.py] => backbone.TSP.e_a_4: 768
2025-12-24 13:12:32,244 [sec.py] => backbone.TSP.e_p_5: 2304
2025-12-24 13:12:32,244 [sec.py] => backbone.TSP.e_k_5: 768
2025-12-24 13:12:32,244 [sec.py] => backbone.TSP.e_a_5: 768
2025-12-24 13:12:32,244 [sec.py] => backbone.TSP.e_p_6: 2304
2025-12-24 13:12:32,244 [sec.py] => backbone.TSP.e_k_6: 768
2025-12-24 13:12:32,244 [sec.py] => backbone.TSP.e_a_6: 768
2025-12-24 13:12:32,244 [sec.py] => backbone.TSP.e_p_7: 2304
2025-12-24 13:12:32,244 [sec.py] => backbone.TSP.e_k_7: 768
2025-12-24 13:12:32,244 [sec.py] => backbone.TSP.e_a_7: 768
2025-12-24 13:12:32,244 [sec.py] => backbone.TSP.e_p_8: 2304
2025-12-24 13:12:32,244 [sec.py] => backbone.TSP.e_k_8: 768
2025-12-24 13:12:32,244 [sec.py] => backbone.TSP.e_a_8: 768
2025-12-24 13:12:32,251 [sec.py] => training set size: 10, fc construct set size: 10
2025-12-24 13:13:33,697 [trainer.py] => CNN: {'total': 95.05, '00-59': 96.0, '60-61': 97.5, '62-63': 95.0, '64-65': 90.5, '66-67': 97.5, '68-69': 66.5, '70-71': 97.0, '72-73': 94.5, '74-75': 99.0, '76-77': 95.5, '78-79': 97.0, '80-81': 92.5, '82-83': 96.5, '84-85': 91.0, '86-87': 95.0, '88-89': 82.0, '90-91': 99.5, '92-93': 97.5, '94-95': 97.0, '96-97': 96.5, '98-99': 100.0, 'old': 95.02, 'new': 96.5}
2025-12-24 13:13:33,697 [trainer.py] => Top1 curve: [97.17, 97.16, 97.05, 96.95, 96.97, 95.91, 95.9, 95.82, 95.88, 95.94, 95.96, 95.8, 95.79, 95.59, 95.53, 95.04, 95.03, 95.05, 95.14, 95.05]
2025-12-24 13:13:33,698 [trainer.py] => Average Accuracy (CNN): 95.94
2025-12-24 13:13:34,225 [sec.py] => Learning on 98-100
2025-12-24 13:13:34,232 [sec.py] => All params: 87910656
2025-12-24 13:13:34,232 [sec.py] => Actual trainable params (excluding detached): 30720
2025-12-24 13:13:34,232 [sec.py] => TSP active prompts: 1 (total: 50)
2025-12-24 13:13:34,232 [sec.py] => RSP active prompts: 0 (total: 30)
2025-12-24 13:13:34,232 [sec.py] => Excluded params: head, detached prompts
2025-12-24 13:13:34,232 [sec.py] => backbone.TSP.e_p_1: 2304
2025-12-24 13:13:34,232 [sec.py] => backbone.TSP.e_k_1: 768
2025-12-24 13:13:34,232 [sec.py] => backbone.TSP.e_a_1: 768
2025-12-24 13:13:34,232 [sec.py] => backbone.TSP.e_p_2: 2304
2025-12-24 13:13:34,232 [sec.py] => backbone.TSP.e_k_2: 768
2025-12-24 13:13:34,232 [sec.py] => backbone.TSP.e_a_2: 768
2025-12-24 13:13:34,232 [sec.py] => backbone.TSP.e_p_3: 2304
2025-12-24 13:13:34,232 [sec.py] => backbone.TSP.e_k_3: 768
2025-12-24 13:13:34,232 [sec.py] => backbone.TSP.e_a_3: 768
2025-12-24 13:13:34,233 [sec.py] => backbone.TSP.e_p_4: 2304
2025-12-24 13:13:34,233 [sec.py] => backbone.TSP.e_k_4: 768
2025-12-24 13:13:34,233 [sec.py] => backbone.TSP.e_a_4: 768
2025-12-24 13:13:34,233 [sec.py] => backbone.TSP.e_p_5: 2304
2025-12-24 13:13:34,233 [sec.py] => backbone.TSP.e_k_5: 768
2025-12-24 13:13:34,233 [sec.py] => backbone.TSP.e_a_5: 768
2025-12-24 13:13:34,233 [sec.py] => backbone.TSP.e_p_6: 2304
2025-12-24 13:13:34,233 [sec.py] => backbone.TSP.e_k_6: 768
2025-12-24 13:13:34,233 [sec.py] => backbone.TSP.e_a_6: 768
2025-12-24 13:13:34,233 [sec.py] => backbone.TSP.e_p_7: 2304
2025-12-24 13:13:34,233 [sec.py] => backbone.TSP.e_k_7: 768
2025-12-24 13:13:34,233 [sec.py] => backbone.TSP.e_a_7: 768
2025-12-24 13:13:34,233 [sec.py] => backbone.TSP.e_p_8: 2304
2025-12-24 13:13:34,233 [sec.py] => backbone.TSP.e_k_8: 768
2025-12-24 13:13:34,233 [sec.py] => backbone.TSP.e_a_8: 768
2025-12-24 13:13:34,239 [sec.py] => training set size: 10, fc construct set size: 10
2025-12-24 13:14:35,154 [trainer.py] => CNN: {'total': 95.08, '00-59': 95.98, '60-61': 97.5, '62-63': 95.0, '64-65': 90.0, '66-67': 97.5, '68-69': 66.5, '70-71': 97.0, '72-73': 94.5, '74-75': 99.0, '76-77': 95.5, '78-79': 97.0, '80-81': 92.5, '82-83': 96.5, '84-85': 91.0, '86-87': 95.0, '88-89': 82.0, '90-91': 99.5, '92-93': 97.5, '94-95': 97.0, '96-97': 96.5, '98-99': 97.5, 'old': 95.03, 'new': 97.5}
2025-12-24 13:14:35,154 [trainer.py] => Top1 curve: [97.17, 97.16, 97.05, 96.95, 96.97, 95.91, 95.9, 95.82, 95.88, 95.94, 95.96, 95.8, 95.79, 95.59, 95.53, 95.04, 95.03, 95.05, 95.14, 95.05, 95.08]
2025-12-24 13:14:35,154 [trainer.py] => Average Accuracy (CNN): 95.90

================================================================================
Finished mini_imagenet_init60_inc2: pretrained_vit_b16_224_vpt  
Base Accuracy: 97.17
Last Accuracy: 95.08
Average Accuracy (Top1): 95.9
PD: 2.09
Backward Transfer (BWT): 0.17
Traceback (most recent call last):
  File "/public/home/hanlida/Dr.1/Code/Research/Awesome-FSCIL/SEC-Prompt-main/main.py", line 29, in <module>
    main()
  File "/public/home/hanlida/Dr.1/Code/Research/Awesome-FSCIL/SEC-Prompt-main/main.py", line 11, in main
    train(args)
  File "/public/home/hanlida/Dr.1/Code/Research/Awesome-FSCIL/SEC-Prompt-main/trainer.py", line 21, in train
    _train(args)
  File "/public/home/hanlida/Dr.1/Code/Research/Awesome-FSCIL/SEC-Prompt-main/trainer.py", line 201, in _train
    print("Forward Transfer (FWT):", forward_transfer(args["dataset"], np.array(cnn_matrix)))
  File "/public/home/hanlida/Dr.1/Code/Research/Awesome-FSCIL/SEC-Prompt-main/trainer.py", line 347, in forward_transfer
    fwt_diffs = fwt_accs - rand_init_acc_for_fwt
ValueError: operands could not be broadcast together with shapes (20,) (8,) 
