nohup: ignoring input
2026-01-11 15:36:56,564 [trainer.py] => config: ./configs/SEC-Prompt_cub_B100_Inc5.json
2026-01-11 15:36:56,582 [trainer.py] => lamda: 0.5
2026-01-11 15:36:56,582 [trainer.py] => aug: 2
2026-01-11 15:36:56,582 [trainer.py] => prompt_token_num: 6
2026-01-11 15:36:56,582 [trainer.py] => prompt_pool_num: 0.5
2026-01-11 15:36:56,582 [trainer.py] => model_name: sec
2026-01-11 15:36:56,582 [trainer.py] => backbone_type: pretrained_vit_b16_224_vpt
2026-01-11 15:36:56,582 [trainer.py] => device: [device(type='cuda', index=3)]
2026-01-11 15:36:56,582 [trainer.py] => seed: 1993
2026-01-11 15:36:56,582 [trainer.py] => dataset: cub
2026-01-11 15:36:56,582 [trainer.py] => init_cls: 100
2026-01-11 15:36:56,582 [trainer.py] => increment: 5
2026-01-11 15:36:56,582 [trainer.py] => kshot: 5
2026-01-11 15:36:56,582 [trainer.py] => vpt_type: Deep
2026-01-11 15:36:56,582 [trainer.py] => kl_weight: 0.001
2026-01-11 15:36:56,582 [trainer.py] => tuned_epoch: 30
2026-01-11 15:36:56,582 [trainer.py] => fs_epoch: 10
2026-01-11 15:36:56,582 [trainer.py] => init_lr: 0.01
2026-01-11 15:36:56,582 [trainer.py] => fs_lr: 0.001
2026-01-11 15:36:56,582 [trainer.py] => batch_size: 32
2026-01-11 15:36:56,582 [trainer.py] => fs_batch_size: 16
2026-01-11 15:36:56,582 [trainer.py] => weight_decay: 0.005
2026-01-11 15:36:56,582 [trainer.py] => min_lr: 0
2026-01-11 15:36:56,583 [trainer.py] => optimizer: sgd
2026-01-11 15:36:56,583 [trainer.py] => shuffle: False
2026-01-11 15:36:56,583 [trainer.py] => top_k: 5
2026-01-11 15:36:56,583 [trainer.py] => base_model_path: saved_model/sec_tr/cub/30_0.01/6_0.5/sec_30_1993_32.pth
2026-01-11 15:36:56,583 [trainer.py] => prefix: sec
2026-01-11 15:36:56,583 [trainer.py] => model_prefix: sec
2026-01-11 15:36:56,583 [trainer.py] => beta: 0.5
2026-01-11 15:36:56,583 [trainer.py] => memory_size: 0
2026-01-11 15:36:56,583 [trainer.py] => memory_per_class: 0
2026-01-11 15:36:56,583 [trainer.py] => fixed_memory: False
2026-01-11 15:36:56,803 [data_manager.py] => [0, 1, 2, 3, 4, 5, 6, 7, 8, 9, 10, 11, 12, 13, 14, 15, 16, 17, 18, 19, 20, 21, 22, 23, 24, 25, 26, 27, 28, 29, 30, 31, 32, 33, 34, 35, 36, 37, 38, 39, 40, 41, 42, 43, 44, 45, 46, 47, 48, 49, 50, 51, 52, 53, 54, 55, 56, 57, 58, 59, 60, 61, 62, 63, 64, 65, 66, 67, 68, 69, 70, 71, 72, 73, 74, 75, 76, 77, 78, 79, 80, 81, 82, 83, 84, 85, 86, 87, 88, 89, 90, 91, 92, 93, 94, 95, 96, 97, 98, 99, 100, 101, 102, 103, 104, 105, 106, 107, 108, 109, 110, 111, 112, 113, 114, 115, 116, 117, 118, 119, 120, 121, 122, 123, 124, 125, 126, 127, 128, 129, 130, 131, 132, 133, 134, 135, 136, 137, 138, 139, 140, 141, 142, 143, 144, 145, 146, 147, 148, 149, 150, 151, 152, 153, 154, 155, 156, 157, 158, 159, 160, 161, 162, 163, 164, 165, 166, 167, 168, 169, 170, 171, 172, 173, 174, 175, 176, 177, 178, 179, 180, 181, 182, 183, 184, 185, 186, 187, 188, 189, 190, 191, 192, 193, 194, 195, 196, 197, 198, 199]
This is for the BaseNet initialization.
modelname, pretrained_vit_b16_224_vpt basicmodelname vit_base_patch16_224
Using VPT model
Using Deep Prompt
After BaseNet initialization.
2026-01-11 15:37:15,609 [sec.py] => Learning on 0-100
2026-01-11 15:37:15,989 [sec.py] => All params: 87949056
2026-01-11 15:37:15,989 [sec.py] => Actual trainable params (excluding detached): 1536000
2026-01-11 15:37:15,989 [sec.py] => TSP active prompts: 50 (total: 50)
2026-01-11 15:37:15,989 [sec.py] => RSP active prompts: 50 (total: 50)
2026-01-11 15:37:15,989 [sec.py] => Excluded params: head, detached prompts
2026-01-11 15:37:15,989 [sec.py] => backbone.TSP.e_p_1: 115200
2026-01-11 15:37:15,990 [sec.py] => backbone.TSP.e_k_1: 38400
2026-01-11 15:37:15,990 [sec.py] => backbone.TSP.e_a_1: 38400
2026-01-11 15:37:15,990 [sec.py] => backbone.TSP.e_p_2: 115200
2026-01-11 15:37:15,990 [sec.py] => backbone.TSP.e_k_2: 38400
2026-01-11 15:37:15,990 [sec.py] => backbone.TSP.e_a_2: 38400
2026-01-11 15:37:15,990 [sec.py] => backbone.TSP.e_p_3: 115200
2026-01-11 15:37:15,990 [sec.py] => backbone.TSP.e_k_3: 38400
2026-01-11 15:37:15,990 [sec.py] => backbone.TSP.e_a_3: 38400
2026-01-11 15:37:15,990 [sec.py] => backbone.TSP.e_p_4: 115200
2026-01-11 15:37:15,990 [sec.py] => backbone.TSP.e_k_4: 38400
2026-01-11 15:37:15,990 [sec.py] => backbone.TSP.e_a_4: 38400
2026-01-11 15:37:15,990 [sec.py] => backbone.RSP.e_p_1: 115200
2026-01-11 15:37:15,990 [sec.py] => backbone.RSP.e_k_1: 38400
2026-01-11 15:37:15,990 [sec.py] => backbone.RSP.e_a_1: 38400
2026-01-11 15:37:15,990 [sec.py] => backbone.RSP.e_p_2: 115200
2026-01-11 15:37:15,990 [sec.py] => backbone.RSP.e_k_2: 38400
2026-01-11 15:37:15,990 [sec.py] => backbone.RSP.e_a_2: 38400
2026-01-11 15:37:15,990 [sec.py] => backbone.RSP.e_p_3: 115200
2026-01-11 15:37:15,990 [sec.py] => backbone.RSP.e_k_3: 38400
2026-01-11 15:37:15,990 [sec.py] => backbone.RSP.e_a_3: 38400
2026-01-11 15:37:15,990 [sec.py] => backbone.RSP.e_p_4: 115200
2026-01-11 15:37:15,990 [sec.py] => backbone.RSP.e_k_4: 38400
2026-01-11 15:37:15,990 [sec.py] => backbone.RSP.e_a_4: 38400
2026-01-11 15:37:16,003 [sec.py] => training set size: 4693, fc construct set size: 4693
/public/home/hanlida/Dr.1/Code/Research/Awesome-FSCIL/SEC-Prompt-main/backbone/zoo.py:214: UserWarning: Implicit dimension choice for softmax has been deprecated. Change the call to include dim=X as an argument.
  aq_k = torch.nn.functional.softmax(aq_k)
2026-01-11 16:17:46,818 [trainer.py] => CNN: {'total': 87.7, '00-99': 87.7, '100-104': 92.0, '105-109': 84.0, '110-114': 88.0, '115-119': 80.0, '120-124': 80.0, '125-129': 76.0, '130-134': 72.0, '135-139': 88.0, '140-144': 88.0, '145-149': 92.0, '150-154': 72.0, '155-159': 76.0, '160-164': 80.0, '165-169': 76.0, '170-174': 80.0, '175-179': 80.0, '180-184': 80.0, '185-189': 80.0, '190-194': 92.0, '195-199': 80.0, 'old': 0, 'new': 87.7}
2026-01-11 16:17:46,869 [trainer.py] => Top1 curve: [87.7]
2026-01-11 16:17:46,869 [trainer.py] => Average Accuracy (CNN): 87.70
2026-01-11 16:17:46,875 [sec.py] => Learning on 100-105
2026-01-11 16:17:46,887 [sec.py] => All params: 87949056
2026-01-11 16:17:46,887 [sec.py] => Actual trainable params (excluding detached): 30720
2026-01-11 16:17:46,887 [sec.py] => TSP active prompts: 2 (total: 52)
2026-01-11 16:17:46,887 [sec.py] => RSP active prompts: 0 (total: 50)
2026-01-11 16:17:46,887 [sec.py] => Excluded params: head, detached prompts
2026-01-11 16:17:46,887 [sec.py] => backbone.TSP.e_p_1: 4608
2026-01-11 16:17:46,887 [sec.py] => backbone.TSP.e_k_1: 1536
2026-01-11 16:17:46,887 [sec.py] => backbone.TSP.e_a_1: 1536
2026-01-11 16:17:46,887 [sec.py] => backbone.TSP.e_p_2: 4608
2026-01-11 16:17:46,887 [sec.py] => backbone.TSP.e_k_2: 1536
2026-01-11 16:17:46,887 [sec.py] => backbone.TSP.e_a_2: 1536
2026-01-11 16:17:46,887 [sec.py] => backbone.TSP.e_p_3: 4608
2026-01-11 16:17:46,887 [sec.py] => backbone.TSP.e_k_3: 1536
2026-01-11 16:17:46,887 [sec.py] => backbone.TSP.e_a_3: 1536
2026-01-11 16:17:46,887 [sec.py] => backbone.TSP.e_p_4: 4608
2026-01-11 16:17:46,888 [sec.py] => backbone.TSP.e_k_4: 1536
2026-01-11 16:17:46,888 [sec.py] => backbone.TSP.e_a_4: 1536
2026-01-11 16:17:46,894 [sec.py] => training set size: 25, fc construct set size: 25
2026-01-11 16:18:20,141 [trainer.py] => CNN: {'total': 87.27, '00-99': 87.45, '100-104': 82.98, '105-109': 92.0, '110-114': 84.0, '115-119': 68.0, '120-124': 88.0, '125-129': 72.0, '130-134': 72.0, '135-139': 72.0, '140-144': 76.0, '145-149': 72.0, '150-154': 76.0, '155-159': 80.0, '160-164': 80.0, '165-169': 80.0, '170-174': 96.0, '175-179': 76.0, '180-184': 88.0, '185-189': 84.0, '190-194': 84.0, '195-199': 84.0, 'old': 87.45, 'new': 82.98}
2026-01-11 16:18:20,142 [trainer.py] => Top1 curve: [87.7, 87.27]
2026-01-11 16:18:20,142 [trainer.py] => Average Accuracy (CNN): 87.48
2026-01-11 16:18:20,147 [sec.py] => Learning on 105-110
2026-01-11 16:18:20,156 [sec.py] => All params: 87949056
2026-01-11 16:18:20,156 [sec.py] => Actual trainable params (excluding detached): 30720
2026-01-11 16:18:20,156 [sec.py] => TSP active prompts: 2 (total: 54)
2026-01-11 16:18:20,156 [sec.py] => RSP active prompts: 0 (total: 50)
2026-01-11 16:18:20,156 [sec.py] => Excluded params: head, detached prompts
2026-01-11 16:18:20,156 [sec.py] => backbone.TSP.e_p_1: 4608
2026-01-11 16:18:20,157 [sec.py] => backbone.TSP.e_k_1: 1536
2026-01-11 16:18:20,157 [sec.py] => backbone.TSP.e_a_1: 1536
2026-01-11 16:18:20,157 [sec.py] => backbone.TSP.e_p_2: 4608
2026-01-11 16:18:20,157 [sec.py] => backbone.TSP.e_k_2: 1536
2026-01-11 16:18:20,157 [sec.py] => backbone.TSP.e_a_2: 1536
2026-01-11 16:18:20,157 [sec.py] => backbone.TSP.e_p_3: 4608
2026-01-11 16:18:20,157 [sec.py] => backbone.TSP.e_k_3: 1536
2026-01-11 16:18:20,157 [sec.py] => backbone.TSP.e_a_3: 1536
2026-01-11 16:18:20,157 [sec.py] => backbone.TSP.e_p_4: 4608
2026-01-11 16:18:20,157 [sec.py] => backbone.TSP.e_k_4: 1536
2026-01-11 16:18:20,157 [sec.py] => backbone.TSP.e_a_4: 1536
2026-01-11 16:18:20,164 [sec.py] => training set size: 25, fc construct set size: 25
2026-01-11 16:18:53,138 [trainer.py] => CNN: {'total': 86.61, '00-99': 87.28, '100-104': 82.98, '105-109': 75.0, '110-114': 72.0, '115-119': 80.0, '120-124': 76.0, '125-129': 68.0, '130-134': 64.0, '135-139': 84.0, '140-144': 80.0, '145-149': 84.0, '150-154': 92.0, '155-159': 72.0, '160-164': 80.0, '165-169': 76.0, '170-174': 96.0, '175-179': 92.0, '180-184': 96.0, '185-189': 96.0, '190-194': 84.0, '195-199': 80.0, 'old': 87.11, 'new': 75.0}
2026-01-11 16:18:53,139 [trainer.py] => Top1 curve: [87.7, 87.27, 86.61]
2026-01-11 16:18:53,139 [trainer.py] => Average Accuracy (CNN): 87.19
2026-01-11 16:18:53,145 [sec.py] => Learning on 110-115
2026-01-11 16:18:53,153 [sec.py] => All params: 87949056
2026-01-11 16:18:53,153 [sec.py] => Actual trainable params (excluding detached): 30720
2026-01-11 16:18:53,153 [sec.py] => TSP active prompts: 2 (total: 56)
2026-01-11 16:18:53,153 [sec.py] => RSP active prompts: 0 (total: 50)
2026-01-11 16:18:53,153 [sec.py] => Excluded params: head, detached prompts
2026-01-11 16:18:53,153 [sec.py] => backbone.TSP.e_p_1: 4608
2026-01-11 16:18:53,153 [sec.py] => backbone.TSP.e_k_1: 1536
2026-01-11 16:18:53,153 [sec.py] => backbone.TSP.e_a_1: 1536
2026-01-11 16:18:53,153 [sec.py] => backbone.TSP.e_p_2: 4608
2026-01-11 16:18:53,153 [sec.py] => backbone.TSP.e_k_2: 1536
2026-01-11 16:18:53,153 [sec.py] => backbone.TSP.e_a_2: 1536
2026-01-11 16:18:53,153 [sec.py] => backbone.TSP.e_p_3: 4608
2026-01-11 16:18:53,153 [sec.py] => backbone.TSP.e_k_3: 1536
2026-01-11 16:18:53,153 [sec.py] => backbone.TSP.e_a_3: 1536
2026-01-11 16:18:53,153 [sec.py] => backbone.TSP.e_p_4: 4608
2026-01-11 16:18:53,153 [sec.py] => backbone.TSP.e_k_4: 1536
2026-01-11 16:18:53,154 [sec.py] => backbone.TSP.e_a_4: 1536
2026-01-11 16:18:53,160 [sec.py] => training set size: 25, fc construct set size: 25
2026-01-11 16:19:27,334 [trainer.py] => CNN: {'total': 86.59, '00-99': 87.36, '100-104': 82.98, '105-109': 75.0, '110-114': 84.21, '115-119': 80.0, '120-124': 80.0, '125-129': 84.0, '130-134': 76.0, '135-139': 96.0, '140-144': 76.0, '145-149': 96.0, '150-154': 80.0, '155-159': 88.0, '160-164': 84.0, '165-169': 72.0, '170-174': 84.0, '175-179': 84.0, '180-184': 80.0, '185-189': 92.0, '190-194': 88.0, '195-199': 92.0, 'old': 86.69, 'new': 84.21}
2026-01-11 16:19:27,334 [trainer.py] => Top1 curve: [87.7, 87.27, 86.61, 86.59]
2026-01-11 16:19:27,334 [trainer.py] => Average Accuracy (CNN): 87.04
2026-01-11 16:19:27,340 [sec.py] => Learning on 115-120
2026-01-11 16:19:27,350 [sec.py] => All params: 87949056
2026-01-11 16:19:27,350 [sec.py] => Actual trainable params (excluding detached): 30720
2026-01-11 16:19:27,350 [sec.py] => TSP active prompts: 2 (total: 58)
2026-01-11 16:19:27,350 [sec.py] => RSP active prompts: 0 (total: 50)
2026-01-11 16:19:27,350 [sec.py] => Excluded params: head, detached prompts
2026-01-11 16:19:27,350 [sec.py] => backbone.TSP.e_p_1: 4608
2026-01-11 16:19:27,350 [sec.py] => backbone.TSP.e_k_1: 1536
2026-01-11 16:19:27,350 [sec.py] => backbone.TSP.e_a_1: 1536
2026-01-11 16:19:27,350 [sec.py] => backbone.TSP.e_p_2: 4608
2026-01-11 16:19:27,350 [sec.py] => backbone.TSP.e_k_2: 1536
2026-01-11 16:19:27,350 [sec.py] => backbone.TSP.e_a_2: 1536
2026-01-11 16:19:27,350 [sec.py] => backbone.TSP.e_p_3: 4608
2026-01-11 16:19:27,350 [sec.py] => backbone.TSP.e_k_3: 1536
2026-01-11 16:19:27,350 [sec.py] => backbone.TSP.e_a_3: 1536
2026-01-11 16:19:27,351 [sec.py] => backbone.TSP.e_p_4: 4608
2026-01-11 16:19:27,351 [sec.py] => backbone.TSP.e_k_4: 1536
2026-01-11 16:19:27,351 [sec.py] => backbone.TSP.e_a_4: 1536
2026-01-11 16:19:27,357 [sec.py] => training set size: 25, fc construct set size: 25
2026-01-11 16:20:02,875 [trainer.py] => CNN: {'total': 85.28, '00-99': 87.45, '100-104': 82.98, '105-109': 75.0, '110-114': 73.68, '115-119': 66.67, '120-124': 76.0, '125-129': 72.0, '130-134': 64.0, '135-139': 84.0, '140-144': 52.0, '145-149': 76.0, '150-154': 88.0, '155-159': 76.0, '160-164': 88.0, '165-169': 76.0, '170-174': 76.0, '175-179': 60.0, '180-184': 88.0, '185-189': 84.0, '190-194': 88.0, '195-199': 84.0, 'old': 86.21, 'new': 66.67}
2026-01-11 16:20:02,876 [trainer.py] => Top1 curve: [87.7, 87.27, 86.61, 86.59, 85.28]
2026-01-11 16:20:02,876 [trainer.py] => Average Accuracy (CNN): 86.69
2026-01-11 16:20:02,885 [sec.py] => Learning on 120-125
2026-01-11 16:20:02,895 [sec.py] => All params: 87949056
2026-01-11 16:20:02,895 [sec.py] => Actual trainable params (excluding detached): 30720
2026-01-11 16:20:02,896 [sec.py] => TSP active prompts: 2 (total: 60)
2026-01-11 16:20:02,896 [sec.py] => RSP active prompts: 0 (total: 50)
2026-01-11 16:20:02,896 [sec.py] => Excluded params: head, detached prompts
2026-01-11 16:20:02,896 [sec.py] => backbone.TSP.e_p_1: 4608
2026-01-11 16:20:02,896 [sec.py] => backbone.TSP.e_k_1: 1536
2026-01-11 16:20:02,896 [sec.py] => backbone.TSP.e_a_1: 1536
2026-01-11 16:20:02,896 [sec.py] => backbone.TSP.e_p_2: 4608
2026-01-11 16:20:02,896 [sec.py] => backbone.TSP.e_k_2: 1536
2026-01-11 16:20:02,896 [sec.py] => backbone.TSP.e_a_2: 1536
2026-01-11 16:20:02,896 [sec.py] => backbone.TSP.e_p_3: 4608
2026-01-11 16:20:02,896 [sec.py] => backbone.TSP.e_k_3: 1536
2026-01-11 16:20:02,896 [sec.py] => backbone.TSP.e_a_3: 1536
2026-01-11 16:20:02,896 [sec.py] => backbone.TSP.e_p_4: 4608
2026-01-11 16:20:02,897 [sec.py] => backbone.TSP.e_k_4: 1536
2026-01-11 16:20:02,897 [sec.py] => backbone.TSP.e_a_4: 1536
2026-01-11 16:20:02,907 [sec.py] => training set size: 25, fc construct set size: 25
2026-01-11 16:20:36,241 [trainer.py] => CNN: {'total': 85.37, '00-99': 87.45, '100-104': 82.98, '105-109': 75.0, '110-114': 73.68, '115-119': 66.67, '120-124': 87.76, '125-129': 64.0, '130-134': 76.0, '135-139': 96.0, '140-144': 60.0, '145-149': 96.0, '150-154': 60.0, '155-159': 80.0, '160-164': 80.0, '165-169': 76.0, '170-174': 88.0, '175-179': 84.0, '180-184': 88.0, '185-189': 96.0, '190-194': 92.0, '195-199': 92.0, 'old': 85.28, 'new': 87.76}
2026-01-11 16:20:36,241 [trainer.py] => Top1 curve: [87.7, 87.27, 86.61, 86.59, 85.28, 85.37]
2026-01-11 16:20:36,241 [trainer.py] => Average Accuracy (CNN): 86.47
2026-01-11 16:20:36,247 [sec.py] => Learning on 125-130
2026-01-11 16:20:36,259 [sec.py] => All params: 87949056
2026-01-11 16:20:36,259 [sec.py] => Actual trainable params (excluding detached): 30720
2026-01-11 16:20:36,259 [sec.py] => TSP active prompts: 2 (total: 62)
2026-01-11 16:20:36,259 [sec.py] => RSP active prompts: 0 (total: 50)
2026-01-11 16:20:36,259 [sec.py] => Excluded params: head, detached prompts
2026-01-11 16:20:36,259 [sec.py] => backbone.TSP.e_p_1: 4608
2026-01-11 16:20:36,259 [sec.py] => backbone.TSP.e_k_1: 1536
2026-01-11 16:20:36,259 [sec.py] => backbone.TSP.e_a_1: 1536
2026-01-11 16:20:36,259 [sec.py] => backbone.TSP.e_p_2: 4608
2026-01-11 16:20:36,259 [sec.py] => backbone.TSP.e_k_2: 1536
2026-01-11 16:20:36,259 [sec.py] => backbone.TSP.e_a_2: 1536
2026-01-11 16:20:36,259 [sec.py] => backbone.TSP.e_p_3: 4608
2026-01-11 16:20:36,259 [sec.py] => backbone.TSP.e_k_3: 1536
2026-01-11 16:20:36,259 [sec.py] => backbone.TSP.e_a_3: 1536
2026-01-11 16:20:36,259 [sec.py] => backbone.TSP.e_p_4: 4608
2026-01-11 16:20:36,259 [sec.py] => backbone.TSP.e_k_4: 1536
2026-01-11 16:20:36,260 [sec.py] => backbone.TSP.e_a_4: 1536
2026-01-11 16:20:36,265 [sec.py] => training set size: 25, fc construct set size: 25
2026-01-11 16:21:09,858 [trainer.py] => CNN: {'total': 83.79, '00-99': 87.36, '100-104': 82.98, '105-109': 75.0, '110-114': 71.93, '115-119': 65.15, '120-124': 77.55, '125-129': 60.32, '130-134': 80.0, '135-139': 92.0, '140-144': 72.0, '145-149': 84.0, '150-154': 68.0, '155-159': 88.0, '160-164': 88.0, '165-169': 64.0, '170-174': 88.0, '175-179': 76.0, '180-184': 92.0, '185-189': 92.0, '190-194': 84.0, '195-199': 92.0, 'old': 84.81, 'new': 60.32}
2026-01-11 16:21:09,859 [trainer.py] => Top1 curve: [87.7, 87.27, 86.61, 86.59, 85.28, 85.37, 83.79]
2026-01-11 16:21:09,859 [trainer.py] => Average Accuracy (CNN): 86.09
2026-01-11 16:21:09,865 [sec.py] => Learning on 130-135
2026-01-11 16:21:09,920 [sec.py] => All params: 87949056
2026-01-11 16:21:09,920 [sec.py] => Actual trainable params (excluding detached): 30720
2026-01-11 16:21:09,920 [sec.py] => TSP active prompts: 2 (total: 64)
2026-01-11 16:21:09,920 [sec.py] => RSP active prompts: 0 (total: 50)
2026-01-11 16:21:09,920 [sec.py] => Excluded params: head, detached prompts
2026-01-11 16:21:09,920 [sec.py] => backbone.TSP.e_p_1: 4608
2026-01-11 16:21:09,920 [sec.py] => backbone.TSP.e_k_1: 1536
2026-01-11 16:21:09,920 [sec.py] => backbone.TSP.e_a_1: 1536
2026-01-11 16:21:09,920 [sec.py] => backbone.TSP.e_p_2: 4608
2026-01-11 16:21:09,920 [sec.py] => backbone.TSP.e_k_2: 1536
2026-01-11 16:21:09,921 [sec.py] => backbone.TSP.e_a_2: 1536
2026-01-11 16:21:09,921 [sec.py] => backbone.TSP.e_p_3: 4608
2026-01-11 16:21:09,921 [sec.py] => backbone.TSP.e_k_3: 1536
2026-01-11 16:21:09,921 [sec.py] => backbone.TSP.e_a_3: 1536
2026-01-11 16:21:09,921 [sec.py] => backbone.TSP.e_p_4: 4608
2026-01-11 16:21:09,921 [sec.py] => backbone.TSP.e_k_4: 1536
2026-01-11 16:21:09,921 [sec.py] => backbone.TSP.e_a_4: 1536
2026-01-11 16:21:09,928 [sec.py] => training set size: 25, fc construct set size: 25
2026-01-11 16:21:43,471 [trainer.py] => CNN: {'total': 83.62, '00-99': 87.45, '100-104': 82.98, '105-109': 75.0, '110-114': 71.93, '115-119': 65.15, '120-124': 77.55, '125-129': 60.32, '130-134': 78.95, '135-139': 96.0, '140-144': 76.0, '145-149': 76.0, '150-154': 80.0, '155-159': 80.0, '160-164': 92.0, '165-169': 72.0, '170-174': 72.0, '175-179': 80.0, '180-184': 84.0, '185-189': 96.0, '190-194': 96.0, '195-199': 88.0, 'old': 83.85, 'new': 78.95}
2026-01-11 16:21:43,471 [trainer.py] => Top1 curve: [87.7, 87.27, 86.61, 86.59, 85.28, 85.37, 83.79, 83.62]
2026-01-11 16:21:43,471 [trainer.py] => Average Accuracy (CNN): 85.78
2026-01-11 16:21:43,502 [sec.py] => Learning on 135-140
2026-01-11 16:21:43,510 [sec.py] => All params: 87949056
2026-01-11 16:21:43,510 [sec.py] => Actual trainable params (excluding detached): 30720
2026-01-11 16:21:43,511 [sec.py] => TSP active prompts: 2 (total: 66)
2026-01-11 16:21:43,511 [sec.py] => RSP active prompts: 0 (total: 50)
2026-01-11 16:21:43,511 [sec.py] => Excluded params: head, detached prompts
2026-01-11 16:21:43,511 [sec.py] => backbone.TSP.e_p_1: 4608
2026-01-11 16:21:43,511 [sec.py] => backbone.TSP.e_k_1: 1536
2026-01-11 16:21:43,511 [sec.py] => backbone.TSP.e_a_1: 1536
2026-01-11 16:21:43,511 [sec.py] => backbone.TSP.e_p_2: 4608
2026-01-11 16:21:43,511 [sec.py] => backbone.TSP.e_k_2: 1536
2026-01-11 16:21:43,511 [sec.py] => backbone.TSP.e_a_2: 1536
2026-01-11 16:21:43,511 [sec.py] => backbone.TSP.e_p_3: 4608
2026-01-11 16:21:43,511 [sec.py] => backbone.TSP.e_k_3: 1536
2026-01-11 16:21:43,511 [sec.py] => backbone.TSP.e_a_3: 1536
2026-01-11 16:21:43,511 [sec.py] => backbone.TSP.e_p_4: 4608
2026-01-11 16:21:43,511 [sec.py] => backbone.TSP.e_k_4: 1536
2026-01-11 16:21:43,511 [sec.py] => backbone.TSP.e_a_4: 1536
2026-01-11 16:21:43,517 [sec.py] => training set size: 25, fc construct set size: 25
2026-01-11 16:22:16,521 [trainer.py] => CNN: {'total': 83.61, '00-99': 87.36, '100-104': 82.98, '105-109': 75.0, '110-114': 70.18, '115-119': 65.15, '120-124': 77.55, '125-129': 60.32, '130-134': 75.0, '135-139': 92.59, '140-144': 72.0, '145-149': 88.0, '150-154': 72.0, '155-159': 84.0, '160-164': 76.0, '165-169': 68.0, '170-174': 80.0, '175-179': 92.0, '180-184': 96.0, '185-189': 92.0, '190-194': 92.0, '195-199': 76.0, 'old': 83.3, 'new': 92.59}
2026-01-11 16:22:16,521 [trainer.py] => Top1 curve: [87.7, 87.27, 86.61, 86.59, 85.28, 85.37, 83.79, 83.62, 83.61]
2026-01-11 16:22:16,521 [trainer.py] => Average Accuracy (CNN): 85.54
2026-01-11 16:22:16,527 [sec.py] => Learning on 140-145
2026-01-11 16:22:16,538 [sec.py] => All params: 87949056
2026-01-11 16:22:16,538 [sec.py] => Actual trainable params (excluding detached): 30720
2026-01-11 16:22:16,538 [sec.py] => TSP active prompts: 2 (total: 68)
2026-01-11 16:22:16,538 [sec.py] => RSP active prompts: 0 (total: 50)
2026-01-11 16:22:16,538 [sec.py] => Excluded params: head, detached prompts
2026-01-11 16:22:16,538 [sec.py] => backbone.TSP.e_p_1: 4608
2026-01-11 16:22:16,539 [sec.py] => backbone.TSP.e_k_1: 1536
2026-01-11 16:22:16,539 [sec.py] => backbone.TSP.e_a_1: 1536
2026-01-11 16:22:16,539 [sec.py] => backbone.TSP.e_p_2: 4608
2026-01-11 16:22:16,539 [sec.py] => backbone.TSP.e_k_2: 1536
2026-01-11 16:22:16,539 [sec.py] => backbone.TSP.e_a_2: 1536
2026-01-11 16:22:16,539 [sec.py] => backbone.TSP.e_p_3: 4608
2026-01-11 16:22:16,539 [sec.py] => backbone.TSP.e_k_3: 1536
2026-01-11 16:22:16,539 [sec.py] => backbone.TSP.e_a_3: 1536
2026-01-11 16:22:16,539 [sec.py] => backbone.TSP.e_p_4: 4608
2026-01-11 16:22:16,539 [sec.py] => backbone.TSP.e_k_4: 1536
2026-01-11 16:22:16,539 [sec.py] => backbone.TSP.e_a_4: 1536
2026-01-11 16:22:16,545 [sec.py] => training set size: 25, fc construct set size: 25
2026-01-11 16:22:49,932 [trainer.py] => CNN: {'total': 82.97, '00-99': 87.36, '100-104': 82.98, '105-109': 75.0, '110-114': 71.93, '115-119': 65.15, '120-124': 77.55, '125-129': 60.32, '130-134': 75.0, '135-139': 92.59, '140-144': 60.0, '145-149': 96.0, '150-154': 68.0, '155-159': 76.0, '160-164': 84.0, '165-169': 64.0, '170-174': 80.0, '175-179': 84.0, '180-184': 92.0, '185-189': 92.0, '190-194': 92.0, '195-199': 76.0, 'old': 83.67, 'new': 60.0}
2026-01-11 16:22:49,932 [trainer.py] => Top1 curve: [87.7, 87.27, 86.61, 86.59, 85.28, 85.37, 83.79, 83.62, 83.61, 82.97]
2026-01-11 16:22:49,932 [trainer.py] => Average Accuracy (CNN): 85.28
2026-01-11 16:22:49,938 [sec.py] => Learning on 145-150
2026-01-11 16:22:49,948 [sec.py] => All params: 87949056
2026-01-11 16:22:49,948 [sec.py] => Actual trainable params (excluding detached): 30720
2026-01-11 16:22:49,948 [sec.py] => TSP active prompts: 2 (total: 70)
2026-01-11 16:22:49,948 [sec.py] => RSP active prompts: 0 (total: 50)
2026-01-11 16:22:49,948 [sec.py] => Excluded params: head, detached prompts
2026-01-11 16:22:49,948 [sec.py] => backbone.TSP.e_p_1: 4608
2026-01-11 16:22:49,948 [sec.py] => backbone.TSP.e_k_1: 1536
2026-01-11 16:22:49,948 [sec.py] => backbone.TSP.e_a_1: 1536
2026-01-11 16:22:49,948 [sec.py] => backbone.TSP.e_p_2: 4608
2026-01-11 16:22:49,948 [sec.py] => backbone.TSP.e_k_2: 1536
2026-01-11 16:22:49,948 [sec.py] => backbone.TSP.e_a_2: 1536
2026-01-11 16:22:49,948 [sec.py] => backbone.TSP.e_p_3: 4608
2026-01-11 16:22:49,948 [sec.py] => backbone.TSP.e_k_3: 1536
2026-01-11 16:22:49,949 [sec.py] => backbone.TSP.e_a_3: 1536
2026-01-11 16:22:49,949 [sec.py] => backbone.TSP.e_p_4: 4608
2026-01-11 16:22:49,949 [sec.py] => backbone.TSP.e_k_4: 1536
2026-01-11 16:22:49,949 [sec.py] => backbone.TSP.e_a_4: 1536
2026-01-11 16:22:49,954 [sec.py] => training set size: 25, fc construct set size: 25
2026-01-11 16:23:23,010 [trainer.py] => CNN: {'total': 82.39, '00-99': 87.19, '100-104': 82.98, '105-109': 75.0, '110-114': 71.93, '115-119': 63.64, '120-124': 77.55, '125-129': 60.32, '130-134': 75.0, '135-139': 92.59, '140-144': 52.0, '145-149': 78.12, '150-154': 84.0, '155-159': 84.0, '160-164': 88.0, '165-169': 76.0, '170-174': 88.0, '175-179': 80.0, '180-184': 96.0, '185-189': 76.0, '190-194': 72.0, '195-199': 92.0, 'old': 82.55, 'new': 78.12}
2026-01-11 16:23:23,010 [trainer.py] => Top1 curve: [87.7, 87.27, 86.61, 86.59, 85.28, 85.37, 83.79, 83.62, 83.61, 82.97, 82.39]
2026-01-11 16:23:23,010 [trainer.py] => Average Accuracy (CNN): 85.02
2026-01-11 16:23:23,016 [sec.py] => Learning on 150-155
2026-01-11 16:23:23,024 [sec.py] => All params: 87949056
2026-01-11 16:23:23,025 [sec.py] => Actual trainable params (excluding detached): 30720
2026-01-11 16:23:23,025 [sec.py] => TSP active prompts: 2 (total: 72)
2026-01-11 16:23:23,025 [sec.py] => RSP active prompts: 0 (total: 50)
2026-01-11 16:23:23,025 [sec.py] => Excluded params: head, detached prompts
2026-01-11 16:23:23,025 [sec.py] => backbone.TSP.e_p_1: 4608
2026-01-11 16:23:23,025 [sec.py] => backbone.TSP.e_k_1: 1536
2026-01-11 16:23:23,025 [sec.py] => backbone.TSP.e_a_1: 1536
2026-01-11 16:23:23,025 [sec.py] => backbone.TSP.e_p_2: 4608
2026-01-11 16:23:23,025 [sec.py] => backbone.TSP.e_k_2: 1536
2026-01-11 16:23:23,025 [sec.py] => backbone.TSP.e_a_2: 1536
2026-01-11 16:23:23,025 [sec.py] => backbone.TSP.e_p_3: 4608
2026-01-11 16:23:23,025 [sec.py] => backbone.TSP.e_k_3: 1536
2026-01-11 16:23:23,025 [sec.py] => backbone.TSP.e_a_3: 1536
2026-01-11 16:23:23,025 [sec.py] => backbone.TSP.e_p_4: 4608
2026-01-11 16:23:23,025 [sec.py] => backbone.TSP.e_k_4: 1536
2026-01-11 16:23:23,025 [sec.py] => backbone.TSP.e_a_4: 1536
2026-01-11 16:23:23,030 [sec.py] => training set size: 25, fc construct set size: 25
2026-01-11 16:23:56,701 [trainer.py] => CNN: {'total': 82.42, '00-99': 87.11, '100-104': 82.98, '105-109': 75.0, '110-114': 71.93, '115-119': 63.64, '120-124': 77.55, '125-129': 60.32, '130-134': 75.0, '135-139': 92.59, '140-144': 52.0, '145-149': 78.12, '150-154': 85.0, '155-159': 92.0, '160-164': 80.0, '165-169': 64.0, '170-174': 88.0, '175-179': 84.0, '180-184': 92.0, '185-189': 84.0, '190-194': 96.0, '195-199': 96.0, 'old': 82.33, 'new': 85.0}
2026-01-11 16:23:56,701 [trainer.py] => Top1 curve: [87.7, 87.27, 86.61, 86.59, 85.28, 85.37, 83.79, 83.62, 83.61, 82.97, 82.39, 82.42]
2026-01-11 16:23:56,701 [trainer.py] => Average Accuracy (CNN): 84.80
2026-01-11 16:23:56,707 [sec.py] => Learning on 155-160
2026-01-11 16:23:56,716 [sec.py] => All params: 87949056
2026-01-11 16:23:56,717 [sec.py] => Actual trainable params (excluding detached): 30720
2026-01-11 16:23:56,717 [sec.py] => TSP active prompts: 2 (total: 74)
2026-01-11 16:23:56,717 [sec.py] => RSP active prompts: 0 (total: 50)
2026-01-11 16:23:56,717 [sec.py] => Excluded params: head, detached prompts
2026-01-11 16:23:56,717 [sec.py] => backbone.TSP.e_p_1: 4608
2026-01-11 16:23:56,717 [sec.py] => backbone.TSP.e_k_1: 1536
2026-01-11 16:23:56,717 [sec.py] => backbone.TSP.e_a_1: 1536
2026-01-11 16:23:56,717 [sec.py] => backbone.TSP.e_p_2: 4608
2026-01-11 16:23:56,717 [sec.py] => backbone.TSP.e_k_2: 1536
2026-01-11 16:23:56,717 [sec.py] => backbone.TSP.e_a_2: 1536
2026-01-11 16:23:56,717 [sec.py] => backbone.TSP.e_p_3: 4608
2026-01-11 16:23:56,717 [sec.py] => backbone.TSP.e_k_3: 1536
2026-01-11 16:23:56,717 [sec.py] => backbone.TSP.e_a_3: 1536
2026-01-11 16:23:56,717 [sec.py] => backbone.TSP.e_p_4: 4608
2026-01-11 16:23:56,717 [sec.py] => backbone.TSP.e_k_4: 1536
2026-01-11 16:23:56,717 [sec.py] => backbone.TSP.e_a_4: 1536
2026-01-11 16:23:56,722 [sec.py] => training set size: 25, fc construct set size: 25
2026-01-11 16:24:30,736 [trainer.py] => CNN: {'total': 82.68, '00-99': 87.19, '100-104': 82.98, '105-109': 75.0, '110-114': 71.93, '115-119': 63.64, '120-124': 79.59, '125-129': 60.32, '130-134': 75.0, '135-139': 92.59, '140-144': 52.0, '145-149': 78.12, '150-154': 86.67, '155-159': 86.0, '160-164': 84.0, '165-169': 80.0, '170-174': 96.0, '175-179': 92.0, '180-184': 88.0, '185-189': 88.0, '190-194': 92.0, '195-199': 96.0, 'old': 82.59, 'new': 86.0}
2026-01-11 16:24:30,736 [trainer.py] => Top1 curve: [87.7, 87.27, 86.61, 86.59, 85.28, 85.37, 83.79, 83.62, 83.61, 82.97, 82.39, 82.42, 82.68]
2026-01-11 16:24:30,736 [trainer.py] => Average Accuracy (CNN): 84.64
2026-01-11 16:24:30,743 [sec.py] => Learning on 160-165
2026-01-11 16:24:30,755 [sec.py] => All params: 87949056
2026-01-11 16:24:30,755 [sec.py] => Actual trainable params (excluding detached): 30720
2026-01-11 16:24:30,755 [sec.py] => TSP active prompts: 2 (total: 76)
2026-01-11 16:24:30,755 [sec.py] => RSP active prompts: 0 (total: 50)
2026-01-11 16:24:30,755 [sec.py] => Excluded params: head, detached prompts
2026-01-11 16:24:30,755 [sec.py] => backbone.TSP.e_p_1: 4608
2026-01-11 16:24:30,755 [sec.py] => backbone.TSP.e_k_1: 1536
2026-01-11 16:24:30,755 [sec.py] => backbone.TSP.e_a_1: 1536
2026-01-11 16:24:30,756 [sec.py] => backbone.TSP.e_p_2: 4608
2026-01-11 16:24:30,756 [sec.py] => backbone.TSP.e_k_2: 1536
2026-01-11 16:24:30,756 [sec.py] => backbone.TSP.e_a_2: 1536
2026-01-11 16:24:30,756 [sec.py] => backbone.TSP.e_p_3: 4608
2026-01-11 16:24:30,756 [sec.py] => backbone.TSP.e_k_3: 1536
2026-01-11 16:24:30,756 [sec.py] => backbone.TSP.e_a_3: 1536
2026-01-11 16:24:30,756 [sec.py] => backbone.TSP.e_p_4: 4608
2026-01-11 16:24:30,756 [sec.py] => backbone.TSP.e_k_4: 1536
2026-01-11 16:24:30,756 [sec.py] => backbone.TSP.e_a_4: 1536
2026-01-11 16:24:30,762 [sec.py] => training set size: 25, fc construct set size: 25
2026-01-11 16:25:04,748 [trainer.py] => CNN: {'total': 83.14, '00-99': 87.28, '100-104': 82.98, '105-109': 75.0, '110-114': 73.68, '115-119': 63.64, '120-124': 79.59, '125-129': 60.32, '130-134': 75.0, '135-139': 92.59, '140-144': 52.0, '145-149': 78.12, '150-154': 86.67, '155-159': 86.0, '160-164': 92.75, '165-169': 72.0, '170-174': 84.0, '175-179': 88.0, '180-184': 92.0, '185-189': 96.0, '190-194': 92.0, '195-199': 96.0, 'old': 82.79, 'new': 92.75}
2026-01-11 16:25:04,749 [trainer.py] => Top1 curve: [87.7, 87.27, 86.61, 86.59, 85.28, 85.37, 83.79, 83.62, 83.61, 82.97, 82.39, 82.42, 82.68, 83.14]
2026-01-11 16:25:04,749 [trainer.py] => Average Accuracy (CNN): 84.53
2026-01-11 16:25:04,755 [sec.py] => Learning on 165-170
2026-01-11 16:25:04,762 [sec.py] => All params: 87949056
2026-01-11 16:25:04,762 [sec.py] => Actual trainable params (excluding detached): 30720
2026-01-11 16:25:04,762 [sec.py] => TSP active prompts: 2 (total: 78)
2026-01-11 16:25:04,762 [sec.py] => RSP active prompts: 0 (total: 50)
2026-01-11 16:25:04,762 [sec.py] => Excluded params: head, detached prompts
2026-01-11 16:25:04,762 [sec.py] => backbone.TSP.e_p_1: 4608
2026-01-11 16:25:04,762 [sec.py] => backbone.TSP.e_k_1: 1536
2026-01-11 16:25:04,762 [sec.py] => backbone.TSP.e_a_1: 1536
2026-01-11 16:25:04,763 [sec.py] => backbone.TSP.e_p_2: 4608
2026-01-11 16:25:04,763 [sec.py] => backbone.TSP.e_k_2: 1536
2026-01-11 16:25:04,763 [sec.py] => backbone.TSP.e_a_2: 1536
2026-01-11 16:25:04,763 [sec.py] => backbone.TSP.e_p_3: 4608
2026-01-11 16:25:04,763 [sec.py] => backbone.TSP.e_k_3: 1536
2026-01-11 16:25:04,763 [sec.py] => backbone.TSP.e_a_3: 1536
2026-01-11 16:25:04,763 [sec.py] => backbone.TSP.e_p_4: 4608
2026-01-11 16:25:04,763 [sec.py] => backbone.TSP.e_k_4: 1536
2026-01-11 16:25:04,763 [sec.py] => backbone.TSP.e_a_4: 1536
2026-01-11 16:25:04,768 [sec.py] => training set size: 25, fc construct set size: 25
2026-01-11 16:25:38,116 [trainer.py] => CNN: {'total': 83.43, '00-99': 87.36, '100-104': 82.98, '105-109': 75.0, '110-114': 71.93, '115-119': 63.64, '120-124': 79.59, '125-129': 60.32, '130-134': 75.0, '135-139': 92.59, '140-144': 52.0, '145-149': 78.12, '150-154': 86.67, '155-159': 86.0, '160-164': 91.3, '165-169': 93.75, '170-174': 92.0, '175-179': 92.0, '180-184': 88.0, '185-189': 92.0, '190-194': 88.0, '195-199': 88.0, 'old': 83.09, 'new': 93.75}
2026-01-11 16:25:38,117 [trainer.py] => Top1 curve: [87.7, 87.27, 86.61, 86.59, 85.28, 85.37, 83.79, 83.62, 83.61, 82.97, 82.39, 82.42, 82.68, 83.14, 83.43]
2026-01-11 16:25:38,117 [trainer.py] => Average Accuracy (CNN): 84.46
2026-01-11 16:25:38,123 [sec.py] => Learning on 170-175
2026-01-11 16:25:38,129 [sec.py] => All params: 87949056
2026-01-11 16:25:38,129 [sec.py] => Actual trainable params (excluding detached): 30720
2026-01-11 16:25:38,129 [sec.py] => TSP active prompts: 2 (total: 80)
2026-01-11 16:25:38,129 [sec.py] => RSP active prompts: 0 (total: 50)
2026-01-11 16:25:38,129 [sec.py] => Excluded params: head, detached prompts
2026-01-11 16:25:38,130 [sec.py] => backbone.TSP.e_p_1: 4608
2026-01-11 16:25:38,130 [sec.py] => backbone.TSP.e_k_1: 1536
2026-01-11 16:25:38,130 [sec.py] => backbone.TSP.e_a_1: 1536
2026-01-11 16:25:38,130 [sec.py] => backbone.TSP.e_p_2: 4608
2026-01-11 16:25:38,130 [sec.py] => backbone.TSP.e_k_2: 1536
2026-01-11 16:25:38,130 [sec.py] => backbone.TSP.e_a_2: 1536
2026-01-11 16:25:38,130 [sec.py] => backbone.TSP.e_p_3: 4608
2026-01-11 16:25:38,130 [sec.py] => backbone.TSP.e_k_3: 1536
2026-01-11 16:25:38,130 [sec.py] => backbone.TSP.e_a_3: 1536
2026-01-11 16:25:38,130 [sec.py] => backbone.TSP.e_p_4: 4608
2026-01-11 16:25:38,130 [sec.py] => backbone.TSP.e_k_4: 1536
2026-01-11 16:25:38,130 [sec.py] => backbone.TSP.e_a_4: 1536
2026-01-11 16:25:38,134 [sec.py] => training set size: 25, fc construct set size: 25
2026-01-11 16:26:12,075 [trainer.py] => CNN: {'total': 83.03, '00-99': 87.28, '100-104': 82.98, '105-109': 75.0, '110-114': 71.93, '115-119': 63.64, '120-124': 79.59, '125-129': 60.32, '130-134': 76.32, '135-139': 92.59, '140-144': 50.0, '145-149': 76.56, '150-154': 86.67, '155-159': 86.0, '160-164': 88.41, '165-169': 89.06, '170-174': 81.69, '175-179': 96.0, '180-184': 84.0, '185-189': 80.0, '190-194': 80.0, '195-199': 76.0, 'old': 83.08, 'new': 81.69}
2026-01-11 16:26:12,076 [trainer.py] => Top1 curve: [87.7, 87.27, 86.61, 86.59, 85.28, 85.37, 83.79, 83.62, 83.61, 82.97, 82.39, 82.42, 82.68, 83.14, 83.43, 83.03]
2026-01-11 16:26:12,076 [trainer.py] => Average Accuracy (CNN): 84.37
2026-01-11 16:26:12,081 [sec.py] => Learning on 175-180
2026-01-11 16:26:12,091 [sec.py] => All params: 87949056
2026-01-11 16:26:12,091 [sec.py] => Actual trainable params (excluding detached): 30720
2026-01-11 16:26:12,091 [sec.py] => TSP active prompts: 2 (total: 82)
2026-01-11 16:26:12,091 [sec.py] => RSP active prompts: 0 (total: 50)
2026-01-11 16:26:12,091 [sec.py] => Excluded params: head, detached prompts
2026-01-11 16:26:12,092 [sec.py] => backbone.TSP.e_p_1: 4608
2026-01-11 16:26:12,092 [sec.py] => backbone.TSP.e_k_1: 1536
2026-01-11 16:26:12,092 [sec.py] => backbone.TSP.e_a_1: 1536
2026-01-11 16:26:12,092 [sec.py] => backbone.TSP.e_p_2: 4608
2026-01-11 16:26:12,092 [sec.py] => backbone.TSP.e_k_2: 1536
2026-01-11 16:26:12,092 [sec.py] => backbone.TSP.e_a_2: 1536
2026-01-11 16:26:12,092 [sec.py] => backbone.TSP.e_p_3: 4608
2026-01-11 16:26:12,092 [sec.py] => backbone.TSP.e_k_3: 1536
2026-01-11 16:26:12,092 [sec.py] => backbone.TSP.e_a_3: 1536
2026-01-11 16:26:12,092 [sec.py] => backbone.TSP.e_p_4: 4608
2026-01-11 16:26:12,092 [sec.py] => backbone.TSP.e_k_4: 1536
2026-01-11 16:26:12,092 [sec.py] => backbone.TSP.e_a_4: 1536
2026-01-11 16:26:12,096 [sec.py] => training set size: 25, fc construct set size: 25
2026-01-11 16:26:45,196 [trainer.py] => CNN: {'total': 82.96, '00-99': 87.28, '100-104': 82.98, '105-109': 75.0, '110-114': 71.93, '115-119': 63.64, '120-124': 79.59, '125-129': 60.32, '130-134': 77.63, '135-139': 92.59, '140-144': 50.0, '145-149': 76.56, '150-154': 86.67, '155-159': 86.0, '160-164': 85.51, '165-169': 85.94, '170-174': 81.69, '175-179': 86.0, '180-184': 88.0, '185-189': 100.0, '190-194': 84.0, '195-199': 92.0, 'old': 82.89, 'new': 86.0}
2026-01-11 16:26:45,196 [trainer.py] => Top1 curve: [87.7, 87.27, 86.61, 86.59, 85.28, 85.37, 83.79, 83.62, 83.61, 82.97, 82.39, 82.42, 82.68, 83.14, 83.43, 83.03, 82.96]
2026-01-11 16:26:45,196 [trainer.py] => Average Accuracy (CNN): 84.29
2026-01-11 16:26:45,202 [sec.py] => Learning on 180-185
2026-01-11 16:26:45,212 [sec.py] => All params: 87949056
2026-01-11 16:26:45,212 [sec.py] => Actual trainable params (excluding detached): 30720
2026-01-11 16:26:45,212 [sec.py] => TSP active prompts: 2 (total: 84)
2026-01-11 16:26:45,212 [sec.py] => RSP active prompts: 0 (total: 50)
2026-01-11 16:26:45,212 [sec.py] => Excluded params: head, detached prompts
2026-01-11 16:26:45,212 [sec.py] => backbone.TSP.e_p_1: 4608
2026-01-11 16:26:45,212 [sec.py] => backbone.TSP.e_k_1: 1536
2026-01-11 16:26:45,212 [sec.py] => backbone.TSP.e_a_1: 1536
2026-01-11 16:26:45,212 [sec.py] => backbone.TSP.e_p_2: 4608
2026-01-11 16:26:45,212 [sec.py] => backbone.TSP.e_k_2: 1536
2026-01-11 16:26:45,212 [sec.py] => backbone.TSP.e_a_2: 1536
2026-01-11 16:26:45,212 [sec.py] => backbone.TSP.e_p_3: 4608
2026-01-11 16:26:45,212 [sec.py] => backbone.TSP.e_k_3: 1536
2026-01-11 16:26:45,212 [sec.py] => backbone.TSP.e_a_3: 1536
2026-01-11 16:26:45,212 [sec.py] => backbone.TSP.e_p_4: 4608
2026-01-11 16:26:45,212 [sec.py] => backbone.TSP.e_k_4: 1536
2026-01-11 16:26:45,212 [sec.py] => backbone.TSP.e_a_4: 1536
2026-01-11 16:26:45,216 [sec.py] => training set size: 25, fc construct set size: 25
2026-01-11 16:27:18,674 [trainer.py] => CNN: {'total': 83.08, '00-99': 87.19, '100-104': 82.98, '105-109': 75.0, '110-114': 71.93, '115-119': 63.64, '120-124': 79.59, '125-129': 60.32, '130-134': 77.63, '135-139': 92.59, '140-144': 50.0, '145-149': 76.56, '150-154': 86.67, '155-159': 88.0, '160-164': 85.51, '165-169': 84.38, '170-174': 81.69, '175-179': 86.0, '180-184': 88.71, '185-189': 88.0, '190-194': 92.0, '195-199': 84.0, 'old': 82.92, 'new': 88.71}
2026-01-11 16:27:18,674 [trainer.py] => Top1 curve: [87.7, 87.27, 86.61, 86.59, 85.28, 85.37, 83.79, 83.62, 83.61, 82.97, 82.39, 82.42, 82.68, 83.14, 83.43, 83.03, 82.96, 83.08]
2026-01-11 16:27:18,674 [trainer.py] => Average Accuracy (CNN): 84.22
2026-01-11 16:27:18,680 [sec.py] => Learning on 185-190
2026-01-11 16:27:18,690 [sec.py] => All params: 87949056
2026-01-11 16:27:18,690 [sec.py] => Actual trainable params (excluding detached): 30720
2026-01-11 16:27:18,690 [sec.py] => TSP active prompts: 2 (total: 86)
2026-01-11 16:27:18,690 [sec.py] => RSP active prompts: 0 (total: 50)
2026-01-11 16:27:18,690 [sec.py] => Excluded params: head, detached prompts
2026-01-11 16:27:18,690 [sec.py] => backbone.TSP.e_p_1: 4608
2026-01-11 16:27:18,690 [sec.py] => backbone.TSP.e_k_1: 1536
2026-01-11 16:27:18,690 [sec.py] => backbone.TSP.e_a_1: 1536
2026-01-11 16:27:18,690 [sec.py] => backbone.TSP.e_p_2: 4608
2026-01-11 16:27:18,690 [sec.py] => backbone.TSP.e_k_2: 1536
2026-01-11 16:27:18,690 [sec.py] => backbone.TSP.e_a_2: 1536
2026-01-11 16:27:18,690 [sec.py] => backbone.TSP.e_p_3: 4608
2026-01-11 16:27:18,691 [sec.py] => backbone.TSP.e_k_3: 1536
2026-01-11 16:27:18,691 [sec.py] => backbone.TSP.e_a_3: 1536
2026-01-11 16:27:18,691 [sec.py] => backbone.TSP.e_p_4: 4608
2026-01-11 16:27:18,691 [sec.py] => backbone.TSP.e_k_4: 1536
2026-01-11 16:27:18,691 [sec.py] => backbone.TSP.e_a_4: 1536
2026-01-11 16:27:18,698 [sec.py] => training set size: 25, fc construct set size: 25
2026-01-11 16:27:52,207 [trainer.py] => CNN: {'total': 83.45, '00-99': 87.19, '100-104': 82.98, '105-109': 75.0, '110-114': 73.68, '115-119': 63.64, '120-124': 79.59, '125-129': 60.32, '130-134': 77.63, '135-139': 92.59, '140-144': 50.0, '145-149': 76.56, '150-154': 85.0, '155-159': 88.0, '160-164': 85.51, '165-169': 84.38, '170-174': 81.69, '175-179': 86.0, '180-184': 87.1, '185-189': 98.33, '190-194': 100.0, '195-199': 96.0, 'old': 83.03, 'new': 98.33}
2026-01-11 16:27:52,207 [trainer.py] => Top1 curve: [87.7, 87.27, 86.61, 86.59, 85.28, 85.37, 83.79, 83.62, 83.61, 82.97, 82.39, 82.42, 82.68, 83.14, 83.43, 83.03, 82.96, 83.08, 83.45]
2026-01-11 16:27:52,207 [trainer.py] => Average Accuracy (CNN): 84.18
2026-01-11 16:27:52,223 [sec.py] => Learning on 190-195
2026-01-11 16:27:52,233 [sec.py] => All params: 87949056
2026-01-11 16:27:52,233 [sec.py] => Actual trainable params (excluding detached): 30720
2026-01-11 16:27:52,234 [sec.py] => TSP active prompts: 2 (total: 88)
2026-01-11 16:27:52,234 [sec.py] => RSP active prompts: 0 (total: 50)
2026-01-11 16:27:52,234 [sec.py] => Excluded params: head, detached prompts
2026-01-11 16:27:52,234 [sec.py] => backbone.TSP.e_p_1: 4608
2026-01-11 16:27:52,234 [sec.py] => backbone.TSP.e_k_1: 1536
2026-01-11 16:27:52,234 [sec.py] => backbone.TSP.e_a_1: 1536
2026-01-11 16:27:52,234 [sec.py] => backbone.TSP.e_p_2: 4608
2026-01-11 16:27:52,234 [sec.py] => backbone.TSP.e_k_2: 1536
2026-01-11 16:27:52,234 [sec.py] => backbone.TSP.e_a_2: 1536
2026-01-11 16:27:52,234 [sec.py] => backbone.TSP.e_p_3: 4608
2026-01-11 16:27:52,234 [sec.py] => backbone.TSP.e_k_3: 1536
2026-01-11 16:27:52,234 [sec.py] => backbone.TSP.e_a_3: 1536
2026-01-11 16:27:52,234 [sec.py] => backbone.TSP.e_p_4: 4608
2026-01-11 16:27:52,234 [sec.py] => backbone.TSP.e_k_4: 1536
2026-01-11 16:27:52,234 [sec.py] => backbone.TSP.e_a_4: 1536
2026-01-11 16:27:52,238 [sec.py] => training set size: 25, fc construct set size: 25
2026-01-11 16:28:25,650 [trainer.py] => CNN: {'total': 83.7, '00-99': 87.19, '100-104': 82.98, '105-109': 75.0, '110-114': 71.93, '115-119': 63.64, '120-124': 79.59, '125-129': 60.32, '130-134': 77.63, '135-139': 92.59, '140-144': 50.0, '145-149': 75.0, '150-154': 83.33, '155-159': 88.0, '160-164': 85.51, '165-169': 84.38, '170-174': 81.69, '175-179': 86.0, '180-184': 87.1, '185-189': 98.33, '190-194': 96.92, '195-199': 100.0, 'old': 83.31, 'new': 96.92}
2026-01-11 16:28:25,650 [trainer.py] => Top1 curve: [87.7, 87.27, 86.61, 86.59, 85.28, 85.37, 83.79, 83.62, 83.61, 82.97, 82.39, 82.42, 82.68, 83.14, 83.43, 83.03, 82.96, 83.08, 83.45, 83.7]
2026-01-11 16:28:25,650 [trainer.py] => Average Accuracy (CNN): 84.15
2026-01-11 16:28:25,660 [sec.py] => Learning on 195-200
2026-01-11 16:28:25,673 [sec.py] => All params: 87949056
2026-01-11 16:28:25,673 [sec.py] => Actual trainable params (excluding detached): 30720
2026-01-11 16:28:25,673 [sec.py] => TSP active prompts: 2 (total: 90)
2026-01-11 16:28:25,673 [sec.py] => RSP active prompts: 0 (total: 50)
2026-01-11 16:28:25,673 [sec.py] => Excluded params: head, detached prompts
2026-01-11 16:28:25,673 [sec.py] => backbone.TSP.e_p_1: 4608
2026-01-11 16:28:25,673 [sec.py] => backbone.TSP.e_k_1: 1536
2026-01-11 16:28:25,673 [sec.py] => backbone.TSP.e_a_1: 1536
2026-01-11 16:28:25,673 [sec.py] => backbone.TSP.e_p_2: 4608
2026-01-11 16:28:25,673 [sec.py] => backbone.TSP.e_k_2: 1536
2026-01-11 16:28:25,673 [sec.py] => backbone.TSP.e_a_2: 1536
2026-01-11 16:28:25,673 [sec.py] => backbone.TSP.e_p_3: 4608
2026-01-11 16:28:25,673 [sec.py] => backbone.TSP.e_k_3: 1536
2026-01-11 16:28:25,673 [sec.py] => backbone.TSP.e_a_3: 1536
2026-01-11 16:28:25,673 [sec.py] => backbone.TSP.e_p_4: 4608
2026-01-11 16:28:25,673 [sec.py] => backbone.TSP.e_k_4: 1536
2026-01-11 16:28:25,674 [sec.py] => backbone.TSP.e_a_4: 1536
2026-01-11 16:28:25,677 [sec.py] => training set size: 25, fc construct set size: 25
2026-01-11 16:28:58,706 [trainer.py] => CNN: {'total': 83.88, '00-99': 87.19, '100-104': 82.98, '105-109': 75.0, '110-114': 73.68, '115-119': 65.15, '120-124': 79.59, '125-129': 60.32, '130-134': 77.63, '135-139': 92.59, '140-144': 50.0, '145-149': 75.0, '150-154': 83.33, '155-159': 88.0, '160-164': 85.51, '165-169': 84.38, '170-174': 81.69, '175-179': 86.0, '180-184': 87.1, '185-189': 98.33, '190-194': 90.77, '195-199': 94.83, 'old': 83.61, 'new': 94.83}
2026-01-11 16:28:58,706 [trainer.py] => Top1 curve: [87.7, 87.27, 86.61, 86.59, 85.28, 85.37, 83.79, 83.62, 83.61, 82.97, 82.39, 82.42, 82.68, 83.14, 83.43, 83.03, 82.96, 83.08, 83.45, 83.7, 83.88]
2026-01-11 16:28:58,706 [trainer.py] => Average Accuracy (CNN): 84.14

================================================================================
Finished cub_init100_inc5: pretrained_vit_b16_224_vpt  
Base Accuracy: 87.7
Last Accuracy: 83.88
Average Accuracy (Top1): 84.14
PD: 3.82
Backward Transfer (BWT): -2.96
Accuracy Matrix (CNN):
[[ 87.7   92.    84.    88.    80.    80.    76.    72.    88.    88.
   92.    72.    76.    80.    76.    80.    80.    80.    80.    92.
   80.  ]
 [ 87.45  82.98  92.    84.    68.    88.    72.    72.    72.    76.
   72.    76.    80.    80.    80.    96.    76.    88.    84.    84.
   84.  ]
 [ 87.28  82.98  75.    72.    80.    76.    68.    64.    84.    80.
   84.    92.    72.    80.    76.    96.    92.    96.    96.    84.
   80.  ]
 [ 87.36  82.98  75.    84.21  80.    80.    84.    76.    96.    76.
   96.    80.    88.    84.    72.    84.    84.    80.    92.    88.
   92.  ]
 [ 87.45  82.98  75.    73.68  66.67  76.    72.    64.    84.    52.
   76.    88.    76.    88.    76.    76.    60.    88.    84.    88.
   84.  ]
 [ 87.45  82.98  75.    73.68  66.67  87.76  64.    76.    96.    60.
   96.    60.    80.    80.    76.    88.    84.    88.    96.    92.
   92.  ]
 [ 87.36  82.98  75.    71.93  65.15  77.55  60.32  80.    92.    72.
   84.    68.    88.    88.    64.    88.    76.    92.    92.    84.
   92.  ]
 [ 87.45  82.98  75.    71.93  65.15  77.55  60.32  78.95  96.    76.
   76.    80.    80.    92.    72.    72.    80.    84.    96.    96.
   88.  ]
 [ 87.36  82.98  75.    70.18  65.15  77.55  60.32  75.    92.59  72.
   88.    72.    84.    76.    68.    80.    92.    96.    92.    92.
   76.  ]
 [ 87.36  82.98  75.    71.93  65.15  77.55  60.32  75.    92.59  60.
   96.    68.    76.    84.    64.    80.    84.    92.    92.    92.
   76.  ]
 [ 87.19  82.98  75.    71.93  63.64  77.55  60.32  75.    92.59  52.
   78.12  84.    84.    88.    76.    88.    80.    96.    76.    72.
   92.  ]
 [ 87.11  82.98  75.    71.93  63.64  77.55  60.32  75.    92.59  52.
   78.12  85.    92.    80.    64.    88.    84.    92.    84.    96.
   96.  ]
 [ 87.19  82.98  75.    71.93  63.64  79.59  60.32  75.    92.59  52.
   78.12  86.67  86.    84.    80.    96.    92.    88.    88.    92.
   96.  ]
 [ 87.28  82.98  75.    73.68  63.64  79.59  60.32  75.    92.59  52.
   78.12  86.67  86.    92.75  72.    84.    88.    92.    96.    92.
   96.  ]
 [ 87.36  82.98  75.    71.93  63.64  79.59  60.32  75.    92.59  52.
   78.12  86.67  86.    91.3   93.75  92.    92.    88.    92.    88.
   88.  ]
 [ 87.28  82.98  75.    71.93  63.64  79.59  60.32  76.32  92.59  50.
   76.56  86.67  86.    88.41  89.06  81.69  96.    84.    80.    80.
   76.  ]
 [ 87.28  82.98  75.    71.93  63.64  79.59  60.32  77.63  92.59  50.
   76.56  86.67  86.    85.51  85.94  81.69  86.    88.   100.    84.
   92.  ]
 [ 87.19  82.98  75.    71.93  63.64  79.59  60.32  77.63  92.59  50.
   76.56  86.67  88.    85.51  84.38  81.69  86.    88.71  88.    92.
   84.  ]
 [ 87.19  82.98  75.    73.68  63.64  79.59  60.32  77.63  92.59  50.
   76.56  85.    88.    85.51  84.38  81.69  86.    87.1   98.33 100.
   96.  ]
 [ 87.19  82.98  75.    71.93  63.64  79.59  60.32  77.63  92.59  50.
   75.    83.33  88.    85.51  84.38  81.69  86.    87.1   98.33  96.92
  100.  ]
 [ 87.19  82.98  75.    73.68  65.15  79.59  60.32  77.63  92.59  50.
   75.    83.33  88.    85.51  84.38  81.69  86.    87.1   98.33  90.77
   94.83]]
================================================================================


================================================================================
Training Statistics for SEC-Prompt
================================================================================
Task    Params ↓    GPU ↓       Time/Epoch ↓
================================================================================
Task 0  1.54M       3216.33MiB  80.32s      
Task 1  0.03M       4555.79MiB  1.33s       
Task 2  0.03M       4558.03MiB  1.31s       
Task 3  0.03M       4559.90MiB  1.32s       
Task 4  0.03M       4561.96MiB  1.36s       
Task 5  0.03M       4564.02MiB  1.32s       
Task 6  0.03M       4567.55MiB  1.31s       
Task 7  0.03M       4569.04MiB  1.33s       
Task 8  0.03M       4570.54MiB  1.32s       
Task 9  0.03M       4573.49MiB  1.33s       
Task 10 0.03M       4574.99MiB  1.31s       
Task 11 0.03M       4576.73MiB  1.31s       
Task 12 0.03M       4578.79MiB  1.32s       
Task 13 0.03M       4581.62MiB  1.33s       
Task 14 0.03M       4583.40MiB  1.31s       
Task 15 0.03M       4585.17MiB  1.32s       
Task 16 0.03M       4585.04MiB  1.31s       
Task 17 0.03M       4588.84MiB  1.31s       
Task 18 0.03M       4591.59MiB  1.33s       
Task 19 0.03M       4593.18MiB  1.31s       
Task 20 0.03M       4594.77MiB  1.33s       
--------------------------------------------------------------------------------
Average 0.10M    4510.99MiB    5.08s
Max GPU             4594.77MiB
Total   2.15M                        2674.01s
================================================================================

2026-01-11 16:29:18,709 [trainer.py] => config: ./configs/SEC-Prompt_cub_B100_Inc10.json
2026-01-11 16:29:18,710 [trainer.py] => lamda: 0.5
2026-01-11 16:29:18,710 [trainer.py] => aug: 2
2026-01-11 16:29:18,710 [trainer.py] => prompt_token_num: 6
2026-01-11 16:29:18,710 [trainer.py] => prompt_pool_num: 0.5
2026-01-11 16:29:18,710 [trainer.py] => model_name: sec
2026-01-11 16:29:18,710 [trainer.py] => backbone_type: pretrained_vit_b16_224_vpt
2026-01-11 16:29:18,710 [trainer.py] => device: [device(type='cuda', index=3)]
2026-01-11 16:29:18,710 [trainer.py] => seed: 1993
2026-01-11 16:29:18,710 [trainer.py] => dataset: cub
2026-01-11 16:29:18,711 [trainer.py] => init_cls: 100
2026-01-11 16:29:18,711 [trainer.py] => increment: 10
2026-01-11 16:29:18,711 [trainer.py] => kshot: 5
2026-01-11 16:29:18,711 [trainer.py] => vpt_type: Deep
2026-01-11 16:29:18,711 [trainer.py] => kl_weight: 0.001
2026-01-11 16:29:18,711 [trainer.py] => tuned_epoch: 30
2026-01-11 16:29:18,711 [trainer.py] => fs_epoch: 10
2026-01-11 16:29:18,711 [trainer.py] => init_lr: 0.01
2026-01-11 16:29:18,711 [trainer.py] => fs_lr: 0.001
2026-01-11 16:29:18,711 [trainer.py] => batch_size: 32
2026-01-11 16:29:18,711 [trainer.py] => fs_batch_size: 16
2026-01-11 16:29:18,711 [trainer.py] => weight_decay: 0.005
2026-01-11 16:29:18,712 [trainer.py] => min_lr: 0
2026-01-11 16:29:18,712 [trainer.py] => optimizer: sgd
2026-01-11 16:29:18,712 [trainer.py] => shuffle: False
2026-01-11 16:29:18,712 [trainer.py] => top_k: 5
2026-01-11 16:29:18,712 [trainer.py] => base_model_path: saved_model/sec_tr/cub/30_0.01/6_0.5/sec_30_1993_32.pth
2026-01-11 16:29:18,712 [trainer.py] => prefix: sec
2026-01-11 16:29:18,712 [trainer.py] => model_prefix: sec
2026-01-11 16:29:18,712 [trainer.py] => beta: 0.5
2026-01-11 16:29:18,712 [trainer.py] => memory_size: 0
2026-01-11 16:29:18,712 [trainer.py] => memory_per_class: 0
2026-01-11 16:29:18,712 [trainer.py] => fixed_memory: False
2026-01-11 16:29:19,093 [data_manager.py] => [0, 1, 2, 3, 4, 5, 6, 7, 8, 9, 10, 11, 12, 13, 14, 15, 16, 17, 18, 19, 20, 21, 22, 23, 24, 25, 26, 27, 28, 29, 30, 31, 32, 33, 34, 35, 36, 37, 38, 39, 40, 41, 42, 43, 44, 45, 46, 47, 48, 49, 50, 51, 52, 53, 54, 55, 56, 57, 58, 59, 60, 61, 62, 63, 64, 65, 66, 67, 68, 69, 70, 71, 72, 73, 74, 75, 76, 77, 78, 79, 80, 81, 82, 83, 84, 85, 86, 87, 88, 89, 90, 91, 92, 93, 94, 95, 96, 97, 98, 99, 100, 101, 102, 103, 104, 105, 106, 107, 108, 109, 110, 111, 112, 113, 114, 115, 116, 117, 118, 119, 120, 121, 122, 123, 124, 125, 126, 127, 128, 129, 130, 131, 132, 133, 134, 135, 136, 137, 138, 139, 140, 141, 142, 143, 144, 145, 146, 147, 148, 149, 150, 151, 152, 153, 154, 155, 156, 157, 158, 159, 160, 161, 162, 163, 164, 165, 166, 167, 168, 169, 170, 171, 172, 173, 174, 175, 176, 177, 178, 179, 180, 181, 182, 183, 184, 185, 186, 187, 188, 189, 190, 191, 192, 193, 194, 195, 196, 197, 198, 199]
This is for the BaseNet initialization.
modelname, pretrained_vit_b16_224_vpt basicmodelname vit_base_patch16_224
Using VPT model
Using Deep Prompt
After BaseNet initialization.
2026-01-11 16:29:37,003 [sec.py] => Learning on 0-100
2026-01-11 16:29:37,355 [sec.py] => All params: 88102656
2026-01-11 16:29:37,355 [sec.py] => Actual trainable params (excluding detached): 1536000
2026-01-11 16:29:37,355 [sec.py] => TSP active prompts: 50 (total: 50)
2026-01-11 16:29:37,355 [sec.py] => RSP active prompts: 50 (total: 50)
2026-01-11 16:29:37,355 [sec.py] => Excluded params: head, detached prompts
2026-01-11 16:29:37,355 [sec.py] => backbone.TSP.e_p_1: 115200
2026-01-11 16:29:37,355 [sec.py] => backbone.TSP.e_k_1: 38400
2026-01-11 16:29:37,355 [sec.py] => backbone.TSP.e_a_1: 38400
2026-01-11 16:29:37,355 [sec.py] => backbone.TSP.e_p_2: 115200
2026-01-11 16:29:37,355 [sec.py] => backbone.TSP.e_k_2: 38400
2026-01-11 16:29:37,355 [sec.py] => backbone.TSP.e_a_2: 38400
2026-01-11 16:29:37,355 [sec.py] => backbone.TSP.e_p_3: 115200
2026-01-11 16:29:37,355 [sec.py] => backbone.TSP.e_k_3: 38400
2026-01-11 16:29:37,355 [sec.py] => backbone.TSP.e_a_3: 38400
2026-01-11 16:29:37,355 [sec.py] => backbone.TSP.e_p_4: 115200
2026-01-11 16:29:37,355 [sec.py] => backbone.TSP.e_k_4: 38400
2026-01-11 16:29:37,355 [sec.py] => backbone.TSP.e_a_4: 38400
2026-01-11 16:29:37,355 [sec.py] => backbone.RSP.e_p_1: 115200
2026-01-11 16:29:37,356 [sec.py] => backbone.RSP.e_k_1: 38400
2026-01-11 16:29:37,356 [sec.py] => backbone.RSP.e_a_1: 38400
2026-01-11 16:29:37,356 [sec.py] => backbone.RSP.e_p_2: 115200
2026-01-11 16:29:37,356 [sec.py] => backbone.RSP.e_k_2: 38400
2026-01-11 16:29:37,356 [sec.py] => backbone.RSP.e_a_2: 38400
2026-01-11 16:29:37,356 [sec.py] => backbone.RSP.e_p_3: 115200
2026-01-11 16:29:37,356 [sec.py] => backbone.RSP.e_k_3: 38400
2026-01-11 16:29:37,356 [sec.py] => backbone.RSP.e_a_3: 38400
2026-01-11 16:29:37,356 [sec.py] => backbone.RSP.e_p_4: 115200
2026-01-11 16:29:37,356 [sec.py] => backbone.RSP.e_k_4: 38400
2026-01-11 16:29:37,356 [sec.py] => backbone.RSP.e_a_4: 38400
2026-01-11 16:29:37,368 [sec.py] => training set size: 4693, fc construct set size: 4693
/public/home/hanlida/Dr.1/Code/Research/Awesome-FSCIL/SEC-Prompt-main/backbone/zoo.py:214: UserWarning: Implicit dimension choice for softmax has been deprecated. Change the call to include dim=X as an argument.
  aq_k = torch.nn.functional.softmax(aq_k)
2026-01-11 17:10:11,697 [trainer.py] => CNN: {'total': 87.45, '00-99': 87.45, '100-109': 82.0, '110-119': 74.0, '120-129': 70.0, '130-139': 72.0, '140-149': 74.0, '150-159': 78.0, '160-169': 78.0, '170-179': 90.0, '180-189': 94.0, '190-199': 92.0, 'old': 0, 'new': 87.45}
2026-01-11 17:10:11,717 [trainer.py] => Top1 curve: [87.45]
2026-01-11 17:10:11,717 [trainer.py] => Average Accuracy (CNN): 87.45
2026-01-11 17:10:11,722 [sec.py] => Learning on 100-110
2026-01-11 17:10:11,730 [sec.py] => All params: 88102656
2026-01-11 17:10:11,730 [sec.py] => Actual trainable params (excluding detached): 76800
2026-01-11 17:10:11,730 [sec.py] => TSP active prompts: 5 (total: 55)
2026-01-11 17:10:11,730 [sec.py] => RSP active prompts: 0 (total: 50)
2026-01-11 17:10:11,730 [sec.py] => Excluded params: head, detached prompts
2026-01-11 17:10:11,730 [sec.py] => backbone.TSP.e_p_1: 11520
2026-01-11 17:10:11,730 [sec.py] => backbone.TSP.e_k_1: 3840
2026-01-11 17:10:11,730 [sec.py] => backbone.TSP.e_a_1: 3840
2026-01-11 17:10:11,730 [sec.py] => backbone.TSP.e_p_2: 11520
2026-01-11 17:10:11,731 [sec.py] => backbone.TSP.e_k_2: 3840
2026-01-11 17:10:11,731 [sec.py] => backbone.TSP.e_a_2: 3840
2026-01-11 17:10:11,731 [sec.py] => backbone.TSP.e_p_3: 11520
2026-01-11 17:10:11,731 [sec.py] => backbone.TSP.e_k_3: 3840
2026-01-11 17:10:11,731 [sec.py] => backbone.TSP.e_a_3: 3840
2026-01-11 17:10:11,731 [sec.py] => backbone.TSP.e_p_4: 11520
2026-01-11 17:10:11,731 [sec.py] => backbone.TSP.e_k_4: 3840
2026-01-11 17:10:11,731 [sec.py] => backbone.TSP.e_a_4: 3840
2026-01-11 17:10:11,739 [sec.py] => training set size: 50, fc construct set size: 50
2026-01-11 17:10:58,994 [trainer.py] => CNN: {'total': 86.54, '00-99': 87.19, '100-109': 78.79, '110-119': 82.0, '120-129': 82.0, '130-139': 86.0, '140-149': 74.0, '150-159': 84.0, '160-169': 78.0, '170-179': 82.0, '180-189': 88.0, '190-199': 94.0, 'old': 87.19, 'new': 78.79}
2026-01-11 17:10:58,994 [trainer.py] => Top1 curve: [87.45, 86.54]
2026-01-11 17:10:58,994 [trainer.py] => Average Accuracy (CNN): 87.00
2026-01-11 17:10:59,000 [sec.py] => Learning on 110-120
2026-01-11 17:10:59,011 [sec.py] => All params: 88102656
2026-01-11 17:10:59,011 [sec.py] => Actual trainable params (excluding detached): 76800
2026-01-11 17:10:59,011 [sec.py] => TSP active prompts: 5 (total: 60)
2026-01-11 17:10:59,011 [sec.py] => RSP active prompts: 0 (total: 50)
2026-01-11 17:10:59,011 [sec.py] => Excluded params: head, detached prompts
2026-01-11 17:10:59,011 [sec.py] => backbone.TSP.e_p_1: 11520
2026-01-11 17:10:59,011 [sec.py] => backbone.TSP.e_k_1: 3840
2026-01-11 17:10:59,011 [sec.py] => backbone.TSP.e_a_1: 3840
2026-01-11 17:10:59,011 [sec.py] => backbone.TSP.e_p_2: 11520
2026-01-11 17:10:59,011 [sec.py] => backbone.TSP.e_k_2: 3840
2026-01-11 17:10:59,011 [sec.py] => backbone.TSP.e_a_2: 3840
2026-01-11 17:10:59,011 [sec.py] => backbone.TSP.e_p_3: 11520
2026-01-11 17:10:59,011 [sec.py] => backbone.TSP.e_k_3: 3840
2026-01-11 17:10:59,011 [sec.py] => backbone.TSP.e_a_3: 3840
2026-01-11 17:10:59,011 [sec.py] => backbone.TSP.e_p_4: 11520
2026-01-11 17:10:59,011 [sec.py] => backbone.TSP.e_k_4: 3840
2026-01-11 17:10:59,011 [sec.py] => backbone.TSP.e_a_4: 3840
2026-01-11 17:10:59,018 [sec.py] => training set size: 50, fc construct set size: 50
2026-01-11 17:11:46,265 [trainer.py] => CNN: {'total': 85.5, '00-99': 87.53, '100-109': 78.79, '110-119': 71.54, '120-129': 76.0, '130-139': 86.0, '140-149': 70.0, '150-159': 84.0, '160-169': 76.0, '170-179': 88.0, '180-189': 88.0, '190-199': 94.0, 'old': 86.85, 'new': 71.54}
2026-01-11 17:11:46,265 [trainer.py] => Top1 curve: [87.45, 86.54, 85.5]
2026-01-11 17:11:46,265 [trainer.py] => Average Accuracy (CNN): 86.50
2026-01-11 17:11:46,276 [sec.py] => Learning on 120-130
2026-01-11 17:11:46,287 [sec.py] => All params: 88102656
2026-01-11 17:11:46,288 [sec.py] => Actual trainable params (excluding detached): 76800
2026-01-11 17:11:46,288 [sec.py] => TSP active prompts: 5 (total: 65)
2026-01-11 17:11:46,288 [sec.py] => RSP active prompts: 0 (total: 50)
2026-01-11 17:11:46,288 [sec.py] => Excluded params: head, detached prompts
2026-01-11 17:11:46,288 [sec.py] => backbone.TSP.e_p_1: 11520
2026-01-11 17:11:46,288 [sec.py] => backbone.TSP.e_k_1: 3840
2026-01-11 17:11:46,288 [sec.py] => backbone.TSP.e_a_1: 3840
2026-01-11 17:11:46,288 [sec.py] => backbone.TSP.e_p_2: 11520
2026-01-11 17:11:46,288 [sec.py] => backbone.TSP.e_k_2: 3840
2026-01-11 17:11:46,288 [sec.py] => backbone.TSP.e_a_2: 3840
2026-01-11 17:11:46,288 [sec.py] => backbone.TSP.e_p_3: 11520
2026-01-11 17:11:46,288 [sec.py] => backbone.TSP.e_k_3: 3840
2026-01-11 17:11:46,288 [sec.py] => backbone.TSP.e_a_3: 3840
2026-01-11 17:11:46,288 [sec.py] => backbone.TSP.e_p_4: 11520
2026-01-11 17:11:46,288 [sec.py] => backbone.TSP.e_k_4: 3840
2026-01-11 17:11:46,288 [sec.py] => backbone.TSP.e_a_4: 3840
2026-01-11 17:11:46,295 [sec.py] => training set size: 50, fc construct set size: 50
2026-01-11 17:12:33,487 [trainer.py] => CNN: {'total': 84.25, '00-99': 87.45, '100-109': 78.79, '110-119': 71.54, '120-129': 69.64, '130-139': 94.0, '140-149': 80.0, '150-159': 88.0, '160-169': 78.0, '170-179': 90.0, '180-189': 94.0, '190-199': 88.0, 'old': 85.43, 'new': 69.64}
2026-01-11 17:12:33,487 [trainer.py] => Top1 curve: [87.45, 86.54, 85.5, 84.25]
2026-01-11 17:12:33,487 [trainer.py] => Average Accuracy (CNN): 85.94
2026-01-11 17:12:33,496 [sec.py] => Learning on 130-140
2026-01-11 17:12:33,504 [sec.py] => All params: 88102656
2026-01-11 17:12:33,504 [sec.py] => Actual trainable params (excluding detached): 76800
2026-01-11 17:12:33,505 [sec.py] => TSP active prompts: 5 (total: 70)
2026-01-11 17:12:33,505 [sec.py] => RSP active prompts: 0 (total: 50)
2026-01-11 17:12:33,505 [sec.py] => Excluded params: head, detached prompts
2026-01-11 17:12:33,505 [sec.py] => backbone.TSP.e_p_1: 11520
2026-01-11 17:12:33,505 [sec.py] => backbone.TSP.e_k_1: 3840
2026-01-11 17:12:33,505 [sec.py] => backbone.TSP.e_a_1: 3840
2026-01-11 17:12:33,505 [sec.py] => backbone.TSP.e_p_2: 11520
2026-01-11 17:12:33,505 [sec.py] => backbone.TSP.e_k_2: 3840
2026-01-11 17:12:33,505 [sec.py] => backbone.TSP.e_a_2: 3840
2026-01-11 17:12:33,505 [sec.py] => backbone.TSP.e_p_3: 11520
2026-01-11 17:12:33,505 [sec.py] => backbone.TSP.e_k_3: 3840
2026-01-11 17:12:33,505 [sec.py] => backbone.TSP.e_a_3: 3840
2026-01-11 17:12:33,505 [sec.py] => backbone.TSP.e_p_4: 11520
2026-01-11 17:12:33,505 [sec.py] => backbone.TSP.e_k_4: 3840
2026-01-11 17:12:33,505 [sec.py] => backbone.TSP.e_a_4: 3840
2026-01-11 17:12:33,515 [sec.py] => training set size: 50, fc construct set size: 50
2026-01-11 17:13:20,801 [trainer.py] => CNN: {'total': 84.34, '00-99': 87.53, '100-109': 78.79, '110-119': 71.54, '120-129': 70.54, '130-139': 83.85, '140-149': 84.0, '150-159': 82.0, '160-169': 78.0, '170-179': 86.0, '180-189': 88.0, '190-199': 88.0, 'old': 84.39, 'new': 83.85}
2026-01-11 17:13:20,801 [trainer.py] => Top1 curve: [87.45, 86.54, 85.5, 84.25, 84.34]
2026-01-11 17:13:20,801 [trainer.py] => Average Accuracy (CNN): 85.62
2026-01-11 17:13:20,825 [sec.py] => Learning on 140-150
2026-01-11 17:13:20,833 [sec.py] => All params: 88102656
2026-01-11 17:13:20,833 [sec.py] => Actual trainable params (excluding detached): 76800
2026-01-11 17:13:20,833 [sec.py] => TSP active prompts: 5 (total: 75)
2026-01-11 17:13:20,833 [sec.py] => RSP active prompts: 0 (total: 50)
2026-01-11 17:13:20,833 [sec.py] => Excluded params: head, detached prompts
2026-01-11 17:13:20,833 [sec.py] => backbone.TSP.e_p_1: 11520
2026-01-11 17:13:20,833 [sec.py] => backbone.TSP.e_k_1: 3840
2026-01-11 17:13:20,833 [sec.py] => backbone.TSP.e_a_1: 3840
2026-01-11 17:13:20,833 [sec.py] => backbone.TSP.e_p_2: 11520
2026-01-11 17:13:20,833 [sec.py] => backbone.TSP.e_k_2: 3840
2026-01-11 17:13:20,833 [sec.py] => backbone.TSP.e_a_2: 3840
2026-01-11 17:13:20,833 [sec.py] => backbone.TSP.e_p_3: 11520
2026-01-11 17:13:20,833 [sec.py] => backbone.TSP.e_k_3: 3840
2026-01-11 17:13:20,833 [sec.py] => backbone.TSP.e_a_3: 3840
2026-01-11 17:13:20,833 [sec.py] => backbone.TSP.e_p_4: 11520
2026-01-11 17:13:20,834 [sec.py] => backbone.TSP.e_k_4: 3840
2026-01-11 17:13:20,834 [sec.py] => backbone.TSP.e_a_4: 3840
2026-01-11 17:13:20,840 [sec.py] => training set size: 50, fc construct set size: 50
2026-01-11 17:14:08,235 [trainer.py] => CNN: {'total': 83.48, '00-99': 87.53, '100-109': 80.81, '110-119': 70.73, '120-129': 70.54, '130-139': 83.08, '140-149': 71.05, '150-159': 80.0, '160-169': 90.0, '170-179': 84.0, '180-189': 92.0, '190-199': 96.0, 'old': 84.34, 'new': 71.05}
2026-01-11 17:14:08,235 [trainer.py] => Top1 curve: [87.45, 86.54, 85.5, 84.25, 84.34, 83.48]
2026-01-11 17:14:08,235 [trainer.py] => Average Accuracy (CNN): 85.26
2026-01-11 17:14:08,241 [sec.py] => Learning on 150-160
2026-01-11 17:14:08,246 [sec.py] => All params: 88102656
2026-01-11 17:14:08,247 [sec.py] => Actual trainable params (excluding detached): 76800
2026-01-11 17:14:08,247 [sec.py] => TSP active prompts: 5 (total: 80)
2026-01-11 17:14:08,247 [sec.py] => RSP active prompts: 0 (total: 50)
2026-01-11 17:14:08,247 [sec.py] => Excluded params: head, detached prompts
2026-01-11 17:14:08,247 [sec.py] => backbone.TSP.e_p_1: 11520
2026-01-11 17:14:08,247 [sec.py] => backbone.TSP.e_k_1: 3840
2026-01-11 17:14:08,247 [sec.py] => backbone.TSP.e_a_1: 3840
2026-01-11 17:14:08,247 [sec.py] => backbone.TSP.e_p_2: 11520
2026-01-11 17:14:08,247 [sec.py] => backbone.TSP.e_k_2: 3840
2026-01-11 17:14:08,247 [sec.py] => backbone.TSP.e_a_2: 3840
2026-01-11 17:14:08,247 [sec.py] => backbone.TSP.e_p_3: 11520
2026-01-11 17:14:08,247 [sec.py] => backbone.TSP.e_k_3: 3840
2026-01-11 17:14:08,247 [sec.py] => backbone.TSP.e_a_3: 3840
2026-01-11 17:14:08,247 [sec.py] => backbone.TSP.e_p_4: 11520
2026-01-11 17:14:08,247 [sec.py] => backbone.TSP.e_k_4: 3840
2026-01-11 17:14:08,247 [sec.py] => backbone.TSP.e_a_4: 3840
2026-01-11 17:14:08,253 [sec.py] => training set size: 50, fc construct set size: 50
2026-01-11 17:14:55,372 [trainer.py] => CNN: {'total': 83.65, '00-99': 87.53, '100-109': 79.8, '110-119': 70.73, '120-129': 69.64, '130-139': 83.85, '140-149': 71.05, '150-159': 87.27, '160-169': 84.0, '170-179': 92.0, '180-189': 92.0, '190-199': 92.0, 'old': 83.42, 'new': 87.27}
2026-01-11 17:14:55,373 [trainer.py] => Top1 curve: [87.45, 86.54, 85.5, 84.25, 84.34, 83.48, 83.65]
2026-01-11 17:14:55,373 [trainer.py] => Average Accuracy (CNN): 85.03
2026-01-11 17:14:55,379 [sec.py] => Learning on 160-170
2026-01-11 17:14:55,388 [sec.py] => All params: 88102656
2026-01-11 17:14:55,388 [sec.py] => Actual trainable params (excluding detached): 76800
2026-01-11 17:14:55,388 [sec.py] => TSP active prompts: 5 (total: 85)
2026-01-11 17:14:55,388 [sec.py] => RSP active prompts: 0 (total: 50)
2026-01-11 17:14:55,388 [sec.py] => Excluded params: head, detached prompts
2026-01-11 17:14:55,388 [sec.py] => backbone.TSP.e_p_1: 11520
2026-01-11 17:14:55,388 [sec.py] => backbone.TSP.e_k_1: 3840
2026-01-11 17:14:55,388 [sec.py] => backbone.TSP.e_a_1: 3840
2026-01-11 17:14:55,388 [sec.py] => backbone.TSP.e_p_2: 11520
2026-01-11 17:14:55,388 [sec.py] => backbone.TSP.e_k_2: 3840
2026-01-11 17:14:55,388 [sec.py] => backbone.TSP.e_a_2: 3840
2026-01-11 17:14:55,388 [sec.py] => backbone.TSP.e_p_3: 11520
2026-01-11 17:14:55,389 [sec.py] => backbone.TSP.e_k_3: 3840
2026-01-11 17:14:55,389 [sec.py] => backbone.TSP.e_a_3: 3840
2026-01-11 17:14:55,389 [sec.py] => backbone.TSP.e_p_4: 11520
2026-01-11 17:14:55,389 [sec.py] => backbone.TSP.e_k_4: 3840
2026-01-11 17:14:55,389 [sec.py] => backbone.TSP.e_a_4: 3840
2026-01-11 17:14:55,394 [sec.py] => training set size: 50, fc construct set size: 50
2026-01-11 17:15:42,109 [trainer.py] => CNN: {'total': 84.14, '00-99': 87.53, '100-109': 79.8, '110-119': 70.73, '120-129': 69.64, '130-139': 83.85, '140-149': 71.93, '150-159': 85.45, '160-169': 91.73, '170-179': 90.0, '180-189': 82.0, '190-199': 84.0, 'old': 83.59, 'new': 91.73}
2026-01-11 17:15:42,109 [trainer.py] => Top1 curve: [87.45, 86.54, 85.5, 84.25, 84.34, 83.48, 83.65, 84.14]
2026-01-11 17:15:42,110 [trainer.py] => Average Accuracy (CNN): 84.92
2026-01-11 17:15:42,115 [sec.py] => Learning on 170-180
2026-01-11 17:15:42,125 [sec.py] => All params: 88102656
2026-01-11 17:15:42,125 [sec.py] => Actual trainable params (excluding detached): 76800
2026-01-11 17:15:42,125 [sec.py] => TSP active prompts: 5 (total: 90)
2026-01-11 17:15:42,125 [sec.py] => RSP active prompts: 0 (total: 50)
2026-01-11 17:15:42,125 [sec.py] => Excluded params: head, detached prompts
2026-01-11 17:15:42,125 [sec.py] => backbone.TSP.e_p_1: 11520
2026-01-11 17:15:42,125 [sec.py] => backbone.TSP.e_k_1: 3840
2026-01-11 17:15:42,125 [sec.py] => backbone.TSP.e_a_1: 3840
2026-01-11 17:15:42,125 [sec.py] => backbone.TSP.e_p_2: 11520
2026-01-11 17:15:42,125 [sec.py] => backbone.TSP.e_k_2: 3840
2026-01-11 17:15:42,125 [sec.py] => backbone.TSP.e_a_2: 3840
2026-01-11 17:15:42,125 [sec.py] => backbone.TSP.e_p_3: 11520
2026-01-11 17:15:42,125 [sec.py] => backbone.TSP.e_k_3: 3840
2026-01-11 17:15:42,125 [sec.py] => backbone.TSP.e_a_3: 3840
2026-01-11 17:15:42,125 [sec.py] => backbone.TSP.e_p_4: 11520
2026-01-11 17:15:42,125 [sec.py] => backbone.TSP.e_k_4: 3840
2026-01-11 17:15:42,125 [sec.py] => backbone.TSP.e_a_4: 3840
2026-01-11 17:15:42,130 [sec.py] => training set size: 50, fc construct set size: 50
2026-01-11 17:16:29,286 [trainer.py] => CNN: {'total': 83.58, '00-99': 87.53, '100-109': 80.81, '110-119': 70.73, '120-129': 69.64, '130-139': 84.62, '140-149': 71.05, '150-159': 85.45, '160-169': 84.96, '170-179': 80.99, '180-189': 80.0, '190-199': 94.0, 'old': 83.73, 'new': 80.99}
2026-01-11 17:16:29,287 [trainer.py] => Top1 curve: [87.45, 86.54, 85.5, 84.25, 84.34, 83.48, 83.65, 84.14, 83.58]
2026-01-11 17:16:29,287 [trainer.py] => Average Accuracy (CNN): 84.77
2026-01-11 17:16:29,292 [sec.py] => Learning on 180-190
2026-01-11 17:16:29,304 [sec.py] => All params: 88102656
2026-01-11 17:16:29,304 [sec.py] => Actual trainable params (excluding detached): 76800
2026-01-11 17:16:29,304 [sec.py] => TSP active prompts: 5 (total: 95)
2026-01-11 17:16:29,304 [sec.py] => RSP active prompts: 0 (total: 50)
2026-01-11 17:16:29,304 [sec.py] => Excluded params: head, detached prompts
2026-01-11 17:16:29,304 [sec.py] => backbone.TSP.e_p_1: 11520
2026-01-11 17:16:29,304 [sec.py] => backbone.TSP.e_k_1: 3840
2026-01-11 17:16:29,304 [sec.py] => backbone.TSP.e_a_1: 3840
2026-01-11 17:16:29,304 [sec.py] => backbone.TSP.e_p_2: 11520
2026-01-11 17:16:29,304 [sec.py] => backbone.TSP.e_k_2: 3840
2026-01-11 17:16:29,304 [sec.py] => backbone.TSP.e_a_2: 3840
2026-01-11 17:16:29,304 [sec.py] => backbone.TSP.e_p_3: 11520
2026-01-11 17:16:29,305 [sec.py] => backbone.TSP.e_k_3: 3840
2026-01-11 17:16:29,305 [sec.py] => backbone.TSP.e_a_3: 3840
2026-01-11 17:16:29,305 [sec.py] => backbone.TSP.e_p_4: 11520
2026-01-11 17:16:29,305 [sec.py] => backbone.TSP.e_k_4: 3840
2026-01-11 17:16:29,305 [sec.py] => backbone.TSP.e_a_4: 3840
2026-01-11 17:16:29,309 [sec.py] => training set size: 50, fc construct set size: 50
2026-01-11 17:17:16,214 [trainer.py] => CNN: {'total': 83.89, '00-99': 87.62, '100-109': 80.81, '110-119': 69.92, '120-129': 69.64, '130-139': 83.85, '140-149': 70.18, '150-159': 85.45, '160-169': 84.21, '170-179': 79.34, '180-189': 93.44, '190-199': 86.0, 'old': 83.34, 'new': 93.44}
2026-01-11 17:17:16,214 [trainer.py] => Top1 curve: [87.45, 86.54, 85.5, 84.25, 84.34, 83.48, 83.65, 84.14, 83.58, 83.89]
2026-01-11 17:17:16,214 [trainer.py] => Average Accuracy (CNN): 84.68
2026-01-11 17:17:16,220 [sec.py] => Learning on 190-200
2026-01-11 17:17:16,229 [sec.py] => All params: 88102656
2026-01-11 17:17:16,230 [sec.py] => Actual trainable params (excluding detached): 76800
2026-01-11 17:17:16,230 [sec.py] => TSP active prompts: 5 (total: 100)
2026-01-11 17:17:16,230 [sec.py] => RSP active prompts: 0 (total: 50)
2026-01-11 17:17:16,230 [sec.py] => Excluded params: head, detached prompts
2026-01-11 17:17:16,230 [sec.py] => backbone.TSP.e_p_1: 11520
2026-01-11 17:17:16,230 [sec.py] => backbone.TSP.e_k_1: 3840
2026-01-11 17:17:16,230 [sec.py] => backbone.TSP.e_a_1: 3840
2026-01-11 17:17:16,230 [sec.py] => backbone.TSP.e_p_2: 11520
2026-01-11 17:17:16,230 [sec.py] => backbone.TSP.e_k_2: 3840
2026-01-11 17:17:16,230 [sec.py] => backbone.TSP.e_a_2: 3840
2026-01-11 17:17:16,230 [sec.py] => backbone.TSP.e_p_3: 11520
2026-01-11 17:17:16,230 [sec.py] => backbone.TSP.e_k_3: 3840
2026-01-11 17:17:16,230 [sec.py] => backbone.TSP.e_a_3: 3840
2026-01-11 17:17:16,230 [sec.py] => backbone.TSP.e_p_4: 11520
2026-01-11 17:17:16,230 [sec.py] => backbone.TSP.e_k_4: 3840
2026-01-11 17:17:16,230 [sec.py] => backbone.TSP.e_a_4: 3840
2026-01-11 17:17:16,234 [sec.py] => training set size: 50, fc construct set size: 50
2026-01-11 17:18:03,089 [trainer.py] => CNN: {'total': 84.31, '00-99': 87.53, '100-109': 80.81, '110-119': 69.92, '120-129': 68.75, '130-139': 83.85, '140-149': 70.18, '150-159': 86.36, '160-169': 84.21, '170-179': 80.17, '180-189': 93.44, '190-199': 91.87, 'old': 83.89, 'new': 91.87}
2026-01-11 17:18:03,089 [trainer.py] => Top1 curve: [87.45, 86.54, 85.5, 84.25, 84.34, 83.48, 83.65, 84.14, 83.58, 83.89, 84.31]
2026-01-11 17:18:03,089 [trainer.py] => Average Accuracy (CNN): 84.65

================================================================================
Finished cub_init100_inc10: pretrained_vit_b16_224_vpt  
Base Accuracy: 87.45
Last Accuracy: 84.31
Average Accuracy (Top1): 84.65
PD: 3.14
Backward Transfer (BWT): -1.05
Accuracy Matrix (CNN):
[[87.45 82.   74.   70.   72.   74.   78.   78.   90.   94.   92.  ]
 [87.19 78.79 82.   82.   86.   74.   84.   78.   82.   88.   94.  ]
 [87.53 78.79 71.54 76.   86.   70.   84.   76.   88.   88.   94.  ]
 [87.45 78.79 71.54 69.64 94.   80.   88.   78.   90.   94.   88.  ]
 [87.53 78.79 71.54 70.54 83.85 84.   82.   78.   86.   88.   88.  ]
 [87.53 80.81 70.73 70.54 83.08 71.05 80.   90.   84.   92.   96.  ]
 [87.53 79.8  70.73 69.64 83.85 71.05 87.27 84.   92.   92.   92.  ]
 [87.53 79.8  70.73 69.64 83.85 71.93 85.45 91.73 90.   82.   84.  ]
 [87.53 80.81 70.73 69.64 84.62 71.05 85.45 84.96 80.99 80.   94.  ]
 [87.62 80.81 69.92 69.64 83.85 70.18 85.45 84.21 79.34 93.44 86.  ]
 [87.53 80.81 69.92 68.75 83.85 70.18 86.36 84.21 80.17 93.44 91.87]]
================================================================================


================================================================================
Training Statistics for SEC-Prompt
================================================================================
Task    Params ↓    GPU ↓       Time/Epoch ↓
================================================================================
Task 0  1.54M       3217.50MiB  80.41s      
Task 1  0.08M       4560.39MiB  2.66s       
Task 2  0.08M       4565.51MiB  2.67s       
Task 3  0.08M       4571.26MiB  2.68s       
Task 4  0.08M       4576.26MiB  2.67s       
Task 5  0.08M       4582.35MiB  2.68s       
Task 6  0.08M       4585.53MiB  2.67s       
Task 7  0.08M       4590.79MiB  2.68s       
Task 8  0.08M       4595.73MiB  2.69s       
Task 9  0.08M       4600.23MiB  2.66s       
Task 10 0.08M       4606.13MiB  2.70s       
--------------------------------------------------------------------------------
Average 0.21M    4459.24MiB    9.74s
Max GPU             4606.13MiB
Total   2.30M                        2679.79s
================================================================================

2026-01-11 17:18:24,442 [trainer.py] => config: ./configs/SEC-Prompt_cifar_B60_Inc2.json
2026-01-11 17:18:24,457 [trainer.py] => lamda: 0.5
2026-01-11 17:18:24,458 [trainer.py] => aug: 2
2026-01-11 17:18:24,458 [trainer.py] => prompt_token_num: 6
2026-01-11 17:18:24,458 [trainer.py] => prompt_pool_num: 0.5
2026-01-11 17:18:24,458 [trainer.py] => model_name: sec
2026-01-11 17:18:24,458 [trainer.py] => backbone_type: pretrained_vit_b16_224_vpt
2026-01-11 17:18:24,458 [trainer.py] => device: [device(type='cuda', index=0)]
2026-01-11 17:18:24,458 [trainer.py] => seed: 1993
2026-01-11 17:18:24,458 [trainer.py] => dataset: cifar224
2026-01-11 17:18:24,458 [trainer.py] => init_cls: 60
2026-01-11 17:18:24,458 [trainer.py] => increment: 2
2026-01-11 17:18:24,458 [trainer.py] => kshot: 5
2026-01-11 17:18:24,458 [trainer.py] => vpt_type: Deep
2026-01-11 17:18:24,458 [trainer.py] => kl_weight: 0.001
2026-01-11 17:18:24,458 [trainer.py] => tuned_epoch: 30
2026-01-11 17:18:24,458 [trainer.py] => fs_epoch: 10
2026-01-11 17:18:24,458 [trainer.py] => init_lr: 0.01
2026-01-11 17:18:24,458 [trainer.py] => fs_lr: 0.001
2026-01-11 17:18:24,458 [trainer.py] => batch_size: 32
2026-01-11 17:18:24,458 [trainer.py] => fs_batch_size: 16
2026-01-11 17:18:24,458 [trainer.py] => weight_decay: 0.005
2026-01-11 17:18:24,458 [trainer.py] => min_lr: 0
2026-01-11 17:18:24,458 [trainer.py] => optimizer: sgd
2026-01-11 17:18:24,458 [trainer.py] => shuffle: False
2026-01-11 17:18:24,458 [trainer.py] => top_k: 5
2026-01-11 17:18:24,458 [trainer.py] => base_model_path: saved_model/sec_tr/cifar224/30_0.01/6_0.5/sec_30_1993_32.pth
2026-01-11 17:18:24,458 [trainer.py] => prefix: sec
2026-01-11 17:18:24,458 [trainer.py] => model_prefix: sec
2026-01-11 17:18:24,458 [trainer.py] => beta: 0.5
2026-01-11 17:18:24,458 [trainer.py] => memory_size: 0
2026-01-11 17:18:24,459 [trainer.py] => memory_per_class: 0
2026-01-11 17:18:24,459 [trainer.py] => fixed_memory: False
2026-01-11 17:18:25,839 [data_manager.py] => [0, 1, 2, 3, 4, 5, 6, 7, 8, 9, 10, 11, 12, 13, 14, 15, 16, 17, 18, 19, 20, 21, 22, 23, 24, 25, 26, 27, 28, 29, 30, 31, 32, 33, 34, 35, 36, 37, 38, 39, 40, 41, 42, 43, 44, 45, 46, 47, 48, 49, 50, 51, 52, 53, 54, 55, 56, 57, 58, 59, 60, 61, 62, 63, 64, 65, 66, 67, 68, 69, 70, 71, 72, 73, 74, 75, 76, 77, 78, 79, 80, 81, 82, 83, 84, 85, 86, 87, 88, 89, 90, 91, 92, 93, 94, 95, 96, 97, 98, 99]
This is for the BaseNet initialization.
modelname, pretrained_vit_b16_224_vpt basicmodelname vit_base_patch16_224
Using VPT model
Using Deep Prompt
After BaseNet initialization.
2026-01-11 17:18:48,114 [sec.py] => Learning on 0-60
2026-01-11 17:18:48,483 [sec.py] => All params: 87027456
2026-01-11 17:18:48,483 [sec.py] => Actual trainable params (excluding detached): 921600
2026-01-11 17:18:48,483 [sec.py] => TSP active prompts: 30 (total: 30)
2026-01-11 17:18:48,483 [sec.py] => RSP active prompts: 30 (total: 30)
2026-01-11 17:18:48,483 [sec.py] => Excluded params: head, detached prompts
2026-01-11 17:18:48,483 [sec.py] => backbone.TSP.e_p_1: 69120
2026-01-11 17:18:48,483 [sec.py] => backbone.TSP.e_k_1: 23040
2026-01-11 17:18:48,483 [sec.py] => backbone.TSP.e_a_1: 23040
2026-01-11 17:18:48,483 [sec.py] => backbone.TSP.e_p_2: 69120
2026-01-11 17:18:48,483 [sec.py] => backbone.TSP.e_k_2: 23040
2026-01-11 17:18:48,483 [sec.py] => backbone.TSP.e_a_2: 23040
2026-01-11 17:18:48,483 [sec.py] => backbone.TSP.e_p_3: 69120
2026-01-11 17:18:48,483 [sec.py] => backbone.TSP.e_k_3: 23040
2026-01-11 17:18:48,483 [sec.py] => backbone.TSP.e_a_3: 23040
2026-01-11 17:18:48,483 [sec.py] => backbone.TSP.e_p_4: 69120
2026-01-11 17:18:48,483 [sec.py] => backbone.TSP.e_k_4: 23040
2026-01-11 17:18:48,483 [sec.py] => backbone.TSP.e_a_4: 23040
2026-01-11 17:18:48,483 [sec.py] => backbone.RSP.e_p_1: 69120
2026-01-11 17:18:48,483 [sec.py] => backbone.RSP.e_k_1: 23040
2026-01-11 17:18:48,484 [sec.py] => backbone.RSP.e_a_1: 23040
2026-01-11 17:18:48,484 [sec.py] => backbone.RSP.e_p_2: 69120
2026-01-11 17:18:48,484 [sec.py] => backbone.RSP.e_k_2: 23040
2026-01-11 17:18:48,484 [sec.py] => backbone.RSP.e_a_2: 23040
2026-01-11 17:18:48,484 [sec.py] => backbone.RSP.e_p_3: 69120
2026-01-11 17:18:48,484 [sec.py] => backbone.RSP.e_k_3: 23040
2026-01-11 17:18:48,484 [sec.py] => backbone.RSP.e_a_3: 23040
2026-01-11 17:18:48,484 [sec.py] => backbone.RSP.e_p_4: 69120
2026-01-11 17:18:48,484 [sec.py] => backbone.RSP.e_k_4: 23040
2026-01-11 17:18:48,484 [sec.py] => backbone.RSP.e_a_4: 23040
2026-01-11 17:18:48,735 [sec.py] => training set size: 30000, fc construct set size: 30000
/public/home/hanlida/Dr.1/Code/Research/Awesome-FSCIL/SEC-Prompt-main/backbone/zoo.py:214: UserWarning: Implicit dimension choice for softmax has been deprecated. Change the call to include dim=X as an argument.
  aq_k = torch.nn.functional.softmax(aq_k)
2026-01-11 19:58:39,545 [trainer.py] => CNN: {'total': 90.77, '00-59': 90.77, '60-61': 70.0, '62-63': 90.0, '64-65': 70.0, '66-67': 80.0, '68-69': 90.0, '70-71': 90.0, '72-73': 90.0, '74-75': 60.0, '76-77': 80.0, '78-79': 80.0, '80-81': 90.0, '82-83': 100.0, '84-85': 100.0, '86-87': 90.0, '88-89': 50.0, '90-91': 80.0, '92-93': 90.0, '94-95': 90.0, '96-97': 70.0, '98-99': 60.0, 'old': 0, 'new': 90.77}
2026-01-11 19:58:39,579 [trainer.py] => Top1 curve: [90.77]
2026-01-11 19:58:39,579 [trainer.py] => Average Accuracy (CNN): 90.77
2026-01-11 19:58:39,585 [sec.py] => Learning on 60-62
2026-01-11 19:58:39,590 [sec.py] => All params: 87027456
2026-01-11 19:58:39,591 [sec.py] => Actual trainable params (excluding detached): 15360
2026-01-11 19:58:39,591 [sec.py] => TSP active prompts: 1 (total: 31)
2026-01-11 19:58:39,591 [sec.py] => RSP active prompts: 0 (total: 30)
2026-01-11 19:58:39,591 [sec.py] => Excluded params: head, detached prompts
2026-01-11 19:58:39,591 [sec.py] => backbone.TSP.e_p_1: 2304
2026-01-11 19:58:39,591 [sec.py] => backbone.TSP.e_k_1: 768
2026-01-11 19:58:39,591 [sec.py] => backbone.TSP.e_a_1: 768
2026-01-11 19:58:39,591 [sec.py] => backbone.TSP.e_p_2: 2304
2026-01-11 19:58:39,591 [sec.py] => backbone.TSP.e_k_2: 768
2026-01-11 19:58:39,591 [sec.py] => backbone.TSP.e_a_2: 768
2026-01-11 19:58:39,591 [sec.py] => backbone.TSP.e_p_3: 2304
2026-01-11 19:58:39,591 [sec.py] => backbone.TSP.e_k_3: 768
2026-01-11 19:58:39,591 [sec.py] => backbone.TSP.e_a_3: 768
2026-01-11 19:58:39,591 [sec.py] => backbone.TSP.e_p_4: 2304
2026-01-11 19:58:39,591 [sec.py] => backbone.TSP.e_k_4: 768
2026-01-11 19:58:39,591 [sec.py] => backbone.TSP.e_a_4: 768
2026-01-11 19:58:39,643 [sec.py] => training set size: 10, fc construct set size: 10
2026-01-11 19:59:20,265 [trainer.py] => CNN: {'total': 90.11, '00-59': 90.53, '60-61': 77.5, '62-63': 70.0, '64-65': 70.0, '66-67': 70.0, '68-69': 70.0, '70-71': 70.0, '72-73': 80.0, '74-75': 70.0, '76-77': 90.0, '78-79': 90.0, '80-81': 80.0, '82-83': 70.0, '84-85': 80.0, '86-87': 90.0, '88-89': 70.0, '90-91': 80.0, '92-93': 100.0, '94-95': 100.0, '96-97': 60.0, '98-99': 70.0, 'old': 90.53, 'new': 77.5}
2026-01-11 19:59:20,265 [trainer.py] => Top1 curve: [90.77, 90.11]
2026-01-11 19:59:20,265 [trainer.py] => Average Accuracy (CNN): 90.44
2026-01-11 19:59:20,270 [sec.py] => Learning on 62-64
2026-01-11 19:59:20,276 [sec.py] => All params: 87027456
2026-01-11 19:59:20,276 [sec.py] => Actual trainable params (excluding detached): 15360
2026-01-11 19:59:20,276 [sec.py] => TSP active prompts: 1 (total: 32)
2026-01-11 19:59:20,276 [sec.py] => RSP active prompts: 0 (total: 30)
2026-01-11 19:59:20,276 [sec.py] => Excluded params: head, detached prompts
2026-01-11 19:59:20,276 [sec.py] => backbone.TSP.e_p_1: 2304
2026-01-11 19:59:20,276 [sec.py] => backbone.TSP.e_k_1: 768
2026-01-11 19:59:20,276 [sec.py] => backbone.TSP.e_a_1: 768
2026-01-11 19:59:20,276 [sec.py] => backbone.TSP.e_p_2: 2304
2026-01-11 19:59:20,276 [sec.py] => backbone.TSP.e_k_2: 768
2026-01-11 19:59:20,276 [sec.py] => backbone.TSP.e_a_2: 768
2026-01-11 19:59:20,277 [sec.py] => backbone.TSP.e_p_3: 2304
2026-01-11 19:59:20,277 [sec.py] => backbone.TSP.e_k_3: 768
2026-01-11 19:59:20,277 [sec.py] => backbone.TSP.e_a_3: 768
2026-01-11 19:59:20,277 [sec.py] => backbone.TSP.e_p_4: 2304
2026-01-11 19:59:20,277 [sec.py] => backbone.TSP.e_k_4: 768
2026-01-11 19:59:20,277 [sec.py] => backbone.TSP.e_a_4: 768
2026-01-11 19:59:20,307 [sec.py] => training set size: 10, fc construct set size: 10
2026-01-11 20:00:02,246 [trainer.py] => CNN: {'total': 89.81, '00-59': 90.42, '60-61': 77.0, '62-63': 84.5, '64-65': 90.0, '66-67': 70.0, '68-69': 80.0, '70-71': 80.0, '72-73': 90.0, '74-75': 60.0, '76-77': 100.0, '78-79': 90.0, '80-81': 100.0, '82-83': 100.0, '84-85': 100.0, '86-87': 80.0, '88-89': 70.0, '90-91': 60.0, '92-93': 90.0, '94-95': 100.0, '96-97': 70.0, '98-99': 90.0, 'old': 89.98, 'new': 84.5}
2026-01-11 20:00:02,246 [trainer.py] => Top1 curve: [90.77, 90.11, 89.81]
2026-01-11 20:00:02,247 [trainer.py] => Average Accuracy (CNN): 90.23
2026-01-11 20:00:02,257 [sec.py] => Learning on 64-66
2026-01-11 20:00:02,263 [sec.py] => All params: 87027456
2026-01-11 20:00:02,264 [sec.py] => Actual trainable params (excluding detached): 15360
2026-01-11 20:00:02,264 [sec.py] => TSP active prompts: 1 (total: 33)
2026-01-11 20:00:02,264 [sec.py] => RSP active prompts: 0 (total: 30)
2026-01-11 20:00:02,264 [sec.py] => Excluded params: head, detached prompts
2026-01-11 20:00:02,264 [sec.py] => backbone.TSP.e_p_1: 2304
2026-01-11 20:00:02,264 [sec.py] => backbone.TSP.e_k_1: 768
2026-01-11 20:00:02,264 [sec.py] => backbone.TSP.e_a_1: 768
2026-01-11 20:00:02,264 [sec.py] => backbone.TSP.e_p_2: 2304
2026-01-11 20:00:02,265 [sec.py] => backbone.TSP.e_k_2: 768
2026-01-11 20:00:02,265 [sec.py] => backbone.TSP.e_a_2: 768
2026-01-11 20:00:02,265 [sec.py] => backbone.TSP.e_p_3: 2304
2026-01-11 20:00:02,265 [sec.py] => backbone.TSP.e_k_3: 768
2026-01-11 20:00:02,265 [sec.py] => backbone.TSP.e_a_3: 768
2026-01-11 20:00:02,265 [sec.py] => backbone.TSP.e_p_4: 2304
2026-01-11 20:00:02,265 [sec.py] => backbone.TSP.e_k_4: 768
2026-01-11 20:00:02,265 [sec.py] => backbone.TSP.e_a_4: 768
2026-01-11 20:00:02,319 [sec.py] => training set size: 10, fc construct set size: 10
2026-01-11 20:00:45,246 [trainer.py] => CNN: {'total': 89.36, '00-59': 90.37, '60-61': 77.5, '62-63': 85.0, '64-65': 75.5, '66-67': 60.0, '68-69': 60.0, '70-71': 90.0, '72-73': 90.0, '74-75': 80.0, '76-77': 80.0, '78-79': 90.0, '80-81': 80.0, '82-83': 100.0, '84-85': 90.0, '86-87': 90.0, '88-89': 70.0, '90-91': 80.0, '92-93': 80.0, '94-95': 100.0, '96-97': 70.0, '98-99': 90.0, 'old': 89.8, 'new': 75.5}
2026-01-11 20:00:45,246 [trainer.py] => Top1 curve: [90.77, 90.11, 89.81, 89.36]
2026-01-11 20:00:45,247 [trainer.py] => Average Accuracy (CNN): 90.01
2026-01-11 20:00:45,252 [sec.py] => Learning on 66-68
2026-01-11 20:00:45,257 [sec.py] => All params: 87027456
2026-01-11 20:00:45,257 [sec.py] => Actual trainable params (excluding detached): 15360
2026-01-11 20:00:45,257 [sec.py] => TSP active prompts: 1 (total: 34)
2026-01-11 20:00:45,257 [sec.py] => RSP active prompts: 0 (total: 30)
2026-01-11 20:00:45,257 [sec.py] => Excluded params: head, detached prompts
2026-01-11 20:00:45,257 [sec.py] => backbone.TSP.e_p_1: 2304
2026-01-11 20:00:45,257 [sec.py] => backbone.TSP.e_k_1: 768
2026-01-11 20:00:45,257 [sec.py] => backbone.TSP.e_a_1: 768
2026-01-11 20:00:45,257 [sec.py] => backbone.TSP.e_p_2: 2304
2026-01-11 20:00:45,257 [sec.py] => backbone.TSP.e_k_2: 768
2026-01-11 20:00:45,257 [sec.py] => backbone.TSP.e_a_2: 768
2026-01-11 20:00:45,257 [sec.py] => backbone.TSP.e_p_3: 2304
2026-01-11 20:00:45,257 [sec.py] => backbone.TSP.e_k_3: 768
2026-01-11 20:00:45,257 [sec.py] => backbone.TSP.e_a_3: 768
2026-01-11 20:00:45,258 [sec.py] => backbone.TSP.e_p_4: 2304
2026-01-11 20:00:45,258 [sec.py] => backbone.TSP.e_k_4: 768
2026-01-11 20:00:45,258 [sec.py] => backbone.TSP.e_a_4: 768
2026-01-11 20:00:45,288 [sec.py] => training set size: 10, fc construct set size: 10
2026-01-11 20:01:29,132 [trainer.py] => CNN: {'total': 89.38, '00-59': 90.28, '60-61': 78.0, '62-63': 84.5, '64-65': 72.5, '66-67': 95.5, '68-69': 70.0, '70-71': 90.0, '72-73': 80.0, '74-75': 80.0, '76-77': 80.0, '78-79': 70.0, '80-81': 70.0, '82-83': 100.0, '84-85': 90.0, '86-87': 100.0, '88-89': 60.0, '90-91': 80.0, '92-93': 70.0, '94-95': 60.0, '96-97': 70.0, '98-99': 80.0, 'old': 89.2, 'new': 95.5}
2026-01-11 20:01:29,132 [trainer.py] => Top1 curve: [90.77, 90.11, 89.81, 89.36, 89.38]
2026-01-11 20:01:29,132 [trainer.py] => Average Accuracy (CNN): 89.89
2026-01-11 20:01:29,137 [sec.py] => Learning on 68-70
2026-01-11 20:01:29,139 [sec.py] => All params: 87027456
2026-01-11 20:01:29,139 [sec.py] => Actual trainable params (excluding detached): 15360
2026-01-11 20:01:29,139 [sec.py] => TSP active prompts: 1 (total: 35)
2026-01-11 20:01:29,139 [sec.py] => RSP active prompts: 0 (total: 30)
2026-01-11 20:01:29,139 [sec.py] => Excluded params: head, detached prompts
2026-01-11 20:01:29,139 [sec.py] => backbone.TSP.e_p_1: 2304
2026-01-11 20:01:29,139 [sec.py] => backbone.TSP.e_k_1: 768
2026-01-11 20:01:29,139 [sec.py] => backbone.TSP.e_a_1: 768
2026-01-11 20:01:29,139 [sec.py] => backbone.TSP.e_p_2: 2304
2026-01-11 20:01:29,139 [sec.py] => backbone.TSP.e_k_2: 768
2026-01-11 20:01:29,139 [sec.py] => backbone.TSP.e_a_2: 768
2026-01-11 20:01:29,139 [sec.py] => backbone.TSP.e_p_3: 2304
2026-01-11 20:01:29,139 [sec.py] => backbone.TSP.e_k_3: 768
2026-01-11 20:01:29,139 [sec.py] => backbone.TSP.e_a_3: 768
2026-01-11 20:01:29,140 [sec.py] => backbone.TSP.e_p_4: 2304
2026-01-11 20:01:29,140 [sec.py] => backbone.TSP.e_k_4: 768
2026-01-11 20:01:29,140 [sec.py] => backbone.TSP.e_a_4: 768
2026-01-11 20:01:29,170 [sec.py] => training set size: 10, fc construct set size: 10
2026-01-11 20:02:14,100 [trainer.py] => CNN: {'total': 89.29, '00-59': 90.28, '60-61': 77.0, '62-63': 84.5, '64-65': 72.5, '66-67': 95.5, '68-69': 87.0, '70-71': 90.0, '72-73': 90.0, '74-75': 40.0, '76-77': 90.0, '78-79': 100.0, '80-81': 50.0, '82-83': 90.0, '84-85': 70.0, '86-87': 100.0, '88-89': 70.0, '90-91': 90.0, '92-93': 90.0, '94-95': 80.0, '96-97': 60.0, '98-99': 90.0, 'old': 89.35, 'new': 87.0}
2026-01-11 20:02:14,100 [trainer.py] => Top1 curve: [90.77, 90.11, 89.81, 89.36, 89.38, 89.29]
2026-01-11 20:02:14,101 [trainer.py] => Average Accuracy (CNN): 89.79
2026-01-11 20:02:14,106 [sec.py] => Learning on 70-72
2026-01-11 20:02:14,111 [sec.py] => All params: 87027456
2026-01-11 20:02:14,112 [sec.py] => Actual trainable params (excluding detached): 15360
2026-01-11 20:02:14,112 [sec.py] => TSP active prompts: 1 (total: 36)
2026-01-11 20:02:14,112 [sec.py] => RSP active prompts: 0 (total: 30)
2026-01-11 20:02:14,112 [sec.py] => Excluded params: head, detached prompts
2026-01-11 20:02:14,112 [sec.py] => backbone.TSP.e_p_1: 2304
2026-01-11 20:02:14,112 [sec.py] => backbone.TSP.e_k_1: 768
2026-01-11 20:02:14,112 [sec.py] => backbone.TSP.e_a_1: 768
2026-01-11 20:02:14,112 [sec.py] => backbone.TSP.e_p_2: 2304
2026-01-11 20:02:14,112 [sec.py] => backbone.TSP.e_k_2: 768
2026-01-11 20:02:14,112 [sec.py] => backbone.TSP.e_a_2: 768
2026-01-11 20:02:14,112 [sec.py] => backbone.TSP.e_p_3: 2304
2026-01-11 20:02:14,112 [sec.py] => backbone.TSP.e_k_3: 768
2026-01-11 20:02:14,112 [sec.py] => backbone.TSP.e_a_3: 768
2026-01-11 20:02:14,112 [sec.py] => backbone.TSP.e_p_4: 2304
2026-01-11 20:02:14,112 [sec.py] => backbone.TSP.e_k_4: 768
2026-01-11 20:02:14,112 [sec.py] => backbone.TSP.e_a_4: 768
2026-01-11 20:02:14,142 [sec.py] => training set size: 10, fc construct set size: 10
2026-01-11 20:03:00,074 [trainer.py] => CNN: {'total': 88.82, '00-59': 90.05, '60-61': 76.0, '62-63': 81.0, '64-65': 72.5, '66-67': 95.5, '68-69': 86.5, '70-71': 84.5, '72-73': 100.0, '74-75': 70.0, '76-77': 100.0, '78-79': 100.0, '80-81': 60.0, '82-83': 100.0, '84-85': 90.0, '86-87': 80.0, '88-89': 60.0, '90-91': 90.0, '92-93': 100.0, '94-95': 80.0, '96-97': 80.0, '98-99': 80.0, 'old': 88.94, 'new': 84.5}
2026-01-11 20:03:00,075 [trainer.py] => Top1 curve: [90.77, 90.11, 89.81, 89.36, 89.38, 89.29, 88.82]
2026-01-11 20:03:00,075 [trainer.py] => Average Accuracy (CNN): 89.65
2026-01-11 20:03:00,080 [sec.py] => Learning on 72-74
2026-01-11 20:03:00,085 [sec.py] => All params: 87027456
2026-01-11 20:03:00,085 [sec.py] => Actual trainable params (excluding detached): 15360
2026-01-11 20:03:00,085 [sec.py] => TSP active prompts: 1 (total: 37)
2026-01-11 20:03:00,085 [sec.py] => RSP active prompts: 0 (total: 30)
2026-01-11 20:03:00,085 [sec.py] => Excluded params: head, detached prompts
2026-01-11 20:03:00,085 [sec.py] => backbone.TSP.e_p_1: 2304
2026-01-11 20:03:00,086 [sec.py] => backbone.TSP.e_k_1: 768
2026-01-11 20:03:00,086 [sec.py] => backbone.TSP.e_a_1: 768
2026-01-11 20:03:00,086 [sec.py] => backbone.TSP.e_p_2: 2304
2026-01-11 20:03:00,086 [sec.py] => backbone.TSP.e_k_2: 768
2026-01-11 20:03:00,086 [sec.py] => backbone.TSP.e_a_2: 768
2026-01-11 20:03:00,086 [sec.py] => backbone.TSP.e_p_3: 2304
2026-01-11 20:03:00,086 [sec.py] => backbone.TSP.e_k_3: 768
2026-01-11 20:03:00,086 [sec.py] => backbone.TSP.e_a_3: 768
2026-01-11 20:03:00,086 [sec.py] => backbone.TSP.e_p_4: 2304
2026-01-11 20:03:00,086 [sec.py] => backbone.TSP.e_k_4: 768
2026-01-11 20:03:00,086 [sec.py] => backbone.TSP.e_a_4: 768
2026-01-11 20:03:00,116 [sec.py] => training set size: 10, fc construct set size: 10
2026-01-11 20:03:46,970 [trainer.py] => CNN: {'total': 88.27, '00-59': 89.92, '60-61': 76.5, '62-63': 81.0, '64-65': 72.5, '66-67': 95.5, '68-69': 87.0, '70-71': 84.5, '72-73': 71.5, '74-75': 80.0, '76-77': 90.0, '78-79': 100.0, '80-81': 80.0, '82-83': 90.0, '84-85': 80.0, '86-87': 100.0, '88-89': 80.0, '90-91': 90.0, '92-93': 90.0, '94-95': 90.0, '96-97': 80.0, '98-99': 80.0, 'old': 88.74, 'new': 71.5}
2026-01-11 20:03:46,970 [trainer.py] => Top1 curve: [90.77, 90.11, 89.81, 89.36, 89.38, 89.29, 88.82, 88.27]
2026-01-11 20:03:46,970 [trainer.py] => Average Accuracy (CNN): 89.48
2026-01-11 20:03:46,977 [sec.py] => Learning on 74-76
2026-01-11 20:03:46,983 [sec.py] => All params: 87027456
2026-01-11 20:03:46,983 [sec.py] => Actual trainable params (excluding detached): 15360
2026-01-11 20:03:46,983 [sec.py] => TSP active prompts: 1 (total: 38)
2026-01-11 20:03:46,983 [sec.py] => RSP active prompts: 0 (total: 30)
2026-01-11 20:03:46,983 [sec.py] => Excluded params: head, detached prompts
2026-01-11 20:03:46,983 [sec.py] => backbone.TSP.e_p_1: 2304
2026-01-11 20:03:46,983 [sec.py] => backbone.TSP.e_k_1: 768
2026-01-11 20:03:46,983 [sec.py] => backbone.TSP.e_a_1: 768
2026-01-11 20:03:46,983 [sec.py] => backbone.TSP.e_p_2: 2304
2026-01-11 20:03:46,983 [sec.py] => backbone.TSP.e_k_2: 768
2026-01-11 20:03:46,983 [sec.py] => backbone.TSP.e_a_2: 768
2026-01-11 20:03:46,983 [sec.py] => backbone.TSP.e_p_3: 2304
2026-01-11 20:03:46,983 [sec.py] => backbone.TSP.e_k_3: 768
2026-01-11 20:03:46,983 [sec.py] => backbone.TSP.e_a_3: 768
2026-01-11 20:03:46,983 [sec.py] => backbone.TSP.e_p_4: 2304
2026-01-11 20:03:46,983 [sec.py] => backbone.TSP.e_k_4: 768
2026-01-11 20:03:46,984 [sec.py] => backbone.TSP.e_a_4: 768
2026-01-11 20:03:47,013 [sec.py] => training set size: 10, fc construct set size: 10
2026-01-11 20:04:34,939 [trainer.py] => CNN: {'total': 87.88, '00-59': 89.85, '60-61': 76.5, '62-63': 79.0, '64-65': 72.0, '66-67': 95.5, '68-69': 87.5, '70-71': 85.0, '72-73': 71.5, '74-75': 77.0, '76-77': 60.0, '78-79': 90.0, '80-81': 60.0, '82-83': 100.0, '84-85': 70.0, '86-87': 90.0, '88-89': 50.0, '90-91': 90.0, '92-93': 100.0, '94-95': 50.0, '96-97': 100.0, '98-99': 80.0, 'old': 88.18, 'new': 77.0}
2026-01-11 20:04:34,939 [trainer.py] => Top1 curve: [90.77, 90.11, 89.81, 89.36, 89.38, 89.29, 88.82, 88.27, 87.88]
2026-01-11 20:04:34,939 [trainer.py] => Average Accuracy (CNN): 89.30
2026-01-11 20:04:34,944 [sec.py] => Learning on 76-78
2026-01-11 20:04:34,949 [sec.py] => All params: 87027456
2026-01-11 20:04:34,949 [sec.py] => Actual trainable params (excluding detached): 15360
2026-01-11 20:04:34,949 [sec.py] => TSP active prompts: 1 (total: 39)
2026-01-11 20:04:34,949 [sec.py] => RSP active prompts: 0 (total: 30)
2026-01-11 20:04:34,949 [sec.py] => Excluded params: head, detached prompts
2026-01-11 20:04:34,949 [sec.py] => backbone.TSP.e_p_1: 2304
2026-01-11 20:04:34,949 [sec.py] => backbone.TSP.e_k_1: 768
2026-01-11 20:04:34,950 [sec.py] => backbone.TSP.e_a_1: 768
2026-01-11 20:04:34,950 [sec.py] => backbone.TSP.e_p_2: 2304
2026-01-11 20:04:34,950 [sec.py] => backbone.TSP.e_k_2: 768
2026-01-11 20:04:34,950 [sec.py] => backbone.TSP.e_a_2: 768
2026-01-11 20:04:34,950 [sec.py] => backbone.TSP.e_p_3: 2304
2026-01-11 20:04:34,950 [sec.py] => backbone.TSP.e_k_3: 768
2026-01-11 20:04:34,950 [sec.py] => backbone.TSP.e_a_3: 768
2026-01-11 20:04:34,950 [sec.py] => backbone.TSP.e_p_4: 2304
2026-01-11 20:04:34,950 [sec.py] => backbone.TSP.e_k_4: 768
2026-01-11 20:04:34,950 [sec.py] => backbone.TSP.e_a_4: 768
2026-01-11 20:04:34,979 [sec.py] => training set size: 10, fc construct set size: 10
2026-01-11 20:05:23,424 [trainer.py] => CNN: {'total': 87.91, '00-59': 89.83, '60-61': 76.5, '62-63': 79.0, '64-65': 72.0, '66-67': 95.5, '68-69': 87.0, '70-71': 85.0, '72-73': 71.5, '74-75': 77.0, '76-77': 90.0, '78-79': 90.0, '80-81': 70.0, '82-83': 90.0, '84-85': 90.0, '86-87': 90.0, '88-89': 70.0, '90-91': 80.0, '92-93': 60.0, '94-95': 90.0, '96-97': 80.0, '98-99': 80.0, 'old': 87.86, 'new': 90.0}
2026-01-11 20:05:23,425 [trainer.py] => Top1 curve: [90.77, 90.11, 89.81, 89.36, 89.38, 89.29, 88.82, 88.27, 87.88, 87.91]
2026-01-11 20:05:23,425 [trainer.py] => Average Accuracy (CNN): 89.16
2026-01-11 20:05:23,430 [sec.py] => Learning on 78-80
2026-01-11 20:05:23,435 [sec.py] => All params: 87027456
2026-01-11 20:05:23,435 [sec.py] => Actual trainable params (excluding detached): 15360
2026-01-11 20:05:23,435 [sec.py] => TSP active prompts: 1 (total: 40)
2026-01-11 20:05:23,435 [sec.py] => RSP active prompts: 0 (total: 30)
2026-01-11 20:05:23,435 [sec.py] => Excluded params: head, detached prompts
2026-01-11 20:05:23,435 [sec.py] => backbone.TSP.e_p_1: 2304
2026-01-11 20:05:23,435 [sec.py] => backbone.TSP.e_k_1: 768
2026-01-11 20:05:23,435 [sec.py] => backbone.TSP.e_a_1: 768
2026-01-11 20:05:23,435 [sec.py] => backbone.TSP.e_p_2: 2304
2026-01-11 20:05:23,435 [sec.py] => backbone.TSP.e_k_2: 768
2026-01-11 20:05:23,435 [sec.py] => backbone.TSP.e_a_2: 768
2026-01-11 20:05:23,435 [sec.py] => backbone.TSP.e_p_3: 2304
2026-01-11 20:05:23,435 [sec.py] => backbone.TSP.e_k_3: 768
2026-01-11 20:05:23,435 [sec.py] => backbone.TSP.e_a_3: 768
2026-01-11 20:05:23,435 [sec.py] => backbone.TSP.e_p_4: 2304
2026-01-11 20:05:23,435 [sec.py] => backbone.TSP.e_k_4: 768
2026-01-11 20:05:23,435 [sec.py] => backbone.TSP.e_a_4: 768
2026-01-11 20:05:23,464 [sec.py] => training set size: 10, fc construct set size: 10
2026-01-11 20:06:13,041 [trainer.py] => CNN: {'total': 88.12, '00-59': 89.82, '60-61': 76.0, '62-63': 80.0, '64-65': 72.0, '66-67': 95.5, '68-69': 87.0, '70-71': 85.0, '72-73': 72.0, '74-75': 77.0, '76-77': 90.0, '78-79': 96.0, '80-81': 80.0, '82-83': 90.0, '84-85': 80.0, '86-87': 100.0, '88-89': 70.0, '90-91': 80.0, '92-93': 90.0, '94-95': 80.0, '96-97': 70.0, '98-99': 80.0, 'old': 87.92, 'new': 96.0}
2026-01-11 20:06:13,041 [trainer.py] => Top1 curve: [90.77, 90.11, 89.81, 89.36, 89.38, 89.29, 88.82, 88.27, 87.88, 87.91, 88.12]
2026-01-11 20:06:13,041 [trainer.py] => Average Accuracy (CNN): 89.07
2026-01-11 20:06:13,047 [sec.py] => Learning on 80-82
2026-01-11 20:06:13,053 [sec.py] => All params: 87027456
2026-01-11 20:06:13,053 [sec.py] => Actual trainable params (excluding detached): 15360
2026-01-11 20:06:13,053 [sec.py] => TSP active prompts: 1 (total: 41)
2026-01-11 20:06:13,053 [sec.py] => RSP active prompts: 0 (total: 30)
2026-01-11 20:06:13,053 [sec.py] => Excluded params: head, detached prompts
2026-01-11 20:06:13,053 [sec.py] => backbone.TSP.e_p_1: 2304
2026-01-11 20:06:13,053 [sec.py] => backbone.TSP.e_k_1: 768
2026-01-11 20:06:13,053 [sec.py] => backbone.TSP.e_a_1: 768
2026-01-11 20:06:13,053 [sec.py] => backbone.TSP.e_p_2: 2304
2026-01-11 20:06:13,053 [sec.py] => backbone.TSP.e_k_2: 768
2026-01-11 20:06:13,053 [sec.py] => backbone.TSP.e_a_2: 768
2026-01-11 20:06:13,053 [sec.py] => backbone.TSP.e_p_3: 2304
2026-01-11 20:06:13,053 [sec.py] => backbone.TSP.e_k_3: 768
2026-01-11 20:06:13,054 [sec.py] => backbone.TSP.e_a_3: 768
2026-01-11 20:06:13,054 [sec.py] => backbone.TSP.e_p_4: 2304
2026-01-11 20:06:13,054 [sec.py] => backbone.TSP.e_k_4: 768
2026-01-11 20:06:13,054 [sec.py] => backbone.TSP.e_a_4: 768
2026-01-11 20:06:13,083 [sec.py] => training set size: 10, fc construct set size: 10
2026-01-11 20:07:03,902 [trainer.py] => CNN: {'total': 87.87, '00-59': 89.73, '60-61': 75.5, '62-63': 80.0, '64-65': 71.0, '66-67': 95.5, '68-69': 87.0, '70-71': 85.0, '72-73': 72.0, '74-75': 77.0, '76-77': 90.0, '78-79': 96.0, '80-81': 81.5, '82-83': 90.0, '84-85': 60.0, '86-87': 90.0, '88-89': 60.0, '90-91': 80.0, '92-93': 90.0, '94-95': 90.0, '96-97': 80.0, '98-99': 80.0, 'old': 88.02, 'new': 81.5}
2026-01-11 20:07:03,902 [trainer.py] => Top1 curve: [90.77, 90.11, 89.81, 89.36, 89.38, 89.29, 88.82, 88.27, 87.88, 87.91, 88.12, 87.87]
2026-01-11 20:07:03,902 [trainer.py] => Average Accuracy (CNN): 88.97
2026-01-11 20:07:03,907 [sec.py] => Learning on 82-84
2026-01-11 20:07:03,910 [sec.py] => All params: 87027456
2026-01-11 20:07:03,910 [sec.py] => Actual trainable params (excluding detached): 15360
2026-01-11 20:07:03,910 [sec.py] => TSP active prompts: 1 (total: 42)
2026-01-11 20:07:03,910 [sec.py] => RSP active prompts: 0 (total: 30)
2026-01-11 20:07:03,910 [sec.py] => Excluded params: head, detached prompts
2026-01-11 20:07:03,910 [sec.py] => backbone.TSP.e_p_1: 2304
2026-01-11 20:07:03,910 [sec.py] => backbone.TSP.e_k_1: 768
2026-01-11 20:07:03,911 [sec.py] => backbone.TSP.e_a_1: 768
2026-01-11 20:07:03,911 [sec.py] => backbone.TSP.e_p_2: 2304
2026-01-11 20:07:03,911 [sec.py] => backbone.TSP.e_k_2: 768
2026-01-11 20:07:03,911 [sec.py] => backbone.TSP.e_a_2: 768
2026-01-11 20:07:03,911 [sec.py] => backbone.TSP.e_p_3: 2304
2026-01-11 20:07:03,911 [sec.py] => backbone.TSP.e_k_3: 768
2026-01-11 20:07:03,911 [sec.py] => backbone.TSP.e_a_3: 768
2026-01-11 20:07:03,911 [sec.py] => backbone.TSP.e_p_4: 2304
2026-01-11 20:07:03,911 [sec.py] => backbone.TSP.e_k_4: 768
2026-01-11 20:07:03,911 [sec.py] => backbone.TSP.e_a_4: 768
2026-01-11 20:07:03,940 [sec.py] => training set size: 10, fc construct set size: 10
2026-01-11 20:07:55,385 [trainer.py] => CNN: {'total': 87.93, '00-59': 89.7, '60-61': 74.0, '62-63': 79.5, '64-65': 71.0, '66-67': 95.5, '68-69': 87.0, '70-71': 85.0, '72-73': 72.0, '74-75': 77.0, '76-77': 90.0, '78-79': 96.0, '80-81': 81.5, '82-83': 93.5, '84-85': 80.0, '86-87': 90.0, '88-89': 90.0, '90-91': 80.0, '92-93': 90.0, '94-95': 70.0, '96-97': 90.0, '98-99': 80.0, 'old': 87.79, 'new': 93.5}
2026-01-11 20:07:55,385 [trainer.py] => Top1 curve: [90.77, 90.11, 89.81, 89.36, 89.38, 89.29, 88.82, 88.27, 87.88, 87.91, 88.12, 87.87, 87.93]
2026-01-11 20:07:55,385 [trainer.py] => Average Accuracy (CNN): 88.89
2026-01-11 20:07:55,393 [sec.py] => Learning on 84-86
2026-01-11 20:07:55,399 [sec.py] => All params: 87027456
2026-01-11 20:07:55,400 [sec.py] => Actual trainable params (excluding detached): 15360
2026-01-11 20:07:55,400 [sec.py] => TSP active prompts: 1 (total: 43)
2026-01-11 20:07:55,400 [sec.py] => RSP active prompts: 0 (total: 30)
2026-01-11 20:07:55,400 [sec.py] => Excluded params: head, detached prompts
2026-01-11 20:07:55,400 [sec.py] => backbone.TSP.e_p_1: 2304
2026-01-11 20:07:55,400 [sec.py] => backbone.TSP.e_k_1: 768
2026-01-11 20:07:55,400 [sec.py] => backbone.TSP.e_a_1: 768
2026-01-11 20:07:55,400 [sec.py] => backbone.TSP.e_p_2: 2304
2026-01-11 20:07:55,400 [sec.py] => backbone.TSP.e_k_2: 768
2026-01-11 20:07:55,400 [sec.py] => backbone.TSP.e_a_2: 768
2026-01-11 20:07:55,400 [sec.py] => backbone.TSP.e_p_3: 2304
2026-01-11 20:07:55,400 [sec.py] => backbone.TSP.e_k_3: 768
2026-01-11 20:07:55,400 [sec.py] => backbone.TSP.e_a_3: 768
2026-01-11 20:07:55,401 [sec.py] => backbone.TSP.e_p_4: 2304
2026-01-11 20:07:55,401 [sec.py] => backbone.TSP.e_k_4: 768
2026-01-11 20:07:55,401 [sec.py] => backbone.TSP.e_a_4: 768
2026-01-11 20:07:55,437 [sec.py] => training set size: 10, fc construct set size: 10
2026-01-11 20:08:48,020 [trainer.py] => CNN: {'total': 87.91, '00-59': 89.68, '60-61': 73.5, '62-63': 79.5, '64-65': 71.5, '66-67': 95.0, '68-69': 87.0, '70-71': 85.0, '72-73': 72.0, '74-75': 77.0, '76-77': 90.0, '78-79': 96.0, '80-81': 81.5, '82-83': 93.5, '84-85': 88.0, '86-87': 80.0, '88-89': 70.0, '90-91': 80.0, '92-93': 80.0, '94-95': 80.0, '96-97': 70.0, '98-99': 60.0, 'old': 87.9, 'new': 88.0}
2026-01-11 20:08:48,021 [trainer.py] => Top1 curve: [90.77, 90.11, 89.81, 89.36, 89.38, 89.29, 88.82, 88.27, 87.88, 87.91, 88.12, 87.87, 87.93, 87.91]
2026-01-11 20:08:48,021 [trainer.py] => Average Accuracy (CNN): 88.82
2026-01-11 20:08:48,026 [sec.py] => Learning on 86-88
2026-01-11 20:08:48,032 [sec.py] => All params: 87027456
2026-01-11 20:08:48,032 [sec.py] => Actual trainable params (excluding detached): 15360
2026-01-11 20:08:48,032 [sec.py] => TSP active prompts: 1 (total: 44)
2026-01-11 20:08:48,032 [sec.py] => RSP active prompts: 0 (total: 30)
2026-01-11 20:08:48,032 [sec.py] => Excluded params: head, detached prompts
2026-01-11 20:08:48,032 [sec.py] => backbone.TSP.e_p_1: 2304
2026-01-11 20:08:48,032 [sec.py] => backbone.TSP.e_k_1: 768
2026-01-11 20:08:48,032 [sec.py] => backbone.TSP.e_a_1: 768
2026-01-11 20:08:48,033 [sec.py] => backbone.TSP.e_p_2: 2304
2026-01-11 20:08:48,033 [sec.py] => backbone.TSP.e_k_2: 768
2026-01-11 20:08:48,033 [sec.py] => backbone.TSP.e_a_2: 768
2026-01-11 20:08:48,033 [sec.py] => backbone.TSP.e_p_3: 2304
2026-01-11 20:08:48,033 [sec.py] => backbone.TSP.e_k_3: 768
2026-01-11 20:08:48,033 [sec.py] => backbone.TSP.e_a_3: 768
2026-01-11 20:08:48,033 [sec.py] => backbone.TSP.e_p_4: 2304
2026-01-11 20:08:48,033 [sec.py] => backbone.TSP.e_k_4: 768
2026-01-11 20:08:48,033 [sec.py] => backbone.TSP.e_a_4: 768
2026-01-11 20:08:48,061 [sec.py] => training set size: 10, fc construct set size: 10
2026-01-11 20:09:41,638 [trainer.py] => CNN: {'total': 87.94, '00-59': 89.62, '60-61': 73.5, '62-63': 79.5, '64-65': 71.5, '66-67': 95.0, '68-69': 87.0, '70-71': 85.0, '72-73': 72.0, '74-75': 77.0, '76-77': 90.0, '78-79': 96.0, '80-81': 81.5, '82-83': 93.5, '84-85': 88.0, '86-87': 91.5, '88-89': 80.0, '90-91': 80.0, '92-93': 90.0, '94-95': 90.0, '96-97': 80.0, '98-99': 80.0, 'old': 87.86, 'new': 91.5}
2026-01-11 20:09:41,639 [trainer.py] => Top1 curve: [90.77, 90.11, 89.81, 89.36, 89.38, 89.29, 88.82, 88.27, 87.88, 87.91, 88.12, 87.87, 87.93, 87.91, 87.94]
2026-01-11 20:09:41,639 [trainer.py] => Average Accuracy (CNN): 88.76
2026-01-11 20:09:41,648 [sec.py] => Learning on 88-90
2026-01-11 20:09:41,656 [sec.py] => All params: 87027456
2026-01-11 20:09:41,656 [sec.py] => Actual trainable params (excluding detached): 15360
2026-01-11 20:09:41,656 [sec.py] => TSP active prompts: 1 (total: 45)
2026-01-11 20:09:41,656 [sec.py] => RSP active prompts: 0 (total: 30)
2026-01-11 20:09:41,656 [sec.py] => Excluded params: head, detached prompts
2026-01-11 20:09:41,656 [sec.py] => backbone.TSP.e_p_1: 2304
2026-01-11 20:09:41,656 [sec.py] => backbone.TSP.e_k_1: 768
2026-01-11 20:09:41,656 [sec.py] => backbone.TSP.e_a_1: 768
2026-01-11 20:09:41,656 [sec.py] => backbone.TSP.e_p_2: 2304
2026-01-11 20:09:41,656 [sec.py] => backbone.TSP.e_k_2: 768
2026-01-11 20:09:41,657 [sec.py] => backbone.TSP.e_a_2: 768
2026-01-11 20:09:41,657 [sec.py] => backbone.TSP.e_p_3: 2304
2026-01-11 20:09:41,657 [sec.py] => backbone.TSP.e_k_3: 768
2026-01-11 20:09:41,657 [sec.py] => backbone.TSP.e_a_3: 768
2026-01-11 20:09:41,657 [sec.py] => backbone.TSP.e_p_4: 2304
2026-01-11 20:09:41,657 [sec.py] => backbone.TSP.e_k_4: 768
2026-01-11 20:09:41,657 [sec.py] => backbone.TSP.e_a_4: 768
2026-01-11 20:09:41,700 [sec.py] => training set size: 10, fc construct set size: 10
2026-01-11 20:10:36,782 [trainer.py] => CNN: {'total': 87.83, '00-59': 89.47, '60-61': 73.5, '62-63': 79.5, '64-65': 71.5, '66-67': 95.0, '68-69': 87.0, '70-71': 84.5, '72-73': 72.0, '74-75': 77.0, '76-77': 90.0, '78-79': 96.0, '80-81': 81.5, '82-83': 93.5, '84-85': 87.5, '86-87': 91.5, '88-89': 88.5, '90-91': 80.0, '92-93': 80.0, '94-95': 90.0, '96-97': 70.0, '98-99': 50.0, 'old': 87.82, 'new': 88.5}
2026-01-11 20:10:36,782 [trainer.py] => Top1 curve: [90.77, 90.11, 89.81, 89.36, 89.38, 89.29, 88.82, 88.27, 87.88, 87.91, 88.12, 87.87, 87.93, 87.91, 87.94, 87.83]
2026-01-11 20:10:36,783 [trainer.py] => Average Accuracy (CNN): 88.70
2026-01-11 20:10:36,788 [sec.py] => Learning on 90-92
2026-01-11 20:10:36,794 [sec.py] => All params: 87027456
2026-01-11 20:10:36,794 [sec.py] => Actual trainable params (excluding detached): 15360
2026-01-11 20:10:36,795 [sec.py] => TSP active prompts: 1 (total: 46)
2026-01-11 20:10:36,795 [sec.py] => RSP active prompts: 0 (total: 30)
2026-01-11 20:10:36,795 [sec.py] => Excluded params: head, detached prompts
2026-01-11 20:10:36,795 [sec.py] => backbone.TSP.e_p_1: 2304
2026-01-11 20:10:36,795 [sec.py] => backbone.TSP.e_k_1: 768
2026-01-11 20:10:36,795 [sec.py] => backbone.TSP.e_a_1: 768
2026-01-11 20:10:36,795 [sec.py] => backbone.TSP.e_p_2: 2304
2026-01-11 20:10:36,795 [sec.py] => backbone.TSP.e_k_2: 768
2026-01-11 20:10:36,795 [sec.py] => backbone.TSP.e_a_2: 768
2026-01-11 20:10:36,795 [sec.py] => backbone.TSP.e_p_3: 2304
2026-01-11 20:10:36,795 [sec.py] => backbone.TSP.e_k_3: 768
2026-01-11 20:10:36,795 [sec.py] => backbone.TSP.e_a_3: 768
2026-01-11 20:10:36,795 [sec.py] => backbone.TSP.e_p_4: 2304
2026-01-11 20:10:36,795 [sec.py] => backbone.TSP.e_k_4: 768
2026-01-11 20:10:36,795 [sec.py] => backbone.TSP.e_a_4: 768
2026-01-11 20:10:36,824 [sec.py] => training set size: 10, fc construct set size: 10
2026-01-11 20:11:32,635 [trainer.py] => CNN: {'total': 87.7, '00-59': 89.4, '60-61': 72.5, '62-63': 79.5, '64-65': 71.5, '66-67': 95.0, '68-69': 87.0, '70-71': 84.5, '72-73': 71.5, '74-75': 77.5, '76-77': 90.0, '78-79': 96.0, '80-81': 77.5, '82-83': 93.5, '84-85': 87.5, '86-87': 91.5, '88-89': 88.5, '90-91': 88.5, '92-93': 70.0, '94-95': 50.0, '96-97': 90.0, '98-99': 90.0, 'old': 87.68, 'new': 88.5}
2026-01-11 20:11:32,635 [trainer.py] => Top1 curve: [90.77, 90.11, 89.81, 89.36, 89.38, 89.29, 88.82, 88.27, 87.88, 87.91, 88.12, 87.87, 87.93, 87.91, 87.94, 87.83, 87.7]
2026-01-11 20:11:32,635 [trainer.py] => Average Accuracy (CNN): 88.64
2026-01-11 20:11:32,640 [sec.py] => Learning on 92-94
2026-01-11 20:11:32,646 [sec.py] => All params: 87027456
2026-01-11 20:11:32,646 [sec.py] => Actual trainable params (excluding detached): 15360
2026-01-11 20:11:32,646 [sec.py] => TSP active prompts: 1 (total: 47)
2026-01-11 20:11:32,646 [sec.py] => RSP active prompts: 0 (total: 30)
2026-01-11 20:11:32,646 [sec.py] => Excluded params: head, detached prompts
2026-01-11 20:11:32,646 [sec.py] => backbone.TSP.e_p_1: 2304
2026-01-11 20:11:32,646 [sec.py] => backbone.TSP.e_k_1: 768
2026-01-11 20:11:32,646 [sec.py] => backbone.TSP.e_a_1: 768
2026-01-11 20:11:32,646 [sec.py] => backbone.TSP.e_p_2: 2304
2026-01-11 20:11:32,646 [sec.py] => backbone.TSP.e_k_2: 768
2026-01-11 20:11:32,646 [sec.py] => backbone.TSP.e_a_2: 768
2026-01-11 20:11:32,646 [sec.py] => backbone.TSP.e_p_3: 2304
2026-01-11 20:11:32,647 [sec.py] => backbone.TSP.e_k_3: 768
2026-01-11 20:11:32,647 [sec.py] => backbone.TSP.e_a_3: 768
2026-01-11 20:11:32,647 [sec.py] => backbone.TSP.e_p_4: 2304
2026-01-11 20:11:32,647 [sec.py] => backbone.TSP.e_k_4: 768
2026-01-11 20:11:32,647 [sec.py] => backbone.TSP.e_a_4: 768
2026-01-11 20:11:32,675 [sec.py] => training set size: 10, fc construct set size: 10
2026-01-11 20:12:29,428 [trainer.py] => CNN: {'total': 87.46, '00-59': 89.28, '60-61': 72.5, '62-63': 78.0, '64-65': 71.5, '66-67': 94.0, '68-69': 87.0, '70-71': 84.5, '72-73': 71.5, '74-75': 77.0, '76-77': 90.5, '78-79': 96.0, '80-81': 78.0, '82-83': 93.5, '84-85': 87.5, '86-87': 91.5, '88-89': 88.5, '90-91': 88.5, '92-93': 82.0, '94-95': 70.0, '96-97': 80.0, '98-99': 80.0, 'old': 87.58, 'new': 82.0}
2026-01-11 20:12:29,429 [trainer.py] => Top1 curve: [90.77, 90.11, 89.81, 89.36, 89.38, 89.29, 88.82, 88.27, 87.88, 87.91, 88.12, 87.87, 87.93, 87.91, 87.94, 87.83, 87.7, 87.46]
2026-01-11 20:12:29,429 [trainer.py] => Average Accuracy (CNN): 88.58
2026-01-11 20:12:29,436 [sec.py] => Learning on 94-96
2026-01-11 20:12:29,439 [sec.py] => All params: 87027456
2026-01-11 20:12:29,439 [sec.py] => Actual trainable params (excluding detached): 15360
2026-01-11 20:12:29,439 [sec.py] => TSP active prompts: 1 (total: 48)
2026-01-11 20:12:29,439 [sec.py] => RSP active prompts: 0 (total: 30)
2026-01-11 20:12:29,439 [sec.py] => Excluded params: head, detached prompts
2026-01-11 20:12:29,439 [sec.py] => backbone.TSP.e_p_1: 2304
2026-01-11 20:12:29,440 [sec.py] => backbone.TSP.e_k_1: 768
2026-01-11 20:12:29,440 [sec.py] => backbone.TSP.e_a_1: 768
2026-01-11 20:12:29,440 [sec.py] => backbone.TSP.e_p_2: 2304
2026-01-11 20:12:29,440 [sec.py] => backbone.TSP.e_k_2: 768
2026-01-11 20:12:29,440 [sec.py] => backbone.TSP.e_a_2: 768
2026-01-11 20:12:29,440 [sec.py] => backbone.TSP.e_p_3: 2304
2026-01-11 20:12:29,440 [sec.py] => backbone.TSP.e_k_3: 768
2026-01-11 20:12:29,440 [sec.py] => backbone.TSP.e_a_3: 768
2026-01-11 20:12:29,440 [sec.py] => backbone.TSP.e_p_4: 2304
2026-01-11 20:12:29,440 [sec.py] => backbone.TSP.e_k_4: 768
2026-01-11 20:12:29,440 [sec.py] => backbone.TSP.e_a_4: 768
2026-01-11 20:12:29,468 [sec.py] => training set size: 10, fc construct set size: 10
2026-01-11 20:13:27,094 [trainer.py] => CNN: {'total': 87.34, '00-59': 89.2, '60-61': 73.0, '62-63': 78.0, '64-65': 71.5, '66-67': 94.0, '68-69': 87.0, '70-71': 84.5, '72-73': 71.0, '74-75': 77.0, '76-77': 90.5, '78-79': 96.0, '80-81': 78.0, '82-83': 93.5, '84-85': 87.0, '86-87': 91.5, '88-89': 88.5, '90-91': 88.5, '92-93': 82.0, '94-95': 85.0, '96-97': 100.0, '98-99': 70.0, 'old': 87.39, 'new': 85.0}
2026-01-11 20:13:27,097 [trainer.py] => Top1 curve: [90.77, 90.11, 89.81, 89.36, 89.38, 89.29, 88.82, 88.27, 87.88, 87.91, 88.12, 87.87, 87.93, 87.91, 87.94, 87.83, 87.7, 87.46, 87.34]
2026-01-11 20:13:27,097 [trainer.py] => Average Accuracy (CNN): 88.51
2026-01-11 20:13:27,102 [sec.py] => Learning on 96-98
2026-01-11 20:13:27,108 [sec.py] => All params: 87027456
2026-01-11 20:13:27,108 [sec.py] => Actual trainable params (excluding detached): 15360
2026-01-11 20:13:27,108 [sec.py] => TSP active prompts: 1 (total: 49)
2026-01-11 20:13:27,108 [sec.py] => RSP active prompts: 0 (total: 30)
2026-01-11 20:13:27,108 [sec.py] => Excluded params: head, detached prompts
2026-01-11 20:13:27,108 [sec.py] => backbone.TSP.e_p_1: 2304
2026-01-11 20:13:27,108 [sec.py] => backbone.TSP.e_k_1: 768
2026-01-11 20:13:27,108 [sec.py] => backbone.TSP.e_a_1: 768
2026-01-11 20:13:27,108 [sec.py] => backbone.TSP.e_p_2: 2304
2026-01-11 20:13:27,108 [sec.py] => backbone.TSP.e_k_2: 768
2026-01-11 20:13:27,108 [sec.py] => backbone.TSP.e_a_2: 768
2026-01-11 20:13:27,108 [sec.py] => backbone.TSP.e_p_3: 2304
2026-01-11 20:13:27,109 [sec.py] => backbone.TSP.e_k_3: 768
2026-01-11 20:13:27,109 [sec.py] => backbone.TSP.e_a_3: 768
2026-01-11 20:13:27,109 [sec.py] => backbone.TSP.e_p_4: 2304
2026-01-11 20:13:27,109 [sec.py] => backbone.TSP.e_k_4: 768
2026-01-11 20:13:27,109 [sec.py] => backbone.TSP.e_a_4: 768
2026-01-11 20:13:27,136 [sec.py] => training set size: 10, fc construct set size: 10
2026-01-11 20:14:25,940 [trainer.py] => CNN: {'total': 86.9, '00-59': 89.12, '60-61': 73.0, '62-63': 78.0, '64-65': 71.5, '66-67': 94.0, '68-69': 87.0, '70-71': 84.5, '72-73': 71.0, '74-75': 77.0, '76-77': 90.5, '78-79': 96.0, '80-81': 78.5, '82-83': 93.5, '84-85': 87.0, '86-87': 91.5, '88-89': 88.5, '90-91': 88.0, '92-93': 82.0, '94-95': 85.0, '96-97': 68.0, '98-99': 90.0, 'old': 87.29, 'new': 68.0}
2026-01-11 20:14:25,940 [trainer.py] => Top1 curve: [90.77, 90.11, 89.81, 89.36, 89.38, 89.29, 88.82, 88.27, 87.88, 87.91, 88.12, 87.87, 87.93, 87.91, 87.94, 87.83, 87.7, 87.46, 87.34, 86.9]
2026-01-11 20:14:25,940 [trainer.py] => Average Accuracy (CNN): 88.43
2026-01-11 20:14:25,946 [sec.py] => Learning on 98-100
2026-01-11 20:14:25,952 [sec.py] => All params: 87027456
2026-01-11 20:14:25,952 [sec.py] => Actual trainable params (excluding detached): 15360
2026-01-11 20:14:25,952 [sec.py] => TSP active prompts: 1 (total: 50)
2026-01-11 20:14:25,952 [sec.py] => RSP active prompts: 0 (total: 30)
2026-01-11 20:14:25,952 [sec.py] => Excluded params: head, detached prompts
2026-01-11 20:14:25,952 [sec.py] => backbone.TSP.e_p_1: 2304
2026-01-11 20:14:25,952 [sec.py] => backbone.TSP.e_k_1: 768
2026-01-11 20:14:25,952 [sec.py] => backbone.TSP.e_a_1: 768
2026-01-11 20:14:25,952 [sec.py] => backbone.TSP.e_p_2: 2304
2026-01-11 20:14:25,952 [sec.py] => backbone.TSP.e_k_2: 768
2026-01-11 20:14:25,952 [sec.py] => backbone.TSP.e_a_2: 768
2026-01-11 20:14:25,952 [sec.py] => backbone.TSP.e_p_3: 2304
2026-01-11 20:14:25,952 [sec.py] => backbone.TSP.e_k_3: 768
2026-01-11 20:14:25,952 [sec.py] => backbone.TSP.e_a_3: 768
2026-01-11 20:14:25,952 [sec.py] => backbone.TSP.e_p_4: 2304
2026-01-11 20:14:25,952 [sec.py] => backbone.TSP.e_k_4: 768
2026-01-11 20:14:25,952 [sec.py] => backbone.TSP.e_a_4: 768
2026-01-11 20:14:25,981 [sec.py] => training set size: 10, fc construct set size: 10
2026-01-11 20:15:24,961 [trainer.py] => CNN: {'total': 86.47, '00-59': 88.93, '60-61': 73.0, '62-63': 78.0, '64-65': 72.0, '66-67': 94.0, '68-69': 87.0, '70-71': 84.0, '72-73': 71.0, '74-75': 77.0, '76-77': 90.5, '78-79': 91.5, '80-81': 78.5, '82-83': 93.5, '84-85': 87.0, '86-87': 91.0, '88-89': 88.5, '90-91': 88.0, '92-93': 81.5, '94-95': 85.0, '96-97': 68.0, '98-99': 76.5, 'old': 86.67, 'new': 76.5}
2026-01-11 20:15:24,961 [trainer.py] => Top1 curve: [90.77, 90.11, 89.81, 89.36, 89.38, 89.29, 88.82, 88.27, 87.88, 87.91, 88.12, 87.87, 87.93, 87.91, 87.94, 87.83, 87.7, 87.46, 87.34, 86.9, 86.47]
2026-01-11 20:15:24,961 [trainer.py] => Average Accuracy (CNN): 88.34

================================================================================
Finished cifar224_init60_inc2: pretrained_vit_b16_224_vpt  
Base Accuracy: 90.77
Last Accuracy: 86.47
Average Accuracy (Top1): 88.34
PD: 4.30
Backward Transfer (BWT): -1.42
Accuracy Matrix (CNN):
[[ 90.77  70.    90.    70.    80.    90.    90.    90.    60.    80.
   80.    90.   100.   100.    90.    50.    80.    90.    90.    70.
   60.  ]
 [ 90.53  77.5   70.    70.    70.    70.    70.    80.    70.    90.
   90.    80.    70.    80.    90.    70.    80.   100.   100.    60.
   70.  ]
 [ 90.42  77.    84.5   90.    70.    80.    80.    90.    60.   100.
   90.   100.   100.   100.    80.    70.    60.    90.   100.    70.
   90.  ]
 [ 90.37  77.5   85.    75.5   60.    60.    90.    90.    80.    80.
   90.    80.   100.    90.    90.    70.    80.    80.   100.    70.
   90.  ]
 [ 90.28  78.    84.5   72.5   95.5   70.    90.    80.    80.    80.
   70.    70.   100.    90.   100.    60.    80.    70.    60.    70.
   80.  ]
 [ 90.28  77.    84.5   72.5   95.5   87.    90.    90.    40.    90.
  100.    50.    90.    70.   100.    70.    90.    90.    80.    60.
   90.  ]
 [ 90.05  76.    81.    72.5   95.5   86.5   84.5  100.    70.   100.
  100.    60.   100.    90.    80.    60.    90.   100.    80.    80.
   80.  ]
 [ 89.92  76.5   81.    72.5   95.5   87.    84.5   71.5   80.    90.
  100.    80.    90.    80.   100.    80.    90.    90.    90.    80.
   80.  ]
 [ 89.85  76.5   79.    72.    95.5   87.5   85.    71.5   77.    60.
   90.    60.   100.    70.    90.    50.    90.   100.    50.   100.
   80.  ]
 [ 89.83  76.5   79.    72.    95.5   87.    85.    71.5   77.    90.
   90.    70.    90.    90.    90.    70.    80.    60.    90.    80.
   80.  ]
 [ 89.82  76.    80.    72.    95.5   87.    85.    72.    77.    90.
   96.    80.    90.    80.   100.    70.    80.    90.    80.    70.
   80.  ]
 [ 89.73  75.5   80.    71.    95.5   87.    85.    72.    77.    90.
   96.    81.5   90.    60.    90.    60.    80.    90.    90.    80.
   80.  ]
 [ 89.7   74.    79.5   71.    95.5   87.    85.    72.    77.    90.
   96.    81.5   93.5   80.    90.    90.    80.    90.    70.    90.
   80.  ]
 [ 89.68  73.5   79.5   71.5   95.    87.    85.    72.    77.    90.
   96.    81.5   93.5   88.    80.    70.    80.    80.    80.    70.
   60.  ]
 [ 89.62  73.5   79.5   71.5   95.    87.    85.    72.    77.    90.
   96.    81.5   93.5   88.    91.5   80.    80.    90.    90.    80.
   80.  ]
 [ 89.47  73.5   79.5   71.5   95.    87.    84.5   72.    77.    90.
   96.    81.5   93.5   87.5   91.5   88.5   80.    80.    90.    70.
   50.  ]
 [ 89.4   72.5   79.5   71.5   95.    87.    84.5   71.5   77.5   90.
   96.    77.5   93.5   87.5   91.5   88.5   88.5   70.    50.    90.
   90.  ]
 [ 89.28  72.5   78.    71.5   94.    87.    84.5   71.5   77.    90.5
   96.    78.    93.5   87.5   91.5   88.5   88.5   82.    70.    80.
   80.  ]
 [ 89.2   73.    78.    71.5   94.    87.    84.5   71.    77.    90.5
   96.    78.    93.5   87.    91.5   88.5   88.5   82.    85.   100.
   70.  ]
 [ 89.12  73.    78.    71.5   94.    87.    84.5   71.    77.    90.5
   96.    78.5   93.5   87.    91.5   88.5   88.    82.    85.    68.
   90.  ]
 [ 88.93  73.    78.    72.    94.    87.    84.    71.    77.    90.5
   91.5   78.5   93.5   87.    91.    88.5   88.    81.5   85.    68.
   76.5 ]]
================================================================================


================================================================================
Training Statistics for SEC-Prompt
================================================================================
Task    Params ↓    GPU ↓       Time/Epoch ↓
================================================================================
Task 0  0.92M       3180.59MiB  318.49s     
Task 1  0.02M       2971.57MiB  0.37s       
Task 2  0.02M       2971.96MiB  0.37s       
Task 3  0.02M       2973.47MiB  0.37s       
Task 4  0.02M       2973.96MiB  0.37s       
Task 5  0.02M       2976.41MiB  0.37s       
Task 6  0.02M       2976.85MiB  0.37s       
Task 7  0.02M       2977.90MiB  0.37s       
Task 8  0.02M       2979.40MiB  0.37s       
Task 9  0.02M       2979.67MiB  0.32s       
Task 10 0.02M       2979.93MiB  0.36s       
Task 11 0.02M       2980.21MiB  0.37s       
Task 12 0.02M       2980.56MiB  0.37s       
Task 13 0.02M       2981.06MiB  0.37s       
Task 14 0.02M       2982.26MiB  0.37s       
Task 15 0.02M       2982.69MiB  0.37s       
Task 16 0.02M       2983.13MiB  0.39s       
Task 17 0.02M       2983.57MiB  0.37s       
Task 18 0.02M       2984.75MiB  0.38s       
Task 19 0.02M       2985.10MiB  0.37s       
Task 20 0.02M       2985.44MiB  0.37s       
--------------------------------------------------------------------------------
Average 0.06M    2989.07MiB    15.52s
Max GPU             3180.59MiB
Total   1.23M                        9628.28s
================================================================================

2026-01-11 20:15:46,742 [trainer.py] => config: ./configs/SEC-Prompt_cifar_B60_Inc5.json
2026-01-11 20:15:46,742 [trainer.py] => lamda: 0.5
2026-01-11 20:15:46,742 [trainer.py] => aug: 2
2026-01-11 20:15:46,742 [trainer.py] => prompt_token_num: 6
2026-01-11 20:15:46,742 [trainer.py] => prompt_pool_num: 0.5
2026-01-11 20:15:46,742 [trainer.py] => model_name: sec
2026-01-11 20:15:46,743 [trainer.py] => backbone_type: pretrained_vit_b16_224_vpt
2026-01-11 20:15:46,743 [trainer.py] => device: [device(type='cuda', index=0)]
2026-01-11 20:15:46,743 [trainer.py] => seed: 1993
2026-01-11 20:15:46,743 [trainer.py] => dataset: cifar224
2026-01-11 20:15:46,743 [trainer.py] => init_cls: 60
2026-01-11 20:15:46,743 [trainer.py] => increment: 5
2026-01-11 20:15:46,743 [trainer.py] => kshot: 5
2026-01-11 20:15:46,743 [trainer.py] => vpt_type: Deep
2026-01-11 20:15:46,743 [trainer.py] => kl_weight: 0.001
2026-01-11 20:15:46,743 [trainer.py] => tuned_epoch: 30
2026-01-11 20:15:46,743 [trainer.py] => fs_epoch: 10
2026-01-11 20:15:46,743 [trainer.py] => init_lr: 0.01
2026-01-11 20:15:46,743 [trainer.py] => fs_lr: 0.001
2026-01-11 20:15:46,743 [trainer.py] => batch_size: 32
2026-01-11 20:15:46,743 [trainer.py] => fs_batch_size: 16
2026-01-11 20:15:46,744 [trainer.py] => weight_decay: 0.005
2026-01-11 20:15:46,744 [trainer.py] => min_lr: 0
2026-01-11 20:15:46,744 [trainer.py] => optimizer: sgd
2026-01-11 20:15:46,744 [trainer.py] => shuffle: False
2026-01-11 20:15:46,744 [trainer.py] => top_k: 5
2026-01-11 20:15:46,744 [trainer.py] => base_model_path: saved_model/sec_tr/cifar224/30_0.01/6_0.5/sec_30_1993_32.pth
2026-01-11 20:15:46,744 [trainer.py] => prefix: sec
2026-01-11 20:15:46,744 [trainer.py] => model_prefix: sec
2026-01-11 20:15:46,744 [trainer.py] => beta: 0.5
2026-01-11 20:15:46,744 [trainer.py] => memory_size: 0
2026-01-11 20:15:46,744 [trainer.py] => memory_per_class: 0
2026-01-11 20:15:46,744 [trainer.py] => fixed_memory: False
2026-01-11 20:15:47,991 [data_manager.py] => [0, 1, 2, 3, 4, 5, 6, 7, 8, 9, 10, 11, 12, 13, 14, 15, 16, 17, 18, 19, 20, 21, 22, 23, 24, 25, 26, 27, 28, 29, 30, 31, 32, 33, 34, 35, 36, 37, 38, 39, 40, 41, 42, 43, 44, 45, 46, 47, 48, 49, 50, 51, 52, 53, 54, 55, 56, 57, 58, 59, 60, 61, 62, 63, 64, 65, 66, 67, 68, 69, 70, 71, 72, 73, 74, 75, 76, 77, 78, 79, 80, 81, 82, 83, 84, 85, 86, 87, 88, 89, 90, 91, 92, 93, 94, 95, 96, 97, 98, 99]
This is for the BaseNet initialization.
modelname, pretrained_vit_b16_224_vpt basicmodelname vit_base_patch16_224
Using VPT model
Using Deep Prompt
After BaseNet initialization.
2026-01-11 20:16:06,541 [sec.py] => Learning on 0-60
2026-01-11 20:16:06,805 [sec.py] => All params: 86966016
2026-01-11 20:16:06,806 [sec.py] => Actual trainable params (excluding detached): 921600
2026-01-11 20:16:06,806 [sec.py] => TSP active prompts: 30 (total: 30)
2026-01-11 20:16:06,806 [sec.py] => RSP active prompts: 30 (total: 30)
2026-01-11 20:16:06,806 [sec.py] => Excluded params: head, detached prompts
2026-01-11 20:16:06,806 [sec.py] => backbone.TSP.e_p_1: 69120
2026-01-11 20:16:06,806 [sec.py] => backbone.TSP.e_k_1: 23040
2026-01-11 20:16:06,806 [sec.py] => backbone.TSP.e_a_1: 23040
2026-01-11 20:16:06,806 [sec.py] => backbone.TSP.e_p_2: 69120
2026-01-11 20:16:06,806 [sec.py] => backbone.TSP.e_k_2: 23040
2026-01-11 20:16:06,806 [sec.py] => backbone.TSP.e_a_2: 23040
2026-01-11 20:16:06,806 [sec.py] => backbone.TSP.e_p_3: 69120
2026-01-11 20:16:06,806 [sec.py] => backbone.TSP.e_k_3: 23040
2026-01-11 20:16:06,806 [sec.py] => backbone.TSP.e_a_3: 23040
2026-01-11 20:16:06,806 [sec.py] => backbone.TSP.e_p_4: 69120
2026-01-11 20:16:06,806 [sec.py] => backbone.TSP.e_k_4: 23040
2026-01-11 20:16:06,806 [sec.py] => backbone.TSP.e_a_4: 23040
2026-01-11 20:16:06,806 [sec.py] => backbone.RSP.e_p_1: 69120
2026-01-11 20:16:06,806 [sec.py] => backbone.RSP.e_k_1: 23040
2026-01-11 20:16:06,806 [sec.py] => backbone.RSP.e_a_1: 23040
2026-01-11 20:16:06,806 [sec.py] => backbone.RSP.e_p_2: 69120
2026-01-11 20:16:06,806 [sec.py] => backbone.RSP.e_k_2: 23040
2026-01-11 20:16:06,806 [sec.py] => backbone.RSP.e_a_2: 23040
2026-01-11 20:16:06,806 [sec.py] => backbone.RSP.e_p_3: 69120
2026-01-11 20:16:06,806 [sec.py] => backbone.RSP.e_k_3: 23040
2026-01-11 20:16:06,807 [sec.py] => backbone.RSP.e_a_3: 23040
2026-01-11 20:16:06,807 [sec.py] => backbone.RSP.e_p_4: 69120
2026-01-11 20:16:06,807 [sec.py] => backbone.RSP.e_k_4: 23040
2026-01-11 20:16:06,807 [sec.py] => backbone.RSP.e_a_4: 23040
2026-01-11 20:16:06,911 [sec.py] => training set size: 30000, fc construct set size: 30000
/public/home/hanlida/Dr.1/Code/Research/Awesome-FSCIL/SEC-Prompt-main/backbone/zoo.py:214: UserWarning: Implicit dimension choice for softmax has been deprecated. Change the call to include dim=X as an argument.
  aq_k = torch.nn.functional.softmax(aq_k)
2026-01-11 22:50:42,047 [trainer.py] => CNN: {'total': 91.15, '00-59': 91.15, '60-64': 88.0, '65-69': 76.0, '70-74': 80.0, '75-79': 88.0, '80-84': 80.0, '85-89': 76.0, '90-94': 76.0, '95-99': 76.0, 'old': 0, 'new': 91.15}
2026-01-11 22:50:42,080 [trainer.py] => Top1 curve: [91.15]
2026-01-11 22:50:42,081 [trainer.py] => Average Accuracy (CNN): 91.15
2026-01-11 22:50:42,086 [sec.py] => Learning on 60-65
2026-01-11 22:50:42,090 [sec.py] => All params: 86966016
2026-01-11 22:50:42,090 [sec.py] => Actual trainable params (excluding detached): 30720
2026-01-11 22:50:42,091 [sec.py] => TSP active prompts: 2 (total: 32)
2026-01-11 22:50:42,091 [sec.py] => RSP active prompts: 0 (total: 30)
2026-01-11 22:50:42,091 [sec.py] => Excluded params: head, detached prompts
2026-01-11 22:50:42,091 [sec.py] => backbone.TSP.e_p_1: 4608
2026-01-11 22:50:42,091 [sec.py] => backbone.TSP.e_k_1: 1536
2026-01-11 22:50:42,091 [sec.py] => backbone.TSP.e_a_1: 1536
2026-01-11 22:50:42,091 [sec.py] => backbone.TSP.e_p_2: 4608
2026-01-11 22:50:42,091 [sec.py] => backbone.TSP.e_k_2: 1536
2026-01-11 22:50:42,091 [sec.py] => backbone.TSP.e_a_2: 1536
2026-01-11 22:50:42,091 [sec.py] => backbone.TSP.e_p_3: 4608
2026-01-11 22:50:42,091 [sec.py] => backbone.TSP.e_k_3: 1536
2026-01-11 22:50:42,091 [sec.py] => backbone.TSP.e_a_3: 1536
2026-01-11 22:50:42,091 [sec.py] => backbone.TSP.e_p_4: 4608
2026-01-11 22:50:42,091 [sec.py] => backbone.TSP.e_k_4: 1536
2026-01-11 22:50:42,091 [sec.py] => backbone.TSP.e_a_4: 1536
2026-01-11 22:50:42,134 [sec.py] => training set size: 25, fc construct set size: 25
2026-01-11 22:51:24,372 [trainer.py] => CNN: {'total': 89.91, '00-59': 90.87, '60-64': 78.4, '65-69': 68.0, '70-74': 80.0, '75-79': 100.0, '80-84': 88.0, '85-89': 84.0, '90-94': 72.0, '95-99': 84.0, 'old': 90.87, 'new': 78.4}
2026-01-11 22:51:24,372 [trainer.py] => Top1 curve: [91.15, 89.91]
2026-01-11 22:51:24,372 [trainer.py] => Average Accuracy (CNN): 90.53
2026-01-11 22:51:24,384 [sec.py] => Learning on 65-70
2026-01-11 22:51:24,388 [sec.py] => All params: 86966016
2026-01-11 22:51:24,388 [sec.py] => Actual trainable params (excluding detached): 30720
2026-01-11 22:51:24,388 [sec.py] => TSP active prompts: 2 (total: 34)
2026-01-11 22:51:24,388 [sec.py] => RSP active prompts: 0 (total: 30)
2026-01-11 22:51:24,388 [sec.py] => Excluded params: head, detached prompts
2026-01-11 22:51:24,389 [sec.py] => backbone.TSP.e_p_1: 4608
2026-01-11 22:51:24,389 [sec.py] => backbone.TSP.e_k_1: 1536
2026-01-11 22:51:24,389 [sec.py] => backbone.TSP.e_a_1: 1536
2026-01-11 22:51:24,389 [sec.py] => backbone.TSP.e_p_2: 4608
2026-01-11 22:51:24,389 [sec.py] => backbone.TSP.e_k_2: 1536
2026-01-11 22:51:24,389 [sec.py] => backbone.TSP.e_a_2: 1536
2026-01-11 22:51:24,389 [sec.py] => backbone.TSP.e_p_3: 4608
2026-01-11 22:51:24,389 [sec.py] => backbone.TSP.e_k_3: 1536
2026-01-11 22:51:24,389 [sec.py] => backbone.TSP.e_a_3: 1536
2026-01-11 22:51:24,390 [sec.py] => backbone.TSP.e_p_4: 4608
2026-01-11 22:51:24,390 [sec.py] => backbone.TSP.e_k_4: 1536
2026-01-11 22:51:24,390 [sec.py] => backbone.TSP.e_a_4: 1536
2026-01-11 22:51:24,447 [sec.py] => training set size: 25, fc construct set size: 25
2026-01-11 22:52:07,656 [trainer.py] => CNN: {'total': 89.7, '00-59': 90.62, '60-64': 77.6, '65-69': 90.8, '70-74': 92.0, '75-79': 88.0, '80-84': 72.0, '85-89': 40.0, '90-94': 64.0, '95-99': 84.0, 'old': 89.62, 'new': 90.8}
2026-01-11 22:52:07,657 [trainer.py] => Top1 curve: [91.15, 89.91, 89.7]
2026-01-11 22:52:07,657 [trainer.py] => Average Accuracy (CNN): 90.25
2026-01-11 22:52:07,662 [sec.py] => Learning on 70-75
2026-01-11 22:52:07,665 [sec.py] => All params: 86966016
2026-01-11 22:52:07,665 [sec.py] => Actual trainable params (excluding detached): 30720
2026-01-11 22:52:07,665 [sec.py] => TSP active prompts: 2 (total: 36)
2026-01-11 22:52:07,665 [sec.py] => RSP active prompts: 0 (total: 30)
2026-01-11 22:52:07,665 [sec.py] => Excluded params: head, detached prompts
2026-01-11 22:52:07,665 [sec.py] => backbone.TSP.e_p_1: 4608
2026-01-11 22:52:07,665 [sec.py] => backbone.TSP.e_k_1: 1536
2026-01-11 22:52:07,665 [sec.py] => backbone.TSP.e_a_1: 1536
2026-01-11 22:52:07,665 [sec.py] => backbone.TSP.e_p_2: 4608
2026-01-11 22:52:07,665 [sec.py] => backbone.TSP.e_k_2: 1536
2026-01-11 22:52:07,665 [sec.py] => backbone.TSP.e_a_2: 1536
2026-01-11 22:52:07,665 [sec.py] => backbone.TSP.e_p_3: 4608
2026-01-11 22:52:07,665 [sec.py] => backbone.TSP.e_k_3: 1536
2026-01-11 22:52:07,665 [sec.py] => backbone.TSP.e_a_3: 1536
2026-01-11 22:52:07,665 [sec.py] => backbone.TSP.e_p_4: 4608
2026-01-11 22:52:07,665 [sec.py] => backbone.TSP.e_k_4: 1536
2026-01-11 22:52:07,665 [sec.py] => backbone.TSP.e_a_4: 1536
2026-01-11 22:52:07,698 [sec.py] => training set size: 25, fc construct set size: 25
2026-01-11 22:52:54,335 [trainer.py] => CNN: {'total': 88.33, '00-59': 90.23, '60-64': 75.4, '65-69': 90.4, '70-74': 76.4, '75-79': 80.0, '80-84': 96.0, '85-89': 72.0, '90-94': 84.0, '95-99': 76.0, 'old': 89.19, 'new': 76.4}
2026-01-11 22:52:54,335 [trainer.py] => Top1 curve: [91.15, 89.91, 89.7, 88.33]
2026-01-11 22:52:54,335 [trainer.py] => Average Accuracy (CNN): 89.77
2026-01-11 22:52:54,340 [sec.py] => Learning on 75-80
2026-01-11 22:52:54,346 [sec.py] => All params: 86966016
2026-01-11 22:52:54,346 [sec.py] => Actual trainable params (excluding detached): 30720
2026-01-11 22:52:54,346 [sec.py] => TSP active prompts: 2 (total: 38)
2026-01-11 22:52:54,346 [sec.py] => RSP active prompts: 0 (total: 30)
2026-01-11 22:52:54,346 [sec.py] => Excluded params: head, detached prompts
2026-01-11 22:52:54,346 [sec.py] => backbone.TSP.e_p_1: 4608
2026-01-11 22:52:54,346 [sec.py] => backbone.TSP.e_k_1: 1536
2026-01-11 22:52:54,346 [sec.py] => backbone.TSP.e_a_1: 1536
2026-01-11 22:52:54,346 [sec.py] => backbone.TSP.e_p_2: 4608
2026-01-11 22:52:54,346 [sec.py] => backbone.TSP.e_k_2: 1536
2026-01-11 22:52:54,346 [sec.py] => backbone.TSP.e_a_2: 1536
2026-01-11 22:52:54,346 [sec.py] => backbone.TSP.e_p_3: 4608
2026-01-11 22:52:54,346 [sec.py] => backbone.TSP.e_k_3: 1536
2026-01-11 22:52:54,347 [sec.py] => backbone.TSP.e_a_3: 1536
2026-01-11 22:52:54,347 [sec.py] => backbone.TSP.e_p_4: 4608
2026-01-11 22:52:54,347 [sec.py] => backbone.TSP.e_k_4: 1536
2026-01-11 22:52:54,347 [sec.py] => backbone.TSP.e_a_4: 1536
2026-01-11 22:52:54,378 [sec.py] => training set size: 25, fc construct set size: 25
2026-01-11 22:53:41,332 [trainer.py] => CNN: {'total': 88.64, '00-59': 90.18, '60-64': 75.2, '65-69': 90.4, '70-74': 76.6, '75-79': 93.8, '80-84': 88.0, '85-89': 80.0, '90-94': 88.0, '95-99': 76.0, 'old': 88.29, 'new': 93.8}
2026-01-11 22:53:41,332 [trainer.py] => Top1 curve: [91.15, 89.91, 89.7, 88.33, 88.64]
2026-01-11 22:53:41,332 [trainer.py] => Average Accuracy (CNN): 89.55
2026-01-11 22:53:41,338 [sec.py] => Learning on 80-85
2026-01-11 22:53:41,343 [sec.py] => All params: 86966016
2026-01-11 22:53:41,343 [sec.py] => Actual trainable params (excluding detached): 30720
2026-01-11 22:53:41,343 [sec.py] => TSP active prompts: 2 (total: 40)
2026-01-11 22:53:41,343 [sec.py] => RSP active prompts: 0 (total: 30)
2026-01-11 22:53:41,343 [sec.py] => Excluded params: head, detached prompts
2026-01-11 22:53:41,343 [sec.py] => backbone.TSP.e_p_1: 4608
2026-01-11 22:53:41,343 [sec.py] => backbone.TSP.e_k_1: 1536
2026-01-11 22:53:41,343 [sec.py] => backbone.TSP.e_a_1: 1536
2026-01-11 22:53:41,343 [sec.py] => backbone.TSP.e_p_2: 4608
2026-01-11 22:53:41,343 [sec.py] => backbone.TSP.e_k_2: 1536
2026-01-11 22:53:41,343 [sec.py] => backbone.TSP.e_a_2: 1536
2026-01-11 22:53:41,343 [sec.py] => backbone.TSP.e_p_3: 4608
2026-01-11 22:53:41,343 [sec.py] => backbone.TSP.e_k_3: 1536
2026-01-11 22:53:41,343 [sec.py] => backbone.TSP.e_a_3: 1536
2026-01-11 22:53:41,343 [sec.py] => backbone.TSP.e_p_4: 4608
2026-01-11 22:53:41,343 [sec.py] => backbone.TSP.e_k_4: 1536
2026-01-11 22:53:41,343 [sec.py] => backbone.TSP.e_a_4: 1536
2026-01-11 22:53:41,374 [sec.py] => training set size: 25, fc construct set size: 25
2026-01-11 22:54:31,587 [trainer.py] => CNN: {'total': 88.36, '00-59': 90.07, '60-64': 74.6, '65-69': 90.4, '70-74': 76.6, '75-79': 93.4, '80-84': 86.4, '85-89': 56.0, '90-94': 88.0, '95-99': 76.0, 'old': 88.49, 'new': 86.4}
2026-01-11 22:54:31,590 [trainer.py] => Top1 curve: [91.15, 89.91, 89.7, 88.33, 88.64, 88.36]
2026-01-11 22:54:31,591 [trainer.py] => Average Accuracy (CNN): 89.35
2026-01-11 22:54:31,608 [sec.py] => Learning on 85-90
2026-01-11 22:54:31,612 [sec.py] => All params: 86966016
2026-01-11 22:54:31,613 [sec.py] => Actual trainable params (excluding detached): 30720
2026-01-11 22:54:31,613 [sec.py] => TSP active prompts: 2 (total: 42)
2026-01-11 22:54:31,613 [sec.py] => RSP active prompts: 0 (total: 30)
2026-01-11 22:54:31,613 [sec.py] => Excluded params: head, detached prompts
2026-01-11 22:54:31,613 [sec.py] => backbone.TSP.e_p_1: 4608
2026-01-11 22:54:31,613 [sec.py] => backbone.TSP.e_k_1: 1536
2026-01-11 22:54:31,613 [sec.py] => backbone.TSP.e_a_1: 1536
2026-01-11 22:54:31,613 [sec.py] => backbone.TSP.e_p_2: 4608
2026-01-11 22:54:31,613 [sec.py] => backbone.TSP.e_k_2: 1536
2026-01-11 22:54:31,613 [sec.py] => backbone.TSP.e_a_2: 1536
2026-01-11 22:54:31,613 [sec.py] => backbone.TSP.e_p_3: 4608
2026-01-11 22:54:31,613 [sec.py] => backbone.TSP.e_k_3: 1536
2026-01-11 22:54:31,613 [sec.py] => backbone.TSP.e_a_3: 1536
2026-01-11 22:54:31,614 [sec.py] => backbone.TSP.e_p_4: 4608
2026-01-11 22:54:31,614 [sec.py] => backbone.TSP.e_k_4: 1536
2026-01-11 22:54:31,614 [sec.py] => backbone.TSP.e_a_4: 1536
2026-01-11 22:54:31,655 [sec.py] => training set size: 25, fc construct set size: 25
2026-01-11 22:55:25,335 [trainer.py] => CNN: {'total': 88.47, '00-59': 89.87, '60-64': 74.4, '65-69': 90.2, '70-74': 77.4, '75-79': 93.8, '80-84': 86.4, '85-89': 91.8, '90-94': 76.0, '95-99': 76.0, 'old': 88.27, 'new': 91.8}
2026-01-11 22:55:25,336 [trainer.py] => Top1 curve: [91.15, 89.91, 89.7, 88.33, 88.64, 88.36, 88.47]
2026-01-11 22:55:25,336 [trainer.py] => Average Accuracy (CNN): 89.22
2026-01-11 22:55:25,342 [sec.py] => Learning on 90-95
2026-01-11 22:55:25,348 [sec.py] => All params: 86966016
2026-01-11 22:55:25,348 [sec.py] => Actual trainable params (excluding detached): 30720
2026-01-11 22:55:25,348 [sec.py] => TSP active prompts: 2 (total: 44)
2026-01-11 22:55:25,348 [sec.py] => RSP active prompts: 0 (total: 30)
2026-01-11 22:55:25,349 [sec.py] => Excluded params: head, detached prompts
2026-01-11 22:55:25,349 [sec.py] => backbone.TSP.e_p_1: 4608
2026-01-11 22:55:25,349 [sec.py] => backbone.TSP.e_k_1: 1536
2026-01-11 22:55:25,349 [sec.py] => backbone.TSP.e_a_1: 1536
2026-01-11 22:55:25,349 [sec.py] => backbone.TSP.e_p_2: 4608
2026-01-11 22:55:25,349 [sec.py] => backbone.TSP.e_k_2: 1536
2026-01-11 22:55:25,349 [sec.py] => backbone.TSP.e_a_2: 1536
2026-01-11 22:55:25,349 [sec.py] => backbone.TSP.e_p_3: 4608
2026-01-11 22:55:25,349 [sec.py] => backbone.TSP.e_k_3: 1536
2026-01-11 22:55:25,349 [sec.py] => backbone.TSP.e_a_3: 1536
2026-01-11 22:55:25,349 [sec.py] => backbone.TSP.e_p_4: 4608
2026-01-11 22:55:25,349 [sec.py] => backbone.TSP.e_k_4: 1536
2026-01-11 22:55:25,349 [sec.py] => backbone.TSP.e_a_4: 1536
2026-01-11 22:55:25,380 [sec.py] => training set size: 25, fc construct set size: 25
2026-01-11 22:56:22,394 [trainer.py] => CNN: {'total': 87.97, '00-59': 89.65, '60-64': 74.0, '65-69': 89.8, '70-74': 77.0, '75-79': 93.6, '80-84': 84.2, '85-89': 91.6, '90-94': 85.4, '95-99': 88.0, 'old': 88.11, 'new': 85.4}
2026-01-11 22:56:22,395 [trainer.py] => Top1 curve: [91.15, 89.91, 89.7, 88.33, 88.64, 88.36, 88.47, 87.97]
2026-01-11 22:56:22,395 [trainer.py] => Average Accuracy (CNN): 89.07
2026-01-11 22:56:22,400 [sec.py] => Learning on 95-100
2026-01-11 22:56:22,406 [sec.py] => All params: 86966016
2026-01-11 22:56:22,406 [sec.py] => Actual trainable params (excluding detached): 30720
2026-01-11 22:56:22,406 [sec.py] => TSP active prompts: 2 (total: 46)
2026-01-11 22:56:22,406 [sec.py] => RSP active prompts: 0 (total: 30)
2026-01-11 22:56:22,406 [sec.py] => Excluded params: head, detached prompts
2026-01-11 22:56:22,406 [sec.py] => backbone.TSP.e_p_1: 4608
2026-01-11 22:56:22,406 [sec.py] => backbone.TSP.e_k_1: 1536
2026-01-11 22:56:22,406 [sec.py] => backbone.TSP.e_a_1: 1536
2026-01-11 22:56:22,406 [sec.py] => backbone.TSP.e_p_2: 4608
2026-01-11 22:56:22,406 [sec.py] => backbone.TSP.e_k_2: 1536
2026-01-11 22:56:22,406 [sec.py] => backbone.TSP.e_a_2: 1536
2026-01-11 22:56:22,406 [sec.py] => backbone.TSP.e_p_3: 4608
2026-01-11 22:56:22,406 [sec.py] => backbone.TSP.e_k_3: 1536
2026-01-11 22:56:22,406 [sec.py] => backbone.TSP.e_a_3: 1536
2026-01-11 22:56:22,406 [sec.py] => backbone.TSP.e_p_4: 4608
2026-01-11 22:56:22,406 [sec.py] => backbone.TSP.e_k_4: 1536
2026-01-11 22:56:22,406 [sec.py] => backbone.TSP.e_a_4: 1536
2026-01-11 22:56:22,437 [sec.py] => training set size: 25, fc construct set size: 25
2026-01-11 22:57:13,130 [trainer.py] => CNN: {'total': 86.98, '00-59': 89.3, '60-64': 73.6, '65-69': 89.8, '70-74': 76.6, '75-79': 92.4, '80-84': 84.2, '85-89': 91.6, '90-94': 85.4, '95-99': 74.4, 'old': 87.64, 'new': 74.4}
2026-01-11 22:57:13,130 [trainer.py] => Top1 curve: [91.15, 89.91, 89.7, 88.33, 88.64, 88.36, 88.47, 87.97, 86.98]
2026-01-11 22:57:13,130 [trainer.py] => Average Accuracy (CNN): 88.83

================================================================================
Finished cifar224_init60_inc5: pretrained_vit_b16_224_vpt  
Base Accuracy: 91.15
Last Accuracy: 86.98
Average Accuracy (Top1): 88.83
PD: 4.17
Backward Transfer (BWT): -1.41
Accuracy Matrix (CNN):
[[ 91.15  88.    76.    80.    88.    80.    76.    76.    76.  ]
 [ 90.87  78.4   68.    80.   100.    88.    84.    72.    84.  ]
 [ 90.62  77.6   90.8   92.    88.    72.    40.    64.    84.  ]
 [ 90.23  75.4   90.4   76.4   80.    96.    72.    84.    76.  ]
 [ 90.18  75.2   90.4   76.6   93.8   88.    80.    88.    76.  ]
 [ 90.07  74.6   90.4   76.6   93.4   86.4   56.    88.    76.  ]
 [ 89.87  74.4   90.2   77.4   93.8   86.4   91.8   76.    76.  ]
 [ 89.65  74.    89.8   77.    93.6   84.2   91.6   85.4   88.  ]
 [ 89.3   73.6   89.8   76.6   92.4   84.2   91.6   85.4   74.4 ]]
================================================================================


================================================================================
Training Statistics for SEC-Prompt
================================================================================
Task    Params ↓    GPU ↓       Time/Epoch ↓
================================================================================
Task 0  0.92M       3180.12MiB  308.13s     
Task 1  0.03M       4522.25MiB  0.87s       
Task 2  0.03M       4523.56MiB  0.86s       
Task 3  0.03M       4524.87MiB  0.49s       
Task 4  0.03M       4526.80MiB  0.64s       
Task 5  0.03M       4528.29MiB  0.87s       
Task 6  0.03M       4529.78MiB  0.87s       
Task 7  0.03M       4532.75MiB  0.87s       
Task 8  0.03M       4535.58MiB  0.64s       
--------------------------------------------------------------------------------
Average 0.13M    4378.22MiB    34.92s
Max GPU             4535.58MiB
Total   1.17M                        9305.02s
================================================================================

2026-01-11 22:57:35,494 [trainer.py] => config: ./configs/SEC-Prompt_inr_B100_Inc5.json
2026-01-11 22:57:35,511 [trainer.py] => lamda: 0.5
2026-01-11 22:57:35,511 [trainer.py] => aug: 2
2026-01-11 22:57:35,512 [trainer.py] => prompt_token_num: 10
2026-01-11 22:57:35,512 [trainer.py] => prompt_pool_num: 0.5
2026-01-11 22:57:35,512 [trainer.py] => model_name: sec
2026-01-11 22:57:35,512 [trainer.py] => backbone_type: pretrained_vit_b16_224_vpt
2026-01-11 22:57:35,512 [trainer.py] => device: [device(type='cuda', index=0)]
2026-01-11 22:57:35,512 [trainer.py] => seed: 1993
2026-01-11 22:57:35,512 [trainer.py] => dataset: imagenetr
2026-01-11 22:57:35,512 [trainer.py] => init_cls: 100
2026-01-11 22:57:35,512 [trainer.py] => increment: 5
2026-01-11 22:57:35,512 [trainer.py] => kshot: 5
2026-01-11 22:57:35,512 [trainer.py] => vpt_type: Deep
2026-01-11 22:57:35,512 [trainer.py] => kl_weight: 0.001
2026-01-11 22:57:35,512 [trainer.py] => tuned_epoch: 30
2026-01-11 22:57:35,512 [trainer.py] => fs_epoch: 10
2026-01-11 22:57:35,512 [trainer.py] => init_lr: 0.01
2026-01-11 22:57:35,512 [trainer.py] => fs_lr: 0.0005
2026-01-11 22:57:35,513 [trainer.py] => batch_size: 64
2026-01-11 22:57:35,513 [trainer.py] => fs_batch_size: 16
2026-01-11 22:57:35,513 [trainer.py] => weight_decay: 0.005
2026-01-11 22:57:35,513 [trainer.py] => min_lr: 0
2026-01-11 22:57:35,513 [trainer.py] => optimizer: sgd
2026-01-11 22:57:35,513 [trainer.py] => fixed_memory: False
2026-01-11 22:57:35,513 [trainer.py] => shuffle: False
2026-01-11 22:57:35,513 [trainer.py] => top_k: 5
2026-01-11 22:57:35,513 [trainer.py] => base_model_path: saved_model/sec_tr/imagenetr/30_0.01/10_0.5/sec_30_1993_64.pth
2026-01-11 22:57:35,513 [trainer.py] => prefix: sec
2026-01-11 22:57:35,513 [trainer.py] => model_prefix: sec
2026-01-11 22:57:35,513 [trainer.py] => beta: 0.5
2026-01-11 22:57:35,513 [trainer.py] => memory_size: 0
2026-01-11 22:57:35,513 [trainer.py] => memory_per_class: 0
2026-01-11 22:57:36,166 [data_manager.py] => [0, 1, 2, 3, 4, 5, 6, 7, 8, 9, 10, 11, 12, 13, 14, 15, 16, 17, 18, 19, 20, 21, 22, 23, 24, 25, 26, 27, 28, 29, 30, 31, 32, 33, 34, 35, 36, 37, 38, 39, 40, 41, 42, 43, 44, 45, 46, 47, 48, 49, 50, 51, 52, 53, 54, 55, 56, 57, 58, 59, 60, 61, 62, 63, 64, 65, 66, 67, 68, 69, 70, 71, 72, 73, 74, 75, 76, 77, 78, 79, 80, 81, 82, 83, 84, 85, 86, 87, 88, 89, 90, 91, 92, 93, 94, 95, 96, 97, 98, 99, 100, 101, 102, 103, 104, 105, 106, 107, 108, 109, 110, 111, 112, 113, 114, 115, 116, 117, 118, 119, 120, 121, 122, 123, 124, 125, 126, 127, 128, 129, 130, 131, 132, 133, 134, 135, 136, 137, 138, 139, 140, 141, 142, 143, 144, 145, 146, 147, 148, 149, 150, 151, 152, 153, 154, 155, 156, 157, 158, 159, 160, 161, 162, 163, 164, 165, 166, 167, 168, 169, 170, 171, 172, 173, 174, 175, 176, 177, 178, 179, 180, 181, 182, 183, 184, 185, 186, 187, 188, 189, 190, 191, 192, 193, 194, 195, 196, 197, 198, 199]
This is for the BaseNet initialization.
modelname, pretrained_vit_b16_224_vpt basicmodelname vit_base_patch16_224
Using VPT model
Using Deep Prompt
After BaseNet initialization.
2026-01-11 22:57:57,922 [sec.py] => Learning on 0-100
2026-01-11 22:57:58,082 [sec.py] => All params: 88809216
2026-01-11 22:57:58,083 [sec.py] => Actual trainable params (excluding detached): 2150400
2026-01-11 22:57:58,083 [sec.py] => TSP active prompts: 50 (total: 50)
2026-01-11 22:57:58,083 [sec.py] => RSP active prompts: 50 (total: 50)
2026-01-11 22:57:58,083 [sec.py] => Excluded params: head, detached prompts
2026-01-11 22:57:58,083 [sec.py] => backbone.TSP.e_p_1: 192000
2026-01-11 22:57:58,083 [sec.py] => backbone.TSP.e_k_1: 38400
2026-01-11 22:57:58,083 [sec.py] => backbone.TSP.e_a_1: 38400
2026-01-11 22:57:58,083 [sec.py] => backbone.TSP.e_p_2: 192000
2026-01-11 22:57:58,083 [sec.py] => backbone.TSP.e_k_2: 38400
2026-01-11 22:57:58,083 [sec.py] => backbone.TSP.e_a_2: 38400
2026-01-11 22:57:58,083 [sec.py] => backbone.TSP.e_p_3: 192000
2026-01-11 22:57:58,083 [sec.py] => backbone.TSP.e_k_3: 38400
2026-01-11 22:57:58,083 [sec.py] => backbone.TSP.e_a_3: 38400
2026-01-11 22:57:58,083 [sec.py] => backbone.TSP.e_p_4: 192000
2026-01-11 22:57:58,083 [sec.py] => backbone.TSP.e_k_4: 38400
2026-01-11 22:57:58,083 [sec.py] => backbone.TSP.e_a_4: 38400
2026-01-11 22:57:58,083 [sec.py] => backbone.RSP.e_p_1: 192000
2026-01-11 22:57:58,083 [sec.py] => backbone.RSP.e_k_1: 38400
2026-01-11 22:57:58,083 [sec.py] => backbone.RSP.e_a_1: 38400
2026-01-11 22:57:58,083 [sec.py] => backbone.RSP.e_p_2: 192000
2026-01-11 22:57:58,083 [sec.py] => backbone.RSP.e_k_2: 38400
2026-01-11 22:57:58,083 [sec.py] => backbone.RSP.e_a_2: 38400
2026-01-11 22:57:58,083 [sec.py] => backbone.RSP.e_p_3: 192000
2026-01-11 22:57:58,084 [sec.py] => backbone.RSP.e_k_3: 38400
2026-01-11 22:57:58,084 [sec.py] => backbone.RSP.e_a_3: 38400
2026-01-11 22:57:58,084 [sec.py] => backbone.RSP.e_p_4: 192000
2026-01-11 22:57:58,084 [sec.py] => backbone.RSP.e_k_4: 38400
2026-01-11 22:57:58,084 [sec.py] => backbone.RSP.e_a_4: 38400
2026-01-11 22:57:58,107 [sec.py] => training set size: 12425, fc construct set size: 12425
/public/home/hanlida/Dr.1/Code/Research/Awesome-FSCIL/SEC-Prompt-main/backbone/zoo.py:214: UserWarning: Implicit dimension choice for softmax has been deprecated. Change the call to include dim=X as an argument.
  aq_k = torch.nn.functional.softmax(aq_k)
2026-01-12 00:03:08,135 [trainer.py] => CNN: {'total': 79.93, '00-99': 79.93, '100-104': 72.0, '105-109': 76.0, '110-114': 76.0, '115-119': 56.0, '120-124': 60.0, '125-129': 64.0, '130-134': 76.0, '135-139': 72.0, '140-144': 60.0, '145-149': 84.0, '150-154': 72.0, '155-159': 80.0, '160-164': 72.0, '165-169': 84.0, '170-174': 80.0, '175-179': 80.0, '180-184': 80.0, '185-189': 72.0, '190-194': 72.0, '195-199': 84.0, 'old': 0, 'new': 79.93}
2026-01-12 00:03:08,168 [trainer.py] => Top1 curve: [79.93]
2026-01-12 00:03:08,168 [trainer.py] => Average Accuracy (CNN): 79.93
2026-01-12 00:03:08,241 [sec.py] => Learning on 100-105
2026-01-12 00:03:08,248 [sec.py] => All params: 88809216
2026-01-12 00:03:08,249 [sec.py] => Actual trainable params (excluding detached): 43008
2026-01-12 00:03:08,249 [sec.py] => TSP active prompts: 2 (total: 52)
2026-01-12 00:03:08,249 [sec.py] => RSP active prompts: 0 (total: 50)
2026-01-12 00:03:08,249 [sec.py] => Excluded params: head, detached prompts
2026-01-12 00:03:08,249 [sec.py] => backbone.TSP.e_p_1: 7680
2026-01-12 00:03:08,249 [sec.py] => backbone.TSP.e_k_1: 1536
2026-01-12 00:03:08,249 [sec.py] => backbone.TSP.e_a_1: 1536
2026-01-12 00:03:08,249 [sec.py] => backbone.TSP.e_p_2: 7680
2026-01-12 00:03:08,249 [sec.py] => backbone.TSP.e_k_2: 1536
2026-01-12 00:03:08,249 [sec.py] => backbone.TSP.e_a_2: 1536
2026-01-12 00:03:08,250 [sec.py] => backbone.TSP.e_p_3: 7680
2026-01-12 00:03:08,250 [sec.py] => backbone.TSP.e_k_3: 1536
2026-01-12 00:03:08,250 [sec.py] => backbone.TSP.e_a_3: 1536
2026-01-12 00:03:08,250 [sec.py] => backbone.TSP.e_p_4: 7680
2026-01-12 00:03:08,250 [sec.py] => backbone.TSP.e_k_4: 1536
2026-01-12 00:03:08,250 [sec.py] => backbone.TSP.e_a_4: 1536
2026-01-12 00:03:08,282 [sec.py] => training set size: 25, fc construct set size: 25
2026-01-12 00:03:43,116 [trainer.py] => CNN: {'total': 78.85, '00-99': 79.7, '100-104': 63.95, '105-109': 72.0, '110-114': 76.0, '115-119': 72.0, '120-124': 56.0, '125-129': 76.0, '130-134': 68.0, '135-139': 88.0, '140-144': 76.0, '145-149': 88.0, '150-154': 72.0, '155-159': 68.0, '160-164': 92.0, '165-169': 80.0, '170-174': 72.0, '175-179': 72.0, '180-184': 80.0, '185-189': 60.0, '190-194': 88.0, '195-199': 80.0, 'old': 79.7, 'new': 63.95}
2026-01-12 00:03:43,116 [trainer.py] => Top1 curve: [79.93, 78.85]
2026-01-12 00:03:43,116 [trainer.py] => Average Accuracy (CNN): 79.39
2026-01-12 00:03:43,129 [sec.py] => Learning on 105-110
2026-01-12 00:03:43,138 [sec.py] => All params: 88809216
2026-01-12 00:03:43,138 [sec.py] => Actual trainable params (excluding detached): 43008
2026-01-12 00:03:43,138 [sec.py] => TSP active prompts: 2 (total: 54)
2026-01-12 00:03:43,138 [sec.py] => RSP active prompts: 0 (total: 50)
2026-01-12 00:03:43,138 [sec.py] => Excluded params: head, detached prompts
2026-01-12 00:03:43,138 [sec.py] => backbone.TSP.e_p_1: 7680
2026-01-12 00:03:43,139 [sec.py] => backbone.TSP.e_k_1: 1536
2026-01-12 00:03:43,139 [sec.py] => backbone.TSP.e_a_1: 1536
2026-01-12 00:03:43,139 [sec.py] => backbone.TSP.e_p_2: 7680
2026-01-12 00:03:43,139 [sec.py] => backbone.TSP.e_k_2: 1536
2026-01-12 00:03:43,139 [sec.py] => backbone.TSP.e_a_2: 1536
2026-01-12 00:03:43,139 [sec.py] => backbone.TSP.e_p_3: 7680
2026-01-12 00:03:43,139 [sec.py] => backbone.TSP.e_k_3: 1536
2026-01-12 00:03:43,139 [sec.py] => backbone.TSP.e_a_3: 1536
2026-01-12 00:03:43,139 [sec.py] => backbone.TSP.e_p_4: 7680
2026-01-12 00:03:43,140 [sec.py] => backbone.TSP.e_k_4: 1536
2026-01-12 00:03:43,140 [sec.py] => backbone.TSP.e_a_4: 1536
2026-01-12 00:03:43,169 [sec.py] => training set size: 25, fc construct set size: 25
2026-01-12 00:04:19,163 [trainer.py] => CNN: {'total': 77.8, '00-99': 79.73, '100-104': 59.3, '105-109': 59.31, '110-114': 76.0, '115-119': 64.0, '120-124': 68.0, '125-129': 76.0, '130-134': 84.0, '135-139': 84.0, '140-144': 76.0, '145-149': 80.0, '150-154': 76.0, '155-159': 64.0, '160-164': 88.0, '165-169': 84.0, '170-174': 64.0, '175-179': 92.0, '180-184': 76.0, '185-189': 72.0, '190-194': 80.0, '195-199': 92.0, 'old': 78.64, 'new': 59.31}
2026-01-12 00:04:19,163 [trainer.py] => Top1 curve: [79.93, 78.85, 77.8]
2026-01-12 00:04:19,163 [trainer.py] => Average Accuracy (CNN): 78.86
2026-01-12 00:04:19,170 [sec.py] => Learning on 110-115
2026-01-12 00:04:19,175 [sec.py] => All params: 88809216
2026-01-12 00:04:19,175 [sec.py] => Actual trainable params (excluding detached): 43008
2026-01-12 00:04:19,175 [sec.py] => TSP active prompts: 2 (total: 56)
2026-01-12 00:04:19,175 [sec.py] => RSP active prompts: 0 (total: 50)
2026-01-12 00:04:19,175 [sec.py] => Excluded params: head, detached prompts
2026-01-12 00:04:19,175 [sec.py] => backbone.TSP.e_p_1: 7680
2026-01-12 00:04:19,175 [sec.py] => backbone.TSP.e_k_1: 1536
2026-01-12 00:04:19,175 [sec.py] => backbone.TSP.e_a_1: 1536
2026-01-12 00:04:19,175 [sec.py] => backbone.TSP.e_p_2: 7680
2026-01-12 00:04:19,175 [sec.py] => backbone.TSP.e_k_2: 1536
2026-01-12 00:04:19,175 [sec.py] => backbone.TSP.e_a_2: 1536
2026-01-12 00:04:19,175 [sec.py] => backbone.TSP.e_p_3: 7680
2026-01-12 00:04:19,175 [sec.py] => backbone.TSP.e_k_3: 1536
2026-01-12 00:04:19,175 [sec.py] => backbone.TSP.e_a_3: 1536
2026-01-12 00:04:19,175 [sec.py] => backbone.TSP.e_p_4: 7680
2026-01-12 00:04:19,175 [sec.py] => backbone.TSP.e_k_4: 1536
2026-01-12 00:04:19,175 [sec.py] => backbone.TSP.e_a_4: 1536
2026-01-12 00:04:19,188 [sec.py] => training set size: 25, fc construct set size: 25
2026-01-12 00:04:56,174 [trainer.py] => CNN: {'total': 77.75, '00-99': 79.6, '100-104': 58.72, '105-109': 59.31, '110-114': 80.14, '115-119': 76.0, '120-124': 60.0, '125-129': 76.0, '130-134': 76.0, '135-139': 68.0, '140-144': 64.0, '145-149': 76.0, '150-154': 68.0, '155-159': 76.0, '160-164': 76.0, '165-169': 68.0, '170-174': 76.0, '175-179': 76.0, '180-184': 68.0, '185-189': 68.0, '190-194': 84.0, '195-199': 84.0, 'old': 77.65, 'new': 80.14}
2026-01-12 00:04:56,174 [trainer.py] => Top1 curve: [79.93, 78.85, 77.8, 77.75]
2026-01-12 00:04:56,174 [trainer.py] => Average Accuracy (CNN): 78.58
2026-01-12 00:04:56,180 [sec.py] => Learning on 115-120
2026-01-12 00:04:56,186 [sec.py] => All params: 88809216
2026-01-12 00:04:56,186 [sec.py] => Actual trainable params (excluding detached): 43008
2026-01-12 00:04:56,186 [sec.py] => TSP active prompts: 2 (total: 58)
2026-01-12 00:04:56,186 [sec.py] => RSP active prompts: 0 (total: 50)
2026-01-12 00:04:56,186 [sec.py] => Excluded params: head, detached prompts
2026-01-12 00:04:56,186 [sec.py] => backbone.TSP.e_p_1: 7680
2026-01-12 00:04:56,186 [sec.py] => backbone.TSP.e_k_1: 1536
2026-01-12 00:04:56,186 [sec.py] => backbone.TSP.e_a_1: 1536
2026-01-12 00:04:56,187 [sec.py] => backbone.TSP.e_p_2: 7680
2026-01-12 00:04:56,187 [sec.py] => backbone.TSP.e_k_2: 1536
2026-01-12 00:04:56,187 [sec.py] => backbone.TSP.e_a_2: 1536
2026-01-12 00:04:56,187 [sec.py] => backbone.TSP.e_p_3: 7680
2026-01-12 00:04:56,187 [sec.py] => backbone.TSP.e_k_3: 1536
2026-01-12 00:04:56,187 [sec.py] => backbone.TSP.e_a_3: 1536
2026-01-12 00:04:56,187 [sec.py] => backbone.TSP.e_p_4: 7680
2026-01-12 00:04:56,187 [sec.py] => backbone.TSP.e_k_4: 1536
2026-01-12 00:04:56,187 [sec.py] => backbone.TSP.e_a_4: 1536
2026-01-12 00:04:56,198 [sec.py] => training set size: 25, fc construct set size: 25
2026-01-12 00:05:33,262 [trainer.py] => CNN: {'total': 77.41, '00-99': 79.3, '100-104': 58.14, '105-109': 58.62, '110-114': 77.3, '115-119': 79.83, '120-124': 64.0, '125-129': 76.0, '130-134': 80.0, '135-139': 84.0, '140-144': 76.0, '145-149': 80.0, '150-154': 72.0, '155-159': 56.0, '160-164': 80.0, '165-169': 84.0, '170-174': 80.0, '175-179': 76.0, '180-184': 64.0, '185-189': 72.0, '190-194': 68.0, '195-199': 80.0, 'old': 77.32, 'new': 79.83}
2026-01-12 00:05:33,262 [trainer.py] => Top1 curve: [79.93, 78.85, 77.8, 77.75, 77.41]
2026-01-12 00:05:33,262 [trainer.py] => Average Accuracy (CNN): 78.35
2026-01-12 00:05:33,269 [sec.py] => Learning on 120-125
2026-01-12 00:05:33,275 [sec.py] => All params: 88809216
2026-01-12 00:05:33,275 [sec.py] => Actual trainable params (excluding detached): 43008
2026-01-12 00:05:33,275 [sec.py] => TSP active prompts: 2 (total: 60)
2026-01-12 00:05:33,275 [sec.py] => RSP active prompts: 0 (total: 50)
2026-01-12 00:05:33,275 [sec.py] => Excluded params: head, detached prompts
2026-01-12 00:05:33,275 [sec.py] => backbone.TSP.e_p_1: 7680
2026-01-12 00:05:33,275 [sec.py] => backbone.TSP.e_k_1: 1536
2026-01-12 00:05:33,275 [sec.py] => backbone.TSP.e_a_1: 1536
2026-01-12 00:05:33,275 [sec.py] => backbone.TSP.e_p_2: 7680
2026-01-12 00:05:33,275 [sec.py] => backbone.TSP.e_k_2: 1536
2026-01-12 00:05:33,275 [sec.py] => backbone.TSP.e_a_2: 1536
2026-01-12 00:05:33,275 [sec.py] => backbone.TSP.e_p_3: 7680
2026-01-12 00:05:33,275 [sec.py] => backbone.TSP.e_k_3: 1536
2026-01-12 00:05:33,275 [sec.py] => backbone.TSP.e_a_3: 1536
2026-01-12 00:05:33,275 [sec.py] => backbone.TSP.e_p_4: 7680
2026-01-12 00:05:33,275 [sec.py] => backbone.TSP.e_k_4: 1536
2026-01-12 00:05:33,276 [sec.py] => backbone.TSP.e_a_4: 1536
2026-01-12 00:05:33,290 [sec.py] => training set size: 25, fc construct set size: 25
2026-01-12 00:06:33,126 [trainer.py] => CNN: {'total': 77.08, '00-99': 79.4, '100-104': 58.14, '105-109': 58.62, '110-114': 77.3, '115-119': 77.31, '120-124': 69.13, '125-129': 68.0, '130-134': 68.0, '135-139': 88.0, '140-144': 80.0, '145-149': 76.0, '150-154': 68.0, '155-159': 92.0, '160-164': 80.0, '165-169': 80.0, '170-174': 72.0, '175-179': 88.0, '180-184': 76.0, '185-189': 76.0, '190-194': 88.0, '195-199': 84.0, 'old': 77.41, 'new': 69.13}
2026-01-12 00:06:33,129 [trainer.py] => Top1 curve: [79.93, 78.85, 77.8, 77.75, 77.41, 77.08]
2026-01-12 00:06:33,129 [trainer.py] => Average Accuracy (CNN): 78.14
2026-01-12 00:06:33,136 [sec.py] => Learning on 125-130
2026-01-12 00:06:33,142 [sec.py] => All params: 88809216
2026-01-12 00:06:33,142 [sec.py] => Actual trainable params (excluding detached): 43008
2026-01-12 00:06:33,142 [sec.py] => TSP active prompts: 2 (total: 62)
2026-01-12 00:06:33,142 [sec.py] => RSP active prompts: 0 (total: 50)
2026-01-12 00:06:33,143 [sec.py] => Excluded params: head, detached prompts
2026-01-12 00:06:33,143 [sec.py] => backbone.TSP.e_p_1: 7680
2026-01-12 00:06:33,143 [sec.py] => backbone.TSP.e_k_1: 1536
2026-01-12 00:06:33,143 [sec.py] => backbone.TSP.e_a_1: 1536
2026-01-12 00:06:33,143 [sec.py] => backbone.TSP.e_p_2: 7680
2026-01-12 00:06:33,143 [sec.py] => backbone.TSP.e_k_2: 1536
2026-01-12 00:06:33,143 [sec.py] => backbone.TSP.e_a_2: 1536
2026-01-12 00:06:33,143 [sec.py] => backbone.TSP.e_p_3: 7680
2026-01-12 00:06:33,143 [sec.py] => backbone.TSP.e_k_3: 1536
2026-01-12 00:06:33,143 [sec.py] => backbone.TSP.e_a_3: 1536
2026-01-12 00:06:33,143 [sec.py] => backbone.TSP.e_p_4: 7680
2026-01-12 00:06:33,143 [sec.py] => backbone.TSP.e_k_4: 1536
2026-01-12 00:06:33,143 [sec.py] => backbone.TSP.e_a_4: 1536
2026-01-12 00:06:33,155 [sec.py] => training set size: 25, fc construct set size: 25
2026-01-12 00:07:11,520 [trainer.py] => CNN: {'total': 75.61, '00-99': 79.14, '100-104': 58.14, '105-109': 58.62, '110-114': 77.3, '115-119': 78.15, '120-124': 65.77, '125-129': 48.43, '130-134': 84.0, '135-139': 96.0, '140-144': 76.0, '145-149': 88.0, '150-154': 56.0, '155-159': 80.0, '160-164': 84.0, '165-169': 72.0, '170-174': 72.0, '175-179': 88.0, '180-184': 68.0, '185-189': 56.0, '190-194': 80.0, '195-199': 84.0, 'old': 76.76, 'new': 48.43}
2026-01-12 00:07:11,520 [trainer.py] => Top1 curve: [79.93, 78.85, 77.8, 77.75, 77.41, 77.08, 75.61]
2026-01-12 00:07:11,520 [trainer.py] => Average Accuracy (CNN): 77.78
2026-01-12 00:07:11,526 [sec.py] => Learning on 130-135
2026-01-12 00:07:11,532 [sec.py] => All params: 88809216
2026-01-12 00:07:11,532 [sec.py] => Actual trainable params (excluding detached): 43008
2026-01-12 00:07:11,532 [sec.py] => TSP active prompts: 2 (total: 64)
2026-01-12 00:07:11,532 [sec.py] => RSP active prompts: 0 (total: 50)
2026-01-12 00:07:11,532 [sec.py] => Excluded params: head, detached prompts
2026-01-12 00:07:11,532 [sec.py] => backbone.TSP.e_p_1: 7680
2026-01-12 00:07:11,533 [sec.py] => backbone.TSP.e_k_1: 1536
2026-01-12 00:07:11,533 [sec.py] => backbone.TSP.e_a_1: 1536
2026-01-12 00:07:11,533 [sec.py] => backbone.TSP.e_p_2: 7680
2026-01-12 00:07:11,533 [sec.py] => backbone.TSP.e_k_2: 1536
2026-01-12 00:07:11,533 [sec.py] => backbone.TSP.e_a_2: 1536
2026-01-12 00:07:11,533 [sec.py] => backbone.TSP.e_p_3: 7680
2026-01-12 00:07:11,533 [sec.py] => backbone.TSP.e_k_3: 1536
2026-01-12 00:07:11,533 [sec.py] => backbone.TSP.e_a_3: 1536
2026-01-12 00:07:11,533 [sec.py] => backbone.TSP.e_p_4: 7680
2026-01-12 00:07:11,533 [sec.py] => backbone.TSP.e_k_4: 1536
2026-01-12 00:07:11,533 [sec.py] => backbone.TSP.e_a_4: 1536
2026-01-12 00:07:11,543 [sec.py] => training set size: 25, fc construct set size: 25
2026-01-12 00:07:50,433 [trainer.py] => CNN: {'total': 75.09, '00-99': 78.94, '100-104': 57.56, '105-109': 57.93, '110-114': 76.6, '115-119': 75.63, '120-124': 64.43, '125-129': 45.28, '130-134': 74.0, '135-139': 80.0, '140-144': 76.0, '145-149': 72.0, '150-154': 56.0, '155-159': 76.0, '160-164': 88.0, '165-169': 88.0, '170-174': 76.0, '175-179': 88.0, '180-184': 68.0, '185-189': 76.0, '190-194': 80.0, '195-199': 80.0, 'old': 75.13, 'new': 74.0}
2026-01-12 00:07:50,434 [trainer.py] => Top1 curve: [79.93, 78.85, 77.8, 77.75, 77.41, 77.08, 75.61, 75.09]
2026-01-12 00:07:50,434 [trainer.py] => Average Accuracy (CNN): 77.44
2026-01-12 00:07:50,440 [sec.py] => Learning on 135-140
2026-01-12 00:07:50,447 [sec.py] => All params: 88809216
2026-01-12 00:07:50,447 [sec.py] => Actual trainable params (excluding detached): 43008
2026-01-12 00:07:50,447 [sec.py] => TSP active prompts: 2 (total: 66)
2026-01-12 00:07:50,447 [sec.py] => RSP active prompts: 0 (total: 50)
2026-01-12 00:07:50,447 [sec.py] => Excluded params: head, detached prompts
2026-01-12 00:07:50,447 [sec.py] => backbone.TSP.e_p_1: 7680
2026-01-12 00:07:50,447 [sec.py] => backbone.TSP.e_k_1: 1536
2026-01-12 00:07:50,447 [sec.py] => backbone.TSP.e_a_1: 1536
2026-01-12 00:07:50,447 [sec.py] => backbone.TSP.e_p_2: 7680
2026-01-12 00:07:50,447 [sec.py] => backbone.TSP.e_k_2: 1536
2026-01-12 00:07:50,448 [sec.py] => backbone.TSP.e_a_2: 1536
2026-01-12 00:07:50,448 [sec.py] => backbone.TSP.e_p_3: 7680
2026-01-12 00:07:50,448 [sec.py] => backbone.TSP.e_k_3: 1536
2026-01-12 00:07:50,448 [sec.py] => backbone.TSP.e_a_3: 1536
2026-01-12 00:07:50,448 [sec.py] => backbone.TSP.e_p_4: 7680
2026-01-12 00:07:50,448 [sec.py] => backbone.TSP.e_k_4: 1536
2026-01-12 00:07:50,448 [sec.py] => backbone.TSP.e_a_4: 1536
2026-01-12 00:07:50,458 [sec.py] => training set size: 25, fc construct set size: 25
2026-01-12 00:08:30,514 [trainer.py] => CNN: {'total': 75.09, '00-99': 78.81, '100-104': 56.98, '105-109': 57.93, '110-114': 75.89, '115-119': 73.95, '120-124': 63.09, '125-129': 44.65, '130-134': 74.0, '135-139': 82.88, '140-144': 92.0, '145-149': 76.0, '150-154': 64.0, '155-159': 60.0, '160-164': 96.0, '165-169': 72.0, '170-174': 84.0, '175-179': 72.0, '180-184': 76.0, '185-189': 68.0, '190-194': 80.0, '195-199': 84.0, 'old': 74.82, 'new': 82.88}
2026-01-12 00:08:30,514 [trainer.py] => Top1 curve: [79.93, 78.85, 77.8, 77.75, 77.41, 77.08, 75.61, 75.09, 75.09]
2026-01-12 00:08:30,514 [trainer.py] => Average Accuracy (CNN): 77.18
2026-01-12 00:08:30,526 [sec.py] => Learning on 140-145
2026-01-12 00:08:30,533 [sec.py] => All params: 88809216
2026-01-12 00:08:30,533 [sec.py] => Actual trainable params (excluding detached): 43008
2026-01-12 00:08:30,533 [sec.py] => TSP active prompts: 2 (total: 68)
2026-01-12 00:08:30,533 [sec.py] => RSP active prompts: 0 (total: 50)
2026-01-12 00:08:30,533 [sec.py] => Excluded params: head, detached prompts
2026-01-12 00:08:30,533 [sec.py] => backbone.TSP.e_p_1: 7680
2026-01-12 00:08:30,534 [sec.py] => backbone.TSP.e_k_1: 1536
2026-01-12 00:08:30,534 [sec.py] => backbone.TSP.e_a_1: 1536
2026-01-12 00:08:30,534 [sec.py] => backbone.TSP.e_p_2: 7680
2026-01-12 00:08:30,534 [sec.py] => backbone.TSP.e_k_2: 1536
2026-01-12 00:08:30,534 [sec.py] => backbone.TSP.e_a_2: 1536
2026-01-12 00:08:30,534 [sec.py] => backbone.TSP.e_p_3: 7680
2026-01-12 00:08:30,534 [sec.py] => backbone.TSP.e_k_3: 1536
2026-01-12 00:08:30,534 [sec.py] => backbone.TSP.e_a_3: 1536
2026-01-12 00:08:30,534 [sec.py] => backbone.TSP.e_p_4: 7680
2026-01-12 00:08:30,534 [sec.py] => backbone.TSP.e_k_4: 1536
2026-01-12 00:08:30,534 [sec.py] => backbone.TSP.e_a_4: 1536
2026-01-12 00:08:30,555 [sec.py] => training set size: 25, fc construct set size: 25
2026-01-12 00:09:32,134 [trainer.py] => CNN: {'total': 74.67, '00-99': 79.01, '100-104': 56.98, '105-109': 57.93, '110-114': 75.89, '115-119': 73.11, '120-124': 62.42, '125-129': 43.4, '130-134': 73.33, '135-139': 82.88, '140-144': 57.89, '145-149': 96.0, '150-154': 68.0, '155-159': 56.0, '160-164': 84.0, '165-169': 88.0, '170-174': 72.0, '175-179': 92.0, '180-184': 60.0, '185-189': 84.0, '190-194': 72.0, '195-199': 68.0, 'old': 75.12, 'new': 57.89}
2026-01-12 00:09:32,151 [trainer.py] => Top1 curve: [79.93, 78.85, 77.8, 77.75, 77.41, 77.08, 75.61, 75.09, 75.09, 74.67]
2026-01-12 00:09:32,151 [trainer.py] => Average Accuracy (CNN): 76.93
2026-01-12 00:09:32,179 [sec.py] => Learning on 145-150
2026-01-12 00:09:32,185 [sec.py] => All params: 88809216
2026-01-12 00:09:32,185 [sec.py] => Actual trainable params (excluding detached): 43008
2026-01-12 00:09:32,186 [sec.py] => TSP active prompts: 2 (total: 70)
2026-01-12 00:09:32,186 [sec.py] => RSP active prompts: 0 (total: 50)
2026-01-12 00:09:32,186 [sec.py] => Excluded params: head, detached prompts
2026-01-12 00:09:32,186 [sec.py] => backbone.TSP.e_p_1: 7680
2026-01-12 00:09:32,186 [sec.py] => backbone.TSP.e_k_1: 1536
2026-01-12 00:09:32,186 [sec.py] => backbone.TSP.e_a_1: 1536
2026-01-12 00:09:32,186 [sec.py] => backbone.TSP.e_p_2: 7680
2026-01-12 00:09:32,186 [sec.py] => backbone.TSP.e_k_2: 1536
2026-01-12 00:09:32,186 [sec.py] => backbone.TSP.e_a_2: 1536
2026-01-12 00:09:32,186 [sec.py] => backbone.TSP.e_p_3: 7680
2026-01-12 00:09:32,186 [sec.py] => backbone.TSP.e_k_3: 1536
2026-01-12 00:09:32,186 [sec.py] => backbone.TSP.e_a_3: 1536
2026-01-12 00:09:32,186 [sec.py] => backbone.TSP.e_p_4: 7680
2026-01-12 00:09:32,186 [sec.py] => backbone.TSP.e_k_4: 1536
2026-01-12 00:09:32,186 [sec.py] => backbone.TSP.e_a_4: 1536
2026-01-12 00:09:32,197 [sec.py] => training set size: 25, fc construct set size: 25
2026-01-12 00:10:14,508 [trainer.py] => CNN: {'total': 74.65, '00-99': 79.01, '100-104': 56.98, '105-109': 58.62, '110-114': 75.18, '115-119': 72.27, '120-124': 61.07, '125-129': 40.88, '130-134': 73.33, '135-139': 82.88, '140-144': 57.89, '145-149': 81.0, '150-154': 76.0, '155-159': 76.0, '160-164': 64.0, '165-169': 84.0, '170-174': 80.0, '175-179': 84.0, '180-184': 72.0, '185-189': 76.0, '190-194': 76.0, '195-199': 80.0, 'old': 74.5, 'new': 81.0}
2026-01-12 00:10:14,508 [trainer.py] => Top1 curve: [79.93, 78.85, 77.8, 77.75, 77.41, 77.08, 75.61, 75.09, 75.09, 74.67, 74.65]
2026-01-12 00:10:14,508 [trainer.py] => Average Accuracy (CNN): 76.72
2026-01-12 00:10:14,514 [sec.py] => Learning on 150-155
2026-01-12 00:10:14,518 [sec.py] => All params: 88809216
2026-01-12 00:10:14,518 [sec.py] => Actual trainable params (excluding detached): 43008
2026-01-12 00:10:14,518 [sec.py] => TSP active prompts: 2 (total: 72)
2026-01-12 00:10:14,518 [sec.py] => RSP active prompts: 0 (total: 50)
2026-01-12 00:10:14,518 [sec.py] => Excluded params: head, detached prompts
2026-01-12 00:10:14,518 [sec.py] => backbone.TSP.e_p_1: 7680
2026-01-12 00:10:14,518 [sec.py] => backbone.TSP.e_k_1: 1536
2026-01-12 00:10:14,518 [sec.py] => backbone.TSP.e_a_1: 1536
2026-01-12 00:10:14,518 [sec.py] => backbone.TSP.e_p_2: 7680
2026-01-12 00:10:14,518 [sec.py] => backbone.TSP.e_k_2: 1536
2026-01-12 00:10:14,518 [sec.py] => backbone.TSP.e_a_2: 1536
2026-01-12 00:10:14,518 [sec.py] => backbone.TSP.e_p_3: 7680
2026-01-12 00:10:14,518 [sec.py] => backbone.TSP.e_k_3: 1536
2026-01-12 00:10:14,518 [sec.py] => backbone.TSP.e_a_3: 1536
2026-01-12 00:10:14,518 [sec.py] => backbone.TSP.e_p_4: 7680
2026-01-12 00:10:14,518 [sec.py] => backbone.TSP.e_k_4: 1536
2026-01-12 00:10:14,518 [sec.py] => backbone.TSP.e_a_4: 1536
2026-01-12 00:10:14,527 [sec.py] => training set size: 25, fc construct set size: 25
2026-01-12 00:10:55,330 [trainer.py] => CNN: {'total': 74.22, '00-99': 79.07, '100-104': 56.98, '105-109': 58.62, '110-114': 75.18, '115-119': 71.43, '120-124': 60.4, '125-129': 40.25, '130-134': 73.33, '135-139': 82.19, '140-144': 57.89, '145-149': 78.0, '150-154': 61.47, '155-159': 72.0, '160-164': 84.0, '165-169': 84.0, '170-174': 76.0, '175-179': 68.0, '180-184': 72.0, '185-189': 64.0, '190-194': 72.0, '195-199': 84.0, 'old': 74.54, 'new': 61.47}
2026-01-12 00:10:55,330 [trainer.py] => Top1 curve: [79.93, 78.85, 77.8, 77.75, 77.41, 77.08, 75.61, 75.09, 75.09, 74.67, 74.65, 74.22]
2026-01-12 00:10:55,330 [trainer.py] => Average Accuracy (CNN): 76.51
2026-01-12 00:10:55,337 [sec.py] => Learning on 155-160
2026-01-12 00:10:55,343 [sec.py] => All params: 88809216
2026-01-12 00:10:55,343 [sec.py] => Actual trainable params (excluding detached): 43008
2026-01-12 00:10:55,343 [sec.py] => TSP active prompts: 2 (total: 74)
2026-01-12 00:10:55,343 [sec.py] => RSP active prompts: 0 (total: 50)
2026-01-12 00:10:55,343 [sec.py] => Excluded params: head, detached prompts
2026-01-12 00:10:55,343 [sec.py] => backbone.TSP.e_p_1: 7680
2026-01-12 00:10:55,343 [sec.py] => backbone.TSP.e_k_1: 1536
2026-01-12 00:10:55,343 [sec.py] => backbone.TSP.e_a_1: 1536
2026-01-12 00:10:55,343 [sec.py] => backbone.TSP.e_p_2: 7680
2026-01-12 00:10:55,343 [sec.py] => backbone.TSP.e_k_2: 1536
2026-01-12 00:10:55,343 [sec.py] => backbone.TSP.e_a_2: 1536
2026-01-12 00:10:55,343 [sec.py] => backbone.TSP.e_p_3: 7680
2026-01-12 00:10:55,343 [sec.py] => backbone.TSP.e_k_3: 1536
2026-01-12 00:10:55,344 [sec.py] => backbone.TSP.e_a_3: 1536
2026-01-12 00:10:55,344 [sec.py] => backbone.TSP.e_p_4: 7680
2026-01-12 00:10:55,344 [sec.py] => backbone.TSP.e_k_4: 1536
2026-01-12 00:10:55,344 [sec.py] => backbone.TSP.e_a_4: 1536
2026-01-12 00:10:55,353 [sec.py] => training set size: 25, fc construct set size: 25
2026-01-12 00:11:53,126 [trainer.py] => CNN: {'total': 73.72, '00-99': 78.87, '100-104': 56.98, '105-109': 57.24, '110-114': 74.47, '115-119': 71.43, '120-124': 59.73, '125-129': 39.62, '130-134': 72.0, '135-139': 78.77, '140-144': 57.89, '145-149': 78.0, '150-154': 60.55, '155-159': 71.05, '160-164': 84.0, '165-169': 80.0, '170-174': 84.0, '175-179': 88.0, '180-184': 80.0, '185-189': 72.0, '190-194': 68.0, '195-199': 60.0, 'old': 73.81, 'new': 71.05}
2026-01-12 00:11:53,164 [trainer.py] => Top1 curve: [79.93, 78.85, 77.8, 77.75, 77.41, 77.08, 75.61, 75.09, 75.09, 74.67, 74.65, 74.22, 73.72]
2026-01-12 00:11:53,165 [trainer.py] => Average Accuracy (CNN): 76.30
2026-01-12 00:11:53,170 [sec.py] => Learning on 160-165
2026-01-12 00:11:53,174 [sec.py] => All params: 88809216
2026-01-12 00:11:53,174 [sec.py] => Actual trainable params (excluding detached): 43008
2026-01-12 00:11:53,174 [sec.py] => TSP active prompts: 2 (total: 76)
2026-01-12 00:11:53,174 [sec.py] => RSP active prompts: 0 (total: 50)
2026-01-12 00:11:53,174 [sec.py] => Excluded params: head, detached prompts
2026-01-12 00:11:53,174 [sec.py] => backbone.TSP.e_p_1: 7680
2026-01-12 00:11:53,174 [sec.py] => backbone.TSP.e_k_1: 1536
2026-01-12 00:11:53,174 [sec.py] => backbone.TSP.e_a_1: 1536
2026-01-12 00:11:53,174 [sec.py] => backbone.TSP.e_p_2: 7680
2026-01-12 00:11:53,174 [sec.py] => backbone.TSP.e_k_2: 1536
2026-01-12 00:11:53,174 [sec.py] => backbone.TSP.e_a_2: 1536
2026-01-12 00:11:53,174 [sec.py] => backbone.TSP.e_p_3: 7680
2026-01-12 00:11:53,174 [sec.py] => backbone.TSP.e_k_3: 1536
2026-01-12 00:11:53,175 [sec.py] => backbone.TSP.e_a_3: 1536
2026-01-12 00:11:53,175 [sec.py] => backbone.TSP.e_p_4: 7680
2026-01-12 00:11:53,175 [sec.py] => backbone.TSP.e_k_4: 1536
2026-01-12 00:11:53,175 [sec.py] => backbone.TSP.e_a_4: 1536
2026-01-12 00:11:53,192 [sec.py] => training set size: 25, fc construct set size: 25
2026-01-12 00:12:35,044 [trainer.py] => CNN: {'total': 73.74, '00-99': 78.84, '100-104': 56.4, '105-109': 57.93, '110-114': 74.47, '115-119': 70.59, '120-124': 60.4, '125-129': 38.99, '130-134': 72.0, '135-139': 78.08, '140-144': 57.02, '145-149': 78.0, '150-154': 57.8, '155-159': 67.11, '160-164': 82.5, '165-169': 80.0, '170-174': 64.0, '175-179': 76.0, '180-184': 80.0, '185-189': 76.0, '190-194': 72.0, '195-199': 84.0, 'old': 73.44, 'new': 82.5}
2026-01-12 00:12:35,045 [trainer.py] => Top1 curve: [79.93, 78.85, 77.8, 77.75, 77.41, 77.08, 75.61, 75.09, 75.09, 74.67, 74.65, 74.22, 73.72, 73.74]
2026-01-12 00:12:35,045 [trainer.py] => Average Accuracy (CNN): 76.11
2026-01-12 00:12:35,051 [sec.py] => Learning on 165-170
2026-01-12 00:12:35,058 [sec.py] => All params: 88809216
2026-01-12 00:12:35,058 [sec.py] => Actual trainable params (excluding detached): 43008
2026-01-12 00:12:35,058 [sec.py] => TSP active prompts: 2 (total: 78)
2026-01-12 00:12:35,059 [sec.py] => RSP active prompts: 0 (total: 50)
2026-01-12 00:12:35,059 [sec.py] => Excluded params: head, detached prompts
2026-01-12 00:12:35,059 [sec.py] => backbone.TSP.e_p_1: 7680
2026-01-12 00:12:35,059 [sec.py] => backbone.TSP.e_k_1: 1536
2026-01-12 00:12:35,059 [sec.py] => backbone.TSP.e_a_1: 1536
2026-01-12 00:12:35,059 [sec.py] => backbone.TSP.e_p_2: 7680
2026-01-12 00:12:35,059 [sec.py] => backbone.TSP.e_k_2: 1536
2026-01-12 00:12:35,059 [sec.py] => backbone.TSP.e_a_2: 1536
2026-01-12 00:12:35,059 [sec.py] => backbone.TSP.e_p_3: 7680
2026-01-12 00:12:35,059 [sec.py] => backbone.TSP.e_k_3: 1536
2026-01-12 00:12:35,059 [sec.py] => backbone.TSP.e_a_3: 1536
2026-01-12 00:12:35,059 [sec.py] => backbone.TSP.e_p_4: 7680
2026-01-12 00:12:35,059 [sec.py] => backbone.TSP.e_k_4: 1536
2026-01-12 00:12:35,059 [sec.py] => backbone.TSP.e_a_4: 1536
2026-01-12 00:12:35,069 [sec.py] => training set size: 25, fc construct set size: 25
2026-01-12 00:13:16,049 [trainer.py] => CNN: {'total': 73.35, '00-99': 78.78, '100-104': 54.65, '105-109': 57.93, '110-114': 74.47, '115-119': 69.75, '120-124': 59.73, '125-129': 38.99, '130-134': 72.0, '135-139': 78.08, '140-144': 57.02, '145-149': 77.0, '150-154': 55.96, '155-159': 68.42, '160-164': 82.5, '165-169': 67.54, '170-174': 80.0, '175-179': 84.0, '180-184': 76.0, '185-189': 84.0, '190-194': 72.0, '195-199': 72.0, 'old': 73.57, 'new': 67.54}
2026-01-12 00:13:16,049 [trainer.py] => Top1 curve: [79.93, 78.85, 77.8, 77.75, 77.41, 77.08, 75.61, 75.09, 75.09, 74.67, 74.65, 74.22, 73.72, 73.74, 73.35]
2026-01-12 00:13:16,050 [trainer.py] => Average Accuracy (CNN): 75.93
2026-01-12 00:13:16,056 [sec.py] => Learning on 170-175
2026-01-12 00:13:16,058 [sec.py] => All params: 88809216
2026-01-12 00:13:16,058 [sec.py] => Actual trainable params (excluding detached): 43008
2026-01-12 00:13:16,059 [sec.py] => TSP active prompts: 2 (total: 80)
2026-01-12 00:13:16,059 [sec.py] => RSP active prompts: 0 (total: 50)
2026-01-12 00:13:16,059 [sec.py] => Excluded params: head, detached prompts
2026-01-12 00:13:16,059 [sec.py] => backbone.TSP.e_p_1: 7680
2026-01-12 00:13:16,059 [sec.py] => backbone.TSP.e_k_1: 1536
2026-01-12 00:13:16,059 [sec.py] => backbone.TSP.e_a_1: 1536
2026-01-12 00:13:16,059 [sec.py] => backbone.TSP.e_p_2: 7680
2026-01-12 00:13:16,059 [sec.py] => backbone.TSP.e_k_2: 1536
2026-01-12 00:13:16,059 [sec.py] => backbone.TSP.e_a_2: 1536
2026-01-12 00:13:16,059 [sec.py] => backbone.TSP.e_p_3: 7680
2026-01-12 00:13:16,059 [sec.py] => backbone.TSP.e_k_3: 1536
2026-01-12 00:13:16,059 [sec.py] => backbone.TSP.e_a_3: 1536
2026-01-12 00:13:16,059 [sec.py] => backbone.TSP.e_p_4: 7680
2026-01-12 00:13:16,059 [sec.py] => backbone.TSP.e_k_4: 1536
2026-01-12 00:13:16,059 [sec.py] => backbone.TSP.e_a_4: 1536
2026-01-12 00:13:16,074 [sec.py] => training set size: 25, fc construct set size: 25
2026-01-12 00:13:58,391 [trainer.py] => CNN: {'total': 73.38, '00-99': 78.71, '100-104': 54.65, '105-109': 57.93, '110-114': 74.47, '115-119': 69.75, '120-124': 59.73, '125-129': 37.74, '130-134': 71.33, '135-139': 76.71, '140-144': 57.02, '145-149': 76.0, '150-154': 55.96, '155-159': 67.76, '160-164': 82.5, '165-169': 68.06, '170-174': 80.14, '175-179': 92.0, '180-184': 84.0, '185-189': 68.0, '190-194': 88.0, '195-199': 84.0, 'old': 73.19, 'new': 80.14}
2026-01-12 00:13:58,392 [trainer.py] => Top1 curve: [79.93, 78.85, 77.8, 77.75, 77.41, 77.08, 75.61, 75.09, 75.09, 74.67, 74.65, 74.22, 73.72, 73.74, 73.35, 73.38]
2026-01-12 00:13:58,396 [trainer.py] => Average Accuracy (CNN): 75.77
2026-01-12 00:13:58,407 [sec.py] => Learning on 175-180
2026-01-12 00:13:58,413 [sec.py] => All params: 88809216
2026-01-12 00:13:58,413 [sec.py] => Actual trainable params (excluding detached): 43008
2026-01-12 00:13:58,413 [sec.py] => TSP active prompts: 2 (total: 82)
2026-01-12 00:13:58,413 [sec.py] => RSP active prompts: 0 (total: 50)
2026-01-12 00:13:58,413 [sec.py] => Excluded params: head, detached prompts
2026-01-12 00:13:58,413 [sec.py] => backbone.TSP.e_p_1: 7680
2026-01-12 00:13:58,413 [sec.py] => backbone.TSP.e_k_1: 1536
2026-01-12 00:13:58,413 [sec.py] => backbone.TSP.e_a_1: 1536
2026-01-12 00:13:58,413 [sec.py] => backbone.TSP.e_p_2: 7680
2026-01-12 00:13:58,413 [sec.py] => backbone.TSP.e_k_2: 1536
2026-01-12 00:13:58,413 [sec.py] => backbone.TSP.e_a_2: 1536
2026-01-12 00:13:58,413 [sec.py] => backbone.TSP.e_p_3: 7680
2026-01-12 00:13:58,413 [sec.py] => backbone.TSP.e_k_3: 1536
2026-01-12 00:13:58,413 [sec.py] => backbone.TSP.e_a_3: 1536
2026-01-12 00:13:58,413 [sec.py] => backbone.TSP.e_p_4: 7680
2026-01-12 00:13:58,413 [sec.py] => backbone.TSP.e_k_4: 1536
2026-01-12 00:13:58,413 [sec.py] => backbone.TSP.e_a_4: 1536
2026-01-12 00:13:58,421 [sec.py] => training set size: 25, fc construct set size: 25
2026-01-12 00:14:39,743 [trainer.py] => CNN: {'total': 73.15, '00-99': 78.58, '100-104': 54.65, '105-109': 57.93, '110-114': 73.76, '115-119': 68.91, '120-124': 59.06, '125-129': 36.48, '130-134': 71.33, '135-139': 76.71, '140-144': 57.02, '145-149': 76.0, '150-154': 57.8, '155-159': 67.76, '160-164': 81.25, '165-169': 67.02, '170-174': 80.14, '175-179': 72.79, '180-184': 68.0, '185-189': 68.0, '190-194': 64.0, '195-199': 92.0, 'old': 73.16, 'new': 72.79}
2026-01-12 00:14:39,744 [trainer.py] => Top1 curve: [79.93, 78.85, 77.8, 77.75, 77.41, 77.08, 75.61, 75.09, 75.09, 74.67, 74.65, 74.22, 73.72, 73.74, 73.35, 73.38, 73.15]
2026-01-12 00:14:39,744 [trainer.py] => Average Accuracy (CNN): 75.62
2026-01-12 00:14:39,750 [sec.py] => Learning on 180-185
2026-01-12 00:14:39,752 [sec.py] => All params: 88809216
2026-01-12 00:14:39,753 [sec.py] => Actual trainable params (excluding detached): 43008
2026-01-12 00:14:39,753 [sec.py] => TSP active prompts: 2 (total: 84)
2026-01-12 00:14:39,753 [sec.py] => RSP active prompts: 0 (total: 50)
2026-01-12 00:14:39,753 [sec.py] => Excluded params: head, detached prompts
2026-01-12 00:14:39,753 [sec.py] => backbone.TSP.e_p_1: 7680
2026-01-12 00:14:39,753 [sec.py] => backbone.TSP.e_k_1: 1536
2026-01-12 00:14:39,753 [sec.py] => backbone.TSP.e_a_1: 1536
2026-01-12 00:14:39,753 [sec.py] => backbone.TSP.e_p_2: 7680
2026-01-12 00:14:39,753 [sec.py] => backbone.TSP.e_k_2: 1536
2026-01-12 00:14:39,753 [sec.py] => backbone.TSP.e_a_2: 1536
2026-01-12 00:14:39,753 [sec.py] => backbone.TSP.e_p_3: 7680
2026-01-12 00:14:39,753 [sec.py] => backbone.TSP.e_k_3: 1536
2026-01-12 00:14:39,753 [sec.py] => backbone.TSP.e_a_3: 1536
2026-01-12 00:14:39,753 [sec.py] => backbone.TSP.e_p_4: 7680
2026-01-12 00:14:39,753 [sec.py] => backbone.TSP.e_k_4: 1536
2026-01-12 00:14:39,753 [sec.py] => backbone.TSP.e_a_4: 1536
2026-01-12 00:14:39,760 [sec.py] => training set size: 25, fc construct set size: 25
2026-01-12 00:15:29,302 [trainer.py] => CNN: {'total': 72.65, '00-99': 78.45, '100-104': 54.65, '105-109': 57.93, '110-114': 73.76, '115-119': 68.91, '120-124': 59.06, '125-129': 35.22, '130-134': 71.33, '135-139': 76.71, '140-144': 56.14, '145-149': 76.0, '150-154': 56.88, '155-159': 67.76, '160-164': 81.25, '165-169': 67.02, '170-174': 80.14, '175-179': 70.59, '180-184': 61.9, '185-189': 80.0, '190-194': 76.0, '195-199': 92.0, 'old': 72.95, 'new': 61.9}
2026-01-12 00:15:29,306 [trainer.py] => Top1 curve: [79.93, 78.85, 77.8, 77.75, 77.41, 77.08, 75.61, 75.09, 75.09, 74.67, 74.65, 74.22, 73.72, 73.74, 73.35, 73.38, 73.15, 72.65]
2026-01-12 00:15:29,306 [trainer.py] => Average Accuracy (CNN): 75.45
2026-01-12 00:15:29,312 [sec.py] => Learning on 185-190
2026-01-12 00:15:29,319 [sec.py] => All params: 88809216
2026-01-12 00:15:29,319 [sec.py] => Actual trainable params (excluding detached): 43008
2026-01-12 00:15:29,319 [sec.py] => TSP active prompts: 2 (total: 86)
2026-01-12 00:15:29,319 [sec.py] => RSP active prompts: 0 (total: 50)
2026-01-12 00:15:29,319 [sec.py] => Excluded params: head, detached prompts
2026-01-12 00:15:29,319 [sec.py] => backbone.TSP.e_p_1: 7680
2026-01-12 00:15:29,319 [sec.py] => backbone.TSP.e_k_1: 1536
2026-01-12 00:15:29,319 [sec.py] => backbone.TSP.e_a_1: 1536
2026-01-12 00:15:29,319 [sec.py] => backbone.TSP.e_p_2: 7680
2026-01-12 00:15:29,319 [sec.py] => backbone.TSP.e_k_2: 1536
2026-01-12 00:15:29,319 [sec.py] => backbone.TSP.e_a_2: 1536
2026-01-12 00:15:29,319 [sec.py] => backbone.TSP.e_p_3: 7680
2026-01-12 00:15:29,319 [sec.py] => backbone.TSP.e_k_3: 1536
2026-01-12 00:15:29,319 [sec.py] => backbone.TSP.e_a_3: 1536
2026-01-12 00:15:29,319 [sec.py] => backbone.TSP.e_p_4: 7680
2026-01-12 00:15:29,320 [sec.py] => backbone.TSP.e_k_4: 1536
2026-01-12 00:15:29,320 [sec.py] => backbone.TSP.e_a_4: 1536
2026-01-12 00:15:29,327 [sec.py] => training set size: 25, fc construct set size: 25
2026-01-12 00:16:10,918 [trainer.py] => CNN: {'total': 72.19, '00-99': 78.28, '100-104': 54.65, '105-109': 57.24, '110-114': 73.76, '115-119': 68.91, '120-124': 59.06, '125-129': 33.33, '130-134': 71.33, '135-139': 76.71, '140-144': 56.14, '145-149': 76.0, '150-154': 57.8, '155-159': 68.42, '160-164': 81.25, '165-169': 67.02, '170-174': 80.14, '175-179': 69.85, '180-184': 61.9, '185-189': 64.19, '190-194': 76.0, '195-199': 84.0, 'old': 72.5, 'new': 64.19}
2026-01-12 00:16:10,918 [trainer.py] => Top1 curve: [79.93, 78.85, 77.8, 77.75, 77.41, 77.08, 75.61, 75.09, 75.09, 74.67, 74.65, 74.22, 73.72, 73.74, 73.35, 73.38, 73.15, 72.65, 72.19]
2026-01-12 00:16:10,918 [trainer.py] => Average Accuracy (CNN): 75.28
2026-01-12 00:16:10,924 [sec.py] => Learning on 190-195
2026-01-12 00:16:10,930 [sec.py] => All params: 88809216
2026-01-12 00:16:10,930 [sec.py] => Actual trainable params (excluding detached): 43008
2026-01-12 00:16:10,930 [sec.py] => TSP active prompts: 2 (total: 88)
2026-01-12 00:16:10,930 [sec.py] => RSP active prompts: 0 (total: 50)
2026-01-12 00:16:10,930 [sec.py] => Excluded params: head, detached prompts
2026-01-12 00:16:10,930 [sec.py] => backbone.TSP.e_p_1: 7680
2026-01-12 00:16:10,930 [sec.py] => backbone.TSP.e_k_1: 1536
2026-01-12 00:16:10,930 [sec.py] => backbone.TSP.e_a_1: 1536
2026-01-12 00:16:10,930 [sec.py] => backbone.TSP.e_p_2: 7680
2026-01-12 00:16:10,930 [sec.py] => backbone.TSP.e_k_2: 1536
2026-01-12 00:16:10,930 [sec.py] => backbone.TSP.e_a_2: 1536
2026-01-12 00:16:10,930 [sec.py] => backbone.TSP.e_p_3: 7680
2026-01-12 00:16:10,930 [sec.py] => backbone.TSP.e_k_3: 1536
2026-01-12 00:16:10,930 [sec.py] => backbone.TSP.e_a_3: 1536
2026-01-12 00:16:10,931 [sec.py] => backbone.TSP.e_p_4: 7680
2026-01-12 00:16:10,931 [sec.py] => backbone.TSP.e_k_4: 1536
2026-01-12 00:16:10,931 [sec.py] => backbone.TSP.e_a_4: 1536
2026-01-12 00:16:10,937 [sec.py] => training set size: 25, fc construct set size: 25
2026-01-12 00:16:53,820 [trainer.py] => CNN: {'total': 71.79, '00-99': 78.08, '100-104': 55.23, '105-109': 57.24, '110-114': 73.76, '115-119': 68.91, '120-124': 59.06, '125-129': 32.08, '130-134': 71.33, '135-139': 76.71, '140-144': 55.26, '145-149': 76.0, '150-154': 57.8, '155-159': 68.42, '160-164': 81.25, '165-169': 66.49, '170-174': 80.14, '175-179': 68.38, '180-184': 61.22, '185-189': 62.79, '190-194': 66.67, '195-199': 76.0, 'old': 71.93, 'new': 66.67}
2026-01-12 00:16:53,820 [trainer.py] => Top1 curve: [79.93, 78.85, 77.8, 77.75, 77.41, 77.08, 75.61, 75.09, 75.09, 74.67, 74.65, 74.22, 73.72, 73.74, 73.35, 73.38, 73.15, 72.65, 72.19, 71.79]
2026-01-12 00:16:53,820 [trainer.py] => Average Accuracy (CNN): 75.11
2026-01-12 00:16:53,826 [sec.py] => Learning on 195-200
2026-01-12 00:16:53,834 [sec.py] => All params: 88809216
2026-01-12 00:16:53,834 [sec.py] => Actual trainable params (excluding detached): 43008
2026-01-12 00:16:53,834 [sec.py] => TSP active prompts: 2 (total: 90)
2026-01-12 00:16:53,834 [sec.py] => RSP active prompts: 0 (total: 50)
2026-01-12 00:16:53,834 [sec.py] => Excluded params: head, detached prompts
2026-01-12 00:16:53,834 [sec.py] => backbone.TSP.e_p_1: 7680
2026-01-12 00:16:53,834 [sec.py] => backbone.TSP.e_k_1: 1536
2026-01-12 00:16:53,834 [sec.py] => backbone.TSP.e_a_1: 1536
2026-01-12 00:16:53,834 [sec.py] => backbone.TSP.e_p_2: 7680
2026-01-12 00:16:53,834 [sec.py] => backbone.TSP.e_k_2: 1536
2026-01-12 00:16:53,834 [sec.py] => backbone.TSP.e_a_2: 1536
2026-01-12 00:16:53,834 [sec.py] => backbone.TSP.e_p_3: 7680
2026-01-12 00:16:53,834 [sec.py] => backbone.TSP.e_k_3: 1536
2026-01-12 00:16:53,834 [sec.py] => backbone.TSP.e_a_3: 1536
2026-01-12 00:16:53,834 [sec.py] => backbone.TSP.e_p_4: 7680
2026-01-12 00:16:53,834 [sec.py] => backbone.TSP.e_k_4: 1536
2026-01-12 00:16:53,834 [sec.py] => backbone.TSP.e_a_4: 1536
2026-01-12 00:16:53,840 [sec.py] => training set size: 25, fc construct set size: 25
2026-01-12 00:17:37,895 [trainer.py] => CNN: {'total': 71.3, '00-99': 77.95, '100-104': 55.23, '105-109': 57.24, '110-114': 73.76, '115-119': 68.91, '120-124': 57.72, '125-129': 32.08, '130-134': 70.67, '135-139': 75.34, '140-144': 55.26, '145-149': 76.0, '150-154': 57.8, '155-159': 67.76, '160-164': 81.25, '165-169': 65.97, '170-174': 79.43, '175-179': 68.38, '180-184': 61.9, '185-189': 62.79, '190-194': 66.67, '195-199': 60.49, 'old': 71.6, 'new': 60.49}
2026-01-12 00:17:37,895 [trainer.py] => Top1 curve: [79.93, 78.85, 77.8, 77.75, 77.41, 77.08, 75.61, 75.09, 75.09, 74.67, 74.65, 74.22, 73.72, 73.74, 73.35, 73.38, 73.15, 72.65, 72.19, 71.79, 71.3]
2026-01-12 00:17:37,895 [trainer.py] => Average Accuracy (CNN): 74.92

================================================================================
Finished imagenetr_init100_inc5: pretrained_vit_b16_224_vpt  
Base Accuracy: 79.93
Last Accuracy: 71.3
Average Accuracy (Top1): 74.92
PD: 8.63
Backward Transfer (BWT): -4.63
Accuracy Matrix (CNN):
[[79.93 72.   76.   76.   56.   60.   64.   76.   72.   60.   84.   72.
  80.   72.   84.   80.   80.   80.   72.   72.   84.  ]
 [79.7  63.95 72.   76.   72.   56.   76.   68.   88.   76.   88.   72.
  68.   92.   80.   72.   72.   80.   60.   88.   80.  ]
 [79.73 59.3  59.31 76.   64.   68.   76.   84.   84.   76.   80.   76.
  64.   88.   84.   64.   92.   76.   72.   80.   92.  ]
 [79.6  58.72 59.31 80.14 76.   60.   76.   76.   68.   64.   76.   68.
  76.   76.   68.   76.   76.   68.   68.   84.   84.  ]
 [79.3  58.14 58.62 77.3  79.83 64.   76.   80.   84.   76.   80.   72.
  56.   80.   84.   80.   76.   64.   72.   68.   80.  ]
 [79.4  58.14 58.62 77.3  77.31 69.13 68.   68.   88.   80.   76.   68.
  92.   80.   80.   72.   88.   76.   76.   88.   84.  ]
 [79.14 58.14 58.62 77.3  78.15 65.77 48.43 84.   96.   76.   88.   56.
  80.   84.   72.   72.   88.   68.   56.   80.   84.  ]
 [78.94 57.56 57.93 76.6  75.63 64.43 45.28 74.   80.   76.   72.   56.
  76.   88.   88.   76.   88.   68.   76.   80.   80.  ]
 [78.81 56.98 57.93 75.89 73.95 63.09 44.65 74.   82.88 92.   76.   64.
  60.   96.   72.   84.   72.   76.   68.   80.   84.  ]
 [79.01 56.98 57.93 75.89 73.11 62.42 43.4  73.33 82.88 57.89 96.   68.
  56.   84.   88.   72.   92.   60.   84.   72.   68.  ]
 [79.01 56.98 58.62 75.18 72.27 61.07 40.88 73.33 82.88 57.89 81.   76.
  76.   64.   84.   80.   84.   72.   76.   76.   80.  ]
 [79.07 56.98 58.62 75.18 71.43 60.4  40.25 73.33 82.19 57.89 78.   61.47
  72.   84.   84.   76.   68.   72.   64.   72.   84.  ]
 [78.87 56.98 57.24 74.47 71.43 59.73 39.62 72.   78.77 57.89 78.   60.55
  71.05 84.   80.   84.   88.   80.   72.   68.   60.  ]
 [78.84 56.4  57.93 74.47 70.59 60.4  38.99 72.   78.08 57.02 78.   57.8
  67.11 82.5  80.   64.   76.   80.   76.   72.   84.  ]
 [78.78 54.65 57.93 74.47 69.75 59.73 38.99 72.   78.08 57.02 77.   55.96
  68.42 82.5  67.54 80.   84.   76.   84.   72.   72.  ]
 [78.71 54.65 57.93 74.47 69.75 59.73 37.74 71.33 76.71 57.02 76.   55.96
  67.76 82.5  68.06 80.14 92.   84.   68.   88.   84.  ]
 [78.58 54.65 57.93 73.76 68.91 59.06 36.48 71.33 76.71 57.02 76.   57.8
  67.76 81.25 67.02 80.14 72.79 68.   68.   64.   92.  ]
 [78.45 54.65 57.93 73.76 68.91 59.06 35.22 71.33 76.71 56.14 76.   56.88
  67.76 81.25 67.02 80.14 70.59 61.9  80.   76.   92.  ]
 [78.28 54.65 57.24 73.76 68.91 59.06 33.33 71.33 76.71 56.14 76.   57.8
  68.42 81.25 67.02 80.14 69.85 61.9  64.19 76.   84.  ]
 [78.08 55.23 57.24 73.76 68.91 59.06 32.08 71.33 76.71 55.26 76.   57.8
  68.42 81.25 66.49 80.14 68.38 61.22 62.79 66.67 76.  ]
 [77.95 55.23 57.24 73.76 68.91 57.72 32.08 70.67 75.34 55.26 76.   57.8
  67.76 81.25 65.97 79.43 68.38 61.9  62.79 66.67 60.49]]
================================================================================


================================================================================
Training Statistics for SEC-Prompt
================================================================================
Task    Params ↓    GPU ↓       Time/Epoch ↓
================================================================================
Task 0  2.15M       6128.11MiB  128.80s     
Task 1  0.04M       4604.11MiB  0.91s       
Task 2  0.04M       4606.83MiB  0.89s       
Task 3  0.04M       4608.31MiB  0.93s       
Task 4  0.04M       4612.30MiB  0.92s       
Task 5  0.04M       4613.00MiB  0.90s       
Task 6  0.04M       4614.63MiB  0.91s       
Task 7  0.04M       4618.20MiB  0.91s       
Task 8  0.04M       4619.74MiB  0.90s       
Task 9  0.04M       4621.28MiB  0.91s       
Task 10 0.04M       4624.97MiB  0.89s       
Task 11 0.04M       4627.05MiB  0.89s       
Task 12 0.04M       4629.81MiB  0.90s       
Task 13 0.04M       4632.27MiB  0.67s       
Task 14 0.04M       4633.61MiB  0.75s       
Task 15 0.04M       4635.12MiB  0.79s       
Task 16 0.04M       4637.23MiB  0.85s       
Task 17 0.04M       4639.58MiB  0.59s       
Task 18 0.04M       4640.54MiB  0.81s       
Task 19 0.04M       4642.92MiB  0.76s       
Task 20 0.04M       4646.30MiB  0.76s       
--------------------------------------------------------------------------------
Average 0.14M    4696.95MiB    6.94s
Max GPU             6128.11MiB
Total   3.01M                        4032.54s
================================================================================

2026-01-12 00:18:01,450 [trainer.py] => config: ./configs/SEC-Prompt_inr_B100_Inc10.json
2026-01-12 00:18:01,450 [trainer.py] => lamda: 0.5
2026-01-12 00:18:01,450 [trainer.py] => aug: 2
2026-01-12 00:18:01,450 [trainer.py] => prompt_token_num: 10
2026-01-12 00:18:01,450 [trainer.py] => prompt_pool_num: 0.5
2026-01-12 00:18:01,450 [trainer.py] => model_name: sec
2026-01-12 00:18:01,450 [trainer.py] => backbone_type: pretrained_vit_b16_224_vpt
2026-01-12 00:18:01,450 [trainer.py] => device: [device(type='cuda', index=0)]
2026-01-12 00:18:01,450 [trainer.py] => seed: 1993
2026-01-12 00:18:01,450 [trainer.py] => dataset: imagenetr
2026-01-12 00:18:01,450 [trainer.py] => init_cls: 100
2026-01-12 00:18:01,450 [trainer.py] => increment: 10
2026-01-12 00:18:01,451 [trainer.py] => kshot: 5
2026-01-12 00:18:01,451 [trainer.py] => vpt_type: Deep
2026-01-12 00:18:01,451 [trainer.py] => kl_weight: 0.001
2026-01-12 00:18:01,451 [trainer.py] => tuned_epoch: 30
2026-01-12 00:18:01,451 [trainer.py] => fs_epoch: 10
2026-01-12 00:18:01,451 [trainer.py] => init_lr: 0.01
2026-01-12 00:18:01,451 [trainer.py] => fs_lr: 0.0005
2026-01-12 00:18:01,451 [trainer.py] => batch_size: 64
2026-01-12 00:18:01,451 [trainer.py] => fs_batch_size: 16
2026-01-12 00:18:01,451 [trainer.py] => weight_decay: 0.005
2026-01-12 00:18:01,451 [trainer.py] => min_lr: 0
2026-01-12 00:18:01,451 [trainer.py] => optimizer: sgd
2026-01-12 00:18:01,451 [trainer.py] => fixed_memory: False
2026-01-12 00:18:01,451 [trainer.py] => shuffle: False
2026-01-12 00:18:01,451 [trainer.py] => top_k: 5
2026-01-12 00:18:01,451 [trainer.py] => base_model_path: saved_model/sec_tr/imagenetr/30_0.01/10_0.5/sec_30_1993_64.pth
2026-01-12 00:18:01,451 [trainer.py] => prefix: sec
2026-01-12 00:18:01,451 [trainer.py] => model_prefix: sec
2026-01-12 00:18:01,451 [trainer.py] => beta: 0.5
2026-01-12 00:18:01,451 [trainer.py] => memory_size: 0
2026-01-12 00:18:01,451 [trainer.py] => memory_per_class: 0
2026-01-12 00:18:01,990 [data_manager.py] => [0, 1, 2, 3, 4, 5, 6, 7, 8, 9, 10, 11, 12, 13, 14, 15, 16, 17, 18, 19, 20, 21, 22, 23, 24, 25, 26, 27, 28, 29, 30, 31, 32, 33, 34, 35, 36, 37, 38, 39, 40, 41, 42, 43, 44, 45, 46, 47, 48, 49, 50, 51, 52, 53, 54, 55, 56, 57, 58, 59, 60, 61, 62, 63, 64, 65, 66, 67, 68, 69, 70, 71, 72, 73, 74, 75, 76, 77, 78, 79, 80, 81, 82, 83, 84, 85, 86, 87, 88, 89, 90, 91, 92, 93, 94, 95, 96, 97, 98, 99, 100, 101, 102, 103, 104, 105, 106, 107, 108, 109, 110, 111, 112, 113, 114, 115, 116, 117, 118, 119, 120, 121, 122, 123, 124, 125, 126, 127, 128, 129, 130, 131, 132, 133, 134, 135, 136, 137, 138, 139, 140, 141, 142, 143, 144, 145, 146, 147, 148, 149, 150, 151, 152, 153, 154, 155, 156, 157, 158, 159, 160, 161, 162, 163, 164, 165, 166, 167, 168, 169, 170, 171, 172, 173, 174, 175, 176, 177, 178, 179, 180, 181, 182, 183, 184, 185, 186, 187, 188, 189, 190, 191, 192, 193, 194, 195, 196, 197, 198, 199]
This is for the BaseNet initialization.
modelname, pretrained_vit_b16_224_vpt basicmodelname vit_base_patch16_224
Using VPT model
Using Deep Prompt
After BaseNet initialization.
2026-01-12 00:18:23,930 [sec.py] => Learning on 0-100
2026-01-12 00:18:24,219 [sec.py] => All params: 89024256
2026-01-12 00:18:24,219 [sec.py] => Actual trainable params (excluding detached): 2150400
2026-01-12 00:18:24,219 [sec.py] => TSP active prompts: 50 (total: 50)
2026-01-12 00:18:24,219 [sec.py] => RSP active prompts: 50 (total: 50)
2026-01-12 00:18:24,219 [sec.py] => Excluded params: head, detached prompts
2026-01-12 00:18:24,219 [sec.py] => backbone.TSP.e_p_1: 192000
2026-01-12 00:18:24,219 [sec.py] => backbone.TSP.e_k_1: 38400
2026-01-12 00:18:24,219 [sec.py] => backbone.TSP.e_a_1: 38400
2026-01-12 00:18:24,219 [sec.py] => backbone.TSP.e_p_2: 192000
2026-01-12 00:18:24,219 [sec.py] => backbone.TSP.e_k_2: 38400
2026-01-12 00:18:24,219 [sec.py] => backbone.TSP.e_a_2: 38400
2026-01-12 00:18:24,219 [sec.py] => backbone.TSP.e_p_3: 192000
2026-01-12 00:18:24,219 [sec.py] => backbone.TSP.e_k_3: 38400
2026-01-12 00:18:24,219 [sec.py] => backbone.TSP.e_a_3: 38400
2026-01-12 00:18:24,219 [sec.py] => backbone.TSP.e_p_4: 192000
2026-01-12 00:18:24,219 [sec.py] => backbone.TSP.e_k_4: 38400
2026-01-12 00:18:24,220 [sec.py] => backbone.TSP.e_a_4: 38400
2026-01-12 00:18:24,220 [sec.py] => backbone.RSP.e_p_1: 192000
2026-01-12 00:18:24,220 [sec.py] => backbone.RSP.e_k_1: 38400
2026-01-12 00:18:24,220 [sec.py] => backbone.RSP.e_a_1: 38400
2026-01-12 00:18:24,220 [sec.py] => backbone.RSP.e_p_2: 192000
2026-01-12 00:18:24,220 [sec.py] => backbone.RSP.e_k_2: 38400
2026-01-12 00:18:24,220 [sec.py] => backbone.RSP.e_a_2: 38400
2026-01-12 00:18:24,220 [sec.py] => backbone.RSP.e_p_3: 192000
2026-01-12 00:18:24,220 [sec.py] => backbone.RSP.e_k_3: 38400
2026-01-12 00:18:24,220 [sec.py] => backbone.RSP.e_a_3: 38400
2026-01-12 00:18:24,220 [sec.py] => backbone.RSP.e_p_4: 192000
2026-01-12 00:18:24,220 [sec.py] => backbone.RSP.e_k_4: 38400
2026-01-12 00:18:24,220 [sec.py] => backbone.RSP.e_a_4: 38400
2026-01-12 00:18:24,243 [sec.py] => training set size: 12425, fc construct set size: 12425
/public/home/hanlida/Dr.1/Code/Research/Awesome-FSCIL/SEC-Prompt-main/backbone/zoo.py:214: UserWarning: Implicit dimension choice for softmax has been deprecated. Change the call to include dim=X as an argument.
  aq_k = torch.nn.functional.softmax(aq_k)
2026-01-12 01:28:55,293 [trainer.py] => CNN: {'total': 79.2, '00-99': 79.2, '100-109': 64.0, '110-119': 88.0, '120-129': 72.0, '130-139': 84.0, '140-149': 80.0, '150-159': 60.0, '160-169': 84.0, '170-179': 76.0, '180-189': 74.0, '190-199': 78.0, 'old': 0, 'new': 79.2}
2026-01-12 01:28:55,316 [trainer.py] => Top1 curve: [79.2]
2026-01-12 01:28:55,317 [trainer.py] => Average Accuracy (CNN): 79.20
2026-01-12 01:28:55,325 [sec.py] => Learning on 100-110
2026-01-12 01:28:55,331 [sec.py] => All params: 89024256
2026-01-12 01:28:55,331 [sec.py] => Actual trainable params (excluding detached): 107520
2026-01-12 01:28:55,331 [sec.py] => TSP active prompts: 5 (total: 55)
2026-01-12 01:28:55,331 [sec.py] => RSP active prompts: 0 (total: 50)
2026-01-12 01:28:55,331 [sec.py] => Excluded params: head, detached prompts
2026-01-12 01:28:55,331 [sec.py] => backbone.TSP.e_p_1: 19200
2026-01-12 01:28:55,331 [sec.py] => backbone.TSP.e_k_1: 3840
2026-01-12 01:28:55,331 [sec.py] => backbone.TSP.e_a_1: 3840
2026-01-12 01:28:55,331 [sec.py] => backbone.TSP.e_p_2: 19200
2026-01-12 01:28:55,331 [sec.py] => backbone.TSP.e_k_2: 3840
2026-01-12 01:28:55,331 [sec.py] => backbone.TSP.e_a_2: 3840
2026-01-12 01:28:55,331 [sec.py] => backbone.TSP.e_p_3: 19200
2026-01-12 01:28:55,331 [sec.py] => backbone.TSP.e_k_3: 3840
2026-01-12 01:28:55,332 [sec.py] => backbone.TSP.e_a_3: 3840
2026-01-12 01:28:55,332 [sec.py] => backbone.TSP.e_p_4: 19200
2026-01-12 01:28:55,332 [sec.py] => backbone.TSP.e_k_4: 3840
2026-01-12 01:28:55,332 [sec.py] => backbone.TSP.e_a_4: 3840
2026-01-12 01:28:55,351 [sec.py] => training set size: 50, fc construct set size: 50
2026-01-12 01:30:21,029 [trainer.py] => CNN: {'total': 77.26, '00-99': 79.04, '100-109': 60.25, '110-119': 74.0, '120-129': 80.0, '130-139': 86.0, '140-149': 82.0, '150-159': 60.0, '160-169': 78.0, '170-179': 76.0, '180-189': 74.0, '190-199': 76.0, 'old': 79.04, 'new': 60.25}
2026-01-12 01:30:21,058 [trainer.py] => Top1 curve: [79.2, 77.26]
2026-01-12 01:30:21,058 [trainer.py] => Average Accuracy (CNN): 78.23
2026-01-12 01:30:21,083 [sec.py] => Learning on 110-120
2026-01-12 01:30:21,090 [sec.py] => All params: 89024256
2026-01-12 01:30:21,090 [sec.py] => Actual trainable params (excluding detached): 107520
2026-01-12 01:30:21,091 [sec.py] => TSP active prompts: 5 (total: 60)
2026-01-12 01:30:21,091 [sec.py] => RSP active prompts: 0 (total: 50)
2026-01-12 01:30:21,091 [sec.py] => Excluded params: head, detached prompts
2026-01-12 01:30:21,091 [sec.py] => backbone.TSP.e_p_1: 19200
2026-01-12 01:30:21,091 [sec.py] => backbone.TSP.e_k_1: 3840
2026-01-12 01:30:21,091 [sec.py] => backbone.TSP.e_a_1: 3840
2026-01-12 01:30:21,091 [sec.py] => backbone.TSP.e_p_2: 19200
2026-01-12 01:30:21,091 [sec.py] => backbone.TSP.e_k_2: 3840
2026-01-12 01:30:21,091 [sec.py] => backbone.TSP.e_a_2: 3840
2026-01-12 01:30:21,091 [sec.py] => backbone.TSP.e_p_3: 19200
2026-01-12 01:30:21,091 [sec.py] => backbone.TSP.e_k_3: 3840
2026-01-12 01:30:21,091 [sec.py] => backbone.TSP.e_a_3: 3840
2026-01-12 01:30:21,091 [sec.py] => backbone.TSP.e_p_4: 19200
2026-01-12 01:30:21,091 [sec.py] => backbone.TSP.e_k_4: 3840
2026-01-12 01:30:21,091 [sec.py] => backbone.TSP.e_a_4: 3840
2026-01-12 01:30:21,108 [sec.py] => training set size: 50, fc construct set size: 50
2026-01-12 01:31:19,250 [trainer.py] => CNN: {'total': 76.71, '00-99': 78.38, '100-109': 59.62, '110-119': 78.08, '120-129': 74.0, '130-139': 80.0, '140-149': 76.0, '150-159': 64.0, '160-169': 74.0, '170-179': 82.0, '180-189': 78.0, '190-199': 68.0, 'old': 76.61, 'new': 78.08}
2026-01-12 01:31:19,253 [trainer.py] => Top1 curve: [79.2, 77.26, 76.71]
2026-01-12 01:31:19,253 [trainer.py] => Average Accuracy (CNN): 77.72
2026-01-12 01:31:19,260 [sec.py] => Learning on 120-130
2026-01-12 01:31:19,266 [sec.py] => All params: 89024256
2026-01-12 01:31:19,266 [sec.py] => Actual trainable params (excluding detached): 107520
2026-01-12 01:31:19,266 [sec.py] => TSP active prompts: 5 (total: 65)
2026-01-12 01:31:19,266 [sec.py] => RSP active prompts: 0 (total: 50)
2026-01-12 01:31:19,266 [sec.py] => Excluded params: head, detached prompts
2026-01-12 01:31:19,266 [sec.py] => backbone.TSP.e_p_1: 19200
2026-01-12 01:31:19,266 [sec.py] => backbone.TSP.e_k_1: 3840
2026-01-12 01:31:19,266 [sec.py] => backbone.TSP.e_a_1: 3840
2026-01-12 01:31:19,266 [sec.py] => backbone.TSP.e_p_2: 19200
2026-01-12 01:31:19,266 [sec.py] => backbone.TSP.e_k_2: 3840
2026-01-12 01:31:19,266 [sec.py] => backbone.TSP.e_a_2: 3840
2026-01-12 01:31:19,266 [sec.py] => backbone.TSP.e_p_3: 19200
2026-01-12 01:31:19,266 [sec.py] => backbone.TSP.e_k_3: 3840
2026-01-12 01:31:19,266 [sec.py] => backbone.TSP.e_a_3: 3840
2026-01-12 01:31:19,266 [sec.py] => backbone.TSP.e_p_4: 19200
2026-01-12 01:31:19,267 [sec.py] => backbone.TSP.e_k_4: 3840
2026-01-12 01:31:19,267 [sec.py] => backbone.TSP.e_a_4: 3840
2026-01-12 01:31:19,279 [sec.py] => training set size: 50, fc construct set size: 50
2026-01-12 01:32:31,093 [trainer.py] => CNN: {'total': 75.33, '00-99': 78.48, '100-109': 58.04, '110-119': 78.08, '120-129': 59.74, '130-139': 86.0, '140-149': 78.0, '150-159': 74.0, '160-169': 86.0, '170-179': 80.0, '180-189': 70.0, '190-199': 80.0, 'old': 76.66, 'new': 59.74}
2026-01-12 01:32:31,127 [trainer.py] => Top1 curve: [79.2, 77.26, 76.71, 75.33]
2026-01-12 01:32:31,127 [trainer.py] => Average Accuracy (CNN): 77.12
2026-01-12 01:32:31,135 [sec.py] => Learning on 130-140
2026-01-12 01:32:31,141 [sec.py] => All params: 89024256
2026-01-12 01:32:31,141 [sec.py] => Actual trainable params (excluding detached): 107520
2026-01-12 01:32:31,141 [sec.py] => TSP active prompts: 5 (total: 70)
2026-01-12 01:32:31,141 [sec.py] => RSP active prompts: 0 (total: 50)
2026-01-12 01:32:31,141 [sec.py] => Excluded params: head, detached prompts
2026-01-12 01:32:31,141 [sec.py] => backbone.TSP.e_p_1: 19200
2026-01-12 01:32:31,141 [sec.py] => backbone.TSP.e_k_1: 3840
2026-01-12 01:32:31,141 [sec.py] => backbone.TSP.e_a_1: 3840
2026-01-12 01:32:31,141 [sec.py] => backbone.TSP.e_p_2: 19200
2026-01-12 01:32:31,141 [sec.py] => backbone.TSP.e_k_2: 3840
2026-01-12 01:32:31,141 [sec.py] => backbone.TSP.e_a_2: 3840
2026-01-12 01:32:31,141 [sec.py] => backbone.TSP.e_p_3: 19200
2026-01-12 01:32:31,141 [sec.py] => backbone.TSP.e_k_3: 3840
2026-01-12 01:32:31,141 [sec.py] => backbone.TSP.e_a_3: 3840
2026-01-12 01:32:31,142 [sec.py] => backbone.TSP.e_p_4: 19200
2026-01-12 01:32:31,142 [sec.py] => backbone.TSP.e_k_4: 3840
2026-01-12 01:32:31,142 [sec.py] => backbone.TSP.e_a_4: 3840
2026-01-12 01:32:31,166 [sec.py] => training set size: 50, fc construct set size: 50
2026-01-12 01:33:52,985 [trainer.py] => CNN: {'total': 75.12, '00-99': 78.38, '100-109': 58.68, '110-119': 75.77, '120-129': 55.84, '130-139': 78.72, '140-149': 74.0, '150-159': 68.0, '160-169': 90.0, '170-179': 84.0, '180-189': 78.0, '190-199': 84.0, 'old': 74.85, 'new': 78.72}
2026-01-12 01:33:53,020 [trainer.py] => Top1 curve: [79.2, 77.26, 76.71, 75.33, 75.12]
2026-01-12 01:33:53,020 [trainer.py] => Average Accuracy (CNN): 76.72
2026-01-12 01:33:53,026 [sec.py] => Learning on 140-150
2026-01-12 01:33:53,033 [sec.py] => All params: 89024256
2026-01-12 01:33:53,033 [sec.py] => Actual trainable params (excluding detached): 107520
2026-01-12 01:33:53,033 [sec.py] => TSP active prompts: 5 (total: 75)
2026-01-12 01:33:53,033 [sec.py] => RSP active prompts: 0 (total: 50)
2026-01-12 01:33:53,033 [sec.py] => Excluded params: head, detached prompts
2026-01-12 01:33:53,033 [sec.py] => backbone.TSP.e_p_1: 19200
2026-01-12 01:33:53,033 [sec.py] => backbone.TSP.e_k_1: 3840
2026-01-12 01:33:53,033 [sec.py] => backbone.TSP.e_a_1: 3840
2026-01-12 01:33:53,033 [sec.py] => backbone.TSP.e_p_2: 19200
2026-01-12 01:33:53,033 [sec.py] => backbone.TSP.e_k_2: 3840
2026-01-12 01:33:53,034 [sec.py] => backbone.TSP.e_a_2: 3840
2026-01-12 01:33:53,034 [sec.py] => backbone.TSP.e_p_3: 19200
2026-01-12 01:33:53,034 [sec.py] => backbone.TSP.e_k_3: 3840
2026-01-12 01:33:53,034 [sec.py] => backbone.TSP.e_a_3: 3840
2026-01-12 01:33:53,034 [sec.py] => backbone.TSP.e_p_4: 19200
2026-01-12 01:33:53,034 [sec.py] => backbone.TSP.e_k_4: 3840
2026-01-12 01:33:53,034 [sec.py] => backbone.TSP.e_a_4: 3840
2026-01-12 01:33:53,045 [sec.py] => training set size: 50, fc construct set size: 50
2026-01-12 01:35:10,597 [trainer.py] => CNN: {'total': 74.4, '00-99': 78.15, '100-109': 58.68, '110-119': 74.62, '120-129': 53.9, '130-139': 78.38, '140-149': 68.22, '150-159': 82.0, '160-169': 82.0, '170-179': 82.0, '180-189': 72.0, '190-199': 86.0, 'old': 74.72, 'new': 68.22}
2026-01-12 01:35:10,627 [trainer.py] => Top1 curve: [79.2, 77.26, 76.71, 75.33, 75.12, 74.4]
2026-01-12 01:35:10,627 [trainer.py] => Average Accuracy (CNN): 76.34
2026-01-12 01:35:10,635 [sec.py] => Learning on 150-160
2026-01-12 01:35:10,646 [sec.py] => All params: 89024256
2026-01-12 01:35:10,646 [sec.py] => Actual trainable params (excluding detached): 107520
2026-01-12 01:35:10,646 [sec.py] => TSP active prompts: 5 (total: 80)
2026-01-12 01:35:10,646 [sec.py] => RSP active prompts: 0 (total: 50)
2026-01-12 01:35:10,647 [sec.py] => Excluded params: head, detached prompts
2026-01-12 01:35:10,647 [sec.py] => backbone.TSP.e_p_1: 19200
2026-01-12 01:35:10,647 [sec.py] => backbone.TSP.e_k_1: 3840
2026-01-12 01:35:10,647 [sec.py] => backbone.TSP.e_a_1: 3840
2026-01-12 01:35:10,647 [sec.py] => backbone.TSP.e_p_2: 19200
2026-01-12 01:35:10,647 [sec.py] => backbone.TSP.e_k_2: 3840
2026-01-12 01:35:10,647 [sec.py] => backbone.TSP.e_a_2: 3840
2026-01-12 01:35:10,647 [sec.py] => backbone.TSP.e_p_3: 19200
2026-01-12 01:35:10,647 [sec.py] => backbone.TSP.e_k_3: 3840
2026-01-12 01:35:10,647 [sec.py] => backbone.TSP.e_a_3: 3840
2026-01-12 01:35:10,647 [sec.py] => backbone.TSP.e_p_4: 19200
2026-01-12 01:35:10,647 [sec.py] => backbone.TSP.e_k_4: 3840
2026-01-12 01:35:10,647 [sec.py] => backbone.TSP.e_a_4: 3840
2026-01-12 01:35:10,662 [sec.py] => training set size: 50, fc construct set size: 50
2026-01-12 01:36:35,066 [trainer.py] => CNN: {'total': 73.44, '00-99': 77.66, '100-109': 59.62, '110-119': 74.23, '120-129': 52.6, '130-139': 75.68, '140-149': 66.82, '150-159': 67.82, '160-169': 80.0, '170-179': 76.0, '180-189': 76.0, '190-199': 82.0, 'old': 73.77, 'new': 67.82}
2026-01-12 01:36:35,089 [trainer.py] => Top1 curve: [79.2, 77.26, 76.71, 75.33, 75.12, 74.4, 73.44]
2026-01-12 01:36:35,089 [trainer.py] => Average Accuracy (CNN): 75.92
2026-01-12 01:36:35,096 [sec.py] => Learning on 160-170
2026-01-12 01:36:35,099 [sec.py] => All params: 89024256
2026-01-12 01:36:35,099 [sec.py] => Actual trainable params (excluding detached): 107520
2026-01-12 01:36:35,099 [sec.py] => TSP active prompts: 5 (total: 85)
2026-01-12 01:36:35,099 [sec.py] => RSP active prompts: 0 (total: 50)
2026-01-12 01:36:35,099 [sec.py] => Excluded params: head, detached prompts
2026-01-12 01:36:35,100 [sec.py] => backbone.TSP.e_p_1: 19200
2026-01-12 01:36:35,100 [sec.py] => backbone.TSP.e_k_1: 3840
2026-01-12 01:36:35,100 [sec.py] => backbone.TSP.e_a_1: 3840
2026-01-12 01:36:35,100 [sec.py] => backbone.TSP.e_p_2: 19200
2026-01-12 01:36:35,100 [sec.py] => backbone.TSP.e_k_2: 3840
2026-01-12 01:36:35,100 [sec.py] => backbone.TSP.e_a_2: 3840
2026-01-12 01:36:35,100 [sec.py] => backbone.TSP.e_p_3: 19200
2026-01-12 01:36:35,100 [sec.py] => backbone.TSP.e_k_3: 3840
2026-01-12 01:36:35,100 [sec.py] => backbone.TSP.e_a_3: 3840
2026-01-12 01:36:35,100 [sec.py] => backbone.TSP.e_p_4: 19200
2026-01-12 01:36:35,100 [sec.py] => backbone.TSP.e_k_4: 3840
2026-01-12 01:36:35,100 [sec.py] => backbone.TSP.e_a_4: 3840
2026-01-12 01:36:35,110 [sec.py] => training set size: 50, fc construct set size: 50
2026-01-12 01:37:40,173 [trainer.py] => CNN: {'total': 73.33, '00-99': 77.62, '100-109': 60.57, '110-119': 74.23, '120-129': 51.95, '130-139': 75.68, '140-149': 66.36, '150-159': 63.98, '160-169': 74.93, '170-179': 76.0, '180-189': 74.0, '190-199': 72.0, 'old': 73.21, 'new': 74.93}
2026-01-12 01:37:40,176 [trainer.py] => Top1 curve: [79.2, 77.26, 76.71, 75.33, 75.12, 74.4, 73.44, 73.33]
2026-01-12 01:37:40,176 [trainer.py] => Average Accuracy (CNN): 75.60
2026-01-12 01:37:40,183 [sec.py] => Learning on 170-180
2026-01-12 01:37:40,190 [sec.py] => All params: 89024256
2026-01-12 01:37:40,190 [sec.py] => Actual trainable params (excluding detached): 107520
2026-01-12 01:37:40,190 [sec.py] => TSP active prompts: 5 (total: 90)
2026-01-12 01:37:40,190 [sec.py] => RSP active prompts: 0 (total: 50)
2026-01-12 01:37:40,190 [sec.py] => Excluded params: head, detached prompts
2026-01-12 01:37:40,190 [sec.py] => backbone.TSP.e_p_1: 19200
2026-01-12 01:37:40,190 [sec.py] => backbone.TSP.e_k_1: 3840
2026-01-12 01:37:40,190 [sec.py] => backbone.TSP.e_a_1: 3840
2026-01-12 01:37:40,190 [sec.py] => backbone.TSP.e_p_2: 19200
2026-01-12 01:37:40,190 [sec.py] => backbone.TSP.e_k_2: 3840
2026-01-12 01:37:40,190 [sec.py] => backbone.TSP.e_a_2: 3840
2026-01-12 01:37:40,190 [sec.py] => backbone.TSP.e_p_3: 19200
2026-01-12 01:37:40,190 [sec.py] => backbone.TSP.e_k_3: 3840
2026-01-12 01:37:40,191 [sec.py] => backbone.TSP.e_a_3: 3840
2026-01-12 01:37:40,191 [sec.py] => backbone.TSP.e_p_4: 19200
2026-01-12 01:37:40,191 [sec.py] => backbone.TSP.e_k_4: 3840
2026-01-12 01:37:40,191 [sec.py] => backbone.TSP.e_a_4: 3840
2026-01-12 01:37:40,199 [sec.py] => training set size: 50, fc construct set size: 50
2026-01-12 01:38:46,573 [trainer.py] => CNN: {'total': 72.82, '00-99': 77.16, '100-109': 60.25, '110-119': 73.85, '120-129': 50.97, '130-139': 75.34, '140-149': 64.95, '150-159': 62.07, '160-169': 72.65, '170-179': 76.53, '180-189': 80.0, '190-199': 86.0, 'old': 72.61, 'new': 76.53}
2026-01-12 01:38:46,574 [trainer.py] => Top1 curve: [79.2, 77.26, 76.71, 75.33, 75.12, 74.4, 73.44, 73.33, 72.82]
2026-01-12 01:38:46,574 [trainer.py] => Average Accuracy (CNN): 75.29
2026-01-12 01:38:46,580 [sec.py] => Learning on 180-190
2026-01-12 01:38:46,588 [sec.py] => All params: 89024256
2026-01-12 01:38:46,588 [sec.py] => Actual trainable params (excluding detached): 107520
2026-01-12 01:38:46,588 [sec.py] => TSP active prompts: 5 (total: 95)
2026-01-12 01:38:46,588 [sec.py] => RSP active prompts: 0 (total: 50)
2026-01-12 01:38:46,588 [sec.py] => Excluded params: head, detached prompts
2026-01-12 01:38:46,588 [sec.py] => backbone.TSP.e_p_1: 19200
2026-01-12 01:38:46,588 [sec.py] => backbone.TSP.e_k_1: 3840
2026-01-12 01:38:46,588 [sec.py] => backbone.TSP.e_a_1: 3840
2026-01-12 01:38:46,588 [sec.py] => backbone.TSP.e_p_2: 19200
2026-01-12 01:38:46,588 [sec.py] => backbone.TSP.e_k_2: 3840
2026-01-12 01:38:46,589 [sec.py] => backbone.TSP.e_a_2: 3840
2026-01-12 01:38:46,589 [sec.py] => backbone.TSP.e_p_3: 19200
2026-01-12 01:38:46,589 [sec.py] => backbone.TSP.e_k_3: 3840
2026-01-12 01:38:46,589 [sec.py] => backbone.TSP.e_a_3: 3840
2026-01-12 01:38:46,589 [sec.py] => backbone.TSP.e_p_4: 19200
2026-01-12 01:38:46,589 [sec.py] => backbone.TSP.e_k_4: 3840
2026-01-12 01:38:46,589 [sec.py] => backbone.TSP.e_a_4: 3840
2026-01-12 01:38:46,597 [sec.py] => training set size: 50, fc construct set size: 50
2026-01-12 01:39:46,461 [trainer.py] => CNN: {'total': 72.03, '00-99': 77.06, '100-109': 59.62, '110-119': 74.23, '120-129': 49.68, '130-139': 75.34, '140-149': 65.42, '150-159': 61.69, '160-169': 72.65, '170-179': 74.37, '180-189': 64.36, '190-199': 82.0, 'old': 72.55, 'new': 64.36}
2026-01-12 01:39:46,491 [trainer.py] => Top1 curve: [79.2, 77.26, 76.71, 75.33, 75.12, 74.4, 73.44, 73.33, 72.82, 72.03]
2026-01-12 01:39:46,491 [trainer.py] => Average Accuracy (CNN): 74.96
2026-01-12 01:39:46,498 [sec.py] => Learning on 190-200
2026-01-12 01:39:46,505 [sec.py] => All params: 89024256
2026-01-12 01:39:46,505 [sec.py] => Actual trainable params (excluding detached): 107520
2026-01-12 01:39:46,505 [sec.py] => TSP active prompts: 5 (total: 100)
2026-01-12 01:39:46,505 [sec.py] => RSP active prompts: 0 (total: 50)
2026-01-12 01:39:46,505 [sec.py] => Excluded params: head, detached prompts
2026-01-12 01:39:46,505 [sec.py] => backbone.TSP.e_p_1: 19200
2026-01-12 01:39:46,505 [sec.py] => backbone.TSP.e_k_1: 3840
2026-01-12 01:39:46,505 [sec.py] => backbone.TSP.e_a_1: 3840
2026-01-12 01:39:46,505 [sec.py] => backbone.TSP.e_p_2: 19200
2026-01-12 01:39:46,505 [sec.py] => backbone.TSP.e_k_2: 3840
2026-01-12 01:39:46,505 [sec.py] => backbone.TSP.e_a_2: 3840
2026-01-12 01:39:46,505 [sec.py] => backbone.TSP.e_p_3: 19200
2026-01-12 01:39:46,505 [sec.py] => backbone.TSP.e_k_3: 3840
2026-01-12 01:39:46,505 [sec.py] => backbone.TSP.e_a_3: 3840
2026-01-12 01:39:46,505 [sec.py] => backbone.TSP.e_p_4: 19200
2026-01-12 01:39:46,505 [sec.py] => backbone.TSP.e_k_4: 3840
2026-01-12 01:39:46,505 [sec.py] => backbone.TSP.e_a_4: 3840
2026-01-12 01:39:46,513 [sec.py] => training set size: 50, fc construct set size: 50
2026-01-12 01:41:10,305 [trainer.py] => CNN: {'total': 71.0, '00-99': 76.83, '100-109': 58.68, '110-119': 72.31, '120-129': 49.35, '130-139': 74.32, '140-149': 64.02, '150-159': 61.69, '160-169': 72.08, '170-179': 74.37, '180-189': 62.15, '190-199': 62.54, 'old': 71.47, 'new': 62.54}
2026-01-12 01:41:10,324 [trainer.py] => Top1 curve: [79.2, 77.26, 76.71, 75.33, 75.12, 74.4, 73.44, 73.33, 72.82, 72.03, 71.0]
2026-01-12 01:41:10,324 [trainer.py] => Average Accuracy (CNN): 74.60

================================================================================
Finished imagenetr_init100_inc10: pretrained_vit_b16_224_vpt  
Base Accuracy: 79.2
Last Accuracy: 71.0
Average Accuracy (Top1): 74.6
PD: 8.20
Backward Transfer (BWT): -4.21
Accuracy Matrix (CNN):
[[79.2  64.   88.   72.   84.   80.   60.   84.   76.   74.   78.  ]
 [79.04 60.25 74.   80.   86.   82.   60.   78.   76.   74.   76.  ]
 [78.38 59.62 78.08 74.   80.   76.   64.   74.   82.   78.   68.  ]
 [78.48 58.04 78.08 59.74 86.   78.   74.   86.   80.   70.   80.  ]
 [78.38 58.68 75.77 55.84 78.72 74.   68.   90.   84.   78.   84.  ]
 [78.15 58.68 74.62 53.9  78.38 68.22 82.   82.   82.   72.   86.  ]
 [77.66 59.62 74.23 52.6  75.68 66.82 67.82 80.   76.   76.   82.  ]
 [77.62 60.57 74.23 51.95 75.68 66.36 63.98 74.93 76.   74.   72.  ]
 [77.16 60.25 73.85 50.97 75.34 64.95 62.07 72.65 76.53 80.   86.  ]
 [77.06 59.62 74.23 49.68 75.34 65.42 61.69 72.65 74.37 64.36 82.  ]
 [76.83 58.68 72.31 49.35 74.32 64.02 61.69 72.08 74.37 62.15 62.54]]
================================================================================


================================================================================
Training Statistics for SEC-Prompt
================================================================================
Task    Params ↓    GPU ↓       Time/Epoch ↓
================================================================================
Task 0  2.15M       6128.57MiB  139.58s     
Task 1  0.11M       4609.01MiB  2.29s       
Task 2  0.11M       4614.75MiB  2.05s       
Task 3  0.11M       4620.07MiB  1.90s       
Task 4  0.11M       4627.50MiB  2.14s       
Task 5  0.11M       4631.93MiB  1.91s       
Task 6  0.11M       4636.72MiB  2.67s       
Task 7  0.11M       4643.02MiB  1.90s       
Task 8  0.11M       4647.87MiB  1.90s       
Task 9  0.11M       4652.02MiB  1.85s       
Task 10 0.11M       4657.10MiB  1.88s       
--------------------------------------------------------------------------------
Average 0.29M    4769.87MiB    14.55s
Max GPU             6128.57MiB
Total   3.23M                        4392.44s
================================================================================

2026-01-12 01:41:34,513 [trainer.py] => config: ./configs/SEC-Prompt_mini_B60_Inc2.json
2026-01-12 01:41:34,540 [trainer.py] => lamda: 0.5
2026-01-12 01:41:34,540 [trainer.py] => aug: 2
2026-01-12 01:41:34,540 [trainer.py] => prompt_token_num: 6
2026-01-12 01:41:34,540 [trainer.py] => prompt_pool_num: 0.5
2026-01-12 01:41:34,540 [trainer.py] => model_name: sec
2026-01-12 01:41:34,540 [trainer.py] => backbone_type: pretrained_vit_b16_224_vpt
2026-01-12 01:41:34,540 [trainer.py] => device: [device(type='cuda', index=0)]
2026-01-12 01:41:34,540 [trainer.py] => seed: 1993
2026-01-12 01:41:34,540 [trainer.py] => dataset: mini_imagenet
2026-01-12 01:41:34,540 [trainer.py] => init_cls: 60
2026-01-12 01:41:34,540 [trainer.py] => increment: 2
2026-01-12 01:41:34,540 [trainer.py] => kshot: 5
2026-01-12 01:41:34,540 [trainer.py] => vpt_type: Deep
2026-01-12 01:41:34,540 [trainer.py] => kl_weight: 0.001
2026-01-12 01:41:34,540 [trainer.py] => tuned_epoch: 30
2026-01-12 01:41:34,540 [trainer.py] => fs_epoch: 10
2026-01-12 01:41:34,540 [trainer.py] => init_lr: 0.01
2026-01-12 01:41:34,540 [trainer.py] => fs_lr: 0.001
2026-01-12 01:41:34,540 [trainer.py] => batch_size: 32
2026-01-12 01:41:34,540 [trainer.py] => fs_batch_size: 16
2026-01-12 01:41:34,540 [trainer.py] => weight_decay: 0.005
2026-01-12 01:41:34,540 [trainer.py] => min_lr: 0
2026-01-12 01:41:34,541 [trainer.py] => optimizer: sgd
2026-01-12 01:41:34,541 [trainer.py] => shuffle: False
2026-01-12 01:41:34,541 [trainer.py] => top_k: 5
2026-01-12 01:41:34,541 [trainer.py] => base_model_path: saved_model/sec_tr/mini_imagenet/30_0.01/6_0.5/sec_30_1993_32.pth
2026-01-12 01:41:34,541 [trainer.py] => prefix: sec
2026-01-12 01:41:34,541 [trainer.py] => model_prefix: sec
2026-01-12 01:41:34,541 [trainer.py] => beta: 0.5
2026-01-12 01:41:34,541 [trainer.py] => memory_size: 0
2026-01-12 01:41:34,541 [trainer.py] => memory_per_class: 0
2026-01-12 01:41:34,541 [trainer.py] => fixed_memory: False
2026-01-12 01:41:34,733 [data_manager.py] => [0, 1, 2, 3, 4, 5, 6, 7, 8, 9, 10, 11, 12, 13, 14, 15, 16, 17, 18, 19, 20, 21, 22, 23, 24, 25, 26, 27, 28, 29, 30, 31, 32, 33, 34, 35, 36, 37, 38, 39, 40, 41, 42, 43, 44, 45, 46, 47, 48, 49, 50, 51, 52, 53, 54, 55, 56, 57, 58, 59, 60, 61, 62, 63, 64, 65, 66, 67, 68, 69, 70, 71, 72, 73, 74, 75, 76, 77, 78, 79, 80, 81, 82, 83, 84, 85, 86, 87, 88, 89, 90, 91, 92, 93, 94, 95, 96, 97, 98, 99]
This is for the BaseNet initialization.
modelname, pretrained_vit_b16_224_vpt basicmodelname vit_base_patch16_224
Using VPT model
Using Deep Prompt
After BaseNet initialization.
2026-01-12 01:42:03,248 [sec.py] => Learning on 0-60
2026-01-12 01:42:03,571 [sec.py] => All params: 87027456
2026-01-12 01:42:03,571 [sec.py] => Actual trainable params (excluding detached): 921600
2026-01-12 01:42:03,571 [sec.py] => TSP active prompts: 30 (total: 30)
2026-01-12 01:42:03,571 [sec.py] => RSP active prompts: 30 (total: 30)
2026-01-12 01:42:03,571 [sec.py] => Excluded params: head, detached prompts
2026-01-12 01:42:03,571 [sec.py] => backbone.TSP.e_p_1: 69120
2026-01-12 01:42:03,571 [sec.py] => backbone.TSP.e_k_1: 23040
2026-01-12 01:42:03,571 [sec.py] => backbone.TSP.e_a_1: 23040
2026-01-12 01:42:03,571 [sec.py] => backbone.TSP.e_p_2: 69120
2026-01-12 01:42:03,571 [sec.py] => backbone.TSP.e_k_2: 23040
2026-01-12 01:42:03,571 [sec.py] => backbone.TSP.e_a_2: 23040
2026-01-12 01:42:03,571 [sec.py] => backbone.TSP.e_p_3: 69120
2026-01-12 01:42:03,572 [sec.py] => backbone.TSP.e_k_3: 23040
2026-01-12 01:42:03,572 [sec.py] => backbone.TSP.e_a_3: 23040
2026-01-12 01:42:03,572 [sec.py] => backbone.TSP.e_p_4: 69120
2026-01-12 01:42:03,572 [sec.py] => backbone.TSP.e_k_4: 23040
2026-01-12 01:42:03,572 [sec.py] => backbone.TSP.e_a_4: 23040
2026-01-12 01:42:03,572 [sec.py] => backbone.RSP.e_p_1: 69120
2026-01-12 01:42:03,572 [sec.py] => backbone.RSP.e_k_1: 23040
2026-01-12 01:42:03,572 [sec.py] => backbone.RSP.e_a_1: 23040
2026-01-12 01:42:03,572 [sec.py] => backbone.RSP.e_p_2: 69120
2026-01-12 01:42:03,572 [sec.py] => backbone.RSP.e_k_2: 23040
2026-01-12 01:42:03,572 [sec.py] => backbone.RSP.e_a_2: 23040
2026-01-12 01:42:03,572 [sec.py] => backbone.RSP.e_p_3: 69120
2026-01-12 01:42:03,572 [sec.py] => backbone.RSP.e_k_3: 23040
2026-01-12 01:42:03,572 [sec.py] => backbone.RSP.e_a_3: 23040
2026-01-12 01:42:03,572 [sec.py] => backbone.RSP.e_p_4: 69120
2026-01-12 01:42:03,572 [sec.py] => backbone.RSP.e_k_4: 23040
2026-01-12 01:42:03,572 [sec.py] => backbone.RSP.e_a_4: 23040
2026-01-12 01:42:03,609 [sec.py] => training set size: 30000, fc construct set size: 30000
/public/home/hanlida/Dr.1/Code/Research/Awesome-FSCIL/SEC-Prompt-main/backbone/zoo.py:214: UserWarning: Implicit dimension choice for softmax has been deprecated. Change the call to include dim=X as an argument.
  aq_k = torch.nn.functional.softmax(aq_k)
2026-01-12 05:53:52,896 [trainer.py] => CNN: {'total': 96.97, '00-59': 96.97, '60-61': 100.0, '62-63': 90.0, '64-65': 100.0, '66-67': 80.0, '68-69': 70.0, '70-71': 90.0, '72-73': 90.0, '74-75': 90.0, '76-77': 80.0, '78-79': 90.0, '80-81': 90.0, '82-83': 100.0, '84-85': 90.0, '86-87': 80.0, '88-89': 70.0, '90-91': 90.0, '92-93': 100.0, '94-95': 80.0, '96-97': 80.0, '98-99': 90.0, 'old': 0, 'new': 96.97}
2026-01-12 05:53:52,931 [trainer.py] => Top1 curve: [96.97]
2026-01-12 05:53:52,932 [trainer.py] => Average Accuracy (CNN): 96.97
2026-01-12 05:53:52,941 [sec.py] => Learning on 60-62
2026-01-12 05:53:52,948 [sec.py] => All params: 87027456
2026-01-12 05:53:52,948 [sec.py] => Actual trainable params (excluding detached): 15360
2026-01-12 05:53:52,948 [sec.py] => TSP active prompts: 1 (total: 31)
2026-01-12 05:53:52,948 [sec.py] => RSP active prompts: 0 (total: 30)
2026-01-12 05:53:52,948 [sec.py] => Excluded params: head, detached prompts
2026-01-12 05:53:52,948 [sec.py] => backbone.TSP.e_p_1: 2304
2026-01-12 05:53:52,948 [sec.py] => backbone.TSP.e_k_1: 768
2026-01-12 05:53:52,948 [sec.py] => backbone.TSP.e_a_1: 768
2026-01-12 05:53:52,948 [sec.py] => backbone.TSP.e_p_2: 2304
2026-01-12 05:53:52,948 [sec.py] => backbone.TSP.e_k_2: 768
2026-01-12 05:53:52,949 [sec.py] => backbone.TSP.e_a_2: 768
2026-01-12 05:53:52,949 [sec.py] => backbone.TSP.e_p_3: 2304
2026-01-12 05:53:52,949 [sec.py] => backbone.TSP.e_k_3: 768
2026-01-12 05:53:52,949 [sec.py] => backbone.TSP.e_a_3: 768
2026-01-12 05:53:52,949 [sec.py] => backbone.TSP.e_p_4: 2304
2026-01-12 05:53:52,949 [sec.py] => backbone.TSP.e_k_4: 768
2026-01-12 05:53:52,949 [sec.py] => backbone.TSP.e_a_4: 768
2026-01-12 05:53:52,965 [sec.py] => training set size: 10, fc construct set size: 10
2026-01-12 05:54:54,469 [trainer.py] => CNN: {'total': 97.02, '00-59': 96.98, '60-61': 98.0, '62-63': 100.0, '64-65': 70.0, '66-67': 100.0, '68-69': 70.0, '70-71': 90.0, '72-73': 90.0, '74-75': 90.0, '76-77': 100.0, '78-79': 100.0, '80-81': 90.0, '82-83': 90.0, '84-85': 90.0, '86-87': 90.0, '88-89': 70.0, '90-91': 90.0, '92-93': 100.0, '94-95': 80.0, '96-97': 90.0, '98-99': 100.0, 'old': 96.98, 'new': 98.0}
2026-01-12 05:54:54,469 [trainer.py] => Top1 curve: [96.97, 97.02]
2026-01-12 05:54:54,469 [trainer.py] => Average Accuracy (CNN): 97.00
2026-01-12 05:54:54,483 [sec.py] => Learning on 62-64
2026-01-12 05:54:54,490 [sec.py] => All params: 87027456
2026-01-12 05:54:54,490 [sec.py] => Actual trainable params (excluding detached): 15360
2026-01-12 05:54:54,490 [sec.py] => TSP active prompts: 1 (total: 32)
2026-01-12 05:54:54,490 [sec.py] => RSP active prompts: 0 (total: 30)
2026-01-12 05:54:54,490 [sec.py] => Excluded params: head, detached prompts
2026-01-12 05:54:54,490 [sec.py] => backbone.TSP.e_p_1: 2304
2026-01-12 05:54:54,490 [sec.py] => backbone.TSP.e_k_1: 768
2026-01-12 05:54:54,490 [sec.py] => backbone.TSP.e_a_1: 768
2026-01-12 05:54:54,490 [sec.py] => backbone.TSP.e_p_2: 2304
2026-01-12 05:54:54,490 [sec.py] => backbone.TSP.e_k_2: 768
2026-01-12 05:54:54,490 [sec.py] => backbone.TSP.e_a_2: 768
2026-01-12 05:54:54,490 [sec.py] => backbone.TSP.e_p_3: 2304
2026-01-12 05:54:54,490 [sec.py] => backbone.TSP.e_k_3: 768
2026-01-12 05:54:54,490 [sec.py] => backbone.TSP.e_a_3: 768
2026-01-12 05:54:54,491 [sec.py] => backbone.TSP.e_p_4: 2304
2026-01-12 05:54:54,491 [sec.py] => backbone.TSP.e_k_4: 768
2026-01-12 05:54:54,491 [sec.py] => backbone.TSP.e_a_4: 768
2026-01-12 05:54:54,506 [sec.py] => training set size: 10, fc construct set size: 10
2026-01-12 05:55:57,971 [trainer.py] => CNN: {'total': 96.95, '00-59': 96.95, '60-61': 98.0, '62-63': 96.0, '64-65': 50.0, '66-67': 90.0, '68-69': 60.0, '70-71': 80.0, '72-73': 100.0, '74-75': 100.0, '76-77': 80.0, '78-79': 90.0, '80-81': 90.0, '82-83': 90.0, '84-85': 90.0, '86-87': 90.0, '88-89': 80.0, '90-91': 100.0, '92-93': 100.0, '94-95': 90.0, '96-97': 90.0, '98-99': 90.0, 'old': 96.98, 'new': 96.0}
2026-01-12 05:55:57,971 [trainer.py] => Top1 curve: [96.97, 97.02, 96.95]
2026-01-12 05:55:57,971 [trainer.py] => Average Accuracy (CNN): 96.98
2026-01-12 05:55:57,977 [sec.py] => Learning on 64-66
2026-01-12 05:55:57,984 [sec.py] => All params: 87027456
2026-01-12 05:55:57,984 [sec.py] => Actual trainable params (excluding detached): 15360
2026-01-12 05:55:57,984 [sec.py] => TSP active prompts: 1 (total: 33)
2026-01-12 05:55:57,984 [sec.py] => RSP active prompts: 0 (total: 30)
2026-01-12 05:55:57,984 [sec.py] => Excluded params: head, detached prompts
2026-01-12 05:55:57,984 [sec.py] => backbone.TSP.e_p_1: 2304
2026-01-12 05:55:57,984 [sec.py] => backbone.TSP.e_k_1: 768
2026-01-12 05:55:57,984 [sec.py] => backbone.TSP.e_a_1: 768
2026-01-12 05:55:57,984 [sec.py] => backbone.TSP.e_p_2: 2304
2026-01-12 05:55:57,984 [sec.py] => backbone.TSP.e_k_2: 768
2026-01-12 05:55:57,984 [sec.py] => backbone.TSP.e_a_2: 768
2026-01-12 05:55:57,985 [sec.py] => backbone.TSP.e_p_3: 2304
2026-01-12 05:55:57,985 [sec.py] => backbone.TSP.e_k_3: 768
2026-01-12 05:55:57,985 [sec.py] => backbone.TSP.e_a_3: 768
2026-01-12 05:55:57,985 [sec.py] => backbone.TSP.e_p_4: 2304
2026-01-12 05:55:57,985 [sec.py] => backbone.TSP.e_k_4: 768
2026-01-12 05:55:57,985 [sec.py] => backbone.TSP.e_a_4: 768
2026-01-12 05:55:58,000 [sec.py] => training set size: 10, fc construct set size: 10
2026-01-12 05:57:02,908 [trainer.py] => CNN: {'total': 96.85, '00-59': 96.92, '60-61': 98.0, '62-63': 96.0, '64-65': 94.5, '66-67': 100.0, '68-69': 70.0, '70-71': 100.0, '72-73': 90.0, '74-75': 100.0, '76-77': 80.0, '78-79': 80.0, '80-81': 70.0, '82-83': 100.0, '84-85': 90.0, '86-87': 100.0, '88-89': 70.0, '90-91': 100.0, '92-93': 100.0, '94-95': 100.0, '96-97': 100.0, '98-99': 100.0, 'old': 96.92, 'new': 94.5}
2026-01-12 05:57:02,908 [trainer.py] => Top1 curve: [96.97, 97.02, 96.95, 96.85]
2026-01-12 05:57:02,909 [trainer.py] => Average Accuracy (CNN): 96.95
2026-01-12 05:57:02,914 [sec.py] => Learning on 66-68
2026-01-12 05:57:02,921 [sec.py] => All params: 87027456
2026-01-12 05:57:02,921 [sec.py] => Actual trainable params (excluding detached): 15360
2026-01-12 05:57:02,921 [sec.py] => TSP active prompts: 1 (total: 34)
2026-01-12 05:57:02,921 [sec.py] => RSP active prompts: 0 (total: 30)
2026-01-12 05:57:02,921 [sec.py] => Excluded params: head, detached prompts
2026-01-12 05:57:02,921 [sec.py] => backbone.TSP.e_p_1: 2304
2026-01-12 05:57:02,921 [sec.py] => backbone.TSP.e_k_1: 768
2026-01-12 05:57:02,921 [sec.py] => backbone.TSP.e_a_1: 768
2026-01-12 05:57:02,921 [sec.py] => backbone.TSP.e_p_2: 2304
2026-01-12 05:57:02,921 [sec.py] => backbone.TSP.e_k_2: 768
2026-01-12 05:57:02,922 [sec.py] => backbone.TSP.e_a_2: 768
2026-01-12 05:57:02,922 [sec.py] => backbone.TSP.e_p_3: 2304
2026-01-12 05:57:02,922 [sec.py] => backbone.TSP.e_k_3: 768
2026-01-12 05:57:02,922 [sec.py] => backbone.TSP.e_a_3: 768
2026-01-12 05:57:02,922 [sec.py] => backbone.TSP.e_p_4: 2304
2026-01-12 05:57:02,922 [sec.py] => backbone.TSP.e_k_4: 768
2026-01-12 05:57:02,922 [sec.py] => backbone.TSP.e_a_4: 768
2026-01-12 05:57:02,936 [sec.py] => training set size: 10, fc construct set size: 10
2026-01-12 05:58:20,620 [trainer.py] => CNN: {'total': 96.91, '00-59': 96.93, '60-61': 98.0, '62-63': 96.0, '64-65': 94.5, '66-67': 98.5, '68-69': 50.0, '70-71': 100.0, '72-73': 100.0, '74-75': 90.0, '76-77': 90.0, '78-79': 100.0, '80-81': 90.0, '82-83': 90.0, '84-85': 90.0, '86-87': 80.0, '88-89': 90.0, '90-91': 90.0, '92-93': 100.0, '94-95': 100.0, '96-97': 90.0, '98-99': 100.0, 'old': 96.86, 'new': 98.5}
2026-01-12 05:58:20,623 [trainer.py] => Top1 curve: [96.97, 97.02, 96.95, 96.85, 96.91]
2026-01-12 05:58:20,623 [trainer.py] => Average Accuracy (CNN): 96.94
2026-01-12 05:58:20,651 [sec.py] => Learning on 68-70
2026-01-12 05:58:20,661 [sec.py] => All params: 87027456
2026-01-12 05:58:20,661 [sec.py] => Actual trainable params (excluding detached): 15360
2026-01-12 05:58:20,661 [sec.py] => TSP active prompts: 1 (total: 35)
2026-01-12 05:58:20,661 [sec.py] => RSP active prompts: 0 (total: 30)
2026-01-12 05:58:20,661 [sec.py] => Excluded params: head, detached prompts
2026-01-12 05:58:20,661 [sec.py] => backbone.TSP.e_p_1: 2304
2026-01-12 05:58:20,661 [sec.py] => backbone.TSP.e_k_1: 768
2026-01-12 05:58:20,661 [sec.py] => backbone.TSP.e_a_1: 768
2026-01-12 05:58:20,661 [sec.py] => backbone.TSP.e_p_2: 2304
2026-01-12 05:58:20,661 [sec.py] => backbone.TSP.e_k_2: 768
2026-01-12 05:58:20,661 [sec.py] => backbone.TSP.e_a_2: 768
2026-01-12 05:58:20,661 [sec.py] => backbone.TSP.e_p_3: 2304
2026-01-12 05:58:20,662 [sec.py] => backbone.TSP.e_k_3: 768
2026-01-12 05:58:20,662 [sec.py] => backbone.TSP.e_a_3: 768
2026-01-12 05:58:20,662 [sec.py] => backbone.TSP.e_p_4: 2304
2026-01-12 05:58:20,662 [sec.py] => backbone.TSP.e_k_4: 768
2026-01-12 05:58:20,662 [sec.py] => backbone.TSP.e_a_4: 768
2026-01-12 05:58:20,681 [sec.py] => training set size: 10, fc construct set size: 10
2026-01-12 05:59:28,324 [trainer.py] => CNN: {'total': 95.97, '00-59': 96.87, '60-61': 98.5, '62-63': 96.0, '64-65': 94.0, '66-67': 98.5, '68-69': 66.0, '70-71': 90.0, '72-73': 100.0, '74-75': 90.0, '76-77': 100.0, '78-79': 100.0, '80-81': 80.0, '82-83': 100.0, '84-85': 100.0, '86-87': 90.0, '88-89': 80.0, '90-91': 100.0, '92-93': 90.0, '94-95': 90.0, '96-97': 90.0, '98-99': 100.0, 'old': 96.85, 'new': 66.0}
2026-01-12 05:59:28,325 [trainer.py] => Top1 curve: [96.97, 97.02, 96.95, 96.85, 96.91, 95.97]
2026-01-12 05:59:28,325 [trainer.py] => Average Accuracy (CNN): 96.78
2026-01-12 05:59:28,330 [sec.py] => Learning on 70-72
2026-01-12 05:59:28,335 [sec.py] => All params: 87027456
2026-01-12 05:59:28,335 [sec.py] => Actual trainable params (excluding detached): 15360
2026-01-12 05:59:28,335 [sec.py] => TSP active prompts: 1 (total: 36)
2026-01-12 05:59:28,335 [sec.py] => RSP active prompts: 0 (total: 30)
2026-01-12 05:59:28,335 [sec.py] => Excluded params: head, detached prompts
2026-01-12 05:59:28,335 [sec.py] => backbone.TSP.e_p_1: 2304
2026-01-12 05:59:28,335 [sec.py] => backbone.TSP.e_k_1: 768
2026-01-12 05:59:28,335 [sec.py] => backbone.TSP.e_a_1: 768
2026-01-12 05:59:28,336 [sec.py] => backbone.TSP.e_p_2: 2304
2026-01-12 05:59:28,336 [sec.py] => backbone.TSP.e_k_2: 768
2026-01-12 05:59:28,336 [sec.py] => backbone.TSP.e_a_2: 768
2026-01-12 05:59:28,336 [sec.py] => backbone.TSP.e_p_3: 2304
2026-01-12 05:59:28,336 [sec.py] => backbone.TSP.e_k_3: 768
2026-01-12 05:59:28,336 [sec.py] => backbone.TSP.e_a_3: 768
2026-01-12 05:59:28,336 [sec.py] => backbone.TSP.e_p_4: 2304
2026-01-12 05:59:28,336 [sec.py] => backbone.TSP.e_k_4: 768
2026-01-12 05:59:28,336 [sec.py] => backbone.TSP.e_a_4: 768
2026-01-12 05:59:28,349 [sec.py] => training set size: 10, fc construct set size: 10
2026-01-12 06:00:38,414 [trainer.py] => CNN: {'total': 95.99, '00-59': 96.83, '60-61': 98.5, '62-63': 95.5, '64-65': 94.0, '66-67': 98.5, '68-69': 66.5, '70-71': 97.5, '72-73': 80.0, '74-75': 100.0, '76-77': 80.0, '78-79': 100.0, '80-81': 80.0, '82-83': 100.0, '84-85': 90.0, '86-87': 90.0, '88-89': 80.0, '90-91': 100.0, '92-93': 100.0, '94-95': 80.0, '96-97': 100.0, '98-99': 100.0, 'old': 95.94, 'new': 97.5}
2026-01-12 06:00:38,415 [trainer.py] => Top1 curve: [96.97, 97.02, 96.95, 96.85, 96.91, 95.97, 95.99]
2026-01-12 06:00:38,415 [trainer.py] => Average Accuracy (CNN): 96.67
2026-01-12 06:00:38,422 [sec.py] => Learning on 72-74
2026-01-12 06:00:38,432 [sec.py] => All params: 87027456
2026-01-12 06:00:38,432 [sec.py] => Actual trainable params (excluding detached): 15360
2026-01-12 06:00:38,433 [sec.py] => TSP active prompts: 1 (total: 37)
2026-01-12 06:00:38,433 [sec.py] => RSP active prompts: 0 (total: 30)
2026-01-12 06:00:38,433 [sec.py] => Excluded params: head, detached prompts
2026-01-12 06:00:38,433 [sec.py] => backbone.TSP.e_p_1: 2304
2026-01-12 06:00:38,433 [sec.py] => backbone.TSP.e_k_1: 768
2026-01-12 06:00:38,433 [sec.py] => backbone.TSP.e_a_1: 768
2026-01-12 06:00:38,433 [sec.py] => backbone.TSP.e_p_2: 2304
2026-01-12 06:00:38,433 [sec.py] => backbone.TSP.e_k_2: 768
2026-01-12 06:00:38,433 [sec.py] => backbone.TSP.e_a_2: 768
2026-01-12 06:00:38,433 [sec.py] => backbone.TSP.e_p_3: 2304
2026-01-12 06:00:38,433 [sec.py] => backbone.TSP.e_k_3: 768
2026-01-12 06:00:38,433 [sec.py] => backbone.TSP.e_a_3: 768
2026-01-12 06:00:38,433 [sec.py] => backbone.TSP.e_p_4: 2304
2026-01-12 06:00:38,433 [sec.py] => backbone.TSP.e_k_4: 768
2026-01-12 06:00:38,434 [sec.py] => backbone.TSP.e_a_4: 768
2026-01-12 06:00:38,453 [sec.py] => training set size: 10, fc construct set size: 10
2026-01-12 06:02:27,563 [trainer.py] => CNN: {'total': 95.99, '00-59': 96.85, '60-61': 98.5, '62-63': 95.5, '64-65': 94.0, '66-67': 98.5, '68-69': 66.5, '70-71': 97.0, '72-73': 96.0, '74-75': 80.0, '76-77': 90.0, '78-79': 80.0, '80-81': 90.0, '82-83': 100.0, '84-85': 90.0, '86-87': 100.0, '88-89': 90.0, '90-91': 100.0, '92-93': 100.0, '94-95': 100.0, '96-97': 90.0, '98-99': 100.0, 'old': 95.99, 'new': 96.0}
2026-01-12 06:02:27,601 [trainer.py] => Top1 curve: [96.97, 97.02, 96.95, 96.85, 96.91, 95.97, 95.99, 95.99]
2026-01-12 06:02:27,601 [trainer.py] => Average Accuracy (CNN): 96.58
2026-01-12 06:02:27,607 [sec.py] => Learning on 74-76
2026-01-12 06:02:27,618 [sec.py] => All params: 87027456
2026-01-12 06:02:27,618 [sec.py] => Actual trainable params (excluding detached): 15360
2026-01-12 06:02:27,618 [sec.py] => TSP active prompts: 1 (total: 38)
2026-01-12 06:02:27,618 [sec.py] => RSP active prompts: 0 (total: 30)
2026-01-12 06:02:27,618 [sec.py] => Excluded params: head, detached prompts
2026-01-12 06:02:27,618 [sec.py] => backbone.TSP.e_p_1: 2304
2026-01-12 06:02:27,618 [sec.py] => backbone.TSP.e_k_1: 768
2026-01-12 06:02:27,618 [sec.py] => backbone.TSP.e_a_1: 768
2026-01-12 06:02:27,618 [sec.py] => backbone.TSP.e_p_2: 2304
2026-01-12 06:02:27,618 [sec.py] => backbone.TSP.e_k_2: 768
2026-01-12 06:02:27,618 [sec.py] => backbone.TSP.e_a_2: 768
2026-01-12 06:02:27,619 [sec.py] => backbone.TSP.e_p_3: 2304
2026-01-12 06:02:27,619 [sec.py] => backbone.TSP.e_k_3: 768
2026-01-12 06:02:27,619 [sec.py] => backbone.TSP.e_a_3: 768
2026-01-12 06:02:27,619 [sec.py] => backbone.TSP.e_p_4: 2304
2026-01-12 06:02:27,619 [sec.py] => backbone.TSP.e_k_4: 768
2026-01-12 06:02:27,619 [sec.py] => backbone.TSP.e_a_4: 768
2026-01-12 06:02:27,633 [sec.py] => training set size: 10, fc construct set size: 10
2026-01-12 06:03:40,666 [trainer.py] => CNN: {'total': 96.05, '00-59': 96.83, '60-61': 98.5, '62-63': 95.0, '64-65': 94.0, '66-67': 98.5, '68-69': 67.0, '70-71': 97.0, '72-73': 96.0, '74-75': 99.0, '76-77': 80.0, '78-79': 90.0, '80-81': 90.0, '82-83': 90.0, '84-85': 100.0, '86-87': 100.0, '88-89': 80.0, '90-91': 90.0, '92-93': 100.0, '94-95': 100.0, '96-97': 90.0, '98-99': 100.0, 'old': 95.97, 'new': 99.0}
2026-01-12 06:03:40,667 [trainer.py] => Top1 curve: [96.97, 97.02, 96.95, 96.85, 96.91, 95.97, 95.99, 95.99, 96.05]
2026-01-12 06:03:40,667 [trainer.py] => Average Accuracy (CNN): 96.52
2026-01-12 06:03:40,672 [sec.py] => Learning on 76-78
2026-01-12 06:03:40,684 [sec.py] => All params: 87027456
2026-01-12 06:03:40,685 [sec.py] => Actual trainable params (excluding detached): 15360
2026-01-12 06:03:40,685 [sec.py] => TSP active prompts: 1 (total: 39)
2026-01-12 06:03:40,685 [sec.py] => RSP active prompts: 0 (total: 30)
2026-01-12 06:03:40,685 [sec.py] => Excluded params: head, detached prompts
2026-01-12 06:03:40,685 [sec.py] => backbone.TSP.e_p_1: 2304
2026-01-12 06:03:40,685 [sec.py] => backbone.TSP.e_k_1: 768
2026-01-12 06:03:40,685 [sec.py] => backbone.TSP.e_a_1: 768
2026-01-12 06:03:40,685 [sec.py] => backbone.TSP.e_p_2: 2304
2026-01-12 06:03:40,685 [sec.py] => backbone.TSP.e_k_2: 768
2026-01-12 06:03:40,685 [sec.py] => backbone.TSP.e_a_2: 768
2026-01-12 06:03:40,685 [sec.py] => backbone.TSP.e_p_3: 2304
2026-01-12 06:03:40,685 [sec.py] => backbone.TSP.e_k_3: 768
2026-01-12 06:03:40,685 [sec.py] => backbone.TSP.e_a_3: 768
2026-01-12 06:03:40,685 [sec.py] => backbone.TSP.e_p_4: 2304
2026-01-12 06:03:40,685 [sec.py] => backbone.TSP.e_k_4: 768
2026-01-12 06:03:40,685 [sec.py] => backbone.TSP.e_a_4: 768
2026-01-12 06:03:40,698 [sec.py] => training set size: 10, fc construct set size: 10
2026-01-12 06:04:58,504 [trainer.py] => CNN: {'total': 96.05, '00-59': 96.77, '60-61': 98.5, '62-63': 95.5, '64-65': 94.0, '66-67': 98.5, '68-69': 67.5, '70-71': 97.5, '72-73': 96.0, '74-75': 99.0, '76-77': 96.5, '78-79': 100.0, '80-81': 90.0, '82-83': 80.0, '84-85': 100.0, '86-87': 90.0, '88-89': 80.0, '90-91': 90.0, '92-93': 100.0, '94-95': 80.0, '96-97': 100.0, '98-99': 100.0, 'old': 96.04, 'new': 96.5}
2026-01-12 06:04:58,504 [trainer.py] => Top1 curve: [96.97, 97.02, 96.95, 96.85, 96.91, 95.97, 95.99, 95.99, 96.05, 96.05]
2026-01-12 06:04:58,504 [trainer.py] => Average Accuracy (CNN): 96.47
2026-01-12 06:04:58,511 [sec.py] => Learning on 78-80
2026-01-12 06:04:58,519 [sec.py] => All params: 87027456
2026-01-12 06:04:58,519 [sec.py] => Actual trainable params (excluding detached): 15360
2026-01-12 06:04:58,520 [sec.py] => TSP active prompts: 1 (total: 40)
2026-01-12 06:04:58,520 [sec.py] => RSP active prompts: 0 (total: 30)
2026-01-12 06:04:58,520 [sec.py] => Excluded params: head, detached prompts
2026-01-12 06:04:58,520 [sec.py] => backbone.TSP.e_p_1: 2304
2026-01-12 06:04:58,520 [sec.py] => backbone.TSP.e_k_1: 768
2026-01-12 06:04:58,520 [sec.py] => backbone.TSP.e_a_1: 768
2026-01-12 06:04:58,520 [sec.py] => backbone.TSP.e_p_2: 2304
2026-01-12 06:04:58,520 [sec.py] => backbone.TSP.e_k_2: 768
2026-01-12 06:04:58,520 [sec.py] => backbone.TSP.e_a_2: 768
2026-01-12 06:04:58,520 [sec.py] => backbone.TSP.e_p_3: 2304
2026-01-12 06:04:58,520 [sec.py] => backbone.TSP.e_k_3: 768
2026-01-12 06:04:58,520 [sec.py] => backbone.TSP.e_a_3: 768
2026-01-12 06:04:58,520 [sec.py] => backbone.TSP.e_p_4: 2304
2026-01-12 06:04:58,520 [sec.py] => backbone.TSP.e_k_4: 768
2026-01-12 06:04:58,520 [sec.py] => backbone.TSP.e_a_4: 768
2026-01-12 06:04:58,531 [sec.py] => training set size: 10, fc construct set size: 10
2026-01-12 06:06:30,432 [trainer.py] => CNN: {'total': 96.11, '00-59': 96.77, '60-61': 98.5, '62-63': 95.5, '64-65': 94.0, '66-67': 98.5, '68-69': 68.0, '70-71': 97.5, '72-73': 96.0, '74-75': 99.0, '76-77': 96.5, '78-79': 98.0, '80-81': 80.0, '82-83': 90.0, '84-85': 100.0, '86-87': 80.0, '88-89': 50.0, '90-91': 90.0, '92-93': 100.0, '94-95': 100.0, '96-97': 100.0, '98-99': 100.0, 'old': 96.06, 'new': 98.0}
2026-01-12 06:06:30,478 [trainer.py] => Top1 curve: [96.97, 97.02, 96.95, 96.85, 96.91, 95.97, 95.99, 95.99, 96.05, 96.05, 96.11]
2026-01-12 06:06:30,478 [trainer.py] => Average Accuracy (CNN): 96.44
2026-01-12 06:06:30,493 [sec.py] => Learning on 80-82
2026-01-12 06:06:30,502 [sec.py] => All params: 87027456
2026-01-12 06:06:30,502 [sec.py] => Actual trainable params (excluding detached): 15360
2026-01-12 06:06:30,503 [sec.py] => TSP active prompts: 1 (total: 41)
2026-01-12 06:06:30,503 [sec.py] => RSP active prompts: 0 (total: 30)
2026-01-12 06:06:30,503 [sec.py] => Excluded params: head, detached prompts
2026-01-12 06:06:30,503 [sec.py] => backbone.TSP.e_p_1: 2304
2026-01-12 06:06:30,503 [sec.py] => backbone.TSP.e_k_1: 768
2026-01-12 06:06:30,504 [sec.py] => backbone.TSP.e_a_1: 768
2026-01-12 06:06:30,504 [sec.py] => backbone.TSP.e_p_2: 2304
2026-01-12 06:06:30,504 [sec.py] => backbone.TSP.e_k_2: 768
2026-01-12 06:06:30,504 [sec.py] => backbone.TSP.e_a_2: 768
2026-01-12 06:06:30,504 [sec.py] => backbone.TSP.e_p_3: 2304
2026-01-12 06:06:30,504 [sec.py] => backbone.TSP.e_k_3: 768
2026-01-12 06:06:30,505 [sec.py] => backbone.TSP.e_a_3: 768
2026-01-12 06:06:30,505 [sec.py] => backbone.TSP.e_p_4: 2304
2026-01-12 06:06:30,505 [sec.py] => backbone.TSP.e_k_4: 768
2026-01-12 06:06:30,505 [sec.py] => backbone.TSP.e_a_4: 768
2026-01-12 06:06:30,541 [sec.py] => training set size: 10, fc construct set size: 10
2026-01-12 06:07:48,346 [trainer.py] => CNN: {'total': 95.87, '00-59': 96.62, '60-61': 98.5, '62-63': 95.0, '64-65': 93.0, '66-67': 98.5, '68-69': 67.5, '70-71': 97.5, '72-73': 96.0, '74-75': 99.0, '76-77': 96.5, '78-79': 98.0, '80-81': 92.5, '82-83': 80.0, '84-85': 100.0, '86-87': 100.0, '88-89': 80.0, '90-91': 100.0, '92-93': 100.0, '94-95': 100.0, '96-97': 100.0, '98-99': 90.0, 'old': 95.95, 'new': 92.5}
2026-01-12 06:07:48,346 [trainer.py] => Top1 curve: [96.97, 97.02, 96.95, 96.85, 96.91, 95.97, 95.99, 95.99, 96.05, 96.05, 96.11, 95.87]
2026-01-12 06:07:48,346 [trainer.py] => Average Accuracy (CNN): 96.39
2026-01-12 06:07:48,352 [sec.py] => Learning on 82-84
2026-01-12 06:07:48,362 [sec.py] => All params: 87027456
2026-01-12 06:07:48,362 [sec.py] => Actual trainable params (excluding detached): 15360
2026-01-12 06:07:48,362 [sec.py] => TSP active prompts: 1 (total: 42)
2026-01-12 06:07:48,362 [sec.py] => RSP active prompts: 0 (total: 30)
2026-01-12 06:07:48,362 [sec.py] => Excluded params: head, detached prompts
2026-01-12 06:07:48,362 [sec.py] => backbone.TSP.e_p_1: 2304
2026-01-12 06:07:48,362 [sec.py] => backbone.TSP.e_k_1: 768
2026-01-12 06:07:48,362 [sec.py] => backbone.TSP.e_a_1: 768
2026-01-12 06:07:48,363 [sec.py] => backbone.TSP.e_p_2: 2304
2026-01-12 06:07:48,363 [sec.py] => backbone.TSP.e_k_2: 768
2026-01-12 06:07:48,363 [sec.py] => backbone.TSP.e_a_2: 768
2026-01-12 06:07:48,363 [sec.py] => backbone.TSP.e_p_3: 2304
2026-01-12 06:07:48,363 [sec.py] => backbone.TSP.e_k_3: 768
2026-01-12 06:07:48,363 [sec.py] => backbone.TSP.e_a_3: 768
2026-01-12 06:07:48,363 [sec.py] => backbone.TSP.e_p_4: 2304
2026-01-12 06:07:48,363 [sec.py] => backbone.TSP.e_k_4: 768
2026-01-12 06:07:48,363 [sec.py] => backbone.TSP.e_a_4: 768
2026-01-12 06:07:48,373 [sec.py] => training set size: 10, fc construct set size: 10
2026-01-12 06:09:09,333 [trainer.py] => CNN: {'total': 95.83, '00-59': 96.63, '60-61': 98.5, '62-63': 95.0, '64-65': 93.0, '66-67': 99.0, '68-69': 68.0, '70-71': 97.5, '72-73': 96.0, '74-75': 99.0, '76-77': 96.5, '78-79': 97.0, '80-81': 91.5, '82-83': 95.0, '84-85': 90.0, '86-87': 90.0, '88-89': 70.0, '90-91': 100.0, '92-93': 80.0, '94-95': 90.0, '96-97': 100.0, '98-99': 80.0, 'old': 95.85, 'new': 95.0}
2026-01-12 06:09:09,334 [trainer.py] => Top1 curve: [96.97, 97.02, 96.95, 96.85, 96.91, 95.97, 95.99, 95.99, 96.05, 96.05, 96.11, 95.87, 95.83]
2026-01-12 06:09:09,334 [trainer.py] => Average Accuracy (CNN): 96.35
2026-01-12 06:09:09,339 [sec.py] => Learning on 84-86
2026-01-12 06:09:09,347 [sec.py] => All params: 87027456
2026-01-12 06:09:09,347 [sec.py] => Actual trainable params (excluding detached): 15360
2026-01-12 06:09:09,348 [sec.py] => TSP active prompts: 1 (total: 43)
2026-01-12 06:09:09,348 [sec.py] => RSP active prompts: 0 (total: 30)
2026-01-12 06:09:09,348 [sec.py] => Excluded params: head, detached prompts
2026-01-12 06:09:09,348 [sec.py] => backbone.TSP.e_p_1: 2304
2026-01-12 06:09:09,348 [sec.py] => backbone.TSP.e_k_1: 768
2026-01-12 06:09:09,348 [sec.py] => backbone.TSP.e_a_1: 768
2026-01-12 06:09:09,348 [sec.py] => backbone.TSP.e_p_2: 2304
2026-01-12 06:09:09,348 [sec.py] => backbone.TSP.e_k_2: 768
2026-01-12 06:09:09,348 [sec.py] => backbone.TSP.e_a_2: 768
2026-01-12 06:09:09,348 [sec.py] => backbone.TSP.e_p_3: 2304
2026-01-12 06:09:09,348 [sec.py] => backbone.TSP.e_k_3: 768
2026-01-12 06:09:09,348 [sec.py] => backbone.TSP.e_a_3: 768
2026-01-12 06:09:09,348 [sec.py] => backbone.TSP.e_p_4: 2304
2026-01-12 06:09:09,348 [sec.py] => backbone.TSP.e_k_4: 768
2026-01-12 06:09:09,348 [sec.py] => backbone.TSP.e_a_4: 768
2026-01-12 06:09:09,358 [sec.py] => training set size: 10, fc construct set size: 10
2026-01-12 06:10:33,962 [trainer.py] => CNN: {'total': 95.49, '00-59': 96.5, '60-61': 98.5, '62-63': 94.5, '64-65': 93.0, '66-67': 99.0, '68-69': 68.5, '70-71': 97.5, '72-73': 96.0, '74-75': 99.0, '76-77': 96.5, '78-79': 97.0, '80-81': 91.0, '82-83': 95.0, '84-85': 85.5, '86-87': 100.0, '88-89': 80.0, '90-91': 100.0, '92-93': 100.0, '94-95': 100.0, '96-97': 100.0, '98-99': 100.0, 'old': 95.73, 'new': 85.5}
2026-01-12 06:10:33,997 [trainer.py] => Top1 curve: [96.97, 97.02, 96.95, 96.85, 96.91, 95.97, 95.99, 95.99, 96.05, 96.05, 96.11, 95.87, 95.83, 95.49]
2026-01-12 06:10:33,997 [trainer.py] => Average Accuracy (CNN): 96.29
2026-01-12 06:10:34,003 [sec.py] => Learning on 86-88
2026-01-12 06:10:34,008 [sec.py] => All params: 87027456
2026-01-12 06:10:34,009 [sec.py] => Actual trainable params (excluding detached): 15360
2026-01-12 06:10:34,009 [sec.py] => TSP active prompts: 1 (total: 44)
2026-01-12 06:10:34,009 [sec.py] => RSP active prompts: 0 (total: 30)
2026-01-12 06:10:34,009 [sec.py] => Excluded params: head, detached prompts
2026-01-12 06:10:34,009 [sec.py] => backbone.TSP.e_p_1: 2304
2026-01-12 06:10:34,009 [sec.py] => backbone.TSP.e_k_1: 768
2026-01-12 06:10:34,009 [sec.py] => backbone.TSP.e_a_1: 768
2026-01-12 06:10:34,009 [sec.py] => backbone.TSP.e_p_2: 2304
2026-01-12 06:10:34,009 [sec.py] => backbone.TSP.e_k_2: 768
2026-01-12 06:10:34,009 [sec.py] => backbone.TSP.e_a_2: 768
2026-01-12 06:10:34,009 [sec.py] => backbone.TSP.e_p_3: 2304
2026-01-12 06:10:34,009 [sec.py] => backbone.TSP.e_k_3: 768
2026-01-12 06:10:34,009 [sec.py] => backbone.TSP.e_a_3: 768
2026-01-12 06:10:34,009 [sec.py] => backbone.TSP.e_p_4: 2304
2026-01-12 06:10:34,009 [sec.py] => backbone.TSP.e_k_4: 768
2026-01-12 06:10:34,009 [sec.py] => backbone.TSP.e_a_4: 768
2026-01-12 06:10:34,021 [sec.py] => training set size: 10, fc construct set size: 10
2026-01-12 06:11:53,481 [trainer.py] => CNN: {'total': 95.45, '00-59': 96.48, '60-61': 98.5, '62-63': 94.5, '64-65': 92.5, '66-67': 98.5, '68-69': 68.5, '70-71': 97.5, '72-73': 96.0, '74-75': 99.0, '76-77': 96.5, '78-79': 97.0, '80-81': 91.0, '82-83': 95.5, '84-85': 85.5, '86-87': 95.0, '88-89': 90.0, '90-91': 100.0, '92-93': 90.0, '94-95': 100.0, '96-97': 100.0, '98-99': 100.0, 'old': 95.47, 'new': 95.0}
2026-01-12 06:11:53,481 [trainer.py] => Top1 curve: [96.97, 97.02, 96.95, 96.85, 96.91, 95.97, 95.99, 95.99, 96.05, 96.05, 96.11, 95.87, 95.83, 95.49, 95.45]
2026-01-12 06:11:53,481 [trainer.py] => Average Accuracy (CNN): 96.23
2026-01-12 06:11:53,487 [sec.py] => Learning on 88-90
2026-01-12 06:11:53,497 [sec.py] => All params: 87027456
2026-01-12 06:11:53,497 [sec.py] => Actual trainable params (excluding detached): 15360
2026-01-12 06:11:53,497 [sec.py] => TSP active prompts: 1 (total: 45)
2026-01-12 06:11:53,497 [sec.py] => RSP active prompts: 0 (total: 30)
2026-01-12 06:11:53,497 [sec.py] => Excluded params: head, detached prompts
2026-01-12 06:11:53,497 [sec.py] => backbone.TSP.e_p_1: 2304
2026-01-12 06:11:53,497 [sec.py] => backbone.TSP.e_k_1: 768
2026-01-12 06:11:53,497 [sec.py] => backbone.TSP.e_a_1: 768
2026-01-12 06:11:53,497 [sec.py] => backbone.TSP.e_p_2: 2304
2026-01-12 06:11:53,497 [sec.py] => backbone.TSP.e_k_2: 768
2026-01-12 06:11:53,497 [sec.py] => backbone.TSP.e_a_2: 768
2026-01-12 06:11:53,497 [sec.py] => backbone.TSP.e_p_3: 2304
2026-01-12 06:11:53,497 [sec.py] => backbone.TSP.e_k_3: 768
2026-01-12 06:11:53,497 [sec.py] => backbone.TSP.e_a_3: 768
2026-01-12 06:11:53,497 [sec.py] => backbone.TSP.e_p_4: 2304
2026-01-12 06:11:53,497 [sec.py] => backbone.TSP.e_k_4: 768
2026-01-12 06:11:53,497 [sec.py] => backbone.TSP.e_a_4: 768
2026-01-12 06:11:53,505 [sec.py] => training set size: 10, fc construct set size: 10
2026-01-12 06:13:16,682 [trainer.py] => CNN: {'total': 94.96, '00-59': 96.23, '60-61': 97.5, '62-63': 94.5, '64-65': 91.0, '66-67': 98.5, '68-69': 69.5, '70-71': 97.5, '72-73': 95.5, '74-75': 99.0, '76-77': 96.5, '78-79': 96.5, '80-81': 91.0, '82-83': 95.5, '84-85': 86.0, '86-87': 95.0, '88-89': 82.5, '90-91': 100.0, '92-93': 80.0, '94-95': 90.0, '96-97': 100.0, '98-99': 100.0, 'old': 95.24, 'new': 82.5}
2026-01-12 06:13:16,682 [trainer.py] => Top1 curve: [96.97, 97.02, 96.95, 96.85, 96.91, 95.97, 95.99, 95.99, 96.05, 96.05, 96.11, 95.87, 95.83, 95.49, 95.45, 94.96]
2026-01-12 06:13:16,682 [trainer.py] => Average Accuracy (CNN): 96.15
2026-01-12 06:13:16,705 [sec.py] => Learning on 90-92
2026-01-12 06:13:16,713 [sec.py] => All params: 87027456
2026-01-12 06:13:16,713 [sec.py] => Actual trainable params (excluding detached): 15360
2026-01-12 06:13:16,713 [sec.py] => TSP active prompts: 1 (total: 46)
2026-01-12 06:13:16,713 [sec.py] => RSP active prompts: 0 (total: 30)
2026-01-12 06:13:16,713 [sec.py] => Excluded params: head, detached prompts
2026-01-12 06:13:16,713 [sec.py] => backbone.TSP.e_p_1: 2304
2026-01-12 06:13:16,713 [sec.py] => backbone.TSP.e_k_1: 768
2026-01-12 06:13:16,713 [sec.py] => backbone.TSP.e_a_1: 768
2026-01-12 06:13:16,713 [sec.py] => backbone.TSP.e_p_2: 2304
2026-01-12 06:13:16,713 [sec.py] => backbone.TSP.e_k_2: 768
2026-01-12 06:13:16,713 [sec.py] => backbone.TSP.e_a_2: 768
2026-01-12 06:13:16,713 [sec.py] => backbone.TSP.e_p_3: 2304
2026-01-12 06:13:16,713 [sec.py] => backbone.TSP.e_k_3: 768
2026-01-12 06:13:16,713 [sec.py] => backbone.TSP.e_a_3: 768
2026-01-12 06:13:16,714 [sec.py] => backbone.TSP.e_p_4: 2304
2026-01-12 06:13:16,714 [sec.py] => backbone.TSP.e_k_4: 768
2026-01-12 06:13:16,714 [sec.py] => backbone.TSP.e_a_4: 768
2026-01-12 06:13:16,721 [sec.py] => training set size: 10, fc construct set size: 10
2026-01-12 06:14:42,348 [trainer.py] => CNN: {'total': 95.02, '00-59': 96.18, '60-61': 97.5, '62-63': 94.0, '64-65': 91.0, '66-67': 98.5, '68-69': 69.5, '70-71': 97.5, '72-73': 95.5, '74-75': 99.0, '76-77': 96.5, '78-79': 96.5, '80-81': 91.0, '82-83': 95.5, '84-85': 85.5, '86-87': 95.5, '88-89': 84.0, '90-91': 98.5, '92-93': 80.0, '94-95': 80.0, '96-97': 100.0, '98-99': 90.0, 'old': 94.94, 'new': 98.5}
2026-01-12 06:14:42,348 [trainer.py] => Top1 curve: [96.97, 97.02, 96.95, 96.85, 96.91, 95.97, 95.99, 95.99, 96.05, 96.05, 96.11, 95.87, 95.83, 95.49, 95.45, 94.96, 95.02]
2026-01-12 06:14:42,348 [trainer.py] => Average Accuracy (CNN): 96.09
2026-01-12 06:14:42,360 [sec.py] => Learning on 92-94
2026-01-12 06:14:42,369 [sec.py] => All params: 87027456
2026-01-12 06:14:42,369 [sec.py] => Actual trainable params (excluding detached): 15360
2026-01-12 06:14:42,369 [sec.py] => TSP active prompts: 1 (total: 47)
2026-01-12 06:14:42,370 [sec.py] => RSP active prompts: 0 (total: 30)
2026-01-12 06:14:42,370 [sec.py] => Excluded params: head, detached prompts
2026-01-12 06:14:42,370 [sec.py] => backbone.TSP.e_p_1: 2304
2026-01-12 06:14:42,370 [sec.py] => backbone.TSP.e_k_1: 768
2026-01-12 06:14:42,370 [sec.py] => backbone.TSP.e_a_1: 768
2026-01-12 06:14:42,370 [sec.py] => backbone.TSP.e_p_2: 2304
2026-01-12 06:14:42,370 [sec.py] => backbone.TSP.e_k_2: 768
2026-01-12 06:14:42,370 [sec.py] => backbone.TSP.e_a_2: 768
2026-01-12 06:14:42,370 [sec.py] => backbone.TSP.e_p_3: 2304
2026-01-12 06:14:42,370 [sec.py] => backbone.TSP.e_k_3: 768
2026-01-12 06:14:42,370 [sec.py] => backbone.TSP.e_a_3: 768
2026-01-12 06:14:42,370 [sec.py] => backbone.TSP.e_p_4: 2304
2026-01-12 06:14:42,370 [sec.py] => backbone.TSP.e_k_4: 768
2026-01-12 06:14:42,370 [sec.py] => backbone.TSP.e_a_4: 768
2026-01-12 06:14:42,377 [sec.py] => training set size: 10, fc construct set size: 10
2026-01-12 06:16:13,373 [trainer.py] => CNN: {'total': 95.0, '00-59': 96.15, '60-61': 97.5, '62-63': 94.0, '64-65': 91.0, '66-67': 98.0, '68-69': 69.5, '70-71': 97.5, '72-73': 95.5, '74-75': 99.0, '76-77': 96.5, '78-79': 96.5, '80-81': 91.0, '82-83': 95.5, '84-85': 86.5, '86-87': 95.5, '88-89': 81.5, '90-91': 98.5, '92-93': 97.0, '94-95': 90.0, '96-97': 100.0, '98-99': 100.0, 'old': 94.96, 'new': 97.0}
2026-01-12 06:16:13,388 [trainer.py] => Top1 curve: [96.97, 97.02, 96.95, 96.85, 96.91, 95.97, 95.99, 95.99, 96.05, 96.05, 96.11, 95.87, 95.83, 95.49, 95.45, 94.96, 95.02, 95.0]
2026-01-12 06:16:13,389 [trainer.py] => Average Accuracy (CNN): 96.03
2026-01-12 06:16:13,394 [sec.py] => Learning on 94-96
2026-01-12 06:16:13,403 [sec.py] => All params: 87027456
2026-01-12 06:16:13,403 [sec.py] => Actual trainable params (excluding detached): 15360
2026-01-12 06:16:13,403 [sec.py] => TSP active prompts: 1 (total: 48)
2026-01-12 06:16:13,403 [sec.py] => RSP active prompts: 0 (total: 30)
2026-01-12 06:16:13,403 [sec.py] => Excluded params: head, detached prompts
2026-01-12 06:16:13,403 [sec.py] => backbone.TSP.e_p_1: 2304
2026-01-12 06:16:13,403 [sec.py] => backbone.TSP.e_k_1: 768
2026-01-12 06:16:13,403 [sec.py] => backbone.TSP.e_a_1: 768
2026-01-12 06:16:13,403 [sec.py] => backbone.TSP.e_p_2: 2304
2026-01-12 06:16:13,403 [sec.py] => backbone.TSP.e_k_2: 768
2026-01-12 06:16:13,403 [sec.py] => backbone.TSP.e_a_2: 768
2026-01-12 06:16:13,403 [sec.py] => backbone.TSP.e_p_3: 2304
2026-01-12 06:16:13,403 [sec.py] => backbone.TSP.e_k_3: 768
2026-01-12 06:16:13,403 [sec.py] => backbone.TSP.e_a_3: 768
2026-01-12 06:16:13,403 [sec.py] => backbone.TSP.e_p_4: 2304
2026-01-12 06:16:13,404 [sec.py] => backbone.TSP.e_k_4: 768
2026-01-12 06:16:13,404 [sec.py] => backbone.TSP.e_a_4: 768
2026-01-12 06:16:13,410 [sec.py] => training set size: 10, fc construct set size: 10
2026-01-12 06:17:40,184 [trainer.py] => CNN: {'total': 95.08, '00-59': 96.13, '60-61': 97.5, '62-63': 94.0, '64-65': 91.0, '66-67': 98.0, '68-69': 69.0, '70-71': 97.5, '72-73': 95.5, '74-75': 99.0, '76-77': 96.5, '78-79': 96.5, '80-81': 91.0, '82-83': 95.5, '84-85': 86.5, '86-87': 95.5, '88-89': 83.0, '90-91': 98.5, '92-93': 97.0, '94-95': 98.5, '96-97': 100.0, '98-99': 100.0, 'old': 95.01, 'new': 98.5}
2026-01-12 06:17:40,184 [trainer.py] => Top1 curve: [96.97, 97.02, 96.95, 96.85, 96.91, 95.97, 95.99, 95.99, 96.05, 96.05, 96.11, 95.87, 95.83, 95.49, 95.45, 94.96, 95.02, 95.0, 95.08]
2026-01-12 06:17:40,184 [trainer.py] => Average Accuracy (CNN): 95.98
2026-01-12 06:17:40,189 [sec.py] => Learning on 96-98
2026-01-12 06:17:40,197 [sec.py] => All params: 87027456
2026-01-12 06:17:40,197 [sec.py] => Actual trainable params (excluding detached): 15360
2026-01-12 06:17:40,197 [sec.py] => TSP active prompts: 1 (total: 49)
2026-01-12 06:17:40,197 [sec.py] => RSP active prompts: 0 (total: 30)
2026-01-12 06:17:40,197 [sec.py] => Excluded params: head, detached prompts
2026-01-12 06:17:40,197 [sec.py] => backbone.TSP.e_p_1: 2304
2026-01-12 06:17:40,197 [sec.py] => backbone.TSP.e_k_1: 768
2026-01-12 06:17:40,197 [sec.py] => backbone.TSP.e_a_1: 768
2026-01-12 06:17:40,198 [sec.py] => backbone.TSP.e_p_2: 2304
2026-01-12 06:17:40,198 [sec.py] => backbone.TSP.e_k_2: 768
2026-01-12 06:17:40,198 [sec.py] => backbone.TSP.e_a_2: 768
2026-01-12 06:17:40,198 [sec.py] => backbone.TSP.e_p_3: 2304
2026-01-12 06:17:40,198 [sec.py] => backbone.TSP.e_k_3: 768
2026-01-12 06:17:40,198 [sec.py] => backbone.TSP.e_a_3: 768
2026-01-12 06:17:40,198 [sec.py] => backbone.TSP.e_p_4: 2304
2026-01-12 06:17:40,198 [sec.py] => backbone.TSP.e_k_4: 768
2026-01-12 06:17:40,198 [sec.py] => backbone.TSP.e_a_4: 768
2026-01-12 06:17:40,204 [sec.py] => training set size: 10, fc construct set size: 10
2026-01-12 06:19:09,337 [trainer.py] => CNN: {'total': 95.06, '00-59': 96.08, '60-61': 97.5, '62-63': 94.0, '64-65': 91.0, '66-67': 98.0, '68-69': 69.0, '70-71': 97.5, '72-73': 95.5, '74-75': 99.0, '76-77': 95.5, '78-79': 96.5, '80-81': 91.0, '82-83': 95.5, '84-85': 86.5, '86-87': 95.5, '88-89': 82.5, '90-91': 98.5, '92-93': 97.0, '94-95': 98.5, '96-97': 97.0, '98-99': 90.0, 'old': 95.02, 'new': 97.0}
2026-01-12 06:19:09,337 [trainer.py] => Top1 curve: [96.97, 97.02, 96.95, 96.85, 96.91, 95.97, 95.99, 95.99, 96.05, 96.05, 96.11, 95.87, 95.83, 95.49, 95.45, 94.96, 95.02, 95.0, 95.08, 95.06]
2026-01-12 06:19:09,337 [trainer.py] => Average Accuracy (CNN): 95.93
2026-01-12 06:19:09,342 [sec.py] => Learning on 98-100
2026-01-12 06:19:09,353 [sec.py] => All params: 87027456
2026-01-12 06:19:09,353 [sec.py] => Actual trainable params (excluding detached): 15360
2026-01-12 06:19:09,353 [sec.py] => TSP active prompts: 1 (total: 50)
2026-01-12 06:19:09,353 [sec.py] => RSP active prompts: 0 (total: 30)
2026-01-12 06:19:09,353 [sec.py] => Excluded params: head, detached prompts
2026-01-12 06:19:09,353 [sec.py] => backbone.TSP.e_p_1: 2304
2026-01-12 06:19:09,353 [sec.py] => backbone.TSP.e_k_1: 768
2026-01-12 06:19:09,353 [sec.py] => backbone.TSP.e_a_1: 768
2026-01-12 06:19:09,353 [sec.py] => backbone.TSP.e_p_2: 2304
2026-01-12 06:19:09,353 [sec.py] => backbone.TSP.e_k_2: 768
2026-01-12 06:19:09,353 [sec.py] => backbone.TSP.e_a_2: 768
2026-01-12 06:19:09,354 [sec.py] => backbone.TSP.e_p_3: 2304
2026-01-12 06:19:09,354 [sec.py] => backbone.TSP.e_k_3: 768
2026-01-12 06:19:09,354 [sec.py] => backbone.TSP.e_a_3: 768
2026-01-12 06:19:09,354 [sec.py] => backbone.TSP.e_p_4: 2304
2026-01-12 06:19:09,354 [sec.py] => backbone.TSP.e_k_4: 768
2026-01-12 06:19:09,354 [sec.py] => backbone.TSP.e_a_4: 768
2026-01-12 06:19:09,359 [sec.py] => training set size: 10, fc construct set size: 10
2026-01-12 06:20:46,420 [trainer.py] => CNN: {'total': 95.12, '00-59': 96.07, '60-61': 97.5, '62-63': 94.0, '64-65': 91.0, '66-67': 98.0, '68-69': 69.0, '70-71': 97.5, '72-73': 95.5, '74-75': 99.0, '76-77': 95.5, '78-79': 96.5, '80-81': 91.5, '82-83': 95.5, '84-85': 86.5, '86-87': 95.5, '88-89': 82.5, '90-91': 98.5, '92-93': 97.5, '94-95': 98.5, '96-97': 97.0, '98-99': 97.5, 'old': 95.07, 'new': 97.5}
2026-01-12 06:20:46,424 [trainer.py] => Top1 curve: [96.97, 97.02, 96.95, 96.85, 96.91, 95.97, 95.99, 95.99, 96.05, 96.05, 96.11, 95.87, 95.83, 95.49, 95.45, 94.96, 95.02, 95.0, 95.08, 95.06, 95.12]
2026-01-12 06:20:46,424 [trainer.py] => Average Accuracy (CNN): 95.89

================================================================================
Finished mini_imagenet_init60_inc2: pretrained_vit_b16_224_vpt  
Base Accuracy: 96.97
Last Accuracy: 95.12
Average Accuracy (Top1): 95.89
PD: 1.85
Backward Transfer (BWT): -0.3
Accuracy Matrix (CNN):
[[ 96.97 100.    90.   100.    80.    70.    90.    90.    90.    80.
   90.    90.   100.    90.    80.    70.    90.   100.    80.    80.
   90.  ]
 [ 96.98  98.   100.    70.   100.    70.    90.    90.    90.   100.
  100.    90.    90.    90.    90.    70.    90.   100.    80.    90.
  100.  ]
 [ 96.95  98.    96.    50.    90.    60.    80.   100.   100.    80.
   90.    90.    90.    90.    90.    80.   100.   100.    90.    90.
   90.  ]
 [ 96.92  98.    96.    94.5  100.    70.   100.    90.   100.    80.
   80.    70.   100.    90.   100.    70.   100.   100.   100.   100.
  100.  ]
 [ 96.93  98.    96.    94.5   98.5   50.   100.   100.    90.    90.
  100.    90.    90.    90.    80.    90.    90.   100.   100.    90.
  100.  ]
 [ 96.87  98.5   96.    94.    98.5   66.    90.   100.    90.   100.
  100.    80.   100.   100.    90.    80.   100.    90.    90.    90.
  100.  ]
 [ 96.83  98.5   95.5   94.    98.5   66.5   97.5   80.   100.    80.
  100.    80.   100.    90.    90.    80.   100.   100.    80.   100.
  100.  ]
 [ 96.85  98.5   95.5   94.    98.5   66.5   97.    96.    80.    90.
   80.    90.   100.    90.   100.    90.   100.   100.   100.    90.
  100.  ]
 [ 96.83  98.5   95.    94.    98.5   67.    97.    96.    99.    80.
   90.    90.    90.   100.   100.    80.    90.   100.   100.    90.
  100.  ]
 [ 96.77  98.5   95.5   94.    98.5   67.5   97.5   96.    99.    96.5
  100.    90.    80.   100.    90.    80.    90.   100.    80.   100.
  100.  ]
 [ 96.77  98.5   95.5   94.    98.5   68.    97.5   96.    99.    96.5
   98.    80.    90.   100.    80.    50.    90.   100.   100.   100.
  100.  ]
 [ 96.62  98.5   95.    93.    98.5   67.5   97.5   96.    99.    96.5
   98.    92.5   80.   100.   100.    80.   100.   100.   100.   100.
   90.  ]
 [ 96.63  98.5   95.    93.    99.    68.    97.5   96.    99.    96.5
   97.    91.5   95.    90.    90.    70.   100.    80.    90.   100.
   80.  ]
 [ 96.5   98.5   94.5   93.    99.    68.5   97.5   96.    99.    96.5
   97.    91.    95.    85.5  100.    80.   100.   100.   100.   100.
  100.  ]
 [ 96.48  98.5   94.5   92.5   98.5   68.5   97.5   96.    99.    96.5
   97.    91.    95.5   85.5   95.    90.   100.    90.   100.   100.
  100.  ]
 [ 96.23  97.5   94.5   91.    98.5   69.5   97.5   95.5   99.    96.5
   96.5   91.    95.5   86.    95.    82.5  100.    80.    90.   100.
  100.  ]
 [ 96.18  97.5   94.    91.    98.5   69.5   97.5   95.5   99.    96.5
   96.5   91.    95.5   85.5   95.5   84.    98.5   80.    80.   100.
   90.  ]
 [ 96.15  97.5   94.    91.    98.    69.5   97.5   95.5   99.    96.5
   96.5   91.    95.5   86.5   95.5   81.5   98.5   97.    90.   100.
  100.  ]
 [ 96.13  97.5   94.    91.    98.    69.    97.5   95.5   99.    96.5
   96.5   91.    95.5   86.5   95.5   83.    98.5   97.    98.5  100.
  100.  ]
 [ 96.08  97.5   94.    91.    98.    69.    97.5   95.5   99.    95.5
   96.5   91.    95.5   86.5   95.5   82.5   98.5   97.    98.5   97.
   90.  ]
 [ 96.07  97.5   94.    91.    98.    69.    97.5   95.5   99.    95.5
   96.5   91.5   95.5   86.5   95.5   82.5   98.5   97.5   98.5   97.
   97.5 ]]
================================================================================


================================================================================
Training Statistics for SEC-Prompt
================================================================================
Task    Params ↓    GPU ↓       Time/Epoch ↓
================================================================================
Task 0  0.92M       3180.59MiB  501.40s     
Task 1  0.02M       2971.57MiB  0.56s       
Task 2  0.02M       2971.96MiB  0.56s       
Task 3  0.02M       2973.47MiB  0.56s       
Task 4  0.02M       2973.96MiB  0.56s       
Task 5  0.02M       2976.41MiB  0.56s       
Task 6  0.02M       2976.85MiB  0.56s       
Task 7  0.02M       2977.90MiB  0.63s       
Task 8  0.02M       2979.40MiB  0.56s       
Task 9  0.02M       2979.67MiB  0.57s       
Task 10 0.02M       2979.93MiB  0.57s       
Task 11 0.02M       2980.21MiB  0.59s       
Task 12 0.02M       2980.56MiB  0.56s       
Task 13 0.02M       2981.06MiB  0.55s       
Task 14 0.02M       2982.26MiB  0.55s       
Task 15 0.02M       2982.69MiB  0.56s       
Task 16 0.02M       2983.13MiB  0.56s       
Task 17 0.02M       2983.57MiB  0.56s       
Task 18 0.02M       2984.75MiB  0.56s       
Task 19 0.02M       2985.10MiB  0.57s       
Task 20 0.02M       2985.44MiB  0.56s       
--------------------------------------------------------------------------------
Average 0.06M    2989.07MiB    24.42s
Max GPU             3180.59MiB
Total   1.23M                        15155.23s
================================================================================

2026-01-12 06:21:10,692 [trainer.py] => config: ./configs/SEC-Prompt_mini_B60_Inc5.json
2026-01-12 06:21:10,693 [trainer.py] => lamda: 0.5
2026-01-12 06:21:10,693 [trainer.py] => aug: 2
2026-01-12 06:21:10,693 [trainer.py] => prompt_token_num: 6
2026-01-12 06:21:10,693 [trainer.py] => prompt_pool_num: 0.5
2026-01-12 06:21:10,693 [trainer.py] => model_name: sec
2026-01-12 06:21:10,694 [trainer.py] => backbone_type: pretrained_vit_b16_224_vpt
2026-01-12 06:21:10,694 [trainer.py] => device: [device(type='cuda', index=0)]
2026-01-12 06:21:10,694 [trainer.py] => seed: 1993
2026-01-12 06:21:10,694 [trainer.py] => dataset: mini_imagenet
2026-01-12 06:21:10,694 [trainer.py] => init_cls: 60
2026-01-12 06:21:10,694 [trainer.py] => increment: 5
2026-01-12 06:21:10,694 [trainer.py] => kshot: 5
2026-01-12 06:21:10,695 [trainer.py] => vpt_type: Deep
2026-01-12 06:21:10,695 [trainer.py] => kl_weight: 0.001
2026-01-12 06:21:10,695 [trainer.py] => tuned_epoch: 30
2026-01-12 06:21:10,695 [trainer.py] => fs_epoch: 10
2026-01-12 06:21:10,695 [trainer.py] => init_lr: 0.01
2026-01-12 06:21:10,695 [trainer.py] => fs_lr: 0.001
2026-01-12 06:21:10,695 [trainer.py] => batch_size: 32
2026-01-12 06:21:10,696 [trainer.py] => fs_batch_size: 16
2026-01-12 06:21:10,696 [trainer.py] => weight_decay: 0.005
2026-01-12 06:21:10,696 [trainer.py] => min_lr: 0
2026-01-12 06:21:10,696 [trainer.py] => optimizer: sgd
2026-01-12 06:21:10,696 [trainer.py] => shuffle: False
2026-01-12 06:21:10,696 [trainer.py] => top_k: 5
2026-01-12 06:21:10,696 [trainer.py] => base_model_path: saved_model/sec_tr/mini_imagenet/30_0.01/6_0.5/sec_30_1993_32.pth
2026-01-12 06:21:10,696 [trainer.py] => prefix: sec
2026-01-12 06:21:10,697 [trainer.py] => model_prefix: sec
2026-01-12 06:21:10,697 [trainer.py] => beta: 0.5
2026-01-12 06:21:10,697 [trainer.py] => memory_size: 0
2026-01-12 06:21:10,697 [trainer.py] => memory_per_class: 0
2026-01-12 06:21:10,697 [trainer.py] => fixed_memory: False
2026-01-12 06:21:11,050 [data_manager.py] => [0, 1, 2, 3, 4, 5, 6, 7, 8, 9, 10, 11, 12, 13, 14, 15, 16, 17, 18, 19, 20, 21, 22, 23, 24, 25, 26, 27, 28, 29, 30, 31, 32, 33, 34, 35, 36, 37, 38, 39, 40, 41, 42, 43, 44, 45, 46, 47, 48, 49, 50, 51, 52, 53, 54, 55, 56, 57, 58, 59, 60, 61, 62, 63, 64, 65, 66, 67, 68, 69, 70, 71, 72, 73, 74, 75, 76, 77, 78, 79, 80, 81, 82, 83, 84, 85, 86, 87, 88, 89, 90, 91, 92, 93, 94, 95, 96, 97, 98, 99]
This is for the BaseNet initialization.
modelname, pretrained_vit_b16_224_vpt basicmodelname vit_base_patch16_224
Using VPT model
Using Deep Prompt
After BaseNet initialization.
2026-01-12 06:21:30,455 [sec.py] => Learning on 0-60
2026-01-12 06:21:30,910 [sec.py] => All params: 86966016
2026-01-12 06:21:30,910 [sec.py] => Actual trainable params (excluding detached): 921600
2026-01-12 06:21:30,910 [sec.py] => TSP active prompts: 30 (total: 30)
2026-01-12 06:21:30,910 [sec.py] => RSP active prompts: 30 (total: 30)
2026-01-12 06:21:30,910 [sec.py] => Excluded params: head, detached prompts
2026-01-12 06:21:30,910 [sec.py] => backbone.TSP.e_p_1: 69120
2026-01-12 06:21:30,910 [sec.py] => backbone.TSP.e_k_1: 23040
2026-01-12 06:21:30,910 [sec.py] => backbone.TSP.e_a_1: 23040
2026-01-12 06:21:30,910 [sec.py] => backbone.TSP.e_p_2: 69120
2026-01-12 06:21:30,910 [sec.py] => backbone.TSP.e_k_2: 23040
2026-01-12 06:21:30,910 [sec.py] => backbone.TSP.e_a_2: 23040
2026-01-12 06:21:30,910 [sec.py] => backbone.TSP.e_p_3: 69120
2026-01-12 06:21:30,910 [sec.py] => backbone.TSP.e_k_3: 23040
2026-01-12 06:21:30,910 [sec.py] => backbone.TSP.e_a_3: 23040
2026-01-12 06:21:30,910 [sec.py] => backbone.TSP.e_p_4: 69120
2026-01-12 06:21:30,910 [sec.py] => backbone.TSP.e_k_4: 23040
2026-01-12 06:21:30,910 [sec.py] => backbone.TSP.e_a_4: 23040
2026-01-12 06:21:30,910 [sec.py] => backbone.RSP.e_p_1: 69120
2026-01-12 06:21:30,910 [sec.py] => backbone.RSP.e_k_1: 23040
2026-01-12 06:21:30,911 [sec.py] => backbone.RSP.e_a_1: 23040
2026-01-12 06:21:30,911 [sec.py] => backbone.RSP.e_p_2: 69120
2026-01-12 06:21:30,911 [sec.py] => backbone.RSP.e_k_2: 23040
2026-01-12 06:21:30,911 [sec.py] => backbone.RSP.e_a_2: 23040
2026-01-12 06:21:30,911 [sec.py] => backbone.RSP.e_p_3: 69120
2026-01-12 06:21:30,911 [sec.py] => backbone.RSP.e_k_3: 23040
2026-01-12 06:21:30,911 [sec.py] => backbone.RSP.e_a_3: 23040
2026-01-12 06:21:30,911 [sec.py] => backbone.RSP.e_p_4: 69120
2026-01-12 06:21:30,911 [sec.py] => backbone.RSP.e_k_4: 23040
2026-01-12 06:21:30,911 [sec.py] => backbone.RSP.e_a_4: 23040
2026-01-12 06:21:30,974 [sec.py] => training set size: 30000, fc construct set size: 30000
/public/home/hanlida/Dr.1/Code/Research/Awesome-FSCIL/SEC-Prompt-main/backbone/zoo.py:214: UserWarning: Implicit dimension choice for softmax has been deprecated. Change the call to include dim=X as an argument.
  aq_k = torch.nn.functional.softmax(aq_k)
2026-01-12 10:41:34,267 [trainer.py] => CNN: {'total': 96.93, '00-59': 96.93, '60-64': 92.0, '65-69': 72.0, '70-74': 96.0, '75-79': 96.0, '80-84': 96.0, '85-89': 84.0, '90-94': 92.0, '95-99': 96.0, 'old': 0, 'new': 96.93}
2026-01-12 10:41:34,303 [trainer.py] => Top1 curve: [96.93]
2026-01-12 10:41:34,303 [trainer.py] => Average Accuracy (CNN): 96.93
2026-01-12 10:41:34,308 [sec.py] => Learning on 60-65
2026-01-12 10:41:34,319 [sec.py] => All params: 86966016
2026-01-12 10:41:34,319 [sec.py] => Actual trainable params (excluding detached): 30720
2026-01-12 10:41:34,319 [sec.py] => TSP active prompts: 2 (total: 32)
2026-01-12 10:41:34,319 [sec.py] => RSP active prompts: 0 (total: 30)
2026-01-12 10:41:34,319 [sec.py] => Excluded params: head, detached prompts
2026-01-12 10:41:34,319 [sec.py] => backbone.TSP.e_p_1: 4608
2026-01-12 10:41:34,319 [sec.py] => backbone.TSP.e_k_1: 1536
2026-01-12 10:41:34,319 [sec.py] => backbone.TSP.e_a_1: 1536
2026-01-12 10:41:34,319 [sec.py] => backbone.TSP.e_p_2: 4608
2026-01-12 10:41:34,320 [sec.py] => backbone.TSP.e_k_2: 1536
2026-01-12 10:41:34,320 [sec.py] => backbone.TSP.e_a_2: 1536
2026-01-12 10:41:34,320 [sec.py] => backbone.TSP.e_p_3: 4608
2026-01-12 10:41:34,320 [sec.py] => backbone.TSP.e_k_3: 1536
2026-01-12 10:41:34,320 [sec.py] => backbone.TSP.e_a_3: 1536
2026-01-12 10:41:34,320 [sec.py] => backbone.TSP.e_p_4: 4608
2026-01-12 10:41:34,320 [sec.py] => backbone.TSP.e_k_4: 1536
2026-01-12 10:41:34,320 [sec.py] => backbone.TSP.e_a_4: 1536
2026-01-12 10:41:34,345 [sec.py] => training set size: 25, fc construct set size: 25
2026-01-12 10:42:49,697 [trainer.py] => CNN: {'total': 96.91, '00-59': 96.85, '60-64': 97.6, '65-69': 100.0, '70-74': 88.0, '75-79': 100.0, '80-84': 96.0, '85-89': 96.0, '90-94': 80.0, '95-99': 100.0, 'old': 96.85, 'new': 97.6}
2026-01-12 10:42:49,697 [trainer.py] => Top1 curve: [96.93, 96.91]
2026-01-12 10:42:49,697 [trainer.py] => Average Accuracy (CNN): 96.92
2026-01-12 10:42:49,703 [sec.py] => Learning on 65-70
2026-01-12 10:42:49,710 [sec.py] => All params: 86966016
2026-01-12 10:42:49,710 [sec.py] => Actual trainable params (excluding detached): 30720
2026-01-12 10:42:49,710 [sec.py] => TSP active prompts: 2 (total: 34)
2026-01-12 10:42:49,710 [sec.py] => RSP active prompts: 0 (total: 30)
2026-01-12 10:42:49,710 [sec.py] => Excluded params: head, detached prompts
2026-01-12 10:42:49,711 [sec.py] => backbone.TSP.e_p_1: 4608
2026-01-12 10:42:49,711 [sec.py] => backbone.TSP.e_k_1: 1536
2026-01-12 10:42:49,711 [sec.py] => backbone.TSP.e_a_1: 1536
2026-01-12 10:42:49,711 [sec.py] => backbone.TSP.e_p_2: 4608
2026-01-12 10:42:49,711 [sec.py] => backbone.TSP.e_k_2: 1536
2026-01-12 10:42:49,711 [sec.py] => backbone.TSP.e_a_2: 1536
2026-01-12 10:42:49,711 [sec.py] => backbone.TSP.e_p_3: 4608
2026-01-12 10:42:49,711 [sec.py] => backbone.TSP.e_k_3: 1536
2026-01-12 10:42:49,711 [sec.py] => backbone.TSP.e_a_3: 1536
2026-01-12 10:42:49,711 [sec.py] => backbone.TSP.e_p_4: 4608
2026-01-12 10:42:49,711 [sec.py] => backbone.TSP.e_k_4: 1536
2026-01-12 10:42:49,711 [sec.py] => backbone.TSP.e_a_4: 1536
2026-01-12 10:42:49,727 [sec.py] => training set size: 25, fc construct set size: 25
2026-01-12 10:44:07,948 [trainer.py] => CNN: {'total': 95.89, '00-59': 96.8, '60-64': 97.6, '65-69': 83.2, '70-74': 100.0, '75-79': 92.0, '80-84': 92.0, '85-89': 88.0, '90-94': 92.0, '95-99': 96.0, 'old': 96.86, 'new': 83.2}
2026-01-12 10:44:07,949 [trainer.py] => Top1 curve: [96.93, 96.91, 95.89]
2026-01-12 10:44:07,949 [trainer.py] => Average Accuracy (CNN): 96.58
2026-01-12 10:44:07,954 [sec.py] => Learning on 70-75
2026-01-12 10:44:07,963 [sec.py] => All params: 86966016
2026-01-12 10:44:07,963 [sec.py] => Actual trainable params (excluding detached): 30720
2026-01-12 10:44:07,963 [sec.py] => TSP active prompts: 2 (total: 36)
2026-01-12 10:44:07,963 [sec.py] => RSP active prompts: 0 (total: 30)
2026-01-12 10:44:07,963 [sec.py] => Excluded params: head, detached prompts
2026-01-12 10:44:07,964 [sec.py] => backbone.TSP.e_p_1: 4608
2026-01-12 10:44:07,964 [sec.py] => backbone.TSP.e_k_1: 1536
2026-01-12 10:44:07,964 [sec.py] => backbone.TSP.e_a_1: 1536
2026-01-12 10:44:07,964 [sec.py] => backbone.TSP.e_p_2: 4608
2026-01-12 10:44:07,964 [sec.py] => backbone.TSP.e_k_2: 1536
2026-01-12 10:44:07,964 [sec.py] => backbone.TSP.e_a_2: 1536
2026-01-12 10:44:07,964 [sec.py] => backbone.TSP.e_p_3: 4608
2026-01-12 10:44:07,964 [sec.py] => backbone.TSP.e_k_3: 1536
2026-01-12 10:44:07,964 [sec.py] => backbone.TSP.e_a_3: 1536
2026-01-12 10:44:07,964 [sec.py] => backbone.TSP.e_p_4: 4608
2026-01-12 10:44:07,964 [sec.py] => backbone.TSP.e_k_4: 1536
2026-01-12 10:44:07,964 [sec.py] => backbone.TSP.e_a_4: 1536
2026-01-12 10:44:07,981 [sec.py] => training set size: 25, fc construct set size: 25
2026-01-12 10:45:28,556 [trainer.py] => CNN: {'total': 95.89, '00-59': 96.77, '60-64': 97.2, '65-69': 83.2, '70-74': 96.8, '75-79': 92.0, '80-84': 96.0, '85-89': 84.0, '90-94': 100.0, '95-99': 92.0, 'old': 95.83, 'new': 96.8}
2026-01-12 10:45:28,556 [trainer.py] => Top1 curve: [96.93, 96.91, 95.89, 95.89]
2026-01-12 10:45:28,556 [trainer.py] => Average Accuracy (CNN): 96.41
2026-01-12 10:45:28,562 [sec.py] => Learning on 75-80
2026-01-12 10:45:28,569 [sec.py] => All params: 86966016
2026-01-12 10:45:28,570 [sec.py] => Actual trainable params (excluding detached): 30720
2026-01-12 10:45:28,570 [sec.py] => TSP active prompts: 2 (total: 38)
2026-01-12 10:45:28,570 [sec.py] => RSP active prompts: 0 (total: 30)
2026-01-12 10:45:28,570 [sec.py] => Excluded params: head, detached prompts
2026-01-12 10:45:28,570 [sec.py] => backbone.TSP.e_p_1: 4608
2026-01-12 10:45:28,570 [sec.py] => backbone.TSP.e_k_1: 1536
2026-01-12 10:45:28,570 [sec.py] => backbone.TSP.e_a_1: 1536
2026-01-12 10:45:28,570 [sec.py] => backbone.TSP.e_p_2: 4608
2026-01-12 10:45:28,570 [sec.py] => backbone.TSP.e_k_2: 1536
2026-01-12 10:45:28,570 [sec.py] => backbone.TSP.e_a_2: 1536
2026-01-12 10:45:28,570 [sec.py] => backbone.TSP.e_p_3: 4608
2026-01-12 10:45:28,570 [sec.py] => backbone.TSP.e_k_3: 1536
2026-01-12 10:45:28,570 [sec.py] => backbone.TSP.e_a_3: 1536
2026-01-12 10:45:28,570 [sec.py] => backbone.TSP.e_p_4: 4608
2026-01-12 10:45:28,570 [sec.py] => backbone.TSP.e_k_4: 1536
2026-01-12 10:45:28,570 [sec.py] => backbone.TSP.e_a_4: 1536
2026-01-12 10:45:28,583 [sec.py] => training set size: 25, fc construct set size: 25
2026-01-12 10:46:54,857 [trainer.py] => CNN: {'total': 95.94, '00-59': 96.73, '60-64': 97.2, '65-69': 83.2, '70-74': 96.8, '75-79': 97.0, '80-84': 92.0, '85-89': 88.0, '90-94': 84.0, '95-99': 96.0, 'old': 95.87, 'new': 97.0}
2026-01-12 10:46:54,857 [trainer.py] => Top1 curve: [96.93, 96.91, 95.89, 95.89, 95.94]
2026-01-12 10:46:54,857 [trainer.py] => Average Accuracy (CNN): 96.31
2026-01-12 10:46:54,863 [sec.py] => Learning on 80-85
2026-01-12 10:46:54,873 [sec.py] => All params: 86966016
2026-01-12 10:46:54,873 [sec.py] => Actual trainable params (excluding detached): 30720
2026-01-12 10:46:54,873 [sec.py] => TSP active prompts: 2 (total: 40)
2026-01-12 10:46:54,873 [sec.py] => RSP active prompts: 0 (total: 30)
2026-01-12 10:46:54,873 [sec.py] => Excluded params: head, detached prompts
2026-01-12 10:46:54,873 [sec.py] => backbone.TSP.e_p_1: 4608
2026-01-12 10:46:54,873 [sec.py] => backbone.TSP.e_k_1: 1536
2026-01-12 10:46:54,873 [sec.py] => backbone.TSP.e_a_1: 1536
2026-01-12 10:46:54,873 [sec.py] => backbone.TSP.e_p_2: 4608
2026-01-12 10:46:54,873 [sec.py] => backbone.TSP.e_k_2: 1536
2026-01-12 10:46:54,873 [sec.py] => backbone.TSP.e_a_2: 1536
2026-01-12 10:46:54,873 [sec.py] => backbone.TSP.e_p_3: 4608
2026-01-12 10:46:54,873 [sec.py] => backbone.TSP.e_k_3: 1536
2026-01-12 10:46:54,873 [sec.py] => backbone.TSP.e_a_3: 1536
2026-01-12 10:46:54,873 [sec.py] => backbone.TSP.e_p_4: 4608
2026-01-12 10:46:54,873 [sec.py] => backbone.TSP.e_k_4: 1536
2026-01-12 10:46:54,874 [sec.py] => backbone.TSP.e_a_4: 1536
2026-01-12 10:46:54,886 [sec.py] => training set size: 25, fc construct set size: 25
2026-01-12 10:48:24,098 [trainer.py] => CNN: {'total': 95.33, '00-59': 96.5, '60-64': 96.6, '65-69': 83.2, '70-74': 96.8, '75-79': 96.6, '80-84': 89.4, '85-89': 84.0, '90-94': 100.0, '95-99': 92.0, 'old': 95.7, 'new': 89.4}
2026-01-12 10:48:24,098 [trainer.py] => Top1 curve: [96.93, 96.91, 95.89, 95.89, 95.94, 95.33]
2026-01-12 10:48:24,098 [trainer.py] => Average Accuracy (CNN): 96.15
2026-01-12 10:48:24,119 [sec.py] => Learning on 85-90
2026-01-12 10:48:24,129 [sec.py] => All params: 86966016
2026-01-12 10:48:24,129 [sec.py] => Actual trainable params (excluding detached): 30720
2026-01-12 10:48:24,129 [sec.py] => TSP active prompts: 2 (total: 42)
2026-01-12 10:48:24,129 [sec.py] => RSP active prompts: 0 (total: 30)
2026-01-12 10:48:24,129 [sec.py] => Excluded params: head, detached prompts
2026-01-12 10:48:24,129 [sec.py] => backbone.TSP.e_p_1: 4608
2026-01-12 10:48:24,129 [sec.py] => backbone.TSP.e_k_1: 1536
2026-01-12 10:48:24,129 [sec.py] => backbone.TSP.e_a_1: 1536
2026-01-12 10:48:24,129 [sec.py] => backbone.TSP.e_p_2: 4608
2026-01-12 10:48:24,129 [sec.py] => backbone.TSP.e_k_2: 1536
2026-01-12 10:48:24,129 [sec.py] => backbone.TSP.e_a_2: 1536
2026-01-12 10:48:24,129 [sec.py] => backbone.TSP.e_p_3: 4608
2026-01-12 10:48:24,129 [sec.py] => backbone.TSP.e_k_3: 1536
2026-01-12 10:48:24,129 [sec.py] => backbone.TSP.e_a_3: 1536
2026-01-12 10:48:24,129 [sec.py] => backbone.TSP.e_p_4: 4608
2026-01-12 10:48:24,130 [sec.py] => backbone.TSP.e_k_4: 1536
2026-01-12 10:48:24,130 [sec.py] => backbone.TSP.e_a_4: 1536
2026-01-12 10:48:24,143 [sec.py] => training set size: 25, fc construct set size: 25
2026-01-12 10:50:33,130 [trainer.py] => CNN: {'total': 94.73, '00-59': 96.28, '60-64': 96.6, '65-69': 82.4, '70-74': 96.8, '75-79': 96.6, '80-84': 89.4, '85-89': 88.0, '90-94': 96.0, '95-99': 100.0, 'old': 95.13, 'new': 88.0}
2026-01-12 10:50:33,160 [trainer.py] => Top1 curve: [96.93, 96.91, 95.89, 95.89, 95.94, 95.33, 94.73]
2026-01-12 10:50:33,160 [trainer.py] => Average Accuracy (CNN): 95.95
2026-01-12 10:50:33,170 [sec.py] => Learning on 90-95
2026-01-12 10:50:33,183 [sec.py] => All params: 86966016
2026-01-12 10:50:33,183 [sec.py] => Actual trainable params (excluding detached): 30720
2026-01-12 10:50:33,183 [sec.py] => TSP active prompts: 2 (total: 44)
2026-01-12 10:50:33,184 [sec.py] => RSP active prompts: 0 (total: 30)
2026-01-12 10:50:33,184 [sec.py] => Excluded params: head, detached prompts
2026-01-12 10:50:33,184 [sec.py] => backbone.TSP.e_p_1: 4608
2026-01-12 10:50:33,184 [sec.py] => backbone.TSP.e_k_1: 1536
2026-01-12 10:50:33,184 [sec.py] => backbone.TSP.e_a_1: 1536
2026-01-12 10:50:33,184 [sec.py] => backbone.TSP.e_p_2: 4608
2026-01-12 10:50:33,184 [sec.py] => backbone.TSP.e_k_2: 1536
2026-01-12 10:50:33,184 [sec.py] => backbone.TSP.e_a_2: 1536
2026-01-12 10:50:33,184 [sec.py] => backbone.TSP.e_p_3: 4608
2026-01-12 10:50:33,184 [sec.py] => backbone.TSP.e_k_3: 1536
2026-01-12 10:50:33,184 [sec.py] => backbone.TSP.e_a_3: 1536
2026-01-12 10:50:33,185 [sec.py] => backbone.TSP.e_p_4: 4608
2026-01-12 10:50:33,185 [sec.py] => backbone.TSP.e_k_4: 1536
2026-01-12 10:50:33,185 [sec.py] => backbone.TSP.e_a_4: 1536
2026-01-12 10:50:33,201 [sec.py] => training set size: 25, fc construct set size: 25
2026-01-12 10:52:17,020 [trainer.py] => CNN: {'total': 94.77, '00-59': 96.18, '60-64': 96.6, '65-69': 82.2, '70-74': 96.8, '75-79': 96.6, '80-84': 89.2, '85-89': 87.2, '90-94': 97.8, '95-99': 96.0, 'old': 94.6, 'new': 97.8}
2026-01-12 10:52:17,021 [trainer.py] => Top1 curve: [96.93, 96.91, 95.89, 95.89, 95.94, 95.33, 94.73, 94.77]
2026-01-12 10:52:17,021 [trainer.py] => Average Accuracy (CNN): 95.80
2026-01-12 10:52:17,027 [sec.py] => Learning on 95-100
2026-01-12 10:52:17,037 [sec.py] => All params: 86966016
2026-01-12 10:52:17,037 [sec.py] => Actual trainable params (excluding detached): 30720
2026-01-12 10:52:17,037 [sec.py] => TSP active prompts: 2 (total: 46)
2026-01-12 10:52:17,037 [sec.py] => RSP active prompts: 0 (total: 30)
2026-01-12 10:52:17,037 [sec.py] => Excluded params: head, detached prompts
2026-01-12 10:52:17,037 [sec.py] => backbone.TSP.e_p_1: 4608
2026-01-12 10:52:17,037 [sec.py] => backbone.TSP.e_k_1: 1536
2026-01-12 10:52:17,037 [sec.py] => backbone.TSP.e_a_1: 1536
2026-01-12 10:52:17,038 [sec.py] => backbone.TSP.e_p_2: 4608
2026-01-12 10:52:17,038 [sec.py] => backbone.TSP.e_k_2: 1536
2026-01-12 10:52:17,038 [sec.py] => backbone.TSP.e_a_2: 1536
2026-01-12 10:52:17,038 [sec.py] => backbone.TSP.e_p_3: 4608
2026-01-12 10:52:17,038 [sec.py] => backbone.TSP.e_k_3: 1536
2026-01-12 10:52:17,038 [sec.py] => backbone.TSP.e_a_3: 1536
2026-01-12 10:52:17,038 [sec.py] => backbone.TSP.e_p_4: 4608
2026-01-12 10:52:17,038 [sec.py] => backbone.TSP.e_k_4: 1536
2026-01-12 10:52:17,038 [sec.py] => backbone.TSP.e_a_4: 1536
2026-01-12 10:52:17,045 [sec.py] => training set size: 25, fc construct set size: 25
2026-01-12 10:53:57,831 [trainer.py] => CNN: {'total': 94.78, '00-59': 96.08, '60-64': 96.6, '65-69': 82.2, '70-74': 96.8, '75-79': 96.2, '80-84': 89.2, '85-89': 87.0, '90-94': 97.8, '95-99': 96.8, 'old': 94.67, 'new': 96.8}
2026-01-12 10:53:57,831 [trainer.py] => Top1 curve: [96.93, 96.91, 95.89, 95.89, 95.94, 95.33, 94.73, 94.77, 94.78]
2026-01-12 10:53:57,831 [trainer.py] => Average Accuracy (CNN): 95.69

================================================================================
Finished mini_imagenet_init60_inc5: pretrained_vit_b16_224_vpt  
Base Accuracy: 96.93
Last Accuracy: 94.78
Average Accuracy (Top1): 95.69
PD: 2.15
Backward Transfer (BWT): -0.61
Accuracy Matrix (CNN):
[[ 96.93  92.    72.    96.    96.    96.    84.    92.    96.  ]
 [ 96.85  97.6  100.    88.   100.    96.    96.    80.   100.  ]
 [ 96.8   97.6   83.2  100.    92.    92.    88.    92.    96.  ]
 [ 96.77  97.2   83.2   96.8   92.    96.    84.   100.    92.  ]
 [ 96.73  97.2   83.2   96.8   97.    92.    88.    84.    96.  ]
 [ 96.5   96.6   83.2   96.8   96.6   89.4   84.   100.    92.  ]
 [ 96.28  96.6   82.4   96.8   96.6   89.4   88.    96.   100.  ]
 [ 96.18  96.6   82.2   96.8   96.6   89.2   87.2   97.8   96.  ]
 [ 96.08  96.6   82.2   96.8   96.2   89.2   87.    97.8   96.8 ]]
================================================================================


================================================================================
Training Statistics for SEC-Prompt
================================================================================
Task    Params ↓    GPU ↓       Time/Epoch ↓
================================================================================
Task 0  0.92M       3180.12MiB  517.09s     
Task 1  0.03M       4522.25MiB  1.32s       
Task 2  0.03M       4523.56MiB  1.32s       
Task 3  0.03M       4524.87MiB  1.32s       
Task 4  0.03M       4526.80MiB  1.32s       
Task 5  0.03M       4528.29MiB  1.32s       
Task 6  0.03M       4529.78MiB  1.29s       
Task 7  0.03M       4532.75MiB  1.31s       
Task 8  0.03M       4535.58MiB  1.32s       
--------------------------------------------------------------------------------
Average 0.13M    4378.22MiB    58.62s
Max GPU             4535.58MiB
Total   1.17M                        15617.76s
================================================================================

2026-01-12 10:54:04,060 [trainer.py] => config: ./configs/SEC-Prompt_cub_B100_Inc10_in21k.json
2026-01-12 10:54:04,078 [trainer.py] => lamda: 0.5
2026-01-12 10:54:04,079 [trainer.py] => aug: 2
2026-01-12 10:54:04,079 [trainer.py] => prompt_token_num: 6
2026-01-12 10:54:04,079 [trainer.py] => prompt_pool_num: 0.5
2026-01-12 10:54:04,079 [trainer.py] => model_name: sec
2026-01-12 10:54:04,079 [trainer.py] => backbone_type: pretrained_vit_b16_224_in21k_vpt
2026-01-12 10:54:04,079 [trainer.py] => device: [device(type='cuda', index=0)]
2026-01-12 10:54:04,079 [trainer.py] => seed: 1993
2026-01-12 10:54:04,079 [trainer.py] => dataset: cub
2026-01-12 10:54:04,079 [trainer.py] => init_cls: 100
2026-01-12 10:54:04,079 [trainer.py] => increment: 10
2026-01-12 10:54:04,079 [trainer.py] => kshot: 5
2026-01-12 10:54:04,079 [trainer.py] => vpt_type: Deep
2026-01-12 10:54:04,079 [trainer.py] => kl_weight: 0.001
2026-01-12 10:54:04,079 [trainer.py] => tuned_epoch: 30
2026-01-12 10:54:04,080 [trainer.py] => fs_epoch: 10
2026-01-12 10:54:04,080 [trainer.py] => init_lr: 0.01
2026-01-12 10:54:04,080 [trainer.py] => fs_lr: 0.001
2026-01-12 10:54:04,080 [trainer.py] => batch_size: 32
2026-01-12 10:54:04,080 [trainer.py] => fs_batch_size: 16
2026-01-12 10:54:04,080 [trainer.py] => weight_decay: 0.005
2026-01-12 10:54:04,080 [trainer.py] => min_lr: 0
2026-01-12 10:54:04,080 [trainer.py] => optimizer: sgd
2026-01-12 10:54:04,080 [trainer.py] => shuffle: False
2026-01-12 10:54:04,080 [trainer.py] => top_k: 5
2026-01-12 10:54:04,080 [trainer.py] => base_model_path: saved_model/sec_tr/cub/30_0.01/6_0.5/sec_in21k_30_1993_32.pth
2026-01-12 10:54:04,080 [trainer.py] => prefix: sec_in21k
2026-01-12 10:54:04,080 [trainer.py] => model_prefix: sec_in21k
2026-01-12 10:54:04,080 [trainer.py] => beta: 0.5
2026-01-12 10:54:04,081 [trainer.py] => memory_size: 0
2026-01-12 10:54:04,081 [trainer.py] => memory_per_class: 0
2026-01-12 10:54:04,081 [trainer.py] => fixed_memory: False
2026-01-12 10:54:04,904 [data_manager.py] => [0, 1, 2, 3, 4, 5, 6, 7, 8, 9, 10, 11, 12, 13, 14, 15, 16, 17, 18, 19, 20, 21, 22, 23, 24, 25, 26, 27, 28, 29, 30, 31, 32, 33, 34, 35, 36, 37, 38, 39, 40, 41, 42, 43, 44, 45, 46, 47, 48, 49, 50, 51, 52, 53, 54, 55, 56, 57, 58, 59, 60, 61, 62, 63, 64, 65, 66, 67, 68, 69, 70, 71, 72, 73, 74, 75, 76, 77, 78, 79, 80, 81, 82, 83, 84, 85, 86, 87, 88, 89, 90, 91, 92, 93, 94, 95, 96, 97, 98, 99, 100, 101, 102, 103, 104, 105, 106, 107, 108, 109, 110, 111, 112, 113, 114, 115, 116, 117, 118, 119, 120, 121, 122, 123, 124, 125, 126, 127, 128, 129, 130, 131, 132, 133, 134, 135, 136, 137, 138, 139, 140, 141, 142, 143, 144, 145, 146, 147, 148, 149, 150, 151, 152, 153, 154, 155, 156, 157, 158, 159, 160, 161, 162, 163, 164, 165, 166, 167, 168, 169, 170, 171, 172, 173, 174, 175, 176, 177, 178, 179, 180, 181, 182, 183, 184, 185, 186, 187, 188, 189, 190, 191, 192, 193, 194, 195, 196, 197, 198, 199]
This is for the BaseNet initialization.
modelname, pretrained_vit_b16_224_in21k_vpt basicmodelname vit_base_patch16_224_in21k
Using VPT model
Using Deep Prompt
After BaseNet initialization.
2026-01-12 10:54:22,561 [sec.py] => Learning on 0-100
2026-01-12 10:54:23,203 [sec.py] => All params: 88102656
2026-01-12 10:54:23,203 [sec.py] => Actual trainable params (excluding detached): 1536000
2026-01-12 10:54:23,203 [sec.py] => TSP active prompts: 50 (total: 50)
2026-01-12 10:54:23,203 [sec.py] => RSP active prompts: 50 (total: 50)
2026-01-12 10:54:23,203 [sec.py] => Excluded params: head, detached prompts
2026-01-12 10:54:23,203 [sec.py] => backbone.TSP.e_p_1: 115200
2026-01-12 10:54:23,203 [sec.py] => backbone.TSP.e_k_1: 38400
2026-01-12 10:54:23,204 [sec.py] => backbone.TSP.e_a_1: 38400
2026-01-12 10:54:23,204 [sec.py] => backbone.TSP.e_p_2: 115200
2026-01-12 10:54:23,204 [sec.py] => backbone.TSP.e_k_2: 38400
2026-01-12 10:54:23,204 [sec.py] => backbone.TSP.e_a_2: 38400
2026-01-12 10:54:23,204 [sec.py] => backbone.TSP.e_p_3: 115200
2026-01-12 10:54:23,204 [sec.py] => backbone.TSP.e_k_3: 38400
2026-01-12 10:54:23,204 [sec.py] => backbone.TSP.e_a_3: 38400
2026-01-12 10:54:23,204 [sec.py] => backbone.TSP.e_p_4: 115200
2026-01-12 10:54:23,204 [sec.py] => backbone.TSP.e_k_4: 38400
2026-01-12 10:54:23,204 [sec.py] => backbone.TSP.e_a_4: 38400
2026-01-12 10:54:23,204 [sec.py] => backbone.RSP.e_p_1: 115200
2026-01-12 10:54:23,204 [sec.py] => backbone.RSP.e_k_1: 38400
2026-01-12 10:54:23,204 [sec.py] => backbone.RSP.e_a_1: 38400
2026-01-12 10:54:23,204 [sec.py] => backbone.RSP.e_p_2: 115200
2026-01-12 10:54:23,204 [sec.py] => backbone.RSP.e_k_2: 38400
2026-01-12 10:54:23,204 [sec.py] => backbone.RSP.e_a_2: 38400
2026-01-12 10:54:23,204 [sec.py] => backbone.RSP.e_p_3: 115200
2026-01-12 10:54:23,204 [sec.py] => backbone.RSP.e_k_3: 38400
2026-01-12 10:54:23,204 [sec.py] => backbone.RSP.e_a_3: 38400
2026-01-12 10:54:23,204 [sec.py] => backbone.RSP.e_p_4: 115200
2026-01-12 10:54:23,204 [sec.py] => backbone.RSP.e_k_4: 38400
2026-01-12 10:54:23,204 [sec.py] => backbone.RSP.e_a_4: 38400
2026-01-12 10:54:23,264 [sec.py] => training set size: 4693, fc construct set size: 4693
/public/home/hanlida/Dr.1/Code/Research/Awesome-FSCIL/SEC-Prompt-main/backbone/zoo.py:214: UserWarning: Implicit dimension choice for softmax has been deprecated. Change the call to include dim=X as an argument.
  aq_k = torch.nn.functional.softmax(aq_k)
2026-01-12 11:34:53,045 [trainer.py] => CNN: {'total': 88.13, '00-99': 88.13, '100-109': 86.0, '110-119': 84.0, '120-129': 80.0, '130-139': 88.0, '140-149': 78.0, '150-159': 90.0, '160-169': 82.0, '170-179': 92.0, '180-189': 84.0, '190-199': 90.0, 'old': 0, 'new': 88.13}
2026-01-12 11:34:53,082 [trainer.py] => Top1 curve: [88.13]
2026-01-12 11:34:53,082 [trainer.py] => Average Accuracy (CNN): 88.13
2026-01-12 11:34:53,117 [sec.py] => Learning on 100-110
2026-01-12 11:34:53,125 [sec.py] => All params: 88102656
2026-01-12 11:34:53,125 [sec.py] => Actual trainable params (excluding detached): 76800
2026-01-12 11:34:53,125 [sec.py] => TSP active prompts: 5 (total: 55)
2026-01-12 11:34:53,125 [sec.py] => RSP active prompts: 0 (total: 50)
2026-01-12 11:34:53,125 [sec.py] => Excluded params: head, detached prompts
2026-01-12 11:34:53,125 [sec.py] => backbone.TSP.e_p_1: 11520
2026-01-12 11:34:53,125 [sec.py] => backbone.TSP.e_k_1: 3840
2026-01-12 11:34:53,125 [sec.py] => backbone.TSP.e_a_1: 3840
2026-01-12 11:34:53,125 [sec.py] => backbone.TSP.e_p_2: 11520
2026-01-12 11:34:53,125 [sec.py] => backbone.TSP.e_k_2: 3840
2026-01-12 11:34:53,125 [sec.py] => backbone.TSP.e_a_2: 3840
2026-01-12 11:34:53,125 [sec.py] => backbone.TSP.e_p_3: 11520
2026-01-12 11:34:53,126 [sec.py] => backbone.TSP.e_k_3: 3840
2026-01-12 11:34:53,126 [sec.py] => backbone.TSP.e_a_3: 3840
2026-01-12 11:34:53,126 [sec.py] => backbone.TSP.e_p_4: 11520
2026-01-12 11:34:53,126 [sec.py] => backbone.TSP.e_k_4: 3840
2026-01-12 11:34:53,126 [sec.py] => backbone.TSP.e_a_4: 3840
2026-01-12 11:34:53,135 [sec.py] => training set size: 50, fc construct set size: 50
2026-01-12 11:35:39,970 [trainer.py] => CNN: {'total': 87.17, '00-99': 87.79, '100-109': 79.8, '110-119': 90.0, '120-129': 84.0, '130-139': 86.0, '140-149': 86.0, '150-159': 82.0, '160-169': 76.0, '170-179': 80.0, '180-189': 98.0, '190-199': 96.0, 'old': 87.79, 'new': 79.8}
2026-01-12 11:35:39,971 [trainer.py] => Top1 curve: [88.13, 87.17]
2026-01-12 11:35:39,971 [trainer.py] => Average Accuracy (CNN): 87.65
2026-01-12 11:35:39,988 [sec.py] => Learning on 110-120
2026-01-12 11:35:40,000 [sec.py] => All params: 88102656
2026-01-12 11:35:40,000 [sec.py] => Actual trainable params (excluding detached): 76800
2026-01-12 11:35:40,000 [sec.py] => TSP active prompts: 5 (total: 60)
2026-01-12 11:35:40,000 [sec.py] => RSP active prompts: 0 (total: 50)
2026-01-12 11:35:40,001 [sec.py] => Excluded params: head, detached prompts
2026-01-12 11:35:40,001 [sec.py] => backbone.TSP.e_p_1: 11520
2026-01-12 11:35:40,001 [sec.py] => backbone.TSP.e_k_1: 3840
2026-01-12 11:35:40,001 [sec.py] => backbone.TSP.e_a_1: 3840
2026-01-12 11:35:40,001 [sec.py] => backbone.TSP.e_p_2: 11520
2026-01-12 11:35:40,001 [sec.py] => backbone.TSP.e_k_2: 3840
2026-01-12 11:35:40,002 [sec.py] => backbone.TSP.e_a_2: 3840
2026-01-12 11:35:40,002 [sec.py] => backbone.TSP.e_p_3: 11520
2026-01-12 11:35:40,002 [sec.py] => backbone.TSP.e_k_3: 3840
2026-01-12 11:35:40,002 [sec.py] => backbone.TSP.e_a_3: 3840
2026-01-12 11:35:40,002 [sec.py] => backbone.TSP.e_p_4: 11520
2026-01-12 11:35:40,002 [sec.py] => backbone.TSP.e_k_4: 3840
2026-01-12 11:35:40,002 [sec.py] => backbone.TSP.e_a_4: 3840
2026-01-12 11:35:40,026 [sec.py] => training set size: 50, fc construct set size: 50
2026-01-12 11:36:27,308 [trainer.py] => CNN: {'total': 85.86, '00-99': 87.87, '100-109': 79.8, '110-119': 71.54, '120-129': 70.0, '130-139': 80.0, '140-149': 74.0, '150-159': 82.0, '160-169': 84.0, '170-179': 86.0, '180-189': 96.0, '190-199': 96.0, 'old': 87.24, 'new': 71.54}
2026-01-12 11:36:27,308 [trainer.py] => Top1 curve: [88.13, 87.17, 85.86]
2026-01-12 11:36:27,308 [trainer.py] => Average Accuracy (CNN): 87.05
2026-01-12 11:36:27,314 [sec.py] => Learning on 120-130
2026-01-12 11:36:27,324 [sec.py] => All params: 88102656
2026-01-12 11:36:27,324 [sec.py] => Actual trainable params (excluding detached): 76800
2026-01-12 11:36:27,324 [sec.py] => TSP active prompts: 5 (total: 65)
2026-01-12 11:36:27,325 [sec.py] => RSP active prompts: 0 (total: 50)
2026-01-12 11:36:27,325 [sec.py] => Excluded params: head, detached prompts
2026-01-12 11:36:27,325 [sec.py] => backbone.TSP.e_p_1: 11520
2026-01-12 11:36:27,325 [sec.py] => backbone.TSP.e_k_1: 3840
2026-01-12 11:36:27,325 [sec.py] => backbone.TSP.e_a_1: 3840
2026-01-12 11:36:27,325 [sec.py] => backbone.TSP.e_p_2: 11520
2026-01-12 11:36:27,325 [sec.py] => backbone.TSP.e_k_2: 3840
2026-01-12 11:36:27,325 [sec.py] => backbone.TSP.e_a_2: 3840
2026-01-12 11:36:27,325 [sec.py] => backbone.TSP.e_p_3: 11520
2026-01-12 11:36:27,325 [sec.py] => backbone.TSP.e_k_3: 3840
2026-01-12 11:36:27,325 [sec.py] => backbone.TSP.e_a_3: 3840
2026-01-12 11:36:27,325 [sec.py] => backbone.TSP.e_p_4: 11520
2026-01-12 11:36:27,325 [sec.py] => backbone.TSP.e_k_4: 3840
2026-01-12 11:36:27,325 [sec.py] => backbone.TSP.e_a_4: 3840
2026-01-12 11:36:27,332 [sec.py] => training set size: 50, fc construct set size: 50
2026-01-12 11:37:15,550 [trainer.py] => CNN: {'total': 84.65, '00-99': 87.87, '100-109': 78.79, '110-119': 71.54, '120-129': 70.54, '130-139': 82.0, '140-149': 80.0, '150-159': 84.0, '160-169': 84.0, '170-179': 80.0, '180-189': 86.0, '190-199': 92.0, 'old': 85.79, 'new': 70.54}
2026-01-12 11:37:15,551 [trainer.py] => Top1 curve: [88.13, 87.17, 85.86, 84.65]
2026-01-12 11:37:15,551 [trainer.py] => Average Accuracy (CNN): 86.45
2026-01-12 11:37:15,556 [sec.py] => Learning on 130-140
2026-01-12 11:37:15,568 [sec.py] => All params: 88102656
2026-01-12 11:37:15,568 [sec.py] => Actual trainable params (excluding detached): 76800
2026-01-12 11:37:15,568 [sec.py] => TSP active prompts: 5 (total: 70)
2026-01-12 11:37:15,568 [sec.py] => RSP active prompts: 0 (total: 50)
2026-01-12 11:37:15,569 [sec.py] => Excluded params: head, detached prompts
2026-01-12 11:37:15,569 [sec.py] => backbone.TSP.e_p_1: 11520
2026-01-12 11:37:15,569 [sec.py] => backbone.TSP.e_k_1: 3840
2026-01-12 11:37:15,569 [sec.py] => backbone.TSP.e_a_1: 3840
2026-01-12 11:37:15,569 [sec.py] => backbone.TSP.e_p_2: 11520
2026-01-12 11:37:15,569 [sec.py] => backbone.TSP.e_k_2: 3840
2026-01-12 11:37:15,569 [sec.py] => backbone.TSP.e_a_2: 3840
2026-01-12 11:37:15,569 [sec.py] => backbone.TSP.e_p_3: 11520
2026-01-12 11:37:15,569 [sec.py] => backbone.TSP.e_k_3: 3840
2026-01-12 11:37:15,569 [sec.py] => backbone.TSP.e_a_3: 3840
2026-01-12 11:37:15,569 [sec.py] => backbone.TSP.e_p_4: 11520
2026-01-12 11:37:15,569 [sec.py] => backbone.TSP.e_k_4: 3840
2026-01-12 11:37:15,569 [sec.py] => backbone.TSP.e_a_4: 3840
2026-01-12 11:37:15,575 [sec.py] => training set size: 50, fc construct set size: 50
2026-01-12 11:38:03,668 [trainer.py] => CNN: {'total': 84.71, '00-99': 87.79, '100-109': 78.79, '110-119': 71.54, '120-129': 70.54, '130-139': 86.15, '140-149': 76.0, '150-159': 86.0, '160-169': 86.0, '170-179': 78.0, '180-189': 84.0, '190-199': 82.0, 'old': 84.58, 'new': 86.15}
2026-01-12 11:38:03,669 [trainer.py] => Top1 curve: [88.13, 87.17, 85.86, 84.65, 84.71]
2026-01-12 11:38:03,669 [trainer.py] => Average Accuracy (CNN): 86.10
2026-01-12 11:38:03,675 [sec.py] => Learning on 140-150
2026-01-12 11:38:03,685 [sec.py] => All params: 88102656
2026-01-12 11:38:03,685 [sec.py] => Actual trainable params (excluding detached): 76800
2026-01-12 11:38:03,685 [sec.py] => TSP active prompts: 5 (total: 75)
2026-01-12 11:38:03,686 [sec.py] => RSP active prompts: 0 (total: 50)
2026-01-12 11:38:03,686 [sec.py] => Excluded params: head, detached prompts
2026-01-12 11:38:03,686 [sec.py] => backbone.TSP.e_p_1: 11520
2026-01-12 11:38:03,686 [sec.py] => backbone.TSP.e_k_1: 3840
2026-01-12 11:38:03,686 [sec.py] => backbone.TSP.e_a_1: 3840
2026-01-12 11:38:03,686 [sec.py] => backbone.TSP.e_p_2: 11520
2026-01-12 11:38:03,686 [sec.py] => backbone.TSP.e_k_2: 3840
2026-01-12 11:38:03,686 [sec.py] => backbone.TSP.e_a_2: 3840
2026-01-12 11:38:03,686 [sec.py] => backbone.TSP.e_p_3: 11520
2026-01-12 11:38:03,686 [sec.py] => backbone.TSP.e_k_3: 3840
2026-01-12 11:38:03,686 [sec.py] => backbone.TSP.e_a_3: 3840
2026-01-12 11:38:03,686 [sec.py] => backbone.TSP.e_p_4: 11520
2026-01-12 11:38:03,686 [sec.py] => backbone.TSP.e_k_4: 3840
2026-01-12 11:38:03,686 [sec.py] => backbone.TSP.e_a_4: 3840
2026-01-12 11:38:03,692 [sec.py] => training set size: 50, fc construct set size: 50
2026-01-12 11:38:50,918 [trainer.py] => CNN: {'total': 83.02, '00-99': 87.45, '100-109': 78.79, '110-119': 69.92, '120-129': 70.54, '130-139': 86.15, '140-149': 64.04, '150-159': 88.0, '160-169': 68.0, '170-179': 82.0, '180-189': 86.0, '190-199': 94.0, 'old': 84.34, 'new': 64.04}
2026-01-12 11:38:50,919 [trainer.py] => Top1 curve: [88.13, 87.17, 85.86, 84.65, 84.71, 83.02]
2026-01-12 11:38:50,919 [trainer.py] => Average Accuracy (CNN): 85.59
2026-01-12 11:38:50,935 [sec.py] => Learning on 150-160
2026-01-12 11:38:50,946 [sec.py] => All params: 88102656
2026-01-12 11:38:50,947 [sec.py] => Actual trainable params (excluding detached): 76800
2026-01-12 11:38:50,947 [sec.py] => TSP active prompts: 5 (total: 80)
2026-01-12 11:38:50,947 [sec.py] => RSP active prompts: 0 (total: 50)
2026-01-12 11:38:50,947 [sec.py] => Excluded params: head, detached prompts
2026-01-12 11:38:50,947 [sec.py] => backbone.TSP.e_p_1: 11520
2026-01-12 11:38:50,948 [sec.py] => backbone.TSP.e_k_1: 3840
2026-01-12 11:38:50,948 [sec.py] => backbone.TSP.e_a_1: 3840
2026-01-12 11:38:50,948 [sec.py] => backbone.TSP.e_p_2: 11520
2026-01-12 11:38:50,948 [sec.py] => backbone.TSP.e_k_2: 3840
2026-01-12 11:38:50,948 [sec.py] => backbone.TSP.e_a_2: 3840
2026-01-12 11:38:50,948 [sec.py] => backbone.TSP.e_p_3: 11520
2026-01-12 11:38:50,948 [sec.py] => backbone.TSP.e_k_3: 3840
2026-01-12 11:38:50,949 [sec.py] => backbone.TSP.e_a_3: 3840
2026-01-12 11:38:50,949 [sec.py] => backbone.TSP.e_p_4: 11520
2026-01-12 11:38:50,949 [sec.py] => backbone.TSP.e_k_4: 3840
2026-01-12 11:38:50,949 [sec.py] => backbone.TSP.e_a_4: 3840
2026-01-12 11:38:50,964 [sec.py] => training set size: 50, fc construct set size: 50
2026-01-12 11:39:38,122 [trainer.py] => CNN: {'total': 82.95, '00-99': 87.53, '100-109': 78.79, '110-119': 70.73, '120-129': 70.54, '130-139': 86.15, '140-149': 64.04, '150-159': 80.0, '160-169': 78.0, '170-179': 84.0, '180-189': 88.0, '190-199': 92.0, 'old': 83.13, 'new': 80.0}
2026-01-12 11:39:38,122 [trainer.py] => Top1 curve: [88.13, 87.17, 85.86, 84.65, 84.71, 83.02, 82.95]
2026-01-12 11:39:38,122 [trainer.py] => Average Accuracy (CNN): 85.21
2026-01-12 11:39:38,129 [sec.py] => Learning on 160-170
2026-01-12 11:39:38,139 [sec.py] => All params: 88102656
2026-01-12 11:39:38,139 [sec.py] => Actual trainable params (excluding detached): 76800
2026-01-12 11:39:38,139 [sec.py] => TSP active prompts: 5 (total: 85)
2026-01-12 11:39:38,139 [sec.py] => RSP active prompts: 0 (total: 50)
2026-01-12 11:39:38,139 [sec.py] => Excluded params: head, detached prompts
2026-01-12 11:39:38,139 [sec.py] => backbone.TSP.e_p_1: 11520
2026-01-12 11:39:38,139 [sec.py] => backbone.TSP.e_k_1: 3840
2026-01-12 11:39:38,139 [sec.py] => backbone.TSP.e_a_1: 3840
2026-01-12 11:39:38,139 [sec.py] => backbone.TSP.e_p_2: 11520
2026-01-12 11:39:38,139 [sec.py] => backbone.TSP.e_k_2: 3840
2026-01-12 11:39:38,139 [sec.py] => backbone.TSP.e_a_2: 3840
2026-01-12 11:39:38,139 [sec.py] => backbone.TSP.e_p_3: 11520
2026-01-12 11:39:38,139 [sec.py] => backbone.TSP.e_k_3: 3840
2026-01-12 11:39:38,139 [sec.py] => backbone.TSP.e_a_3: 3840
2026-01-12 11:39:38,139 [sec.py] => backbone.TSP.e_p_4: 11520
2026-01-12 11:39:38,139 [sec.py] => backbone.TSP.e_k_4: 3840
2026-01-12 11:39:38,139 [sec.py] => backbone.TSP.e_a_4: 3840
2026-01-12 11:39:38,145 [sec.py] => training set size: 50, fc construct set size: 50
2026-01-12 11:40:25,212 [trainer.py] => CNN: {'total': 83.63, '00-99': 87.36, '100-109': 78.79, '110-119': 71.54, '120-129': 70.54, '130-139': 86.92, '140-149': 64.04, '150-159': 79.09, '160-169': 93.98, '170-179': 78.0, '180-189': 92.0, '190-199': 94.0, 'old': 82.89, 'new': 93.98}
2026-01-12 11:40:25,212 [trainer.py] => Top1 curve: [88.13, 87.17, 85.86, 84.65, 84.71, 83.02, 82.95, 83.63]
2026-01-12 11:40:25,212 [trainer.py] => Average Accuracy (CNN): 85.02
2026-01-12 11:40:25,218 [sec.py] => Learning on 170-180
2026-01-12 11:40:25,228 [sec.py] => All params: 88102656
2026-01-12 11:40:25,228 [sec.py] => Actual trainable params (excluding detached): 76800
2026-01-12 11:40:25,228 [sec.py] => TSP active prompts: 5 (total: 90)
2026-01-12 11:40:25,228 [sec.py] => RSP active prompts: 0 (total: 50)
2026-01-12 11:40:25,228 [sec.py] => Excluded params: head, detached prompts
2026-01-12 11:40:25,228 [sec.py] => backbone.TSP.e_p_1: 11520
2026-01-12 11:40:25,228 [sec.py] => backbone.TSP.e_k_1: 3840
2026-01-12 11:40:25,228 [sec.py] => backbone.TSP.e_a_1: 3840
2026-01-12 11:40:25,228 [sec.py] => backbone.TSP.e_p_2: 11520
2026-01-12 11:40:25,228 [sec.py] => backbone.TSP.e_k_2: 3840
2026-01-12 11:40:25,228 [sec.py] => backbone.TSP.e_a_2: 3840
2026-01-12 11:40:25,228 [sec.py] => backbone.TSP.e_p_3: 11520
2026-01-12 11:40:25,228 [sec.py] => backbone.TSP.e_k_3: 3840
2026-01-12 11:40:25,228 [sec.py] => backbone.TSP.e_a_3: 3840
2026-01-12 11:40:25,228 [sec.py] => backbone.TSP.e_p_4: 11520
2026-01-12 11:40:25,228 [sec.py] => backbone.TSP.e_k_4: 3840
2026-01-12 11:40:25,228 [sec.py] => backbone.TSP.e_a_4: 3840
2026-01-12 11:40:25,233 [sec.py] => training set size: 50, fc construct set size: 50
2026-01-12 11:41:12,302 [trainer.py] => CNN: {'total': 83.1, '00-99': 87.19, '100-109': 78.79, '110-119': 71.54, '120-129': 69.64, '130-139': 86.15, '140-149': 64.91, '150-159': 79.09, '160-169': 85.71, '170-179': 85.95, '180-189': 88.0, '190-199': 90.0, 'old': 82.93, 'new': 85.95}
2026-01-12 11:41:12,302 [trainer.py] => Top1 curve: [88.13, 87.17, 85.86, 84.65, 84.71, 83.02, 82.95, 83.63, 83.1]
2026-01-12 11:41:12,302 [trainer.py] => Average Accuracy (CNN): 84.80
2026-01-12 11:41:12,308 [sec.py] => Learning on 180-190
2026-01-12 11:41:12,317 [sec.py] => All params: 88102656
2026-01-12 11:41:12,317 [sec.py] => Actual trainable params (excluding detached): 76800
2026-01-12 11:41:12,317 [sec.py] => TSP active prompts: 5 (total: 95)
2026-01-12 11:41:12,317 [sec.py] => RSP active prompts: 0 (total: 50)
2026-01-12 11:41:12,317 [sec.py] => Excluded params: head, detached prompts
2026-01-12 11:41:12,317 [sec.py] => backbone.TSP.e_p_1: 11520
2026-01-12 11:41:12,317 [sec.py] => backbone.TSP.e_k_1: 3840
2026-01-12 11:41:12,317 [sec.py] => backbone.TSP.e_a_1: 3840
2026-01-12 11:41:12,317 [sec.py] => backbone.TSP.e_p_2: 11520
2026-01-12 11:41:12,317 [sec.py] => backbone.TSP.e_k_2: 3840
2026-01-12 11:41:12,318 [sec.py] => backbone.TSP.e_a_2: 3840
2026-01-12 11:41:12,318 [sec.py] => backbone.TSP.e_p_3: 11520
2026-01-12 11:41:12,318 [sec.py] => backbone.TSP.e_k_3: 3840
2026-01-12 11:41:12,318 [sec.py] => backbone.TSP.e_a_3: 3840
2026-01-12 11:41:12,318 [sec.py] => backbone.TSP.e_p_4: 11520
2026-01-12 11:41:12,318 [sec.py] => backbone.TSP.e_k_4: 3840
2026-01-12 11:41:12,318 [sec.py] => backbone.TSP.e_a_4: 3840
2026-01-12 11:41:12,322 [sec.py] => training set size: 50, fc construct set size: 50
2026-01-12 11:41:59,644 [trainer.py] => CNN: {'total': 83.45, '00-99': 87.02, '100-109': 77.78, '110-119': 71.54, '120-129': 69.64, '130-139': 86.92, '140-149': 64.91, '150-159': 79.09, '160-169': 85.71, '170-179': 85.12, '180-189': 91.8, '190-199': 98.0, 'old': 82.96, 'new': 91.8}
2026-01-12 11:41:59,644 [trainer.py] => Top1 curve: [88.13, 87.17, 85.86, 84.65, 84.71, 83.02, 82.95, 83.63, 83.1, 83.45]
2026-01-12 11:41:59,644 [trainer.py] => Average Accuracy (CNN): 84.67
2026-01-12 11:41:59,651 [sec.py] => Learning on 190-200
2026-01-12 11:41:59,659 [sec.py] => All params: 88102656
2026-01-12 11:41:59,660 [sec.py] => Actual trainable params (excluding detached): 76800
2026-01-12 11:41:59,660 [sec.py] => TSP active prompts: 5 (total: 100)
2026-01-12 11:41:59,660 [sec.py] => RSP active prompts: 0 (total: 50)
2026-01-12 11:41:59,660 [sec.py] => Excluded params: head, detached prompts
2026-01-12 11:41:59,660 [sec.py] => backbone.TSP.e_p_1: 11520
2026-01-12 11:41:59,660 [sec.py] => backbone.TSP.e_k_1: 3840
2026-01-12 11:41:59,660 [sec.py] => backbone.TSP.e_a_1: 3840
2026-01-12 11:41:59,660 [sec.py] => backbone.TSP.e_p_2: 11520
2026-01-12 11:41:59,660 [sec.py] => backbone.TSP.e_k_2: 3840
2026-01-12 11:41:59,660 [sec.py] => backbone.TSP.e_a_2: 3840
2026-01-12 11:41:59,660 [sec.py] => backbone.TSP.e_p_3: 11520
2026-01-12 11:41:59,660 [sec.py] => backbone.TSP.e_k_3: 3840
2026-01-12 11:41:59,660 [sec.py] => backbone.TSP.e_a_3: 3840
2026-01-12 11:41:59,660 [sec.py] => backbone.TSP.e_p_4: 11520
2026-01-12 11:41:59,660 [sec.py] => backbone.TSP.e_k_4: 3840
2026-01-12 11:41:59,660 [sec.py] => backbone.TSP.e_a_4: 3840
2026-01-12 11:41:59,665 [sec.py] => training set size: 50, fc construct set size: 50
2026-01-12 11:42:46,107 [trainer.py] => CNN: {'total': 83.76, '00-99': 86.85, '100-109': 77.78, '110-119': 71.54, '120-129': 69.64, '130-139': 86.92, '140-149': 64.04, '150-159': 80.0, '160-169': 85.71, '170-179': 84.3, '180-189': 90.98, '190-199': 92.68, 'old': 83.27, 'new': 92.68}
2026-01-12 11:42:46,107 [trainer.py] => Top1 curve: [88.13, 87.17, 85.86, 84.65, 84.71, 83.02, 82.95, 83.63, 83.1, 83.45, 83.76]
2026-01-12 11:42:46,107 [trainer.py] => Average Accuracy (CNN): 84.58

================================================================================
Finished cub_init100_inc10: pretrained_vit_b16_224_in21k_vpt  
Base Accuracy: 88.13
Last Accuracy: 83.76
Average Accuracy (Top1): 84.58
PD: 4.37
Backward Transfer (BWT): -1.42
Accuracy Matrix (CNN):
[[88.13 86.   84.   80.   88.   78.   90.   82.   92.   84.   90.  ]
 [87.79 79.8  90.   84.   86.   86.   82.   76.   80.   98.   96.  ]
 [87.87 79.8  71.54 70.   80.   74.   82.   84.   86.   96.   96.  ]
 [87.87 78.79 71.54 70.54 82.   80.   84.   84.   80.   86.   92.  ]
 [87.79 78.79 71.54 70.54 86.15 76.   86.   86.   78.   84.   82.  ]
 [87.45 78.79 69.92 70.54 86.15 64.04 88.   68.   82.   86.   94.  ]
 [87.53 78.79 70.73 70.54 86.15 64.04 80.   78.   84.   88.   92.  ]
 [87.36 78.79 71.54 70.54 86.92 64.04 79.09 93.98 78.   92.   94.  ]
 [87.19 78.79 71.54 69.64 86.15 64.91 79.09 85.71 85.95 88.   90.  ]
 [87.02 77.78 71.54 69.64 86.92 64.91 79.09 85.71 85.12 91.8  98.  ]
 [86.85 77.78 71.54 69.64 86.92 64.04 80.   85.71 84.3  90.98 92.68]]
================================================================================


================================================================================
Training Statistics for SEC-Prompt
================================================================================
Task    Params ↓    GPU ↓       Time/Epoch ↓
================================================================================
Task 0  1.54M       3217.50MiB  80.13s      
Task 1  0.08M       4560.39MiB  2.73s       
Task 2  0.08M       4565.51MiB  2.70s       
Task 3  0.08M       4571.26MiB  2.72s       
Task 4  0.08M       4576.26MiB  2.71s       
Task 5  0.08M       4582.35MiB  2.70s       
Task 6  0.08M       4585.53MiB  2.71s       
Task 7  0.08M       4590.79MiB  2.69s       
Task 8  0.08M       4595.73MiB  2.70s       
Task 9  0.08M       4600.23MiB  2.71s       
Task 10 0.08M       4606.13MiB  2.70s       
--------------------------------------------------------------------------------
Average 0.21M    4459.24MiB    9.75s
Max GPU             4606.13MiB
Total   2.30M                        2674.66s
================================================================================

2026-01-12 11:43:12,142 [trainer.py] => config: ./configs/SEC-Prompt_cifar_B60_Inc5_in21k.json
2026-01-12 11:43:12,176 [trainer.py] => lamda: 0.5
2026-01-12 11:43:12,176 [trainer.py] => aug: 2
2026-01-12 11:43:12,176 [trainer.py] => prompt_token_num: 6
2026-01-12 11:43:12,176 [trainer.py] => prompt_pool_num: 0.5
2026-01-12 11:43:12,176 [trainer.py] => model_name: sec
2026-01-12 11:43:12,176 [trainer.py] => backbone_type: pretrained_vit_b16_224_in21k_vpt
2026-01-12 11:43:12,176 [trainer.py] => device: [device(type='cuda', index=0)]
2026-01-12 11:43:12,176 [trainer.py] => seed: 1993
2026-01-12 11:43:12,176 [trainer.py] => dataset: cifar224
2026-01-12 11:43:12,176 [trainer.py] => init_cls: 60
2026-01-12 11:43:12,176 [trainer.py] => increment: 5
2026-01-12 11:43:12,176 [trainer.py] => kshot: 5
2026-01-12 11:43:12,176 [trainer.py] => vpt_type: Deep
2026-01-12 11:43:12,176 [trainer.py] => kl_weight: 0.001
2026-01-12 11:43:12,176 [trainer.py] => tuned_epoch: 30
2026-01-12 11:43:12,176 [trainer.py] => fs_epoch: 10
2026-01-12 11:43:12,176 [trainer.py] => init_lr: 0.01
2026-01-12 11:43:12,177 [trainer.py] => fs_lr: 0.001
2026-01-12 11:43:12,177 [trainer.py] => batch_size: 32
2026-01-12 11:43:12,177 [trainer.py] => fs_batch_size: 16
2026-01-12 11:43:12,177 [trainer.py] => weight_decay: 0.005
2026-01-12 11:43:12,177 [trainer.py] => min_lr: 0
2026-01-12 11:43:12,177 [trainer.py] => optimizer: sgd
2026-01-12 11:43:12,177 [trainer.py] => shuffle: False
2026-01-12 11:43:12,177 [trainer.py] => top_k: 5
2026-01-12 11:43:12,177 [trainer.py] => base_model_path: saved_model/sec_tr/cifar224/30_0.01/6_0.5/sec_in21k_30_1993_32.pth
2026-01-12 11:43:12,177 [trainer.py] => prefix: sec_in21k
2026-01-12 11:43:12,177 [trainer.py] => model_prefix: sec_in21k
2026-01-12 11:43:12,177 [trainer.py] => beta: 0.5
2026-01-12 11:43:12,177 [trainer.py] => memory_size: 0
2026-01-12 11:43:12,177 [trainer.py] => memory_per_class: 0
2026-01-12 11:43:12,177 [trainer.py] => fixed_memory: False
2026-01-12 11:43:13,364 [data_manager.py] => [0, 1, 2, 3, 4, 5, 6, 7, 8, 9, 10, 11, 12, 13, 14, 15, 16, 17, 18, 19, 20, 21, 22, 23, 24, 25, 26, 27, 28, 29, 30, 31, 32, 33, 34, 35, 36, 37, 38, 39, 40, 41, 42, 43, 44, 45, 46, 47, 48, 49, 50, 51, 52, 53, 54, 55, 56, 57, 58, 59, 60, 61, 62, 63, 64, 65, 66, 67, 68, 69, 70, 71, 72, 73, 74, 75, 76, 77, 78, 79, 80, 81, 82, 83, 84, 85, 86, 87, 88, 89, 90, 91, 92, 93, 94, 95, 96, 97, 98, 99]
This is for the BaseNet initialization.
modelname, pretrained_vit_b16_224_in21k_vpt basicmodelname vit_base_patch16_224_in21k
Using VPT model
Using Deep Prompt
After BaseNet initialization.
2026-01-12 11:43:32,908 [sec.py] => Learning on 0-60
2026-01-12 11:43:33,231 [sec.py] => All params: 86966016
2026-01-12 11:43:33,231 [sec.py] => Actual trainable params (excluding detached): 921600
2026-01-12 11:43:33,231 [sec.py] => TSP active prompts: 30 (total: 30)
2026-01-12 11:43:33,231 [sec.py] => RSP active prompts: 30 (total: 30)
2026-01-12 11:43:33,231 [sec.py] => Excluded params: head, detached prompts
2026-01-12 11:43:33,231 [sec.py] => backbone.TSP.e_p_1: 69120
2026-01-12 11:43:33,231 [sec.py] => backbone.TSP.e_k_1: 23040
2026-01-12 11:43:33,231 [sec.py] => backbone.TSP.e_a_1: 23040
2026-01-12 11:43:33,232 [sec.py] => backbone.TSP.e_p_2: 69120
2026-01-12 11:43:33,232 [sec.py] => backbone.TSP.e_k_2: 23040
2026-01-12 11:43:33,232 [sec.py] => backbone.TSP.e_a_2: 23040
2026-01-12 11:43:33,232 [sec.py] => backbone.TSP.e_p_3: 69120
2026-01-12 11:43:33,232 [sec.py] => backbone.TSP.e_k_3: 23040
2026-01-12 11:43:33,232 [sec.py] => backbone.TSP.e_a_3: 23040
2026-01-12 11:43:33,232 [sec.py] => backbone.TSP.e_p_4: 69120
2026-01-12 11:43:33,232 [sec.py] => backbone.TSP.e_k_4: 23040
2026-01-12 11:43:33,232 [sec.py] => backbone.TSP.e_a_4: 23040
2026-01-12 11:43:33,232 [sec.py] => backbone.RSP.e_p_1: 69120
2026-01-12 11:43:33,232 [sec.py] => backbone.RSP.e_k_1: 23040
2026-01-12 11:43:33,232 [sec.py] => backbone.RSP.e_a_1: 23040
2026-01-12 11:43:33,232 [sec.py] => backbone.RSP.e_p_2: 69120
2026-01-12 11:43:33,232 [sec.py] => backbone.RSP.e_k_2: 23040
2026-01-12 11:43:33,232 [sec.py] => backbone.RSP.e_a_2: 23040
2026-01-12 11:43:33,232 [sec.py] => backbone.RSP.e_p_3: 69120
2026-01-12 11:43:33,232 [sec.py] => backbone.RSP.e_k_3: 23040
2026-01-12 11:43:33,232 [sec.py] => backbone.RSP.e_a_3: 23040
2026-01-12 11:43:33,232 [sec.py] => backbone.RSP.e_p_4: 69120
2026-01-12 11:43:33,232 [sec.py] => backbone.RSP.e_k_4: 23040
2026-01-12 11:43:33,232 [sec.py] => backbone.RSP.e_a_4: 23040
2026-01-12 11:43:33,390 [sec.py] => training set size: 30000, fc construct set size: 30000
/public/home/hanlida/Dr.1/Code/Research/Awesome-FSCIL/SEC-Prompt-main/backbone/zoo.py:214: UserWarning: Implicit dimension choice for softmax has been deprecated. Change the call to include dim=X as an argument.
  aq_k = torch.nn.functional.softmax(aq_k)
2026-01-12 15:35:41,119 [trainer.py] => CNN: {'total': 91.07, '00-59': 91.07, '60-64': 76.0, '65-69': 84.0, '70-74': 84.0, '75-79': 96.0, '80-84': 92.0, '85-89': 80.0, '90-94': 80.0, '95-99': 76.0, 'old': 0, 'new': 91.07}
2026-01-12 15:35:41,149 [trainer.py] => Top1 curve: [91.07]
2026-01-12 15:35:41,149 [trainer.py] => Average Accuracy (CNN): 91.07
2026-01-12 15:35:41,155 [sec.py] => Learning on 60-65
2026-01-12 15:35:41,161 [sec.py] => All params: 86966016
2026-01-12 15:35:41,161 [sec.py] => Actual trainable params (excluding detached): 30720
2026-01-12 15:35:41,161 [sec.py] => TSP active prompts: 2 (total: 32)
2026-01-12 15:35:41,161 [sec.py] => RSP active prompts: 0 (total: 30)
2026-01-12 15:35:41,161 [sec.py] => Excluded params: head, detached prompts
2026-01-12 15:35:41,161 [sec.py] => backbone.TSP.e_p_1: 4608
2026-01-12 15:35:41,161 [sec.py] => backbone.TSP.e_k_1: 1536
2026-01-12 15:35:41,161 [sec.py] => backbone.TSP.e_a_1: 1536
2026-01-12 15:35:41,162 [sec.py] => backbone.TSP.e_p_2: 4608
2026-01-12 15:35:41,162 [sec.py] => backbone.TSP.e_k_2: 1536
2026-01-12 15:35:41,162 [sec.py] => backbone.TSP.e_a_2: 1536
2026-01-12 15:35:41,162 [sec.py] => backbone.TSP.e_p_3: 4608
2026-01-12 15:35:41,162 [sec.py] => backbone.TSP.e_k_3: 1536
2026-01-12 15:35:41,162 [sec.py] => backbone.TSP.e_a_3: 1536
2026-01-12 15:35:41,162 [sec.py] => backbone.TSP.e_p_4: 4608
2026-01-12 15:35:41,162 [sec.py] => backbone.TSP.e_k_4: 1536
2026-01-12 15:35:41,162 [sec.py] => backbone.TSP.e_a_4: 1536
2026-01-12 15:35:41,202 [sec.py] => training set size: 25, fc construct set size: 25
2026-01-12 15:36:23,691 [trainer.py] => CNN: {'total': 89.95, '00-59': 90.77, '60-64': 80.2, '65-69': 76.0, '70-74': 72.0, '75-79': 76.0, '80-84': 80.0, '85-89': 80.0, '90-94': 92.0, '95-99': 72.0, 'old': 90.77, 'new': 80.2}
2026-01-12 15:36:23,691 [trainer.py] => Top1 curve: [91.07, 89.95]
2026-01-12 15:36:23,691 [trainer.py] => Average Accuracy (CNN): 90.51
2026-01-12 15:36:23,697 [sec.py] => Learning on 65-70
2026-01-12 15:36:23,699 [sec.py] => All params: 86966016
2026-01-12 15:36:23,699 [sec.py] => Actual trainable params (excluding detached): 30720
2026-01-12 15:36:23,699 [sec.py] => TSP active prompts: 2 (total: 34)
2026-01-12 15:36:23,699 [sec.py] => RSP active prompts: 0 (total: 30)
2026-01-12 15:36:23,699 [sec.py] => Excluded params: head, detached prompts
2026-01-12 15:36:23,699 [sec.py] => backbone.TSP.e_p_1: 4608
2026-01-12 15:36:23,699 [sec.py] => backbone.TSP.e_k_1: 1536
2026-01-12 15:36:23,699 [sec.py] => backbone.TSP.e_a_1: 1536
2026-01-12 15:36:23,699 [sec.py] => backbone.TSP.e_p_2: 4608
2026-01-12 15:36:23,699 [sec.py] => backbone.TSP.e_k_2: 1536
2026-01-12 15:36:23,700 [sec.py] => backbone.TSP.e_a_2: 1536
2026-01-12 15:36:23,700 [sec.py] => backbone.TSP.e_p_3: 4608
2026-01-12 15:36:23,700 [sec.py] => backbone.TSP.e_k_3: 1536
2026-01-12 15:36:23,700 [sec.py] => backbone.TSP.e_a_3: 1536
2026-01-12 15:36:23,700 [sec.py] => backbone.TSP.e_p_4: 4608
2026-01-12 15:36:23,700 [sec.py] => backbone.TSP.e_k_4: 1536
2026-01-12 15:36:23,700 [sec.py] => backbone.TSP.e_a_4: 1536
2026-01-12 15:36:23,732 [sec.py] => training set size: 25, fc construct set size: 25
2026-01-12 15:37:07,549 [trainer.py] => CNN: {'total': 90.01, '00-59': 90.72, '60-64': 79.0, '65-69': 92.6, '70-74': 68.0, '75-79': 72.0, '80-84': 80.0, '85-89': 80.0, '90-94': 80.0, '95-99': 64.0, 'old': 89.82, 'new': 92.6}
2026-01-12 15:37:07,550 [trainer.py] => Top1 curve: [91.07, 89.95, 90.01]
2026-01-12 15:37:07,550 [trainer.py] => Average Accuracy (CNN): 90.34
2026-01-12 15:37:07,555 [sec.py] => Learning on 70-75
2026-01-12 15:37:07,557 [sec.py] => All params: 86966016
2026-01-12 15:37:07,558 [sec.py] => Actual trainable params (excluding detached): 30720
2026-01-12 15:37:07,558 [sec.py] => TSP active prompts: 2 (total: 36)
2026-01-12 15:37:07,558 [sec.py] => RSP active prompts: 0 (total: 30)
2026-01-12 15:37:07,558 [sec.py] => Excluded params: head, detached prompts
2026-01-12 15:37:07,558 [sec.py] => backbone.TSP.e_p_1: 4608
2026-01-12 15:37:07,558 [sec.py] => backbone.TSP.e_k_1: 1536
2026-01-12 15:37:07,558 [sec.py] => backbone.TSP.e_a_1: 1536
2026-01-12 15:37:07,558 [sec.py] => backbone.TSP.e_p_2: 4608
2026-01-12 15:37:07,558 [sec.py] => backbone.TSP.e_k_2: 1536
2026-01-12 15:37:07,558 [sec.py] => backbone.TSP.e_a_2: 1536
2026-01-12 15:37:07,558 [sec.py] => backbone.TSP.e_p_3: 4608
2026-01-12 15:37:07,558 [sec.py] => backbone.TSP.e_k_3: 1536
2026-01-12 15:37:07,558 [sec.py] => backbone.TSP.e_a_3: 1536
2026-01-12 15:37:07,558 [sec.py] => backbone.TSP.e_p_4: 4608
2026-01-12 15:37:07,558 [sec.py] => backbone.TSP.e_k_4: 1536
2026-01-12 15:37:07,558 [sec.py] => backbone.TSP.e_a_4: 1536
2026-01-12 15:37:07,591 [sec.py] => training set size: 25, fc construct set size: 25
2026-01-12 15:37:54,629 [trainer.py] => CNN: {'total': 89.07, '00-59': 90.53, '60-64': 77.4, '65-69': 92.6, '70-74': 79.6, '75-79': 92.0, '80-84': 88.0, '85-89': 72.0, '90-94': 80.0, '95-99': 72.0, 'old': 89.74, 'new': 79.6}
2026-01-12 15:37:54,629 [trainer.py] => Top1 curve: [91.07, 89.95, 90.01, 89.07]
2026-01-12 15:37:54,629 [trainer.py] => Average Accuracy (CNN): 90.02
2026-01-12 15:37:54,635 [sec.py] => Learning on 75-80
2026-01-12 15:37:54,637 [sec.py] => All params: 86966016
2026-01-12 15:37:54,637 [sec.py] => Actual trainable params (excluding detached): 30720
2026-01-12 15:37:54,637 [sec.py] => TSP active prompts: 2 (total: 38)
2026-01-12 15:37:54,638 [sec.py] => RSP active prompts: 0 (total: 30)
2026-01-12 15:37:54,638 [sec.py] => Excluded params: head, detached prompts
2026-01-12 15:37:54,638 [sec.py] => backbone.TSP.e_p_1: 4608
2026-01-12 15:37:54,638 [sec.py] => backbone.TSP.e_k_1: 1536
2026-01-12 15:37:54,638 [sec.py] => backbone.TSP.e_a_1: 1536
2026-01-12 15:37:54,638 [sec.py] => backbone.TSP.e_p_2: 4608
2026-01-12 15:37:54,638 [sec.py] => backbone.TSP.e_k_2: 1536
2026-01-12 15:37:54,638 [sec.py] => backbone.TSP.e_a_2: 1536
2026-01-12 15:37:54,638 [sec.py] => backbone.TSP.e_p_3: 4608
2026-01-12 15:37:54,638 [sec.py] => backbone.TSP.e_k_3: 1536
2026-01-12 15:37:54,638 [sec.py] => backbone.TSP.e_a_3: 1536
2026-01-12 15:37:54,638 [sec.py] => backbone.TSP.e_p_4: 4608
2026-01-12 15:37:54,638 [sec.py] => backbone.TSP.e_k_4: 1536
2026-01-12 15:37:54,638 [sec.py] => backbone.TSP.e_a_4: 1536
2026-01-12 15:37:54,669 [sec.py] => training set size: 25, fc construct set size: 25
2026-01-12 15:38:39,975 [trainer.py] => CNN: {'total': 89.16, '00-59': 90.45, '60-64': 77.0, '65-69': 92.8, '70-74': 79.6, '75-79': 91.8, '80-84': 76.0, '85-89': 76.0, '90-94': 84.0, '95-99': 72.0, 'old': 88.99, 'new': 91.8}
2026-01-12 15:38:39,976 [trainer.py] => Top1 curve: [91.07, 89.95, 90.01, 89.07, 89.16]
2026-01-12 15:38:39,976 [trainer.py] => Average Accuracy (CNN): 89.85
2026-01-12 15:38:39,981 [sec.py] => Learning on 80-85
2026-01-12 15:38:39,986 [sec.py] => All params: 86966016
2026-01-12 15:38:39,986 [sec.py] => Actual trainable params (excluding detached): 30720
2026-01-12 15:38:39,986 [sec.py] => TSP active prompts: 2 (total: 40)
2026-01-12 15:38:39,986 [sec.py] => RSP active prompts: 0 (total: 30)
2026-01-12 15:38:39,987 [sec.py] => Excluded params: head, detached prompts
2026-01-12 15:38:39,987 [sec.py] => backbone.TSP.e_p_1: 4608
2026-01-12 15:38:39,987 [sec.py] => backbone.TSP.e_k_1: 1536
2026-01-12 15:38:39,987 [sec.py] => backbone.TSP.e_a_1: 1536
2026-01-12 15:38:39,987 [sec.py] => backbone.TSP.e_p_2: 4608
2026-01-12 15:38:39,987 [sec.py] => backbone.TSP.e_k_2: 1536
2026-01-12 15:38:39,987 [sec.py] => backbone.TSP.e_a_2: 1536
2026-01-12 15:38:39,987 [sec.py] => backbone.TSP.e_p_3: 4608
2026-01-12 15:38:39,987 [sec.py] => backbone.TSP.e_k_3: 1536
2026-01-12 15:38:39,987 [sec.py] => backbone.TSP.e_a_3: 1536
2026-01-12 15:38:39,987 [sec.py] => backbone.TSP.e_p_4: 4608
2026-01-12 15:38:39,987 [sec.py] => backbone.TSP.e_k_4: 1536
2026-01-12 15:38:39,987 [sec.py] => backbone.TSP.e_a_4: 1536
2026-01-12 15:38:40,018 [sec.py] => training set size: 25, fc construct set size: 25
2026-01-12 15:39:30,892 [trainer.py] => CNN: {'total': 88.8, '00-59': 90.12, '60-64': 76.2, '65-69': 93.4, '70-74': 80.4, '75-79': 91.8, '80-84': 86.4, '85-89': 80.0, '90-94': 80.0, '95-99': 64.0, 'old': 88.95, 'new': 86.4}
2026-01-12 15:39:30,892 [trainer.py] => Top1 curve: [91.07, 89.95, 90.01, 89.07, 89.16, 88.8]
2026-01-12 15:39:30,892 [trainer.py] => Average Accuracy (CNN): 89.68
2026-01-12 15:39:30,898 [sec.py] => Learning on 85-90
2026-01-12 15:39:30,904 [sec.py] => All params: 86966016
2026-01-12 15:39:30,904 [sec.py] => Actual trainable params (excluding detached): 30720
2026-01-12 15:39:30,904 [sec.py] => TSP active prompts: 2 (total: 42)
2026-01-12 15:39:30,904 [sec.py] => RSP active prompts: 0 (total: 30)
2026-01-12 15:39:30,904 [sec.py] => Excluded params: head, detached prompts
2026-01-12 15:39:30,904 [sec.py] => backbone.TSP.e_p_1: 4608
2026-01-12 15:39:30,904 [sec.py] => backbone.TSP.e_k_1: 1536
2026-01-12 15:39:30,904 [sec.py] => backbone.TSP.e_a_1: 1536
2026-01-12 15:39:30,904 [sec.py] => backbone.TSP.e_p_2: 4608
2026-01-12 15:39:30,904 [sec.py] => backbone.TSP.e_k_2: 1536
2026-01-12 15:39:30,904 [sec.py] => backbone.TSP.e_a_2: 1536
2026-01-12 15:39:30,904 [sec.py] => backbone.TSP.e_p_3: 4608
2026-01-12 15:39:30,904 [sec.py] => backbone.TSP.e_k_3: 1536
2026-01-12 15:39:30,904 [sec.py] => backbone.TSP.e_a_3: 1536
2026-01-12 15:39:30,904 [sec.py] => backbone.TSP.e_p_4: 4608
2026-01-12 15:39:30,904 [sec.py] => backbone.TSP.e_k_4: 1536
2026-01-12 15:39:30,904 [sec.py] => backbone.TSP.e_a_4: 1536
2026-01-12 15:39:30,934 [sec.py] => training set size: 25, fc construct set size: 25
2026-01-12 15:40:24,003 [trainer.py] => CNN: {'total': 88.62, '00-59': 89.77, '60-64': 76.8, '65-69': 93.4, '70-74': 79.8, '75-79': 91.6, '80-84': 86.8, '85-89': 89.6, '90-94': 84.0, '95-99': 72.0, 'old': 88.56, 'new': 89.6}
2026-01-12 15:40:24,003 [trainer.py] => Top1 curve: [91.07, 89.95, 90.01, 89.07, 89.16, 88.8, 88.62]
2026-01-12 15:40:24,003 [trainer.py] => Average Accuracy (CNN): 89.53
2026-01-12 15:40:24,008 [sec.py] => Learning on 90-95
2026-01-12 15:40:24,011 [sec.py] => All params: 86966016
2026-01-12 15:40:24,011 [sec.py] => Actual trainable params (excluding detached): 30720
2026-01-12 15:40:24,011 [sec.py] => TSP active prompts: 2 (total: 44)
2026-01-12 15:40:24,011 [sec.py] => RSP active prompts: 0 (total: 30)
2026-01-12 15:40:24,011 [sec.py] => Excluded params: head, detached prompts
2026-01-12 15:40:24,011 [sec.py] => backbone.TSP.e_p_1: 4608
2026-01-12 15:40:24,011 [sec.py] => backbone.TSP.e_k_1: 1536
2026-01-12 15:40:24,011 [sec.py] => backbone.TSP.e_a_1: 1536
2026-01-12 15:40:24,011 [sec.py] => backbone.TSP.e_p_2: 4608
2026-01-12 15:40:24,011 [sec.py] => backbone.TSP.e_k_2: 1536
2026-01-12 15:40:24,011 [sec.py] => backbone.TSP.e_a_2: 1536
2026-01-12 15:40:24,011 [sec.py] => backbone.TSP.e_p_3: 4608
2026-01-12 15:40:24,011 [sec.py] => backbone.TSP.e_k_3: 1536
2026-01-12 15:40:24,011 [sec.py] => backbone.TSP.e_a_3: 1536
2026-01-12 15:40:24,011 [sec.py] => backbone.TSP.e_p_4: 4608
2026-01-12 15:40:24,011 [sec.py] => backbone.TSP.e_k_4: 1536
2026-01-12 15:40:24,011 [sec.py] => backbone.TSP.e_a_4: 1536
2026-01-12 15:40:24,040 [sec.py] => training set size: 25, fc construct set size: 25
2026-01-12 15:41:17,694 [trainer.py] => CNN: {'total': 88.4, '00-59': 89.58, '60-64': 76.6, '65-69': 93.8, '70-74': 79.6, '75-79': 92.0, '80-84': 86.2, '85-89': 89.6, '90-94': 86.8, '95-99': 84.0, 'old': 88.49, 'new': 86.8}
2026-01-12 15:41:17,694 [trainer.py] => Top1 curve: [91.07, 89.95, 90.01, 89.07, 89.16, 88.8, 88.62, 88.4]
2026-01-12 15:41:17,694 [trainer.py] => Average Accuracy (CNN): 89.38
2026-01-12 15:41:17,700 [sec.py] => Learning on 95-100
2026-01-12 15:41:17,705 [sec.py] => All params: 86966016
2026-01-12 15:41:17,705 [sec.py] => Actual trainable params (excluding detached): 30720
2026-01-12 15:41:17,705 [sec.py] => TSP active prompts: 2 (total: 46)
2026-01-12 15:41:17,705 [sec.py] => RSP active prompts: 0 (total: 30)
2026-01-12 15:41:17,705 [sec.py] => Excluded params: head, detached prompts
2026-01-12 15:41:17,705 [sec.py] => backbone.TSP.e_p_1: 4608
2026-01-12 15:41:17,705 [sec.py] => backbone.TSP.e_k_1: 1536
2026-01-12 15:41:17,706 [sec.py] => backbone.TSP.e_a_1: 1536
2026-01-12 15:41:17,706 [sec.py] => backbone.TSP.e_p_2: 4608
2026-01-12 15:41:17,706 [sec.py] => backbone.TSP.e_k_2: 1536
2026-01-12 15:41:17,706 [sec.py] => backbone.TSP.e_a_2: 1536
2026-01-12 15:41:17,706 [sec.py] => backbone.TSP.e_p_3: 4608
2026-01-12 15:41:17,706 [sec.py] => backbone.TSP.e_k_3: 1536
2026-01-12 15:41:17,706 [sec.py] => backbone.TSP.e_a_3: 1536
2026-01-12 15:41:17,706 [sec.py] => backbone.TSP.e_p_4: 4608
2026-01-12 15:41:17,706 [sec.py] => backbone.TSP.e_k_4: 1536
2026-01-12 15:41:17,706 [sec.py] => backbone.TSP.e_a_4: 1536
2026-01-12 15:41:17,738 [sec.py] => training set size: 25, fc construct set size: 25
2026-01-12 15:42:13,207 [trainer.py] => CNN: {'total': 87.57, '00-59': 88.28, '60-64': 75.6, '65-69': 94.0, '70-74': 79.8, '75-79': 91.4, '80-84': 87.8, '85-89': 89.6, '90-94': 88.6, '95-99': 85.2, 'old': 87.69, 'new': 85.2}
2026-01-12 15:42:13,207 [trainer.py] => Top1 curve: [91.07, 89.95, 90.01, 89.07, 89.16, 88.8, 88.62, 88.4, 87.57]
2026-01-12 15:42:13,207 [trainer.py] => Average Accuracy (CNN): 89.18

================================================================================
Finished cifar224_init60_inc5: pretrained_vit_b16_224_in21k_vpt  
Base Accuracy: 91.07
Last Accuracy: 87.57
Average Accuracy (Top1): 89.18
PD: 3.50
Backward Transfer (BWT): -0.37
Accuracy Matrix (CNN):
[[91.07 76.   84.   84.   96.   92.   80.   80.   76.  ]
 [90.77 80.2  76.   72.   76.   80.   80.   92.   72.  ]
 [90.72 79.   92.6  68.   72.   80.   80.   80.   64.  ]
 [90.53 77.4  92.6  79.6  92.   88.   72.   80.   72.  ]
 [90.45 77.   92.8  79.6  91.8  76.   76.   84.   72.  ]
 [90.12 76.2  93.4  80.4  91.8  86.4  80.   80.   64.  ]
 [89.77 76.8  93.4  79.8  91.6  86.8  89.6  84.   72.  ]
 [89.58 76.6  93.8  79.6  92.   86.2  89.6  86.8  84.  ]
 [88.28 75.6  94.   79.8  91.4  87.8  89.6  88.6  85.2 ]]
================================================================================


================================================================================
Training Statistics for SEC-Prompt
================================================================================
Task    Params ↓    GPU ↓       Time/Epoch ↓
================================================================================
Task 0  0.92M       3180.12MiB  463.11s     
Task 1  0.03M       4522.25MiB  0.60s       
Task 2  0.03M       4523.56MiB  0.59s       
Task 3  0.03M       4524.87MiB  0.57s       
Task 4  0.03M       4526.80MiB  0.76s       
Task 5  0.03M       4528.29MiB  0.86s       
Task 6  0.03M       4529.78MiB  0.71s       
Task 7  0.03M       4532.75MiB  0.60s       
Task 8  0.03M       4535.58MiB  0.87s       
--------------------------------------------------------------------------------
Average 0.13M    4378.22MiB    52.07s
Max GPU             4535.58MiB
Total   1.17M                        13948.96s
================================================================================

2026-01-12 15:42:17,323 [trainer.py] => config: ./configs/SEC-Prompt_inr_B100_Inc10_in21k.json
2026-01-12 15:42:17,323 [trainer.py] => lamda: 0.5
2026-01-12 15:42:17,323 [trainer.py] => aug: 2
2026-01-12 15:42:17,323 [trainer.py] => prompt_token_num: 6
2026-01-12 15:42:17,323 [trainer.py] => prompt_pool_num: 0.5
2026-01-12 15:42:17,323 [trainer.py] => model_name: sec
2026-01-12 15:42:17,323 [trainer.py] => backbone_type: pretrained_vit_b16_224_in21k_vpt
2026-01-12 15:42:17,323 [trainer.py] => device: [device(type='cuda', index=0)]
2026-01-12 15:42:17,323 [trainer.py] => seed: 1993
2026-01-12 15:42:17,323 [trainer.py] => dataset: imagenetr
2026-01-12 15:42:17,324 [trainer.py] => init_cls: 100
2026-01-12 15:42:17,324 [trainer.py] => increment: 10
2026-01-12 15:42:17,324 [trainer.py] => kshot: 5
2026-01-12 15:42:17,324 [trainer.py] => vpt_type: Deep
2026-01-12 15:42:17,324 [trainer.py] => kl_weight: 0.001
2026-01-12 15:42:17,324 [trainer.py] => tuned_epoch: 30
2026-01-12 15:42:17,324 [trainer.py] => fs_epoch: 10
2026-01-12 15:42:17,324 [trainer.py] => init_lr: 0.01
2026-01-12 15:42:17,324 [trainer.py] => fs_lr: 0.001
2026-01-12 15:42:17,324 [trainer.py] => batch_size: 32
2026-01-12 15:42:17,324 [trainer.py] => fs_batch_size: 16
2026-01-12 15:42:17,324 [trainer.py] => weight_decay: 0.005
2026-01-12 15:42:17,324 [trainer.py] => min_lr: 0
2026-01-12 15:42:17,324 [trainer.py] => optimizer: sgd
2026-01-12 15:42:17,324 [trainer.py] => shuffle: False
2026-01-12 15:42:17,324 [trainer.py] => top_k: 5
2026-01-12 15:42:17,324 [trainer.py] => base_model_path: saved_model/sec_tr/imagenetr/30_0.01/6_0.5/sec_in21k_30_1993_32.pth
2026-01-12 15:42:17,325 [trainer.py] => prefix: sec_in21k
2026-01-12 15:42:17,325 [trainer.py] => model_prefix: sec_in21k
2026-01-12 15:42:17,325 [trainer.py] => beta: 0.5
2026-01-12 15:42:17,325 [trainer.py] => memory_size: 0
2026-01-12 15:42:17,325 [trainer.py] => memory_per_class: 0
2026-01-12 15:42:17,325 [trainer.py] => fixed_memory: False
2026-01-12 15:42:17,635 [data_manager.py] => [0, 1, 2, 3, 4, 5, 6, 7, 8, 9, 10, 11, 12, 13, 14, 15, 16, 17, 18, 19, 20, 21, 22, 23, 24, 25, 26, 27, 28, 29, 30, 31, 32, 33, 34, 35, 36, 37, 38, 39, 40, 41, 42, 43, 44, 45, 46, 47, 48, 49, 50, 51, 52, 53, 54, 55, 56, 57, 58, 59, 60, 61, 62, 63, 64, 65, 66, 67, 68, 69, 70, 71, 72, 73, 74, 75, 76, 77, 78, 79, 80, 81, 82, 83, 84, 85, 86, 87, 88, 89, 90, 91, 92, 93, 94, 95, 96, 97, 98, 99, 100, 101, 102, 103, 104, 105, 106, 107, 108, 109, 110, 111, 112, 113, 114, 115, 116, 117, 118, 119, 120, 121, 122, 123, 124, 125, 126, 127, 128, 129, 130, 131, 132, 133, 134, 135, 136, 137, 138, 139, 140, 141, 142, 143, 144, 145, 146, 147, 148, 149, 150, 151, 152, 153, 154, 155, 156, 157, 158, 159, 160, 161, 162, 163, 164, 165, 166, 167, 168, 169, 170, 171, 172, 173, 174, 175, 176, 177, 178, 179, 180, 181, 182, 183, 184, 185, 186, 187, 188, 189, 190, 191, 192, 193, 194, 195, 196, 197, 198, 199]
This is for the BaseNet initialization.
modelname, pretrained_vit_b16_224_in21k_vpt basicmodelname vit_base_patch16_224_in21k
Using VPT model
Using Deep Prompt
After BaseNet initialization.
2026-01-12 15:42:31,137 [sec.py] => Learning on 0-100
2026-01-12 15:42:31,409 [sec.py] => All params: 88102656
2026-01-12 15:42:31,409 [sec.py] => Actual trainable params (excluding detached): 1536000
2026-01-12 15:42:31,409 [sec.py] => TSP active prompts: 50 (total: 50)
2026-01-12 15:42:31,409 [sec.py] => RSP active prompts: 50 (total: 50)
2026-01-12 15:42:31,409 [sec.py] => Excluded params: head, detached prompts
2026-01-12 15:42:31,409 [sec.py] => backbone.TSP.e_p_1: 115200
2026-01-12 15:42:31,409 [sec.py] => backbone.TSP.e_k_1: 38400
2026-01-12 15:42:31,409 [sec.py] => backbone.TSP.e_a_1: 38400
2026-01-12 15:42:31,409 [sec.py] => backbone.TSP.e_p_2: 115200
2026-01-12 15:42:31,409 [sec.py] => backbone.TSP.e_k_2: 38400
2026-01-12 15:42:31,409 [sec.py] => backbone.TSP.e_a_2: 38400
2026-01-12 15:42:31,409 [sec.py] => backbone.TSP.e_p_3: 115200
2026-01-12 15:42:31,409 [sec.py] => backbone.TSP.e_k_3: 38400
2026-01-12 15:42:31,409 [sec.py] => backbone.TSP.e_a_3: 38400
2026-01-12 15:42:31,409 [sec.py] => backbone.TSP.e_p_4: 115200
2026-01-12 15:42:31,409 [sec.py] => backbone.TSP.e_k_4: 38400
2026-01-12 15:42:31,409 [sec.py] => backbone.TSP.e_a_4: 38400
2026-01-12 15:42:31,410 [sec.py] => backbone.RSP.e_p_1: 115200
2026-01-12 15:42:31,410 [sec.py] => backbone.RSP.e_k_1: 38400
2026-01-12 15:42:31,410 [sec.py] => backbone.RSP.e_a_1: 38400
2026-01-12 15:42:31,410 [sec.py] => backbone.RSP.e_p_2: 115200
2026-01-12 15:42:31,410 [sec.py] => backbone.RSP.e_k_2: 38400
2026-01-12 15:42:31,410 [sec.py] => backbone.RSP.e_a_2: 38400
2026-01-12 15:42:31,410 [sec.py] => backbone.RSP.e_p_3: 115200
2026-01-12 15:42:31,410 [sec.py] => backbone.RSP.e_k_3: 38400
2026-01-12 15:42:31,410 [sec.py] => backbone.RSP.e_a_3: 38400
2026-01-12 15:42:31,410 [sec.py] => backbone.RSP.e_p_4: 115200
2026-01-12 15:42:31,410 [sec.py] => backbone.RSP.e_k_4: 38400
2026-01-12 15:42:31,410 [sec.py] => backbone.RSP.e_a_4: 38400
2026-01-12 15:42:31,434 [sec.py] => training set size: 12425, fc construct set size: 12425
/public/home/hanlida/Dr.1/Code/Research/Awesome-FSCIL/SEC-Prompt-main/backbone/zoo.py:214: UserWarning: Implicit dimension choice for softmax has been deprecated. Change the call to include dim=X as an argument.
  aq_k = torch.nn.functional.softmax(aq_k)
2026-01-12 17:35:45,755 [trainer.py] => CNN: {'total': 79.04, '00-99': 79.04, '100-109': 68.0, '110-119': 78.0, '120-129': 88.0, '130-139': 80.0, '140-149': 80.0, '150-159': 72.0, '160-169': 86.0, '170-179': 84.0, '180-189': 84.0, '190-199': 82.0, 'old': 0, 'new': 79.04}
2026-01-12 17:35:45,797 [trainer.py] => Top1 curve: [79.04]
2026-01-12 17:35:45,798 [trainer.py] => Average Accuracy (CNN): 79.04
2026-01-12 17:35:45,807 [sec.py] => Learning on 100-110
2026-01-12 17:35:45,814 [sec.py] => All params: 88102656
2026-01-12 17:35:45,814 [sec.py] => Actual trainable params (excluding detached): 76800
2026-01-12 17:35:45,814 [sec.py] => TSP active prompts: 5 (total: 55)
2026-01-12 17:35:45,814 [sec.py] => RSP active prompts: 0 (total: 50)
2026-01-12 17:35:45,814 [sec.py] => Excluded params: head, detached prompts
2026-01-12 17:35:45,814 [sec.py] => backbone.TSP.e_p_1: 11520
2026-01-12 17:35:45,814 [sec.py] => backbone.TSP.e_k_1: 3840
2026-01-12 17:35:45,814 [sec.py] => backbone.TSP.e_a_1: 3840
2026-01-12 17:35:45,814 [sec.py] => backbone.TSP.e_p_2: 11520
2026-01-12 17:35:45,814 [sec.py] => backbone.TSP.e_k_2: 3840
2026-01-12 17:35:45,814 [sec.py] => backbone.TSP.e_a_2: 3840
2026-01-12 17:35:45,814 [sec.py] => backbone.TSP.e_p_3: 11520
2026-01-12 17:35:45,814 [sec.py] => backbone.TSP.e_k_3: 3840
2026-01-12 17:35:45,814 [sec.py] => backbone.TSP.e_a_3: 3840
2026-01-12 17:35:45,814 [sec.py] => backbone.TSP.e_p_4: 11520
2026-01-12 17:35:45,814 [sec.py] => backbone.TSP.e_k_4: 3840
2026-01-12 17:35:45,814 [sec.py] => backbone.TSP.e_a_4: 3840
2026-01-12 17:35:45,837 [sec.py] => training set size: 50, fc construct set size: 50
2026-01-12 17:37:18,634 [trainer.py] => CNN: {'total': 76.73, '00-99': 78.91, '100-109': 55.84, '110-119': 76.0, '120-129': 64.0, '130-139': 86.0, '140-149': 82.0, '150-159': 70.0, '160-169': 92.0, '170-179': 80.0, '180-189': 72.0, '190-199': 76.0, 'old': 78.91, 'new': 55.84}
2026-01-12 17:37:18,634 [trainer.py] => Top1 curve: [79.04, 76.73]
2026-01-12 17:37:18,634 [trainer.py] => Average Accuracy (CNN): 77.89
2026-01-12 17:37:18,641 [sec.py] => Learning on 110-120
2026-01-12 17:37:18,649 [sec.py] => All params: 88102656
2026-01-12 17:37:18,649 [sec.py] => Actual trainable params (excluding detached): 76800
2026-01-12 17:37:18,649 [sec.py] => TSP active prompts: 5 (total: 60)
2026-01-12 17:37:18,649 [sec.py] => RSP active prompts: 0 (total: 50)
2026-01-12 17:37:18,649 [sec.py] => Excluded params: head, detached prompts
2026-01-12 17:37:18,649 [sec.py] => backbone.TSP.e_p_1: 11520
2026-01-12 17:37:18,649 [sec.py] => backbone.TSP.e_k_1: 3840
2026-01-12 17:37:18,649 [sec.py] => backbone.TSP.e_a_1: 3840
2026-01-12 17:37:18,650 [sec.py] => backbone.TSP.e_p_2: 11520
2026-01-12 17:37:18,650 [sec.py] => backbone.TSP.e_k_2: 3840
2026-01-12 17:37:18,650 [sec.py] => backbone.TSP.e_a_2: 3840
2026-01-12 17:37:18,650 [sec.py] => backbone.TSP.e_p_3: 11520
2026-01-12 17:37:18,650 [sec.py] => backbone.TSP.e_k_3: 3840
2026-01-12 17:37:18,650 [sec.py] => backbone.TSP.e_a_3: 3840
2026-01-12 17:37:18,650 [sec.py] => backbone.TSP.e_p_4: 11520
2026-01-12 17:37:18,650 [sec.py] => backbone.TSP.e_k_4: 3840
2026-01-12 17:37:18,650 [sec.py] => backbone.TSP.e_a_4: 3840
2026-01-12 17:37:18,663 [sec.py] => training set size: 50, fc construct set size: 50
2026-01-12 17:38:30,359 [trainer.py] => CNN: {'total': 75.69, '00-99': 77.69, '100-109': 55.52, '110-119': 76.92, '120-129': 74.0, '130-139': 80.0, '140-149': 74.0, '150-159': 72.0, '160-169': 88.0, '170-179': 86.0, '180-189': 80.0, '190-199': 76.0, 'old': 75.6, 'new': 76.92}
2026-01-12 17:38:30,389 [trainer.py] => Top1 curve: [79.04, 76.73, 75.69]
2026-01-12 17:38:30,389 [trainer.py] => Average Accuracy (CNN): 77.15
2026-01-12 17:38:30,396 [sec.py] => Learning on 120-130
2026-01-12 17:38:30,403 [sec.py] => All params: 88102656
2026-01-12 17:38:30,403 [sec.py] => Actual trainable params (excluding detached): 76800
2026-01-12 17:38:30,403 [sec.py] => TSP active prompts: 5 (total: 65)
2026-01-12 17:38:30,403 [sec.py] => RSP active prompts: 0 (total: 50)
2026-01-12 17:38:30,403 [sec.py] => Excluded params: head, detached prompts
2026-01-12 17:38:30,403 [sec.py] => backbone.TSP.e_p_1: 11520
2026-01-12 17:38:30,403 [sec.py] => backbone.TSP.e_k_1: 3840
2026-01-12 17:38:30,403 [sec.py] => backbone.TSP.e_a_1: 3840
2026-01-12 17:38:30,403 [sec.py] => backbone.TSP.e_p_2: 11520
2026-01-12 17:38:30,403 [sec.py] => backbone.TSP.e_k_2: 3840
2026-01-12 17:38:30,403 [sec.py] => backbone.TSP.e_a_2: 3840
2026-01-12 17:38:30,403 [sec.py] => backbone.TSP.e_p_3: 11520
2026-01-12 17:38:30,403 [sec.py] => backbone.TSP.e_k_3: 3840
2026-01-12 17:38:30,403 [sec.py] => backbone.TSP.e_a_3: 3840
2026-01-12 17:38:30,403 [sec.py] => backbone.TSP.e_p_4: 11520
2026-01-12 17:38:30,403 [sec.py] => backbone.TSP.e_k_4: 3840
2026-01-12 17:38:30,403 [sec.py] => backbone.TSP.e_a_4: 3840
2026-01-12 17:38:30,419 [sec.py] => training set size: 50, fc construct set size: 50
2026-01-12 17:40:07,020 [trainer.py] => CNN: {'total': 73.98, '00-99': 77.43, '100-109': 54.57, '110-119': 75.38, '120-129': 58.77, '130-139': 80.0, '140-149': 84.0, '150-159': 74.0, '160-169': 90.0, '170-179': 84.0, '180-189': 86.0, '190-199': 86.0, 'old': 75.28, 'new': 58.77}
2026-01-12 17:40:07,020 [trainer.py] => Top1 curve: [79.04, 76.73, 75.69, 73.98]
2026-01-12 17:40:07,021 [trainer.py] => Average Accuracy (CNN): 76.36
2026-01-12 17:40:07,027 [sec.py] => Learning on 130-140
2026-01-12 17:40:07,034 [sec.py] => All params: 88102656
2026-01-12 17:40:07,034 [sec.py] => Actual trainable params (excluding detached): 76800
2026-01-12 17:40:07,034 [sec.py] => TSP active prompts: 5 (total: 70)
2026-01-12 17:40:07,034 [sec.py] => RSP active prompts: 0 (total: 50)
2026-01-12 17:40:07,034 [sec.py] => Excluded params: head, detached prompts
2026-01-12 17:40:07,034 [sec.py] => backbone.TSP.e_p_1: 11520
2026-01-12 17:40:07,034 [sec.py] => backbone.TSP.e_k_1: 3840
2026-01-12 17:40:07,034 [sec.py] => backbone.TSP.e_a_1: 3840
2026-01-12 17:40:07,034 [sec.py] => backbone.TSP.e_p_2: 11520
2026-01-12 17:40:07,034 [sec.py] => backbone.TSP.e_k_2: 3840
2026-01-12 17:40:07,034 [sec.py] => backbone.TSP.e_a_2: 3840
2026-01-12 17:40:07,034 [sec.py] => backbone.TSP.e_p_3: 11520
2026-01-12 17:40:07,034 [sec.py] => backbone.TSP.e_k_3: 3840
2026-01-12 17:40:07,034 [sec.py] => backbone.TSP.e_a_3: 3840
2026-01-12 17:40:07,034 [sec.py] => backbone.TSP.e_p_4: 11520
2026-01-12 17:40:07,034 [sec.py] => backbone.TSP.e_k_4: 3840
2026-01-12 17:40:07,034 [sec.py] => backbone.TSP.e_a_4: 3840
2026-01-12 17:40:07,046 [sec.py] => training set size: 50, fc construct set size: 50
2026-01-12 17:41:27,491 [trainer.py] => CNN: {'total': 73.89, '00-99': 77.23, '100-109': 54.57, '110-119': 73.85, '120-129': 55.52, '130-139': 79.39, '140-149': 76.0, '150-159': 78.0, '160-169': 92.0, '170-179': 88.0, '180-189': 82.0, '190-199': 84.0, 'old': 73.47, 'new': 79.39}
2026-01-12 17:41:27,519 [trainer.py] => Top1 curve: [79.04, 76.73, 75.69, 73.98, 73.89]
2026-01-12 17:41:27,519 [trainer.py] => Average Accuracy (CNN): 75.87
2026-01-12 17:41:27,525 [sec.py] => Learning on 140-150
2026-01-12 17:41:27,533 [sec.py] => All params: 88102656
2026-01-12 17:41:27,533 [sec.py] => Actual trainable params (excluding detached): 76800
2026-01-12 17:41:27,533 [sec.py] => TSP active prompts: 5 (total: 75)
2026-01-12 17:41:27,533 [sec.py] => RSP active prompts: 0 (total: 50)
2026-01-12 17:41:27,533 [sec.py] => Excluded params: head, detached prompts
2026-01-12 17:41:27,534 [sec.py] => backbone.TSP.e_p_1: 11520
2026-01-12 17:41:27,534 [sec.py] => backbone.TSP.e_k_1: 3840
2026-01-12 17:41:27,534 [sec.py] => backbone.TSP.e_a_1: 3840
2026-01-12 17:41:27,534 [sec.py] => backbone.TSP.e_p_2: 11520
2026-01-12 17:41:27,534 [sec.py] => backbone.TSP.e_k_2: 3840
2026-01-12 17:41:27,534 [sec.py] => backbone.TSP.e_a_2: 3840
2026-01-12 17:41:27,534 [sec.py] => backbone.TSP.e_p_3: 11520
2026-01-12 17:41:27,534 [sec.py] => backbone.TSP.e_k_3: 3840
2026-01-12 17:41:27,534 [sec.py] => backbone.TSP.e_a_3: 3840
2026-01-12 17:41:27,534 [sec.py] => backbone.TSP.e_p_4: 11520
2026-01-12 17:41:27,534 [sec.py] => backbone.TSP.e_k_4: 3840
2026-01-12 17:41:27,534 [sec.py] => backbone.TSP.e_a_4: 3840
2026-01-12 17:41:27,545 [sec.py] => training set size: 50, fc construct set size: 50
2026-01-12 17:42:55,963 [trainer.py] => CNN: {'total': 72.4, '00-99': 76.83, '100-109': 54.26, '110-119': 70.77, '120-129': 51.95, '130-139': 77.36, '140-149': 60.75, '150-159': 76.0, '160-169': 86.0, '170-179': 92.0, '180-189': 84.0, '190-199': 78.0, 'old': 72.99, 'new': 60.75}
2026-01-12 17:42:55,963 [trainer.py] => Top1 curve: [79.04, 76.73, 75.69, 73.98, 73.89, 72.4]
2026-01-12 17:42:55,963 [trainer.py] => Average Accuracy (CNN): 75.29
2026-01-12 17:42:55,970 [sec.py] => Learning on 150-160
2026-01-12 17:42:55,976 [sec.py] => All params: 88102656
2026-01-12 17:42:55,976 [sec.py] => Actual trainable params (excluding detached): 76800
2026-01-12 17:42:55,976 [sec.py] => TSP active prompts: 5 (total: 80)
2026-01-12 17:42:55,976 [sec.py] => RSP active prompts: 0 (total: 50)
2026-01-12 17:42:55,976 [sec.py] => Excluded params: head, detached prompts
2026-01-12 17:42:55,976 [sec.py] => backbone.TSP.e_p_1: 11520
2026-01-12 17:42:55,976 [sec.py] => backbone.TSP.e_k_1: 3840
2026-01-12 17:42:55,976 [sec.py] => backbone.TSP.e_a_1: 3840
2026-01-12 17:42:55,976 [sec.py] => backbone.TSP.e_p_2: 11520
2026-01-12 17:42:55,976 [sec.py] => backbone.TSP.e_k_2: 3840
2026-01-12 17:42:55,976 [sec.py] => backbone.TSP.e_a_2: 3840
2026-01-12 17:42:55,976 [sec.py] => backbone.TSP.e_p_3: 11520
2026-01-12 17:42:55,976 [sec.py] => backbone.TSP.e_k_3: 3840
2026-01-12 17:42:55,976 [sec.py] => backbone.TSP.e_a_3: 3840
2026-01-12 17:42:55,976 [sec.py] => backbone.TSP.e_p_4: 11520
2026-01-12 17:42:55,976 [sec.py] => backbone.TSP.e_k_4: 3840
2026-01-12 17:42:55,976 [sec.py] => backbone.TSP.e_a_4: 3840
2026-01-12 17:42:55,987 [sec.py] => training set size: 50, fc construct set size: 50
2026-01-12 17:44:15,156 [trainer.py] => CNN: {'total': 71.05, '00-99': 76.08, '100-109': 54.26, '110-119': 68.85, '120-129': 49.03, '130-139': 72.97, '140-149': 61.68, '150-159': 66.67, '160-169': 92.0, '170-179': 86.0, '180-189': 88.0, '190-199': 90.0, 'old': 71.31, 'new': 66.67}
2026-01-12 17:44:15,196 [trainer.py] => Top1 curve: [79.04, 76.73, 75.69, 73.98, 73.89, 72.4, 71.05]
2026-01-12 17:44:15,197 [trainer.py] => Average Accuracy (CNN): 74.68
2026-01-12 17:44:15,202 [sec.py] => Learning on 160-170
2026-01-12 17:44:15,209 [sec.py] => All params: 88102656
2026-01-12 17:44:15,209 [sec.py] => Actual trainable params (excluding detached): 76800
2026-01-12 17:44:15,209 [sec.py] => TSP active prompts: 5 (total: 85)
2026-01-12 17:44:15,209 [sec.py] => RSP active prompts: 0 (total: 50)
2026-01-12 17:44:15,209 [sec.py] => Excluded params: head, detached prompts
2026-01-12 17:44:15,209 [sec.py] => backbone.TSP.e_p_1: 11520
2026-01-12 17:44:15,209 [sec.py] => backbone.TSP.e_k_1: 3840
2026-01-12 17:44:15,209 [sec.py] => backbone.TSP.e_a_1: 3840
2026-01-12 17:44:15,209 [sec.py] => backbone.TSP.e_p_2: 11520
2026-01-12 17:44:15,209 [sec.py] => backbone.TSP.e_k_2: 3840
2026-01-12 17:44:15,209 [sec.py] => backbone.TSP.e_a_2: 3840
2026-01-12 17:44:15,209 [sec.py] => backbone.TSP.e_p_3: 11520
2026-01-12 17:44:15,209 [sec.py] => backbone.TSP.e_k_3: 3840
2026-01-12 17:44:15,209 [sec.py] => backbone.TSP.e_a_3: 3840
2026-01-12 17:44:15,209 [sec.py] => backbone.TSP.e_p_4: 11520
2026-01-12 17:44:15,209 [sec.py] => backbone.TSP.e_k_4: 3840
2026-01-12 17:44:15,209 [sec.py] => backbone.TSP.e_a_4: 3840
2026-01-12 17:44:15,219 [sec.py] => training set size: 50, fc construct set size: 50
2026-01-12 17:45:23,894 [trainer.py] => CNN: {'total': 70.47, '00-99': 75.49, '100-109': 52.68, '110-119': 67.69, '120-129': 46.75, '130-139': 68.92, '140-149': 61.68, '150-159': 63.22, '160-169': 78.06, '170-179': 90.0, '180-189': 84.0, '190-199': 86.0, 'old': 69.9, 'new': 78.06}
2026-01-12 17:45:23,894 [trainer.py] => Top1 curve: [79.04, 76.73, 75.69, 73.98, 73.89, 72.4, 71.05, 70.47]
2026-01-12 17:45:23,894 [trainer.py] => Average Accuracy (CNN): 74.16
2026-01-12 17:45:23,901 [sec.py] => Learning on 170-180
2026-01-12 17:45:23,905 [sec.py] => All params: 88102656
2026-01-12 17:45:23,905 [sec.py] => Actual trainable params (excluding detached): 76800
2026-01-12 17:45:23,905 [sec.py] => TSP active prompts: 5 (total: 90)
2026-01-12 17:45:23,905 [sec.py] => RSP active prompts: 0 (total: 50)
2026-01-12 17:45:23,905 [sec.py] => Excluded params: head, detached prompts
2026-01-12 17:45:23,905 [sec.py] => backbone.TSP.e_p_1: 11520
2026-01-12 17:45:23,905 [sec.py] => backbone.TSP.e_k_1: 3840
2026-01-12 17:45:23,905 [sec.py] => backbone.TSP.e_a_1: 3840
2026-01-12 17:45:23,905 [sec.py] => backbone.TSP.e_p_2: 11520
2026-01-12 17:45:23,905 [sec.py] => backbone.TSP.e_k_2: 3840
2026-01-12 17:45:23,905 [sec.py] => backbone.TSP.e_a_2: 3840
2026-01-12 17:45:23,905 [sec.py] => backbone.TSP.e_p_3: 11520
2026-01-12 17:45:23,905 [sec.py] => backbone.TSP.e_k_3: 3840
2026-01-12 17:45:23,905 [sec.py] => backbone.TSP.e_a_3: 3840
2026-01-12 17:45:23,905 [sec.py] => backbone.TSP.e_p_4: 11520
2026-01-12 17:45:23,905 [sec.py] => backbone.TSP.e_k_4: 3840
2026-01-12 17:45:23,905 [sec.py] => backbone.TSP.e_a_4: 3840
2026-01-12 17:45:23,915 [sec.py] => training set size: 50, fc construct set size: 50
2026-01-12 17:46:42,146 [trainer.py] => CNN: {'total': 69.79, '00-99': 74.76, '100-109': 50.79, '110-119': 65.77, '120-129': 43.51, '130-139': 65.2, '140-149': 61.21, '150-159': 62.07, '160-169': 77.21, '170-179': 79.42, '180-189': 86.0, '190-199': 84.0, 'old': 69.26, 'new': 79.42}
2026-01-12 17:46:42,185 [trainer.py] => Top1 curve: [79.04, 76.73, 75.69, 73.98, 73.89, 72.4, 71.05, 70.47, 69.79]
2026-01-12 17:46:42,185 [trainer.py] => Average Accuracy (CNN): 73.67
2026-01-12 17:46:42,191 [sec.py] => Learning on 180-190
2026-01-12 17:46:42,196 [sec.py] => All params: 88102656
2026-01-12 17:46:42,196 [sec.py] => Actual trainable params (excluding detached): 76800
2026-01-12 17:46:42,196 [sec.py] => TSP active prompts: 5 (total: 95)
2026-01-12 17:46:42,196 [sec.py] => RSP active prompts: 0 (total: 50)
2026-01-12 17:46:42,196 [sec.py] => Excluded params: head, detached prompts
2026-01-12 17:46:42,196 [sec.py] => backbone.TSP.e_p_1: 11520
2026-01-12 17:46:42,196 [sec.py] => backbone.TSP.e_k_1: 3840
2026-01-12 17:46:42,196 [sec.py] => backbone.TSP.e_a_1: 3840
2026-01-12 17:46:42,196 [sec.py] => backbone.TSP.e_p_2: 11520
2026-01-12 17:46:42,196 [sec.py] => backbone.TSP.e_k_2: 3840
2026-01-12 17:46:42,196 [sec.py] => backbone.TSP.e_a_2: 3840
2026-01-12 17:46:42,196 [sec.py] => backbone.TSP.e_p_3: 11520
2026-01-12 17:46:42,196 [sec.py] => backbone.TSP.e_k_3: 3840
2026-01-12 17:46:42,196 [sec.py] => backbone.TSP.e_a_3: 3840
2026-01-12 17:46:42,196 [sec.py] => backbone.TSP.e_p_4: 11520
2026-01-12 17:46:42,196 [sec.py] => backbone.TSP.e_k_4: 3840
2026-01-12 17:46:42,197 [sec.py] => backbone.TSP.e_a_4: 3840
2026-01-12 17:46:42,205 [sec.py] => training set size: 50, fc construct set size: 50
2026-01-12 17:48:28,500 [trainer.py] => CNN: {'total': 69.01, '00-99': 73.94, '100-109': 50.16, '110-119': 65.38, '120-129': 42.21, '130-139': 64.86, '140-149': 61.68, '150-159': 62.84, '160-169': 76.07, '170-179': 77.98, '180-189': 67.96, '190-199': 88.0, 'old': 69.08, 'new': 67.96}
2026-01-12 17:48:28,528 [trainer.py] => Top1 curve: [79.04, 76.73, 75.69, 73.98, 73.89, 72.4, 71.05, 70.47, 69.79, 69.01]
2026-01-12 17:48:28,528 [trainer.py] => Average Accuracy (CNN): 73.20
2026-01-12 17:48:28,534 [sec.py] => Learning on 190-200
2026-01-12 17:48:28,540 [sec.py] => All params: 88102656
2026-01-12 17:48:28,540 [sec.py] => Actual trainable params (excluding detached): 76800
2026-01-12 17:48:28,540 [sec.py] => TSP active prompts: 5 (total: 100)
2026-01-12 17:48:28,540 [sec.py] => RSP active prompts: 0 (total: 50)
2026-01-12 17:48:28,540 [sec.py] => Excluded params: head, detached prompts
2026-01-12 17:48:28,540 [sec.py] => backbone.TSP.e_p_1: 11520
2026-01-12 17:48:28,540 [sec.py] => backbone.TSP.e_k_1: 3840
2026-01-12 17:48:28,540 [sec.py] => backbone.TSP.e_a_1: 3840
2026-01-12 17:48:28,540 [sec.py] => backbone.TSP.e_p_2: 11520
2026-01-12 17:48:28,540 [sec.py] => backbone.TSP.e_k_2: 3840
2026-01-12 17:48:28,540 [sec.py] => backbone.TSP.e_a_2: 3840
2026-01-12 17:48:28,540 [sec.py] => backbone.TSP.e_p_3: 11520
2026-01-12 17:48:28,540 [sec.py] => backbone.TSP.e_k_3: 3840
2026-01-12 17:48:28,540 [sec.py] => backbone.TSP.e_a_3: 3840
2026-01-12 17:48:28,540 [sec.py] => backbone.TSP.e_p_4: 11520
2026-01-12 17:48:28,540 [sec.py] => backbone.TSP.e_k_4: 3840
2026-01-12 17:48:28,540 [sec.py] => backbone.TSP.e_a_4: 3840
2026-01-12 17:48:28,547 [sec.py] => training set size: 50, fc construct set size: 50
2026-01-12 17:49:41,352 [trainer.py] => CNN: {'total': 67.5, '00-99': 73.08, '100-109': 49.21, '110-119': 63.46, '120-129': 40.91, '130-139': 61.15, '140-149': 60.28, '150-159': 62.45, '160-169': 74.93, '170-179': 76.17, '180-189': 64.36, '190-199': 64.13, 'old': 67.69, 'new': 64.13}
2026-01-12 17:49:41,379 [trainer.py] => Top1 curve: [79.04, 76.73, 75.69, 73.98, 73.89, 72.4, 71.05, 70.47, 69.79, 69.01, 67.5]
2026-01-12 17:49:41,379 [trainer.py] => Average Accuracy (CNN): 72.69

================================================================================
Finished imagenetr_init100_inc10: pretrained_vit_b16_224_in21k_vpt  
Base Accuracy: 79.04
Last Accuracy: 67.5
Average Accuracy (Top1): 72.69
PD: 11.54
Backward Transfer (BWT): -7.68
Accuracy Matrix (CNN):
[[79.04 68.   78.   88.   80.   80.   72.   86.   84.   84.   82.  ]
 [78.91 55.84 76.   64.   86.   82.   70.   92.   80.   72.   76.  ]
 [77.69 55.52 76.92 74.   80.   74.   72.   88.   86.   80.   76.  ]
 [77.43 54.57 75.38 58.77 80.   84.   74.   90.   84.   86.   86.  ]
 [77.23 54.57 73.85 55.52 79.39 76.   78.   92.   88.   82.   84.  ]
 [76.83 54.26 70.77 51.95 77.36 60.75 76.   86.   92.   84.   78.  ]
 [76.08 54.26 68.85 49.03 72.97 61.68 66.67 92.   86.   88.   90.  ]
 [75.49 52.68 67.69 46.75 68.92 61.68 63.22 78.06 90.   84.   86.  ]
 [74.76 50.79 65.77 43.51 65.2  61.21 62.07 77.21 79.42 86.   84.  ]
 [73.94 50.16 65.38 42.21 64.86 61.68 62.84 76.07 77.98 67.96 88.  ]
 [73.08 49.21 63.46 40.91 61.15 60.28 62.45 74.93 76.17 64.36 64.13]]
================================================================================


================================================================================
Training Statistics for SEC-Prompt
================================================================================
Task    Params ↓    GPU ↓       Time/Epoch ↓
================================================================================
Task 0  1.54M       3217.50MiB  223.76s     
Task 1  0.08M       4560.39MiB  1.98s       
Task 2  0.08M       4565.51MiB  2.05s       
Task 3  0.08M       4571.26MiB  2.80s       
Task 4  0.08M       4577.25MiB  2.44s       
Task 5  0.08M       4582.35MiB  1.92s       
Task 6  0.08M       4585.53MiB  1.89s       
Task 7  0.08M       4590.79MiB  1.79s       
Task 8  0.08M       4595.73MiB  1.73s       
Task 9  0.08M       4600.23MiB  1.82s       
Task 10 0.08M       4606.13MiB  1.48s       
--------------------------------------------------------------------------------
Average 0.21M    4459.33MiB    22.15s
Max GPU             4606.13MiB
Total   2.30M                        6911.77s
================================================================================

2026-01-12 17:50:09,719 [trainer.py] => config: ./configs/SEC-Prompt_mini_B60_Inc5_in21k.json
2026-01-12 17:50:09,729 [trainer.py] => lamda: 0.5
2026-01-12 17:50:09,729 [trainer.py] => aug: 2
2026-01-12 17:50:09,729 [trainer.py] => prompt_token_num: 6
2026-01-12 17:50:09,729 [trainer.py] => prompt_pool_num: 0.5
2026-01-12 17:50:09,729 [trainer.py] => model_name: sec
2026-01-12 17:50:09,729 [trainer.py] => backbone_type: pretrained_vit_b16_224_in21k_vpt
2026-01-12 17:50:09,729 [trainer.py] => device: [device(type='cuda', index=0)]
2026-01-12 17:50:09,729 [trainer.py] => seed: 1993
2026-01-12 17:50:09,729 [trainer.py] => dataset: mini_imagenet
2026-01-12 17:50:09,729 [trainer.py] => init_cls: 60
2026-01-12 17:50:09,729 [trainer.py] => increment: 5
2026-01-12 17:50:09,729 [trainer.py] => kshot: 5
2026-01-12 17:50:09,729 [trainer.py] => vpt_type: Deep
2026-01-12 17:50:09,729 [trainer.py] => kl_weight: 0.001
2026-01-12 17:50:09,729 [trainer.py] => tuned_epoch: 30
2026-01-12 17:50:09,729 [trainer.py] => fs_epoch: 10
2026-01-12 17:50:09,729 [trainer.py] => init_lr: 0.01
2026-01-12 17:50:09,729 [trainer.py] => fs_lr: 0.001
2026-01-12 17:50:09,729 [trainer.py] => batch_size: 32
2026-01-12 17:50:09,729 [trainer.py] => fs_batch_size: 16
2026-01-12 17:50:09,730 [trainer.py] => weight_decay: 0.005
2026-01-12 17:50:09,730 [trainer.py] => min_lr: 0
2026-01-12 17:50:09,730 [trainer.py] => optimizer: sgd
2026-01-12 17:50:09,730 [trainer.py] => shuffle: False
2026-01-12 17:50:09,730 [trainer.py] => top_k: 5
2026-01-12 17:50:09,730 [trainer.py] => base_model_path: saved_model/sec_tr/mini_imagenet/30_0.01/6_0.5/sec_in21k_30_1993_32.pth
2026-01-12 17:50:09,730 [trainer.py] => prefix: sec_in21k
2026-01-12 17:50:09,730 [trainer.py] => model_prefix: sec_in21k
2026-01-12 17:50:09,730 [trainer.py] => beta: 0.5
2026-01-12 17:50:09,730 [trainer.py] => memory_size: 0
2026-01-12 17:50:09,730 [trainer.py] => memory_per_class: 0
2026-01-12 17:50:09,730 [trainer.py] => fixed_memory: False
2026-01-12 17:50:09,978 [data_manager.py] => [0, 1, 2, 3, 4, 5, 6, 7, 8, 9, 10, 11, 12, 13, 14, 15, 16, 17, 18, 19, 20, 21, 22, 23, 24, 25, 26, 27, 28, 29, 30, 31, 32, 33, 34, 35, 36, 37, 38, 39, 40, 41, 42, 43, 44, 45, 46, 47, 48, 49, 50, 51, 52, 53, 54, 55, 56, 57, 58, 59, 60, 61, 62, 63, 64, 65, 66, 67, 68, 69, 70, 71, 72, 73, 74, 75, 76, 77, 78, 79, 80, 81, 82, 83, 84, 85, 86, 87, 88, 89, 90, 91, 92, 93, 94, 95, 96, 97, 98, 99]
This is for the BaseNet initialization.
modelname, pretrained_vit_b16_224_in21k_vpt basicmodelname vit_base_patch16_224_in21k
Using VPT model
Using Deep Prompt
After BaseNet initialization.
2026-01-12 17:50:33,793 [sec.py] => Learning on 0-60
2026-01-12 17:50:33,970 [sec.py] => All params: 86966016
2026-01-12 17:50:33,970 [sec.py] => Actual trainable params (excluding detached): 921600
2026-01-12 17:50:33,970 [sec.py] => TSP active prompts: 30 (total: 30)
2026-01-12 17:50:33,970 [sec.py] => RSP active prompts: 30 (total: 30)
2026-01-12 17:50:33,970 [sec.py] => Excluded params: head, detached prompts
2026-01-12 17:50:33,970 [sec.py] => backbone.TSP.e_p_1: 69120
2026-01-12 17:50:33,970 [sec.py] => backbone.TSP.e_k_1: 23040
2026-01-12 17:50:33,971 [sec.py] => backbone.TSP.e_a_1: 23040
2026-01-12 17:50:33,971 [sec.py] => backbone.TSP.e_p_2: 69120
2026-01-12 17:50:33,971 [sec.py] => backbone.TSP.e_k_2: 23040
2026-01-12 17:50:33,971 [sec.py] => backbone.TSP.e_a_2: 23040
2026-01-12 17:50:33,971 [sec.py] => backbone.TSP.e_p_3: 69120
2026-01-12 17:50:33,971 [sec.py] => backbone.TSP.e_k_3: 23040
2026-01-12 17:50:33,971 [sec.py] => backbone.TSP.e_a_3: 23040
2026-01-12 17:50:33,971 [sec.py] => backbone.TSP.e_p_4: 69120
2026-01-12 17:50:33,971 [sec.py] => backbone.TSP.e_k_4: 23040
2026-01-12 17:50:33,971 [sec.py] => backbone.TSP.e_a_4: 23040
2026-01-12 17:50:33,971 [sec.py] => backbone.RSP.e_p_1: 69120
2026-01-12 17:50:33,971 [sec.py] => backbone.RSP.e_k_1: 23040
2026-01-12 17:50:33,971 [sec.py] => backbone.RSP.e_a_1: 23040
2026-01-12 17:50:33,971 [sec.py] => backbone.RSP.e_p_2: 69120
2026-01-12 17:50:33,971 [sec.py] => backbone.RSP.e_k_2: 23040
2026-01-12 17:50:33,971 [sec.py] => backbone.RSP.e_a_2: 23040
2026-01-12 17:50:33,971 [sec.py] => backbone.RSP.e_p_3: 69120
2026-01-12 17:50:33,971 [sec.py] => backbone.RSP.e_k_3: 23040
2026-01-12 17:50:33,971 [sec.py] => backbone.RSP.e_a_3: 23040
2026-01-12 17:50:33,971 [sec.py] => backbone.RSP.e_p_4: 69120
2026-01-12 17:50:33,971 [sec.py] => backbone.RSP.e_k_4: 23040
2026-01-12 17:50:33,971 [sec.py] => backbone.RSP.e_a_4: 23040
2026-01-12 17:50:34,009 [sec.py] => training set size: 30000, fc construct set size: 30000
/public/home/hanlida/Dr.1/Code/Research/Awesome-FSCIL/SEC-Prompt-main/backbone/zoo.py:214: UserWarning: Implicit dimension choice for softmax has been deprecated. Change the call to include dim=X as an argument.
  aq_k = torch.nn.functional.softmax(aq_k)
2026-01-12 22:06:32,754 [trainer.py] => CNN: {'total': 95.82, '00-59': 95.82, '60-64': 96.0, '65-69': 72.0, '70-74': 84.0, '75-79': 84.0, '80-84': 88.0, '85-89': 92.0, '90-94': 88.0, '95-99': 92.0, 'old': 0, 'new': 95.82}
2026-01-12 22:06:32,781 [trainer.py] => Top1 curve: [95.82]
2026-01-12 22:06:32,781 [trainer.py] => Average Accuracy (CNN): 95.82
2026-01-12 22:06:32,840 [sec.py] => Learning on 60-65
2026-01-12 22:06:32,845 [sec.py] => All params: 86966016
2026-01-12 22:06:32,845 [sec.py] => Actual trainable params (excluding detached): 30720
2026-01-12 22:06:32,845 [sec.py] => TSP active prompts: 2 (total: 32)
2026-01-12 22:06:32,845 [sec.py] => RSP active prompts: 0 (total: 30)
2026-01-12 22:06:32,845 [sec.py] => Excluded params: head, detached prompts
2026-01-12 22:06:32,845 [sec.py] => backbone.TSP.e_p_1: 4608
2026-01-12 22:06:32,845 [sec.py] => backbone.TSP.e_k_1: 1536
2026-01-12 22:06:32,845 [sec.py] => backbone.TSP.e_a_1: 1536
2026-01-12 22:06:32,845 [sec.py] => backbone.TSP.e_p_2: 4608
2026-01-12 22:06:32,845 [sec.py] => backbone.TSP.e_k_2: 1536
2026-01-12 22:06:32,845 [sec.py] => backbone.TSP.e_a_2: 1536
2026-01-12 22:06:32,845 [sec.py] => backbone.TSP.e_p_3: 4608
2026-01-12 22:06:32,845 [sec.py] => backbone.TSP.e_k_3: 1536
2026-01-12 22:06:32,845 [sec.py] => backbone.TSP.e_a_3: 1536
2026-01-12 22:06:32,845 [sec.py] => backbone.TSP.e_p_4: 4608
2026-01-12 22:06:32,845 [sec.py] => backbone.TSP.e_k_4: 1536
2026-01-12 22:06:32,845 [sec.py] => backbone.TSP.e_a_4: 1536
2026-01-12 22:06:32,863 [sec.py] => training set size: 25, fc construct set size: 25
2026-01-12 22:07:24,483 [trainer.py] => CNN: {'total': 95.57, '00-59': 95.67, '60-64': 94.4, '65-69': 72.0, '70-74': 96.0, '75-79': 92.0, '80-84': 88.0, '85-89': 88.0, '90-94': 96.0, '95-99': 92.0, 'old': 95.67, 'new': 94.4}
2026-01-12 22:07:24,483 [trainer.py] => Top1 curve: [95.82, 95.57]
2026-01-12 22:07:24,483 [trainer.py] => Average Accuracy (CNN): 95.69
2026-01-12 22:07:24,490 [sec.py] => Learning on 65-70
2026-01-12 22:07:24,496 [sec.py] => All params: 86966016
2026-01-12 22:07:24,496 [sec.py] => Actual trainable params (excluding detached): 30720
2026-01-12 22:07:24,496 [sec.py] => TSP active prompts: 2 (total: 34)
2026-01-12 22:07:24,496 [sec.py] => RSP active prompts: 0 (total: 30)
2026-01-12 22:07:24,496 [sec.py] => Excluded params: head, detached prompts
2026-01-12 22:07:24,496 [sec.py] => backbone.TSP.e_p_1: 4608
2026-01-12 22:07:24,496 [sec.py] => backbone.TSP.e_k_1: 1536
2026-01-12 22:07:24,497 [sec.py] => backbone.TSP.e_a_1: 1536
2026-01-12 22:07:24,497 [sec.py] => backbone.TSP.e_p_2: 4608
2026-01-12 22:07:24,497 [sec.py] => backbone.TSP.e_k_2: 1536
2026-01-12 22:07:24,497 [sec.py] => backbone.TSP.e_a_2: 1536
2026-01-12 22:07:24,497 [sec.py] => backbone.TSP.e_p_3: 4608
2026-01-12 22:07:24,497 [sec.py] => backbone.TSP.e_k_3: 1536
2026-01-12 22:07:24,497 [sec.py] => backbone.TSP.e_a_3: 1536
2026-01-12 22:07:24,497 [sec.py] => backbone.TSP.e_p_4: 4608
2026-01-12 22:07:24,497 [sec.py] => backbone.TSP.e_k_4: 1536
2026-01-12 22:07:24,497 [sec.py] => backbone.TSP.e_a_4: 1536
2026-01-12 22:07:24,521 [sec.py] => training set size: 25, fc construct set size: 25
2026-01-12 22:08:53,629 [trainer.py] => CNN: {'total': 94.24, '00-59': 95.58, '60-64': 94.4, '65-69': 78.0, '70-74': 88.0, '75-79': 84.0, '80-84': 96.0, '85-89': 88.0, '90-94': 96.0, '95-99': 100.0, 'old': 95.49, 'new': 78.0}
2026-01-12 22:08:53,665 [trainer.py] => Top1 curve: [95.82, 95.57, 94.24]
2026-01-12 22:08:53,665 [trainer.py] => Average Accuracy (CNN): 95.21
2026-01-12 22:08:53,677 [sec.py] => Learning on 70-75
2026-01-12 22:08:53,685 [sec.py] => All params: 86966016
2026-01-12 22:08:53,685 [sec.py] => Actual trainable params (excluding detached): 30720
2026-01-12 22:08:53,685 [sec.py] => TSP active prompts: 2 (total: 36)
2026-01-12 22:08:53,685 [sec.py] => RSP active prompts: 0 (total: 30)
2026-01-12 22:08:53,685 [sec.py] => Excluded params: head, detached prompts
2026-01-12 22:08:53,685 [sec.py] => backbone.TSP.e_p_1: 4608
2026-01-12 22:08:53,685 [sec.py] => backbone.TSP.e_k_1: 1536
2026-01-12 22:08:53,686 [sec.py] => backbone.TSP.e_a_1: 1536
2026-01-12 22:08:53,686 [sec.py] => backbone.TSP.e_p_2: 4608
2026-01-12 22:08:53,686 [sec.py] => backbone.TSP.e_k_2: 1536
2026-01-12 22:08:53,686 [sec.py] => backbone.TSP.e_a_2: 1536
2026-01-12 22:08:53,686 [sec.py] => backbone.TSP.e_p_3: 4608
2026-01-12 22:08:53,686 [sec.py] => backbone.TSP.e_k_3: 1536
2026-01-12 22:08:53,686 [sec.py] => backbone.TSP.e_a_3: 1536
2026-01-12 22:08:53,686 [sec.py] => backbone.TSP.e_p_4: 4608
2026-01-12 22:08:53,687 [sec.py] => backbone.TSP.e_k_4: 1536
2026-01-12 22:08:53,687 [sec.py] => backbone.TSP.e_a_4: 1536
2026-01-12 22:08:53,730 [sec.py] => training set size: 25, fc construct set size: 25
2026-01-12 22:09:48,113 [trainer.py] => CNN: {'total': 94.35, '00-59': 95.55, '60-64': 95.2, '65-69': 79.0, '70-74': 94.4, '75-79': 96.0, '80-84': 92.0, '85-89': 92.0, '90-94': 88.0, '95-99': 96.0, 'old': 94.34, 'new': 94.4}
2026-01-12 22:09:48,113 [trainer.py] => Top1 curve: [95.82, 95.57, 94.24, 94.35]
2026-01-12 22:09:48,113 [trainer.py] => Average Accuracy (CNN): 95.00
2026-01-12 22:09:48,124 [sec.py] => Learning on 75-80
2026-01-12 22:09:48,130 [sec.py] => All params: 86966016
2026-01-12 22:09:48,131 [sec.py] => Actual trainable params (excluding detached): 30720
2026-01-12 22:09:48,131 [sec.py] => TSP active prompts: 2 (total: 38)
2026-01-12 22:09:48,131 [sec.py] => RSP active prompts: 0 (total: 30)
2026-01-12 22:09:48,131 [sec.py] => Excluded params: head, detached prompts
2026-01-12 22:09:48,131 [sec.py] => backbone.TSP.e_p_1: 4608
2026-01-12 22:09:48,131 [sec.py] => backbone.TSP.e_k_1: 1536
2026-01-12 22:09:48,131 [sec.py] => backbone.TSP.e_a_1: 1536
2026-01-12 22:09:48,131 [sec.py] => backbone.TSP.e_p_2: 4608
2026-01-12 22:09:48,131 [sec.py] => backbone.TSP.e_k_2: 1536
2026-01-12 22:09:48,131 [sec.py] => backbone.TSP.e_a_2: 1536
2026-01-12 22:09:48,131 [sec.py] => backbone.TSP.e_p_3: 4608
2026-01-12 22:09:48,131 [sec.py] => backbone.TSP.e_k_3: 1536
2026-01-12 22:09:48,131 [sec.py] => backbone.TSP.e_a_3: 1536
2026-01-12 22:09:48,131 [sec.py] => backbone.TSP.e_p_4: 4608
2026-01-12 22:09:48,131 [sec.py] => backbone.TSP.e_k_4: 1536
2026-01-12 22:09:48,131 [sec.py] => backbone.TSP.e_a_4: 1536
2026-01-12 22:09:48,145 [sec.py] => training set size: 25, fc construct set size: 25
2026-01-12 22:10:55,755 [trainer.py] => CNN: {'total': 94.31, '00-59': 95.2, '60-64': 95.0, '65-69': 80.8, '70-74': 94.6, '75-79': 96.2, '80-84': 92.0, '85-89': 92.0, '90-94': 92.0, '95-99': 96.0, 'old': 94.19, 'new': 96.2}
2026-01-12 22:10:55,758 [trainer.py] => Top1 curve: [95.82, 95.57, 94.24, 94.35, 94.31]
2026-01-12 22:10:55,758 [trainer.py] => Average Accuracy (CNN): 94.86
2026-01-12 22:10:55,770 [sec.py] => Learning on 80-85
2026-01-12 22:10:55,777 [sec.py] => All params: 86966016
2026-01-12 22:10:55,777 [sec.py] => Actual trainable params (excluding detached): 30720
2026-01-12 22:10:55,778 [sec.py] => TSP active prompts: 2 (total: 40)
2026-01-12 22:10:55,778 [sec.py] => RSP active prompts: 0 (total: 30)
2026-01-12 22:10:55,778 [sec.py] => Excluded params: head, detached prompts
2026-01-12 22:10:55,778 [sec.py] => backbone.TSP.e_p_1: 4608
2026-01-12 22:10:55,778 [sec.py] => backbone.TSP.e_k_1: 1536
2026-01-12 22:10:55,778 [sec.py] => backbone.TSP.e_a_1: 1536
2026-01-12 22:10:55,778 [sec.py] => backbone.TSP.e_p_2: 4608
2026-01-12 22:10:55,778 [sec.py] => backbone.TSP.e_k_2: 1536
2026-01-12 22:10:55,778 [sec.py] => backbone.TSP.e_a_2: 1536
2026-01-12 22:10:55,778 [sec.py] => backbone.TSP.e_p_3: 4608
2026-01-12 22:10:55,778 [sec.py] => backbone.TSP.e_k_3: 1536
2026-01-12 22:10:55,778 [sec.py] => backbone.TSP.e_a_3: 1536
2026-01-12 22:10:55,778 [sec.py] => backbone.TSP.e_p_4: 4608
2026-01-12 22:10:55,778 [sec.py] => backbone.TSP.e_k_4: 1536
2026-01-12 22:10:55,778 [sec.py] => backbone.TSP.e_a_4: 1536
2026-01-12 22:10:55,793 [sec.py] => training set size: 25, fc construct set size: 25
2026-01-12 22:11:58,902 [trainer.py] => CNN: {'total': 93.73, '00-59': 94.5, '60-64': 94.4, '65-69': 80.4, '70-74': 94.6, '75-79': 96.8, '80-84': 93.2, '85-89': 92.0, '90-94': 96.0, '95-99': 96.0, 'old': 93.76, 'new': 93.2}
2026-01-12 22:11:58,903 [trainer.py] => Top1 curve: [95.82, 95.57, 94.24, 94.35, 94.31, 93.73]
2026-01-12 22:11:58,903 [trainer.py] => Average Accuracy (CNN): 94.67
2026-01-12 22:11:58,908 [sec.py] => Learning on 85-90
2026-01-12 22:11:58,914 [sec.py] => All params: 86966016
2026-01-12 22:11:58,914 [sec.py] => Actual trainable params (excluding detached): 30720
2026-01-12 22:11:58,914 [sec.py] => TSP active prompts: 2 (total: 42)
2026-01-12 22:11:58,914 [sec.py] => RSP active prompts: 0 (total: 30)
2026-01-12 22:11:58,914 [sec.py] => Excluded params: head, detached prompts
2026-01-12 22:11:58,914 [sec.py] => backbone.TSP.e_p_1: 4608
2026-01-12 22:11:58,914 [sec.py] => backbone.TSP.e_k_1: 1536
2026-01-12 22:11:58,914 [sec.py] => backbone.TSP.e_a_1: 1536
2026-01-12 22:11:58,914 [sec.py] => backbone.TSP.e_p_2: 4608
2026-01-12 22:11:58,914 [sec.py] => backbone.TSP.e_k_2: 1536
2026-01-12 22:11:58,914 [sec.py] => backbone.TSP.e_a_2: 1536
2026-01-12 22:11:58,914 [sec.py] => backbone.TSP.e_p_3: 4608
2026-01-12 22:11:58,914 [sec.py] => backbone.TSP.e_k_3: 1536
2026-01-12 22:11:58,914 [sec.py] => backbone.TSP.e_a_3: 1536
2026-01-12 22:11:58,914 [sec.py] => backbone.TSP.e_p_4: 4608
2026-01-12 22:11:58,914 [sec.py] => backbone.TSP.e_k_4: 1536
2026-01-12 22:11:58,915 [sec.py] => backbone.TSP.e_a_4: 1536
2026-01-12 22:11:58,925 [sec.py] => training set size: 25, fc construct set size: 25
2026-01-12 22:13:24,168 [trainer.py] => CNN: {'total': 92.81, '00-59': 93.28, '60-64': 94.4, '65-69': 77.8, '70-74': 94.0, '75-79': 96.4, '80-84': 94.8, '85-89': 93.8, '90-94': 96.0, '95-99': 92.0, 'old': 92.75, 'new': 93.8}
2026-01-12 22:13:24,171 [trainer.py] => Top1 curve: [95.82, 95.57, 94.24, 94.35, 94.31, 93.73, 92.81]
2026-01-12 22:13:24,171 [trainer.py] => Average Accuracy (CNN): 94.40
2026-01-12 22:13:24,177 [sec.py] => Learning on 90-95
2026-01-12 22:13:24,183 [sec.py] => All params: 86966016
2026-01-12 22:13:24,183 [sec.py] => Actual trainable params (excluding detached): 30720
2026-01-12 22:13:24,183 [sec.py] => TSP active prompts: 2 (total: 44)
2026-01-12 22:13:24,183 [sec.py] => RSP active prompts: 0 (total: 30)
2026-01-12 22:13:24,183 [sec.py] => Excluded params: head, detached prompts
2026-01-12 22:13:24,183 [sec.py] => backbone.TSP.e_p_1: 4608
2026-01-12 22:13:24,183 [sec.py] => backbone.TSP.e_k_1: 1536
2026-01-12 22:13:24,183 [sec.py] => backbone.TSP.e_a_1: 1536
2026-01-12 22:13:24,183 [sec.py] => backbone.TSP.e_p_2: 4608
2026-01-12 22:13:24,183 [sec.py] => backbone.TSP.e_k_2: 1536
2026-01-12 22:13:24,183 [sec.py] => backbone.TSP.e_a_2: 1536
2026-01-12 22:13:24,183 [sec.py] => backbone.TSP.e_p_3: 4608
2026-01-12 22:13:24,183 [sec.py] => backbone.TSP.e_k_3: 1536
2026-01-12 22:13:24,183 [sec.py] => backbone.TSP.e_a_3: 1536
2026-01-12 22:13:24,183 [sec.py] => backbone.TSP.e_p_4: 4608
2026-01-12 22:13:24,183 [sec.py] => backbone.TSP.e_k_4: 1536
2026-01-12 22:13:24,183 [sec.py] => backbone.TSP.e_a_4: 1536
2026-01-12 22:13:24,193 [sec.py] => training set size: 25, fc construct set size: 25
2026-01-12 22:14:29,365 [trainer.py] => CNN: {'total': 92.03, '00-59': 91.85, '60-64': 94.2, '65-69': 77.2, '70-74': 94.0, '75-79': 96.2, '80-84': 94.0, '85-89': 93.0, '90-94': 97.8, '95-99': 96.0, 'old': 91.71, 'new': 97.8}
2026-01-12 22:14:29,365 [trainer.py] => Top1 curve: [95.82, 95.57, 94.24, 94.35, 94.31, 93.73, 92.81, 92.03]
2026-01-12 22:14:29,365 [trainer.py] => Average Accuracy (CNN): 94.11
2026-01-12 22:14:29,371 [sec.py] => Learning on 95-100
2026-01-12 22:14:29,375 [sec.py] => All params: 86966016
2026-01-12 22:14:29,375 [sec.py] => Actual trainable params (excluding detached): 30720
2026-01-12 22:14:29,375 [sec.py] => TSP active prompts: 2 (total: 46)
2026-01-12 22:14:29,375 [sec.py] => RSP active prompts: 0 (total: 30)
2026-01-12 22:14:29,375 [sec.py] => Excluded params: head, detached prompts
2026-01-12 22:14:29,375 [sec.py] => backbone.TSP.e_p_1: 4608
2026-01-12 22:14:29,375 [sec.py] => backbone.TSP.e_k_1: 1536
2026-01-12 22:14:29,375 [sec.py] => backbone.TSP.e_a_1: 1536
2026-01-12 22:14:29,375 [sec.py] => backbone.TSP.e_p_2: 4608
2026-01-12 22:14:29,375 [sec.py] => backbone.TSP.e_k_2: 1536
2026-01-12 22:14:29,375 [sec.py] => backbone.TSP.e_a_2: 1536
2026-01-12 22:14:29,375 [sec.py] => backbone.TSP.e_p_3: 4608
2026-01-12 22:14:29,375 [sec.py] => backbone.TSP.e_k_3: 1536
2026-01-12 22:14:29,375 [sec.py] => backbone.TSP.e_a_3: 1536
2026-01-12 22:14:29,376 [sec.py] => backbone.TSP.e_p_4: 4608
2026-01-12 22:14:29,376 [sec.py] => backbone.TSP.e_k_4: 1536
2026-01-12 22:14:29,376 [sec.py] => backbone.TSP.e_a_4: 1536
2026-01-12 22:14:29,385 [sec.py] => training set size: 25, fc construct set size: 25
2026-01-12 22:15:39,156 [trainer.py] => CNN: {'total': 91.88, '00-59': 91.38, '60-64': 94.2, '65-69': 77.2, '70-74': 94.0, '75-79': 95.0, '80-84': 94.0, '85-89': 92.2, '90-94': 97.8, '95-99': 96.6, 'old': 91.63, 'new': 96.6}
2026-01-12 22:15:39,159 [trainer.py] => Top1 curve: [95.82, 95.57, 94.24, 94.35, 94.31, 93.73, 92.81, 92.03, 91.88]
2026-01-12 22:15:39,159 [trainer.py] => Average Accuracy (CNN): 93.86

================================================================================
Finished mini_imagenet_init60_inc5: pretrained_vit_b16_224_in21k_vpt  
Base Accuracy: 95.82
Last Accuracy: 91.88
Average Accuracy (Top1): 93.86
PD: 3.94
Backward Transfer (BWT): -0.98
Accuracy Matrix (CNN):
[[ 95.82  96.    72.    84.    84.    88.    92.    88.    92.  ]
 [ 95.67  94.4   72.    96.    92.    88.    88.    96.    92.  ]
 [ 95.58  94.4   78.    88.    84.    96.    88.    96.   100.  ]
 [ 95.55  95.2   79.    94.4   96.    92.    92.    88.    96.  ]
 [ 95.2   95.    80.8   94.6   96.2   92.    92.    92.    96.  ]
 [ 94.5   94.4   80.4   94.6   96.8   93.2   92.    96.    96.  ]
 [ 93.28  94.4   77.8   94.    96.4   94.8   93.8   96.    92.  ]
 [ 91.85  94.2   77.2   94.    96.2   94.    93.    97.8   96.  ]
 [ 91.38  94.2   77.2   94.    95.    94.    92.2   97.8   96.6 ]]
================================================================================


================================================================================
Training Statistics for SEC-Prompt
================================================================================
Task    Params ↓    GPU ↓       Time/Epoch ↓
================================================================================
Task 0  0.92M       3180.12MiB  510.29s     
Task 1  0.03M       4522.25MiB  0.91s       
Task 2  0.03M       4523.56MiB  0.91s       
Task 3  0.03M       4524.87MiB  0.90s       
Task 4  0.03M       4526.80MiB  0.94s       
Task 5  0.03M       4528.29MiB  0.94s       
Task 6  0.03M       4529.78MiB  0.90s       
Task 7  0.03M       4532.75MiB  0.91s       
Task 8  0.03M       4535.58MiB  0.88s       
--------------------------------------------------------------------------------
Average 0.13M    4378.22MiB    57.51s
Max GPU             4535.58MiB
Total   1.17M                        15381.59s
================================================================================

2026-01-12 22:15:56,946 [trainer.py] => config: ./configs/SEC-Prompt_cub_B100_Inc10_dino.json
2026-01-12 22:15:56,952 [trainer.py] => lamda: 0.5
2026-01-12 22:15:56,952 [trainer.py] => aug: 2
2026-01-12 22:15:56,952 [trainer.py] => prompt_token_num: 6
2026-01-12 22:15:56,952 [trainer.py] => prompt_pool_num: 0.5
2026-01-12 22:15:56,952 [trainer.py] => model_name: sec
2026-01-12 22:15:56,952 [trainer.py] => backbone_type: pretrained_vit_b16_224_dino_vpt
2026-01-12 22:15:56,952 [trainer.py] => device: [device(type='cuda', index=0)]
2026-01-12 22:15:56,952 [trainer.py] => seed: 1993
2026-01-12 22:15:56,952 [trainer.py] => dataset: cub
2026-01-12 22:15:56,952 [trainer.py] => init_cls: 100
2026-01-12 22:15:56,952 [trainer.py] => increment: 10
2026-01-12 22:15:56,952 [trainer.py] => kshot: 5
2026-01-12 22:15:56,952 [trainer.py] => vpt_type: Deep
2026-01-12 22:15:56,952 [trainer.py] => kl_weight: 0.001
2026-01-12 22:15:56,953 [trainer.py] => tuned_epoch: 30
2026-01-12 22:15:56,953 [trainer.py] => fs_epoch: 10
2026-01-12 22:15:56,953 [trainer.py] => init_lr: 0.01
2026-01-12 22:15:56,953 [trainer.py] => fs_lr: 0.001
2026-01-12 22:15:56,953 [trainer.py] => batch_size: 32
2026-01-12 22:15:56,953 [trainer.py] => fs_batch_size: 16
2026-01-12 22:15:56,953 [trainer.py] => weight_decay: 0.005
2026-01-12 22:15:56,953 [trainer.py] => min_lr: 0
2026-01-12 22:15:56,953 [trainer.py] => optimizer: sgd
2026-01-12 22:15:56,953 [trainer.py] => shuffle: False
2026-01-12 22:15:56,953 [trainer.py] => top_k: 5
2026-01-12 22:15:56,953 [trainer.py] => base_model_path: saved_model/sec_tr/cub/30_0.01/6_0.5/sec_dino_30_1993_32.pth
2026-01-12 22:15:56,953 [trainer.py] => prefix: sec_dino
2026-01-12 22:15:56,953 [trainer.py] => model_prefix: sec_dino
2026-01-12 22:15:56,953 [trainer.py] => beta: 0.5
2026-01-12 22:15:56,953 [trainer.py] => memory_size: 0
2026-01-12 22:15:56,953 [trainer.py] => memory_per_class: 0
2026-01-12 22:15:56,953 [trainer.py] => fixed_memory: False
2026-01-12 22:15:57,659 [data_manager.py] => [0, 1, 2, 3, 4, 5, 6, 7, 8, 9, 10, 11, 12, 13, 14, 15, 16, 17, 18, 19, 20, 21, 22, 23, 24, 25, 26, 27, 28, 29, 30, 31, 32, 33, 34, 35, 36, 37, 38, 39, 40, 41, 42, 43, 44, 45, 46, 47, 48, 49, 50, 51, 52, 53, 54, 55, 56, 57, 58, 59, 60, 61, 62, 63, 64, 65, 66, 67, 68, 69, 70, 71, 72, 73, 74, 75, 76, 77, 78, 79, 80, 81, 82, 83, 84, 85, 86, 87, 88, 89, 90, 91, 92, 93, 94, 95, 96, 97, 98, 99, 100, 101, 102, 103, 104, 105, 106, 107, 108, 109, 110, 111, 112, 113, 114, 115, 116, 117, 118, 119, 120, 121, 122, 123, 124, 125, 126, 127, 128, 129, 130, 131, 132, 133, 134, 135, 136, 137, 138, 139, 140, 141, 142, 143, 144, 145, 146, 147, 148, 149, 150, 151, 152, 153, 154, 155, 156, 157, 158, 159, 160, 161, 162, 163, 164, 165, 166, 167, 168, 169, 170, 171, 172, 173, 174, 175, 176, 177, 178, 179, 180, 181, 182, 183, 184, 185, 186, 187, 188, 189, 190, 191, 192, 193, 194, 195, 196, 197, 198, 199]
This is for the BaseNet initialization.
modelname, pretrained_vit_b16_224_dino_vpt basicmodelname vit_base_patch16_224_dino
2026-01-12 22:16:09,086 [helpers.py] => Loading pretrained weights from url (https://dl.fbaipublicfiles.com/dino/dino_vitbase16_pretrain/dino_vitbase16_pretrain.pth)
Using VPT model
Using Deep Prompt
After BaseNet initialization.
2026-01-12 22:16:17,042 [sec.py] => Learning on 0-100
2026-01-12 22:16:17,340 [sec.py] => All params: 88102656
2026-01-12 22:16:17,340 [sec.py] => Actual trainable params (excluding detached): 1536000
2026-01-12 22:16:17,340 [sec.py] => TSP active prompts: 50 (total: 50)
2026-01-12 22:16:17,340 [sec.py] => RSP active prompts: 50 (total: 50)
2026-01-12 22:16:17,340 [sec.py] => Excluded params: head, detached prompts
2026-01-12 22:16:17,340 [sec.py] => backbone.TSP.e_p_1: 115200
2026-01-12 22:16:17,340 [sec.py] => backbone.TSP.e_k_1: 38400
2026-01-12 22:16:17,340 [sec.py] => backbone.TSP.e_a_1: 38400
2026-01-12 22:16:17,340 [sec.py] => backbone.TSP.e_p_2: 115200
2026-01-12 22:16:17,340 [sec.py] => backbone.TSP.e_k_2: 38400
2026-01-12 22:16:17,340 [sec.py] => backbone.TSP.e_a_2: 38400
2026-01-12 22:16:17,340 [sec.py] => backbone.TSP.e_p_3: 115200
2026-01-12 22:16:17,340 [sec.py] => backbone.TSP.e_k_3: 38400
2026-01-12 22:16:17,340 [sec.py] => backbone.TSP.e_a_3: 38400
2026-01-12 22:16:17,340 [sec.py] => backbone.TSP.e_p_4: 115200
2026-01-12 22:16:17,340 [sec.py] => backbone.TSP.e_k_4: 38400
2026-01-12 22:16:17,340 [sec.py] => backbone.TSP.e_a_4: 38400
2026-01-12 22:16:17,340 [sec.py] => backbone.RSP.e_p_1: 115200
2026-01-12 22:16:17,340 [sec.py] => backbone.RSP.e_k_1: 38400
2026-01-12 22:16:17,340 [sec.py] => backbone.RSP.e_a_1: 38400
2026-01-12 22:16:17,340 [sec.py] => backbone.RSP.e_p_2: 115200
2026-01-12 22:16:17,340 [sec.py] => backbone.RSP.e_k_2: 38400
2026-01-12 22:16:17,341 [sec.py] => backbone.RSP.e_a_2: 38400
2026-01-12 22:16:17,341 [sec.py] => backbone.RSP.e_p_3: 115200
2026-01-12 22:16:17,341 [sec.py] => backbone.RSP.e_k_3: 38400
2026-01-12 22:16:17,341 [sec.py] => backbone.RSP.e_a_3: 38400
2026-01-12 22:16:17,341 [sec.py] => backbone.RSP.e_p_4: 115200
2026-01-12 22:16:17,341 [sec.py] => backbone.RSP.e_k_4: 38400
2026-01-12 22:16:17,341 [sec.py] => backbone.RSP.e_a_4: 38400
2026-01-12 22:16:17,354 [sec.py] => training set size: 4693, fc construct set size: 4693
/public/home/hanlida/Dr.1/Code/Research/Awesome-FSCIL/SEC-Prompt-main/backbone/zoo.py:214: UserWarning: Implicit dimension choice for softmax has been deprecated. Change the call to include dim=X as an argument.
  aq_k = torch.nn.functional.softmax(aq_k)
2026-01-12 22:42:59,216 [trainer.py] => CNN: {'total': 79.42, '00-99': 79.42, '100-109': 70.0, '110-119': 76.0, '120-129': 80.0, '130-139': 78.0, '140-149': 66.0, '150-159': 70.0, '160-169': 74.0, '170-179': 88.0, '180-189': 88.0, '190-199': 82.0, 'old': 0, 'new': 79.42}
2026-01-12 22:42:59,242 [trainer.py] => Top1 curve: [79.42]
2026-01-12 22:42:59,243 [trainer.py] => Average Accuracy (CNN): 79.42
2026-01-12 22:42:59,256 [sec.py] => Learning on 100-110
2026-01-12 22:42:59,263 [sec.py] => All params: 88102656
2026-01-12 22:42:59,263 [sec.py] => Actual trainable params (excluding detached): 76800
2026-01-12 22:42:59,263 [sec.py] => TSP active prompts: 5 (total: 55)
2026-01-12 22:42:59,263 [sec.py] => RSP active prompts: 0 (total: 50)
2026-01-12 22:42:59,263 [sec.py] => Excluded params: head, detached prompts
2026-01-12 22:42:59,263 [sec.py] => backbone.TSP.e_p_1: 11520
2026-01-12 22:42:59,263 [sec.py] => backbone.TSP.e_k_1: 3840
2026-01-12 22:42:59,263 [sec.py] => backbone.TSP.e_a_1: 3840
2026-01-12 22:42:59,264 [sec.py] => backbone.TSP.e_p_2: 11520
2026-01-12 22:42:59,264 [sec.py] => backbone.TSP.e_k_2: 3840
2026-01-12 22:42:59,264 [sec.py] => backbone.TSP.e_a_2: 3840
2026-01-12 22:42:59,264 [sec.py] => backbone.TSP.e_p_3: 11520
2026-01-12 22:42:59,264 [sec.py] => backbone.TSP.e_k_3: 3840
2026-01-12 22:42:59,264 [sec.py] => backbone.TSP.e_a_3: 3840
2026-01-12 22:42:59,264 [sec.py] => backbone.TSP.e_p_4: 11520
2026-01-12 22:42:59,264 [sec.py] => backbone.TSP.e_k_4: 3840
2026-01-12 22:42:59,264 [sec.py] => backbone.TSP.e_a_4: 3840
2026-01-12 22:42:59,272 [sec.py] => training set size: 50, fc construct set size: 50
2026-01-12 22:43:35,561 [trainer.py] => CNN: {'total': 77.48, '00-99': 79.33, '100-109': 55.56, '110-119': 70.0, '120-129': 82.0, '130-139': 70.0, '140-149': 74.0, '150-159': 82.0, '160-169': 62.0, '170-179': 82.0, '180-189': 94.0, '190-199': 88.0, 'old': 79.33, 'new': 55.56}
2026-01-12 22:43:35,561 [trainer.py] => Top1 curve: [79.42, 77.48]
2026-01-12 22:43:35,562 [trainer.py] => Average Accuracy (CNN): 78.45
2026-01-12 22:43:35,567 [sec.py] => Learning on 110-120
2026-01-12 22:43:35,573 [sec.py] => All params: 88102656
2026-01-12 22:43:35,574 [sec.py] => Actual trainable params (excluding detached): 76800
2026-01-12 22:43:35,574 [sec.py] => TSP active prompts: 5 (total: 60)
2026-01-12 22:43:35,574 [sec.py] => RSP active prompts: 0 (total: 50)
2026-01-12 22:43:35,574 [sec.py] => Excluded params: head, detached prompts
2026-01-12 22:43:35,574 [sec.py] => backbone.TSP.e_p_1: 11520
2026-01-12 22:43:35,574 [sec.py] => backbone.TSP.e_k_1: 3840
2026-01-12 22:43:35,574 [sec.py] => backbone.TSP.e_a_1: 3840
2026-01-12 22:43:35,574 [sec.py] => backbone.TSP.e_p_2: 11520
2026-01-12 22:43:35,574 [sec.py] => backbone.TSP.e_k_2: 3840
2026-01-12 22:43:35,574 [sec.py] => backbone.TSP.e_a_2: 3840
2026-01-12 22:43:35,574 [sec.py] => backbone.TSP.e_p_3: 11520
2026-01-12 22:43:35,574 [sec.py] => backbone.TSP.e_k_3: 3840
2026-01-12 22:43:35,574 [sec.py] => backbone.TSP.e_a_3: 3840
2026-01-12 22:43:35,574 [sec.py] => backbone.TSP.e_p_4: 11520
2026-01-12 22:43:35,574 [sec.py] => backbone.TSP.e_k_4: 3840
2026-01-12 22:43:35,574 [sec.py] => backbone.TSP.e_a_4: 3840
2026-01-12 22:43:35,581 [sec.py] => training set size: 50, fc construct set size: 50
2026-01-12 22:44:09,157 [trainer.py] => CNN: {'total': 74.52, '00-99': 79.42, '100-109': 55.56, '110-119': 43.09, '120-129': 82.0, '130-139': 66.0, '140-149': 72.0, '150-159': 76.0, '160-169': 76.0, '170-179': 88.0, '180-189': 86.0, '190-199': 80.0, 'old': 77.56, 'new': 43.09}
2026-01-12 22:44:09,157 [trainer.py] => Top1 curve: [79.42, 77.48, 74.52]
2026-01-12 22:44:09,157 [trainer.py] => Average Accuracy (CNN): 77.14
2026-01-12 22:44:09,163 [sec.py] => Learning on 120-130
2026-01-12 22:44:09,169 [sec.py] => All params: 88102656
2026-01-12 22:44:09,169 [sec.py] => Actual trainable params (excluding detached): 76800
2026-01-12 22:44:09,169 [sec.py] => TSP active prompts: 5 (total: 65)
2026-01-12 22:44:09,169 [sec.py] => RSP active prompts: 0 (total: 50)
2026-01-12 22:44:09,170 [sec.py] => Excluded params: head, detached prompts
2026-01-12 22:44:09,170 [sec.py] => backbone.TSP.e_p_1: 11520
2026-01-12 22:44:09,170 [sec.py] => backbone.TSP.e_k_1: 3840
2026-01-12 22:44:09,170 [sec.py] => backbone.TSP.e_a_1: 3840
2026-01-12 22:44:09,170 [sec.py] => backbone.TSP.e_p_2: 11520
2026-01-12 22:44:09,170 [sec.py] => backbone.TSP.e_k_2: 3840
2026-01-12 22:44:09,170 [sec.py] => backbone.TSP.e_a_2: 3840
2026-01-12 22:44:09,170 [sec.py] => backbone.TSP.e_p_3: 11520
2026-01-12 22:44:09,170 [sec.py] => backbone.TSP.e_k_3: 3840
2026-01-12 22:44:09,170 [sec.py] => backbone.TSP.e_a_3: 3840
2026-01-12 22:44:09,170 [sec.py] => backbone.TSP.e_p_4: 11520
2026-01-12 22:44:09,170 [sec.py] => backbone.TSP.e_k_4: 3840
2026-01-12 22:44:09,170 [sec.py] => backbone.TSP.e_a_4: 3840
2026-01-12 22:44:09,177 [sec.py] => training set size: 50, fc construct set size: 50
2026-01-12 22:44:47,791 [trainer.py] => CNN: {'total': 72.03, '00-99': 79.16, '100-109': 52.53, '110-119': 39.02, '120-129': 50.89, '130-139': 68.0, '140-149': 66.0, '150-159': 72.0, '160-169': 84.0, '170-179': 82.0, '180-189': 82.0, '190-199': 90.0, 'old': 73.73, 'new': 50.89}
2026-01-12 22:44:47,800 [trainer.py] => Top1 curve: [79.42, 77.48, 74.52, 72.03]
2026-01-12 22:44:47,800 [trainer.py] => Average Accuracy (CNN): 75.86
2026-01-12 22:44:47,819 [sec.py] => Learning on 130-140
2026-01-12 22:44:47,827 [sec.py] => All params: 88102656
2026-01-12 22:44:47,827 [sec.py] => Actual trainable params (excluding detached): 76800
2026-01-12 22:44:47,827 [sec.py] => TSP active prompts: 5 (total: 70)
2026-01-12 22:44:47,827 [sec.py] => RSP active prompts: 0 (total: 50)
2026-01-12 22:44:47,828 [sec.py] => Excluded params: head, detached prompts
2026-01-12 22:44:47,828 [sec.py] => backbone.TSP.e_p_1: 11520
2026-01-12 22:44:47,828 [sec.py] => backbone.TSP.e_k_1: 3840
2026-01-12 22:44:47,828 [sec.py] => backbone.TSP.e_a_1: 3840
2026-01-12 22:44:47,828 [sec.py] => backbone.TSP.e_p_2: 11520
2026-01-12 22:44:47,828 [sec.py] => backbone.TSP.e_k_2: 3840
2026-01-12 22:44:47,828 [sec.py] => backbone.TSP.e_a_2: 3840
2026-01-12 22:44:47,828 [sec.py] => backbone.TSP.e_p_3: 11520
2026-01-12 22:44:47,828 [sec.py] => backbone.TSP.e_k_3: 3840
2026-01-12 22:44:47,828 [sec.py] => backbone.TSP.e_a_3: 3840
2026-01-12 22:44:47,828 [sec.py] => backbone.TSP.e_p_4: 11520
2026-01-12 22:44:47,828 [sec.py] => backbone.TSP.e_k_4: 3840
2026-01-12 22:44:47,828 [sec.py] => backbone.TSP.e_a_4: 3840
2026-01-12 22:44:47,838 [sec.py] => training set size: 50, fc construct set size: 50
2026-01-12 22:45:20,770 [trainer.py] => CNN: {'total': 69.3, '00-99': 78.82, '100-109': 52.53, '110-119': 34.15, '120-129': 50.0, '130-139': 46.15, '140-149': 74.0, '150-159': 74.0, '160-169': 80.0, '170-179': 66.0, '180-189': 94.0, '190-199': 74.0, 'old': 71.3, 'new': 46.15}
2026-01-12 22:45:20,770 [trainer.py] => Top1 curve: [79.42, 77.48, 74.52, 72.03, 69.3]
2026-01-12 22:45:20,770 [trainer.py] => Average Accuracy (CNN): 74.55
2026-01-12 22:45:20,776 [sec.py] => Learning on 140-150
2026-01-12 22:45:20,782 [sec.py] => All params: 88102656
2026-01-12 22:45:20,782 [sec.py] => Actual trainable params (excluding detached): 76800
2026-01-12 22:45:20,782 [sec.py] => TSP active prompts: 5 (total: 75)
2026-01-12 22:45:20,782 [sec.py] => RSP active prompts: 0 (total: 50)
2026-01-12 22:45:20,782 [sec.py] => Excluded params: head, detached prompts
2026-01-12 22:45:20,783 [sec.py] => backbone.TSP.e_p_1: 11520
2026-01-12 22:45:20,783 [sec.py] => backbone.TSP.e_k_1: 3840
2026-01-12 22:45:20,783 [sec.py] => backbone.TSP.e_a_1: 3840
2026-01-12 22:45:20,783 [sec.py] => backbone.TSP.e_p_2: 11520
2026-01-12 22:45:20,783 [sec.py] => backbone.TSP.e_k_2: 3840
2026-01-12 22:45:20,783 [sec.py] => backbone.TSP.e_a_2: 3840
2026-01-12 22:45:20,783 [sec.py] => backbone.TSP.e_p_3: 11520
2026-01-12 22:45:20,783 [sec.py] => backbone.TSP.e_k_3: 3840
2026-01-12 22:45:20,783 [sec.py] => backbone.TSP.e_a_3: 3840
2026-01-12 22:45:20,783 [sec.py] => backbone.TSP.e_p_4: 11520
2026-01-12 22:45:20,783 [sec.py] => backbone.TSP.e_k_4: 3840
2026-01-12 22:45:20,783 [sec.py] => backbone.TSP.e_a_4: 3840
2026-01-12 22:45:20,789 [sec.py] => training set size: 50, fc construct set size: 50
2026-01-12 22:45:54,179 [trainer.py] => CNN: {'total': 67.58, '00-99': 78.65, '100-109': 48.48, '110-119': 34.15, '120-129': 48.21, '130-139': 49.23, '140-149': 46.49, '150-159': 68.0, '160-169': 84.0, '170-179': 76.0, '180-189': 90.0, '190-199': 86.0, 'old': 69.05, 'new': 46.49}
2026-01-12 22:45:54,179 [trainer.py] => Top1 curve: [79.42, 77.48, 74.52, 72.03, 69.3, 67.58]
2026-01-12 22:45:54,179 [trainer.py] => Average Accuracy (CNN): 73.39
2026-01-12 22:45:54,186 [sec.py] => Learning on 150-160
2026-01-12 22:45:54,190 [sec.py] => All params: 88102656
2026-01-12 22:45:54,190 [sec.py] => Actual trainable params (excluding detached): 76800
2026-01-12 22:45:54,190 [sec.py] => TSP active prompts: 5 (total: 80)
2026-01-12 22:45:54,190 [sec.py] => RSP active prompts: 0 (total: 50)
2026-01-12 22:45:54,190 [sec.py] => Excluded params: head, detached prompts
2026-01-12 22:45:54,190 [sec.py] => backbone.TSP.e_p_1: 11520
2026-01-12 22:45:54,190 [sec.py] => backbone.TSP.e_k_1: 3840
2026-01-12 22:45:54,190 [sec.py] => backbone.TSP.e_a_1: 3840
2026-01-12 22:45:54,190 [sec.py] => backbone.TSP.e_p_2: 11520
2026-01-12 22:45:54,190 [sec.py] => backbone.TSP.e_k_2: 3840
2026-01-12 22:45:54,190 [sec.py] => backbone.TSP.e_a_2: 3840
2026-01-12 22:45:54,190 [sec.py] => backbone.TSP.e_p_3: 11520
2026-01-12 22:45:54,190 [sec.py] => backbone.TSP.e_k_3: 3840
2026-01-12 22:45:54,190 [sec.py] => backbone.TSP.e_a_3: 3840
2026-01-12 22:45:54,190 [sec.py] => backbone.TSP.e_p_4: 11520
2026-01-12 22:45:54,190 [sec.py] => backbone.TSP.e_k_4: 3840
2026-01-12 22:45:54,190 [sec.py] => backbone.TSP.e_a_4: 3840
2026-01-12 22:45:54,197 [sec.py] => training set size: 50, fc construct set size: 50
2026-01-12 22:46:31,590 [trainer.py] => CNN: {'total': 67.03, '00-99': 78.48, '100-109': 48.48, '110-119': 34.96, '120-129': 48.21, '130-139': 50.0, '140-149': 46.49, '150-159': 58.18, '160-169': 74.0, '170-179': 74.0, '180-189': 94.0, '190-199': 86.0, 'old': 67.58, 'new': 58.18}
2026-01-12 22:46:31,593 [trainer.py] => Top1 curve: [79.42, 77.48, 74.52, 72.03, 69.3, 67.58, 67.03]
2026-01-12 22:46:31,593 [trainer.py] => Average Accuracy (CNN): 72.48
2026-01-12 22:46:31,600 [sec.py] => Learning on 160-170
2026-01-12 22:46:31,606 [sec.py] => All params: 88102656
2026-01-12 22:46:31,607 [sec.py] => Actual trainable params (excluding detached): 76800
2026-01-12 22:46:31,607 [sec.py] => TSP active prompts: 5 (total: 85)
2026-01-12 22:46:31,607 [sec.py] => RSP active prompts: 0 (total: 50)
2026-01-12 22:46:31,607 [sec.py] => Excluded params: head, detached prompts
2026-01-12 22:46:31,607 [sec.py] => backbone.TSP.e_p_1: 11520
2026-01-12 22:46:31,607 [sec.py] => backbone.TSP.e_k_1: 3840
2026-01-12 22:46:31,607 [sec.py] => backbone.TSP.e_a_1: 3840
2026-01-12 22:46:31,607 [sec.py] => backbone.TSP.e_p_2: 11520
2026-01-12 22:46:31,607 [sec.py] => backbone.TSP.e_k_2: 3840
2026-01-12 22:46:31,607 [sec.py] => backbone.TSP.e_a_2: 3840
2026-01-12 22:46:31,607 [sec.py] => backbone.TSP.e_p_3: 11520
2026-01-12 22:46:31,607 [sec.py] => backbone.TSP.e_k_3: 3840
2026-01-12 22:46:31,607 [sec.py] => backbone.TSP.e_a_3: 3840
2026-01-12 22:46:31,607 [sec.py] => backbone.TSP.e_p_4: 11520
2026-01-12 22:46:31,607 [sec.py] => backbone.TSP.e_k_4: 3840
2026-01-12 22:46:31,607 [sec.py] => backbone.TSP.e_a_4: 3840
2026-01-12 22:46:31,614 [sec.py] => training set size: 50, fc construct set size: 50
2026-01-12 22:47:05,511 [trainer.py] => CNN: {'total': 66.82, '00-99': 77.97, '100-109': 48.48, '110-119': 34.15, '120-129': 48.21, '130-139': 48.46, '140-149': 46.49, '150-159': 58.18, '160-169': 70.68, '170-179': 80.0, '180-189': 84.0, '190-199': 74.0, 'old': 66.54, 'new': 70.68}
2026-01-12 22:47:05,511 [trainer.py] => Top1 curve: [79.42, 77.48, 74.52, 72.03, 69.3, 67.58, 67.03, 66.82]
2026-01-12 22:47:05,511 [trainer.py] => Average Accuracy (CNN): 71.77
2026-01-12 22:47:05,518 [sec.py] => Learning on 170-180
2026-01-12 22:47:05,521 [sec.py] => All params: 88102656
2026-01-12 22:47:05,522 [sec.py] => Actual trainable params (excluding detached): 76800
2026-01-12 22:47:05,522 [sec.py] => TSP active prompts: 5 (total: 90)
2026-01-12 22:47:05,522 [sec.py] => RSP active prompts: 0 (total: 50)
2026-01-12 22:47:05,522 [sec.py] => Excluded params: head, detached prompts
2026-01-12 22:47:05,522 [sec.py] => backbone.TSP.e_p_1: 11520
2026-01-12 22:47:05,522 [sec.py] => backbone.TSP.e_k_1: 3840
2026-01-12 22:47:05,522 [sec.py] => backbone.TSP.e_a_1: 3840
2026-01-12 22:47:05,522 [sec.py] => backbone.TSP.e_p_2: 11520
2026-01-12 22:47:05,522 [sec.py] => backbone.TSP.e_k_2: 3840
2026-01-12 22:47:05,522 [sec.py] => backbone.TSP.e_a_2: 3840
2026-01-12 22:47:05,522 [sec.py] => backbone.TSP.e_p_3: 11520
2026-01-12 22:47:05,522 [sec.py] => backbone.TSP.e_k_3: 3840
2026-01-12 22:47:05,522 [sec.py] => backbone.TSP.e_a_3: 3840
2026-01-12 22:47:05,522 [sec.py] => backbone.TSP.e_p_4: 11520
2026-01-12 22:47:05,522 [sec.py] => backbone.TSP.e_k_4: 3840
2026-01-12 22:47:05,523 [sec.py] => backbone.TSP.e_a_4: 3840
2026-01-12 22:47:05,528 [sec.py] => training set size: 50, fc construct set size: 50
2026-01-12 22:47:39,418 [trainer.py] => CNN: {'total': 65.83, '00-99': 77.71, '100-109': 48.48, '110-119': 33.33, '120-129': 48.21, '130-139': 49.23, '140-149': 47.37, '150-159': 57.27, '160-169': 63.91, '170-179': 59.5, '180-189': 92.0, '190-199': 82.0, 'old': 66.21, 'new': 59.5}
2026-01-12 22:47:39,419 [trainer.py] => Top1 curve: [79.42, 77.48, 74.52, 72.03, 69.3, 67.58, 67.03, 66.82, 65.83]
2026-01-12 22:47:39,419 [trainer.py] => Average Accuracy (CNN): 71.11
2026-01-12 22:47:39,425 [sec.py] => Learning on 180-190
2026-01-12 22:47:39,431 [sec.py] => All params: 88102656
2026-01-12 22:47:39,431 [sec.py] => Actual trainable params (excluding detached): 76800
2026-01-12 22:47:39,431 [sec.py] => TSP active prompts: 5 (total: 95)
2026-01-12 22:47:39,431 [sec.py] => RSP active prompts: 0 (total: 50)
2026-01-12 22:47:39,431 [sec.py] => Excluded params: head, detached prompts
2026-01-12 22:47:39,431 [sec.py] => backbone.TSP.e_p_1: 11520
2026-01-12 22:47:39,431 [sec.py] => backbone.TSP.e_k_1: 3840
2026-01-12 22:47:39,431 [sec.py] => backbone.TSP.e_a_1: 3840
2026-01-12 22:47:39,431 [sec.py] => backbone.TSP.e_p_2: 11520
2026-01-12 22:47:39,431 [sec.py] => backbone.TSP.e_k_2: 3840
2026-01-12 22:47:39,431 [sec.py] => backbone.TSP.e_a_2: 3840
2026-01-12 22:47:39,431 [sec.py] => backbone.TSP.e_p_3: 11520
2026-01-12 22:47:39,431 [sec.py] => backbone.TSP.e_k_3: 3840
2026-01-12 22:47:39,431 [sec.py] => backbone.TSP.e_a_3: 3840
2026-01-12 22:47:39,431 [sec.py] => backbone.TSP.e_p_4: 11520
2026-01-12 22:47:39,431 [sec.py] => backbone.TSP.e_k_4: 3840
2026-01-12 22:47:39,431 [sec.py] => backbone.TSP.e_a_4: 3840
2026-01-12 22:47:39,436 [sec.py] => training set size: 50, fc construct set size: 50
2026-01-12 22:48:18,737 [trainer.py] => CNN: {'total': 66.58, '00-99': 77.46, '100-109': 48.48, '110-119': 33.33, '120-129': 48.21, '130-139': 48.46, '140-149': 47.37, '150-159': 58.18, '160-169': 63.91, '170-179': 59.5, '180-189': 81.97, '190-199': 84.0, 'old': 65.69, 'new': 81.97}
2026-01-12 22:48:18,740 [trainer.py] => Top1 curve: [79.42, 77.48, 74.52, 72.03, 69.3, 67.58, 67.03, 66.82, 65.83, 66.58]
2026-01-12 22:48:18,740 [trainer.py] => Average Accuracy (CNN): 70.66
2026-01-12 22:48:18,749 [sec.py] => Learning on 190-200
2026-01-12 22:48:18,753 [sec.py] => All params: 88102656
2026-01-12 22:48:18,753 [sec.py] => Actual trainable params (excluding detached): 76800
2026-01-12 22:48:18,753 [sec.py] => TSP active prompts: 5 (total: 100)
2026-01-12 22:48:18,753 [sec.py] => RSP active prompts: 0 (total: 50)
2026-01-12 22:48:18,753 [sec.py] => Excluded params: head, detached prompts
2026-01-12 22:48:18,754 [sec.py] => backbone.TSP.e_p_1: 11520
2026-01-12 22:48:18,754 [sec.py] => backbone.TSP.e_k_1: 3840
2026-01-12 22:48:18,754 [sec.py] => backbone.TSP.e_a_1: 3840
2026-01-12 22:48:18,754 [sec.py] => backbone.TSP.e_p_2: 11520
2026-01-12 22:48:18,754 [sec.py] => backbone.TSP.e_k_2: 3840
2026-01-12 22:48:18,754 [sec.py] => backbone.TSP.e_a_2: 3840
2026-01-12 22:48:18,754 [sec.py] => backbone.TSP.e_p_3: 11520
2026-01-12 22:48:18,754 [sec.py] => backbone.TSP.e_k_3: 3840
2026-01-12 22:48:18,754 [sec.py] => backbone.TSP.e_a_3: 3840
2026-01-12 22:48:18,754 [sec.py] => backbone.TSP.e_p_4: 11520
2026-01-12 22:48:18,754 [sec.py] => backbone.TSP.e_k_4: 3840
2026-01-12 22:48:18,754 [sec.py] => backbone.TSP.e_a_4: 3840
2026-01-12 22:48:18,761 [sec.py] => training set size: 50, fc construct set size: 50
2026-01-12 22:48:54,850 [trainer.py] => CNN: {'total': 66.41, '00-99': 77.2, '100-109': 46.46, '110-119': 31.71, '120-129': 48.21, '130-139': 48.46, '140-149': 47.37, '150-159': 58.18, '160-169': 61.65, '170-179': 57.85, '180-189': 81.15, '190-199': 73.98, 'old': 66.0, 'new': 73.98}
2026-01-12 22:48:54,850 [trainer.py] => Top1 curve: [79.42, 77.48, 74.52, 72.03, 69.3, 67.58, 67.03, 66.82, 65.83, 66.58, 66.41]
2026-01-12 22:48:54,851 [trainer.py] => Average Accuracy (CNN): 70.27

================================================================================
Finished cub_init100_inc10: pretrained_vit_b16_224_dino_vpt  
Base Accuracy: 79.42
Last Accuracy: 66.41
Average Accuracy (Top1): 70.27
PD: 13.01
Backward Transfer (BWT): -3.37
Accuracy Matrix (CNN):
[[79.42 70.   76.   80.   78.   66.   70.   74.   88.   88.   82.  ]
 [79.33 55.56 70.   82.   70.   74.   82.   62.   82.   94.   88.  ]
 [79.42 55.56 43.09 82.   66.   72.   76.   76.   88.   86.   80.  ]
 [79.16 52.53 39.02 50.89 68.   66.   72.   84.   82.   82.   90.  ]
 [78.82 52.53 34.15 50.   46.15 74.   74.   80.   66.   94.   74.  ]
 [78.65 48.48 34.15 48.21 49.23 46.49 68.   84.   76.   90.   86.  ]
 [78.48 48.48 34.96 48.21 50.   46.49 58.18 74.   74.   94.   86.  ]
 [77.97 48.48 34.15 48.21 48.46 46.49 58.18 70.68 80.   84.   74.  ]
 [77.71 48.48 33.33 48.21 49.23 47.37 57.27 63.91 59.5  92.   82.  ]
 [77.46 48.48 33.33 48.21 48.46 47.37 58.18 63.91 59.5  81.97 84.  ]
 [77.2  46.46 31.71 48.21 48.46 47.37 58.18 61.65 57.85 81.15 73.98]]
================================================================================


================================================================================
Training Statistics for SEC-Prompt
================================================================================
Task    Params ↓    GPU ↓       Time/Epoch ↓
================================================================================
Task 0  1.54M       3217.50MiB  52.72s      
Task 1  0.08M       4560.39MiB  1.96s       
Task 2  0.08M       4565.51MiB  1.86s       
Task 3  0.08M       4571.26MiB  1.85s       
Task 4  0.08M       4576.26MiB  1.86s       
Task 5  0.08M       4582.35MiB  1.82s       
Task 6  0.08M       4585.53MiB  1.85s       
Task 7  0.08M       4590.79MiB  1.68s       
Task 8  0.08M       4595.73MiB  1.78s       
Task 9  0.08M       4600.23MiB  1.86s       
Task 10 0.08M       4606.13MiB  1.87s       
--------------------------------------------------------------------------------
Average 0.21M    4459.24MiB    6.46s
Max GPU             4606.13MiB
Total   2.30M                        1765.21s
================================================================================

2026-01-12 22:49:14,916 [trainer.py] => config: ./configs/SEC-Prompt_cifar_B60_Inc5_dino.json
2026-01-12 22:49:14,935 [trainer.py] => lamda: 0.5
2026-01-12 22:49:14,935 [trainer.py] => aug: 2
2026-01-12 22:49:14,935 [trainer.py] => prompt_token_num: 6
2026-01-12 22:49:14,935 [trainer.py] => prompt_pool_num: 0.5
2026-01-12 22:49:14,935 [trainer.py] => model_name: sec
2026-01-12 22:49:14,935 [trainer.py] => backbone_type: pretrained_vit_b16_224_dino_vpt
2026-01-12 22:49:14,936 [trainer.py] => device: [device(type='cuda', index=0)]
2026-01-12 22:49:14,936 [trainer.py] => seed: 1993
2026-01-12 22:49:14,936 [trainer.py] => dataset: cifar224
2026-01-12 22:49:14,936 [trainer.py] => init_cls: 60
2026-01-12 22:49:14,936 [trainer.py] => increment: 5
2026-01-12 22:49:14,936 [trainer.py] => kshot: 5
2026-01-12 22:49:14,936 [trainer.py] => vpt_type: Deep
2026-01-12 22:49:14,936 [trainer.py] => kl_weight: 0.001
2026-01-12 22:49:14,937 [trainer.py] => tuned_epoch: 30
2026-01-12 22:49:14,937 [trainer.py] => fs_epoch: 10
2026-01-12 22:49:14,937 [trainer.py] => init_lr: 0.01
2026-01-12 22:49:14,937 [trainer.py] => fs_lr: 0.001
2026-01-12 22:49:14,937 [trainer.py] => batch_size: 32
2026-01-12 22:49:14,937 [trainer.py] => fs_batch_size: 16
2026-01-12 22:49:14,937 [trainer.py] => weight_decay: 0.005
2026-01-12 22:49:14,937 [trainer.py] => min_lr: 0
2026-01-12 22:49:14,937 [trainer.py] => optimizer: sgd
2026-01-12 22:49:14,938 [trainer.py] => shuffle: False
2026-01-12 22:49:14,938 [trainer.py] => top_k: 5
2026-01-12 22:49:14,938 [trainer.py] => base_model_path: saved_model/sec_tr/cifar224/30_0.01/6_0.5/sec_dino_30_1993_32.pth
2026-01-12 22:49:14,938 [trainer.py] => prefix: sec_dino
2026-01-12 22:49:14,938 [trainer.py] => model_prefix: sec_dino
2026-01-12 22:49:14,938 [trainer.py] => beta: 0.5
2026-01-12 22:49:14,938 [trainer.py] => memory_size: 0
2026-01-12 22:49:14,938 [trainer.py] => memory_per_class: 0
2026-01-12 22:49:14,938 [trainer.py] => fixed_memory: False
2026-01-12 22:49:16,293 [data_manager.py] => [0, 1, 2, 3, 4, 5, 6, 7, 8, 9, 10, 11, 12, 13, 14, 15, 16, 17, 18, 19, 20, 21, 22, 23, 24, 25, 26, 27, 28, 29, 30, 31, 32, 33, 34, 35, 36, 37, 38, 39, 40, 41, 42, 43, 44, 45, 46, 47, 48, 49, 50, 51, 52, 53, 54, 55, 56, 57, 58, 59, 60, 61, 62, 63, 64, 65, 66, 67, 68, 69, 70, 71, 72, 73, 74, 75, 76, 77, 78, 79, 80, 81, 82, 83, 84, 85, 86, 87, 88, 89, 90, 91, 92, 93, 94, 95, 96, 97, 98, 99]
This is for the BaseNet initialization.
modelname, pretrained_vit_b16_224_dino_vpt basicmodelname vit_base_patch16_224_dino
2026-01-12 22:49:28,910 [helpers.py] => Loading pretrained weights from url (https://dl.fbaipublicfiles.com/dino/dino_vitbase16_pretrain/dino_vitbase16_pretrain.pth)
Using VPT model
Using Deep Prompt
After BaseNet initialization.
2026-01-12 22:49:34,300 [sec.py] => Learning on 0-60
2026-01-12 22:49:34,580 [sec.py] => All params: 86966016
2026-01-12 22:49:34,581 [sec.py] => Actual trainable params (excluding detached): 921600
2026-01-12 22:49:34,581 [sec.py] => TSP active prompts: 30 (total: 30)
2026-01-12 22:49:34,581 [sec.py] => RSP active prompts: 30 (total: 30)
2026-01-12 22:49:34,581 [sec.py] => Excluded params: head, detached prompts
2026-01-12 22:49:34,581 [sec.py] => backbone.TSP.e_p_1: 69120
2026-01-12 22:49:34,581 [sec.py] => backbone.TSP.e_k_1: 23040
2026-01-12 22:49:34,581 [sec.py] => backbone.TSP.e_a_1: 23040
2026-01-12 22:49:34,581 [sec.py] => backbone.TSP.e_p_2: 69120
2026-01-12 22:49:34,581 [sec.py] => backbone.TSP.e_k_2: 23040
2026-01-12 22:49:34,581 [sec.py] => backbone.TSP.e_a_2: 23040
2026-01-12 22:49:34,581 [sec.py] => backbone.TSP.e_p_3: 69120
2026-01-12 22:49:34,581 [sec.py] => backbone.TSP.e_k_3: 23040
2026-01-12 22:49:34,581 [sec.py] => backbone.TSP.e_a_3: 23040
2026-01-12 22:49:34,581 [sec.py] => backbone.TSP.e_p_4: 69120
2026-01-12 22:49:34,581 [sec.py] => backbone.TSP.e_k_4: 23040
2026-01-12 22:49:34,581 [sec.py] => backbone.TSP.e_a_4: 23040
2026-01-12 22:49:34,581 [sec.py] => backbone.RSP.e_p_1: 69120
2026-01-12 22:49:34,581 [sec.py] => backbone.RSP.e_k_1: 23040
2026-01-12 22:49:34,581 [sec.py] => backbone.RSP.e_a_1: 23040
2026-01-12 22:49:34,581 [sec.py] => backbone.RSP.e_p_2: 69120
2026-01-12 22:49:34,581 [sec.py] => backbone.RSP.e_k_2: 23040
2026-01-12 22:49:34,582 [sec.py] => backbone.RSP.e_a_2: 23040
2026-01-12 22:49:34,582 [sec.py] => backbone.RSP.e_p_3: 69120
2026-01-12 22:49:34,582 [sec.py] => backbone.RSP.e_k_3: 23040
2026-01-12 22:49:34,582 [sec.py] => backbone.RSP.e_a_3: 23040
2026-01-12 22:49:34,582 [sec.py] => backbone.RSP.e_p_4: 69120
2026-01-12 22:49:34,582 [sec.py] => backbone.RSP.e_k_4: 23040
2026-01-12 22:49:34,582 [sec.py] => backbone.RSP.e_a_4: 23040
2026-01-12 22:49:34,704 [sec.py] => training set size: 30000, fc construct set size: 30000
/public/home/hanlida/Dr.1/Code/Research/Awesome-FSCIL/SEC-Prompt-main/backbone/zoo.py:214: UserWarning: Implicit dimension choice for softmax has been deprecated. Change the call to include dim=X as an argument.
  aq_k = torch.nn.functional.softmax(aq_k)
2026-01-13 01:51:48,475 [trainer.py] => CNN: {'total': 83.88, '00-59': 83.88, '60-64': 68.0, '65-69': 84.0, '70-74': 80.0, '75-79': 76.0, '80-84': 76.0, '85-89': 76.0, '90-94': 72.0, '95-99': 84.0, 'old': 0, 'new': 83.88}
2026-01-13 01:51:48,501 [trainer.py] => Top1 curve: [83.88]
2026-01-13 01:51:48,501 [trainer.py] => Average Accuracy (CNN): 83.88
2026-01-13 01:51:48,506 [sec.py] => Learning on 60-65
2026-01-13 01:51:48,517 [sec.py] => All params: 86966016
2026-01-13 01:51:48,517 [sec.py] => Actual trainable params (excluding detached): 30720
2026-01-13 01:51:48,517 [sec.py] => TSP active prompts: 2 (total: 32)
2026-01-13 01:51:48,517 [sec.py] => RSP active prompts: 0 (total: 30)
2026-01-13 01:51:48,517 [sec.py] => Excluded params: head, detached prompts
2026-01-13 01:51:48,517 [sec.py] => backbone.TSP.e_p_1: 4608
2026-01-13 01:51:48,517 [sec.py] => backbone.TSP.e_k_1: 1536
2026-01-13 01:51:48,517 [sec.py] => backbone.TSP.e_a_1: 1536
2026-01-13 01:51:48,517 [sec.py] => backbone.TSP.e_p_2: 4608
2026-01-13 01:51:48,517 [sec.py] => backbone.TSP.e_k_2: 1536
2026-01-13 01:51:48,517 [sec.py] => backbone.TSP.e_a_2: 1536
2026-01-13 01:51:48,517 [sec.py] => backbone.TSP.e_p_3: 4608
2026-01-13 01:51:48,517 [sec.py] => backbone.TSP.e_k_3: 1536
2026-01-13 01:51:48,517 [sec.py] => backbone.TSP.e_a_3: 1536
2026-01-13 01:51:48,517 [sec.py] => backbone.TSP.e_p_4: 4608
2026-01-13 01:51:48,517 [sec.py] => backbone.TSP.e_k_4: 1536
2026-01-13 01:51:48,518 [sec.py] => backbone.TSP.e_a_4: 1536
2026-01-13 01:51:48,555 [sec.py] => training set size: 25, fc construct set size: 25
2026-01-13 01:52:47,999 [trainer.py] => CNN: {'total': 81.08, '00-59': 82.9, '60-64': 59.2, '65-69': 80.0, '70-74': 80.0, '75-79': 72.0, '80-84': 60.0, '85-89': 72.0, '90-94': 76.0, '95-99': 68.0, 'old': 82.9, 'new': 59.2}
2026-01-13 01:52:48,021 [trainer.py] => Top1 curve: [83.88, 81.08]
2026-01-13 01:52:48,022 [trainer.py] => Average Accuracy (CNN): 82.48
2026-01-13 01:52:48,027 [sec.py] => Learning on 65-70
2026-01-13 01:52:48,035 [sec.py] => All params: 86966016
2026-01-13 01:52:48,035 [sec.py] => Actual trainable params (excluding detached): 30720
2026-01-13 01:52:48,035 [sec.py] => TSP active prompts: 2 (total: 34)
2026-01-13 01:52:48,035 [sec.py] => RSP active prompts: 0 (total: 30)
2026-01-13 01:52:48,035 [sec.py] => Excluded params: head, detached prompts
2026-01-13 01:52:48,035 [sec.py] => backbone.TSP.e_p_1: 4608
2026-01-13 01:52:48,035 [sec.py] => backbone.TSP.e_k_1: 1536
2026-01-13 01:52:48,035 [sec.py] => backbone.TSP.e_a_1: 1536
2026-01-13 01:52:48,035 [sec.py] => backbone.TSP.e_p_2: 4608
2026-01-13 01:52:48,035 [sec.py] => backbone.TSP.e_k_2: 1536
2026-01-13 01:52:48,035 [sec.py] => backbone.TSP.e_a_2: 1536
2026-01-13 01:52:48,035 [sec.py] => backbone.TSP.e_p_3: 4608
2026-01-13 01:52:48,036 [sec.py] => backbone.TSP.e_k_3: 1536
2026-01-13 01:52:48,036 [sec.py] => backbone.TSP.e_a_3: 1536
2026-01-13 01:52:48,036 [sec.py] => backbone.TSP.e_p_4: 4608
2026-01-13 01:52:48,036 [sec.py] => backbone.TSP.e_k_4: 1536
2026-01-13 01:52:48,036 [sec.py] => backbone.TSP.e_a_4: 1536
2026-01-13 01:52:48,069 [sec.py] => training set size: 25, fc construct set size: 25
2026-01-13 01:53:54,883 [trainer.py] => CNN: {'total': 79.29, '00-59': 82.23, '60-64': 58.4, '65-69': 64.8, '70-74': 88.0, '75-79': 76.0, '80-84': 64.0, '85-89': 72.0, '90-94': 84.0, '95-99': 52.0, 'old': 80.4, 'new': 64.8}
2026-01-13 01:53:54,903 [trainer.py] => Top1 curve: [83.88, 81.08, 79.29]
2026-01-13 01:53:54,903 [trainer.py] => Average Accuracy (CNN): 81.42
2026-01-13 01:53:54,910 [sec.py] => Learning on 70-75
2026-01-13 01:53:54,920 [sec.py] => All params: 86966016
2026-01-13 01:53:54,920 [sec.py] => Actual trainable params (excluding detached): 30720
2026-01-13 01:53:54,920 [sec.py] => TSP active prompts: 2 (total: 36)
2026-01-13 01:53:54,920 [sec.py] => RSP active prompts: 0 (total: 30)
2026-01-13 01:53:54,920 [sec.py] => Excluded params: head, detached prompts
2026-01-13 01:53:54,920 [sec.py] => backbone.TSP.e_p_1: 4608
2026-01-13 01:53:54,920 [sec.py] => backbone.TSP.e_k_1: 1536
2026-01-13 01:53:54,920 [sec.py] => backbone.TSP.e_a_1: 1536
2026-01-13 01:53:54,920 [sec.py] => backbone.TSP.e_p_2: 4608
2026-01-13 01:53:54,920 [sec.py] => backbone.TSP.e_k_2: 1536
2026-01-13 01:53:54,920 [sec.py] => backbone.TSP.e_a_2: 1536
2026-01-13 01:53:54,920 [sec.py] => backbone.TSP.e_p_3: 4608
2026-01-13 01:53:54,920 [sec.py] => backbone.TSP.e_k_3: 1536
2026-01-13 01:53:54,921 [sec.py] => backbone.TSP.e_a_3: 1536
2026-01-13 01:53:54,921 [sec.py] => backbone.TSP.e_p_4: 4608
2026-01-13 01:53:54,921 [sec.py] => backbone.TSP.e_k_4: 1536
2026-01-13 01:53:54,921 [sec.py] => backbone.TSP.e_a_4: 1536
2026-01-13 01:53:54,957 [sec.py] => training set size: 25, fc construct set size: 25
2026-01-13 01:54:47,618 [trainer.py] => CNN: {'total': 74.59, '00-59': 78.3, '60-64': 51.6, '65-69': 65.0, '70-74': 62.6, '75-79': 92.0, '80-84': 72.0, '85-89': 44.0, '90-94': 80.0, '95-99': 80.0, 'old': 75.44, 'new': 62.6}
2026-01-13 01:54:47,649 [trainer.py] => Top1 curve: [83.88, 81.08, 79.29, 74.59]
2026-01-13 01:54:47,649 [trainer.py] => Average Accuracy (CNN): 79.71
2026-01-13 01:54:47,655 [sec.py] => Learning on 75-80
2026-01-13 01:54:47,661 [sec.py] => All params: 86966016
2026-01-13 01:54:47,661 [sec.py] => Actual trainable params (excluding detached): 30720
2026-01-13 01:54:47,662 [sec.py] => TSP active prompts: 2 (total: 38)
2026-01-13 01:54:47,662 [sec.py] => RSP active prompts: 0 (total: 30)
2026-01-13 01:54:47,662 [sec.py] => Excluded params: head, detached prompts
2026-01-13 01:54:47,662 [sec.py] => backbone.TSP.e_p_1: 4608
2026-01-13 01:54:47,662 [sec.py] => backbone.TSP.e_k_1: 1536
2026-01-13 01:54:47,662 [sec.py] => backbone.TSP.e_a_1: 1536
2026-01-13 01:54:47,662 [sec.py] => backbone.TSP.e_p_2: 4608
2026-01-13 01:54:47,662 [sec.py] => backbone.TSP.e_k_2: 1536
2026-01-13 01:54:47,662 [sec.py] => backbone.TSP.e_a_2: 1536
2026-01-13 01:54:47,662 [sec.py] => backbone.TSP.e_p_3: 4608
2026-01-13 01:54:47,662 [sec.py] => backbone.TSP.e_k_3: 1536
2026-01-13 01:54:47,662 [sec.py] => backbone.TSP.e_a_3: 1536
2026-01-13 01:54:47,662 [sec.py] => backbone.TSP.e_p_4: 4608
2026-01-13 01:54:47,662 [sec.py] => backbone.TSP.e_k_4: 1536
2026-01-13 01:54:47,662 [sec.py] => backbone.TSP.e_a_4: 1536
2026-01-13 01:54:47,695 [sec.py] => training set size: 25, fc construct set size: 25
2026-01-13 01:55:37,151 [trainer.py] => CNN: {'total': 66.24, '00-59': 67.27, '60-64': 40.4, '65-69': 56.2, '70-74': 64.8, '75-79': 91.2, '80-84': 80.0, '85-89': 80.0, '90-94': 88.0, '95-99': 80.0, 'old': 64.57, 'new': 91.2}
2026-01-13 01:55:37,151 [trainer.py] => Top1 curve: [83.88, 81.08, 79.29, 74.59, 66.24]
2026-01-13 01:55:37,151 [trainer.py] => Average Accuracy (CNN): 77.02
2026-01-13 01:55:37,167 [sec.py] => Learning on 80-85
2026-01-13 01:55:37,170 [sec.py] => All params: 86966016
2026-01-13 01:55:37,170 [sec.py] => Actual trainable params (excluding detached): 30720
2026-01-13 01:55:37,170 [sec.py] => TSP active prompts: 2 (total: 40)
2026-01-13 01:55:37,170 [sec.py] => RSP active prompts: 0 (total: 30)
2026-01-13 01:55:37,170 [sec.py] => Excluded params: head, detached prompts
2026-01-13 01:55:37,170 [sec.py] => backbone.TSP.e_p_1: 4608
2026-01-13 01:55:37,170 [sec.py] => backbone.TSP.e_k_1: 1536
2026-01-13 01:55:37,170 [sec.py] => backbone.TSP.e_a_1: 1536
2026-01-13 01:55:37,170 [sec.py] => backbone.TSP.e_p_2: 4608
2026-01-13 01:55:37,170 [sec.py] => backbone.TSP.e_k_2: 1536
2026-01-13 01:55:37,170 [sec.py] => backbone.TSP.e_a_2: 1536
2026-01-13 01:55:37,170 [sec.py] => backbone.TSP.e_p_3: 4608
2026-01-13 01:55:37,170 [sec.py] => backbone.TSP.e_k_3: 1536
2026-01-13 01:55:37,170 [sec.py] => backbone.TSP.e_a_3: 1536
2026-01-13 01:55:37,170 [sec.py] => backbone.TSP.e_p_4: 4608
2026-01-13 01:55:37,170 [sec.py] => backbone.TSP.e_k_4: 1536
2026-01-13 01:55:37,170 [sec.py] => backbone.TSP.e_a_4: 1536
2026-01-13 01:55:37,203 [sec.py] => training set size: 25, fc construct set size: 25
2026-01-13 01:56:28,812 [trainer.py] => CNN: {'total': 50.28, '00-59': 48.38, '60-64': 24.2, '65-69': 32.0, '70-74': 45.0, '75-79': 85.6, '80-84': 87.4, '85-89': 76.0, '90-94': 80.0, '95-99': 88.0, 'old': 47.96, 'new': 87.4}
2026-01-13 01:56:28,812 [trainer.py] => Top1 curve: [83.88, 81.08, 79.29, 74.59, 66.24, 50.28]
2026-01-13 01:56:28,813 [trainer.py] => Average Accuracy (CNN): 72.56
2026-01-13 01:56:28,818 [sec.py] => Learning on 85-90
2026-01-13 01:56:28,820 [sec.py] => All params: 86966016
2026-01-13 01:56:28,820 [sec.py] => Actual trainable params (excluding detached): 30720
2026-01-13 01:56:28,821 [sec.py] => TSP active prompts: 2 (total: 42)
2026-01-13 01:56:28,821 [sec.py] => RSP active prompts: 0 (total: 30)
2026-01-13 01:56:28,821 [sec.py] => Excluded params: head, detached prompts
2026-01-13 01:56:28,821 [sec.py] => backbone.TSP.e_p_1: 4608
2026-01-13 01:56:28,821 [sec.py] => backbone.TSP.e_k_1: 1536
2026-01-13 01:56:28,821 [sec.py] => backbone.TSP.e_a_1: 1536
2026-01-13 01:56:28,821 [sec.py] => backbone.TSP.e_p_2: 4608
2026-01-13 01:56:28,821 [sec.py] => backbone.TSP.e_k_2: 1536
2026-01-13 01:56:28,821 [sec.py] => backbone.TSP.e_a_2: 1536
2026-01-13 01:56:28,821 [sec.py] => backbone.TSP.e_p_3: 4608
2026-01-13 01:56:28,821 [sec.py] => backbone.TSP.e_k_3: 1536
2026-01-13 01:56:28,821 [sec.py] => backbone.TSP.e_a_3: 1536
2026-01-13 01:56:28,821 [sec.py] => backbone.TSP.e_p_4: 4608
2026-01-13 01:56:28,821 [sec.py] => backbone.TSP.e_k_4: 1536
2026-01-13 01:56:28,821 [sec.py] => backbone.TSP.e_a_4: 1536
2026-01-13 01:56:28,851 [sec.py] => training set size: 25, fc construct set size: 25
2026-01-13 01:57:24,720 [trainer.py] => CNN: {'total': 55.69, '00-59': 53.0, '60-64': 27.8, '65-69': 41.4, '70-74': 50.0, '75-79': 86.0, '80-84': 80.2, '85-89': 81.0, '90-94': 96.0, '95-99': 84.0, 'old': 54.2, 'new': 81.0}
2026-01-13 01:57:24,739 [trainer.py] => Top1 curve: [83.88, 81.08, 79.29, 74.59, 66.24, 50.28, 55.69]
2026-01-13 01:57:24,740 [trainer.py] => Average Accuracy (CNN): 70.15
2026-01-13 01:57:24,745 [sec.py] => Learning on 90-95
2026-01-13 01:57:24,748 [sec.py] => All params: 86966016
2026-01-13 01:57:24,748 [sec.py] => Actual trainable params (excluding detached): 30720
2026-01-13 01:57:24,748 [sec.py] => TSP active prompts: 2 (total: 44)
2026-01-13 01:57:24,748 [sec.py] => RSP active prompts: 0 (total: 30)
2026-01-13 01:57:24,748 [sec.py] => Excluded params: head, detached prompts
2026-01-13 01:57:24,748 [sec.py] => backbone.TSP.e_p_1: 4608
2026-01-13 01:57:24,748 [sec.py] => backbone.TSP.e_k_1: 1536
2026-01-13 01:57:24,748 [sec.py] => backbone.TSP.e_a_1: 1536
2026-01-13 01:57:24,748 [sec.py] => backbone.TSP.e_p_2: 4608
2026-01-13 01:57:24,748 [sec.py] => backbone.TSP.e_k_2: 1536
2026-01-13 01:57:24,748 [sec.py] => backbone.TSP.e_a_2: 1536
2026-01-13 01:57:24,748 [sec.py] => backbone.TSP.e_p_3: 4608
2026-01-13 01:57:24,748 [sec.py] => backbone.TSP.e_k_3: 1536
2026-01-13 01:57:24,748 [sec.py] => backbone.TSP.e_a_3: 1536
2026-01-13 01:57:24,748 [sec.py] => backbone.TSP.e_p_4: 4608
2026-01-13 01:57:24,748 [sec.py] => backbone.TSP.e_k_4: 1536
2026-01-13 01:57:24,748 [sec.py] => backbone.TSP.e_a_4: 1536
2026-01-13 01:57:24,779 [sec.py] => training set size: 25, fc construct set size: 25
2026-01-13 01:58:06,079 [trainer.py] => CNN: {'total': 54.52, '00-59': 51.25, '60-64': 26.8, '65-69': 38.4, '70-74': 44.4, '75-79': 84.4, '80-84': 77.4, '85-89': 78.2, '90-94': 71.2, '95-99': 80.0, 'old': 53.59, 'new': 71.2}
2026-01-13 01:58:06,082 [trainer.py] => Top1 curve: [83.88, 81.08, 79.29, 74.59, 66.24, 50.28, 55.69, 54.52]
2026-01-13 01:58:06,082 [trainer.py] => Average Accuracy (CNN): 68.20
2026-01-13 01:58:06,143 [sec.py] => Learning on 95-100
2026-01-13 01:58:06,150 [sec.py] => All params: 86966016
2026-01-13 01:58:06,150 [sec.py] => Actual trainable params (excluding detached): 30720
2026-01-13 01:58:06,150 [sec.py] => TSP active prompts: 2 (total: 46)
2026-01-13 01:58:06,150 [sec.py] => RSP active prompts: 0 (total: 30)
2026-01-13 01:58:06,150 [sec.py] => Excluded params: head, detached prompts
2026-01-13 01:58:06,150 [sec.py] => backbone.TSP.e_p_1: 4608
2026-01-13 01:58:06,150 [sec.py] => backbone.TSP.e_k_1: 1536
2026-01-13 01:58:06,150 [sec.py] => backbone.TSP.e_a_1: 1536
2026-01-13 01:58:06,150 [sec.py] => backbone.TSP.e_p_2: 4608
2026-01-13 01:58:06,150 [sec.py] => backbone.TSP.e_k_2: 1536
2026-01-13 01:58:06,150 [sec.py] => backbone.TSP.e_a_2: 1536
2026-01-13 01:58:06,154 [sec.py] => backbone.TSP.e_p_3: 4608
2026-01-13 01:58:06,155 [sec.py] => backbone.TSP.e_k_3: 1536
2026-01-13 01:58:06,155 [sec.py] => backbone.TSP.e_a_3: 1536
2026-01-13 01:58:06,155 [sec.py] => backbone.TSP.e_p_4: 4608
2026-01-13 01:58:06,155 [sec.py] => backbone.TSP.e_k_4: 1536
2026-01-13 01:58:06,155 [sec.py] => backbone.TSP.e_a_4: 1536
2026-01-13 01:58:06,195 [sec.py] => training set size: 25, fc construct set size: 25
2026-01-13 01:59:31,769 [trainer.py] => CNN: {'total': 46.24, '00-59': 38.87, '60-64': 15.0, '65-69': 24.2, '70-74': 33.8, '75-79': 75.6, '80-84': 76.2, '85-89': 74.2, '90-94': 71.2, '95-99': 88.2, 'old': 44.03, 'new': 88.2}
2026-01-13 01:59:31,800 [trainer.py] => Top1 curve: [83.88, 81.08, 79.29, 74.59, 66.24, 50.28, 55.69, 54.52, 46.24]
2026-01-13 01:59:31,800 [trainer.py] => Average Accuracy (CNN): 65.76

================================================================================
Finished cifar224_init60_inc5: pretrained_vit_b16_224_dino_vpt  
Base Accuracy: 83.88
Last Accuracy: 46.24
Average Accuracy (Top1): 65.76
PD: 37.64
Backward Transfer (BWT): -24.03
Accuracy Matrix (CNN):
[[83.88 68.   84.   80.   76.   76.   76.   72.   84.  ]
 [82.9  59.2  80.   80.   72.   60.   72.   76.   68.  ]
 [82.23 58.4  64.8  88.   76.   64.   72.   84.   52.  ]
 [78.3  51.6  65.   62.6  92.   72.   44.   80.   80.  ]
 [67.27 40.4  56.2  64.8  91.2  80.   80.   88.   80.  ]
 [48.38 24.2  32.   45.   85.6  87.4  76.   80.   88.  ]
 [53.   27.8  41.4  50.   86.   80.2  81.   96.   84.  ]
 [51.25 26.8  38.4  44.4  84.4  77.4  78.2  71.2  80.  ]
 [38.87 15.   24.2  33.8  75.6  76.2  74.2  71.2  88.2 ]]
================================================================================


================================================================================
Training Statistics for SEC-Prompt
================================================================================
Task    Params ↓    GPU ↓       Time/Epoch ↓
================================================================================
Task 0  0.92M       3180.12MiB  362.81s     
Task 1  0.03M       4522.25MiB  1.04s       
Task 2  0.03M       4523.56MiB  1.31s       
Task 3  0.03M       4524.87MiB  1.31s       
Task 4  0.03M       4526.80MiB  0.69s       
Task 5  0.03M       4528.29MiB  0.70s       
Task 6  0.03M       4529.78MiB  0.65s       
Task 7  0.03M       4532.75MiB  0.77s       
Task 8  0.03M       4535.58MiB  0.96s       
--------------------------------------------------------------------------------
Average 0.13M    4378.22MiB    41.14s
Max GPU             4535.58MiB
Total   1.17M                        10958.84s
================================================================================


2026-01-13 01:59:58,924 [trainer.py] => config: ./configs/SEC-Prompt_cub_B100_Inc10_L16.json
2026-01-13 01:59:58,930 [trainer.py] => lamda: 0.1
2026-01-13 01:59:58,930 [trainer.py] => aug: 4
2026-01-13 01:59:58,930 [trainer.py] => prompt_token_num: 6
2026-01-13 01:59:58,930 [trainer.py] => prompt_pool_num: 1
2026-01-13 01:59:58,930 [trainer.py] => model_name: sec
2026-01-13 01:59:58,930 [trainer.py] => backbone_type: pretrained_vit_large_patch16_224_vpt
2026-01-13 01:59:58,930 [trainer.py] => device: [device(type='cuda', index=0)]
2026-01-13 01:59:58,930 [trainer.py] => seed: 1993
2026-01-13 01:59:58,930 [trainer.py] => dataset: cub
2026-01-13 01:59:58,930 [trainer.py] => init_cls: 100
2026-01-13 01:59:58,931 [trainer.py] => increment: 10
2026-01-13 01:59:58,931 [trainer.py] => kshot: 5
2026-01-13 01:59:58,931 [trainer.py] => vpt_type: Deep
2026-01-13 01:59:58,931 [trainer.py] => kl_weight: 0.001
2026-01-13 01:59:58,931 [trainer.py] => tuned_epoch: 30
2026-01-13 01:59:58,931 [trainer.py] => fs_epoch: 10
2026-01-13 01:59:58,931 [trainer.py] => init_lr: 0.01
2026-01-13 01:59:58,931 [trainer.py] => fs_lr: 0.001
2026-01-13 01:59:58,931 [trainer.py] => batch_size: 16
2026-01-13 01:59:58,931 [trainer.py] => fs_batch_size: 8
2026-01-13 01:59:58,931 [trainer.py] => weight_decay: 0.005
2026-01-13 01:59:58,931 [trainer.py] => min_lr: 0
2026-01-13 01:59:58,931 [trainer.py] => optimizer: sgd
2026-01-13 01:59:58,931 [trainer.py] => shuffle: False
2026-01-13 01:59:58,931 [trainer.py] => top_k: 5
2026-01-13 01:59:58,931 [trainer.py] => base_model_path: saved_model/sec_tr/cub/30_0.01/6_1/sec_L16_30_1993_16.pth
2026-01-13 01:59:58,931 [trainer.py] => prefix: sec_L16
2026-01-13 01:59:58,931 [trainer.py] => model_prefix: sec_L16
2026-01-13 01:59:58,931 [trainer.py] => beta: 0.5
2026-01-13 01:59:58,931 [trainer.py] => memory_size: 0
2026-01-13 01:59:58,931 [trainer.py] => memory_per_class: 0
2026-01-13 01:59:58,931 [trainer.py] => fixed_memory: False
2026-01-13 01:59:59,576 [data_manager.py] => [0, 1, 2, 3, 4, 5, 6, 7, 8, 9, 10, 11, 12, 13, 14, 15, 16, 17, 18, 19, 20, 21, 22, 23, 24, 25, 26, 27, 28, 29, 30, 31, 32, 33, 34, 35, 36, 37, 38, 39, 40, 41, 42, 43, 44, 45, 46, 47, 48, 49, 50, 51, 52, 53, 54, 55, 56, 57, 58, 59, 60, 61, 62, 63, 64, 65, 66, 67, 68, 69, 70, 71, 72, 73, 74, 75, 76, 77, 78, 79, 80, 81, 82, 83, 84, 85, 86, 87, 88, 89, 90, 91, 92, 93, 94, 95, 96, 97, 98, 99, 100, 101, 102, 103, 104, 105, 106, 107, 108, 109, 110, 111, 112, 113, 114, 115, 116, 117, 118, 119, 120, 121, 122, 123, 124, 125, 126, 127, 128, 129, 130, 131, 132, 133, 134, 135, 136, 137, 138, 139, 140, 141, 142, 143, 144, 145, 146, 147, 148, 149, 150, 151, 152, 153, 154, 155, 156, 157, 158, 159, 160, 161, 162, 163, 164, 165, 166, 167, 168, 169, 170, 171, 172, 173, 174, 175, 176, 177, 178, 179, 180, 181, 182, 183, 184, 185, 186, 187, 188, 189, 190, 191, 192, 193, 194, 195, 196, 197, 198, 199]
This is for the BaseNet initialization.
modelname, pretrained_vit_large_patch16_224_vpt basicmodelname vit_large_patch16_224
Using VPT model
Using Deep Prompt
After BaseNet initialization.
2026-01-13 02:01:02,456 [sec.py] => Learning on 0-100
2026-01-13 02:01:02,942 [sec.py] => All params: 315589632
2026-01-13 02:01:02,942 [sec.py] => Actual trainable params (excluding detached): 8192000
2026-01-13 02:01:02,942 [sec.py] => TSP active prompts: 100 (total: 100)
2026-01-13 02:01:02,942 [sec.py] => RSP active prompts: 100 (total: 100)
2026-01-13 02:01:02,942 [sec.py] => Excluded params: head, detached prompts
2026-01-13 02:01:02,942 [sec.py] => backbone.TSP.e_p_1: 307200
2026-01-13 02:01:02,942 [sec.py] => backbone.TSP.e_k_1: 102400
2026-01-13 02:01:02,942 [sec.py] => backbone.TSP.e_a_1: 102400
2026-01-13 02:01:02,942 [sec.py] => backbone.TSP.e_p_2: 307200
2026-01-13 02:01:02,942 [sec.py] => backbone.TSP.e_k_2: 102400
2026-01-13 02:01:02,942 [sec.py] => backbone.TSP.e_a_2: 102400
2026-01-13 02:01:02,942 [sec.py] => backbone.TSP.e_p_3: 307200
2026-01-13 02:01:02,943 [sec.py] => backbone.TSP.e_k_3: 102400
2026-01-13 02:01:02,943 [sec.py] => backbone.TSP.e_a_3: 102400
2026-01-13 02:01:02,943 [sec.py] => backbone.TSP.e_p_4: 307200
2026-01-13 02:01:02,943 [sec.py] => backbone.TSP.e_k_4: 102400
2026-01-13 02:01:02,943 [sec.py] => backbone.TSP.e_a_4: 102400
2026-01-13 02:01:02,943 [sec.py] => backbone.TSP.e_p_5: 307200
2026-01-13 02:01:02,943 [sec.py] => backbone.TSP.e_k_5: 102400
2026-01-13 02:01:02,943 [sec.py] => backbone.TSP.e_a_5: 102400
2026-01-13 02:01:02,943 [sec.py] => backbone.TSP.e_p_6: 307200
2026-01-13 02:01:02,943 [sec.py] => backbone.TSP.e_k_6: 102400
2026-01-13 02:01:02,943 [sec.py] => backbone.TSP.e_a_6: 102400
2026-01-13 02:01:02,943 [sec.py] => backbone.TSP.e_p_7: 307200
2026-01-13 02:01:02,943 [sec.py] => backbone.TSP.e_k_7: 102400
2026-01-13 02:01:02,943 [sec.py] => backbone.TSP.e_a_7: 102400
2026-01-13 02:01:02,943 [sec.py] => backbone.TSP.e_p_8: 307200
2026-01-13 02:01:02,943 [sec.py] => backbone.TSP.e_k_8: 102400
2026-01-13 02:01:02,944 [sec.py] => backbone.TSP.e_a_8: 102400
2026-01-13 02:01:02,944 [sec.py] => backbone.RSP.e_p_1: 307200
2026-01-13 02:01:02,944 [sec.py] => backbone.RSP.e_k_1: 102400
2026-01-13 02:01:02,944 [sec.py] => backbone.RSP.e_a_1: 102400
2026-01-13 02:01:02,944 [sec.py] => backbone.RSP.e_p_2: 307200
2026-01-13 02:01:02,944 [sec.py] => backbone.RSP.e_k_2: 102400
2026-01-13 02:01:02,944 [sec.py] => backbone.RSP.e_a_2: 102400
2026-01-13 02:01:02,944 [sec.py] => backbone.RSP.e_p_3: 307200
2026-01-13 02:01:02,944 [sec.py] => backbone.RSP.e_k_3: 102400
2026-01-13 02:01:02,944 [sec.py] => backbone.RSP.e_a_3: 102400
2026-01-13 02:01:02,944 [sec.py] => backbone.RSP.e_p_4: 307200
2026-01-13 02:01:02,944 [sec.py] => backbone.RSP.e_k_4: 102400
2026-01-13 02:01:02,944 [sec.py] => backbone.RSP.e_a_4: 102400
2026-01-13 02:01:02,944 [sec.py] => backbone.RSP.e_p_5: 307200
2026-01-13 02:01:02,944 [sec.py] => backbone.RSP.e_k_5: 102400
2026-01-13 02:01:02,945 [sec.py] => backbone.RSP.e_a_5: 102400
2026-01-13 02:01:02,945 [sec.py] => backbone.RSP.e_p_6: 307200
2026-01-13 02:01:02,945 [sec.py] => backbone.RSP.e_k_6: 102400
2026-01-13 02:01:02,945 [sec.py] => backbone.RSP.e_a_6: 102400
2026-01-13 02:01:02,945 [sec.py] => backbone.RSP.e_p_7: 307200
2026-01-13 02:01:02,945 [sec.py] => backbone.RSP.e_k_7: 102400
2026-01-13 02:01:02,945 [sec.py] => backbone.RSP.e_a_7: 102400
2026-01-13 02:01:02,945 [sec.py] => backbone.RSP.e_p_8: 307200
2026-01-13 02:01:02,945 [sec.py] => backbone.RSP.e_k_8: 102400
2026-01-13 02:01:02,945 [sec.py] => backbone.RSP.e_a_8: 102400
2026-01-13 02:01:02,964 [sec.py] => training set size: 4693, fc construct set size: 4693
/public/home/hanlida/Dr.1/Code/Research/Awesome-FSCIL/SEC-Prompt-main/backbone/zoo.py:214: UserWarning: Implicit dimension choice for softmax has been deprecated. Change the call to include dim=X as an argument.
  aq_k = torch.nn.functional.softmax(aq_k)
Traceback (most recent call last):
  File "/public/home/hanlida/Dr.1/Code/Research/Awesome-FSCIL/SEC-Prompt-main/main.py", line 29, in <module>
    main()
  File "/public/home/hanlida/Dr.1/Code/Research/Awesome-FSCIL/SEC-Prompt-main/main.py", line 11, in main
    train(args)
  File "/public/home/hanlida/Dr.1/Code/Research/Awesome-FSCIL/SEC-Prompt-main/trainer.py", line 21, in train
    _train(args)
  File "/public/home/hanlida/Dr.1/Code/Research/Awesome-FSCIL/SEC-Prompt-main/trainer.py", line 123, in _train
    model.incremental_train(data_manager)
  File "/public/home/hanlida/Dr.1/Code/Research/Awesome-FSCIL/SEC-Prompt-main/models/sec.py", line 256, in incremental_train
    self._train(self.train_loader, self.test_loader, self.train_loader_for_protonet)
  File "/public/home/hanlida/Dr.1/Code/Research/Awesome-FSCIL/SEC-Prompt-main/models/sec.py", line 319, in _train
    self._init_train(
  File "/public/home/hanlida/Dr.1/Code/Research/Awesome-FSCIL/SEC-Prompt-main/models/sec.py", line 470, in _init_train
    out = self._network(inputs, targets=targets)
  File "/public/home/hanlida/ld/envs/il/lib/python3.10/site-packages/torch/nn/modules/module.py", line 1511, in _wrapped_call_impl
    return self._call_impl(*args, **kwargs)
  File "/public/home/hanlida/ld/envs/il/lib/python3.10/site-packages/torch/nn/modules/module.py", line 1520, in _call_impl
    return forward_call(*args, **kwargs)
  File "/public/home/hanlida/Dr.1/Code/Research/Awesome-FSCIL/SEC-Prompt-main/backbone/vpt_backbone.py", line 287, in forward
    x, loss_match, prompt_time = self.backbone(
  File "/public/home/hanlida/ld/envs/il/lib/python3.10/site-packages/torch/nn/modules/module.py", line 1511, in _wrapped_call_impl
    return self._call_impl(*args, **kwargs)
  File "/public/home/hanlida/ld/envs/il/lib/python3.10/site-packages/torch/nn/modules/module.py", line 1520, in _call_impl
    return forward_call(*args, **kwargs)
  File "/public/home/hanlida/Dr.1/Code/Research/Awesome-FSCIL/SEC-Prompt-main/backbone/vpt_backbone.py", line 217, in forward
    x, loss_match, prompt_time = self.forward_features(
  File "/public/home/hanlida/Dr.1/Code/Research/Awesome-FSCIL/SEC-Prompt-main/backbone/vpt_backbone.py", line 195, in forward_features
    x = self.blocks[i](x)[:, :num_tokens]
  File "/public/home/hanlida/ld/envs/il/lib/python3.10/site-packages/torch/nn/modules/module.py", line 1511, in _wrapped_call_impl
    return self._call_impl(*args, **kwargs)
  File "/public/home/hanlida/ld/envs/il/lib/python3.10/site-packages/torch/nn/modules/module.py", line 1520, in _call_impl
    return forward_call(*args, **kwargs)
  File "/public/home/hanlida/ld/envs/il/lib/python3.10/site-packages/timm/models/vision_transformer.py", line 269, in forward
    x = x + self.drop_path2(self.ls2(self.mlp(self.norm2(x))))
  File "/public/home/hanlida/ld/envs/il/lib/python3.10/site-packages/torch/nn/modules/module.py", line 1511, in _wrapped_call_impl
    return self._call_impl(*args, **kwargs)
  File "/public/home/hanlida/ld/envs/il/lib/python3.10/site-packages/torch/nn/modules/module.py", line 1520, in _call_impl
    return forward_call(*args, **kwargs)
  File "/public/home/hanlida/ld/envs/il/lib/python3.10/site-packages/timm/models/layers/mlp.py", line 27, in forward
    x = self.fc1(x)
  File "/public/home/hanlida/ld/envs/il/lib/python3.10/site-packages/torch/nn/modules/module.py", line 1511, in _wrapped_call_impl
    return self._call_impl(*args, **kwargs)
  File "/public/home/hanlida/ld/envs/il/lib/python3.10/site-packages/torch/nn/modules/module.py", line 1520, in _call_impl
    return forward_call(*args, **kwargs)
  File "/public/home/hanlida/ld/envs/il/lib/python3.10/site-packages/torch/nn/modules/linear.py", line 116, in forward
    return F.linear(input, self.weight, self.bias)
torch.cuda.OutOfMemoryError: CUDA out of memory. Tried to allocate 52.00 MiB. GPU 0 has a total capacity of 79.14 GiB of which 45.62 MiB is free. Process 23777 has 30.47 GiB memory in use. Process 10805 has 45.87 GiB memory in use. Including non-PyTorch memory, this process has 2.73 GiB memory in use. Of the allocated memory 2.10 GiB is allocated by PyTorch, and 134.22 MiB is reserved by PyTorch but unallocated. If reserved but unallocated memory is large try setting PYTORCH_CUDA_ALLOC_CONF=expandable_segments:True to avoid fragmentation.  See documentation for Memory Management  (https://pytorch.org/docs/stable/notes/cuda.html#environment-variables)
2026-01-13 02:01:31,166 [trainer.py] => config: ./configs/SEC-Prompt_cifar_B60_Inc5_L16.json
2026-01-13 02:01:31,184 [trainer.py] => lamda: 0.1
2026-01-13 02:01:31,184 [trainer.py] => aug: 4
2026-01-13 02:01:31,185 [trainer.py] => prompt_token_num: 6
2026-01-13 02:01:31,185 [trainer.py] => prompt_pool_num: 1
2026-01-13 02:01:31,185 [trainer.py] => model_name: sec
2026-01-13 02:01:31,185 [trainer.py] => backbone_type: pretrained_vit_large_patch16_224_vpt
2026-01-13 02:01:31,185 [trainer.py] => device: [device(type='cuda', index=0)]
2026-01-13 02:01:31,185 [trainer.py] => seed: 1993
2026-01-13 02:01:31,186 [trainer.py] => dataset: cifar224
2026-01-13 02:01:31,186 [trainer.py] => init_cls: 60
2026-01-13 02:01:31,186 [trainer.py] => increment: 5
2026-01-13 02:01:31,186 [trainer.py] => kshot: 5
2026-01-13 02:01:31,186 [trainer.py] => vpt_type: Deep
2026-01-13 02:01:31,186 [trainer.py] => kl_weight: 0.001
2026-01-13 02:01:31,186 [trainer.py] => tuned_epoch: 30
2026-01-13 02:01:31,187 [trainer.py] => fs_epoch: 10
2026-01-13 02:01:31,187 [trainer.py] => init_lr: 0.01
2026-01-13 02:01:31,187 [trainer.py] => fs_lr: 0.001
2026-01-13 02:01:31,187 [trainer.py] => batch_size: 16
2026-01-13 02:01:31,187 [trainer.py] => fs_batch_size: 8
2026-01-13 02:01:31,187 [trainer.py] => weight_decay: 0.005
2026-01-13 02:01:31,187 [trainer.py] => min_lr: 0
2026-01-13 02:01:31,188 [trainer.py] => optimizer: sgd
2026-01-13 02:01:31,188 [trainer.py] => shuffle: False
2026-01-13 02:01:31,188 [trainer.py] => top_k: 5
2026-01-13 02:01:31,188 [trainer.py] => base_model_path: saved_model/sec_tr/cifar224/30_0.01/6_1/sec_L16_30_1993_16.pth
2026-01-13 02:01:31,188 [trainer.py] => prefix: sec_L16
2026-01-13 02:01:31,188 [trainer.py] => model_prefix: sec_L16
2026-01-13 02:01:31,188 [trainer.py] => beta: 0.5
2026-01-13 02:01:31,188 [trainer.py] => memory_size: 0
2026-01-13 02:01:31,189 [trainer.py] => memory_per_class: 0
2026-01-13 02:01:31,189 [trainer.py] => fixed_memory: False
2026-01-13 02:01:32,738 [data_manager.py] => [0, 1, 2, 3, 4, 5, 6, 7, 8, 9, 10, 11, 12, 13, 14, 15, 16, 17, 18, 19, 20, 21, 22, 23, 24, 25, 26, 27, 28, 29, 30, 31, 32, 33, 34, 35, 36, 37, 38, 39, 40, 41, 42, 43, 44, 45, 46, 47, 48, 49, 50, 51, 52, 53, 54, 55, 56, 57, 58, 59, 60, 61, 62, 63, 64, 65, 66, 67, 68, 69, 70, 71, 72, 73, 74, 75, 76, 77, 78, 79, 80, 81, 82, 83, 84, 85, 86, 87, 88, 89, 90, 91, 92, 93, 94, 95, 96, 97, 98, 99]
This is for the BaseNet initialization.
modelname, pretrained_vit_large_patch16_224_vpt basicmodelname vit_large_patch16_224
Using VPT model
Using Deep Prompt
After BaseNet initialization.
2026-01-13 02:02:18,269 [sec.py] => Learning on 0-60
2026-01-13 02:02:18,740 [sec.py] => All params: 309855232
2026-01-13 02:02:18,740 [sec.py] => Actual trainable params (excluding detached): 4915200
2026-01-13 02:02:18,740 [sec.py] => TSP active prompts: 60 (total: 60)
2026-01-13 02:02:18,740 [sec.py] => RSP active prompts: 60 (total: 60)
2026-01-13 02:02:18,740 [sec.py] => Excluded params: head, detached prompts
2026-01-13 02:02:18,741 [sec.py] => backbone.TSP.e_p_1: 184320
2026-01-13 02:02:18,741 [sec.py] => backbone.TSP.e_k_1: 61440
2026-01-13 02:02:18,741 [sec.py] => backbone.TSP.e_a_1: 61440
2026-01-13 02:02:18,741 [sec.py] => backbone.TSP.e_p_2: 184320
2026-01-13 02:02:18,741 [sec.py] => backbone.TSP.e_k_2: 61440
2026-01-13 02:02:18,741 [sec.py] => backbone.TSP.e_a_2: 61440
2026-01-13 02:02:18,741 [sec.py] => backbone.TSP.e_p_3: 184320
2026-01-13 02:02:18,741 [sec.py] => backbone.TSP.e_k_3: 61440
2026-01-13 02:02:18,741 [sec.py] => backbone.TSP.e_a_3: 61440
2026-01-13 02:02:18,741 [sec.py] => backbone.TSP.e_p_4: 184320
2026-01-13 02:02:18,741 [sec.py] => backbone.TSP.e_k_4: 61440
2026-01-13 02:02:18,741 [sec.py] => backbone.TSP.e_a_4: 61440
2026-01-13 02:02:18,741 [sec.py] => backbone.TSP.e_p_5: 184320
2026-01-13 02:02:18,741 [sec.py] => backbone.TSP.e_k_5: 61440
2026-01-13 02:02:18,741 [sec.py] => backbone.TSP.e_a_5: 61440
2026-01-13 02:02:18,741 [sec.py] => backbone.TSP.e_p_6: 184320
2026-01-13 02:02:18,742 [sec.py] => backbone.TSP.e_k_6: 61440
2026-01-13 02:02:18,742 [sec.py] => backbone.TSP.e_a_6: 61440
2026-01-13 02:02:18,742 [sec.py] => backbone.TSP.e_p_7: 184320
2026-01-13 02:02:18,742 [sec.py] => backbone.TSP.e_k_7: 61440
2026-01-13 02:02:18,742 [sec.py] => backbone.TSP.e_a_7: 61440
2026-01-13 02:02:18,742 [sec.py] => backbone.TSP.e_p_8: 184320
2026-01-13 02:02:18,742 [sec.py] => backbone.TSP.e_k_8: 61440
2026-01-13 02:02:18,742 [sec.py] => backbone.TSP.e_a_8: 61440
2026-01-13 02:02:18,742 [sec.py] => backbone.RSP.e_p_1: 184320
2026-01-13 02:02:18,742 [sec.py] => backbone.RSP.e_k_1: 61440
2026-01-13 02:02:18,742 [sec.py] => backbone.RSP.e_a_1: 61440
2026-01-13 02:02:18,742 [sec.py] => backbone.RSP.e_p_2: 184320
2026-01-13 02:02:18,742 [sec.py] => backbone.RSP.e_k_2: 61440
2026-01-13 02:02:18,742 [sec.py] => backbone.RSP.e_a_2: 61440
2026-01-13 02:02:18,742 [sec.py] => backbone.RSP.e_p_3: 184320
2026-01-13 02:02:18,742 [sec.py] => backbone.RSP.e_k_3: 61440
2026-01-13 02:02:18,743 [sec.py] => backbone.RSP.e_a_3: 61440
2026-01-13 02:02:18,743 [sec.py] => backbone.RSP.e_p_4: 184320
2026-01-13 02:02:18,743 [sec.py] => backbone.RSP.e_k_4: 61440
2026-01-13 02:02:18,743 [sec.py] => backbone.RSP.e_a_4: 61440
2026-01-13 02:02:18,743 [sec.py] => backbone.RSP.e_p_5: 184320
2026-01-13 02:02:18,743 [sec.py] => backbone.RSP.e_k_5: 61440
2026-01-13 02:02:18,743 [sec.py] => backbone.RSP.e_a_5: 61440
2026-01-13 02:02:18,743 [sec.py] => backbone.RSP.e_p_6: 184320
2026-01-13 02:02:18,743 [sec.py] => backbone.RSP.e_k_6: 61440
2026-01-13 02:02:18,743 [sec.py] => backbone.RSP.e_a_6: 61440
2026-01-13 02:02:18,743 [sec.py] => backbone.RSP.e_p_7: 184320
2026-01-13 02:02:18,743 [sec.py] => backbone.RSP.e_k_7: 61440
2026-01-13 02:02:18,743 [sec.py] => backbone.RSP.e_a_7: 61440
2026-01-13 02:02:18,743 [sec.py] => backbone.RSP.e_p_8: 184320
2026-01-13 02:02:18,743 [sec.py] => backbone.RSP.e_k_8: 61440
2026-01-13 02:02:18,743 [sec.py] => backbone.RSP.e_a_8: 61440
2026-01-13 02:02:18,880 [sec.py] => training set size: 30000, fc construct set size: 30000
/public/home/hanlida/Dr.1/Code/Research/Awesome-FSCIL/SEC-Prompt-main/backbone/zoo.py:214: UserWarning: Implicit dimension choice for softmax has been deprecated. Change the call to include dim=X as an argument.
  aq_k = torch.nn.functional.softmax(aq_k)
Traceback (most recent call last):
  File "/public/home/hanlida/Dr.1/Code/Research/Awesome-FSCIL/SEC-Prompt-main/main.py", line 29, in <module>
    main()
  File "/public/home/hanlida/Dr.1/Code/Research/Awesome-FSCIL/SEC-Prompt-main/main.py", line 11, in main
    train(args)
  File "/public/home/hanlida/Dr.1/Code/Research/Awesome-FSCIL/SEC-Prompt-main/trainer.py", line 21, in train
    _train(args)
  File "/public/home/hanlida/Dr.1/Code/Research/Awesome-FSCIL/SEC-Prompt-main/trainer.py", line 123, in _train
    model.incremental_train(data_manager)
  File "/public/home/hanlida/Dr.1/Code/Research/Awesome-FSCIL/SEC-Prompt-main/models/sec.py", line 256, in incremental_train
    self._train(self.train_loader, self.test_loader, self.train_loader_for_protonet)
  File "/public/home/hanlida/Dr.1/Code/Research/Awesome-FSCIL/SEC-Prompt-main/models/sec.py", line 319, in _train
    self._init_train(
  File "/public/home/hanlida/Dr.1/Code/Research/Awesome-FSCIL/SEC-Prompt-main/models/sec.py", line 470, in _init_train
    out = self._network(inputs, targets=targets)
  File "/public/home/hanlida/ld/envs/il/lib/python3.10/site-packages/torch/nn/modules/module.py", line 1511, in _wrapped_call_impl
    return self._call_impl(*args, **kwargs)
  File "/public/home/hanlida/ld/envs/il/lib/python3.10/site-packages/torch/nn/modules/module.py", line 1520, in _call_impl
    return forward_call(*args, **kwargs)
  File "/public/home/hanlida/Dr.1/Code/Research/Awesome-FSCIL/SEC-Prompt-main/backbone/vpt_backbone.py", line 287, in forward
    x, loss_match, prompt_time = self.backbone(
  File "/public/home/hanlida/ld/envs/il/lib/python3.10/site-packages/torch/nn/modules/module.py", line 1511, in _wrapped_call_impl
    return self._call_impl(*args, **kwargs)
  File "/public/home/hanlida/ld/envs/il/lib/python3.10/site-packages/torch/nn/modules/module.py", line 1520, in _call_impl
    return forward_call(*args, **kwargs)
  File "/public/home/hanlida/Dr.1/Code/Research/Awesome-FSCIL/SEC-Prompt-main/backbone/vpt_backbone.py", line 217, in forward
    x, loss_match, prompt_time = self.forward_features(
  File "/public/home/hanlida/Dr.1/Code/Research/Awesome-FSCIL/SEC-Prompt-main/backbone/vpt_backbone.py", line 195, in forward_features
    x = self.blocks[i](x)[:, :num_tokens]
  File "/public/home/hanlida/ld/envs/il/lib/python3.10/site-packages/torch/nn/modules/module.py", line 1511, in _wrapped_call_impl
    return self._call_impl(*args, **kwargs)
  File "/public/home/hanlida/ld/envs/il/lib/python3.10/site-packages/torch/nn/modules/module.py", line 1520, in _call_impl
    return forward_call(*args, **kwargs)
  File "/public/home/hanlida/ld/envs/il/lib/python3.10/site-packages/timm/models/vision_transformer.py", line 268, in forward
    x = x + self.drop_path1(self.ls1(self.attn(self.norm1(x))))
  File "/public/home/hanlida/ld/envs/il/lib/python3.10/site-packages/torch/nn/modules/module.py", line 1511, in _wrapped_call_impl
    return self._call_impl(*args, **kwargs)
  File "/public/home/hanlida/ld/envs/il/lib/python3.10/site-packages/torch/nn/modules/module.py", line 1520, in _call_impl
    return forward_call(*args, **kwargs)
  File "/public/home/hanlida/ld/envs/il/lib/python3.10/site-packages/timm/models/vision_transformer.py", line 220, in forward
    attn = (q @ k.transpose(-2, -1)) * self.scale
torch.cuda.OutOfMemoryError: CUDA out of memory. Tried to allocate 42.00 MiB. GPU 0 has a total capacity of 79.14 GiB of which 7.62 MiB is free. Process 23777 has 30.47 GiB memory in use. Process 10805 has 45.87 GiB memory in use. Including non-PyTorch memory, this process has 2.77 GiB memory in use. Of the allocated memory 2.22 GiB is allocated by PyTorch, and 49.83 MiB is reserved by PyTorch but unallocated. If reserved but unallocated memory is large try setting PYTORCH_CUDA_ALLOC_CONF=expandable_segments:True to avoid fragmentation.  See documentation for Memory Management  (https://pytorch.org/docs/stable/notes/cuda.html#environment-variables)
2026-01-13 02:02:44,979 [trainer.py] => config: ./configs/SEC-Prompt_inr_B100_Inc10_L16.json
2026-01-13 02:02:44,995 [trainer.py] => lamda: 0.1
2026-01-13 02:02:44,995 [trainer.py] => aug: 4
2026-01-13 02:02:44,995 [trainer.py] => prompt_token_num: 6
2026-01-13 02:02:44,995 [trainer.py] => prompt_pool_num: 1
2026-01-13 02:02:44,995 [trainer.py] => model_name: sec
2026-01-13 02:02:44,995 [trainer.py] => backbone_type: pretrained_vit_large_patch16_224_vpt
2026-01-13 02:02:44,995 [trainer.py] => device: [device(type='cuda', index=0)]
2026-01-13 02:02:44,995 [trainer.py] => seed: 1993
2026-01-13 02:02:44,995 [trainer.py] => dataset: imagenetr
2026-01-13 02:02:44,995 [trainer.py] => init_cls: 100
2026-01-13 02:02:44,995 [trainer.py] => increment: 10
2026-01-13 02:02:44,995 [trainer.py] => kshot: 5
2026-01-13 02:02:44,995 [trainer.py] => vpt_type: Deep
2026-01-13 02:02:44,995 [trainer.py] => kl_weight: 0.001
2026-01-13 02:02:44,995 [trainer.py] => tuned_epoch: 30
2026-01-13 02:02:44,995 [trainer.py] => fs_epoch: 10
2026-01-13 02:02:44,995 [trainer.py] => init_lr: 0.01
2026-01-13 02:02:44,995 [trainer.py] => fs_lr: 0.001
2026-01-13 02:02:44,995 [trainer.py] => batch_size: 16
2026-01-13 02:02:44,995 [trainer.py] => fs_batch_size: 8
2026-01-13 02:02:44,996 [trainer.py] => weight_decay: 0.005
2026-01-13 02:02:44,996 [trainer.py] => min_lr: 0
2026-01-13 02:02:44,996 [trainer.py] => optimizer: sgd
2026-01-13 02:02:44,996 [trainer.py] => shuffle: False
2026-01-13 02:02:44,996 [trainer.py] => top_k: 5
2026-01-13 02:02:44,996 [trainer.py] => base_model_path: saved_model/sec_tr/imagenetr/30_0.01/6_1/sec_L16_30_1993_16.pth
2026-01-13 02:02:44,996 [trainer.py] => prefix: sec_L16
2026-01-13 02:02:44,996 [trainer.py] => model_prefix: sec_L16
2026-01-13 02:02:44,996 [trainer.py] => beta: 0.5
2026-01-13 02:02:44,996 [trainer.py] => memory_size: 0
2026-01-13 02:02:44,996 [trainer.py] => memory_per_class: 0
2026-01-13 02:02:44,996 [trainer.py] => fixed_memory: False
2026-01-13 02:02:45,987 [data_manager.py] => [0, 1, 2, 3, 4, 5, 6, 7, 8, 9, 10, 11, 12, 13, 14, 15, 16, 17, 18, 19, 20, 21, 22, 23, 24, 25, 26, 27, 28, 29, 30, 31, 32, 33, 34, 35, 36, 37, 38, 39, 40, 41, 42, 43, 44, 45, 46, 47, 48, 49, 50, 51, 52, 53, 54, 55, 56, 57, 58, 59, 60, 61, 62, 63, 64, 65, 66, 67, 68, 69, 70, 71, 72, 73, 74, 75, 76, 77, 78, 79, 80, 81, 82, 83, 84, 85, 86, 87, 88, 89, 90, 91, 92, 93, 94, 95, 96, 97, 98, 99, 100, 101, 102, 103, 104, 105, 106, 107, 108, 109, 110, 111, 112, 113, 114, 115, 116, 117, 118, 119, 120, 121, 122, 123, 124, 125, 126, 127, 128, 129, 130, 131, 132, 133, 134, 135, 136, 137, 138, 139, 140, 141, 142, 143, 144, 145, 146, 147, 148, 149, 150, 151, 152, 153, 154, 155, 156, 157, 158, 159, 160, 161, 162, 163, 164, 165, 166, 167, 168, 169, 170, 171, 172, 173, 174, 175, 176, 177, 178, 179, 180, 181, 182, 183, 184, 185, 186, 187, 188, 189, 190, 191, 192, 193, 194, 195, 196, 197, 198, 199]
This is for the BaseNet initialization.
modelname, pretrained_vit_large_patch16_224_vpt basicmodelname vit_large_patch16_224
Using VPT model
Using Deep Prompt
After BaseNet initialization.
2026-01-13 02:03:51,107 [sec.py] => Learning on 0-100
2026-01-13 02:03:51,487 [sec.py] => All params: 315589632
2026-01-13 02:03:51,488 [sec.py] => Actual trainable params (excluding detached): 8192000
2026-01-13 02:03:51,488 [sec.py] => TSP active prompts: 100 (total: 100)
2026-01-13 02:03:51,488 [sec.py] => RSP active prompts: 100 (total: 100)
2026-01-13 02:03:51,488 [sec.py] => Excluded params: head, detached prompts
2026-01-13 02:03:51,488 [sec.py] => backbone.TSP.e_p_1: 307200
2026-01-13 02:03:51,488 [sec.py] => backbone.TSP.e_k_1: 102400
2026-01-13 02:03:51,488 [sec.py] => backbone.TSP.e_a_1: 102400
2026-01-13 02:03:51,488 [sec.py] => backbone.TSP.e_p_2: 307200
2026-01-13 02:03:51,488 [sec.py] => backbone.TSP.e_k_2: 102400
2026-01-13 02:03:51,488 [sec.py] => backbone.TSP.e_a_2: 102400
2026-01-13 02:03:51,488 [sec.py] => backbone.TSP.e_p_3: 307200
2026-01-13 02:03:51,488 [sec.py] => backbone.TSP.e_k_3: 102400
2026-01-13 02:03:51,488 [sec.py] => backbone.TSP.e_a_3: 102400
2026-01-13 02:03:51,488 [sec.py] => backbone.TSP.e_p_4: 307200
2026-01-13 02:03:51,488 [sec.py] => backbone.TSP.e_k_4: 102400
2026-01-13 02:03:51,488 [sec.py] => backbone.TSP.e_a_4: 102400
2026-01-13 02:03:51,488 [sec.py] => backbone.TSP.e_p_5: 307200
2026-01-13 02:03:51,488 [sec.py] => backbone.TSP.e_k_5: 102400
2026-01-13 02:03:51,488 [sec.py] => backbone.TSP.e_a_5: 102400
2026-01-13 02:03:51,488 [sec.py] => backbone.TSP.e_p_6: 307200
2026-01-13 02:03:51,488 [sec.py] => backbone.TSP.e_k_6: 102400
2026-01-13 02:03:51,489 [sec.py] => backbone.TSP.e_a_6: 102400
2026-01-13 02:03:51,489 [sec.py] => backbone.TSP.e_p_7: 307200
2026-01-13 02:03:51,489 [sec.py] => backbone.TSP.e_k_7: 102400
2026-01-13 02:03:51,489 [sec.py] => backbone.TSP.e_a_7: 102400
2026-01-13 02:03:51,489 [sec.py] => backbone.TSP.e_p_8: 307200
2026-01-13 02:03:51,489 [sec.py] => backbone.TSP.e_k_8: 102400
2026-01-13 02:03:51,489 [sec.py] => backbone.TSP.e_a_8: 102400
2026-01-13 02:03:51,489 [sec.py] => backbone.RSP.e_p_1: 307200
2026-01-13 02:03:51,489 [sec.py] => backbone.RSP.e_k_1: 102400
2026-01-13 02:03:51,489 [sec.py] => backbone.RSP.e_a_1: 102400
2026-01-13 02:03:51,489 [sec.py] => backbone.RSP.e_p_2: 307200
2026-01-13 02:03:51,489 [sec.py] => backbone.RSP.e_k_2: 102400
2026-01-13 02:03:51,489 [sec.py] => backbone.RSP.e_a_2: 102400
2026-01-13 02:03:51,489 [sec.py] => backbone.RSP.e_p_3: 307200
2026-01-13 02:03:51,489 [sec.py] => backbone.RSP.e_k_3: 102400
2026-01-13 02:03:51,489 [sec.py] => backbone.RSP.e_a_3: 102400
2026-01-13 02:03:51,489 [sec.py] => backbone.RSP.e_p_4: 307200
2026-01-13 02:03:51,489 [sec.py] => backbone.RSP.e_k_4: 102400
2026-01-13 02:03:51,489 [sec.py] => backbone.RSP.e_a_4: 102400
2026-01-13 02:03:51,489 [sec.py] => backbone.RSP.e_p_5: 307200
2026-01-13 02:03:51,489 [sec.py] => backbone.RSP.e_k_5: 102400
2026-01-13 02:03:51,489 [sec.py] => backbone.RSP.e_a_5: 102400
2026-01-13 02:03:51,489 [sec.py] => backbone.RSP.e_p_6: 307200
2026-01-13 02:03:51,489 [sec.py] => backbone.RSP.e_k_6: 102400
2026-01-13 02:03:51,489 [sec.py] => backbone.RSP.e_a_6: 102400
2026-01-13 02:03:51,489 [sec.py] => backbone.RSP.e_p_7: 307200
2026-01-13 02:03:51,489 [sec.py] => backbone.RSP.e_k_7: 102400
2026-01-13 02:03:51,490 [sec.py] => backbone.RSP.e_a_7: 102400
2026-01-13 02:03:51,490 [sec.py] => backbone.RSP.e_p_8: 307200
2026-01-13 02:03:51,490 [sec.py] => backbone.RSP.e_k_8: 102400
2026-01-13 02:03:51,490 [sec.py] => backbone.RSP.e_a_8: 102400
2026-01-13 02:03:51,514 [sec.py] => training set size: 12425, fc construct set size: 12425
/public/home/hanlida/Dr.1/Code/Research/Awesome-FSCIL/SEC-Prompt-main/backbone/zoo.py:214: UserWarning: Implicit dimension choice for softmax has been deprecated. Change the call to include dim=X as an argument.
  aq_k = torch.nn.functional.softmax(aq_k)
Traceback (most recent call last):
  File "/public/home/hanlida/Dr.1/Code/Research/Awesome-FSCIL/SEC-Prompt-main/main.py", line 29, in <module>
    main()
  File "/public/home/hanlida/Dr.1/Code/Research/Awesome-FSCIL/SEC-Prompt-main/main.py", line 11, in main
    train(args)
  File "/public/home/hanlida/Dr.1/Code/Research/Awesome-FSCIL/SEC-Prompt-main/trainer.py", line 21, in train
    _train(args)
  File "/public/home/hanlida/Dr.1/Code/Research/Awesome-FSCIL/SEC-Prompt-main/trainer.py", line 123, in _train
    model.incremental_train(data_manager)
  File "/public/home/hanlida/Dr.1/Code/Research/Awesome-FSCIL/SEC-Prompt-main/models/sec.py", line 256, in incremental_train
    self._train(self.train_loader, self.test_loader, self.train_loader_for_protonet)
  File "/public/home/hanlida/Dr.1/Code/Research/Awesome-FSCIL/SEC-Prompt-main/models/sec.py", line 319, in _train
    self._init_train(
  File "/public/home/hanlida/Dr.1/Code/Research/Awesome-FSCIL/SEC-Prompt-main/models/sec.py", line 470, in _init_train
    out = self._network(inputs, targets=targets)
  File "/public/home/hanlida/ld/envs/il/lib/python3.10/site-packages/torch/nn/modules/module.py", line 1511, in _wrapped_call_impl
    return self._call_impl(*args, **kwargs)
  File "/public/home/hanlida/ld/envs/il/lib/python3.10/site-packages/torch/nn/modules/module.py", line 1520, in _call_impl
    return forward_call(*args, **kwargs)
  File "/public/home/hanlida/Dr.1/Code/Research/Awesome-FSCIL/SEC-Prompt-main/backbone/vpt_backbone.py", line 287, in forward
    x, loss_match, prompt_time = self.backbone(
  File "/public/home/hanlida/ld/envs/il/lib/python3.10/site-packages/torch/nn/modules/module.py", line 1511, in _wrapped_call_impl
    return self._call_impl(*args, **kwargs)
  File "/public/home/hanlida/ld/envs/il/lib/python3.10/site-packages/torch/nn/modules/module.py", line 1520, in _call_impl
    return forward_call(*args, **kwargs)
  File "/public/home/hanlida/Dr.1/Code/Research/Awesome-FSCIL/SEC-Prompt-main/backbone/vpt_backbone.py", line 217, in forward
    x, loss_match, prompt_time = self.forward_features(
  File "/public/home/hanlida/Dr.1/Code/Research/Awesome-FSCIL/SEC-Prompt-main/backbone/vpt_backbone.py", line 195, in forward_features
    x = self.blocks[i](x)[:, :num_tokens]
  File "/public/home/hanlida/ld/envs/il/lib/python3.10/site-packages/torch/nn/modules/module.py", line 1511, in _wrapped_call_impl
    return self._call_impl(*args, **kwargs)
  File "/public/home/hanlida/ld/envs/il/lib/python3.10/site-packages/torch/nn/modules/module.py", line 1520, in _call_impl
    return forward_call(*args, **kwargs)
  File "/public/home/hanlida/ld/envs/il/lib/python3.10/site-packages/timm/models/vision_transformer.py", line 269, in forward
    x = x + self.drop_path2(self.ls2(self.mlp(self.norm2(x))))
  File "/public/home/hanlida/ld/envs/il/lib/python3.10/site-packages/torch/nn/modules/module.py", line 1511, in _wrapped_call_impl
    return self._call_impl(*args, **kwargs)
  File "/public/home/hanlida/ld/envs/il/lib/python3.10/site-packages/torch/nn/modules/module.py", line 1520, in _call_impl
    return forward_call(*args, **kwargs)
  File "/public/home/hanlida/ld/envs/il/lib/python3.10/site-packages/timm/models/layers/mlp.py", line 28, in forward
    x = self.act(x)
  File "/public/home/hanlida/ld/envs/il/lib/python3.10/site-packages/torch/nn/modules/module.py", line 1511, in _wrapped_call_impl
    return self._call_impl(*args, **kwargs)
  File "/public/home/hanlida/ld/envs/il/lib/python3.10/site-packages/torch/nn/modules/module.py", line 1520, in _call_impl
    return forward_call(*args, **kwargs)
  File "/public/home/hanlida/ld/envs/il/lib/python3.10/site-packages/torch/nn/modules/activation.py", line 682, in forward
    return F.gelu(input, approximate=self.approximate)
torch.cuda.OutOfMemoryError: CUDA out of memory. Tried to allocate 52.00 MiB. GPU 0 has a total capacity of 79.14 GiB of which 35.62 MiB is free. Process 23777 has 30.47 GiB memory in use. Process 10805 has 46.02 GiB memory in use. Including non-PyTorch memory, this process has 2.58 GiB memory in use. Of the allocated memory 1.96 GiB is allocated by PyTorch, and 125.40 MiB is reserved by PyTorch but unallocated. If reserved but unallocated memory is large try setting PYTORCH_CUDA_ALLOC_CONF=expandable_segments:True to avoid fragmentation.  See documentation for Memory Management  (https://pytorch.org/docs/stable/notes/cuda.html#environment-variables)
2026-01-13 02:04:19,410 [trainer.py] => config: ./configs/SEC-Prompt_mini_B60_Inc5_L16.json
2026-01-13 02:04:19,417 [trainer.py] => lamda: 0.1
2026-01-13 02:04:19,417 [trainer.py] => aug: 4
2026-01-13 02:04:19,417 [trainer.py] => prompt_token_num: 6
2026-01-13 02:04:19,417 [trainer.py] => prompt_pool_num: 1
2026-01-13 02:04:19,417 [trainer.py] => model_name: sec
2026-01-13 02:04:19,417 [trainer.py] => backbone_type: pretrained_vit_large_patch16_224_vpt
2026-01-13 02:04:19,417 [trainer.py] => device: [device(type='cuda', index=0)]
2026-01-13 02:04:19,417 [trainer.py] => seed: 1993
2026-01-13 02:04:19,417 [trainer.py] => dataset: mini_imagenet
2026-01-13 02:04:19,418 [trainer.py] => init_cls: 60
2026-01-13 02:04:19,418 [trainer.py] => increment: 5
2026-01-13 02:04:19,418 [trainer.py] => kshot: 5
2026-01-13 02:04:19,418 [trainer.py] => vpt_type: Deep
2026-01-13 02:04:19,418 [trainer.py] => kl_weight: 0.001
2026-01-13 02:04:19,418 [trainer.py] => tuned_epoch: 30
2026-01-13 02:04:19,418 [trainer.py] => fs_epoch: 10
2026-01-13 02:04:19,418 [trainer.py] => init_lr: 0.01
2026-01-13 02:04:19,418 [trainer.py] => fs_lr: 0.001
2026-01-13 02:04:19,418 [trainer.py] => batch_size: 16
2026-01-13 02:04:19,418 [trainer.py] => fs_batch_size: 8
2026-01-13 02:04:19,418 [trainer.py] => weight_decay: 0.005
2026-01-13 02:04:19,418 [trainer.py] => min_lr: 0
2026-01-13 02:04:19,418 [trainer.py] => optimizer: sgd
2026-01-13 02:04:19,418 [trainer.py] => shuffle: False
2026-01-13 02:04:19,418 [trainer.py] => top_k: 5
2026-01-13 02:04:19,418 [trainer.py] => base_model_path: saved_model/sec_tr/mini_imagenet/30_0.01/6_1/sec_L16_30_1993_16.pth
2026-01-13 02:04:19,419 [trainer.py] => prefix: sec_L16
2026-01-13 02:04:19,419 [trainer.py] => model_prefix: sec_L16
2026-01-13 02:04:19,419 [trainer.py] => beta: 0.5
2026-01-13 02:04:19,419 [trainer.py] => memory_size: 0
2026-01-13 02:04:19,419 [trainer.py] => memory_per_class: 0
2026-01-13 02:04:19,419 [trainer.py] => fixed_memory: False
2026-01-13 02:04:19,661 [data_manager.py] => [0, 1, 2, 3, 4, 5, 6, 7, 8, 9, 10, 11, 12, 13, 14, 15, 16, 17, 18, 19, 20, 21, 22, 23, 24, 25, 26, 27, 28, 29, 30, 31, 32, 33, 34, 35, 36, 37, 38, 39, 40, 41, 42, 43, 44, 45, 46, 47, 48, 49, 50, 51, 52, 53, 54, 55, 56, 57, 58, 59, 60, 61, 62, 63, 64, 65, 66, 67, 68, 69, 70, 71, 72, 73, 74, 75, 76, 77, 78, 79, 80, 81, 82, 83, 84, 85, 86, 87, 88, 89, 90, 91, 92, 93, 94, 95, 96, 97, 98, 99]
This is for the BaseNet initialization.
modelname, pretrained_vit_large_patch16_224_vpt basicmodelname vit_large_patch16_224
Using VPT model
Using Deep Prompt
After BaseNet initialization.
2026-01-13 02:05:05,558 [sec.py] => Learning on 0-60
2026-01-13 02:05:05,955 [sec.py] => All params: 309855232
2026-01-13 02:05:05,955 [sec.py] => Actual trainable params (excluding detached): 4915200
2026-01-13 02:05:05,955 [sec.py] => TSP active prompts: 60 (total: 60)
2026-01-13 02:05:05,956 [sec.py] => RSP active prompts: 60 (total: 60)
2026-01-13 02:05:05,956 [sec.py] => Excluded params: head, detached prompts
2026-01-13 02:05:05,956 [sec.py] => backbone.TSP.e_p_1: 184320
2026-01-13 02:05:05,956 [sec.py] => backbone.TSP.e_k_1: 61440
2026-01-13 02:05:05,956 [sec.py] => backbone.TSP.e_a_1: 61440
2026-01-13 02:05:05,956 [sec.py] => backbone.TSP.e_p_2: 184320
2026-01-13 02:05:05,956 [sec.py] => backbone.TSP.e_k_2: 61440
2026-01-13 02:05:05,956 [sec.py] => backbone.TSP.e_a_2: 61440
2026-01-13 02:05:05,956 [sec.py] => backbone.TSP.e_p_3: 184320
2026-01-13 02:05:05,956 [sec.py] => backbone.TSP.e_k_3: 61440
2026-01-13 02:05:05,956 [sec.py] => backbone.TSP.e_a_3: 61440
2026-01-13 02:05:05,956 [sec.py] => backbone.TSP.e_p_4: 184320
2026-01-13 02:05:05,956 [sec.py] => backbone.TSP.e_k_4: 61440
2026-01-13 02:05:05,956 [sec.py] => backbone.TSP.e_a_4: 61440
2026-01-13 02:05:05,956 [sec.py] => backbone.TSP.e_p_5: 184320
2026-01-13 02:05:05,956 [sec.py] => backbone.TSP.e_k_5: 61440
2026-01-13 02:05:05,956 [sec.py] => backbone.TSP.e_a_5: 61440
2026-01-13 02:05:05,956 [sec.py] => backbone.TSP.e_p_6: 184320
2026-01-13 02:05:05,956 [sec.py] => backbone.TSP.e_k_6: 61440
2026-01-13 02:05:05,956 [sec.py] => backbone.TSP.e_a_6: 61440
2026-01-13 02:05:05,956 [sec.py] => backbone.TSP.e_p_7: 184320
2026-01-13 02:05:05,956 [sec.py] => backbone.TSP.e_k_7: 61440
2026-01-13 02:05:05,956 [sec.py] => backbone.TSP.e_a_7: 61440
2026-01-13 02:05:05,956 [sec.py] => backbone.TSP.e_p_8: 184320
2026-01-13 02:05:05,956 [sec.py] => backbone.TSP.e_k_8: 61440
2026-01-13 02:05:05,957 [sec.py] => backbone.TSP.e_a_8: 61440
2026-01-13 02:05:05,957 [sec.py] => backbone.RSP.e_p_1: 184320
2026-01-13 02:05:05,957 [sec.py] => backbone.RSP.e_k_1: 61440
2026-01-13 02:05:05,957 [sec.py] => backbone.RSP.e_a_1: 61440
2026-01-13 02:05:05,957 [sec.py] => backbone.RSP.e_p_2: 184320
2026-01-13 02:05:05,957 [sec.py] => backbone.RSP.e_k_2: 61440
2026-01-13 02:05:05,957 [sec.py] => backbone.RSP.e_a_2: 61440
2026-01-13 02:05:05,957 [sec.py] => backbone.RSP.e_p_3: 184320
2026-01-13 02:05:05,957 [sec.py] => backbone.RSP.e_k_3: 61440
2026-01-13 02:05:05,957 [sec.py] => backbone.RSP.e_a_3: 61440
2026-01-13 02:05:05,957 [sec.py] => backbone.RSP.e_p_4: 184320
2026-01-13 02:05:05,957 [sec.py] => backbone.RSP.e_k_4: 61440
2026-01-13 02:05:05,957 [sec.py] => backbone.RSP.e_a_4: 61440
2026-01-13 02:05:05,957 [sec.py] => backbone.RSP.e_p_5: 184320
2026-01-13 02:05:05,957 [sec.py] => backbone.RSP.e_k_5: 61440
2026-01-13 02:05:05,957 [sec.py] => backbone.RSP.e_a_5: 61440
2026-01-13 02:05:05,957 [sec.py] => backbone.RSP.e_p_6: 184320
2026-01-13 02:05:05,957 [sec.py] => backbone.RSP.e_k_6: 61440
2026-01-13 02:05:05,957 [sec.py] => backbone.RSP.e_a_6: 61440
2026-01-13 02:05:05,957 [sec.py] => backbone.RSP.e_p_7: 184320
2026-01-13 02:05:05,957 [sec.py] => backbone.RSP.e_k_7: 61440
2026-01-13 02:05:05,957 [sec.py] => backbone.RSP.e_a_7: 61440
2026-01-13 02:05:05,957 [sec.py] => backbone.RSP.e_p_8: 184320
2026-01-13 02:05:05,957 [sec.py] => backbone.RSP.e_k_8: 61440
2026-01-13 02:05:05,957 [sec.py] => backbone.RSP.e_a_8: 61440
2026-01-13 02:05:05,992 [sec.py] => training set size: 30000, fc construct set size: 30000
/public/home/hanlida/Dr.1/Code/Research/Awesome-FSCIL/SEC-Prompt-main/backbone/zoo.py:214: UserWarning: Implicit dimension choice for softmax has been deprecated. Change the call to include dim=X as an argument.
  aq_k = torch.nn.functional.softmax(aq_k)
2026-01-13 12:39:27,840 [trainer.py] => CNN: {'total': 98.3, '00-59': 98.3, '60-64': 96.0, '65-69': 92.0, '70-74': 100.0, '75-79': 92.0, '80-84': 96.0, '85-89': 96.0, '90-94': 96.0, '95-99': 100.0, 'old': 0, 'new': 98.3}
2026-01-13 12:39:27,866 [trainer.py] => Top1 curve: [98.3]
2026-01-13 12:39:27,866 [trainer.py] => Average Accuracy (CNN): 98.30
2026-01-13 12:39:27,878 [sec.py] => Learning on 60-65
2026-01-13 12:39:27,887 [sec.py] => All params: 309855232
2026-01-13 12:39:27,887 [sec.py] => Actual trainable params (excluding detached): 204800
2026-01-13 12:39:27,887 [sec.py] => TSP active prompts: 5 (total: 65)
2026-01-13 12:39:27,887 [sec.py] => RSP active prompts: 0 (total: 60)
2026-01-13 12:39:27,887 [sec.py] => Excluded params: head, detached prompts
2026-01-13 12:39:27,887 [sec.py] => backbone.TSP.e_p_1: 15360
2026-01-13 12:39:27,887 [sec.py] => backbone.TSP.e_k_1: 5120
2026-01-13 12:39:27,887 [sec.py] => backbone.TSP.e_a_1: 5120
2026-01-13 12:39:27,887 [sec.py] => backbone.TSP.e_p_2: 15360
2026-01-13 12:39:27,888 [sec.py] => backbone.TSP.e_k_2: 5120
2026-01-13 12:39:27,888 [sec.py] => backbone.TSP.e_a_2: 5120
2026-01-13 12:39:27,888 [sec.py] => backbone.TSP.e_p_3: 15360
2026-01-13 12:39:27,888 [sec.py] => backbone.TSP.e_k_3: 5120
2026-01-13 12:39:27,888 [sec.py] => backbone.TSP.e_a_3: 5120
2026-01-13 12:39:27,888 [sec.py] => backbone.TSP.e_p_4: 15360
2026-01-13 12:39:27,888 [sec.py] => backbone.TSP.e_k_4: 5120
2026-01-13 12:39:27,888 [sec.py] => backbone.TSP.e_a_4: 5120
2026-01-13 12:39:27,888 [sec.py] => backbone.TSP.e_p_5: 15360
2026-01-13 12:39:27,888 [sec.py] => backbone.TSP.e_k_5: 5120
2026-01-13 12:39:27,888 [sec.py] => backbone.TSP.e_a_5: 5120
2026-01-13 12:39:27,888 [sec.py] => backbone.TSP.e_p_6: 15360
2026-01-13 12:39:27,888 [sec.py] => backbone.TSP.e_k_6: 5120
2026-01-13 12:39:27,888 [sec.py] => backbone.TSP.e_a_6: 5120
2026-01-13 12:39:27,889 [sec.py] => backbone.TSP.e_p_7: 15360
2026-01-13 12:39:27,889 [sec.py] => backbone.TSP.e_k_7: 5120
2026-01-13 12:39:27,889 [sec.py] => backbone.TSP.e_a_7: 5120
2026-01-13 12:39:27,889 [sec.py] => backbone.TSP.e_p_8: 15360
2026-01-13 12:39:27,889 [sec.py] => backbone.TSP.e_k_8: 5120
2026-01-13 12:39:27,889 [sec.py] => backbone.TSP.e_a_8: 5120
2026-01-13 12:39:27,917 [sec.py] => training set size: 25, fc construct set size: 25
2026-01-13 12:42:32,643 [trainer.py] => CNN: {'total': 98.18, '00-59': 98.17, '60-64': 98.4, '65-69': 84.0, '70-74': 96.0, '75-79': 100.0, '80-84': 92.0, '85-89': 84.0, '90-94': 96.0, '95-99': 100.0, 'old': 98.17, 'new': 98.4}
2026-01-13 12:42:32,643 [trainer.py] => Top1 curve: [98.3, 98.18]
2026-01-13 12:42:32,643 [trainer.py] => Average Accuracy (CNN): 98.24
2026-01-13 12:42:32,655 [sec.py] => Learning on 65-70
2026-01-13 12:42:32,662 [sec.py] => All params: 309855232
2026-01-13 12:42:32,662 [sec.py] => Actual trainable params (excluding detached): 204800
2026-01-13 12:42:32,662 [sec.py] => TSP active prompts: 5 (total: 70)
2026-01-13 12:42:32,662 [sec.py] => RSP active prompts: 0 (total: 60)
2026-01-13 12:42:32,662 [sec.py] => Excluded params: head, detached prompts
2026-01-13 12:42:32,662 [sec.py] => backbone.TSP.e_p_1: 15360
2026-01-13 12:42:32,662 [sec.py] => backbone.TSP.e_k_1: 5120
2026-01-13 12:42:32,662 [sec.py] => backbone.TSP.e_a_1: 5120
2026-01-13 12:42:32,662 [sec.py] => backbone.TSP.e_p_2: 15360
2026-01-13 12:42:32,662 [sec.py] => backbone.TSP.e_k_2: 5120
2026-01-13 12:42:32,662 [sec.py] => backbone.TSP.e_a_2: 5120
2026-01-13 12:42:32,662 [sec.py] => backbone.TSP.e_p_3: 15360
2026-01-13 12:42:32,662 [sec.py] => backbone.TSP.e_k_3: 5120
2026-01-13 12:42:32,663 [sec.py] => backbone.TSP.e_a_3: 5120
2026-01-13 12:42:32,663 [sec.py] => backbone.TSP.e_p_4: 15360
2026-01-13 12:42:32,663 [sec.py] => backbone.TSP.e_k_4: 5120
2026-01-13 12:42:32,663 [sec.py] => backbone.TSP.e_a_4: 5120
2026-01-13 12:42:32,663 [sec.py] => backbone.TSP.e_p_5: 15360
2026-01-13 12:42:32,663 [sec.py] => backbone.TSP.e_k_5: 5120
2026-01-13 12:42:32,663 [sec.py] => backbone.TSP.e_a_5: 5120
2026-01-13 12:42:32,663 [sec.py] => backbone.TSP.e_p_6: 15360
2026-01-13 12:42:32,663 [sec.py] => backbone.TSP.e_k_6: 5120
2026-01-13 12:42:32,663 [sec.py] => backbone.TSP.e_a_6: 5120
2026-01-13 12:42:32,663 [sec.py] => backbone.TSP.e_p_7: 15360
2026-01-13 12:42:32,663 [sec.py] => backbone.TSP.e_k_7: 5120
2026-01-13 12:42:32,663 [sec.py] => backbone.TSP.e_a_7: 5120
2026-01-13 12:42:32,663 [sec.py] => backbone.TSP.e_p_8: 15360
2026-01-13 12:42:32,663 [sec.py] => backbone.TSP.e_k_8: 5120
2026-01-13 12:42:32,663 [sec.py] => backbone.TSP.e_a_8: 5120
2026-01-13 12:42:32,679 [sec.py] => training set size: 25, fc construct set size: 25
2026-01-13 12:45:45,385 [trainer.py] => CNN: {'total': 97.6, '00-59': 98.08, '60-64': 98.6, '65-69': 90.8, '70-74': 100.0, '75-79': 92.0, '80-84': 96.0, '85-89': 96.0, '90-94': 100.0, '95-99': 96.0, 'old': 98.12, 'new': 90.8}
2026-01-13 12:45:45,385 [trainer.py] => Top1 curve: [98.3, 98.18, 97.6]
2026-01-13 12:45:45,385 [trainer.py] => Average Accuracy (CNN): 98.03
2026-01-13 12:45:45,398 [sec.py] => Learning on 70-75
2026-01-13 12:45:45,404 [sec.py] => All params: 309855232
2026-01-13 12:45:45,404 [sec.py] => Actual trainable params (excluding detached): 204800
2026-01-13 12:45:45,404 [sec.py] => TSP active prompts: 5 (total: 75)
2026-01-13 12:45:45,404 [sec.py] => RSP active prompts: 0 (total: 60)
2026-01-13 12:45:45,404 [sec.py] => Excluded params: head, detached prompts
2026-01-13 12:45:45,404 [sec.py] => backbone.TSP.e_p_1: 15360
2026-01-13 12:45:45,404 [sec.py] => backbone.TSP.e_k_1: 5120
2026-01-13 12:45:45,404 [sec.py] => backbone.TSP.e_a_1: 5120
2026-01-13 12:45:45,405 [sec.py] => backbone.TSP.e_p_2: 15360
2026-01-13 12:45:45,405 [sec.py] => backbone.TSP.e_k_2: 5120
2026-01-13 12:45:45,405 [sec.py] => backbone.TSP.e_a_2: 5120
2026-01-13 12:45:45,405 [sec.py] => backbone.TSP.e_p_3: 15360
2026-01-13 12:45:45,405 [sec.py] => backbone.TSP.e_k_3: 5120
2026-01-13 12:45:45,405 [sec.py] => backbone.TSP.e_a_3: 5120
2026-01-13 12:45:45,405 [sec.py] => backbone.TSP.e_p_4: 15360
2026-01-13 12:45:45,405 [sec.py] => backbone.TSP.e_k_4: 5120
2026-01-13 12:45:45,405 [sec.py] => backbone.TSP.e_a_4: 5120
2026-01-13 12:45:45,405 [sec.py] => backbone.TSP.e_p_5: 15360
2026-01-13 12:45:45,405 [sec.py] => backbone.TSP.e_k_5: 5120
2026-01-13 12:45:45,405 [sec.py] => backbone.TSP.e_a_5: 5120
2026-01-13 12:45:45,405 [sec.py] => backbone.TSP.e_p_6: 15360
2026-01-13 12:45:45,405 [sec.py] => backbone.TSP.e_k_6: 5120
2026-01-13 12:45:45,405 [sec.py] => backbone.TSP.e_a_6: 5120
2026-01-13 12:45:45,405 [sec.py] => backbone.TSP.e_p_7: 15360
2026-01-13 12:45:45,405 [sec.py] => backbone.TSP.e_k_7: 5120
2026-01-13 12:45:45,405 [sec.py] => backbone.TSP.e_a_7: 5120
2026-01-13 12:45:45,405 [sec.py] => backbone.TSP.e_p_8: 15360
2026-01-13 12:45:45,405 [sec.py] => backbone.TSP.e_k_8: 5120
2026-01-13 12:45:45,405 [sec.py] => backbone.TSP.e_a_8: 5120
2026-01-13 12:45:45,423 [sec.py] => training set size: 25, fc construct set size: 25
2026-01-13 12:49:07,152 [trainer.py] => CNN: {'total': 97.63, '00-59': 98.1, '60-64': 98.2, '65-69': 90.8, '70-74': 98.2, '75-79': 96.0, '80-84': 96.0, '85-89': 96.0, '90-94': 96.0, '95-99': 100.0, 'old': 97.59, 'new': 98.2}
2026-01-13 12:49:07,152 [trainer.py] => Top1 curve: [98.3, 98.18, 97.6, 97.63]
2026-01-13 12:49:07,153 [trainer.py] => Average Accuracy (CNN): 97.93
2026-01-13 12:49:07,164 [sec.py] => Learning on 75-80
2026-01-13 12:49:07,170 [sec.py] => All params: 309855232
2026-01-13 12:49:07,170 [sec.py] => Actual trainable params (excluding detached): 204800
2026-01-13 12:49:07,170 [sec.py] => TSP active prompts: 5 (total: 80)
2026-01-13 12:49:07,170 [sec.py] => RSP active prompts: 0 (total: 60)
2026-01-13 12:49:07,170 [sec.py] => Excluded params: head, detached prompts
2026-01-13 12:49:07,170 [sec.py] => backbone.TSP.e_p_1: 15360
2026-01-13 12:49:07,170 [sec.py] => backbone.TSP.e_k_1: 5120
2026-01-13 12:49:07,170 [sec.py] => backbone.TSP.e_a_1: 5120
2026-01-13 12:49:07,170 [sec.py] => backbone.TSP.e_p_2: 15360
2026-01-13 12:49:07,170 [sec.py] => backbone.TSP.e_k_2: 5120
2026-01-13 12:49:07,170 [sec.py] => backbone.TSP.e_a_2: 5120
2026-01-13 12:49:07,170 [sec.py] => backbone.TSP.e_p_3: 15360
2026-01-13 12:49:07,170 [sec.py] => backbone.TSP.e_k_3: 5120
2026-01-13 12:49:07,170 [sec.py] => backbone.TSP.e_a_3: 5120
2026-01-13 12:49:07,170 [sec.py] => backbone.TSP.e_p_4: 15360
2026-01-13 12:49:07,170 [sec.py] => backbone.TSP.e_k_4: 5120
2026-01-13 12:49:07,170 [sec.py] => backbone.TSP.e_a_4: 5120
2026-01-13 12:49:07,170 [sec.py] => backbone.TSP.e_p_5: 15360
2026-01-13 12:49:07,170 [sec.py] => backbone.TSP.e_k_5: 5120
2026-01-13 12:49:07,171 [sec.py] => backbone.TSP.e_a_5: 5120
2026-01-13 12:49:07,171 [sec.py] => backbone.TSP.e_p_6: 15360
2026-01-13 12:49:07,171 [sec.py] => backbone.TSP.e_k_6: 5120
2026-01-13 12:49:07,171 [sec.py] => backbone.TSP.e_a_6: 5120
2026-01-13 12:49:07,171 [sec.py] => backbone.TSP.e_p_7: 15360
2026-01-13 12:49:07,171 [sec.py] => backbone.TSP.e_k_7: 5120
2026-01-13 12:49:07,171 [sec.py] => backbone.TSP.e_a_7: 5120
2026-01-13 12:49:07,171 [sec.py] => backbone.TSP.e_p_8: 15360
2026-01-13 12:49:07,171 [sec.py] => backbone.TSP.e_k_8: 5120
2026-01-13 12:49:07,171 [sec.py] => backbone.TSP.e_a_8: 5120
2026-01-13 12:49:07,184 [sec.py] => training set size: 25, fc construct set size: 25
2026-01-13 12:52:37,059 [trainer.py] => CNN: {'total': 97.6, '00-59': 98.0, '60-64': 98.0, '65-69': 91.0, '70-74': 98.2, '75-79': 98.4, '80-84': 96.0, '85-89': 92.0, '90-94': 92.0, '95-99': 100.0, 'old': 97.55, 'new': 98.4}
2026-01-13 12:52:37,059 [trainer.py] => Top1 curve: [98.3, 98.18, 97.6, 97.63, 97.6]
2026-01-13 12:52:37,059 [trainer.py] => Average Accuracy (CNN): 97.86
2026-01-13 12:52:37,073 [sec.py] => Learning on 80-85
2026-01-13 12:52:37,080 [sec.py] => All params: 309855232
2026-01-13 12:52:37,080 [sec.py] => Actual trainable params (excluding detached): 204800
2026-01-13 12:52:37,080 [sec.py] => TSP active prompts: 5 (total: 85)
2026-01-13 12:52:37,080 [sec.py] => RSP active prompts: 0 (total: 60)
2026-01-13 12:52:37,080 [sec.py] => Excluded params: head, detached prompts
2026-01-13 12:52:37,080 [sec.py] => backbone.TSP.e_p_1: 15360
2026-01-13 12:52:37,080 [sec.py] => backbone.TSP.e_k_1: 5120
2026-01-13 12:52:37,080 [sec.py] => backbone.TSP.e_a_1: 5120
2026-01-13 12:52:37,080 [sec.py] => backbone.TSP.e_p_2: 15360
2026-01-13 12:52:37,081 [sec.py] => backbone.TSP.e_k_2: 5120
2026-01-13 12:52:37,081 [sec.py] => backbone.TSP.e_a_2: 5120
2026-01-13 12:52:37,081 [sec.py] => backbone.TSP.e_p_3: 15360
2026-01-13 12:52:37,081 [sec.py] => backbone.TSP.e_k_3: 5120
2026-01-13 12:52:37,081 [sec.py] => backbone.TSP.e_a_3: 5120
2026-01-13 12:52:37,081 [sec.py] => backbone.TSP.e_p_4: 15360
2026-01-13 12:52:37,081 [sec.py] => backbone.TSP.e_k_4: 5120
2026-01-13 12:52:37,081 [sec.py] => backbone.TSP.e_a_4: 5120
2026-01-13 12:52:37,081 [sec.py] => backbone.TSP.e_p_5: 15360
2026-01-13 12:52:37,081 [sec.py] => backbone.TSP.e_k_5: 5120
2026-01-13 12:52:37,081 [sec.py] => backbone.TSP.e_a_5: 5120
2026-01-13 12:52:37,081 [sec.py] => backbone.TSP.e_p_6: 15360
2026-01-13 12:52:37,081 [sec.py] => backbone.TSP.e_k_6: 5120
2026-01-13 12:52:37,081 [sec.py] => backbone.TSP.e_a_6: 5120
2026-01-13 12:52:37,081 [sec.py] => backbone.TSP.e_p_7: 15360
2026-01-13 12:52:37,081 [sec.py] => backbone.TSP.e_k_7: 5120
2026-01-13 12:52:37,081 [sec.py] => backbone.TSP.e_a_7: 5120
2026-01-13 12:52:37,081 [sec.py] => backbone.TSP.e_p_8: 15360
2026-01-13 12:52:37,081 [sec.py] => backbone.TSP.e_k_8: 5120
2026-01-13 12:52:37,081 [sec.py] => backbone.TSP.e_a_8: 5120
2026-01-13 12:52:37,096 [sec.py] => training set size: 25, fc construct set size: 25
2026-01-13 12:56:16,648 [trainer.py] => CNN: {'total': 97.31, '00-59': 97.78, '60-64': 97.6, '65-69': 91.0, '70-74': 98.0, '75-79': 98.4, '80-84': 95.8, '85-89': 100.0, '90-94': 96.0, '95-99': 100.0, 'old': 97.4, 'new': 95.8}
2026-01-13 12:56:16,649 [trainer.py] => Top1 curve: [98.3, 98.18, 97.6, 97.63, 97.6, 97.31]
2026-01-13 12:56:16,649 [trainer.py] => Average Accuracy (CNN): 97.77
2026-01-13 12:56:16,672 [sec.py] => Learning on 85-90
2026-01-13 12:56:16,680 [sec.py] => All params: 309855232
2026-01-13 12:56:16,680 [sec.py] => Actual trainable params (excluding detached): 204800
2026-01-13 12:56:16,680 [sec.py] => TSP active prompts: 5 (total: 90)
2026-01-13 12:56:16,680 [sec.py] => RSP active prompts: 0 (total: 60)
2026-01-13 12:56:16,680 [sec.py] => Excluded params: head, detached prompts
2026-01-13 12:56:16,681 [sec.py] => backbone.TSP.e_p_1: 15360
2026-01-13 12:56:16,681 [sec.py] => backbone.TSP.e_k_1: 5120
2026-01-13 12:56:16,681 [sec.py] => backbone.TSP.e_a_1: 5120
2026-01-13 12:56:16,681 [sec.py] => backbone.TSP.e_p_2: 15360
2026-01-13 12:56:16,681 [sec.py] => backbone.TSP.e_k_2: 5120
2026-01-13 12:56:16,681 [sec.py] => backbone.TSP.e_a_2: 5120
2026-01-13 12:56:16,681 [sec.py] => backbone.TSP.e_p_3: 15360
2026-01-13 12:56:16,681 [sec.py] => backbone.TSP.e_k_3: 5120
2026-01-13 12:56:16,681 [sec.py] => backbone.TSP.e_a_3: 5120
2026-01-13 12:56:16,681 [sec.py] => backbone.TSP.e_p_4: 15360
2026-01-13 12:56:16,681 [sec.py] => backbone.TSP.e_k_4: 5120
2026-01-13 12:56:16,682 [sec.py] => backbone.TSP.e_a_4: 5120
2026-01-13 12:56:16,682 [sec.py] => backbone.TSP.e_p_5: 15360
2026-01-13 12:56:16,682 [sec.py] => backbone.TSP.e_k_5: 5120
2026-01-13 12:56:16,682 [sec.py] => backbone.TSP.e_a_5: 5120
2026-01-13 12:56:16,682 [sec.py] => backbone.TSP.e_p_6: 15360
2026-01-13 12:56:16,682 [sec.py] => backbone.TSP.e_k_6: 5120
2026-01-13 12:56:16,682 [sec.py] => backbone.TSP.e_a_6: 5120
2026-01-13 12:56:16,682 [sec.py] => backbone.TSP.e_p_7: 15360
2026-01-13 12:56:16,682 [sec.py] => backbone.TSP.e_k_7: 5120
2026-01-13 12:56:16,682 [sec.py] => backbone.TSP.e_a_7: 5120
2026-01-13 12:56:16,682 [sec.py] => backbone.TSP.e_p_8: 15360
2026-01-13 12:56:16,682 [sec.py] => backbone.TSP.e_k_8: 5120
2026-01-13 12:56:16,683 [sec.py] => backbone.TSP.e_a_8: 5120
2026-01-13 12:56:16,703 [sec.py] => training set size: 25, fc construct set size: 25
2026-01-13 13:00:04,416 [trainer.py] => CNN: {'total': 97.09, '00-59': 97.65, '60-64': 97.6, '65-69': 91.6, '70-74': 98.2, '75-79': 98.6, '80-84': 95.8, '85-89': 94.0, '90-94': 96.0, '95-99': 96.0, 'old': 97.27, 'new': 94.0}
2026-01-13 13:00:04,416 [trainer.py] => Top1 curve: [98.3, 98.18, 97.6, 97.63, 97.6, 97.31, 97.09]
2026-01-13 13:00:04,416 [trainer.py] => Average Accuracy (CNN): 97.67
2026-01-13 13:00:04,427 [sec.py] => Learning on 90-95
2026-01-13 13:00:04,434 [sec.py] => All params: 309855232
2026-01-13 13:00:04,434 [sec.py] => Actual trainable params (excluding detached): 204800
2026-01-13 13:00:04,434 [sec.py] => TSP active prompts: 5 (total: 95)
2026-01-13 13:00:04,434 [sec.py] => RSP active prompts: 0 (total: 60)
2026-01-13 13:00:04,434 [sec.py] => Excluded params: head, detached prompts
2026-01-13 13:00:04,434 [sec.py] => backbone.TSP.e_p_1: 15360
2026-01-13 13:00:04,434 [sec.py] => backbone.TSP.e_k_1: 5120
2026-01-13 13:00:04,434 [sec.py] => backbone.TSP.e_a_1: 5120
2026-01-13 13:00:04,434 [sec.py] => backbone.TSP.e_p_2: 15360
2026-01-13 13:00:04,434 [sec.py] => backbone.TSP.e_k_2: 5120
2026-01-13 13:00:04,434 [sec.py] => backbone.TSP.e_a_2: 5120
2026-01-13 13:00:04,434 [sec.py] => backbone.TSP.e_p_3: 15360
2026-01-13 13:00:04,435 [sec.py] => backbone.TSP.e_k_3: 5120
2026-01-13 13:00:04,435 [sec.py] => backbone.TSP.e_a_3: 5120
2026-01-13 13:00:04,435 [sec.py] => backbone.TSP.e_p_4: 15360
2026-01-13 13:00:04,435 [sec.py] => backbone.TSP.e_k_4: 5120
2026-01-13 13:00:04,435 [sec.py] => backbone.TSP.e_a_4: 5120
2026-01-13 13:00:04,435 [sec.py] => backbone.TSP.e_p_5: 15360
2026-01-13 13:00:04,435 [sec.py] => backbone.TSP.e_k_5: 5120
2026-01-13 13:00:04,435 [sec.py] => backbone.TSP.e_a_5: 5120
2026-01-13 13:00:04,435 [sec.py] => backbone.TSP.e_p_6: 15360
2026-01-13 13:00:04,435 [sec.py] => backbone.TSP.e_k_6: 5120
2026-01-13 13:00:04,435 [sec.py] => backbone.TSP.e_a_6: 5120
2026-01-13 13:00:04,435 [sec.py] => backbone.TSP.e_p_7: 15360
2026-01-13 13:00:04,435 [sec.py] => backbone.TSP.e_k_7: 5120
2026-01-13 13:00:04,435 [sec.py] => backbone.TSP.e_a_7: 5120
2026-01-13 13:00:04,435 [sec.py] => backbone.TSP.e_p_8: 15360
2026-01-13 13:00:04,435 [sec.py] => backbone.TSP.e_k_8: 5120
2026-01-13 13:00:04,435 [sec.py] => backbone.TSP.e_a_8: 5120
2026-01-13 13:00:04,444 [sec.py] => training set size: 25, fc construct set size: 25
2026-01-13 13:04:02,263 [trainer.py] => CNN: {'total': 97.14, '00-59': 97.58, '60-64': 97.8, '65-69': 92.0, '70-74': 98.2, '75-79': 98.4, '80-84': 95.4, '85-89': 93.8, '90-94': 99.0, '95-99': 100.0, 'old': 97.03, 'new': 99.0}
2026-01-13 13:04:02,288 [trainer.py] => Top1 curve: [98.3, 98.18, 97.6, 97.63, 97.6, 97.31, 97.09, 97.14]
2026-01-13 13:04:02,288 [trainer.py] => Average Accuracy (CNN): 97.61
2026-01-13 13:04:02,301 [sec.py] => Learning on 95-100
2026-01-13 13:04:02,307 [sec.py] => All params: 309855232
2026-01-13 13:04:02,307 [sec.py] => Actual trainable params (excluding detached): 204800
2026-01-13 13:04:02,307 [sec.py] => TSP active prompts: 5 (total: 100)
2026-01-13 13:04:02,307 [sec.py] => RSP active prompts: 0 (total: 60)
2026-01-13 13:04:02,307 [sec.py] => Excluded params: head, detached prompts
2026-01-13 13:04:02,307 [sec.py] => backbone.TSP.e_p_1: 15360
2026-01-13 13:04:02,307 [sec.py] => backbone.TSP.e_k_1: 5120
2026-01-13 13:04:02,307 [sec.py] => backbone.TSP.e_a_1: 5120
2026-01-13 13:04:02,307 [sec.py] => backbone.TSP.e_p_2: 15360
2026-01-13 13:04:02,307 [sec.py] => backbone.TSP.e_k_2: 5120
2026-01-13 13:04:02,307 [sec.py] => backbone.TSP.e_a_2: 5120
2026-01-13 13:04:02,307 [sec.py] => backbone.TSP.e_p_3: 15360
2026-01-13 13:04:02,307 [sec.py] => backbone.TSP.e_k_3: 5120
2026-01-13 13:04:02,307 [sec.py] => backbone.TSP.e_a_3: 5120
2026-01-13 13:04:02,307 [sec.py] => backbone.TSP.e_p_4: 15360
2026-01-13 13:04:02,308 [sec.py] => backbone.TSP.e_k_4: 5120
2026-01-13 13:04:02,308 [sec.py] => backbone.TSP.e_a_4: 5120
2026-01-13 13:04:02,308 [sec.py] => backbone.TSP.e_p_5: 15360
2026-01-13 13:04:02,308 [sec.py] => backbone.TSP.e_k_5: 5120
2026-01-13 13:04:02,308 [sec.py] => backbone.TSP.e_a_5: 5120
2026-01-13 13:04:02,308 [sec.py] => backbone.TSP.e_p_6: 15360
2026-01-13 13:04:02,308 [sec.py] => backbone.TSP.e_k_6: 5120
2026-01-13 13:04:02,308 [sec.py] => backbone.TSP.e_a_6: 5120
2026-01-13 13:04:02,308 [sec.py] => backbone.TSP.e_p_7: 15360
2026-01-13 13:04:02,308 [sec.py] => backbone.TSP.e_k_7: 5120
2026-01-13 13:04:02,308 [sec.py] => backbone.TSP.e_a_7: 5120
2026-01-13 13:04:02,308 [sec.py] => backbone.TSP.e_p_8: 15360
2026-01-13 13:04:02,308 [sec.py] => backbone.TSP.e_k_8: 5120
2026-01-13 13:04:02,308 [sec.py] => backbone.TSP.e_a_8: 5120
2026-01-13 13:04:02,316 [sec.py] => training set size: 25, fc construct set size: 25
2026-01-13 13:08:07,509 [trainer.py] => CNN: {'total': 97.05, '00-59': 97.37, '60-64': 97.8, '65-69': 92.4, '70-74': 98.2, '75-79': 98.4, '80-84': 95.6, '85-89': 93.8, '90-94': 99.0, '95-99': 97.4, 'old': 97.03, 'new': 97.4}
2026-01-13 13:08:07,509 [trainer.py] => Top1 curve: [98.3, 98.18, 97.6, 97.63, 97.6, 97.31, 97.09, 97.14, 97.05]
2026-01-13 13:08:07,510 [trainer.py] => Average Accuracy (CNN): 97.54

================================================================================
Finished mini_imagenet_init60_inc5: pretrained_vit_large_patch16_224_vpt  
Base Accuracy: 98.3
Last Accuracy: 97.05
Average Accuracy (Top1): 97.54
PD: 1.25
Backward Transfer (BWT): -0.04
Accuracy Matrix (CNN):
[[ 98.3   96.    92.   100.    92.    96.    96.    96.   100.  ]
 [ 98.17  98.4   84.    96.   100.    92.    84.    96.   100.  ]
 [ 98.08  98.6   90.8  100.    92.    96.    96.   100.    96.  ]
 [ 98.1   98.2   90.8   98.2   96.    96.    96.    96.   100.  ]
 [ 98.    98.    91.    98.2   98.4   96.    92.    92.   100.  ]
 [ 97.78  97.6   91.    98.    98.4   95.8  100.    96.   100.  ]
 [ 97.65  97.6   91.6   98.2   98.6   95.8   94.    96.    96.  ]
 [ 97.58  97.8   92.    98.2   98.4   95.4   93.8   99.   100.  ]
 [ 97.37  97.8   92.4   98.2   98.4   95.6   93.8   99.    97.4 ]]
================================================================================


================================================================================
Training Statistics for SEC-Prompt
================================================================================
Task    Params ↓    GPU ↓       Time/Epoch ↓
================================================================================
Task 0  4.92M       5078.34MiB  1264.52s    
Task 1  0.20M       10693.23MiB 4.98s       
Task 2  0.20M       10701.23MiB 4.91s       
Task 3  0.20M       10715.57MiB 4.92s       
Task 4  0.20M       10725.92MiB 5.02s       
Task 5  0.20M       10738.43MiB 4.95s       
Task 6  0.20M       10752.12MiB 4.92s       
Task 7  0.20M       10765.99MiB 4.97s       
Task 8  0.20M       10777.28MiB 4.98s       
--------------------------------------------------------------------------------
Average 0.73M    10105.35MiB    144.91s
Max GPU             10777.28MiB
Total   6.55M                        38332.12s
================================================================================

