nohup: ignoring input
2026-01-11 12:35:34,147 [trainer.py] => config: ./configs/simplecil/IN1K/simplecil_cub_B100_Inc5.json
2026-01-11 12:35:34,161 [trainer.py] => prefix:  
2026-01-11 12:35:34,161 [trainer.py] => dataset: cub
2026-01-11 12:35:34,161 [trainer.py] => memory_size: 0
2026-01-11 12:35:34,161 [trainer.py] => memory_per_class: 0
2026-01-11 12:35:34,161 [trainer.py] => fixed_memory: False
2026-01-11 12:35:34,161 [trainer.py] => shuffle: False
2026-01-11 12:35:34,161 [trainer.py] => init_cls: 100
2026-01-11 12:35:34,161 [trainer.py] => increment: 5
2026-01-11 12:35:34,161 [trainer.py] => model_name: simplecil
2026-01-11 12:35:34,161 [trainer.py] => backbone_type: pretrained_vit_b16_224
2026-01-11 12:35:34,161 [trainer.py] => device: [device(type='cuda', index=1)]
2026-01-11 12:35:34,161 [trainer.py] => seed: 1993
2026-01-11 12:35:34,161 [trainer.py] => kshot: 5
2026-01-11 12:35:34,161 [trainer.py] => tuned_epoch: 1
2026-01-11 12:35:34,161 [trainer.py] => init_lr: 0.01
2026-01-11 12:35:34,161 [trainer.py] => batch_size: 256
2026-01-11 12:35:34,161 [trainer.py] => weight_decay: 0.05
2026-01-11 12:35:34,161 [trainer.py] => min_lr: 1e-08
2026-01-11 12:35:34,161 [trainer.py] => optimizer: sgd
2026-01-11 12:35:34,161 [trainer.py] => vpt_type: shallow
2026-01-11 12:35:34,161 [trainer.py] => prompt_token_num: 3
2026-01-11 12:35:34,161 [trainer.py] => gpu_models: ['NVIDIA A800 80GB PCIe']
2026-01-11 12:35:34,347 [data_manager.py] => [0, 1, 2, 3, 4, 5, 6, 7, 8, 9, 10, 11, 12, 13, 14, 15, 16, 17, 18, 19, 20, 21, 22, 23, 24, 25, 26, 27, 28, 29, 30, 31, 32, 33, 34, 35, 36, 37, 38, 39, 40, 41, 42, 43, 44, 45, 46, 47, 48, 49, 50, 51, 52, 53, 54, 55, 56, 57, 58, 59, 60, 61, 62, 63, 64, 65, 66, 67, 68, 69, 70, 71, 72, 73, 74, 75, 76, 77, 78, 79, 80, 81, 82, 83, 84, 85, 86, 87, 88, 89, 90, 91, 92, 93, 94, 95, 96, 97, 98, 99, 100, 101, 102, 103, 104, 105, 106, 107, 108, 109, 110, 111, 112, 113, 114, 115, 116, 117, 118, 119, 120, 121, 122, 123, 124, 125, 126, 127, 128, 129, 130, 131, 132, 133, 134, 135, 136, 137, 138, 139, 140, 141, 142, 143, 144, 145, 146, 147, 148, 149, 150, 151, 152, 153, 154, 155, 156, 157, 158, 159, 160, 161, 162, 163, 164, 165, 166, 167, 168, 169, 170, 171, 172, 173, 174, 175, 176, 177, 178, 179, 180, 181, 182, 183, 184, 185, 186, 187, 188, 189, 190, 191, 192, 193, 194, 195, 196, 197, 198, 199]
This is for the BaseNet initialization.
After BaseNet initialization.
2026-01-11 12:35:39,013 [trainer.py] => All params: 85952257
2026-01-11 12:35:39,014 [trainer.py] => Trainable params: 85952257
2026-01-11 12:35:39,305 [simplecil.py] => Learning on 0-100
2026-01-11 12:36:24,475 [trainer.py] => CNN: {'total': 86.25, '00-99': 86.25, '100-104': 96.0, '105-109': 80.0, '110-114': 92.0, '115-119': 88.0, '120-124': 80.0, '125-129': 76.0, '130-134': 72.0, '135-139': 64.0, '140-144': 80.0, '145-149': 80.0, '150-154': 88.0, '155-159': 92.0, '160-164': 88.0, '165-169': 80.0, '170-174': 80.0, '175-179': 92.0, '180-184': 76.0, '185-189': 72.0, '190-194': 96.0, '195-199': 72.0, 'old': 0, 'new': 86.25}
2026-01-11 12:36:24,475 [trainer.py] => CNN top1 curve: [86.25]
2026-01-11 12:36:24,475 [trainer.py] => Average Accuracy (CNN): 86.25 

2026-01-11 12:36:24,476 [trainer.py] => All params: 86029058
2026-01-11 12:36:24,476 [trainer.py] => Trainable params: 86029058
2026-01-11 12:36:24,478 [simplecil.py] => Learning on 100-105
2026-01-11 12:36:40,895 [trainer.py] => CNN: {'total': 85.14, '00-99': 86.25, '100-104': 57.45, '105-109': 96.0, '110-114': 88.0, '115-119': 76.0, '120-124': 84.0, '125-129': 92.0, '130-134': 92.0, '135-139': 96.0, '140-144': 88.0, '145-149': 80.0, '150-154': 76.0, '155-159': 88.0, '160-164': 96.0, '165-169': 56.0, '170-174': 96.0, '175-179': 84.0, '180-184': 76.0, '185-189': 84.0, '190-194': 100.0, '195-199': 96.0, 'old': 86.25, 'new': 57.45}
2026-01-11 12:36:40,897 [trainer.py] => CNN top1 curve: [86.25, 85.14]
2026-01-11 12:36:40,897 [trainer.py] => Average Accuracy (CNN): 85.7 

2026-01-11 12:36:40,899 [trainer.py] => All params: 86032898
2026-01-11 12:36:40,901 [trainer.py] => Trainable params: 86032898
2026-01-11 12:36:40,907 [simplecil.py] => Learning on 105-110
2026-01-11 12:36:57,560 [trainer.py] => CNN: {'total': 84.02, '00-99': 86.08, '100-104': 57.45, '105-109': 61.54, '110-114': 88.0, '115-119': 88.0, '120-124': 88.0, '125-129': 92.0, '130-134': 88.0, '135-139': 96.0, '140-144': 72.0, '145-149': 80.0, '150-154': 88.0, '155-159': 72.0, '160-164': 76.0, '165-169': 96.0, '170-174': 76.0, '175-179': 92.0, '180-184': 76.0, '185-189': 92.0, '190-194': 84.0, '195-199': 88.0, 'old': 84.98, 'new': 61.54}
2026-01-11 12:36:57,561 [trainer.py] => CNN top1 curve: [86.25, 85.14, 84.02]
2026-01-11 12:36:57,561 [trainer.py] => Average Accuracy (CNN): 85.14 

2026-01-11 12:36:57,563 [trainer.py] => All params: 86036738
2026-01-11 12:36:57,564 [trainer.py] => Trainable params: 86036738
2026-01-11 12:36:57,571 [simplecil.py] => Learning on 110-115
2026-01-11 12:37:14,092 [trainer.py] => CNN: {'total': 83.5, '00-99': 86.08, '100-104': 57.45, '105-109': 61.54, '110-114': 71.93, '115-119': 84.0, '120-124': 80.0, '125-129': 84.0, '130-134': 64.0, '135-139': 80.0, '140-144': 80.0, '145-149': 96.0, '150-154': 80.0, '155-159': 92.0, '160-164': 92.0, '165-169': 88.0, '170-174': 92.0, '175-179': 84.0, '180-184': 76.0, '185-189': 96.0, '190-194': 88.0, '195-199': 92.0, 'old': 84.02, 'new': 71.93}
2026-01-11 12:37:14,092 [trainer.py] => CNN top1 curve: [86.25, 85.14, 84.02, 83.5]
2026-01-11 12:37:14,092 [trainer.py] => Average Accuracy (CNN): 84.73 

2026-01-11 12:37:14,093 [trainer.py] => All params: 86040578
2026-01-11 12:37:14,093 [trainer.py] => Trainable params: 86040578
2026-01-11 12:37:14,095 [simplecil.py] => Learning on 115-120
2026-01-11 12:37:30,407 [trainer.py] => CNN: {'total': 81.84, '00-99': 86.08, '100-104': 57.45, '105-109': 61.54, '110-114': 59.65, '115-119': 59.09, '120-124': 88.0, '125-129': 76.0, '130-134': 88.0, '135-139': 92.0, '140-144': 80.0, '145-149': 84.0, '150-154': 76.0, '155-159': 84.0, '160-164': 92.0, '165-169': 76.0, '170-174': 92.0, '175-179': 76.0, '180-184': 88.0, '185-189': 96.0, '190-194': 92.0, '195-199': 88.0, 'old': 82.97, 'new': 59.09}
2026-01-11 12:37:30,408 [trainer.py] => CNN top1 curve: [86.25, 85.14, 84.02, 83.5, 81.84]
2026-01-11 12:37:30,408 [trainer.py] => Average Accuracy (CNN): 84.15 

2026-01-11 12:37:30,408 [trainer.py] => All params: 86044418
2026-01-11 12:37:30,409 [trainer.py] => Trainable params: 86044418
2026-01-11 12:37:30,413 [simplecil.py] => Learning on 120-125
2026-01-11 12:37:46,693 [trainer.py] => CNN: {'total': 81.21, '00-99': 86.08, '100-104': 57.45, '105-109': 61.54, '110-114': 57.89, '115-119': 57.58, '120-124': 67.35, '125-129': 84.0, '130-134': 88.0, '135-139': 88.0, '140-144': 92.0, '145-149': 88.0, '150-154': 96.0, '155-159': 76.0, '160-164': 84.0, '165-169': 76.0, '170-174': 80.0, '175-179': 96.0, '180-184': 84.0, '185-189': 96.0, '190-194': 96.0, '195-199': 88.0, 'old': 81.69, 'new': 67.35}
2026-01-11 12:37:46,694 [trainer.py] => CNN top1 curve: [86.25, 85.14, 84.02, 83.5, 81.84, 81.21]
2026-01-11 12:37:46,694 [trainer.py] => Average Accuracy (CNN): 83.66 

2026-01-11 12:37:46,696 [trainer.py] => All params: 86048258
2026-01-11 12:37:46,698 [trainer.py] => Trainable params: 86048258
2026-01-11 12:37:46,704 [simplecil.py] => Learning on 125-130
2026-01-11 12:38:03,383 [trainer.py] => CNN: {'total': 79.8, '00-99': 86.08, '100-104': 57.45, '105-109': 61.54, '110-114': 57.89, '115-119': 57.58, '120-124': 65.31, '125-129': 49.21, '130-134': 88.0, '135-139': 84.0, '140-144': 64.0, '145-149': 96.0, '150-154': 88.0, '155-159': 76.0, '160-164': 80.0, '165-169': 72.0, '170-174': 92.0, '175-179': 84.0, '180-184': 92.0, '185-189': 96.0, '190-194': 96.0, '195-199': 92.0, 'old': 81.14, 'new': 49.21}
2026-01-11 12:38:03,384 [trainer.py] => CNN top1 curve: [86.25, 85.14, 84.02, 83.5, 81.84, 81.21, 79.8]
2026-01-11 12:38:03,384 [trainer.py] => Average Accuracy (CNN): 83.11 

2026-01-11 12:38:03,384 [trainer.py] => All params: 86052098
2026-01-11 12:38:03,385 [trainer.py] => Trainable params: 86052098
2026-01-11 12:38:03,389 [simplecil.py] => Learning on 130-135
2026-01-11 12:38:19,905 [trainer.py] => CNN: {'total': 79.32, '00-99': 86.08, '100-104': 57.45, '105-109': 61.54, '110-114': 57.89, '115-119': 54.55, '120-124': 65.31, '125-129': 46.03, '130-134': 75.0, '135-139': 88.0, '140-144': 72.0, '145-149': 84.0, '150-154': 88.0, '155-159': 80.0, '160-164': 92.0, '165-169': 80.0, '170-174': 88.0, '175-179': 72.0, '180-184': 92.0, '185-189': 96.0, '190-194': 100.0, '195-199': 96.0, 'old': 79.53, 'new': 75.0}
2026-01-11 12:38:19,906 [trainer.py] => CNN top1 curve: [86.25, 85.14, 84.02, 83.5, 81.84, 81.21, 79.8, 79.32]
2026-01-11 12:38:19,906 [trainer.py] => Average Accuracy (CNN): 82.64 

2026-01-11 12:38:19,906 [trainer.py] => All params: 86055938
2026-01-11 12:38:19,907 [trainer.py] => Trainable params: 86055938
2026-01-11 12:38:19,913 [simplecil.py] => Learning on 135-140
2026-01-11 12:38:36,575 [trainer.py] => CNN: {'total': 79.45, '00-99': 86.08, '100-104': 57.45, '105-109': 61.54, '110-114': 57.89, '115-119': 54.55, '120-124': 65.31, '125-129': 46.03, '130-134': 72.37, '135-139': 87.04, '140-144': 80.0, '145-149': 92.0, '150-154': 72.0, '155-159': 84.0, '160-164': 84.0, '165-169': 72.0, '170-174': 68.0, '175-179': 92.0, '180-184': 84.0, '185-189': 92.0, '190-194': 96.0, '195-199': 88.0, 'old': 79.19, 'new': 87.04}
2026-01-11 12:38:36,575 [trainer.py] => CNN top1 curve: [86.25, 85.14, 84.02, 83.5, 81.84, 81.21, 79.8, 79.32, 79.45]
2026-01-11 12:38:36,575 [trainer.py] => Average Accuracy (CNN): 82.28 

2026-01-11 12:38:36,576 [trainer.py] => All params: 86059778
2026-01-11 12:38:36,576 [trainer.py] => Trainable params: 86059778
2026-01-11 12:38:36,580 [simplecil.py] => Learning on 140-145
2026-01-11 12:38:53,036 [trainer.py] => CNN: {'total': 78.4, '00-99': 86.08, '100-104': 57.45, '105-109': 61.54, '110-114': 57.89, '115-119': 54.55, '120-124': 65.31, '125-129': 46.03, '130-134': 72.37, '135-139': 87.04, '140-144': 44.0, '145-149': 80.0, '150-154': 80.0, '155-159': 88.0, '160-164': 92.0, '165-169': 76.0, '170-174': 80.0, '175-179': 92.0, '180-184': 88.0, '185-189': 96.0, '190-194': 88.0, '195-199': 88.0, 'old': 79.45, 'new': 44.0}
2026-01-11 12:38:53,036 [trainer.py] => CNN top1 curve: [86.25, 85.14, 84.02, 83.5, 81.84, 81.21, 79.8, 79.32, 79.45, 78.4]
2026-01-11 12:38:53,036 [trainer.py] => Average Accuracy (CNN): 81.89 

2026-01-11 12:38:53,037 [trainer.py] => All params: 86063618
2026-01-11 12:38:53,037 [trainer.py] => Trainable params: 86063618
2026-01-11 12:38:53,041 [simplecil.py] => Learning on 145-150
2026-01-11 12:39:09,420 [trainer.py] => CNN: {'total': 77.53, '00-99': 85.99, '100-104': 55.32, '105-109': 61.54, '110-114': 57.89, '115-119': 54.55, '120-124': 65.31, '125-129': 46.03, '130-134': 72.37, '135-139': 87.04, '140-144': 36.0, '145-149': 64.06, '150-154': 68.0, '155-159': 80.0, '160-164': 96.0, '165-169': 72.0, '170-174': 92.0, '175-179': 88.0, '180-184': 92.0, '185-189': 92.0, '190-194': 88.0, '195-199': 96.0, 'old': 78.04, 'new': 64.06}
2026-01-11 12:39:09,421 [trainer.py] => CNN top1 curve: [86.25, 85.14, 84.02, 83.5, 81.84, 81.21, 79.8, 79.32, 79.45, 78.4, 77.53]
2026-01-11 12:39:09,421 [trainer.py] => Average Accuracy (CNN): 81.5 

2026-01-11 12:39:09,423 [trainer.py] => All params: 86067458
2026-01-11 12:39:09,424 [trainer.py] => Trainable params: 86067458
2026-01-11 12:39:09,432 [simplecil.py] => Learning on 150-155
2026-01-11 12:39:25,656 [trainer.py] => CNN: {'total': 77.39, '00-99': 85.99, '100-104': 55.32, '105-109': 61.54, '110-114': 57.89, '115-119': 54.55, '120-124': 65.31, '125-129': 46.03, '130-134': 72.37, '135-139': 87.04, '140-144': 36.0, '145-149': 64.06, '150-154': 73.33, '155-159': 64.0, '160-164': 76.0, '165-169': 72.0, '170-174': 92.0, '175-179': 92.0, '180-184': 80.0, '185-189': 100.0, '190-194': 88.0, '195-199': 92.0, 'old': 77.53, 'new': 73.33}
2026-01-11 12:39:25,657 [trainer.py] => CNN top1 curve: [86.25, 85.14, 84.02, 83.5, 81.84, 81.21, 79.8, 79.32, 79.45, 78.4, 77.53, 77.39]
2026-01-11 12:39:25,657 [trainer.py] => Average Accuracy (CNN): 81.15 

2026-01-11 12:39:25,658 [trainer.py] => All params: 86071298
2026-01-11 12:39:25,660 [trainer.py] => Trainable params: 86071298
2026-01-11 12:39:25,666 [simplecil.py] => Learning on 155-160
2026-01-11 12:39:41,589 [trainer.py] => CNN: {'total': 77.51, '00-99': 85.91, '100-104': 55.32, '105-109': 61.54, '110-114': 57.89, '115-119': 54.55, '120-124': 65.31, '125-129': 46.03, '130-134': 72.37, '135-139': 87.04, '140-144': 36.0, '145-149': 64.06, '150-154': 73.33, '155-159': 84.0, '160-164': 84.0, '165-169': 84.0, '170-174': 92.0, '175-179': 88.0, '180-184': 96.0, '185-189': 84.0, '190-194': 88.0, '195-199': 92.0, 'old': 77.34, 'new': 84.0}
2026-01-11 12:39:41,590 [trainer.py] => CNN top1 curve: [86.25, 85.14, 84.02, 83.5, 81.84, 81.21, 79.8, 79.32, 79.45, 78.4, 77.53, 77.39, 77.51]
2026-01-11 12:39:41,590 [trainer.py] => Average Accuracy (CNN): 80.87 

2026-01-11 12:39:41,590 [trainer.py] => All params: 86075138
2026-01-11 12:39:41,591 [trainer.py] => Trainable params: 86075138
2026-01-11 12:39:41,596 [simplecil.py] => Learning on 160-165
2026-01-11 12:39:57,446 [trainer.py] => CNN: {'total': 77.85, '00-99': 85.91, '100-104': 55.32, '105-109': 61.54, '110-114': 57.89, '115-119': 54.55, '120-124': 65.31, '125-129': 46.03, '130-134': 72.37, '135-139': 87.04, '140-144': 36.0, '145-149': 64.06, '150-154': 71.67, '155-159': 82.0, '160-164': 89.86, '165-169': 72.0, '170-174': 88.0, '175-179': 84.0, '180-184': 80.0, '185-189': 100.0, '190-194': 88.0, '195-199': 92.0, 'old': 77.41, 'new': 89.86}
2026-01-11 12:39:57,446 [trainer.py] => CNN top1 curve: [86.25, 85.14, 84.02, 83.5, 81.84, 81.21, 79.8, 79.32, 79.45, 78.4, 77.53, 77.39, 77.51, 77.85]
2026-01-11 12:39:57,446 [trainer.py] => Average Accuracy (CNN): 80.66 

2026-01-11 12:39:57,447 [trainer.py] => All params: 86078978
2026-01-11 12:39:57,448 [trainer.py] => Trainable params: 86078978
2026-01-11 12:39:57,452 [simplecil.py] => Learning on 165-170
2026-01-11 12:40:13,187 [trainer.py] => CNN: {'total': 77.51, '00-99': 85.91, '100-104': 55.32, '105-109': 61.54, '110-114': 57.89, '115-119': 54.55, '120-124': 65.31, '125-129': 46.03, '130-134': 72.37, '135-139': 87.04, '140-144': 36.0, '145-149': 64.06, '150-154': 71.67, '155-159': 82.0, '160-164': 69.57, '165-169': 89.06, '170-174': 84.0, '175-179': 76.0, '180-184': 84.0, '185-189': 84.0, '190-194': 96.0, '195-199': 68.0, 'old': 77.13, 'new': 89.06}
2026-01-11 12:40:13,188 [trainer.py] => CNN top1 curve: [86.25, 85.14, 84.02, 83.5, 81.84, 81.21, 79.8, 79.32, 79.45, 78.4, 77.53, 77.39, 77.51, 77.85, 77.51]
2026-01-11 12:40:13,188 [trainer.py] => Average Accuracy (CNN): 80.45 

2026-01-11 12:40:13,188 [trainer.py] => All params: 86082818
2026-01-11 12:40:13,189 [trainer.py] => Trainable params: 86082818
2026-01-11 12:40:13,194 [simplecil.py] => Learning on 170-175
2026-01-11 12:40:28,837 [trainer.py] => CNN: {'total': 77.07, '00-99': 85.91, '100-104': 55.32, '105-109': 61.54, '110-114': 57.89, '115-119': 54.55, '120-124': 65.31, '125-129': 46.03, '130-134': 72.37, '135-139': 87.04, '140-144': 36.0, '145-149': 64.06, '150-154': 71.67, '155-159': 82.0, '160-164': 65.22, '165-169': 85.94, '170-174': 71.83, '175-179': 84.0, '180-184': 92.0, '185-189': 76.0, '190-194': 88.0, '195-199': 80.0, 'old': 77.26, 'new': 71.83}
2026-01-11 12:40:28,838 [trainer.py] => CNN top1 curve: [86.25, 85.14, 84.02, 83.5, 81.84, 81.21, 79.8, 79.32, 79.45, 78.4, 77.53, 77.39, 77.51, 77.85, 77.51, 77.07]
2026-01-11 12:40:28,839 [trainer.py] => Average Accuracy (CNN): 80.24 

2026-01-11 12:40:28,841 [trainer.py] => All params: 86086658
2026-01-11 12:40:28,842 [trainer.py] => Trainable params: 86086658
2026-01-11 12:40:28,849 [simplecil.py] => Learning on 175-180
2026-01-11 12:40:44,092 [trainer.py] => CNN: {'total': 76.48, '00-99': 85.91, '100-104': 55.32, '105-109': 61.54, '110-114': 57.89, '115-119': 54.55, '120-124': 65.31, '125-129': 46.03, '130-134': 72.37, '135-139': 87.04, '140-144': 36.0, '145-149': 64.06, '150-154': 71.67, '155-159': 82.0, '160-164': 60.87, '165-169': 84.38, '170-174': 69.01, '175-179': 64.0, '180-184': 80.0, '185-189': 96.0, '190-194': 84.0, '195-199': 96.0, 'old': 76.78, 'new': 64.0}
2026-01-11 12:40:44,094 [trainer.py] => CNN top1 curve: [86.25, 85.14, 84.02, 83.5, 81.84, 81.21, 79.8, 79.32, 79.45, 78.4, 77.53, 77.39, 77.51, 77.85, 77.51, 77.07, 76.48]
2026-01-11 12:40:44,094 [trainer.py] => Average Accuracy (CNN): 80.02 

2026-01-11 12:40:44,094 [trainer.py] => All params: 86090498
2026-01-11 12:40:44,095 [trainer.py] => Trainable params: 86090498
2026-01-11 12:40:44,100 [simplecil.py] => Learning on 180-185
2026-01-11 12:40:59,169 [trainer.py] => CNN: {'total': 76.23, '00-99': 85.91, '100-104': 55.32, '105-109': 61.54, '110-114': 57.89, '115-119': 54.55, '120-124': 65.31, '125-129': 44.44, '130-134': 72.37, '135-139': 87.04, '140-144': 36.0, '145-149': 64.06, '150-154': 71.67, '155-159': 82.0, '160-164': 60.87, '165-169': 84.38, '170-174': 69.01, '175-179': 58.0, '180-184': 74.19, '185-189': 80.0, '190-194': 88.0, '195-199': 76.0, 'old': 76.29, 'new': 74.19}
2026-01-11 12:40:59,170 [trainer.py] => CNN top1 curve: [86.25, 85.14, 84.02, 83.5, 81.84, 81.21, 79.8, 79.32, 79.45, 78.4, 77.53, 77.39, 77.51, 77.85, 77.51, 77.07, 76.48, 76.23]
2026-01-11 12:40:59,170 [trainer.py] => Average Accuracy (CNN): 79.81 

2026-01-11 12:40:59,172 [trainer.py] => All params: 86094338
2026-01-11 12:40:59,174 [trainer.py] => Trainable params: 86094338
2026-01-11 12:40:59,181 [simplecil.py] => Learning on 185-190
2026-01-11 12:41:14,007 [trainer.py] => CNN: {'total': 76.47, '00-99': 85.91, '100-104': 55.32, '105-109': 61.54, '110-114': 57.89, '115-119': 54.55, '120-124': 65.31, '125-129': 44.44, '130-134': 72.37, '135-139': 87.04, '140-144': 36.0, '145-149': 64.06, '150-154': 71.67, '155-159': 82.0, '160-164': 60.87, '165-169': 84.38, '170-174': 69.01, '175-179': 58.0, '180-184': 72.58, '185-189': 86.67, '190-194': 84.0, '195-199': 96.0, 'old': 76.18, 'new': 86.67}
2026-01-11 12:41:14,007 [trainer.py] => CNN top1 curve: [86.25, 85.14, 84.02, 83.5, 81.84, 81.21, 79.8, 79.32, 79.45, 78.4, 77.53, 77.39, 77.51, 77.85, 77.51, 77.07, 76.48, 76.23, 76.47]
2026-01-11 12:41:14,007 [trainer.py] => Average Accuracy (CNN): 79.63 

2026-01-11 12:41:14,008 [trainer.py] => All params: 86098178
2026-01-11 12:41:14,008 [trainer.py] => Trainable params: 86098178
2026-01-11 12:41:14,014 [simplecil.py] => Learning on 190-195
2026-01-11 12:41:28,539 [trainer.py] => CNN: {'total': 76.87, '00-99': 85.91, '100-104': 55.32, '105-109': 61.54, '110-114': 57.89, '115-119': 54.55, '120-124': 65.31, '125-129': 44.44, '130-134': 72.37, '135-139': 87.04, '140-144': 36.0, '145-149': 64.06, '150-154': 71.67, '155-159': 82.0, '160-164': 60.87, '165-169': 84.38, '170-174': 69.01, '175-179': 58.0, '180-184': 72.58, '185-189': 83.33, '190-194': 93.85, '195-199': 88.0, 'old': 76.38, 'new': 93.85}
2026-01-11 12:41:28,540 [trainer.py] => CNN top1 curve: [86.25, 85.14, 84.02, 83.5, 81.84, 81.21, 79.8, 79.32, 79.45, 78.4, 77.53, 77.39, 77.51, 77.85, 77.51, 77.07, 76.48, 76.23, 76.47, 76.87]
2026-01-11 12:41:28,540 [trainer.py] => Average Accuracy (CNN): 79.49 

2026-01-11 12:41:28,541 [trainer.py] => All params: 86102018
2026-01-11 12:41:28,542 [trainer.py] => Trainable params: 86102018
2026-01-11 12:41:28,547 [simplecil.py] => Learning on 195-200
2026-01-11 12:41:42,659 [trainer.py] => CNN: {'total': 76.89, '00-99': 85.91, '100-104': 55.32, '105-109': 61.54, '110-114': 57.89, '115-119': 54.55, '120-124': 65.31, '125-129': 44.44, '130-134': 72.37, '135-139': 87.04, '140-144': 36.0, '145-149': 64.06, '150-154': 71.67, '155-159': 82.0, '160-164': 60.87, '165-169': 84.38, '170-174': 69.01, '175-179': 58.0, '180-184': 72.58, '185-189': 83.33, '190-194': 80.0, '195-199': 93.1, 'old': 76.48, 'new': 93.1}
2026-01-11 12:41:42,659 [trainer.py] => CNN top1 curve: [86.25, 85.14, 84.02, 83.5, 81.84, 81.21, 79.8, 79.32, 79.45, 78.4, 77.53, 77.39, 77.51, 77.85, 77.51, 77.07, 76.48, 76.23, 76.47, 76.87, 76.89]
2026-01-11 12:41:42,659 [trainer.py] => Average Accuracy (CNN): 79.37 


================================================================================
Finished cub_init100_inc5: pretrained_vit_b16_224  
Base Accuracy: 86.25
Last Accuracy: 76.89
Average Accuracy (Top1): 79.37
PD: 9.36
Backward Transfer (BWT): -5.17
Accuracy Matrix (CNN):
[[ 86.25  96.    80.    92.    88.    80.    76.    72.    64.    80.
   80.    88.    92.    88.    80.    80.    92.    76.    72.    96.
   72.  ]
 [ 86.25  57.45  96.    88.    76.    84.    92.    92.    96.    88.
   80.    76.    88.    96.    56.    96.    84.    76.    84.   100.
   96.  ]
 [ 86.08  57.45  61.54  88.    88.    88.    92.    88.    96.    72.
   80.    88.    72.    76.    96.    76.    92.    76.    92.    84.
   88.  ]
 [ 86.08  57.45  61.54  71.93  84.    80.    84.    64.    80.    80.
   96.    80.    92.    92.    88.    92.    84.    76.    96.    88.
   92.  ]
 [ 86.08  57.45  61.54  59.65  59.09  88.    76.    88.    92.    80.
   84.    76.    84.    92.    76.    92.    76.    88.    96.    92.
   88.  ]
 [ 86.08  57.45  61.54  57.89  57.58  67.35  84.    88.    88.    92.
   88.    96.    76.    84.    76.    80.    96.    84.    96.    96.
   88.  ]
 [ 86.08  57.45  61.54  57.89  57.58  65.31  49.21  88.    84.    64.
   96.    88.    76.    80.    72.    92.    84.    92.    96.    96.
   92.  ]
 [ 86.08  57.45  61.54  57.89  54.55  65.31  46.03  75.    88.    72.
   84.    88.    80.    92.    80.    88.    72.    92.    96.   100.
   96.  ]
 [ 86.08  57.45  61.54  57.89  54.55  65.31  46.03  72.37  87.04  80.
   92.    72.    84.    84.    72.    68.    92.    84.    92.    96.
   88.  ]
 [ 86.08  57.45  61.54  57.89  54.55  65.31  46.03  72.37  87.04  44.
   80.    80.    88.    92.    76.    80.    92.    88.    96.    88.
   88.  ]
 [ 85.99  55.32  61.54  57.89  54.55  65.31  46.03  72.37  87.04  36.
   64.06  68.    80.    96.    72.    92.    88.    92.    92.    88.
   96.  ]
 [ 85.99  55.32  61.54  57.89  54.55  65.31  46.03  72.37  87.04  36.
   64.06  73.33  64.    76.    72.    92.    92.    80.   100.    88.
   92.  ]
 [ 85.91  55.32  61.54  57.89  54.55  65.31  46.03  72.37  87.04  36.
   64.06  73.33  84.    84.    84.    92.    88.    96.    84.    88.
   92.  ]
 [ 85.91  55.32  61.54  57.89  54.55  65.31  46.03  72.37  87.04  36.
   64.06  71.67  82.    89.86  72.    88.    84.    80.   100.    88.
   92.  ]
 [ 85.91  55.32  61.54  57.89  54.55  65.31  46.03  72.37  87.04  36.
   64.06  71.67  82.    69.57  89.06  84.    76.    84.    84.    96.
   68.  ]
 [ 85.91  55.32  61.54  57.89  54.55  65.31  46.03  72.37  87.04  36.
   64.06  71.67  82.    65.22  85.94  71.83  84.    92.    76.    88.
   80.  ]
 [ 85.91  55.32  61.54  57.89  54.55  65.31  46.03  72.37  87.04  36.
   64.06  71.67  82.    60.87  84.38  69.01  64.    80.    96.    84.
   96.  ]
 [ 85.91  55.32  61.54  57.89  54.55  65.31  44.44  72.37  87.04  36.
   64.06  71.67  82.    60.87  84.38  69.01  58.    74.19  80.    88.
   76.  ]
 [ 85.91  55.32  61.54  57.89  54.55  65.31  44.44  72.37  87.04  36.
   64.06  71.67  82.    60.87  84.38  69.01  58.    72.58  86.67  84.
   96.  ]
 [ 85.91  55.32  61.54  57.89  54.55  65.31  44.44  72.37  87.04  36.
   64.06  71.67  82.    60.87  84.38  69.01  58.    72.58  83.33  93.85
   88.  ]
 [ 85.91  55.32  61.54  57.89  54.55  65.31  44.44  72.37  87.04  36.
   64.06  71.67  82.    60.87  84.38  69.01  58.    72.58  83.33  80.
   93.1 ]]
================================================================================

2026-01-11 12:41:46,169 [trainer.py] => config: ./configs/simplecil/IN1K/simplecil_cub_B100_Inc10.json
2026-01-11 12:41:46,205 [trainer.py] => prefix:  
2026-01-11 12:41:46,205 [trainer.py] => dataset: cub
2026-01-11 12:41:46,205 [trainer.py] => memory_size: 0
2026-01-11 12:41:46,205 [trainer.py] => memory_per_class: 0
2026-01-11 12:41:46,205 [trainer.py] => fixed_memory: False
2026-01-11 12:41:46,205 [trainer.py] => shuffle: False
2026-01-11 12:41:46,205 [trainer.py] => init_cls: 100
2026-01-11 12:41:46,205 [trainer.py] => increment: 10
2026-01-11 12:41:46,205 [trainer.py] => model_name: simplecil
2026-01-11 12:41:46,205 [trainer.py] => backbone_type: pretrained_vit_b16_224
2026-01-11 12:41:46,205 [trainer.py] => device: [device(type='cuda', index=1)]
2026-01-11 12:41:46,205 [trainer.py] => seed: 1993
2026-01-11 12:41:46,205 [trainer.py] => kshot: 5
2026-01-11 12:41:46,205 [trainer.py] => tuned_epoch: 1
2026-01-11 12:41:46,205 [trainer.py] => init_lr: 0.01
2026-01-11 12:41:46,205 [trainer.py] => batch_size: 256
2026-01-11 12:41:46,205 [trainer.py] => weight_decay: 0.05
2026-01-11 12:41:46,205 [trainer.py] => min_lr: 1e-08
2026-01-11 12:41:46,205 [trainer.py] => optimizer: sgd
2026-01-11 12:41:46,205 [trainer.py] => vpt_type: shallow
2026-01-11 12:41:46,205 [trainer.py] => prompt_token_num: 3
2026-01-11 12:41:46,205 [trainer.py] => gpu_models: ['NVIDIA A800 80GB PCIe']
2026-01-11 12:41:46,516 [data_manager.py] => [0, 1, 2, 3, 4, 5, 6, 7, 8, 9, 10, 11, 12, 13, 14, 15, 16, 17, 18, 19, 20, 21, 22, 23, 24, 25, 26, 27, 28, 29, 30, 31, 32, 33, 34, 35, 36, 37, 38, 39, 40, 41, 42, 43, 44, 45, 46, 47, 48, 49, 50, 51, 52, 53, 54, 55, 56, 57, 58, 59, 60, 61, 62, 63, 64, 65, 66, 67, 68, 69, 70, 71, 72, 73, 74, 75, 76, 77, 78, 79, 80, 81, 82, 83, 84, 85, 86, 87, 88, 89, 90, 91, 92, 93, 94, 95, 96, 97, 98, 99, 100, 101, 102, 103, 104, 105, 106, 107, 108, 109, 110, 111, 112, 113, 114, 115, 116, 117, 118, 119, 120, 121, 122, 123, 124, 125, 126, 127, 128, 129, 130, 131, 132, 133, 134, 135, 136, 137, 138, 139, 140, 141, 142, 143, 144, 145, 146, 147, 148, 149, 150, 151, 152, 153, 154, 155, 156, 157, 158, 159, 160, 161, 162, 163, 164, 165, 166, 167, 168, 169, 170, 171, 172, 173, 174, 175, 176, 177, 178, 179, 180, 181, 182, 183, 184, 185, 186, 187, 188, 189, 190, 191, 192, 193, 194, 195, 196, 197, 198, 199]
This is for the BaseNet initialization.
After BaseNet initialization.
2026-01-11 12:41:51,292 [trainer.py] => All params: 85952257
2026-01-11 12:41:51,293 [trainer.py] => Trainable params: 85952257
2026-01-11 12:41:51,556 [simplecil.py] => Learning on 0-100
2026-01-11 12:42:35,260 [trainer.py] => CNN: {'total': 86.25, '00-99': 86.25, '100-109': 88.0, '110-119': 90.0, '120-129': 78.0, '130-139': 68.0, '140-149': 80.0, '150-159': 90.0, '160-169': 84.0, '170-179': 86.0, '180-189': 74.0, '190-199': 84.0, 'old': 0, 'new': 86.25}
2026-01-11 12:42:35,260 [trainer.py] => CNN top1 curve: [86.25]
2026-01-11 12:42:35,260 [trainer.py] => Average Accuracy (CNN): 86.25 

2026-01-11 12:42:35,261 [trainer.py] => All params: 86029058
2026-01-11 12:42:35,261 [trainer.py] => Trainable params: 86029058
2026-01-11 12:42:35,266 [simplecil.py] => Learning on 100-110
2026-01-11 12:42:52,002 [trainer.py] => CNN: {'total': 83.23, '00-99': 85.82, '100-109': 52.53, '110-119': 82.0, '120-129': 78.0, '130-139': 94.0, '140-149': 90.0, '150-159': 82.0, '160-169': 82.0, '170-179': 80.0, '180-189': 92.0, '190-199': 90.0, 'old': 85.82, 'new': 52.53}
2026-01-11 12:42:52,003 [trainer.py] => CNN top1 curve: [86.25, 83.23]
2026-01-11 12:42:52,003 [trainer.py] => Average Accuracy (CNN): 84.74 

2026-01-11 12:42:52,003 [trainer.py] => All params: 86036738
2026-01-11 12:42:52,004 [trainer.py] => Trainable params: 86036738
2026-01-11 12:42:52,005 [simplecil.py] => Learning on 110-120
2026-01-11 12:43:08,786 [trainer.py] => CNN: {'total': 81.69, '00-99': 85.82, '100-109': 52.53, '110-119': 65.85, '120-129': 82.0, '130-139': 90.0, '140-149': 88.0, '150-159': 74.0, '160-169': 80.0, '170-179': 78.0, '180-189': 96.0, '190-199': 90.0, 'old': 83.23, 'new': 65.85}
2026-01-11 12:43:08,787 [trainer.py] => CNN top1 curve: [86.25, 83.23, 81.69]
2026-01-11 12:43:08,787 [trainer.py] => Average Accuracy (CNN): 83.72 

2026-01-11 12:43:08,788 [trainer.py] => All params: 86044418
2026-01-11 12:43:08,789 [trainer.py] => Trainable params: 86044418
2026-01-11 12:43:08,794 [simplecil.py] => Learning on 120-130
2026-01-11 12:43:25,431 [trainer.py] => CNN: {'total': 80.07, '00-99': 85.82, '100-109': 52.53, '110-119': 62.6, '120-129': 63.39, '130-139': 80.0, '140-149': 90.0, '150-159': 84.0, '160-169': 72.0, '170-179': 90.0, '180-189': 92.0, '190-199': 94.0, 'old': 81.41, 'new': 63.39}
2026-01-11 12:43:25,432 [trainer.py] => CNN top1 curve: [86.25, 83.23, 81.69, 80.07]
2026-01-11 12:43:25,432 [trainer.py] => Average Accuracy (CNN): 82.81 

2026-01-11 12:43:25,433 [trainer.py] => All params: 86052098
2026-01-11 12:43:25,433 [trainer.py] => Trainable params: 86052098
2026-01-11 12:43:25,439 [simplecil.py] => Learning on 130-140
2026-01-11 12:43:42,182 [trainer.py] => CNN: {'total': 79.33, '00-99': 85.82, '100-109': 52.53, '110-119': 60.98, '120-129': 63.39, '130-139': 72.31, '140-149': 92.0, '150-159': 78.0, '160-169': 80.0, '170-179': 76.0, '180-189': 86.0, '190-199': 90.0, 'old': 79.93, 'new': 72.31}
2026-01-11 12:43:42,182 [trainer.py] => CNN top1 curve: [86.25, 83.23, 81.69, 80.07, 79.33]
2026-01-11 12:43:42,183 [trainer.py] => Average Accuracy (CNN): 82.11 

2026-01-11 12:43:42,184 [trainer.py] => All params: 86059778
2026-01-11 12:43:42,185 [trainer.py] => Trainable params: 86059778
2026-01-11 12:43:42,190 [simplecil.py] => Learning on 140-150
2026-01-11 12:43:58,768 [trainer.py] => CNN: {'total': 77.7, '00-99': 85.74, '100-109': 49.49, '110-119': 60.98, '120-129': 63.39, '130-139': 72.31, '140-149': 57.89, '150-159': 82.0, '160-169': 88.0, '170-179': 86.0, '180-189': 86.0, '190-199': 82.0, 'old': 79.08, 'new': 57.89}
2026-01-11 12:43:58,768 [trainer.py] => CNN top1 curve: [86.25, 83.23, 81.69, 80.07, 79.33, 77.7]
2026-01-11 12:43:58,768 [trainer.py] => Average Accuracy (CNN): 81.38 

2026-01-11 12:43:58,770 [trainer.py] => All params: 86067458
2026-01-11 12:43:58,771 [trainer.py] => Trainable params: 86067458
2026-01-11 12:43:58,778 [simplecil.py] => Learning on 150-160
2026-01-11 12:44:15,108 [trainer.py] => CNN: {'total': 77.3, '00-99': 85.57, '100-109': 49.49, '110-119': 60.98, '120-129': 63.39, '130-139': 72.31, '140-149': 57.89, '150-159': 72.73, '160-169': 82.0, '170-179': 80.0, '180-189': 94.0, '190-199': 94.0, 'old': 77.59, 'new': 72.73}
2026-01-11 12:44:15,108 [trainer.py] => CNN top1 curve: [86.25, 83.23, 81.69, 80.07, 79.33, 77.7, 77.3]
2026-01-11 12:44:15,108 [trainer.py] => Average Accuracy (CNN): 80.8 

2026-01-11 12:44:15,109 [trainer.py] => All params: 86075138
2026-01-11 12:44:15,109 [trainer.py] => Trainable params: 86075138
2026-01-11 12:44:15,114 [simplecil.py] => Learning on 160-170
2026-01-11 12:44:31,054 [trainer.py] => CNN: {'total': 77.26, '00-99': 85.57, '100-109': 49.49, '110-119': 60.98, '120-129': 63.39, '130-139': 72.31, '140-149': 57.02, '150-159': 65.45, '160-169': 83.46, '170-179': 86.0, '180-189': 86.0, '190-199': 88.0, 'old': 76.82, 'new': 83.46}
2026-01-11 12:44:31,055 [trainer.py] => CNN top1 curve: [86.25, 83.23, 81.69, 80.07, 79.33, 77.7, 77.3, 77.26]
2026-01-11 12:44:31,055 [trainer.py] => Average Accuracy (CNN): 80.35 

2026-01-11 12:44:31,056 [trainer.py] => All params: 86082818
2026-01-11 12:44:31,056 [trainer.py] => Trainable params: 86082818
2026-01-11 12:44:31,061 [simplecil.py] => Learning on 170-180
2026-01-11 12:44:46,664 [trainer.py] => CNN: {'total': 76.48, '00-99': 85.57, '100-109': 49.49, '110-119': 60.98, '120-129': 63.39, '130-139': 72.31, '140-149': 57.02, '150-159': 65.45, '160-169': 72.18, '170-179': 76.03, '180-189': 86.0, '190-199': 80.0, 'old': 76.51, 'new': 76.03}
2026-01-11 12:44:46,664 [trainer.py] => CNN top1 curve: [86.25, 83.23, 81.69, 80.07, 79.33, 77.7, 77.3, 77.26, 76.48]
2026-01-11 12:44:46,664 [trainer.py] => Average Accuracy (CNN): 79.92 

2026-01-11 12:44:46,665 [trainer.py] => All params: 86090498
2026-01-11 12:44:46,666 [trainer.py] => Trainable params: 86090498
2026-01-11 12:44:46,671 [simplecil.py] => Learning on 180-190
2026-01-11 12:45:01,965 [trainer.py] => CNN: {'total': 76.38, '00-99': 85.57, '100-109': 49.49, '110-119': 60.98, '120-129': 63.39, '130-139': 72.31, '140-149': 57.02, '150-159': 65.45, '160-169': 71.43, '170-179': 75.21, '180-189': 76.23, '190-199': 92.0, 'old': 76.38, 'new': 76.23}
2026-01-11 12:45:01,965 [trainer.py] => CNN top1 curve: [86.25, 83.23, 81.69, 80.07, 79.33, 77.7, 77.3, 77.26, 76.48, 76.38]
2026-01-11 12:45:01,965 [trainer.py] => Average Accuracy (CNN): 79.57 

2026-01-11 12:45:01,966 [trainer.py] => All params: 86098178
2026-01-11 12:45:01,966 [trainer.py] => Trainable params: 86098178
2026-01-11 12:45:01,972 [simplecil.py] => Learning on 190-200
2026-01-11 12:45:16,459 [trainer.py] => CNN: {'total': 76.29, '00-99': 85.57, '100-109': 49.49, '110-119': 60.98, '120-129': 63.39, '130-139': 72.31, '140-149': 57.02, '150-159': 65.45, '160-169': 71.43, '170-179': 75.21, '180-189': 75.41, '190-199': 75.61, 'old': 76.33, 'new': 75.61}
2026-01-11 12:45:16,459 [trainer.py] => CNN top1 curve: [86.25, 83.23, 81.69, 80.07, 79.33, 77.7, 77.3, 77.26, 76.48, 76.38, 76.29]
2026-01-11 12:45:16,459 [trainer.py] => Average Accuracy (CNN): 79.27 


================================================================================
Finished cub_init100_inc10: pretrained_vit_b16_224  
Base Accuracy: 86.25
Last Accuracy: 76.29
Average Accuracy (Top1): 79.27
PD: 9.96
Backward Transfer (BWT): -3.04
Accuracy Matrix (CNN):
[[86.25 88.   90.   78.   68.   80.   90.   84.   86.   74.   84.  ]
 [85.82 52.53 82.   78.   94.   90.   82.   82.   80.   92.   90.  ]
 [85.82 52.53 65.85 82.   90.   88.   74.   80.   78.   96.   90.  ]
 [85.82 52.53 62.6  63.39 80.   90.   84.   72.   90.   92.   94.  ]
 [85.82 52.53 60.98 63.39 72.31 92.   78.   80.   76.   86.   90.  ]
 [85.74 49.49 60.98 63.39 72.31 57.89 82.   88.   86.   86.   82.  ]
 [85.57 49.49 60.98 63.39 72.31 57.89 72.73 82.   80.   94.   94.  ]
 [85.57 49.49 60.98 63.39 72.31 57.02 65.45 83.46 86.   86.   88.  ]
 [85.57 49.49 60.98 63.39 72.31 57.02 65.45 72.18 76.03 86.   80.  ]
 [85.57 49.49 60.98 63.39 72.31 57.02 65.45 71.43 75.21 76.23 92.  ]
 [85.57 49.49 60.98 63.39 72.31 57.02 65.45 71.43 75.21 75.41 75.61]]
================================================================================

2026-01-11 12:45:19,954 [trainer.py] => config: ./configs/simplecil/IN1K/simplecil_cifar_B60_Inc2.json
2026-01-11 12:45:19,970 [trainer.py] => prefix:  
2026-01-11 12:45:19,971 [trainer.py] => dataset: cifar224
2026-01-11 12:45:19,971 [trainer.py] => memory_size: 0
2026-01-11 12:45:19,971 [trainer.py] => memory_per_class: 0
2026-01-11 12:45:19,971 [trainer.py] => fixed_memory: False
2026-01-11 12:45:19,971 [trainer.py] => shuffle: False
2026-01-11 12:45:19,971 [trainer.py] => init_cls: 60
2026-01-11 12:45:19,971 [trainer.py] => increment: 2
2026-01-11 12:45:19,971 [trainer.py] => model_name: simplecil
2026-01-11 12:45:19,971 [trainer.py] => backbone_type: pretrained_vit_b16_224
2026-01-11 12:45:19,971 [trainer.py] => device: [device(type='cuda', index=1)]
2026-01-11 12:45:19,971 [trainer.py] => seed: 1993
2026-01-11 12:45:19,971 [trainer.py] => kshot: 5
2026-01-11 12:45:19,971 [trainer.py] => tuned_epoch: 1
2026-01-11 12:45:19,971 [trainer.py] => init_lr: 0.01
2026-01-11 12:45:19,971 [trainer.py] => batch_size: 48
2026-01-11 12:45:19,971 [trainer.py] => weight_decay: 0.05
2026-01-11 12:45:19,971 [trainer.py] => min_lr: 1e-08
2026-01-11 12:45:19,971 [trainer.py] => optimizer: sgd
2026-01-11 12:45:19,971 [trainer.py] => vpt_type: shallow
2026-01-11 12:45:19,971 [trainer.py] => prompt_token_num: 3
2026-01-11 12:45:19,971 [trainer.py] => gpu_models: ['NVIDIA A800 80GB PCIe']
2026-01-11 12:45:21,061 [data_manager.py] => [0, 1, 2, 3, 4, 5, 6, 7, 8, 9, 10, 11, 12, 13, 14, 15, 16, 17, 18, 19, 20, 21, 22, 23, 24, 25, 26, 27, 28, 29, 30, 31, 32, 33, 34, 35, 36, 37, 38, 39, 40, 41, 42, 43, 44, 45, 46, 47, 48, 49, 50, 51, 52, 53, 54, 55, 56, 57, 58, 59, 60, 61, 62, 63, 64, 65, 66, 67, 68, 69, 70, 71, 72, 73, 74, 75, 76, 77, 78, 79, 80, 81, 82, 83, 84, 85, 86, 87, 88, 89, 90, 91, 92, 93, 94, 95, 96, 97, 98, 99]
This is for the BaseNet initialization.
After BaseNet initialization.
2026-01-11 12:45:25,837 [trainer.py] => All params: 85875457
2026-01-11 12:45:25,838 [trainer.py] => Trainable params: 85875457
2026-01-11 12:45:26,103 [simplecil.py] => Learning on 0-60
2026-01-11 12:48:55,863 [trainer.py] => CNN: {'total': 76.92, '00-59': 76.92, '60-61': 100.0, '62-63': 90.0, '64-65': 90.0, '66-67': 80.0, '68-69': 100.0, '70-71': 90.0, '72-73': 90.0, '74-75': 70.0, '76-77': 80.0, '78-79': 50.0, '80-81': 70.0, '82-83': 60.0, '84-85': 90.0, '86-87': 80.0, '88-89': 40.0, '90-91': 70.0, '92-93': 80.0, '94-95': 70.0, '96-97': 70.0, '98-99': 90.0, 'old': 0, 'new': 76.92}
2026-01-11 12:48:55,864 [trainer.py] => CNN top1 curve: [76.92]
2026-01-11 12:48:55,864 [trainer.py] => Average Accuracy (CNN): 76.92 

2026-01-11 12:48:55,866 [trainer.py] => All params: 85921538
2026-01-11 12:48:55,868 [trainer.py] => Trainable params: 85921538
2026-01-11 12:48:55,873 [simplecil.py] => Learning on 60-62
2026-01-11 12:49:33,827 [trainer.py] => CNN: {'total': 75.97, '00-59': 76.53, '60-61': 59.0, '62-63': 60.0, '64-65': 90.0, '66-67': 90.0, '68-69': 70.0, '70-71': 80.0, '72-73': 70.0, '74-75': 70.0, '76-77': 50.0, '78-79': 70.0, '80-81': 60.0, '82-83': 70.0, '84-85': 100.0, '86-87': 60.0, '88-89': 80.0, '90-91': 30.0, '92-93': 80.0, '94-95': 80.0, '96-97': 90.0, '98-99': 60.0, 'old': 76.53, 'new': 59.0}
2026-01-11 12:49:33,827 [trainer.py] => CNN top1 curve: [76.92, 75.97]
2026-01-11 12:49:33,828 [trainer.py] => Average Accuracy (CNN): 76.44 

2026-01-11 12:49:33,830 [trainer.py] => All params: 85923074
2026-01-11 12:49:33,831 [trainer.py] => Trainable params: 85923074
2026-01-11 12:49:33,838 [simplecil.py] => Learning on 62-64
2026-01-11 12:50:12,736 [trainer.py] => CNN: {'total': 75.16, '00-59': 76.23, '60-61': 59.0, '62-63': 59.0, '64-65': 80.0, '66-67': 100.0, '68-69': 80.0, '70-71': 90.0, '72-73': 70.0, '74-75': 60.0, '76-77': 50.0, '78-79': 80.0, '80-81': 60.0, '82-83': 90.0, '84-85': 80.0, '86-87': 100.0, '88-89': 70.0, '90-91': 70.0, '92-93': 70.0, '94-95': 70.0, '96-97': 60.0, '98-99': 90.0, 'old': 75.68, 'new': 59.0}
2026-01-11 12:50:12,736 [trainer.py] => CNN top1 curve: [76.92, 75.97, 75.16]
2026-01-11 12:50:12,736 [trainer.py] => Average Accuracy (CNN): 76.02 

2026-01-11 12:50:12,737 [trainer.py] => All params: 85924610
2026-01-11 12:50:12,737 [trainer.py] => Trainable params: 85924610
2026-01-11 12:50:12,741 [simplecil.py] => Learning on 64-66
2026-01-11 12:50:52,580 [trainer.py] => CNN: {'total': 73.92, '00-59': 76.15, '60-61': 59.0, '62-63': 59.0, '64-65': 37.0, '66-67': 60.0, '68-69': 70.0, '70-71': 80.0, '72-73': 70.0, '74-75': 70.0, '76-77': 50.0, '78-79': 90.0, '80-81': 60.0, '82-83': 80.0, '84-85': 70.0, '86-87': 70.0, '88-89': 60.0, '90-91': 90.0, '92-93': 90.0, '94-95': 100.0, '96-97': 60.0, '98-99': 80.0, 'old': 75.08, 'new': 37.0}
2026-01-11 12:50:52,581 [trainer.py] => CNN top1 curve: [76.92, 75.97, 75.16, 73.92]
2026-01-11 12:50:52,581 [trainer.py] => Average Accuracy (CNN): 75.49 

2026-01-11 12:50:52,583 [trainer.py] => All params: 85926146
2026-01-11 12:50:52,585 [trainer.py] => Trainable params: 85926146
2026-01-11 12:50:52,591 [simplecil.py] => Learning on 66-68
2026-01-11 12:51:33,439 [trainer.py] => CNN: {'total': 72.5, '00-59': 75.95, '60-61': 59.0, '62-63': 58.0, '64-65': 37.0, '66-67': 32.5, '68-69': 70.0, '70-71': 100.0, '72-73': 60.0, '74-75': 70.0, '76-77': 70.0, '78-79': 80.0, '80-81': 60.0, '82-83': 80.0, '84-85': 90.0, '86-87': 100.0, '88-89': 50.0, '90-91': 80.0, '92-93': 80.0, '94-95': 60.0, '96-97': 60.0, '98-99': 80.0, 'old': 73.71, 'new': 32.5}
2026-01-11 12:51:33,440 [trainer.py] => CNN top1 curve: [76.92, 75.97, 75.16, 73.92, 72.5]
2026-01-11 12:51:33,440 [trainer.py] => Average Accuracy (CNN): 74.89 

2026-01-11 12:51:33,441 [trainer.py] => All params: 85927682
2026-01-11 12:51:33,442 [trainer.py] => Trainable params: 85927682
2026-01-11 12:51:33,447 [simplecil.py] => Learning on 68-70
2026-01-11 12:52:14,800 [trainer.py] => CNN: {'total': 72.29, '00-59': 75.82, '60-61': 58.0, '62-63': 58.0, '64-65': 37.0, '66-67': 32.5, '68-69': 70.0, '70-71': 80.0, '72-73': 80.0, '74-75': 50.0, '76-77': 70.0, '78-79': 70.0, '80-81': 60.0, '82-83': 90.0, '84-85': 70.0, '86-87': 80.0, '88-89': 70.0, '90-91': 90.0, '92-93': 70.0, '94-95': 80.0, '96-97': 90.0, '98-99': 90.0, 'old': 72.35, 'new': 70.0}
2026-01-11 12:52:14,800 [trainer.py] => CNN top1 curve: [76.92, 75.97, 75.16, 73.92, 72.5, 72.29]
2026-01-11 12:52:14,800 [trainer.py] => Average Accuracy (CNN): 74.46 

2026-01-11 12:52:14,801 [trainer.py] => All params: 85929218
2026-01-11 12:52:14,801 [trainer.py] => Trainable params: 85929218
2026-01-11 12:52:14,806 [simplecil.py] => Learning on 70-72
2026-01-11 12:52:57,404 [trainer.py] => CNN: {'total': 71.44, '00-59': 75.65, '60-61': 58.0, '62-63': 55.0, '64-65': 37.0, '66-67': 32.5, '68-69': 69.5, '70-71': 50.5, '72-73': 80.0, '74-75': 70.0, '76-77': 70.0, '78-79': 90.0, '80-81': 60.0, '82-83': 100.0, '84-85': 70.0, '86-87': 70.0, '88-89': 60.0, '90-91': 50.0, '92-93': 80.0, '94-95': 90.0, '96-97': 60.0, '98-99': 70.0, 'old': 72.04, 'new': 50.5}
2026-01-11 12:52:57,405 [trainer.py] => CNN top1 curve: [76.92, 75.97, 75.16, 73.92, 72.5, 72.29, 71.44]
2026-01-11 12:52:57,405 [trainer.py] => Average Accuracy (CNN): 74.03 

2026-01-11 12:52:57,405 [trainer.py] => All params: 85930754
2026-01-11 12:52:57,406 [trainer.py] => Trainable params: 85930754
2026-01-11 12:52:57,411 [simplecil.py] => Learning on 72-74
2026-01-11 12:53:40,803 [trainer.py] => CNN: {'total': 70.78, '00-59': 75.55, '60-61': 58.0, '62-63': 55.0, '64-65': 37.0, '66-67': 32.5, '68-69': 69.5, '70-71': 50.5, '72-73': 50.0, '74-75': 70.0, '76-77': 70.0, '78-79': 100.0, '80-81': 80.0, '82-83': 90.0, '84-85': 80.0, '86-87': 90.0, '88-89': 50.0, '90-91': 100.0, '92-93': 70.0, '94-95': 80.0, '96-97': 80.0, '98-99': 100.0, 'old': 71.36, 'new': 50.0}
2026-01-11 12:53:40,804 [trainer.py] => CNN top1 curve: [76.92, 75.97, 75.16, 73.92, 72.5, 72.29, 71.44, 70.78]
2026-01-11 12:53:40,804 [trainer.py] => Average Accuracy (CNN): 73.62 

2026-01-11 12:53:40,806 [trainer.py] => All params: 85932290
2026-01-11 12:53:40,808 [trainer.py] => Trainable params: 85932290
2026-01-11 12:53:40,814 [simplecil.py] => Learning on 74-76
2026-01-11 12:54:25,364 [trainer.py] => CNN: {'total': 70.07, '00-59': 75.52, '60-61': 58.0, '62-63': 55.0, '64-65': 37.0, '66-67': 32.0, '68-69': 69.5, '70-71': 50.5, '72-73': 50.0, '74-75': 45.0, '76-77': 30.0, '78-79': 50.0, '80-81': 80.0, '82-83': 50.0, '84-85': 80.0, '86-87': 80.0, '88-89': 80.0, '90-91': 70.0, '92-93': 60.0, '94-95': 100.0, '96-97': 80.0, '98-99': 70.0, 'old': 70.74, 'new': 45.0}
2026-01-11 12:54:25,364 [trainer.py] => CNN top1 curve: [76.92, 75.97, 75.16, 73.92, 72.5, 72.29, 71.44, 70.78, 70.07]
2026-01-11 12:54:25,365 [trainer.py] => Average Accuracy (CNN): 73.23 

2026-01-11 12:54:25,365 [trainer.py] => All params: 85933826
2026-01-11 12:54:25,366 [trainer.py] => Trainable params: 85933826
2026-01-11 12:54:25,371 [simplecil.py] => Learning on 76-78
2026-01-11 12:55:10,829 [trainer.py] => CNN: {'total': 68.86, '00-59': 75.47, '60-61': 58.0, '62-63': 55.0, '64-65': 37.0, '66-67': 32.0, '68-69': 69.5, '70-71': 50.5, '72-73': 50.0, '74-75': 45.0, '76-77': 24.5, '78-79': 90.0, '80-81': 60.0, '82-83': 90.0, '84-85': 90.0, '86-87': 80.0, '88-89': 70.0, '90-91': 70.0, '92-93': 80.0, '94-95': 100.0, '96-97': 80.0, '98-99': 90.0, 'old': 70.03, 'new': 24.5}
2026-01-11 12:55:10,830 [trainer.py] => CNN top1 curve: [76.92, 75.97, 75.16, 73.92, 72.5, 72.29, 71.44, 70.78, 70.07, 68.86]
2026-01-11 12:55:10,830 [trainer.py] => Average Accuracy (CNN): 72.79 

2026-01-11 12:55:10,830 [trainer.py] => All params: 85935362
2026-01-11 12:55:10,831 [trainer.py] => Trainable params: 85935362
2026-01-11 12:55:10,835 [simplecil.py] => Learning on 78-80
2026-01-11 12:55:57,341 [trainer.py] => CNN: {'total': 68.74, '00-59': 75.43, '60-61': 58.0, '62-63': 55.0, '64-65': 37.0, '66-67': 32.0, '68-69': 69.5, '70-71': 50.5, '72-73': 50.0, '74-75': 45.0, '76-77': 24.5, '78-79': 65.0, '80-81': 60.0, '82-83': 70.0, '84-85': 70.0, '86-87': 80.0, '88-89': 70.0, '90-91': 80.0, '92-93': 70.0, '94-95': 80.0, '96-97': 70.0, '98-99': 90.0, 'old': 68.83, 'new': 65.0}
2026-01-11 12:55:57,341 [trainer.py] => CNN top1 curve: [76.92, 75.97, 75.16, 73.92, 72.5, 72.29, 71.44, 70.78, 70.07, 68.86, 68.74]
2026-01-11 12:55:57,342 [trainer.py] => Average Accuracy (CNN): 72.42 

2026-01-11 12:55:57,342 [trainer.py] => All params: 85936898
2026-01-11 12:55:57,343 [trainer.py] => Trainable params: 85936898
2026-01-11 12:55:57,347 [simplecil.py] => Learning on 80-82
2026-01-11 12:56:44,725 [trainer.py] => CNN: {'total': 67.68, '00-59': 75.37, '60-61': 58.0, '62-63': 55.0, '64-65': 37.0, '66-67': 32.0, '68-69': 69.5, '70-71': 50.5, '72-73': 50.0, '74-75': 44.5, '76-77': 24.5, '78-79': 65.0, '80-81': 28.0, '82-83': 90.0, '84-85': 60.0, '86-87': 80.0, '88-89': 70.0, '90-91': 60.0, '92-93': 70.0, '94-95': 60.0, '96-97': 100.0, '98-99': 80.0, 'old': 68.68, 'new': 28.0}
2026-01-11 12:56:44,726 [trainer.py] => CNN top1 curve: [76.92, 75.97, 75.16, 73.92, 72.5, 72.29, 71.44, 70.78, 70.07, 68.86, 68.74, 67.68]
2026-01-11 12:56:44,726 [trainer.py] => Average Accuracy (CNN): 72.03 

2026-01-11 12:56:44,726 [trainer.py] => All params: 85938434
2026-01-11 12:56:44,727 [trainer.py] => Trainable params: 85938434
2026-01-11 12:56:44,732 [simplecil.py] => Learning on 82-84
2026-01-11 12:57:33,031 [trainer.py] => CNN: {'total': 68.0, '00-59': 75.35, '60-61': 58.0, '62-63': 54.5, '64-65': 37.0, '66-67': 32.0, '68-69': 69.5, '70-71': 50.0, '72-73': 50.0, '74-75': 44.5, '76-77': 24.5, '78-79': 65.0, '80-81': 28.0, '82-83': 82.5, '84-85': 100.0, '86-87': 90.0, '88-89': 70.0, '90-91': 70.0, '92-93': 60.0, '94-95': 70.0, '96-97': 80.0, '98-99': 100.0, 'old': 67.65, 'new': 82.5}
2026-01-11 12:57:33,031 [trainer.py] => CNN top1 curve: [76.92, 75.97, 75.16, 73.92, 72.5, 72.29, 71.44, 70.78, 70.07, 68.86, 68.74, 67.68, 68.0]
2026-01-11 12:57:33,031 [trainer.py] => Average Accuracy (CNN): 71.72 

2026-01-11 12:57:33,032 [trainer.py] => All params: 85939970
2026-01-11 12:57:33,032 [trainer.py] => Trainable params: 85939970
2026-01-11 12:57:33,038 [simplecil.py] => Learning on 84-86
2026-01-11 12:58:22,142 [trainer.py] => CNN: {'total': 66.62, '00-59': 74.77, '60-61': 58.0, '62-63': 54.5, '64-65': 36.5, '66-67': 32.0, '68-69': 69.5, '70-71': 50.0, '72-73': 50.0, '74-75': 44.5, '76-77': 24.5, '78-79': 65.0, '80-81': 28.0, '82-83': 82.0, '84-85': 27.0, '86-87': 60.0, '88-89': 50.0, '90-91': 90.0, '92-93': 70.0, '94-95': 90.0, '96-97': 100.0, '98-99': 80.0, 'old': 67.56, 'new': 27.0}
2026-01-11 12:58:22,142 [trainer.py] => CNN top1 curve: [76.92, 75.97, 75.16, 73.92, 72.5, 72.29, 71.44, 70.78, 70.07, 68.86, 68.74, 67.68, 68.0, 66.62]
2026-01-11 12:58:22,142 [trainer.py] => Average Accuracy (CNN): 71.35 

2026-01-11 12:58:22,143 [trainer.py] => All params: 85941506
2026-01-11 12:58:22,143 [trainer.py] => Trainable params: 85941506
2026-01-11 12:58:22,147 [simplecil.py] => Learning on 86-88
2026-01-11 12:59:12,561 [trainer.py] => CNN: {'total': 66.53, '00-59': 74.47, '60-61': 58.0, '62-63': 54.5, '64-65': 36.5, '66-67': 32.0, '68-69': 69.5, '70-71': 50.0, '72-73': 49.5, '74-75': 44.5, '76-77': 24.5, '78-79': 65.0, '80-81': 28.0, '82-83': 81.5, '84-85': 27.0, '86-87': 73.0, '88-89': 70.0, '90-91': 60.0, '92-93': 80.0, '94-95': 100.0, '96-97': 70.0, '98-99': 70.0, 'old': 66.38, 'new': 73.0}
2026-01-11 12:59:12,561 [trainer.py] => CNN top1 curve: [76.92, 75.97, 75.16, 73.92, 72.5, 72.29, 71.44, 70.78, 70.07, 68.86, 68.74, 67.68, 68.0, 66.62, 66.53]
2026-01-11 12:59:12,561 [trainer.py] => Average Accuracy (CNN): 71.03 

2026-01-11 12:59:12,562 [trainer.py] => All params: 85943042
2026-01-11 12:59:12,562 [trainer.py] => Trainable params: 85943042
2026-01-11 12:59:12,568 [simplecil.py] => Learning on 88-90
2026-01-11 13:00:04,349 [trainer.py] => CNN: {'total': 65.97, '00-59': 74.4, '60-61': 58.0, '62-63': 54.5, '64-65': 36.5, '66-67': 32.0, '68-69': 69.5, '70-71': 50.0, '72-73': 49.5, '74-75': 44.5, '76-77': 24.5, '78-79': 64.5, '80-81': 28.0, '82-83': 81.5, '84-85': 27.0, '86-87': 73.0, '88-89': 43.5, '90-91': 100.0, '92-93': 90.0, '94-95': 100.0, '96-97': 60.0, '98-99': 80.0, 'old': 66.48, 'new': 43.5}
2026-01-11 13:00:04,350 [trainer.py] => CNN top1 curve: [76.92, 75.97, 75.16, 73.92, 72.5, 72.29, 71.44, 70.78, 70.07, 68.86, 68.74, 67.68, 68.0, 66.62, 66.53, 65.97]
2026-01-11 13:00:04,350 [trainer.py] => Average Accuracy (CNN): 70.72 

2026-01-11 13:00:04,350 [trainer.py] => All params: 85944578
2026-01-11 13:00:04,351 [trainer.py] => Trainable params: 85944578
2026-01-11 13:00:04,355 [simplecil.py] => Learning on 90-92
2026-01-11 13:00:56,625 [trainer.py] => CNN: {'total': 65.64, '00-59': 74.37, '60-61': 58.0, '62-63': 54.5, '64-65': 36.5, '66-67': 32.0, '68-69': 69.5, '70-71': 50.0, '72-73': 49.0, '74-75': 44.5, '76-77': 24.5, '78-79': 64.5, '80-81': 28.0, '82-83': 81.5, '84-85': 27.0, '86-87': 73.0, '88-89': 43.5, '90-91': 52.5, '92-93': 60.0, '94-95': 80.0, '96-97': 90.0, '98-99': 90.0, 'old': 65.93, 'new': 52.5}
2026-01-11 13:00:56,625 [trainer.py] => CNN top1 curve: [76.92, 75.97, 75.16, 73.92, 72.5, 72.29, 71.44, 70.78, 70.07, 68.86, 68.74, 67.68, 68.0, 66.62, 66.53, 65.97, 65.64]
2026-01-11 13:00:56,625 [trainer.py] => Average Accuracy (CNN): 70.42 

2026-01-11 13:00:56,626 [trainer.py] => All params: 85946114
2026-01-11 13:00:56,626 [trainer.py] => Trainable params: 85946114
2026-01-11 13:00:56,631 [simplecil.py] => Learning on 92-94
2026-01-11 13:01:49,884 [trainer.py] => CNN: {'total': 64.79, '00-59': 74.23, '60-61': 58.0, '62-63': 50.5, '64-65': 36.5, '66-67': 32.0, '68-69': 69.5, '70-71': 46.0, '72-73': 49.0, '74-75': 44.5, '76-77': 24.5, '78-79': 64.5, '80-81': 28.0, '82-83': 80.5, '84-85': 27.0, '86-87': 73.0, '88-89': 43.5, '90-91': 52.5, '92-93': 38.5, '94-95': 90.0, '96-97': 80.0, '98-99': 90.0, 'old': 65.36, 'new': 38.5}
2026-01-11 13:01:49,884 [trainer.py] => CNN top1 curve: [76.92, 75.97, 75.16, 73.92, 72.5, 72.29, 71.44, 70.78, 70.07, 68.86, 68.74, 67.68, 68.0, 66.62, 66.53, 65.97, 65.64, 64.79]
2026-01-11 13:01:49,884 [trainer.py] => Average Accuracy (CNN): 70.1 

2026-01-11 13:01:49,885 [trainer.py] => All params: 85947650
2026-01-11 13:01:49,885 [trainer.py] => Trainable params: 85947650
2026-01-11 13:01:49,890 [simplecil.py] => Learning on 94-96
2026-01-11 13:02:43,912 [trainer.py] => CNN: {'total': 63.93, '00-59': 74.2, '60-61': 58.0, '62-63': 50.5, '64-65': 36.5, '66-67': 32.0, '68-69': 69.5, '70-71': 45.5, '72-73': 49.0, '74-75': 44.5, '76-77': 24.5, '78-79': 64.5, '80-81': 28.0, '82-83': 80.5, '84-85': 27.0, '86-87': 73.0, '88-89': 43.5, '90-91': 52.5, '92-93': 38.5, '94-95': 25.0, '96-97': 80.0, '98-99': 80.0, 'old': 64.76, 'new': 25.0}
2026-01-11 13:02:43,912 [trainer.py] => CNN top1 curve: [76.92, 75.97, 75.16, 73.92, 72.5, 72.29, 71.44, 70.78, 70.07, 68.86, 68.74, 67.68, 68.0, 66.62, 66.53, 65.97, 65.64, 64.79, 63.93]
2026-01-11 13:02:43,912 [trainer.py] => Average Accuracy (CNN): 69.78 

2026-01-11 13:02:43,913 [trainer.py] => All params: 85949186
2026-01-11 13:02:43,913 [trainer.py] => Trainable params: 85949186
2026-01-11 13:02:43,917 [simplecil.py] => Learning on 96-98
2026-01-11 13:03:39,260 [trainer.py] => CNN: {'total': 62.99, '00-59': 72.67, '60-61': 58.0, '62-63': 49.5, '64-65': 36.5, '66-67': 32.0, '68-69': 67.5, '70-71': 45.5, '72-73': 49.0, '74-75': 44.5, '76-77': 24.5, '78-79': 64.5, '80-81': 28.0, '82-83': 80.5, '84-85': 27.0, '86-87': 73.0, '88-89': 42.5, '90-91': 52.5, '92-93': 35.5, '94-95': 25.0, '96-97': 71.0, '98-99': 80.0, 'old': 62.82, 'new': 71.0}
2026-01-11 13:03:39,260 [trainer.py] => CNN top1 curve: [76.92, 75.97, 75.16, 73.92, 72.5, 72.29, 71.44, 70.78, 70.07, 68.86, 68.74, 67.68, 68.0, 66.62, 66.53, 65.97, 65.64, 64.79, 63.93, 62.99]
2026-01-11 13:03:39,260 [trainer.py] => Average Accuracy (CNN): 69.44 

2026-01-11 13:03:39,261 [trainer.py] => All params: 85950722
2026-01-11 13:03:39,261 [trainer.py] => Trainable params: 85950722
2026-01-11 13:03:39,262 [simplecil.py] => Learning on 98-100
2026-01-11 13:04:34,976 [trainer.py] => CNN: {'total': 62.52, '00-59': 72.38, '60-61': 57.5, '62-63': 49.5, '64-65': 36.5, '66-67': 32.0, '68-69': 67.5, '70-71': 45.5, '72-73': 49.0, '74-75': 44.5, '76-77': 24.0, '78-79': 54.5, '80-81': 28.0, '82-83': 80.5, '84-85': 27.0, '86-87': 73.0, '88-89': 42.5, '90-91': 52.5, '92-93': 35.5, '94-95': 25.0, '96-97': 71.0, '98-99': 59.0, 'old': 62.59, 'new': 59.0}
2026-01-11 13:04:34,977 [trainer.py] => CNN top1 curve: [76.92, 75.97, 75.16, 73.92, 72.5, 72.29, 71.44, 70.78, 70.07, 68.86, 68.74, 67.68, 68.0, 66.62, 66.53, 65.97, 65.64, 64.79, 63.93, 62.99, 62.52]
2026-01-11 13:04:34,977 [trainer.py] => Average Accuracy (CNN): 69.11 


================================================================================
Finished cifar224_init60_inc2: pretrained_vit_b16_224  
Base Accuracy: 76.92
Last Accuracy: 62.52
Average Accuracy (Top1): 69.11
PD: 14.40
Backward Transfer (BWT): -2.13
Accuracy Matrix (CNN):
[[ 76.92 100.    90.    90.    80.   100.    90.    90.    70.    80.
   50.    70.    60.    90.    80.    40.    70.    80.    70.    70.
   90.  ]
 [ 76.53  59.    60.    90.    90.    70.    80.    70.    70.    50.
   70.    60.    70.   100.    60.    80.    30.    80.    80.    90.
   60.  ]
 [ 76.23  59.    59.    80.   100.    80.    90.    70.    60.    50.
   80.    60.    90.    80.   100.    70.    70.    70.    70.    60.
   90.  ]
 [ 76.15  59.    59.    37.    60.    70.    80.    70.    70.    50.
   90.    60.    80.    70.    70.    60.    90.    90.   100.    60.
   80.  ]
 [ 75.95  59.    58.    37.    32.5   70.   100.    60.    70.    70.
   80.    60.    80.    90.   100.    50.    80.    80.    60.    60.
   80.  ]
 [ 75.82  58.    58.    37.    32.5   70.    80.    80.    50.    70.
   70.    60.    90.    70.    80.    70.    90.    70.    80.    90.
   90.  ]
 [ 75.65  58.    55.    37.    32.5   69.5   50.5   80.    70.    70.
   90.    60.   100.    70.    70.    60.    50.    80.    90.    60.
   70.  ]
 [ 75.55  58.    55.    37.    32.5   69.5   50.5   50.    70.    70.
  100.    80.    90.    80.    90.    50.   100.    70.    80.    80.
  100.  ]
 [ 75.52  58.    55.    37.    32.    69.5   50.5   50.    45.    30.
   50.    80.    50.    80.    80.    80.    70.    60.   100.    80.
   70.  ]
 [ 75.47  58.    55.    37.    32.    69.5   50.5   50.    45.    24.5
   90.    60.    90.    90.    80.    70.    70.    80.   100.    80.
   90.  ]
 [ 75.43  58.    55.    37.    32.    69.5   50.5   50.    45.    24.5
   65.    60.    70.    70.    80.    70.    80.    70.    80.    70.
   90.  ]
 [ 75.37  58.    55.    37.    32.    69.5   50.5   50.    44.5   24.5
   65.    28.    90.    60.    80.    70.    60.    70.    60.   100.
   80.  ]
 [ 75.35  58.    54.5   37.    32.    69.5   50.    50.    44.5   24.5
   65.    28.    82.5  100.    90.    70.    70.    60.    70.    80.
  100.  ]
 [ 74.77  58.    54.5   36.5   32.    69.5   50.    50.    44.5   24.5
   65.    28.    82.    27.    60.    50.    90.    70.    90.   100.
   80.  ]
 [ 74.47  58.    54.5   36.5   32.    69.5   50.    49.5   44.5   24.5
   65.    28.    81.5   27.    73.    70.    60.    80.   100.    70.
   70.  ]
 [ 74.4   58.    54.5   36.5   32.    69.5   50.    49.5   44.5   24.5
   64.5   28.    81.5   27.    73.    43.5  100.    90.   100.    60.
   80.  ]
 [ 74.37  58.    54.5   36.5   32.    69.5   50.    49.    44.5   24.5
   64.5   28.    81.5   27.    73.    43.5   52.5   60.    80.    90.
   90.  ]
 [ 74.23  58.    50.5   36.5   32.    69.5   46.    49.    44.5   24.5
   64.5   28.    80.5   27.    73.    43.5   52.5   38.5   90.    80.
   90.  ]
 [ 74.2   58.    50.5   36.5   32.    69.5   45.5   49.    44.5   24.5
   64.5   28.    80.5   27.    73.    43.5   52.5   38.5   25.    80.
   80.  ]
 [ 72.67  58.    49.5   36.5   32.    67.5   45.5   49.    44.5   24.5
   64.5   28.    80.5   27.    73.    42.5   52.5   35.5   25.    71.
   80.  ]
 [ 72.38  57.5   49.5   36.5   32.    67.5   45.5   49.    44.5   24.
   54.5   28.    80.5   27.    73.    42.5   52.5   35.5   25.    71.
   59.  ]]
================================================================================

2026-01-11 13:04:39,091 [trainer.py] => config: ./configs/simplecil/IN1K/simplecil_cifar_B60_Inc5.json
2026-01-11 13:04:39,118 [trainer.py] => prefix:  
2026-01-11 13:04:39,118 [trainer.py] => dataset: cifar224
2026-01-11 13:04:39,118 [trainer.py] => memory_size: 0
2026-01-11 13:04:39,118 [trainer.py] => memory_per_class: 0
2026-01-11 13:04:39,118 [trainer.py] => fixed_memory: False
2026-01-11 13:04:39,119 [trainer.py] => shuffle: False
2026-01-11 13:04:39,119 [trainer.py] => init_cls: 60
2026-01-11 13:04:39,119 [trainer.py] => increment: 5
2026-01-11 13:04:39,119 [trainer.py] => model_name: simplecil
2026-01-11 13:04:39,119 [trainer.py] => backbone_type: pretrained_vit_b16_224
2026-01-11 13:04:39,119 [trainer.py] => device: [device(type='cuda', index=1)]
2026-01-11 13:04:39,119 [trainer.py] => seed: 1993
2026-01-11 13:04:39,119 [trainer.py] => kshot: 5
2026-01-11 13:04:39,119 [trainer.py] => tuned_epoch: 1
2026-01-11 13:04:39,119 [trainer.py] => init_lr: 0.01
2026-01-11 13:04:39,119 [trainer.py] => batch_size: 48
2026-01-11 13:04:39,119 [trainer.py] => weight_decay: 0.05
2026-01-11 13:04:39,119 [trainer.py] => min_lr: 1e-08
2026-01-11 13:04:39,120 [trainer.py] => optimizer: sgd
2026-01-11 13:04:39,120 [trainer.py] => vpt_type: shallow
2026-01-11 13:04:39,120 [trainer.py] => prompt_token_num: 3
2026-01-11 13:04:39,120 [trainer.py] => gpu_models: ['NVIDIA A800 80GB PCIe']
2026-01-11 13:04:40,408 [data_manager.py] => [0, 1, 2, 3, 4, 5, 6, 7, 8, 9, 10, 11, 12, 13, 14, 15, 16, 17, 18, 19, 20, 21, 22, 23, 24, 25, 26, 27, 28, 29, 30, 31, 32, 33, 34, 35, 36, 37, 38, 39, 40, 41, 42, 43, 44, 45, 46, 47, 48, 49, 50, 51, 52, 53, 54, 55, 56, 57, 58, 59, 60, 61, 62, 63, 64, 65, 66, 67, 68, 69, 70, 71, 72, 73, 74, 75, 76, 77, 78, 79, 80, 81, 82, 83, 84, 85, 86, 87, 88, 89, 90, 91, 92, 93, 94, 95, 96, 97, 98, 99]
This is for the BaseNet initialization.
After BaseNet initialization.
2026-01-11 13:04:45,810 [trainer.py] => All params: 85875457
2026-01-11 13:04:45,811 [trainer.py] => Trainable params: 85875457
2026-01-11 13:04:46,057 [simplecil.py] => Learning on 0-60
2026-01-11 13:08:21,269 [trainer.py] => CNN: {'total': 76.92, '00-59': 76.92, '60-64': 92.0, '65-69': 92.0, '70-74': 84.0, '75-79': 68.0, '80-84': 72.0, '85-89': 64.0, '90-94': 80.0, '95-99': 72.0, 'old': 0, 'new': 76.92}
2026-01-11 13:08:21,270 [trainer.py] => CNN top1 curve: [76.92]
2026-01-11 13:08:21,270 [trainer.py] => Average Accuracy (CNN): 76.92 

2026-01-11 13:08:21,270 [trainer.py] => All params: 85921538
2026-01-11 13:08:21,271 [trainer.py] => Trainable params: 85921538
2026-01-11 13:08:21,272 [simplecil.py] => Learning on 60-65
2026-01-11 13:09:00,931 [trainer.py] => CNN: {'total': 74.05, '00-59': 76.55, '60-64': 44.0, '65-69': 88.0, '70-74': 76.0, '75-79': 84.0, '80-84': 76.0, '85-89': 72.0, '90-94': 72.0, '95-99': 84.0, 'old': 76.55, 'new': 44.0}
2026-01-11 13:09:00,931 [trainer.py] => CNN top1 curve: [76.92, 74.05]
2026-01-11 13:09:00,931 [trainer.py] => Average Accuracy (CNN): 75.48 

2026-01-11 13:09:00,932 [trainer.py] => All params: 85925378
2026-01-11 13:09:00,933 [trainer.py] => Trainable params: 85925378
2026-01-11 13:09:00,938 [simplecil.py] => Learning on 65-70
2026-01-11 13:09:42,819 [trainer.py] => CNN: {'total': 71.14, '00-59': 76.35, '60-64': 42.8, '65-69': 37.0, '70-74': 80.0, '75-79': 80.0, '80-84': 76.0, '85-89': 80.0, '90-94': 64.0, '95-99': 80.0, 'old': 73.77, 'new': 37.0}
2026-01-11 13:09:42,820 [trainer.py] => CNN top1 curve: [76.92, 74.05, 71.14]
2026-01-11 13:09:42,820 [trainer.py] => Average Accuracy (CNN): 74.04 

2026-01-11 13:09:42,821 [trainer.py] => All params: 85929218
2026-01-11 13:09:42,823 [trainer.py] => Trainable params: 85929218
2026-01-11 13:09:42,825 [simplecil.py] => Learning on 70-75
2026-01-11 13:10:27,209 [trainer.py] => CNN: {'total': 69.01, '00-59': 75.57, '60-64': 40.6, '65-69': 37.0, '70-74': 50.8, '75-79': 84.0, '80-84': 72.0, '85-89': 84.0, '90-94': 88.0, '95-99': 72.0, 'old': 70.31, 'new': 50.8}
2026-01-11 13:10:27,210 [trainer.py] => CNN top1 curve: [76.92, 74.05, 71.14, 69.01]
2026-01-11 13:10:27,210 [trainer.py] => Average Accuracy (CNN): 72.78 

2026-01-11 13:10:27,210 [trainer.py] => All params: 85933058
2026-01-11 13:10:27,211 [trainer.py] => Trainable params: 85933058
2026-01-11 13:10:27,216 [simplecil.py] => Learning on 75-80
2026-01-11 13:11:14,489 [trainer.py] => CNN: {'total': 68.82, '00-59': 75.42, '60-64': 40.6, '65-69': 36.8, '70-74': 50.8, '75-79': 68.0, '80-84': 80.0, '85-89': 64.0, '90-94': 88.0, '95-99': 76.0, 'old': 68.88, 'new': 68.0}
2026-01-11 13:11:14,489 [trainer.py] => CNN top1 curve: [76.92, 74.05, 71.14, 69.01, 68.82]
2026-01-11 13:11:14,490 [trainer.py] => Average Accuracy (CNN): 71.99 

2026-01-11 13:11:14,490 [trainer.py] => All params: 85936898
2026-01-11 13:11:14,491 [trainer.py] => Trainable params: 85936898
2026-01-11 13:11:14,495 [simplecil.py] => Learning on 80-85
2026-01-11 13:12:03,711 [trainer.py] => CNN: {'total': 68.16, '00-59': 75.02, '60-64': 39.6, '65-69': 36.4, '70-74': 50.8, '75-79': 68.0, '80-84': 63.8, '85-89': 68.0, '90-94': 72.0, '95-99': 72.0, 'old': 68.44, 'new': 63.8}
2026-01-11 13:12:03,711 [trainer.py] => CNN top1 curve: [76.92, 74.05, 71.14, 69.01, 68.82, 68.16]
2026-01-11 13:12:03,711 [trainer.py] => Average Accuracy (CNN): 71.35 

2026-01-11 13:12:03,712 [trainer.py] => All params: 85940738
2026-01-11 13:12:03,712 [trainer.py] => Trainable params: 85940738
2026-01-11 13:12:03,717 [simplecil.py] => Learning on 85-90
2026-01-11 13:12:55,415 [trainer.py] => CNN: {'total': 67.6, '00-59': 74.75, '60-64': 39.6, '65-69': 36.4, '70-74': 50.6, '75-79': 67.6, '80-84': 63.6, '85-89': 62.0, '90-94': 76.0, '95-99': 64.0, 'old': 67.93, 'new': 62.0}
2026-01-11 13:12:55,415 [trainer.py] => CNN top1 curve: [76.92, 74.05, 71.14, 69.01, 68.82, 68.16, 67.6]
2026-01-11 13:12:55,415 [trainer.py] => Average Accuracy (CNN): 70.81 

2026-01-11 13:12:55,416 [trainer.py] => All params: 85944578
2026-01-11 13:12:55,416 [trainer.py] => Trainable params: 85944578
2026-01-11 13:12:55,420 [simplecil.py] => Learning on 90-95
2026-01-11 13:13:49,428 [trainer.py] => CNN: {'total': 65.99, '00-59': 74.68, '60-64': 39.6, '65-69': 36.4, '70-74': 50.6, '75-79': 67.6, '80-84': 63.0, '85-89': 61.6, '90-94': 38.8, '95-99': 76.0, 'old': 67.5, 'new': 38.8}
2026-01-11 13:13:49,428 [trainer.py] => CNN top1 curve: [76.92, 74.05, 71.14, 69.01, 68.82, 68.16, 67.6, 65.99]
2026-01-11 13:13:49,428 [trainer.py] => Average Accuracy (CNN): 70.21 

2026-01-11 13:13:49,429 [trainer.py] => All params: 85948418
2026-01-11 13:13:49,429 [trainer.py] => Trainable params: 85948418
2026-01-11 13:13:49,433 [simplecil.py] => Learning on 95-100
2026-01-11 13:14:45,564 [trainer.py] => CNN: {'total': 64.18, '00-59': 73.53, '60-64': 38.4, '65-69': 35.8, '70-74': 50.4, '75-79': 61.0, '80-84': 63.0, '85-89': 61.0, '90-94': 38.8, '95-99': 52.8, 'old': 64.78, 'new': 52.8}
2026-01-11 13:14:45,564 [trainer.py] => CNN top1 curve: [76.92, 74.05, 71.14, 69.01, 68.82, 68.16, 67.6, 65.99, 64.18]
2026-01-11 13:14:45,564 [trainer.py] => Average Accuracy (CNN): 69.54 


================================================================================
Finished cifar224_init60_inc5: pretrained_vit_b16_224  
Base Accuracy: 76.92
Last Accuracy: 64.18
Average Accuracy (Top1): 69.54
PD: 12.74
Backward Transfer (BWT): -2.42
Accuracy Matrix (CNN):
[[76.92 92.   92.   84.   68.   72.   64.   80.   72.  ]
 [76.55 44.   88.   76.   84.   76.   72.   72.   84.  ]
 [76.35 42.8  37.   80.   80.   76.   80.   64.   80.  ]
 [75.57 40.6  37.   50.8  84.   72.   84.   88.   72.  ]
 [75.42 40.6  36.8  50.8  68.   80.   64.   88.   76.  ]
 [75.02 39.6  36.4  50.8  68.   63.8  68.   72.   72.  ]
 [74.75 39.6  36.4  50.6  67.6  63.6  62.   76.   64.  ]
 [74.68 39.6  36.4  50.6  67.6  63.   61.6  38.8  76.  ]
 [73.53 38.4  35.8  50.4  61.   63.   61.   38.8  52.8 ]]
================================================================================

2026-01-11 13:14:49,121 [trainer.py] => config: ./configs/simplecil/IN1K/simplecil_inr_B100_Inc5.json
2026-01-11 13:14:49,122 [trainer.py] => prefix:  
2026-01-11 13:14:49,122 [trainer.py] => dataset: imagenetr
2026-01-11 13:14:49,122 [trainer.py] => memory_size: 0
2026-01-11 13:14:49,122 [trainer.py] => memory_per_class: 0
2026-01-11 13:14:49,122 [trainer.py] => fixed_memory: False
2026-01-11 13:14:49,122 [trainer.py] => shuffle: False
2026-01-11 13:14:49,123 [trainer.py] => init_cls: 100
2026-01-11 13:14:49,123 [trainer.py] => increment: 5
2026-01-11 13:14:49,123 [trainer.py] => model_name: simplecil
2026-01-11 13:14:49,123 [trainer.py] => backbone_type: pretrained_vit_b16_224
2026-01-11 13:14:49,123 [trainer.py] => device: [device(type='cuda', index=1)]
2026-01-11 13:14:49,123 [trainer.py] => seed: 1993
2026-01-11 13:14:49,123 [trainer.py] => kshot: 5
2026-01-11 13:14:49,123 [trainer.py] => tuned_epoch: 1
2026-01-11 13:14:49,123 [trainer.py] => init_lr: 0.01
2026-01-11 13:14:49,123 [trainer.py] => batch_size: 48
2026-01-11 13:14:49,123 [trainer.py] => weight_decay: 0.05
2026-01-11 13:14:49,123 [trainer.py] => min_lr: 1e-08
2026-01-11 13:14:49,123 [trainer.py] => optimizer: sgd
2026-01-11 13:14:49,123 [trainer.py] => vpt_type: shallow
2026-01-11 13:14:49,123 [trainer.py] => prompt_token_num: 3
2026-01-11 13:14:49,123 [trainer.py] => gpu_models: ['NVIDIA A800 80GB PCIe']
2026-01-11 13:14:49,829 [data_manager.py] => [0, 1, 2, 3, 4, 5, 6, 7, 8, 9, 10, 11, 12, 13, 14, 15, 16, 17, 18, 19, 20, 21, 22, 23, 24, 25, 26, 27, 28, 29, 30, 31, 32, 33, 34, 35, 36, 37, 38, 39, 40, 41, 42, 43, 44, 45, 46, 47, 48, 49, 50, 51, 52, 53, 54, 55, 56, 57, 58, 59, 60, 61, 62, 63, 64, 65, 66, 67, 68, 69, 70, 71, 72, 73, 74, 75, 76, 77, 78, 79, 80, 81, 82, 83, 84, 85, 86, 87, 88, 89, 90, 91, 92, 93, 94, 95, 96, 97, 98, 99, 100, 101, 102, 103, 104, 105, 106, 107, 108, 109, 110, 111, 112, 113, 114, 115, 116, 117, 118, 119, 120, 121, 122, 123, 124, 125, 126, 127, 128, 129, 130, 131, 132, 133, 134, 135, 136, 137, 138, 139, 140, 141, 142, 143, 144, 145, 146, 147, 148, 149, 150, 151, 152, 153, 154, 155, 156, 157, 158, 159, 160, 161, 162, 163, 164, 165, 166, 167, 168, 169, 170, 171, 172, 173, 174, 175, 176, 177, 178, 179, 180, 181, 182, 183, 184, 185, 186, 187, 188, 189, 190, 191, 192, 193, 194, 195, 196, 197, 198, 199]
This is for the BaseNet initialization.
After BaseNet initialization.
2026-01-11 13:14:56,349 [trainer.py] => All params: 85952257
2026-01-11 13:14:56,349 [trainer.py] => Trainable params: 85952257
2026-01-11 13:14:56,623 [simplecil.py] => Learning on 0-100
2026-01-11 13:16:39,590 [trainer.py] => CNN: {'total': 62.49, '00-99': 62.49, '100-104': 80.0, '105-109': 84.0, '110-114': 84.0, '115-119': 84.0, '120-124': 68.0, '125-129': 100.0, '130-134': 80.0, '135-139': 76.0, '140-144': 80.0, '145-149': 88.0, '150-154': 72.0, '155-159': 80.0, '160-164': 88.0, '165-169': 84.0, '170-174': 72.0, '175-179': 100.0, '180-184': 80.0, '185-189': 76.0, '190-194': 88.0, '195-199': 88.0, 'old': 0, 'new': 62.49}
2026-01-11 13:16:39,590 [trainer.py] => CNN top1 curve: [62.49]
2026-01-11 13:16:39,590 [trainer.py] => Average Accuracy (CNN): 62.49 

2026-01-11 13:16:39,591 [trainer.py] => All params: 86029058
2026-01-11 13:16:39,592 [trainer.py] => Trainable params: 86029058
2026-01-11 13:16:39,597 [simplecil.py] => Learning on 100-105
2026-01-11 13:17:05,506 [trainer.py] => CNN: {'total': 60.6, '00-99': 62.42, '100-104': 28.49, '105-109': 84.0, '110-114': 76.0, '115-119': 76.0, '120-124': 68.0, '125-129': 80.0, '130-134': 88.0, '135-139': 80.0, '140-144': 72.0, '145-149': 88.0, '150-154': 68.0, '155-159': 80.0, '160-164': 84.0, '165-169': 76.0, '170-174': 76.0, '175-179': 80.0, '180-184': 88.0, '185-189': 80.0, '190-194': 88.0, '195-199': 80.0, 'old': 62.42, 'new': 28.49}
2026-01-11 13:17:05,507 [trainer.py] => CNN top1 curve: [62.49, 60.6]
2026-01-11 13:17:05,507 [trainer.py] => Average Accuracy (CNN): 61.54 

2026-01-11 13:17:05,509 [trainer.py] => All params: 86032898
2026-01-11 13:17:05,511 [trainer.py] => Trainable params: 86032898
2026-01-11 13:17:05,518 [simplecil.py] => Learning on 105-110
2026-01-11 13:17:33,002 [trainer.py] => CNN: {'total': 58.58, '00-99': 62.32, '100-104': 26.16, '105-109': 18.62, '110-114': 80.0, '115-119': 84.0, '120-124': 56.0, '125-129': 72.0, '130-134': 76.0, '135-139': 88.0, '140-144': 84.0, '145-149': 84.0, '150-154': 68.0, '155-159': 96.0, '160-164': 80.0, '165-169': 80.0, '170-174': 88.0, '175-179': 92.0, '180-184': 88.0, '185-189': 84.0, '190-194': 84.0, '195-199': 88.0, 'old': 60.39, 'new': 18.62}
2026-01-11 13:17:33,002 [trainer.py] => CNN top1 curve: [62.49, 60.6, 58.58]
2026-01-11 13:17:33,002 [trainer.py] => Average Accuracy (CNN): 60.56 

2026-01-11 13:17:33,003 [trainer.py] => All params: 86036738
2026-01-11 13:17:33,003 [trainer.py] => Trainable params: 86036738
2026-01-11 13:17:33,009 [simplecil.py] => Learning on 110-115
2026-01-11 13:18:00,063 [trainer.py] => CNN: {'total': 58.31, '00-99': 62.26, '100-104': 26.16, '105-109': 17.93, '110-114': 53.9, '115-119': 84.0, '120-124': 72.0, '125-129': 88.0, '130-134': 76.0, '135-139': 88.0, '140-144': 76.0, '145-149': 84.0, '150-154': 60.0, '155-159': 72.0, '160-164': 96.0, '165-169': 88.0, '170-174': 64.0, '175-179': 96.0, '180-184': 80.0, '185-189': 92.0, '190-194': 80.0, '195-199': 84.0, 'old': 58.49, 'new': 53.9}
2026-01-11 13:18:00,064 [trainer.py] => CNN top1 curve: [62.49, 60.6, 58.58, 58.31]
2026-01-11 13:18:00,064 [trainer.py] => Average Accuracy (CNN): 60.0 

2026-01-11 13:18:00,064 [trainer.py] => All params: 86040578
2026-01-11 13:18:00,065 [trainer.py] => Trainable params: 86040578
2026-01-11 13:18:00,069 [simplecil.py] => Learning on 115-120
2026-01-11 13:18:27,308 [trainer.py] => CNN: {'total': 57.96, '00-99': 61.9, '100-104': 25.58, '105-109': 17.24, '110-114': 53.19, '115-119': 59.66, '120-124': 72.0, '125-129': 76.0, '130-134': 80.0, '135-139': 76.0, '140-144': 84.0, '145-149': 80.0, '150-154': 68.0, '155-159': 76.0, '160-164': 92.0, '165-169': 84.0, '170-174': 96.0, '175-179': 92.0, '180-184': 88.0, '185-189': 84.0, '190-194': 96.0, '195-199': 88.0, 'old': 57.91, 'new': 59.66}
2026-01-11 13:18:27,309 [trainer.py] => CNN top1 curve: [62.49, 60.6, 58.58, 58.31, 57.96]
2026-01-11 13:18:27,309 [trainer.py] => Average Accuracy (CNN): 59.59 

2026-01-11 13:18:27,309 [trainer.py] => All params: 86044418
2026-01-11 13:18:27,310 [trainer.py] => Trainable params: 86044418
2026-01-11 13:18:27,315 [simplecil.py] => Learning on 120-125
2026-01-11 13:18:54,943 [trainer.py] => CNN: {'total': 57.53, '00-99': 61.76, '100-104': 25.58, '105-109': 17.24, '110-114': 53.19, '115-119': 57.14, '120-124': 51.68, '125-129': 92.0, '130-134': 76.0, '135-139': 68.0, '140-144': 80.0, '145-149': 76.0, '150-154': 72.0, '155-159': 80.0, '160-164': 84.0, '165-169': 76.0, '170-174': 84.0, '175-179': 92.0, '180-184': 84.0, '185-189': 72.0, '190-194': 84.0, '195-199': 88.0, 'old': 57.77, 'new': 51.68}
2026-01-11 13:18:54,944 [trainer.py] => CNN top1 curve: [62.49, 60.6, 58.58, 58.31, 57.96, 57.53]
2026-01-11 13:18:54,944 [trainer.py] => Average Accuracy (CNN): 59.24 

2026-01-11 13:18:54,944 [trainer.py] => All params: 86048258
2026-01-11 13:18:54,945 [trainer.py] => Trainable params: 86048258
2026-01-11 13:18:54,950 [simplecil.py] => Learning on 125-130
2026-01-11 13:19:23,240 [trainer.py] => CNN: {'total': 55.71, '00-99': 61.57, '100-104': 25.58, '105-109': 17.24, '110-114': 51.06, '115-119': 54.62, '120-124': 49.66, '125-129': 22.01, '130-134': 84.0, '135-139': 76.0, '140-144': 76.0, '145-149': 76.0, '150-154': 68.0, '155-159': 80.0, '160-164': 96.0, '165-169': 80.0, '170-174': 72.0, '175-179': 100.0, '180-184': 92.0, '185-189': 84.0, '190-194': 76.0, '195-199': 96.0, 'old': 57.13, 'new': 22.01}
2026-01-11 13:19:23,240 [trainer.py] => CNN top1 curve: [62.49, 60.6, 58.58, 58.31, 57.96, 57.53, 55.71]
2026-01-11 13:19:23,241 [trainer.py] => Average Accuracy (CNN): 58.74 

2026-01-11 13:19:23,243 [trainer.py] => All params: 86052098
2026-01-11 13:19:23,245 [trainer.py] => Trainable params: 86052098
2026-01-11 13:19:23,251 [simplecil.py] => Learning on 130-135
2026-01-11 13:19:51,849 [trainer.py] => CNN: {'total': 55.25, '00-99': 61.57, '100-104': 25.58, '105-109': 17.24, '110-114': 51.06, '115-119': 51.26, '120-124': 47.65, '125-129': 22.01, '130-134': 48.0, '135-139': 84.0, '140-144': 84.0, '145-149': 80.0, '150-154': 76.0, '155-159': 88.0, '160-164': 88.0, '165-169': 92.0, '170-174': 72.0, '175-179': 100.0, '180-184': 88.0, '185-189': 80.0, '190-194': 84.0, '195-199': 84.0, 'old': 55.53, 'new': 48.0}
2026-01-11 13:19:51,849 [trainer.py] => CNN top1 curve: [62.49, 60.6, 58.58, 58.31, 57.96, 57.53, 55.71, 55.25]
2026-01-11 13:19:51,849 [trainer.py] => Average Accuracy (CNN): 58.3 

2026-01-11 13:19:51,850 [trainer.py] => All params: 86055938
2026-01-11 13:19:51,851 [trainer.py] => Trainable params: 86055938
2026-01-11 13:19:51,855 [simplecil.py] => Learning on 135-140
2026-01-11 13:20:20,496 [trainer.py] => CNN: {'total': 55.26, '00-99': 61.53, '100-104': 25.0, '105-109': 17.24, '110-114': 46.1, '115-119': 51.26, '120-124': 46.98, '125-129': 21.38, '130-134': 45.33, '135-139': 65.75, '140-144': 80.0, '145-149': 92.0, '150-154': 76.0, '155-159': 88.0, '160-164': 92.0, '165-169': 80.0, '170-174': 84.0, '175-179': 96.0, '180-184': 84.0, '185-189': 76.0, '190-194': 96.0, '195-199': 88.0, 'old': 54.88, 'new': 65.75}
2026-01-11 13:20:20,496 [trainer.py] => CNN top1 curve: [62.49, 60.6, 58.58, 58.31, 57.96, 57.53, 55.71, 55.25, 55.26]
2026-01-11 13:20:20,497 [trainer.py] => Average Accuracy (CNN): 57.97 

2026-01-11 13:20:20,497 [trainer.py] => All params: 86059778
2026-01-11 13:20:20,498 [trainer.py] => Trainable params: 86059778
2026-01-11 13:20:20,502 [simplecil.py] => Learning on 140-145
2026-01-11 13:20:49,713 [trainer.py] => CNN: {'total': 54.71, '00-99': 61.5, '100-104': 25.0, '105-109': 17.24, '110-114': 46.1, '115-119': 51.26, '120-124': 46.98, '125-129': 19.5, '130-134': 45.33, '135-139': 65.75, '140-144': 37.72, '145-149': 88.0, '150-154': 76.0, '155-159': 88.0, '160-164': 92.0, '165-169': 92.0, '170-174': 76.0, '175-179': 96.0, '180-184': 80.0, '185-189': 68.0, '190-194': 80.0, '195-199': 92.0, 'old': 55.17, 'new': 37.72}
2026-01-11 13:20:49,714 [trainer.py] => CNN top1 curve: [62.49, 60.6, 58.58, 58.31, 57.96, 57.53, 55.71, 55.25, 55.26, 54.71]
2026-01-11 13:20:49,714 [trainer.py] => Average Accuracy (CNN): 57.64 

2026-01-11 13:20:49,715 [trainer.py] => All params: 86063618
2026-01-11 13:20:49,715 [trainer.py] => Trainable params: 86063618
2026-01-11 13:20:49,721 [simplecil.py] => Learning on 145-150
2026-01-11 13:21:18,708 [trainer.py] => CNN: {'total': 54.8, '00-99': 61.5, '100-104': 25.0, '105-109': 17.24, '110-114': 46.1, '115-119': 50.42, '120-124': 46.31, '125-129': 19.5, '130-134': 44.67, '135-139': 65.75, '140-144': 35.96, '145-149': 64.0, '150-154': 52.0, '155-159': 88.0, '160-164': 76.0, '165-169': 92.0, '170-174': 76.0, '175-179': 92.0, '180-184': 80.0, '185-189': 80.0, '190-194': 92.0, '195-199': 84.0, 'old': 54.59, 'new': 64.0}
2026-01-11 13:21:18,708 [trainer.py] => CNN top1 curve: [62.49, 60.6, 58.58, 58.31, 57.96, 57.53, 55.71, 55.25, 55.26, 54.71, 54.8]
2026-01-11 13:21:18,708 [trainer.py] => Average Accuracy (CNN): 57.38 

2026-01-11 13:21:18,709 [trainer.py] => All params: 86067458
2026-01-11 13:21:18,710 [trainer.py] => Trainable params: 86067458
2026-01-11 13:21:18,716 [simplecil.py] => Learning on 150-155
2026-01-11 13:21:47,909 [trainer.py] => CNN: {'total': 54.19, '00-99': 61.37, '100-104': 25.0, '105-109': 17.24, '110-114': 46.1, '115-119': 49.58, '120-124': 45.64, '125-129': 19.5, '130-134': 44.0, '135-139': 65.75, '140-144': 35.96, '145-149': 63.0, '150-154': 36.7, '155-159': 76.0, '160-164': 84.0, '165-169': 92.0, '170-174': 88.0, '175-179': 100.0, '180-184': 88.0, '185-189': 84.0, '190-194': 92.0, '195-199': 92.0, 'old': 54.62, 'new': 36.7}
2026-01-11 13:21:47,909 [trainer.py] => CNN top1 curve: [62.49, 60.6, 58.58, 58.31, 57.96, 57.53, 55.71, 55.25, 55.26, 54.71, 54.8, 54.19]
2026-01-11 13:21:47,909 [trainer.py] => Average Accuracy (CNN): 57.12 

2026-01-11 13:21:47,910 [trainer.py] => All params: 86071298
2026-01-11 13:21:47,910 [trainer.py] => Trainable params: 86071298
2026-01-11 13:21:47,916 [simplecil.py] => Learning on 155-160
2026-01-11 13:22:18,033 [trainer.py] => CNN: {'total': 53.95, '00-99': 61.34, '100-104': 25.0, '105-109': 17.24, '110-114': 46.1, '115-119': 49.58, '120-124': 44.97, '125-129': 19.5, '130-134': 43.33, '135-139': 60.96, '140-144': 35.96, '145-149': 63.0, '150-154': 35.78, '155-159': 53.95, '160-164': 92.0, '165-169': 84.0, '170-174': 80.0, '175-179': 100.0, '180-184': 76.0, '185-189': 72.0, '190-194': 88.0, '195-199': 80.0, 'old': 53.95, 'new': 53.95}
2026-01-11 13:22:18,033 [trainer.py] => CNN top1 curve: [62.49, 60.6, 58.58, 58.31, 57.96, 57.53, 55.71, 55.25, 55.26, 54.71, 54.8, 54.19, 53.95]
2026-01-11 13:22:18,033 [trainer.py] => Average Accuracy (CNN): 56.87 

2026-01-11 13:22:18,034 [trainer.py] => All params: 86075138
2026-01-11 13:22:18,034 [trainer.py] => Trainable params: 86075138
2026-01-11 13:22:18,036 [simplecil.py] => Learning on 160-165
2026-01-11 13:22:48,658 [trainer.py] => CNN: {'total': 54.27, '00-99': 61.27, '100-104': 25.0, '105-109': 16.55, '110-114': 44.68, '115-119': 48.74, '120-124': 44.97, '125-129': 19.5, '130-134': 42.67, '135-139': 58.9, '140-144': 35.96, '145-149': 63.0, '150-154': 34.86, '155-159': 49.34, '160-164': 75.0, '165-169': 92.0, '170-174': 76.0, '175-179': 100.0, '180-184': 80.0, '185-189': 84.0, '190-194': 80.0, '195-199': 88.0, 'old': 53.57, 'new': 75.0}
2026-01-11 13:22:48,658 [trainer.py] => CNN top1 curve: [62.49, 60.6, 58.58, 58.31, 57.96, 57.53, 55.71, 55.25, 55.26, 54.71, 54.8, 54.19, 53.95, 54.27]
2026-01-11 13:22:48,658 [trainer.py] => Average Accuracy (CNN): 56.69 

2026-01-11 13:22:48,659 [trainer.py] => All params: 86078978
2026-01-11 13:22:48,659 [trainer.py] => Trainable params: 86078978
2026-01-11 13:22:48,663 [simplecil.py] => Learning on 165-170
2026-01-11 13:23:19,978 [trainer.py] => CNN: {'total': 54.08, '00-99': 61.17, '100-104': 25.0, '105-109': 16.55, '110-114': 43.97, '115-119': 47.9, '120-124': 43.62, '125-129': 19.5, '130-134': 41.33, '135-139': 58.9, '140-144': 35.96, '145-149': 63.0, '150-154': 32.11, '155-159': 48.68, '160-164': 75.0, '165-169': 56.02, '170-174': 88.0, '175-179': 96.0, '180-184': 92.0, '185-189': 76.0, '190-194': 88.0, '195-199': 76.0, 'old': 54.01, 'new': 56.02}
2026-01-11 13:23:19,978 [trainer.py] => CNN top1 curve: [62.49, 60.6, 58.58, 58.31, 57.96, 57.53, 55.71, 55.25, 55.26, 54.71, 54.8, 54.19, 53.95, 54.27, 54.08]
2026-01-11 13:23:19,978 [trainer.py] => Average Accuracy (CNN): 56.51 

2026-01-11 13:23:19,979 [trainer.py] => All params: 86082818
2026-01-11 13:23:19,979 [trainer.py] => Trainable params: 86082818
2026-01-11 13:23:19,985 [simplecil.py] => Learning on 170-175
2026-01-11 13:23:42,916 [trainer.py] => CNN: {'total': 54.02, '00-99': 61.17, '100-104': 25.0, '105-109': 16.55, '110-114': 43.97, '115-119': 47.9, '120-124': 43.62, '125-129': 19.5, '130-134': 41.33, '135-139': 56.16, '140-144': 35.96, '145-149': 61.0, '150-154': 32.11, '155-159': 48.03, '160-164': 75.0, '165-169': 56.02, '170-174': 56.74, '175-179': 96.0, '180-184': 88.0, '185-189': 76.0, '190-194': 96.0, '195-199': 92.0, 'old': 53.94, 'new': 56.74}
2026-01-11 13:23:42,917 [trainer.py] => CNN top1 curve: [62.49, 60.6, 58.58, 58.31, 57.96, 57.53, 55.71, 55.25, 55.26, 54.71, 54.8, 54.19, 53.95, 54.27, 54.08, 54.02]
2026-01-11 13:23:42,917 [trainer.py] => Average Accuracy (CNN): 56.36 

2026-01-11 13:23:42,917 [trainer.py] => All params: 86086658
2026-01-11 13:23:42,918 [trainer.py] => Trainable params: 86086658
2026-01-11 13:23:42,923 [simplecil.py] => Learning on 175-180
2026-01-11 13:24:14,850 [trainer.py] => CNN: {'total': 52.94, '00-99': 60.81, '100-104': 25.0, '105-109': 16.55, '110-114': 43.97, '115-119': 47.9, '120-124': 40.94, '125-129': 18.24, '130-134': 40.67, '135-139': 56.16, '140-144': 35.96, '145-149': 61.0, '150-154': 30.28, '155-159': 46.05, '160-164': 74.38, '165-169': 54.45, '170-174': 56.03, '175-179': 32.35, '180-184': 88.0, '185-189': 88.0, '190-194': 76.0, '195-199': 88.0, 'old': 53.48, 'new': 32.35}
2026-01-11 13:24:14,850 [trainer.py] => CNN top1 curve: [62.49, 60.6, 58.58, 58.31, 57.96, 57.53, 55.71, 55.25, 55.26, 54.71, 54.8, 54.19, 53.95, 54.27, 54.08, 54.02, 52.94]
2026-01-11 13:24:14,851 [trainer.py] => Average Accuracy (CNN): 56.16 

2026-01-11 13:24:14,851 [trainer.py] => All params: 86090498
2026-01-11 13:24:14,852 [trainer.py] => Trainable params: 86090498
2026-01-11 13:24:14,857 [simplecil.py] => Learning on 180-185
2026-01-11 13:24:47,368 [trainer.py] => CNN: {'total': 52.63, '00-99': 60.78, '100-104': 25.0, '105-109': 16.55, '110-114': 43.97, '115-119': 47.06, '120-124': 40.94, '125-129': 18.24, '130-134': 40.0, '135-139': 56.16, '140-144': 35.96, '145-149': 61.0, '150-154': 30.28, '155-159': 46.05, '160-164': 74.38, '165-169': 54.45, '170-174': 56.03, '175-179': 30.88, '180-184': 44.9, '185-189': 84.0, '190-194': 88.0, '195-199': 84.0, 'old': 52.85, 'new': 44.9}
2026-01-11 13:24:47,368 [trainer.py] => CNN top1 curve: [62.49, 60.6, 58.58, 58.31, 57.96, 57.53, 55.71, 55.25, 55.26, 54.71, 54.8, 54.19, 53.95, 54.27, 54.08, 54.02, 52.94, 52.63]
2026-01-11 13:24:47,368 [trainer.py] => Average Accuracy (CNN): 55.96 

2026-01-11 13:24:47,369 [trainer.py] => All params: 86094338
2026-01-11 13:24:47,370 [trainer.py] => Trainable params: 86094338
2026-01-11 13:24:47,373 [simplecil.py] => Learning on 185-190
2026-01-11 13:25:20,426 [trainer.py] => CNN: {'total': 51.98, '00-99': 60.68, '100-104': 25.0, '105-109': 16.55, '110-114': 43.97, '115-119': 47.06, '120-124': 40.94, '125-129': 17.61, '130-134': 40.0, '135-139': 56.16, '140-144': 35.96, '145-149': 61.0, '150-154': 30.28, '155-159': 46.05, '160-164': 74.38, '165-169': 54.45, '170-174': 55.32, '175-179': 29.41, '180-184': 44.9, '185-189': 38.6, '190-194': 84.0, '195-199': 96.0, 'old': 52.5, 'new': 38.6}
2026-01-11 13:25:20,426 [trainer.py] => CNN top1 curve: [62.49, 60.6, 58.58, 58.31, 57.96, 57.53, 55.71, 55.25, 55.26, 54.71, 54.8, 54.19, 53.95, 54.27, 54.08, 54.02, 52.94, 52.63, 51.98]
2026-01-11 13:25:20,426 [trainer.py] => Average Accuracy (CNN): 55.75 

2026-01-11 13:25:20,427 [trainer.py] => All params: 86098178
2026-01-11 13:25:20,428 [trainer.py] => Trainable params: 86098178
2026-01-11 13:25:20,434 [simplecil.py] => Learning on 190-195
2026-01-11 13:25:54,103 [trainer.py] => CNN: {'total': 51.47, '00-99': 60.64, '100-104': 25.0, '105-109': 16.55, '110-114': 43.97, '115-119': 47.06, '120-124': 40.94, '125-129': 17.61, '130-134': 38.67, '135-139': 56.16, '140-144': 35.09, '145-149': 61.0, '150-154': 30.28, '155-159': 46.05, '160-164': 74.38, '165-169': 54.45, '170-174': 55.32, '175-179': 29.41, '180-184': 44.22, '185-189': 37.21, '190-194': 37.91, '195-199': 80.0, 'old': 51.84, 'new': 37.91}
2026-01-11 13:25:54,103 [trainer.py] => CNN top1 curve: [62.49, 60.6, 58.58, 58.31, 57.96, 57.53, 55.71, 55.25, 55.26, 54.71, 54.8, 54.19, 53.95, 54.27, 54.08, 54.02, 52.94, 52.63, 51.98, 51.47]
2026-01-11 13:25:54,103 [trainer.py] => Average Accuracy (CNN): 55.54 

2026-01-11 13:25:54,104 [trainer.py] => All params: 86102018
2026-01-11 13:25:54,104 [trainer.py] => Trainable params: 86102018
2026-01-11 13:25:54,110 [simplecil.py] => Learning on 195-200
2026-01-11 13:26:27,716 [trainer.py] => CNN: {'total': 50.77, '00-99': 60.51, '100-104': 24.42, '105-109': 16.55, '110-114': 43.97, '115-119': 47.06, '120-124': 40.94, '125-129': 17.61, '130-134': 38.67, '135-139': 53.42, '140-144': 35.09, '145-149': 61.0, '150-154': 30.28, '155-159': 46.05, '160-164': 74.38, '165-169': 53.4, '170-174': 55.32, '175-179': 28.68, '180-184': 44.22, '185-189': 34.42, '190-194': 37.91, '195-199': 36.42, 'old': 51.16, 'new': 36.42}
2026-01-11 13:26:27,716 [trainer.py] => CNN top1 curve: [62.49, 60.6, 58.58, 58.31, 57.96, 57.53, 55.71, 55.25, 55.26, 54.71, 54.8, 54.19, 53.95, 54.27, 54.08, 54.02, 52.94, 52.63, 51.98, 51.47, 50.77]
2026-01-11 13:26:27,716 [trainer.py] => Average Accuracy (CNN): 55.31 


================================================================================
Finished imagenetr_init100_inc5: pretrained_vit_b16_224  
Base Accuracy: 62.49
Last Accuracy: 50.77
Average Accuracy (Top1): 55.31
PD: 11.72
Backward Transfer (BWT): -5.03
Accuracy Matrix (CNN):
[[ 62.49  80.    84.    84.    84.    68.   100.    80.    76.    80.
   88.    72.    80.    88.    84.    72.   100.    80.    76.    88.
   88.  ]
 [ 62.42  28.49  84.    76.    76.    68.    80.    88.    80.    72.
   88.    68.    80.    84.    76.    76.    80.    88.    80.    88.
   80.  ]
 [ 62.32  26.16  18.62  80.    84.    56.    72.    76.    88.    84.
   84.    68.    96.    80.    80.    88.    92.    88.    84.    84.
   88.  ]
 [ 62.26  26.16  17.93  53.9   84.    72.    88.    76.    88.    76.
   84.    60.    72.    96.    88.    64.    96.    80.    92.    80.
   84.  ]
 [ 61.9   25.58  17.24  53.19  59.66  72.    76.    80.    76.    84.
   80.    68.    76.    92.    84.    96.    92.    88.    84.    96.
   88.  ]
 [ 61.76  25.58  17.24  53.19  57.14  51.68  92.    76.    68.    80.
   76.    72.    80.    84.    76.    84.    92.    84.    72.    84.
   88.  ]
 [ 61.57  25.58  17.24  51.06  54.62  49.66  22.01  84.    76.    76.
   76.    68.    80.    96.    80.    72.   100.    92.    84.    76.
   96.  ]
 [ 61.57  25.58  17.24  51.06  51.26  47.65  22.01  48.    84.    84.
   80.    76.    88.    88.    92.    72.   100.    88.    80.    84.
   84.  ]
 [ 61.53  25.    17.24  46.1   51.26  46.98  21.38  45.33  65.75  80.
   92.    76.    88.    92.    80.    84.    96.    84.    76.    96.
   88.  ]
 [ 61.5   25.    17.24  46.1   51.26  46.98  19.5   45.33  65.75  37.72
   88.    76.    88.    92.    92.    76.    96.    80.    68.    80.
   92.  ]
 [ 61.5   25.    17.24  46.1   50.42  46.31  19.5   44.67  65.75  35.96
   64.    52.    88.    76.    92.    76.    92.    80.    80.    92.
   84.  ]
 [ 61.37  25.    17.24  46.1   49.58  45.64  19.5   44.    65.75  35.96
   63.    36.7   76.    84.    92.    88.   100.    88.    84.    92.
   92.  ]
 [ 61.34  25.    17.24  46.1   49.58  44.97  19.5   43.33  60.96  35.96
   63.    35.78  53.95  92.    84.    80.   100.    76.    72.    88.
   80.  ]
 [ 61.27  25.    16.55  44.68  48.74  44.97  19.5   42.67  58.9   35.96
   63.    34.86  49.34  75.    92.    76.   100.    80.    84.    80.
   88.  ]
 [ 61.17  25.    16.55  43.97  47.9   43.62  19.5   41.33  58.9   35.96
   63.    32.11  48.68  75.    56.02  88.    96.    92.    76.    88.
   76.  ]
 [ 61.17  25.    16.55  43.97  47.9   43.62  19.5   41.33  56.16  35.96
   61.    32.11  48.03  75.    56.02  56.74  96.    88.    76.    96.
   92.  ]
 [ 60.81  25.    16.55  43.97  47.9   40.94  18.24  40.67  56.16  35.96
   61.    30.28  46.05  74.38  54.45  56.03  32.35  88.    88.    76.
   88.  ]
 [ 60.78  25.    16.55  43.97  47.06  40.94  18.24  40.    56.16  35.96
   61.    30.28  46.05  74.38  54.45  56.03  30.88  44.9   84.    88.
   84.  ]
 [ 60.68  25.    16.55  43.97  47.06  40.94  17.61  40.    56.16  35.96
   61.    30.28  46.05  74.38  54.45  55.32  29.41  44.9   38.6   84.
   96.  ]
 [ 60.64  25.    16.55  43.97  47.06  40.94  17.61  38.67  56.16  35.09
   61.    30.28  46.05  74.38  54.45  55.32  29.41  44.22  37.21  37.91
   80.  ]
 [ 60.51  24.42  16.55  43.97  47.06  40.94  17.61  38.67  53.42  35.09
   61.    30.28  46.05  74.38  53.4   55.32  28.68  44.22  34.42  37.91
   36.42]]
================================================================================

2026-01-11 13:26:32,656 [trainer.py] => config: ./configs/simplecil/IN1K/simplecil_inr_B100_Inc10.json
2026-01-11 13:26:32,672 [trainer.py] => prefix:  
2026-01-11 13:26:32,672 [trainer.py] => dataset: imagenetr
2026-01-11 13:26:32,672 [trainer.py] => memory_size: 0
2026-01-11 13:26:32,672 [trainer.py] => memory_per_class: 0
2026-01-11 13:26:32,672 [trainer.py] => fixed_memory: False
2026-01-11 13:26:32,673 [trainer.py] => shuffle: False
2026-01-11 13:26:32,673 [trainer.py] => init_cls: 100
2026-01-11 13:26:32,673 [trainer.py] => increment: 10
2026-01-11 13:26:32,673 [trainer.py] => model_name: simplecil
2026-01-11 13:26:32,673 [trainer.py] => backbone_type: pretrained_vit_b16_224
2026-01-11 13:26:32,673 [trainer.py] => device: [device(type='cuda', index=1)]
2026-01-11 13:26:32,673 [trainer.py] => seed: 1993
2026-01-11 13:26:32,674 [trainer.py] => kshot: 5
2026-01-11 13:26:32,674 [trainer.py] => tuned_epoch: 1
2026-01-11 13:26:32,674 [trainer.py] => init_lr: 0.01
2026-01-11 13:26:32,674 [trainer.py] => batch_size: 48
2026-01-11 13:26:32,674 [trainer.py] => weight_decay: 0.05
2026-01-11 13:26:32,674 [trainer.py] => min_lr: 1e-08
2026-01-11 13:26:32,674 [trainer.py] => optimizer: sgd
2026-01-11 13:26:32,675 [trainer.py] => vpt_type: shallow
2026-01-11 13:26:32,675 [trainer.py] => prompt_token_num: 3
2026-01-11 13:26:32,675 [trainer.py] => gpu_models: ['NVIDIA A800 80GB PCIe']
2026-01-11 13:26:32,980 [data_manager.py] => [0, 1, 2, 3, 4, 5, 6, 7, 8, 9, 10, 11, 12, 13, 14, 15, 16, 17, 18, 19, 20, 21, 22, 23, 24, 25, 26, 27, 28, 29, 30, 31, 32, 33, 34, 35, 36, 37, 38, 39, 40, 41, 42, 43, 44, 45, 46, 47, 48, 49, 50, 51, 52, 53, 54, 55, 56, 57, 58, 59, 60, 61, 62, 63, 64, 65, 66, 67, 68, 69, 70, 71, 72, 73, 74, 75, 76, 77, 78, 79, 80, 81, 82, 83, 84, 85, 86, 87, 88, 89, 90, 91, 92, 93, 94, 95, 96, 97, 98, 99, 100, 101, 102, 103, 104, 105, 106, 107, 108, 109, 110, 111, 112, 113, 114, 115, 116, 117, 118, 119, 120, 121, 122, 123, 124, 125, 126, 127, 128, 129, 130, 131, 132, 133, 134, 135, 136, 137, 138, 139, 140, 141, 142, 143, 144, 145, 146, 147, 148, 149, 150, 151, 152, 153, 154, 155, 156, 157, 158, 159, 160, 161, 162, 163, 164, 165, 166, 167, 168, 169, 170, 171, 172, 173, 174, 175, 176, 177, 178, 179, 180, 181, 182, 183, 184, 185, 186, 187, 188, 189, 190, 191, 192, 193, 194, 195, 196, 197, 198, 199]
This is for the BaseNet initialization.
After BaseNet initialization.
2026-01-11 13:26:37,637 [trainer.py] => All params: 85952257
2026-01-11 13:26:37,638 [trainer.py] => Trainable params: 85952257
2026-01-11 13:26:37,928 [simplecil.py] => Learning on 0-100
2026-01-11 13:28:03,070 [trainer.py] => CNN: {'total': 62.49, '00-99': 62.49, '100-109': 82.0, '110-119': 84.0, '120-129': 84.0, '130-139': 78.0, '140-149': 84.0, '150-159': 76.0, '160-169': 86.0, '170-179': 86.0, '180-189': 78.0, '190-199': 88.0, 'old': 0, 'new': 62.49}
2026-01-11 13:28:03,070 [trainer.py] => CNN top1 curve: [62.49]
2026-01-11 13:28:03,070 [trainer.py] => Average Accuracy (CNN): 62.49 

2026-01-11 13:28:03,071 [trainer.py] => All params: 86029058
2026-01-11 13:28:03,071 [trainer.py] => Trainable params: 86029058
2026-01-11 13:28:03,073 [simplecil.py] => Learning on 100-110
2026-01-11 13:28:26,426 [trainer.py] => CNN: {'total': 58.55, '00-99': 62.29, '100-109': 22.71, '110-119': 88.0, '120-129': 82.0, '130-139': 76.0, '140-149': 76.0, '150-159': 74.0, '160-169': 82.0, '170-179': 92.0, '180-189': 84.0, '190-199': 88.0, 'old': 62.29, 'new': 22.71}
2026-01-11 13:28:26,427 [trainer.py] => CNN top1 curve: [62.49, 58.55]
2026-01-11 13:28:26,428 [trainer.py] => Average Accuracy (CNN): 60.52 

2026-01-11 13:28:26,430 [trainer.py] => All params: 86036738
2026-01-11 13:28:26,431 [trainer.py] => Trainable params: 86036738
2026-01-11 13:28:26,435 [simplecil.py] => Learning on 110-120
2026-01-11 13:28:52,519 [trainer.py] => CNN: {'total': 57.8, '00-99': 61.86, '100-109': 21.77, '110-119': 54.23, '120-129': 70.0, '130-139': 88.0, '140-149': 78.0, '150-159': 76.0, '160-169': 94.0, '170-179': 90.0, '180-189': 86.0, '190-199': 94.0, 'old': 58.08, 'new': 54.23}
2026-01-11 13:28:52,520 [trainer.py] => CNN top1 curve: [62.49, 58.55, 57.8]
2026-01-11 13:28:52,520 [trainer.py] => Average Accuracy (CNN): 59.61 

2026-01-11 13:28:52,520 [trainer.py] => All params: 86044418
2026-01-11 13:28:52,521 [trainer.py] => Trainable params: 86044418
2026-01-11 13:28:52,526 [simplecil.py] => Learning on 120-130
2026-01-11 13:29:10,059 [trainer.py] => CNN: {'total': 55.73, '00-99': 61.6, '100-109': 21.77, '110-119': 52.31, '120-129': 35.71, '130-139': 80.0, '140-149': 92.0, '150-159': 68.0, '160-169': 84.0, '170-179': 86.0, '180-189': 90.0, '190-199': 80.0, 'old': 57.44, 'new': 35.71}
2026-01-11 13:29:10,059 [trainer.py] => CNN top1 curve: [62.49, 58.55, 57.8, 55.73]
2026-01-11 13:29:10,059 [trainer.py] => Average Accuracy (CNN): 58.64 

2026-01-11 13:29:10,060 [trainer.py] => All params: 86052098
2026-01-11 13:29:10,060 [trainer.py] => Trainable params: 86052098
2026-01-11 13:29:10,062 [simplecil.py] => Learning on 130-140
2026-01-11 13:29:29,684 [trainer.py] => CNN: {'total': 55.05, '00-99': 61.34, '100-109': 21.45, '110-119': 48.08, '120-129': 33.12, '130-139': 55.41, '140-149': 74.0, '150-159': 80.0, '160-169': 86.0, '170-179': 82.0, '180-189': 80.0, '190-199': 90.0, 'old': 55.02, 'new': 55.41}
2026-01-11 13:29:29,684 [trainer.py] => CNN top1 curve: [62.49, 58.55, 57.8, 55.73, 55.05]
2026-01-11 13:29:29,684 [trainer.py] => Average Accuracy (CNN): 57.92 

2026-01-11 13:29:29,685 [trainer.py] => All params: 86059778
2026-01-11 13:29:29,685 [trainer.py] => Trainable params: 86059778
2026-01-11 13:29:29,691 [simplecil.py] => Learning on 140-150
2026-01-11 13:29:58,003 [trainer.py] => CNN: {'total': 54.65, '00-99': 61.3, '100-109': 21.45, '110-119': 46.15, '120-129': 31.17, '130-139': 54.73, '140-149': 53.27, '150-159': 76.0, '160-169': 86.0, '170-179': 92.0, '180-189': 80.0, '190-199': 96.0, 'old': 54.72, 'new': 53.27}
2026-01-11 13:29:58,003 [trainer.py] => CNN top1 curve: [62.49, 58.55, 57.8, 55.73, 55.05, 54.65]
2026-01-11 13:29:58,003 [trainer.py] => Average Accuracy (CNN): 57.38 

2026-01-11 13:29:58,004 [trainer.py] => All params: 86067458
2026-01-11 13:29:58,005 [trainer.py] => Trainable params: 86067458
2026-01-11 13:29:58,010 [simplecil.py] => Learning on 150-160
2026-01-11 13:30:20,817 [trainer.py] => CNN: {'total': 53.7, '00-99': 61.24, '100-109': 21.45, '110-119': 45.38, '120-129': 30.84, '130-139': 53.38, '140-149': 52.8, '150-159': 41.38, '160-169': 90.0, '170-179': 84.0, '180-189': 80.0, '190-199': 92.0, 'old': 54.42, 'new': 41.38}
2026-01-11 13:30:20,818 [trainer.py] => CNN top1 curve: [62.49, 58.55, 57.8, 55.73, 55.05, 54.65, 53.7]
2026-01-11 13:30:20,818 [trainer.py] => Average Accuracy (CNN): 56.85 

2026-01-11 13:30:20,818 [trainer.py] => All params: 86075138
2026-01-11 13:30:20,819 [trainer.py] => Trainable params: 86075138
2026-01-11 13:30:20,820 [simplecil.py] => Learning on 160-170
2026-01-11 13:30:40,135 [trainer.py] => CNN: {'total': 53.92, '00-99': 61.2, '100-109': 21.45, '110-119': 44.23, '120-129': 30.52, '130-139': 51.35, '140-149': 51.87, '150-159': 39.08, '160-169': 62.39, '170-179': 90.0, '180-189': 86.0, '190-199': 94.0, 'old': 53.29, 'new': 62.39}
2026-01-11 13:30:40,135 [trainer.py] => CNN top1 curve: [62.49, 58.55, 57.8, 55.73, 55.05, 54.65, 53.7, 53.92]
2026-01-11 13:30:40,135 [trainer.py] => Average Accuracy (CNN): 56.49 

2026-01-11 13:30:40,136 [trainer.py] => All params: 86082818
2026-01-11 13:30:40,136 [trainer.py] => Trainable params: 86082818
2026-01-11 13:30:40,138 [simplecil.py] => Learning on 170-180
2026-01-11 13:31:10,956 [trainer.py] => CNN: {'total': 53.45, '00-99': 60.97, '100-109': 21.45, '110-119': 43.46, '120-129': 29.55, '130-139': 49.66, '140-149': 50.0, '150-159': 37.55, '160-169': 61.54, '170-179': 54.87, '180-189': 86.0, '190-199': 84.0, 'old': 53.37, 'new': 54.87}
2026-01-11 13:31:10,957 [trainer.py] => CNN top1 curve: [62.49, 58.55, 57.8, 55.73, 55.05, 54.65, 53.7, 53.92, 53.45]
2026-01-11 13:31:10,957 [trainer.py] => Average Accuracy (CNN): 56.15 

2026-01-11 13:31:10,957 [trainer.py] => All params: 86090498
2026-01-11 13:31:10,958 [trainer.py] => Trainable params: 86090498
2026-01-11 13:31:10,964 [simplecil.py] => Learning on 180-190
2026-01-11 13:31:39,349 [trainer.py] => CNN: {'total': 52.07, '00-99': 60.74, '100-109': 21.45, '110-119': 43.08, '120-129': 28.57, '130-139': 49.66, '140-149': 49.53, '150-159': 37.16, '160-169': 61.54, '170-179': 53.43, '180-189': 36.46, '190-199': 88.0, 'old': 53.13, 'new': 36.46}
2026-01-11 13:31:39,350 [trainer.py] => CNN top1 curve: [62.49, 58.55, 57.8, 55.73, 55.05, 54.65, 53.7, 53.92, 53.45, 52.07]
2026-01-11 13:31:39,350 [trainer.py] => Average Accuracy (CNN): 55.74 

2026-01-11 13:31:39,350 [trainer.py] => All params: 86098178
2026-01-11 13:31:39,351 [trainer.py] => Trainable params: 86098178
2026-01-11 13:31:39,353 [simplecil.py] => Learning on 190-200
2026-01-11 13:31:59,147 [trainer.py] => CNN: {'total': 50.93, '00-99': 60.48, '100-109': 21.14, '110-119': 42.69, '120-129': 28.25, '130-139': 47.97, '140-149': 49.53, '150-159': 36.78, '160-169': 60.4, '170-179': 53.43, '180-189': 34.81, '190-199': 39.05, 'old': 51.59, 'new': 39.05}
2026-01-11 13:31:59,148 [trainer.py] => CNN top1 curve: [62.49, 58.55, 57.8, 55.73, 55.05, 54.65, 53.7, 53.92, 53.45, 52.07, 50.93]
2026-01-11 13:31:59,148 [trainer.py] => Average Accuracy (CNN): 55.3 


================================================================================
Finished imagenetr_init100_inc10: pretrained_vit_b16_224  
Base Accuracy: 62.49
Last Accuracy: 50.93
Average Accuracy (Top1): 55.3
PD: 11.56
Backward Transfer (BWT): -4.34
Accuracy Matrix (CNN):
[[62.49 82.   84.   84.   78.   84.   76.   86.   86.   78.   88.  ]
 [62.29 22.71 88.   82.   76.   76.   74.   82.   92.   84.   88.  ]
 [61.86 21.77 54.23 70.   88.   78.   76.   94.   90.   86.   94.  ]
 [61.6  21.77 52.31 35.71 80.   92.   68.   84.   86.   90.   80.  ]
 [61.34 21.45 48.08 33.12 55.41 74.   80.   86.   82.   80.   90.  ]
 [61.3  21.45 46.15 31.17 54.73 53.27 76.   86.   92.   80.   96.  ]
 [61.24 21.45 45.38 30.84 53.38 52.8  41.38 90.   84.   80.   92.  ]
 [61.2  21.45 44.23 30.52 51.35 51.87 39.08 62.39 90.   86.   94.  ]
 [60.97 21.45 43.46 29.55 49.66 50.   37.55 61.54 54.87 86.   84.  ]
 [60.74 21.45 43.08 28.57 49.66 49.53 37.16 61.54 53.43 36.46 88.  ]
 [60.48 21.14 42.69 28.25 47.97 49.53 36.78 60.4  53.43 34.81 39.05]]
================================================================================

2026-01-11 13:32:19,244 [trainer.py] => config: ./configs/simplecil/IN1K/simplecil_mini_B60_Inc2.json
2026-01-11 13:32:19,264 [trainer.py] => prefix:  
2026-01-11 13:32:19,264 [trainer.py] => dataset: mini_imagenet
2026-01-11 13:32:19,265 [trainer.py] => memory_size: 0
2026-01-11 13:32:19,265 [trainer.py] => memory_per_class: 0
2026-01-11 13:32:19,265 [trainer.py] => fixed_memory: False
2026-01-11 13:32:19,265 [trainer.py] => shuffle: False
2026-01-11 13:32:19,265 [trainer.py] => init_cls: 60
2026-01-11 13:32:19,265 [trainer.py] => increment: 2
2026-01-11 13:32:19,265 [trainer.py] => model_name: simplecil
2026-01-11 13:32:19,265 [trainer.py] => backbone_type: pretrained_vit_b16_224
2026-01-11 13:32:19,265 [trainer.py] => device: [device(type='cuda', index=1)]
2026-01-11 13:32:19,265 [trainer.py] => seed: 1993
2026-01-11 13:32:19,265 [trainer.py] => kshot: 5
2026-01-11 13:32:19,265 [trainer.py] => tuned_epoch: 1
2026-01-11 13:32:19,265 [trainer.py] => init_lr: 0.01
2026-01-11 13:32:19,265 [trainer.py] => batch_size: 48
2026-01-11 13:32:19,265 [trainer.py] => weight_decay: 0.05
2026-01-11 13:32:19,265 [trainer.py] => min_lr: 1e-08
2026-01-11 13:32:19,265 [trainer.py] => optimizer: sgd
2026-01-11 13:32:19,265 [trainer.py] => vpt_type: shallow
2026-01-11 13:32:19,265 [trainer.py] => prompt_token_num: 3
2026-01-11 13:32:19,265 [trainer.py] => gpu_models: ['NVIDIA A800 80GB PCIe']
2026-01-11 13:32:19,454 [data_manager.py] => [0, 1, 2, 3, 4, 5, 6, 7, 8, 9, 10, 11, 12, 13, 14, 15, 16, 17, 18, 19, 20, 21, 22, 23, 24, 25, 26, 27, 28, 29, 30, 31, 32, 33, 34, 35, 36, 37, 38, 39, 40, 41, 42, 43, 44, 45, 46, 47, 48, 49, 50, 51, 52, 53, 54, 55, 56, 57, 58, 59, 60, 61, 62, 63, 64, 65, 66, 67, 68, 69, 70, 71, 72, 73, 74, 75, 76, 77, 78, 79, 80, 81, 82, 83, 84, 85, 86, 87, 88, 89, 90, 91, 92, 93, 94, 95, 96, 97, 98, 99]
This is for the BaseNet initialization.
After BaseNet initialization.
2026-01-11 13:32:32,918 [trainer.py] => All params: 85875457
2026-01-11 13:32:32,920 [trainer.py] => Trainable params: 85875457
2026-01-11 13:32:33,199 [simplecil.py] => Learning on 0-60
2026-01-11 13:35:08,255 [trainer.py] => CNN: {'total': 94.98, '00-59': 94.98, '60-61': 100.0, '62-63': 70.0, '64-65': 80.0, '66-67': 100.0, '68-69': 80.0, '70-71': 90.0, '72-73': 90.0, '74-75': 100.0, '76-77': 80.0, '78-79': 100.0, '80-81': 90.0, '82-83': 80.0, '84-85': 80.0, '86-87': 70.0, '88-89': 80.0, '90-91': 70.0, '92-93': 70.0, '94-95': 80.0, '96-97': 100.0, '98-99': 100.0, 'old': 0, 'new': 94.98}
2026-01-11 13:35:08,283 [trainer.py] => CNN top1 curve: [94.98]
2026-01-11 13:35:08,284 [trainer.py] => Average Accuracy (CNN): 94.98 

2026-01-11 13:35:08,286 [trainer.py] => All params: 85921538
2026-01-11 13:35:08,288 [trainer.py] => Trainable params: 85921538
2026-01-11 13:35:08,294 [simplecil.py] => Learning on 60-62
2026-01-11 13:35:45,178 [trainer.py] => CNN: {'total': 94.9, '00-59': 94.98, '60-61': 92.5, '62-63': 100.0, '64-65': 70.0, '66-67': 90.0, '68-69': 80.0, '70-71': 90.0, '72-73': 90.0, '74-75': 100.0, '76-77': 80.0, '78-79': 90.0, '80-81': 100.0, '82-83': 90.0, '84-85': 80.0, '86-87': 60.0, '88-89': 40.0, '90-91': 100.0, '92-93': 70.0, '94-95': 70.0, '96-97': 80.0, '98-99': 90.0, 'old': 94.98, 'new': 92.5}
2026-01-11 13:35:45,178 [trainer.py] => CNN top1 curve: [94.98, 94.9]
2026-01-11 13:35:45,178 [trainer.py] => Average Accuracy (CNN): 94.94 

2026-01-11 13:35:45,179 [trainer.py] => All params: 85923074
2026-01-11 13:35:45,179 [trainer.py] => Trainable params: 85923074
2026-01-11 13:35:45,180 [simplecil.py] => Learning on 62-64
2026-01-11 13:36:08,980 [trainer.py] => CNN: {'total': 94.7, '00-59': 94.92, '60-61': 92.5, '62-63': 90.5, '64-65': 60.0, '66-67': 60.0, '68-69': 70.0, '70-71': 90.0, '72-73': 70.0, '74-75': 80.0, '76-77': 80.0, '78-79': 100.0, '80-81': 90.0, '82-83': 60.0, '84-85': 80.0, '86-87': 70.0, '88-89': 60.0, '90-91': 70.0, '92-93': 90.0, '94-95': 60.0, '96-97': 70.0, '98-99': 70.0, 'old': 94.84, 'new': 90.5}
2026-01-11 13:36:08,980 [trainer.py] => CNN top1 curve: [94.98, 94.9, 94.7]
2026-01-11 13:36:08,980 [trainer.py] => Average Accuracy (CNN): 94.86 

2026-01-11 13:36:08,981 [trainer.py] => All params: 85924610
2026-01-11 13:36:08,981 [trainer.py] => Trainable params: 85924610
2026-01-11 13:36:08,982 [simplecil.py] => Learning on 64-66
2026-01-11 13:36:33,434 [trainer.py] => CNN: {'total': 94.24, '00-59': 94.87, '60-61': 92.5, '62-63': 90.5, '64-65': 81.0, '66-67': 80.0, '68-69': 80.0, '70-71': 70.0, '72-73': 60.0, '74-75': 90.0, '76-77': 90.0, '78-79': 80.0, '80-81': 80.0, '82-83': 70.0, '84-85': 80.0, '86-87': 60.0, '88-89': 80.0, '90-91': 100.0, '92-93': 80.0, '94-95': 70.0, '96-97': 100.0, '98-99': 80.0, 'old': 94.66, 'new': 81.0}
2026-01-11 13:36:33,434 [trainer.py] => CNN top1 curve: [94.98, 94.9, 94.7, 94.24]
2026-01-11 13:36:33,434 [trainer.py] => Average Accuracy (CNN): 94.7 

2026-01-11 13:36:33,435 [trainer.py] => All params: 85926146
2026-01-11 13:36:33,435 [trainer.py] => Trainable params: 85926146
2026-01-11 13:36:33,436 [simplecil.py] => Learning on 66-68
2026-01-11 13:37:12,131 [trainer.py] => CNN: {'total': 94.21, '00-59': 94.82, '60-61': 92.5, '62-63': 90.5, '64-65': 81.0, '66-67': 94.5, '68-69': 80.0, '70-71': 90.0, '72-73': 70.0, '74-75': 90.0, '76-77': 70.0, '78-79': 90.0, '80-81': 80.0, '82-83': 80.0, '84-85': 90.0, '86-87': 70.0, '88-89': 80.0, '90-91': 100.0, '92-93': 80.0, '94-95': 90.0, '96-97': 80.0, '98-99': 70.0, 'old': 94.2, 'new': 94.5}
2026-01-11 13:37:12,132 [trainer.py] => CNN top1 curve: [94.98, 94.9, 94.7, 94.24, 94.21]
2026-01-11 13:37:12,132 [trainer.py] => Average Accuracy (CNN): 94.61 

2026-01-11 13:37:12,132 [trainer.py] => All params: 85927682
2026-01-11 13:37:12,133 [trainer.py] => Trainable params: 85927682
2026-01-11 13:37:12,137 [simplecil.py] => Learning on 68-70
2026-01-11 13:37:45,779 [trainer.py] => CNN: {'total': 92.81, '00-59': 94.8, '60-61': 92.5, '62-63': 90.5, '64-65': 81.0, '66-67': 94.5, '68-69': 46.0, '70-71': 80.0, '72-73': 70.0, '74-75': 80.0, '76-77': 90.0, '78-79': 100.0, '80-81': 100.0, '82-83': 70.0, '84-85': 50.0, '86-87': 60.0, '88-89': 70.0, '90-91': 100.0, '92-93': 80.0, '94-95': 80.0, '96-97': 100.0, '98-99': 90.0, 'old': 94.19, 'new': 46.0}
2026-01-11 13:37:45,779 [trainer.py] => CNN top1 curve: [94.98, 94.9, 94.7, 94.24, 94.21, 92.81]
2026-01-11 13:37:45,779 [trainer.py] => Average Accuracy (CNN): 94.31 

2026-01-11 13:37:45,780 [trainer.py] => All params: 85929218
2026-01-11 13:37:45,780 [trainer.py] => Trainable params: 85929218
2026-01-11 13:37:45,781 [simplecil.py] => Learning on 70-72
2026-01-11 13:38:13,712 [trainer.py] => CNN: {'total': 92.6, '00-59': 94.78, '60-61': 92.5, '62-63': 90.5, '64-65': 81.0, '66-67': 94.5, '68-69': 46.0, '70-71': 85.5, '72-73': 80.0, '74-75': 100.0, '76-77': 70.0, '78-79': 100.0, '80-81': 90.0, '82-83': 90.0, '84-85': 80.0, '86-87': 80.0, '88-89': 80.0, '90-91': 70.0, '92-93': 80.0, '94-95': 40.0, '96-97': 100.0, '98-99': 90.0, 'old': 92.8, 'new': 85.5}
2026-01-11 13:38:13,712 [trainer.py] => CNN top1 curve: [94.98, 94.9, 94.7, 94.24, 94.21, 92.81, 92.6]
2026-01-11 13:38:13,712 [trainer.py] => Average Accuracy (CNN): 94.06 

2026-01-11 13:38:13,713 [trainer.py] => All params: 85930754
2026-01-11 13:38:13,713 [trainer.py] => Trainable params: 85930754
2026-01-11 13:38:13,714 [simplecil.py] => Learning on 72-74
2026-01-11 13:38:42,799 [trainer.py] => CNN: {'total': 92.34, '00-59': 94.78, '60-61': 92.5, '62-63': 90.5, '64-65': 81.0, '66-67': 94.5, '68-69': 46.0, '70-71': 85.5, '72-73': 83.0, '74-75': 80.0, '76-77': 80.0, '78-79': 90.0, '80-81': 90.0, '82-83': 70.0, '84-85': 60.0, '86-87': 90.0, '88-89': 90.0, '90-91': 100.0, '92-93': 80.0, '94-95': 70.0, '96-97': 90.0, '98-99': 40.0, 'old': 92.6, 'new': 83.0}
2026-01-11 13:38:42,799 [trainer.py] => CNN top1 curve: [94.98, 94.9, 94.7, 94.24, 94.21, 92.81, 92.6, 92.34]
2026-01-11 13:38:42,799 [trainer.py] => Average Accuracy (CNN): 93.85 

2026-01-11 13:38:42,800 [trainer.py] => All params: 85932290
2026-01-11 13:38:42,800 [trainer.py] => Trainable params: 85932290
2026-01-11 13:38:42,804 [simplecil.py] => Learning on 74-76
2026-01-11 13:39:26,605 [trainer.py] => CNN: {'total': 92.37, '00-59': 94.78, '60-61': 92.5, '62-63': 90.5, '64-65': 81.0, '66-67': 94.5, '68-69': 46.0, '70-71': 85.5, '72-73': 83.0, '74-75': 93.5, '76-77': 100.0, '78-79': 100.0, '80-81': 100.0, '82-83': 90.0, '84-85': 100.0, '86-87': 90.0, '88-89': 90.0, '90-91': 100.0, '92-93': 100.0, '94-95': 60.0, '96-97': 90.0, '98-99': 80.0, 'old': 92.34, 'new': 93.5}
2026-01-11 13:39:26,605 [trainer.py] => CNN top1 curve: [94.98, 94.9, 94.7, 94.24, 94.21, 92.81, 92.6, 92.34, 92.37]
2026-01-11 13:39:26,605 [trainer.py] => Average Accuracy (CNN): 93.68 

2026-01-11 13:39:26,606 [trainer.py] => All params: 85933826
2026-01-11 13:39:26,606 [trainer.py] => Trainable params: 85933826
2026-01-11 13:39:26,610 [simplecil.py] => Learning on 76-78
2026-01-11 13:39:59,794 [trainer.py] => CNN: {'total': 92.14, '00-59': 94.75, '60-61': 92.5, '62-63': 90.5, '64-65': 81.0, '66-67': 94.5, '68-69': 46.0, '70-71': 85.5, '72-73': 83.0, '74-75': 93.5, '76-77': 84.5, '78-79': 90.0, '80-81': 90.0, '82-83': 70.0, '84-85': 80.0, '86-87': 70.0, '88-89': 70.0, '90-91': 90.0, '92-93': 90.0, '94-95': 70.0, '96-97': 80.0, '98-99': 90.0, 'old': 92.34, 'new': 84.5}
2026-01-11 13:39:59,794 [trainer.py] => CNN top1 curve: [94.98, 94.9, 94.7, 94.24, 94.21, 92.81, 92.6, 92.34, 92.37, 92.14]
2026-01-11 13:39:59,794 [trainer.py] => Average Accuracy (CNN): 93.53 

2026-01-11 13:39:59,795 [trainer.py] => All params: 85935362
2026-01-11 13:39:59,795 [trainer.py] => Trainable params: 85935362
2026-01-11 13:39:59,796 [simplecil.py] => Learning on 78-80
2026-01-11 13:40:29,752 [trainer.py] => CNN: {'total': 92.02, '00-59': 94.75, '60-61': 92.5, '62-63': 90.5, '64-65': 81.0, '66-67': 94.5, '68-69': 45.5, '70-71': 85.5, '72-73': 83.0, '74-75': 93.5, '76-77': 84.5, '78-79': 88.0, '80-81': 90.0, '82-83': 80.0, '84-85': 70.0, '86-87': 80.0, '88-89': 90.0, '90-91': 80.0, '92-93': 70.0, '94-95': 100.0, '96-97': 100.0, '98-99': 70.0, 'old': 92.13, 'new': 88.0}
2026-01-11 13:40:29,752 [trainer.py] => CNN top1 curve: [94.98, 94.9, 94.7, 94.24, 94.21, 92.81, 92.6, 92.34, 92.37, 92.14, 92.02]
2026-01-11 13:40:29,752 [trainer.py] => Average Accuracy (CNN): 93.39 

2026-01-11 13:40:29,753 [trainer.py] => All params: 85936898
2026-01-11 13:40:29,753 [trainer.py] => Trainable params: 85936898
2026-01-11 13:40:29,754 [simplecil.py] => Learning on 80-82
2026-01-11 13:41:08,553 [trainer.py] => CNN: {'total': 91.51, '00-59': 94.67, '60-61': 92.5, '62-63': 90.5, '64-65': 81.0, '66-67': 94.0, '68-69': 45.5, '70-71': 85.5, '72-73': 83.0, '74-75': 93.5, '76-77': 84.5, '78-79': 88.0, '80-81': 74.0, '82-83': 80.0, '84-85': 90.0, '86-87': 100.0, '88-89': 90.0, '90-91': 80.0, '92-93': 90.0, '94-95': 90.0, '96-97': 90.0, '98-99': 70.0, 'old': 91.95, 'new': 74.0}
2026-01-11 13:41:08,554 [trainer.py] => CNN top1 curve: [94.98, 94.9, 94.7, 94.24, 94.21, 92.81, 92.6, 92.34, 92.37, 92.14, 92.02, 91.51]
2026-01-11 13:41:08,554 [trainer.py] => Average Accuracy (CNN): 93.24 

2026-01-11 13:41:08,554 [trainer.py] => All params: 85938434
2026-01-11 13:41:08,555 [trainer.py] => Trainable params: 85938434
2026-01-11 13:41:08,558 [simplecil.py] => Learning on 82-84
2026-01-11 13:41:54,322 [trainer.py] => CNN: {'total': 90.9, '00-59': 94.67, '60-61': 92.5, '62-63': 90.5, '64-65': 81.0, '66-67': 94.0, '68-69': 45.5, '70-71': 85.0, '72-73': 83.0, '74-75': 93.5, '76-77': 84.5, '78-79': 87.0, '80-81': 74.0, '82-83': 67.5, '84-85': 90.0, '86-87': 80.0, '88-89': 80.0, '90-91': 100.0, '92-93': 70.0, '94-95': 100.0, '96-97': 70.0, '98-99': 80.0, 'old': 91.48, 'new': 67.5}
2026-01-11 13:41:54,322 [trainer.py] => CNN top1 curve: [94.98, 94.9, 94.7, 94.24, 94.21, 92.81, 92.6, 92.34, 92.37, 92.14, 92.02, 91.51, 90.9]
2026-01-11 13:41:54,322 [trainer.py] => Average Accuracy (CNN): 93.06 

2026-01-11 13:41:54,323 [trainer.py] => All params: 85939970
2026-01-11 13:41:54,323 [trainer.py] => Trainable params: 85939970
2026-01-11 13:41:54,324 [simplecil.py] => Learning on 84-86
2026-01-11 13:42:23,918 [trainer.py] => CNN: {'total': 90.0, '00-59': 94.65, '60-61': 92.5, '62-63': 89.5, '64-65': 81.0, '66-67': 94.0, '68-69': 45.5, '70-71': 84.5, '72-73': 82.5, '74-75': 93.5, '76-77': 84.0, '78-79': 87.0, '80-81': 73.0, '82-83': 67.5, '84-85': 56.0, '86-87': 80.0, '88-89': 100.0, '90-91': 100.0, '92-93': 70.0, '94-95': 90.0, '96-97': 80.0, '98-99': 80.0, 'old': 90.81, 'new': 56.0}
2026-01-11 13:42:23,919 [trainer.py] => CNN top1 curve: [94.98, 94.9, 94.7, 94.24, 94.21, 92.81, 92.6, 92.34, 92.37, 92.14, 92.02, 91.51, 90.9, 90.0]
2026-01-11 13:42:23,919 [trainer.py] => Average Accuracy (CNN): 92.84 

2026-01-11 13:42:23,920 [trainer.py] => All params: 85941506
2026-01-11 13:42:23,920 [trainer.py] => Trainable params: 85941506
2026-01-11 13:42:23,922 [simplecil.py] => Learning on 86-88
2026-01-11 13:42:55,353 [trainer.py] => CNN: {'total': 89.88, '00-59': 94.63, '60-61': 92.5, '62-63': 89.5, '64-65': 81.0, '66-67': 93.0, '68-69': 45.5, '70-71': 84.5, '72-73': 82.5, '74-75': 93.5, '76-77': 84.0, '78-79': 87.0, '80-81': 73.0, '82-83': 67.5, '84-85': 56.0, '86-87': 86.0, '88-89': 60.0, '90-91': 100.0, '92-93': 90.0, '94-95': 80.0, '96-97': 100.0, '98-99': 80.0, 'old': 89.97, 'new': 86.0}
2026-01-11 13:42:55,354 [trainer.py] => CNN top1 curve: [94.98, 94.9, 94.7, 94.24, 94.21, 92.81, 92.6, 92.34, 92.37, 92.14, 92.02, 91.51, 90.9, 90.0, 89.88]
2026-01-11 13:42:55,354 [trainer.py] => Average Accuracy (CNN): 92.64 

2026-01-11 13:42:55,354 [trainer.py] => All params: 85943042
2026-01-11 13:42:55,355 [trainer.py] => Trainable params: 85943042
2026-01-11 13:42:55,360 [simplecil.py] => Learning on 88-90
2026-01-11 13:43:46,368 [trainer.py] => CNN: {'total': 88.94, '00-59': 94.58, '60-61': 92.5, '62-63': 89.5, '64-65': 81.0, '66-67': 93.0, '68-69': 45.5, '70-71': 84.5, '72-73': 82.5, '74-75': 93.5, '76-77': 84.0, '78-79': 86.0, '80-81': 73.0, '82-83': 67.5, '84-85': 56.0, '86-87': 86.0, '88-89': 50.5, '90-91': 90.0, '92-93': 80.0, '94-95': 90.0, '96-97': 80.0, '98-99': 90.0, 'old': 89.82, 'new': 50.5}
2026-01-11 13:43:46,368 [trainer.py] => CNN top1 curve: [94.98, 94.9, 94.7, 94.24, 94.21, 92.81, 92.6, 92.34, 92.37, 92.14, 92.02, 91.51, 90.9, 90.0, 89.88, 88.94]
2026-01-11 13:43:46,368 [trainer.py] => Average Accuracy (CNN): 92.41 

2026-01-11 13:43:46,369 [trainer.py] => All params: 85944578
2026-01-11 13:43:46,369 [trainer.py] => Trainable params: 85944578
2026-01-11 13:43:46,370 [simplecil.py] => Learning on 90-92
2026-01-11 13:44:20,503 [trainer.py] => CNN: {'total': 88.87, '00-59': 94.52, '60-61': 92.5, '62-63': 89.5, '64-65': 81.0, '66-67': 93.0, '68-69': 45.5, '70-71': 84.5, '72-73': 82.5, '74-75': 92.5, '76-77': 84.0, '78-79': 86.0, '80-81': 73.0, '82-83': 67.5, '84-85': 56.0, '86-87': 86.0, '88-89': 50.5, '90-91': 88.5, '92-93': 60.0, '94-95': 80.0, '96-97': 80.0, '98-99': 90.0, 'old': 88.88, 'new': 88.5}
2026-01-11 13:44:20,513 [trainer.py] => CNN top1 curve: [94.98, 94.9, 94.7, 94.24, 94.21, 92.81, 92.6, 92.34, 92.37, 92.14, 92.02, 91.51, 90.9, 90.0, 89.88, 88.94, 88.87]
2026-01-11 13:44:20,513 [trainer.py] => Average Accuracy (CNN): 92.2 

2026-01-11 13:44:20,514 [trainer.py] => All params: 85946114
2026-01-11 13:44:20,515 [trainer.py] => Trainable params: 85946114
2026-01-11 13:44:20,516 [simplecil.py] => Learning on 92-94
2026-01-11 13:44:54,499 [trainer.py] => CNN: {'total': 88.96, '00-59': 94.52, '60-61': 92.5, '62-63': 89.5, '64-65': 80.0, '66-67': 93.0, '68-69': 45.5, '70-71': 84.5, '72-73': 82.5, '74-75': 92.5, '76-77': 84.0, '78-79': 86.0, '80-81': 73.0, '82-83': 67.5, '84-85': 56.0, '86-87': 86.0, '88-89': 50.5, '90-91': 88.5, '92-93': 94.0, '94-95': 90.0, '96-97': 90.0, '98-99': 90.0, 'old': 88.85, 'new': 94.0}
2026-01-11 13:44:54,499 [trainer.py] => CNN top1 curve: [94.98, 94.9, 94.7, 94.24, 94.21, 92.81, 92.6, 92.34, 92.37, 92.14, 92.02, 91.51, 90.9, 90.0, 89.88, 88.94, 88.87, 88.96]
2026-01-11 13:44:54,499 [trainer.py] => Average Accuracy (CNN): 92.02 

2026-01-11 13:44:54,500 [trainer.py] => All params: 85947650
2026-01-11 13:44:54,500 [trainer.py] => Trainable params: 85947650
2026-01-11 13:44:54,502 [simplecil.py] => Learning on 94-96
2026-01-11 13:45:39,151 [trainer.py] => CNN: {'total': 89.08, '00-59': 94.45, '60-61': 92.5, '62-63': 89.5, '64-65': 80.0, '66-67': 93.0, '68-69': 45.5, '70-71': 84.5, '72-73': 82.5, '74-75': 92.5, '76-77': 84.0, '78-79': 86.0, '80-81': 73.0, '82-83': 67.5, '84-85': 56.0, '86-87': 86.0, '88-89': 50.5, '90-91': 88.5, '92-93': 94.0, '94-95': 97.0, '96-97': 90.0, '98-99': 90.0, 'old': 88.91, 'new': 97.0}
2026-01-11 13:45:39,151 [trainer.py] => CNN top1 curve: [94.98, 94.9, 94.7, 94.24, 94.21, 92.81, 92.6, 92.34, 92.37, 92.14, 92.02, 91.51, 90.9, 90.0, 89.88, 88.94, 88.87, 88.96, 89.08]
2026-01-11 13:45:39,151 [trainer.py] => Average Accuracy (CNN): 91.87 

2026-01-11 13:45:39,152 [trainer.py] => All params: 85949186
2026-01-11 13:45:39,152 [trainer.py] => Trainable params: 85949186
2026-01-11 13:45:39,156 [simplecil.py] => Learning on 96-98
2026-01-11 13:46:25,231 [trainer.py] => CNN: {'total': 89.04, '00-59': 94.38, '60-61': 92.5, '62-63': 89.5, '64-65': 80.0, '66-67': 93.0, '68-69': 45.5, '70-71': 84.5, '72-73': 82.5, '74-75': 92.5, '76-77': 81.5, '78-79': 86.0, '80-81': 73.0, '82-83': 67.5, '84-85': 56.0, '86-87': 86.0, '88-89': 49.5, '90-91': 88.5, '92-93': 94.0, '94-95': 96.5, '96-97': 93.0, '98-99': 70.0, 'old': 88.96, 'new': 93.0}
2026-01-11 13:46:25,231 [trainer.py] => CNN top1 curve: [94.98, 94.9, 94.7, 94.24, 94.21, 92.81, 92.6, 92.34, 92.37, 92.14, 92.02, 91.51, 90.9, 90.0, 89.88, 88.94, 88.87, 88.96, 89.08, 89.04]
2026-01-11 13:46:25,231 [trainer.py] => Average Accuracy (CNN): 91.72 

2026-01-11 13:46:25,232 [trainer.py] => All params: 85950722
2026-01-11 13:46:25,232 [trainer.py] => Trainable params: 85950722
2026-01-11 13:46:25,234 [simplecil.py] => Learning on 98-100
2026-01-11 13:46:58,914 [trainer.py] => CNN: {'total': 89.1, '00-59': 94.35, '60-61': 92.5, '62-63': 89.5, '64-65': 80.0, '66-67': 93.0, '68-69': 45.5, '70-71': 84.5, '72-73': 82.5, '74-75': 92.5, '76-77': 81.5, '78-79': 85.5, '80-81': 73.0, '82-83': 67.5, '84-85': 56.0, '86-87': 86.0, '88-89': 49.5, '90-91': 88.5, '92-93': 94.0, '94-95': 96.5, '96-97': 93.0, '98-99': 93.5, 'old': 89.01, 'new': 93.5}
2026-01-11 13:46:58,914 [trainer.py] => CNN top1 curve: [94.98, 94.9, 94.7, 94.24, 94.21, 92.81, 92.6, 92.34, 92.37, 92.14, 92.02, 91.51, 90.9, 90.0, 89.88, 88.94, 88.87, 88.96, 89.08, 89.04, 89.1]
2026-01-11 13:46:58,914 [trainer.py] => Average Accuracy (CNN): 91.6 


================================================================================
Finished mini_imagenet_init60_inc2: pretrained_vit_b16_224  
Base Accuracy: 94.98
Last Accuracy: 89.1
Average Accuracy (Top1): 91.6
PD: 5.88
Backward Transfer (BWT): -0.76
Accuracy Matrix (CNN):
[[ 94.98 100.    70.    80.   100.    80.    90.    90.   100.    80.
  100.    90.    80.    80.    70.    80.    70.    70.    80.   100.
  100.  ]
 [ 94.98  92.5  100.    70.    90.    80.    90.    90.   100.    80.
   90.   100.    90.    80.    60.    40.   100.    70.    70.    80.
   90.  ]
 [ 94.92  92.5   90.5   60.    60.    70.    90.    70.    80.    80.
  100.    90.    60.    80.    70.    60.    70.    90.    60.    70.
   70.  ]
 [ 94.87  92.5   90.5   81.    80.    80.    70.    60.    90.    90.
   80.    80.    70.    80.    60.    80.   100.    80.    70.   100.
   80.  ]
 [ 94.82  92.5   90.5   81.    94.5   80.    90.    70.    90.    70.
   90.    80.    80.    90.    70.    80.   100.    80.    90.    80.
   70.  ]
 [ 94.8   92.5   90.5   81.    94.5   46.    80.    70.    80.    90.
  100.   100.    70.    50.    60.    70.   100.    80.    80.   100.
   90.  ]
 [ 94.78  92.5   90.5   81.    94.5   46.    85.5   80.   100.    70.
  100.    90.    90.    80.    80.    80.    70.    80.    40.   100.
   90.  ]
 [ 94.78  92.5   90.5   81.    94.5   46.    85.5   83.    80.    80.
   90.    90.    70.    60.    90.    90.   100.    80.    70.    90.
   40.  ]
 [ 94.78  92.5   90.5   81.    94.5   46.    85.5   83.    93.5  100.
  100.   100.    90.   100.    90.    90.   100.   100.    60.    90.
   80.  ]
 [ 94.75  92.5   90.5   81.    94.5   46.    85.5   83.    93.5   84.5
   90.    90.    70.    80.    70.    70.    90.    90.    70.    80.
   90.  ]
 [ 94.75  92.5   90.5   81.    94.5   45.5   85.5   83.    93.5   84.5
   88.    90.    80.    70.    80.    90.    80.    70.   100.   100.
   70.  ]
 [ 94.67  92.5   90.5   81.    94.    45.5   85.5   83.    93.5   84.5
   88.    74.    80.    90.   100.    90.    80.    90.    90.    90.
   70.  ]
 [ 94.67  92.5   90.5   81.    94.    45.5   85.    83.    93.5   84.5
   87.    74.    67.5   90.    80.    80.   100.    70.   100.    70.
   80.  ]
 [ 94.65  92.5   89.5   81.    94.    45.5   84.5   82.5   93.5   84.
   87.    73.    67.5   56.    80.   100.   100.    70.    90.    80.
   80.  ]
 [ 94.63  92.5   89.5   81.    93.    45.5   84.5   82.5   93.5   84.
   87.    73.    67.5   56.    86.    60.   100.    90.    80.   100.
   80.  ]
 [ 94.58  92.5   89.5   81.    93.    45.5   84.5   82.5   93.5   84.
   86.    73.    67.5   56.    86.    50.5   90.    80.    90.    80.
   90.  ]
 [ 94.52  92.5   89.5   81.    93.    45.5   84.5   82.5   92.5   84.
   86.    73.    67.5   56.    86.    50.5   88.5   60.    80.    80.
   90.  ]
 [ 94.52  92.5   89.5   80.    93.    45.5   84.5   82.5   92.5   84.
   86.    73.    67.5   56.    86.    50.5   88.5   94.    90.    90.
   90.  ]
 [ 94.45  92.5   89.5   80.    93.    45.5   84.5   82.5   92.5   84.
   86.    73.    67.5   56.    86.    50.5   88.5   94.    97.    90.
   90.  ]
 [ 94.38  92.5   89.5   80.    93.    45.5   84.5   82.5   92.5   81.5
   86.    73.    67.5   56.    86.    49.5   88.5   94.    96.5   93.
   70.  ]
 [ 94.35  92.5   89.5   80.    93.    45.5   84.5   82.5   92.5   81.5
   85.5   73.    67.5   56.    86.    49.5   88.5   94.    96.5   93.
   93.5 ]]
================================================================================

2026-01-11 13:47:05,785 [trainer.py] => config: ./configs/simplecil/IN1K/simplecil_mini_B60_Inc5.json
2026-01-11 13:47:05,801 [trainer.py] => prefix:  
2026-01-11 13:47:05,801 [trainer.py] => dataset: mini_imagenet
2026-01-11 13:47:05,801 [trainer.py] => memory_size: 0
2026-01-11 13:47:05,801 [trainer.py] => memory_per_class: 0
2026-01-11 13:47:05,801 [trainer.py] => fixed_memory: False
2026-01-11 13:47:05,801 [trainer.py] => shuffle: False
2026-01-11 13:47:05,801 [trainer.py] => init_cls: 60
2026-01-11 13:47:05,801 [trainer.py] => increment: 5
2026-01-11 13:47:05,801 [trainer.py] => model_name: simplecil
2026-01-11 13:47:05,801 [trainer.py] => backbone_type: pretrained_vit_b16_224
2026-01-11 13:47:05,801 [trainer.py] => device: [device(type='cuda', index=1)]
2026-01-11 13:47:05,801 [trainer.py] => seed: 1993
2026-01-11 13:47:05,801 [trainer.py] => kshot: 5
2026-01-11 13:47:05,801 [trainer.py] => tuned_epoch: 1
2026-01-11 13:47:05,801 [trainer.py] => init_lr: 0.01
2026-01-11 13:47:05,801 [trainer.py] => batch_size: 48
2026-01-11 13:47:05,801 [trainer.py] => weight_decay: 0.05
2026-01-11 13:47:05,802 [trainer.py] => min_lr: 1e-08
2026-01-11 13:47:05,802 [trainer.py] => optimizer: sgd
2026-01-11 13:47:05,802 [trainer.py] => vpt_type: shallow
2026-01-11 13:47:05,802 [trainer.py] => prompt_token_num: 3
2026-01-11 13:47:05,802 [trainer.py] => gpu_models: ['NVIDIA A800 80GB PCIe']
2026-01-11 13:47:06,055 [data_manager.py] => [0, 1, 2, 3, 4, 5, 6, 7, 8, 9, 10, 11, 12, 13, 14, 15, 16, 17, 18, 19, 20, 21, 22, 23, 24, 25, 26, 27, 28, 29, 30, 31, 32, 33, 34, 35, 36, 37, 38, 39, 40, 41, 42, 43, 44, 45, 46, 47, 48, 49, 50, 51, 52, 53, 54, 55, 56, 57, 58, 59, 60, 61, 62, 63, 64, 65, 66, 67, 68, 69, 70, 71, 72, 73, 74, 75, 76, 77, 78, 79, 80, 81, 82, 83, 84, 85, 86, 87, 88, 89, 90, 91, 92, 93, 94, 95, 96, 97, 98, 99]
This is for the BaseNet initialization.
After BaseNet initialization.
2026-01-11 13:47:17,011 [trainer.py] => All params: 85875457
2026-01-11 13:47:17,012 [trainer.py] => Trainable params: 85875457
2026-01-11 13:47:17,245 [simplecil.py] => Learning on 0-60
2026-01-11 13:50:02,304 [trainer.py] => CNN: {'total': 94.98, '00-59': 94.98, '60-64': 80.0, '65-69': 92.0, '70-74': 92.0, '75-79': 92.0, '80-84': 88.0, '85-89': 72.0, '90-94': 72.0, '95-99': 96.0, 'old': 0, 'new': 94.98}
2026-01-11 13:50:02,339 [trainer.py] => CNN top1 curve: [94.98]
2026-01-11 13:50:02,339 [trainer.py] => Average Accuracy (CNN): 94.98 

2026-01-11 13:50:02,340 [trainer.py] => All params: 85921538
2026-01-11 13:50:02,340 [trainer.py] => Trainable params: 85921538
2026-01-11 13:50:02,342 [simplecil.py] => Learning on 60-65
2026-01-11 13:50:31,854 [trainer.py] => CNN: {'total': 94.45, '00-59': 94.88, '60-64': 89.2, '65-69': 88.0, '70-74': 80.0, '75-79': 88.0, '80-84': 92.0, '85-89': 68.0, '90-94': 72.0, '95-99': 80.0, 'old': 94.88, 'new': 89.2}
2026-01-11 13:50:31,855 [trainer.py] => CNN top1 curve: [94.98, 94.45]
2026-01-11 13:50:31,855 [trainer.py] => Average Accuracy (CNN): 94.72 

2026-01-11 13:50:31,855 [trainer.py] => All params: 85925378
2026-01-11 13:50:31,856 [trainer.py] => Trainable params: 85925378
2026-01-11 13:50:31,859 [simplecil.py] => Learning on 65-70
2026-01-11 13:51:12,807 [trainer.py] => CNN: {'total': 92.31, '00-59': 94.78, '60-64': 89.2, '65-69': 65.8, '70-74': 84.0, '75-79': 92.0, '80-84': 76.0, '85-89': 84.0, '90-94': 80.0, '95-99': 88.0, 'old': 94.35, 'new': 65.8}
2026-01-11 13:51:12,807 [trainer.py] => CNN top1 curve: [94.98, 94.45, 92.31]
2026-01-11 13:51:12,808 [trainer.py] => Average Accuracy (CNN): 93.91 

2026-01-11 13:51:12,808 [trainer.py] => All params: 85929218
2026-01-11 13:51:12,809 [trainer.py] => Trainable params: 85929218
2026-01-11 13:51:12,813 [simplecil.py] => Learning on 70-75
2026-01-11 13:51:43,226 [trainer.py] => CNN: {'total': 91.96, '00-59': 94.77, '60-64': 88.8, '65-69': 65.8, '70-74': 87.6, '75-79': 72.0, '80-84': 84.0, '85-89': 72.0, '90-94': 84.0, '95-99': 92.0, 'old': 92.27, 'new': 87.6}
2026-01-11 13:51:43,226 [trainer.py] => CNN top1 curve: [94.98, 94.45, 92.31, 91.96]
2026-01-11 13:51:43,226 [trainer.py] => Average Accuracy (CNN): 93.42 

2026-01-11 13:51:43,227 [trainer.py] => All params: 85933058
2026-01-11 13:51:43,227 [trainer.py] => Trainable params: 85933058
2026-01-11 13:51:43,228 [simplecil.py] => Learning on 75-80
2026-01-11 13:52:12,163 [trainer.py] => CNN: {'total': 91.32, '00-59': 94.75, '60-64': 88.8, '65-69': 65.8, '70-74': 87.6, '75-79': 82.0, '80-84': 84.0, '85-89': 80.0, '90-94': 80.0, '95-99': 72.0, 'old': 91.95, 'new': 82.0}
2026-01-11 13:52:12,164 [trainer.py] => CNN top1 curve: [94.98, 94.45, 92.31, 91.96, 91.32]
2026-01-11 13:52:12,164 [trainer.py] => Average Accuracy (CNN): 93.0 

2026-01-11 13:52:12,164 [trainer.py] => All params: 85936898
2026-01-11 13:52:12,165 [trainer.py] => Trainable params: 85936898
2026-01-11 13:52:12,166 [simplecil.py] => Learning on 80-85
2026-01-11 13:52:42,395 [trainer.py] => CNN: {'total': 90.22, '00-59': 94.6, '60-64': 88.6, '65-69': 65.0, '70-74': 87.6, '75-79': 80.4, '80-84': 77.0, '85-89': 76.0, '90-94': 76.0, '95-99': 76.0, 'old': 91.05, 'new': 77.0}
2026-01-11 13:52:42,395 [trainer.py] => CNN top1 curve: [94.98, 94.45, 92.31, 91.96, 91.32, 90.22]
2026-01-11 13:52:42,396 [trainer.py] => Average Accuracy (CNN): 92.54 

2026-01-11 13:52:42,396 [trainer.py] => All params: 85940738
2026-01-11 13:52:42,397 [trainer.py] => Trainable params: 85940738
2026-01-11 13:52:42,401 [simplecil.py] => Learning on 85-90
2026-01-11 13:53:31,872 [trainer.py] => CNN: {'total': 89.01, '00-59': 94.45, '60-64': 88.4, '65-69': 64.2, '70-74': 87.0, '75-79': 80.0, '80-84': 77.0, '85-89': 72.2, '90-94': 72.0, '95-99': 88.0, 'old': 90.0, 'new': 72.2}
2026-01-11 13:53:31,872 [trainer.py] => CNN top1 curve: [94.98, 94.45, 92.31, 91.96, 91.32, 90.22, 89.01]
2026-01-11 13:53:31,872 [trainer.py] => Average Accuracy (CNN): 92.04 

2026-01-11 13:53:31,873 [trainer.py] => All params: 85944578
2026-01-11 13:53:31,874 [trainer.py] => Trainable params: 85944578
2026-01-11 13:53:31,879 [simplecil.py] => Learning on 90-95
2026-01-11 13:54:10,273 [trainer.py] => CNN: {'total': 87.56, '00-59': 94.42, '60-64': 87.8, '65-69': 63.8, '70-74': 87.0, '75-79': 80.0, '80-84': 77.0, '85-89': 71.6, '90-94': 63.4, '95-99': 88.0, 'old': 88.9, 'new': 63.4}
2026-01-11 13:54:10,274 [trainer.py] => CNN top1 curve: [94.98, 94.45, 92.31, 91.96, 91.32, 90.22, 89.01, 87.56]
2026-01-11 13:54:10,274 [trainer.py] => Average Accuracy (CNN): 91.48 

2026-01-11 13:54:10,274 [trainer.py] => All params: 85948418
2026-01-11 13:54:10,275 [trainer.py] => Trainable params: 85948418
2026-01-11 13:54:10,276 [simplecil.py] => Learning on 95-100
2026-01-11 13:54:42,679 [trainer.py] => CNN: {'total': 87.66, '00-59': 94.33, '60-64': 87.8, '65-69': 63.8, '70-74': 87.0, '75-79': 79.8, '80-84': 77.0, '85-89': 71.2, '90-94': 63.2, '95-99': 91.4, 'old': 87.46, 'new': 91.4}
2026-01-11 13:54:42,679 [trainer.py] => CNN top1 curve: [94.98, 94.45, 92.31, 91.96, 91.32, 90.22, 89.01, 87.56, 87.66]
2026-01-11 13:54:42,680 [trainer.py] => Average Accuracy (CNN): 91.05 


================================================================================
Finished mini_imagenet_init60_inc5: pretrained_vit_b16_224  
Base Accuracy: 94.98
Last Accuracy: 87.66
Average Accuracy (Top1): 91.05
PD: 7.32
Backward Transfer (BWT): -1.01
Accuracy Matrix (CNN):
[[94.98 80.   92.   92.   92.   88.   72.   72.   96.  ]
 [94.88 89.2  88.   80.   88.   92.   68.   72.   80.  ]
 [94.78 89.2  65.8  84.   92.   76.   84.   80.   88.  ]
 [94.77 88.8  65.8  87.6  72.   84.   72.   84.   92.  ]
 [94.75 88.8  65.8  87.6  82.   84.   80.   80.   72.  ]
 [94.6  88.6  65.   87.6  80.4  77.   76.   76.   76.  ]
 [94.45 88.4  64.2  87.   80.   77.   72.2  72.   88.  ]
 [94.42 87.8  63.8  87.   80.   77.   71.6  63.4  88.  ]
 [94.33 87.8  63.8  87.   79.8  77.   71.2  63.2  91.4 ]]
================================================================================

2026-01-11 13:54:49,284 [trainer.py] => config: ./configs/simplecil/IN21K/simplecil_cub_B100_Inc10.json
2026-01-11 13:54:49,311 [trainer.py] => prefix:  
2026-01-11 13:54:49,311 [trainer.py] => dataset: cub
2026-01-11 13:54:49,311 [trainer.py] => memory_size: 0
2026-01-11 13:54:49,311 [trainer.py] => memory_per_class: 0
2026-01-11 13:54:49,311 [trainer.py] => fixed_memory: False
2026-01-11 13:54:49,311 [trainer.py] => shuffle: False
2026-01-11 13:54:49,311 [trainer.py] => init_cls: 100
2026-01-11 13:54:49,311 [trainer.py] => increment: 10
2026-01-11 13:54:49,311 [trainer.py] => model_name: simplecil
2026-01-11 13:54:49,311 [trainer.py] => backbone_type: vit_base_patch16_224_in21k
2026-01-11 13:54:49,312 [trainer.py] => device: [device(type='cuda', index=1)]
2026-01-11 13:54:49,312 [trainer.py] => seed: 1993
2026-01-11 13:54:49,312 [trainer.py] => kshot: 5
2026-01-11 13:54:49,312 [trainer.py] => tuned_epoch: 1
2026-01-11 13:54:49,312 [trainer.py] => init_lr: 0.01
2026-01-11 13:54:49,312 [trainer.py] => batch_size: 256
2026-01-11 13:54:49,312 [trainer.py] => weight_decay: 0.05
2026-01-11 13:54:49,312 [trainer.py] => min_lr: 1e-08
2026-01-11 13:54:49,312 [trainer.py] => optimizer: sgd
2026-01-11 13:54:49,312 [trainer.py] => vpt_type: shallow
2026-01-11 13:54:49,312 [trainer.py] => prompt_token_num: 3
2026-01-11 13:54:49,312 [trainer.py] => gpu_models: ['NVIDIA A800 80GB PCIe']
2026-01-11 13:54:49,692 [data_manager.py] => [0, 1, 2, 3, 4, 5, 6, 7, 8, 9, 10, 11, 12, 13, 14, 15, 16, 17, 18, 19, 20, 21, 22, 23, 24, 25, 26, 27, 28, 29, 30, 31, 32, 33, 34, 35, 36, 37, 38, 39, 40, 41, 42, 43, 44, 45, 46, 47, 48, 49, 50, 51, 52, 53, 54, 55, 56, 57, 58, 59, 60, 61, 62, 63, 64, 65, 66, 67, 68, 69, 70, 71, 72, 73, 74, 75, 76, 77, 78, 79, 80, 81, 82, 83, 84, 85, 86, 87, 88, 89, 90, 91, 92, 93, 94, 95, 96, 97, 98, 99, 100, 101, 102, 103, 104, 105, 106, 107, 108, 109, 110, 111, 112, 113, 114, 115, 116, 117, 118, 119, 120, 121, 122, 123, 124, 125, 126, 127, 128, 129, 130, 131, 132, 133, 134, 135, 136, 137, 138, 139, 140, 141, 142, 143, 144, 145, 146, 147, 148, 149, 150, 151, 152, 153, 154, 155, 156, 157, 158, 159, 160, 161, 162, 163, 164, 165, 166, 167, 168, 169, 170, 171, 172, 173, 174, 175, 176, 177, 178, 179, 180, 181, 182, 183, 184, 185, 186, 187, 188, 189, 190, 191, 192, 193, 194, 195, 196, 197, 198, 199]
This is for the BaseNet initialization.
After BaseNet initialization.
2026-01-11 13:54:58,497 [trainer.py] => All params: 85952257
2026-01-11 13:54:58,498 [trainer.py] => Trainable params: 85952257
2026-01-11 13:54:58,829 [simplecil.py] => Learning on 0-100
2026-01-11 13:55:37,277 [trainer.py] => CNN: {'total': 86.85, '00-99': 86.85, '100-109': 92.0, '110-119': 88.0, '120-129': 76.0, '130-139': 74.0, '140-149': 78.0, '150-159': 82.0, '160-169': 90.0, '170-179': 80.0, '180-189': 84.0, '190-199': 88.0, 'old': 0, 'new': 86.85}
2026-01-11 13:55:37,277 [trainer.py] => CNN top1 curve: [86.85]
2026-01-11 13:55:37,277 [trainer.py] => Average Accuracy (CNN): 86.85 

2026-01-11 13:55:37,278 [trainer.py] => All params: 86029058
2026-01-11 13:55:37,278 [trainer.py] => Trainable params: 86029058
2026-01-11 13:55:37,282 [simplecil.py] => Learning on 100-110
2026-01-11 13:55:54,143 [trainer.py] => CNN: {'total': 83.86, '00-99': 86.76, '100-109': 49.49, '110-119': 80.0, '120-129': 76.0, '130-139': 92.0, '140-149': 88.0, '150-159': 82.0, '160-169': 84.0, '170-179': 88.0, '180-189': 80.0, '190-199': 94.0, 'old': 86.76, 'new': 49.49}
2026-01-11 13:55:54,144 [trainer.py] => CNN top1 curve: [86.85, 83.86]
2026-01-11 13:55:54,144 [trainer.py] => Average Accuracy (CNN): 85.35 

2026-01-11 13:55:54,144 [trainer.py] => All params: 86036738
2026-01-11 13:55:54,145 [trainer.py] => Trainable params: 86036738
2026-01-11 13:55:54,150 [simplecil.py] => Learning on 110-120
2026-01-11 13:56:10,135 [trainer.py] => CNN: {'total': 82.63, '00-99': 86.76, '100-109': 49.49, '110-119': 69.92, '120-129': 84.0, '130-139': 92.0, '140-149': 88.0, '150-159': 78.0, '160-169': 88.0, '170-179': 78.0, '180-189': 92.0, '190-199': 88.0, 'old': 83.86, 'new': 69.92}
2026-01-11 13:56:10,136 [trainer.py] => CNN top1 curve: [86.85, 83.86, 82.63]
2026-01-11 13:56:10,136 [trainer.py] => Average Accuracy (CNN): 84.45 

2026-01-11 13:56:10,136 [trainer.py] => All params: 86044418
2026-01-11 13:56:10,137 [trainer.py] => Trainable params: 86044418
2026-01-11 13:56:10,139 [simplecil.py] => Learning on 120-130
2026-01-11 13:56:23,484 [trainer.py] => CNN: {'total': 81.53, '00-99': 86.76, '100-109': 49.49, '110-119': 68.29, '120-129': 69.64, '130-139': 82.0, '140-149': 88.0, '150-159': 90.0, '160-169': 80.0, '170-179': 94.0, '180-189': 96.0, '190-199': 96.0, 'old': 82.48, 'new': 69.64}
2026-01-11 13:56:23,485 [trainer.py] => CNN top1 curve: [86.85, 83.86, 82.63, 81.53]
2026-01-11 13:56:23,485 [trainer.py] => Average Accuracy (CNN): 83.72 

2026-01-11 13:56:23,485 [trainer.py] => All params: 86052098
2026-01-11 13:56:23,486 [trainer.py] => Trainable params: 86052098
2026-01-11 13:56:23,487 [simplecil.py] => Learning on 130-140
2026-01-11 13:56:36,543 [trainer.py] => CNN: {'total': 80.86, '00-99': 86.76, '100-109': 49.49, '110-119': 67.48, '120-129': 69.64, '130-139': 73.85, '140-149': 90.0, '150-159': 84.0, '160-169': 86.0, '170-179': 74.0, '180-189': 88.0, '190-199': 90.0, 'old': 81.46, 'new': 73.85}
2026-01-11 13:56:36,543 [trainer.py] => CNN top1 curve: [86.85, 83.86, 82.63, 81.53, 80.86]
2026-01-11 13:56:36,543 [trainer.py] => Average Accuracy (CNN): 83.15 

2026-01-11 13:56:36,544 [trainer.py] => All params: 86059778
2026-01-11 13:56:36,544 [trainer.py] => Trainable params: 86059778
2026-01-11 13:56:36,548 [simplecil.py] => Learning on 140-150
2026-01-11 13:56:48,687 [trainer.py] => CNN: {'total': 79.36, '00-99': 86.68, '100-109': 47.47, '110-119': 67.48, '120-129': 69.64, '130-139': 73.85, '140-149': 60.53, '150-159': 88.0, '160-169': 84.0, '170-179': 86.0, '180-189': 92.0, '190-199': 84.0, 'old': 80.67, 'new': 60.53}
2026-01-11 13:56:48,687 [trainer.py] => CNN top1 curve: [86.85, 83.86, 82.63, 81.53, 80.86, 79.36]
2026-01-11 13:56:48,687 [trainer.py] => Average Accuracy (CNN): 82.52 

2026-01-11 13:56:48,688 [trainer.py] => All params: 86067458
2026-01-11 13:56:48,688 [trainer.py] => Trainable params: 86067458
2026-01-11 13:56:48,690 [simplecil.py] => Learning on 150-160
2026-01-11 13:56:59,665 [trainer.py] => CNN: {'total': 78.64, '00-99': 86.68, '100-109': 47.47, '110-119': 67.48, '120-129': 69.64, '130-139': 73.85, '140-149': 60.53, '150-159': 67.27, '160-169': 88.0, '170-179': 90.0, '180-189': 92.0, '190-199': 92.0, 'old': 79.36, 'new': 67.27}
2026-01-11 13:56:59,665 [trainer.py] => CNN top1 curve: [86.85, 83.86, 82.63, 81.53, 80.86, 79.36, 78.64]
2026-01-11 13:56:59,665 [trainer.py] => Average Accuracy (CNN): 81.96 

2026-01-11 13:56:59,666 [trainer.py] => All params: 86075138
2026-01-11 13:56:59,666 [trainer.py] => Trainable params: 86075138
2026-01-11 13:56:59,668 [simplecil.py] => Learning on 160-170
2026-01-11 13:57:10,644 [trainer.py] => CNN: {'total': 78.87, '00-99': 86.68, '100-109': 47.47, '110-119': 67.48, '120-129': 69.64, '130-139': 73.85, '140-149': 59.65, '150-159': 63.64, '160-169': 85.71, '170-179': 96.0, '180-189': 90.0, '190-199': 90.0, 'old': 78.38, 'new': 85.71}
2026-01-11 13:57:10,644 [trainer.py] => CNN top1 curve: [86.85, 83.86, 82.63, 81.53, 80.86, 79.36, 78.64, 78.87]
2026-01-11 13:57:10,644 [trainer.py] => Average Accuracy (CNN): 81.58 

2026-01-11 13:57:10,645 [trainer.py] => All params: 86082818
2026-01-11 13:57:10,645 [trainer.py] => Trainable params: 86082818
2026-01-11 13:57:10,647 [simplecil.py] => Learning on 170-180
2026-01-11 13:57:22,951 [trainer.py] => CNN: {'total': 78.18, '00-99': 86.68, '100-109': 47.47, '110-119': 67.48, '120-129': 69.64, '130-139': 73.85, '140-149': 59.65, '150-159': 63.64, '160-169': 75.19, '170-179': 78.51, '180-189': 96.0, '190-199': 84.0, 'old': 78.16, 'new': 78.51}
2026-01-11 13:57:22,951 [trainer.py] => CNN top1 curve: [86.85, 83.86, 82.63, 81.53, 80.86, 79.36, 78.64, 78.87, 78.18]
2026-01-11 13:57:22,951 [trainer.py] => Average Accuracy (CNN): 81.2 

2026-01-11 13:57:22,952 [trainer.py] => All params: 86090498
2026-01-11 13:57:22,952 [trainer.py] => Trainable params: 86090498
2026-01-11 13:57:22,954 [simplecil.py] => Learning on 180-190
2026-01-11 13:57:35,348 [trainer.py] => CNN: {'total': 78.12, '00-99': 86.68, '100-109': 47.47, '110-119': 67.48, '120-129': 68.75, '130-139': 73.85, '140-149': 59.65, '150-159': 63.64, '160-169': 75.19, '170-179': 76.86, '180-189': 79.51, '190-199': 94.0, 'old': 78.04, 'new': 79.51}
2026-01-11 13:57:35,348 [trainer.py] => CNN top1 curve: [86.85, 83.86, 82.63, 81.53, 80.86, 79.36, 78.64, 78.87, 78.18, 78.12]
2026-01-11 13:57:35,348 [trainer.py] => Average Accuracy (CNN): 80.89 

2026-01-11 13:57:35,349 [trainer.py] => All params: 86098178
2026-01-11 13:57:35,349 [trainer.py] => Trainable params: 86098178
2026-01-11 13:57:35,355 [simplecil.py] => Learning on 190-200
2026-01-11 13:57:50,239 [trainer.py] => CNN: {'total': 77.91, '00-99': 86.68, '100-109': 47.47, '110-119': 67.48, '120-129': 68.75, '130-139': 73.85, '140-149': 59.65, '150-159': 63.64, '160-169': 74.44, '170-179': 76.86, '180-189': 79.51, '190-199': 74.8, 'old': 78.08, 'new': 74.8}
2026-01-11 13:57:50,239 [trainer.py] => CNN top1 curve: [86.85, 83.86, 82.63, 81.53, 80.86, 79.36, 78.64, 78.87, 78.18, 78.12, 77.91]
2026-01-11 13:57:50,239 [trainer.py] => Average Accuracy (CNN): 80.62 


================================================================================
Finished cub_init100_inc10: vit_base_patch16_224_in21k  
Base Accuracy: 86.85
Last Accuracy: 77.91
Average Accuracy (Top1): 80.62
PD: 8.94
Backward Transfer (BWT): -2.29
Accuracy Matrix (CNN):
[[86.85 92.   88.   76.   74.   78.   82.   90.   80.   84.   88.  ]
 [86.76 49.49 80.   76.   92.   88.   82.   84.   88.   80.   94.  ]
 [86.76 49.49 69.92 84.   92.   88.   78.   88.   78.   92.   88.  ]
 [86.76 49.49 68.29 69.64 82.   88.   90.   80.   94.   96.   96.  ]
 [86.76 49.49 67.48 69.64 73.85 90.   84.   86.   74.   88.   90.  ]
 [86.68 47.47 67.48 69.64 73.85 60.53 88.   84.   86.   92.   84.  ]
 [86.68 47.47 67.48 69.64 73.85 60.53 67.27 88.   90.   92.   92.  ]
 [86.68 47.47 67.48 69.64 73.85 59.65 63.64 85.71 96.   90.   90.  ]
 [86.68 47.47 67.48 69.64 73.85 59.65 63.64 75.19 78.51 96.   84.  ]
 [86.68 47.47 67.48 68.75 73.85 59.65 63.64 75.19 76.86 79.51 94.  ]
 [86.68 47.47 67.48 68.75 73.85 59.65 63.64 74.44 76.86 79.51 74.8 ]]
================================================================================

2026-01-11 13:57:58,759 [trainer.py] => config: ./configs/simplecil/IN21K/simplecil_cifar_B60_Inc5.json
2026-01-11 13:57:58,777 [trainer.py] => prefix:  
2026-01-11 13:57:58,777 [trainer.py] => dataset: cifar224
2026-01-11 13:57:58,777 [trainer.py] => memory_size: 0
2026-01-11 13:57:58,777 [trainer.py] => memory_per_class: 0
2026-01-11 13:57:58,777 [trainer.py] => fixed_memory: False
2026-01-11 13:57:58,777 [trainer.py] => shuffle: False
2026-01-11 13:57:58,777 [trainer.py] => init_cls: 60
2026-01-11 13:57:58,777 [trainer.py] => increment: 5
2026-01-11 13:57:58,778 [trainer.py] => model_name: simplecil
2026-01-11 13:57:58,778 [trainer.py] => backbone_type: vit_base_patch16_224_in21k
2026-01-11 13:57:58,778 [trainer.py] => device: [device(type='cuda', index=1)]
2026-01-11 13:57:58,778 [trainer.py] => seed: 1993
2026-01-11 13:57:58,778 [trainer.py] => kshot: 5
2026-01-11 13:57:58,778 [trainer.py] => tuned_epoch: 1
2026-01-11 13:57:58,778 [trainer.py] => init_lr: 0.01
2026-01-11 13:57:58,778 [trainer.py] => batch_size: 48
2026-01-11 13:57:58,778 [trainer.py] => weight_decay: 0.05
2026-01-11 13:57:58,778 [trainer.py] => min_lr: 1e-08
2026-01-11 13:57:58,778 [trainer.py] => optimizer: sgd
2026-01-11 13:57:58,778 [trainer.py] => vpt_type: shallow
2026-01-11 13:57:58,778 [trainer.py] => prompt_token_num: 3
2026-01-11 13:57:58,778 [trainer.py] => gpu_models: ['NVIDIA A800 80GB PCIe']
2026-01-11 13:58:00,518 [data_manager.py] => [0, 1, 2, 3, 4, 5, 6, 7, 8, 9, 10, 11, 12, 13, 14, 15, 16, 17, 18, 19, 20, 21, 22, 23, 24, 25, 26, 27, 28, 29, 30, 31, 32, 33, 34, 35, 36, 37, 38, 39, 40, 41, 42, 43, 44, 45, 46, 47, 48, 49, 50, 51, 52, 53, 54, 55, 56, 57, 58, 59, 60, 61, 62, 63, 64, 65, 66, 67, 68, 69, 70, 71, 72, 73, 74, 75, 76, 77, 78, 79, 80, 81, 82, 83, 84, 85, 86, 87, 88, 89, 90, 91, 92, 93, 94, 95, 96, 97, 98, 99]
This is for the BaseNet initialization.
After BaseNet initialization.
2026-01-11 13:58:09,902 [trainer.py] => All params: 85875457
2026-01-11 13:58:09,903 [trainer.py] => Trainable params: 85875457
2026-01-11 13:58:10,174 [simplecil.py] => Learning on 0-60
2026-01-11 14:00:38,027 [trainer.py] => CNN: {'total': 83.0, '00-59': 83.0, '60-64': 88.0, '65-69': 88.0, '70-74': 72.0, '75-79': 76.0, '80-84': 80.0, '85-89': 80.0, '90-94': 76.0, '95-99': 76.0, 'old': 0, 'new': 83.0}
2026-01-11 14:00:38,027 [trainer.py] => CNN top1 curve: [83.0]
2026-01-11 14:00:38,027 [trainer.py] => Average Accuracy (CNN): 83.0 

2026-01-11 14:00:38,028 [trainer.py] => All params: 85921538
2026-01-11 14:00:38,028 [trainer.py] => Trainable params: 85921538
2026-01-11 14:00:38,032 [simplecil.py] => Learning on 60-65
2026-01-11 14:01:04,199 [trainer.py] => CNN: {'total': 80.63, '00-59': 82.63, '60-64': 56.6, '65-69': 80.0, '70-74': 72.0, '75-79': 80.0, '80-84': 84.0, '85-89': 80.0, '90-94': 84.0, '95-99': 76.0, 'old': 82.63, 'new': 56.6}
2026-01-11 14:01:04,199 [trainer.py] => CNN top1 curve: [83.0, 80.63]
2026-01-11 14:01:04,199 [trainer.py] => Average Accuracy (CNN): 81.82 

2026-01-11 14:01:04,200 [trainer.py] => All params: 85925378
2026-01-11 14:01:04,200 [trainer.py] => Trainable params: 85925378
2026-01-11 14:01:04,201 [simplecil.py] => Learning on 65-70
2026-01-11 14:01:29,152 [trainer.py] => CNN: {'total': 78.34, '00-59': 82.47, '60-64': 55.4, '65-69': 51.8, '70-74': 80.0, '75-79': 84.0, '80-84': 84.0, '85-89': 84.0, '90-94': 80.0, '95-99': 80.0, 'old': 80.38, 'new': 51.8}
2026-01-11 14:01:29,153 [trainer.py] => CNN top1 curve: [83.0, 80.63, 78.34]
2026-01-11 14:01:29,153 [trainer.py] => Average Accuracy (CNN): 80.66 

2026-01-11 14:01:29,153 [trainer.py] => All params: 85929218
2026-01-11 14:01:29,154 [trainer.py] => Trainable params: 85929218
2026-01-11 14:01:29,155 [simplecil.py] => Learning on 70-75
2026-01-11 14:01:56,054 [trainer.py] => CNN: {'total': 76.68, '00-59': 81.85, '60-64': 53.2, '65-69': 51.4, '70-74': 63.4, '75-79': 84.0, '80-84': 76.0, '85-89': 72.0, '90-94': 88.0, '95-99': 80.0, 'old': 77.63, 'new': 63.4}
2026-01-11 14:01:56,054 [trainer.py] => CNN top1 curve: [83.0, 80.63, 78.34, 76.68]
2026-01-11 14:01:56,054 [trainer.py] => Average Accuracy (CNN): 79.66 

2026-01-11 14:01:56,055 [trainer.py] => All params: 85933058
2026-01-11 14:01:56,055 [trainer.py] => Trainable params: 85933058
2026-01-11 14:01:56,060 [simplecil.py] => Learning on 75-80
2026-01-11 14:02:24,359 [trainer.py] => CNN: {'total': 76.38, '00-59': 81.58, '60-64': 53.2, '65-69': 49.4, '70-74': 63.2, '75-79': 77.2, '80-84': 96.0, '85-89': 60.0, '90-94': 88.0, '95-99': 76.0, 'old': 76.32, 'new': 77.2}
2026-01-11 14:02:24,360 [trainer.py] => CNN top1 curve: [83.0, 80.63, 78.34, 76.68, 76.38]
2026-01-11 14:02:24,360 [trainer.py] => Average Accuracy (CNN): 79.01 

2026-01-11 14:02:24,360 [trainer.py] => All params: 85936898
2026-01-11 14:02:24,361 [trainer.py] => Trainable params: 85936898
2026-01-11 14:02:24,364 [simplecil.py] => Learning on 80-85
2026-01-11 14:03:11,493 [trainer.py] => CNN: {'total': 75.53, '00-59': 80.78, '60-64': 52.2, '65-69': 48.6, '70-74': 63.2, '75-79': 76.4, '80-84': 74.2, '85-89': 72.0, '90-94': 80.0, '95-99': 84.0, 'old': 75.61, 'new': 74.2}
2026-01-11 14:03:11,494 [trainer.py] => CNN top1 curve: [83.0, 80.63, 78.34, 76.68, 76.38, 75.53]
2026-01-11 14:03:11,494 [trainer.py] => Average Accuracy (CNN): 78.43 

2026-01-11 14:03:11,494 [trainer.py] => All params: 85940738
2026-01-11 14:03:11,495 [trainer.py] => Trainable params: 85940738
2026-01-11 14:03:11,499 [simplecil.py] => Learning on 85-90
2026-01-11 14:03:50,090 [trainer.py] => CNN: {'total': 74.8, '00-59': 80.45, '60-64': 52.2, '65-69': 48.4, '70-74': 63.0, '75-79': 76.2, '80-84': 74.0, '85-89': 67.2, '90-94': 72.0, '95-99': 80.0, 'old': 75.25, 'new': 67.2}
2026-01-11 14:03:50,090 [trainer.py] => CNN top1 curve: [83.0, 80.63, 78.34, 76.68, 76.38, 75.53, 74.8]
2026-01-11 14:03:50,091 [trainer.py] => Average Accuracy (CNN): 77.91 

2026-01-11 14:03:50,091 [trainer.py] => All params: 85944578
2026-01-11 14:03:50,092 [trainer.py] => Trainable params: 85944578
2026-01-11 14:03:50,093 [simplecil.py] => Learning on 90-95
2026-01-11 14:04:21,125 [trainer.py] => CNN: {'total': 73.54, '00-59': 80.38, '60-64': 52.2, '65-69': 48.4, '70-74': 63.0, '75-79': 76.2, '80-84': 73.8, '85-89': 67.2, '90-94': 51.8, '95-99': 68.0, 'old': 74.74, 'new': 51.8}
2026-01-11 14:04:21,125 [trainer.py] => CNN top1 curve: [83.0, 80.63, 78.34, 76.68, 76.38, 75.53, 74.8, 73.54]
2026-01-11 14:04:21,125 [trainer.py] => Average Accuracy (CNN): 77.36 

2026-01-11 14:04:21,126 [trainer.py] => All params: 85948418
2026-01-11 14:04:21,126 [trainer.py] => Trainable params: 85948418
2026-01-11 14:04:21,127 [simplecil.py] => Learning on 95-100
2026-01-11 14:04:53,423 [trainer.py] => CNN: {'total': 71.53, '00-59': 80.02, '60-64': 52.0, '65-69': 48.0, '70-74': 62.8, '75-79': 72.6, '80-84': 73.6, '85-89': 67.2, '90-94': 51.8, '95-99': 42.4, 'old': 73.06, 'new': 42.4}
2026-01-11 14:04:53,424 [trainer.py] => CNN top1 curve: [83.0, 80.63, 78.34, 76.68, 76.38, 75.53, 74.8, 73.54, 71.53]
2026-01-11 14:04:53,424 [trainer.py] => Average Accuracy (CNN): 76.71 


================================================================================
Finished cifar224_init60_inc5: vit_base_patch16_224_in21k  
Base Accuracy: 83.0
Last Accuracy: 71.53
Average Accuracy (Top1): 76.71
PD: 11.47
Backward Transfer (BWT): -2.15
Accuracy Matrix (CNN):
[[83.   88.   88.   72.   76.   80.   80.   76.   76.  ]
 [82.63 56.6  80.   72.   80.   84.   80.   84.   76.  ]
 [82.47 55.4  51.8  80.   84.   84.   84.   80.   80.  ]
 [81.85 53.2  51.4  63.4  84.   76.   72.   88.   80.  ]
 [81.58 53.2  49.4  63.2  77.2  96.   60.   88.   76.  ]
 [80.78 52.2  48.6  63.2  76.4  74.2  72.   80.   84.  ]
 [80.45 52.2  48.4  63.   76.2  74.   67.2  72.   80.  ]
 [80.38 52.2  48.4  63.   76.2  73.8  67.2  51.8  68.  ]
 [80.02 52.   48.   62.8  72.6  73.6  67.2  51.8  42.4 ]]
================================================================================

2026-01-11 14:05:07,316 [trainer.py] => config: ./configs/simplecil/IN21K/simplecil_inr_B100_Inc10.json
2026-01-11 14:05:07,338 [trainer.py] => prefix:  
2026-01-11 14:05:07,338 [trainer.py] => dataset: imagenetr
2026-01-11 14:05:07,338 [trainer.py] => memory_size: 0
2026-01-11 14:05:07,338 [trainer.py] => memory_per_class: 0
2026-01-11 14:05:07,338 [trainer.py] => fixed_memory: False
2026-01-11 14:05:07,338 [trainer.py] => shuffle: False
2026-01-11 14:05:07,338 [trainer.py] => init_cls: 100
2026-01-11 14:05:07,338 [trainer.py] => increment: 10
2026-01-11 14:05:07,338 [trainer.py] => model_name: simplecil
2026-01-11 14:05:07,338 [trainer.py] => backbone_type: vit_base_patch16_224_in21k
2026-01-11 14:05:07,338 [trainer.py] => device: [device(type='cuda', index=1)]
2026-01-11 14:05:07,338 [trainer.py] => seed: 1993
2026-01-11 14:05:07,338 [trainer.py] => kshot: 5
2026-01-11 14:05:07,338 [trainer.py] => tuned_epoch: 1
2026-01-11 14:05:07,338 [trainer.py] => init_lr: 0.01
2026-01-11 14:05:07,338 [trainer.py] => batch_size: 48
2026-01-11 14:05:07,338 [trainer.py] => weight_decay: 0.05
2026-01-11 14:05:07,338 [trainer.py] => min_lr: 1e-08
2026-01-11 14:05:07,338 [trainer.py] => optimizer: sgd
2026-01-11 14:05:07,338 [trainer.py] => vpt_type: shallow
2026-01-11 14:05:07,338 [trainer.py] => prompt_token_num: 3
2026-01-11 14:05:07,339 [trainer.py] => gpu_models: ['NVIDIA A800 80GB PCIe']
2026-01-11 14:05:08,101 [data_manager.py] => [0, 1, 2, 3, 4, 5, 6, 7, 8, 9, 10, 11, 12, 13, 14, 15, 16, 17, 18, 19, 20, 21, 22, 23, 24, 25, 26, 27, 28, 29, 30, 31, 32, 33, 34, 35, 36, 37, 38, 39, 40, 41, 42, 43, 44, 45, 46, 47, 48, 49, 50, 51, 52, 53, 54, 55, 56, 57, 58, 59, 60, 61, 62, 63, 64, 65, 66, 67, 68, 69, 70, 71, 72, 73, 74, 75, 76, 77, 78, 79, 80, 81, 82, 83, 84, 85, 86, 87, 88, 89, 90, 91, 92, 93, 94, 95, 96, 97, 98, 99, 100, 101, 102, 103, 104, 105, 106, 107, 108, 109, 110, 111, 112, 113, 114, 115, 116, 117, 118, 119, 120, 121, 122, 123, 124, 125, 126, 127, 128, 129, 130, 131, 132, 133, 134, 135, 136, 137, 138, 139, 140, 141, 142, 143, 144, 145, 146, 147, 148, 149, 150, 151, 152, 153, 154, 155, 156, 157, 158, 159, 160, 161, 162, 163, 164, 165, 166, 167, 168, 169, 170, 171, 172, 173, 174, 175, 176, 177, 178, 179, 180, 181, 182, 183, 184, 185, 186, 187, 188, 189, 190, 191, 192, 193, 194, 195, 196, 197, 198, 199]
This is for the BaseNet initialization.
After BaseNet initialization.
2026-01-11 14:05:15,756 [trainer.py] => All params: 85952257
2026-01-11 14:05:15,757 [trainer.py] => Trainable params: 85952257
2026-01-11 14:05:16,055 [simplecil.py] => Learning on 0-100
2026-01-11 14:06:49,007 [trainer.py] => CNN: {'total': 53.41, '00-99': 53.41, '100-109': 80.0, '110-119': 78.0, '120-129': 84.0, '130-139': 68.0, '140-149': 78.0, '150-159': 70.0, '160-169': 86.0, '170-179': 86.0, '180-189': 84.0, '190-199': 84.0, 'old': 0, 'new': 53.41}
2026-01-11 14:06:49,007 [trainer.py] => CNN top1 curve: [53.41]
2026-01-11 14:06:49,007 [trainer.py] => Average Accuracy (CNN): 53.41 

2026-01-11 14:06:49,008 [trainer.py] => All params: 86029058
2026-01-11 14:06:49,008 [trainer.py] => Trainable params: 86029058
2026-01-11 14:06:49,010 [simplecil.py] => Learning on 100-110
2026-01-11 14:07:07,406 [trainer.py] => CNN: {'total': 49.46, '00-99': 52.95, '100-109': 16.09, '110-119': 84.0, '120-129': 78.0, '130-139': 64.0, '140-149': 72.0, '150-159': 76.0, '160-169': 88.0, '170-179': 92.0, '180-189': 90.0, '190-199': 88.0, 'old': 52.95, 'new': 16.09}
2026-01-11 14:07:07,406 [trainer.py] => CNN top1 curve: [53.41, 49.46]
2026-01-11 14:07:07,406 [trainer.py] => Average Accuracy (CNN): 51.44 

2026-01-11 14:07:07,407 [trainer.py] => All params: 86036738
2026-01-11 14:07:07,407 [trainer.py] => Trainable params: 86036738
2026-01-11 14:07:07,409 [simplecil.py] => Learning on 110-120
2026-01-11 14:07:25,799 [trainer.py] => CNN: {'total': 48.29, '00-99': 52.62, '100-109': 16.09, '110-119': 36.92, '120-129': 80.0, '130-139': 72.0, '140-149': 70.0, '150-159': 78.0, '160-169': 92.0, '170-179': 88.0, '180-189': 82.0, '190-199': 88.0, 'old': 49.17, 'new': 36.92}
2026-01-11 14:07:25,800 [trainer.py] => CNN top1 curve: [53.41, 49.46, 48.29]
2026-01-11 14:07:25,800 [trainer.py] => Average Accuracy (CNN): 50.39 

2026-01-11 14:07:25,800 [trainer.py] => All params: 86044418
2026-01-11 14:07:25,801 [trainer.py] => Trainable params: 86044418
2026-01-11 14:07:25,802 [simplecil.py] => Learning on 120-130
2026-01-11 14:07:44,397 [trainer.py] => CNN: {'total': 46.05, '00-99': 52.58, '100-109': 16.09, '110-119': 36.92, '120-129': 20.13, '130-139': 68.0, '140-149': 78.0, '150-159': 72.0, '160-169': 92.0, '170-179': 88.0, '180-189': 90.0, '190-199': 84.0, 'old': 48.26, 'new': 20.13}
2026-01-11 14:07:44,397 [trainer.py] => CNN top1 curve: [53.41, 49.46, 48.29, 46.05]
2026-01-11 14:07:44,397 [trainer.py] => Average Accuracy (CNN): 49.3 

2026-01-11 14:07:44,398 [trainer.py] => All params: 86052098
2026-01-11 14:07:44,398 [trainer.py] => Trainable params: 86052098
2026-01-11 14:07:44,400 [simplecil.py] => Learning on 130-140
2026-01-11 14:08:03,113 [trainer.py] => CNN: {'total': 44.67, '00-99': 52.58, '100-109': 16.09, '110-119': 35.77, '120-129': 18.83, '130-139': 28.72, '140-149': 70.0, '150-159': 78.0, '160-169': 84.0, '170-179': 88.0, '180-189': 78.0, '190-199': 84.0, 'old': 45.87, 'new': 28.72}
2026-01-11 14:08:03,113 [trainer.py] => CNN top1 curve: [53.41, 49.46, 48.29, 46.05, 44.67]
2026-01-11 14:08:03,113 [trainer.py] => Average Accuracy (CNN): 48.38 

2026-01-11 14:08:03,114 [trainer.py] => All params: 86059778
2026-01-11 14:08:03,114 [trainer.py] => Trainable params: 86059778
2026-01-11 14:08:03,116 [simplecil.py] => Learning on 140-150
2026-01-11 14:08:26,556 [trainer.py] => CNN: {'total': 44.02, '00-99': 52.48, '100-109': 15.77, '110-119': 35.0, '120-129': 17.86, '130-139': 26.01, '140-149': 39.25, '150-159': 64.0, '160-169': 82.0, '170-179': 92.0, '180-189': 80.0, '190-199': 96.0, 'old': 44.27, 'new': 39.25}
2026-01-11 14:08:26,557 [trainer.py] => CNN top1 curve: [53.41, 49.46, 48.29, 46.05, 44.67, 44.02]
2026-01-11 14:08:26,557 [trainer.py] => Average Accuracy (CNN): 47.65 

2026-01-11 14:08:26,557 [trainer.py] => All params: 86067458
2026-01-11 14:08:26,558 [trainer.py] => Trainable params: 86067458
2026-01-11 14:08:26,563 [simplecil.py] => Learning on 150-160
2026-01-11 14:08:56,091 [trainer.py] => CNN: {'total': 42.58, '00-99': 52.42, '100-109': 15.77, '110-119': 34.23, '120-129': 17.21, '130-139': 25.68, '140-149': 38.32, '150-159': 21.46, '160-169': 88.0, '170-179': 88.0, '180-189': 90.0, '190-199': 90.0, 'old': 43.82, 'new': 21.46}
2026-01-11 14:08:56,091 [trainer.py] => CNN top1 curve: [53.41, 49.46, 48.29, 46.05, 44.67, 44.02, 42.58]
2026-01-11 14:08:56,091 [trainer.py] => Average Accuracy (CNN): 46.93 

2026-01-11 14:08:56,092 [trainer.py] => All params: 86075138
2026-01-11 14:08:56,092 [trainer.py] => Trainable params: 86075138
2026-01-11 14:08:56,098 [simplecil.py] => Learning on 160-170
2026-01-11 14:09:25,890 [trainer.py] => CNN: {'total': 42.85, '00-99': 52.39, '100-109': 15.77, '110-119': 32.31, '120-129': 16.23, '130-139': 22.64, '140-149': 37.85, '150-159': 19.54, '160-169': 53.28, '170-179': 90.0, '180-189': 82.0, '190-199': 86.0, 'old': 42.07, 'new': 53.28}
2026-01-11 14:09:25,892 [trainer.py] => CNN top1 curve: [53.41, 49.46, 48.29, 46.05, 44.67, 44.02, 42.58, 42.85]
2026-01-11 14:09:25,893 [trainer.py] => Average Accuracy (CNN): 46.42 

2026-01-11 14:09:25,893 [trainer.py] => All params: 86082818
2026-01-11 14:09:25,894 [trainer.py] => Trainable params: 86082818
2026-01-11 14:09:25,895 [simplecil.py] => Learning on 170-180
2026-01-11 14:09:43,769 [trainer.py] => CNN: {'total': 42.4, '00-99': 52.25, '100-109': 15.77, '110-119': 32.31, '120-129': 15.26, '130-139': 22.3, '140-149': 36.92, '150-159': 19.16, '160-169': 52.42, '170-179': 39.35, '180-189': 82.0, '190-199': 88.0, 'old': 42.57, 'new': 39.35}
2026-01-11 14:09:43,769 [trainer.py] => CNN top1 curve: [53.41, 49.46, 48.29, 46.05, 44.67, 44.02, 42.58, 42.85, 42.4]
2026-01-11 14:09:43,769 [trainer.py] => Average Accuracy (CNN): 45.97 

2026-01-11 14:09:43,770 [trainer.py] => All params: 86090498
2026-01-11 14:09:43,770 [trainer.py] => Trainable params: 86090498
2026-01-11 14:09:43,772 [simplecil.py] => Learning on 180-190
2026-01-11 14:10:05,297 [trainer.py] => CNN: {'total': 41.18, '00-99': 52.12, '100-109': 15.77, '110-119': 32.31, '120-129': 14.29, '130-139': 21.96, '140-149': 36.92, '150-159': 19.16, '160-169': 52.42, '170-179': 39.35, '180-189': 25.41, '190-199': 90.0, 'old': 42.25, 'new': 25.41}
2026-01-11 14:10:05,297 [trainer.py] => CNN top1 curve: [53.41, 49.46, 48.29, 46.05, 44.67, 44.02, 42.58, 42.85, 42.4, 41.18]
2026-01-11 14:10:05,297 [trainer.py] => Average Accuracy (CNN): 45.49 

2026-01-11 14:10:05,298 [trainer.py] => All params: 86098178
2026-01-11 14:10:05,299 [trainer.py] => Trainable params: 86098178
2026-01-11 14:10:05,302 [simplecil.py] => Learning on 190-200
2026-01-11 14:10:40,128 [trainer.py] => CNN: {'total': 39.93, '00-99': 51.83, '100-109': 15.77, '110-119': 31.92, '120-129': 13.96, '130-139': 20.61, '140-149': 35.05, '150-159': 19.16, '160-169': 51.28, '170-179': 37.91, '180-189': 25.41, '190-199': 26.03, 'old': 40.7, 'new': 26.03}
2026-01-11 14:10:40,128 [trainer.py] => CNN top1 curve: [53.41, 49.46, 48.29, 46.05, 44.67, 44.02, 42.58, 42.85, 42.4, 41.18, 39.93]
2026-01-11 14:10:40,128 [trainer.py] => Average Accuracy (CNN): 44.99 


================================================================================
Finished imagenetr_init100_inc10: vit_base_patch16_224_in21k  
Base Accuracy: 53.41
Last Accuracy: 39.93
Average Accuracy (Top1): 44.99
PD: 13.48
Backward Transfer (BWT): -3.11
Accuracy Matrix (CNN):
[[53.41 80.   78.   84.   68.   78.   70.   86.   86.   84.   84.  ]
 [52.95 16.09 84.   78.   64.   72.   76.   88.   92.   90.   88.  ]
 [52.62 16.09 36.92 80.   72.   70.   78.   92.   88.   82.   88.  ]
 [52.58 16.09 36.92 20.13 68.   78.   72.   92.   88.   90.   84.  ]
 [52.58 16.09 35.77 18.83 28.72 70.   78.   84.   88.   78.   84.  ]
 [52.48 15.77 35.   17.86 26.01 39.25 64.   82.   92.   80.   96.  ]
 [52.42 15.77 34.23 17.21 25.68 38.32 21.46 88.   88.   90.   90.  ]
 [52.39 15.77 32.31 16.23 22.64 37.85 19.54 53.28 90.   82.   86.  ]
 [52.25 15.77 32.31 15.26 22.3  36.92 19.16 52.42 39.35 82.   88.  ]
 [52.12 15.77 32.31 14.29 21.96 36.92 19.16 52.42 39.35 25.41 90.  ]
 [51.83 15.77 31.92 13.96 20.61 35.05 19.16 51.28 37.91 25.41 26.03]]
================================================================================

2026-01-11 14:10:47,107 [trainer.py] => config: ./configs/simplecil/IN21K/simplecil_mini_B60_Inc5.json
2026-01-11 14:10:47,121 [trainer.py] => prefix:  
2026-01-11 14:10:47,121 [trainer.py] => dataset: mini_imagenet
2026-01-11 14:10:47,121 [trainer.py] => memory_size: 0
2026-01-11 14:10:47,121 [trainer.py] => memory_per_class: 0
2026-01-11 14:10:47,121 [trainer.py] => fixed_memory: False
2026-01-11 14:10:47,121 [trainer.py] => shuffle: False
2026-01-11 14:10:47,121 [trainer.py] => init_cls: 60
2026-01-11 14:10:47,121 [trainer.py] => increment: 5
2026-01-11 14:10:47,121 [trainer.py] => model_name: simplecil
2026-01-11 14:10:47,121 [trainer.py] => backbone_type: vit_base_patch16_224_in21k
2026-01-11 14:10:47,121 [trainer.py] => device: [device(type='cuda', index=1)]
2026-01-11 14:10:47,121 [trainer.py] => seed: 1993
2026-01-11 14:10:47,121 [trainer.py] => kshot: 5
2026-01-11 14:10:47,121 [trainer.py] => tuned_epoch: 1
2026-01-11 14:10:47,121 [trainer.py] => init_lr: 0.01
2026-01-11 14:10:47,121 [trainer.py] => batch_size: 48
2026-01-11 14:10:47,121 [trainer.py] => weight_decay: 0.05
2026-01-11 14:10:47,121 [trainer.py] => min_lr: 1e-08
2026-01-11 14:10:47,121 [trainer.py] => optimizer: sgd
2026-01-11 14:10:47,121 [trainer.py] => vpt_type: shallow
2026-01-11 14:10:47,121 [trainer.py] => prompt_token_num: 3
2026-01-11 14:10:47,121 [trainer.py] => gpu_models: ['NVIDIA A800 80GB PCIe']
2026-01-11 14:10:47,396 [data_manager.py] => [0, 1, 2, 3, 4, 5, 6, 7, 8, 9, 10, 11, 12, 13, 14, 15, 16, 17, 18, 19, 20, 21, 22, 23, 24, 25, 26, 27, 28, 29, 30, 31, 32, 33, 34, 35, 36, 37, 38, 39, 40, 41, 42, 43, 44, 45, 46, 47, 48, 49, 50, 51, 52, 53, 54, 55, 56, 57, 58, 59, 60, 61, 62, 63, 64, 65, 66, 67, 68, 69, 70, 71, 72, 73, 74, 75, 76, 77, 78, 79, 80, 81, 82, 83, 84, 85, 86, 87, 88, 89, 90, 91, 92, 93, 94, 95, 96, 97, 98, 99]
This is for the BaseNet initialization.
After BaseNet initialization.
2026-01-11 14:10:59,153 [trainer.py] => All params: 85875457
2026-01-11 14:10:59,154 [trainer.py] => Trainable params: 85875457
2026-01-11 14:10:59,513 [simplecil.py] => Learning on 0-60
2026-01-11 14:14:40,856 [trainer.py] => CNN: {'total': 88.32, '00-59': 88.32, '60-64': 68.0, '65-69': 88.0, '70-74': 80.0, '75-79': 76.0, '80-84': 80.0, '85-89': 72.0, '90-94': 72.0, '95-99': 88.0, 'old': 0, 'new': 88.32}
2026-01-11 14:14:40,879 [trainer.py] => CNN top1 curve: [88.32]
2026-01-11 14:14:40,880 [trainer.py] => Average Accuracy (CNN): 88.32 

2026-01-11 14:14:40,880 [trainer.py] => All params: 85921538
2026-01-11 14:14:40,881 [trainer.py] => Trainable params: 85921538
2026-01-11 14:14:40,882 [simplecil.py] => Learning on 60-65
2026-01-11 14:15:20,718 [trainer.py] => CNN: {'total': 86.92, '00-59': 88.23, '60-64': 71.2, '65-69': 80.0, '70-74': 68.0, '75-79': 68.0, '80-84': 72.0, '85-89': 68.0, '90-94': 48.0, '95-99': 76.0, 'old': 88.23, 'new': 71.2}
2026-01-11 14:15:20,719 [trainer.py] => CNN top1 curve: [88.32, 86.92]
2026-01-11 14:15:20,719 [trainer.py] => Average Accuracy (CNN): 87.62 

2026-01-11 14:15:20,719 [trainer.py] => All params: 85925378
2026-01-11 14:15:20,720 [trainer.py] => Trainable params: 85925378
2026-01-11 14:15:20,721 [simplecil.py] => Learning on 65-70
2026-01-11 14:16:03,574 [trainer.py] => CNN: {'total': 83.86, '00-59': 88.15, '60-64': 71.2, '65-69': 45.0, '70-74': 84.0, '75-79': 68.0, '80-84': 76.0, '85-89': 68.0, '90-94': 84.0, '95-99': 80.0, 'old': 86.85, 'new': 45.0}
2026-01-11 14:16:03,574 [trainer.py] => CNN top1 curve: [88.32, 86.92, 83.86]
2026-01-11 14:16:03,574 [trainer.py] => Average Accuracy (CNN): 86.37 

2026-01-11 14:16:03,575 [trainer.py] => All params: 85929218
2026-01-11 14:16:03,575 [trainer.py] => Trainable params: 85929218
2026-01-11 14:16:03,580 [simplecil.py] => Learning on 70-75
2026-01-11 14:16:49,170 [trainer.py] => CNN: {'total': 82.75, '00-59': 88.1, '60-64': 71.0, '65-69': 45.0, '70-74': 68.0, '75-79': 64.0, '80-84': 64.0, '85-89': 56.0, '90-94': 84.0, '95-99': 80.0, 'old': 83.8, 'new': 68.0}
2026-01-11 14:16:49,170 [trainer.py] => CNN top1 curve: [88.32, 86.92, 83.86, 82.75]
2026-01-11 14:16:49,170 [trainer.py] => Average Accuracy (CNN): 85.46 

2026-01-11 14:16:49,171 [trainer.py] => All params: 85933058
2026-01-11 14:16:49,171 [trainer.py] => Trainable params: 85933058
2026-01-11 14:16:49,175 [simplecil.py] => Learning on 75-80
2026-01-11 14:17:36,764 [trainer.py] => CNN: {'total': 80.34, '00-59': 88.07, '60-64': 70.4, '65-69': 45.0, '70-74': 68.0, '75-79': 45.2, '80-84': 84.0, '85-89': 76.0, '90-94': 72.0, '95-99': 68.0, 'old': 82.68, 'new': 45.2}
2026-01-11 14:17:36,765 [trainer.py] => CNN top1 curve: [88.32, 86.92, 83.86, 82.75, 80.34]
2026-01-11 14:17:36,765 [trainer.py] => Average Accuracy (CNN): 84.44 

2026-01-11 14:17:36,765 [trainer.py] => All params: 85936898
2026-01-11 14:17:36,766 [trainer.py] => Trainable params: 85936898
2026-01-11 14:17:36,770 [simplecil.py] => Learning on 80-85
2026-01-11 14:18:27,133 [trainer.py] => CNN: {'total': 78.68, '00-59': 87.85, '60-64': 70.4, '65-69': 44.2, '70-74': 67.8, '75-79': 45.2, '80-84': 55.8, '85-89': 72.0, '90-94': 76.0, '95-99': 72.0, 'old': 80.11, 'new': 55.8}
2026-01-11 14:18:27,133 [trainer.py] => CNN top1 curve: [88.32, 86.92, 83.86, 82.75, 80.34, 78.68]
2026-01-11 14:18:27,133 [trainer.py] => Average Accuracy (CNN): 83.48 

2026-01-11 14:18:27,134 [trainer.py] => All params: 85940738
2026-01-11 14:18:27,134 [trainer.py] => Trainable params: 85940738
2026-01-11 14:18:27,139 [simplecil.py] => Learning on 85-90
2026-01-11 14:19:19,706 [trainer.py] => CNN: {'total': 76.83, '00-59': 87.7, '60-64': 70.4, '65-69': 44.0, '70-74': 67.8, '75-79': 45.2, '80-84': 55.8, '85-89': 47.4, '90-94': 72.0, '95-99': 68.0, 'old': 78.56, 'new': 47.4}
2026-01-11 14:19:19,706 [trainer.py] => CNN top1 curve: [88.32, 86.92, 83.86, 82.75, 80.34, 78.68, 76.83]
2026-01-11 14:19:19,706 [trainer.py] => Average Accuracy (CNN): 82.53 

2026-01-11 14:19:19,707 [trainer.py] => All params: 85944578
2026-01-11 14:19:19,707 [trainer.py] => Trainable params: 85944578
2026-01-11 14:19:19,712 [simplecil.py] => Learning on 90-95
2026-01-11 14:20:14,455 [trainer.py] => CNN: {'total': 75.21, '00-59': 87.6, '60-64': 70.2, '65-69': 43.6, '70-74': 67.8, '75-79': 45.2, '80-84': 55.8, '85-89': 46.6, '90-94': 48.6, '95-99': 76.0, 'old': 76.69, 'new': 48.6}
2026-01-11 14:20:14,456 [trainer.py] => CNN top1 curve: [88.32, 86.92, 83.86, 82.75, 80.34, 78.68, 76.83, 75.21]
2026-01-11 14:20:14,456 [trainer.py] => Average Accuracy (CNN): 81.61 

2026-01-11 14:20:14,457 [trainer.py] => All params: 85948418
2026-01-11 14:20:14,457 [trainer.py] => Trainable params: 85948418
2026-01-11 14:20:14,462 [simplecil.py] => Learning on 95-100
2026-01-11 14:21:10,177 [trainer.py] => CNN: {'total': 74.63, '00-59': 87.58, '60-64': 70.2, '65-69': 43.6, '70-74': 67.8, '75-79': 45.2, '80-84': 55.6, '85-89': 45.8, '90-94': 48.6, '95-99': 64.8, 'old': 75.15, 'new': 64.8}
2026-01-11 14:21:10,178 [trainer.py] => CNN top1 curve: [88.32, 86.92, 83.86, 82.75, 80.34, 78.68, 76.83, 75.21, 74.63]
2026-01-11 14:21:10,178 [trainer.py] => Average Accuracy (CNN): 80.84 


================================================================================
Finished mini_imagenet_init60_inc5: vit_base_patch16_224_in21k  
Base Accuracy: 88.32
Last Accuracy: 74.63
Average Accuracy (Top1): 80.84
PD: 13.69
Backward Transfer (BWT): -0.64
Accuracy Matrix (CNN):
[[88.32 68.   88.   80.   76.   80.   72.   72.   88.  ]
 [88.23 71.2  80.   68.   68.   72.   68.   48.   76.  ]
 [88.15 71.2  45.   84.   68.   76.   68.   84.   80.  ]
 [88.1  71.   45.   68.   64.   64.   56.   84.   80.  ]
 [88.07 70.4  45.   68.   45.2  84.   76.   72.   68.  ]
 [87.85 70.4  44.2  67.8  45.2  55.8  72.   76.   72.  ]
 [87.7  70.4  44.   67.8  45.2  55.8  47.4  72.   68.  ]
 [87.6  70.2  43.6  67.8  45.2  55.8  46.6  48.6  76.  ]
 [87.58 70.2  43.6  67.8  45.2  55.6  45.8  48.6  64.8 ]]
================================================================================

2026-01-11 14:21:32,041 [trainer.py] => config: ./configs/simplecil/dino/simplecil_cub_B100_Inc10.json
2026-01-11 14:21:32,063 [trainer.py] => prefix:  
2026-01-11 14:21:32,063 [trainer.py] => dataset: cub
2026-01-11 14:21:32,063 [trainer.py] => memory_size: 0
2026-01-11 14:21:32,063 [trainer.py] => memory_per_class: 0
2026-01-11 14:21:32,063 [trainer.py] => fixed_memory: False
2026-01-11 14:21:32,063 [trainer.py] => shuffle: False
2026-01-11 14:21:32,063 [trainer.py] => init_cls: 100
2026-01-11 14:21:32,063 [trainer.py] => increment: 10
2026-01-11 14:21:32,063 [trainer.py] => model_name: simplecil
2026-01-11 14:21:32,063 [trainer.py] => backbone_type: vit_base_patch16_224_dino
2026-01-11 14:21:32,063 [trainer.py] => device: [device(type='cuda', index=1)]
2026-01-11 14:21:32,063 [trainer.py] => seed: 1993
2026-01-11 14:21:32,063 [trainer.py] => kshot: 5
2026-01-11 14:21:32,063 [trainer.py] => tuned_epoch: 1
2026-01-11 14:21:32,063 [trainer.py] => init_lr: 0.01
2026-01-11 14:21:32,063 [trainer.py] => batch_size: 256
2026-01-11 14:21:32,063 [trainer.py] => weight_decay: 0.05
2026-01-11 14:21:32,064 [trainer.py] => min_lr: 1e-08
2026-01-11 14:21:32,064 [trainer.py] => optimizer: sgd
2026-01-11 14:21:32,064 [trainer.py] => vpt_type: shallow
2026-01-11 14:21:32,064 [trainer.py] => prompt_token_num: 3
2026-01-11 14:21:32,064 [trainer.py] => gpu_models: ['NVIDIA A800 80GB PCIe']
2026-01-11 14:21:32,589 [data_manager.py] => [0, 1, 2, 3, 4, 5, 6, 7, 8, 9, 10, 11, 12, 13, 14, 15, 16, 17, 18, 19, 20, 21, 22, 23, 24, 25, 26, 27, 28, 29, 30, 31, 32, 33, 34, 35, 36, 37, 38, 39, 40, 41, 42, 43, 44, 45, 46, 47, 48, 49, 50, 51, 52, 53, 54, 55, 56, 57, 58, 59, 60, 61, 62, 63, 64, 65, 66, 67, 68, 69, 70, 71, 72, 73, 74, 75, 76, 77, 78, 79, 80, 81, 82, 83, 84, 85, 86, 87, 88, 89, 90, 91, 92, 93, 94, 95, 96, 97, 98, 99, 100, 101, 102, 103, 104, 105, 106, 107, 108, 109, 110, 111, 112, 113, 114, 115, 116, 117, 118, 119, 120, 121, 122, 123, 124, 125, 126, 127, 128, 129, 130, 131, 132, 133, 134, 135, 136, 137, 138, 139, 140, 141, 142, 143, 144, 145, 146, 147, 148, 149, 150, 151, 152, 153, 154, 155, 156, 157, 158, 159, 160, 161, 162, 163, 164, 165, 166, 167, 168, 169, 170, 171, 172, 173, 174, 175, 176, 177, 178, 179, 180, 181, 182, 183, 184, 185, 186, 187, 188, 189, 190, 191, 192, 193, 194, 195, 196, 197, 198, 199]
This is for the BaseNet initialization.
2026-01-11 14:21:49,471 [helpers.py] => Loading pretrained weights from url (https://dl.fbaipublicfiles.com/dino/dino_vitbase16_pretrain/dino_vitbase16_pretrain.pth)
After BaseNet initialization.
2026-01-11 14:21:52,953 [trainer.py] => All params: 85952257
2026-01-11 14:21:52,953 [trainer.py] => Trainable params: 85952257
2026-01-11 14:21:53,423 [simplecil.py] => Learning on 0-100
2026-01-11 14:22:40,823 [trainer.py] => CNN: {'total': 65.16, '00-99': 65.16, '100-109': 86.0, '110-119': 74.0, '120-129': 58.0, '130-139': 52.0, '140-149': 68.0, '150-159': 76.0, '160-169': 78.0, '170-179': 68.0, '180-189': 84.0, '190-199': 74.0, 'old': 0, 'new': 65.16}
2026-01-11 14:22:40,824 [trainer.py] => CNN top1 curve: [65.16]
2026-01-11 14:22:40,824 [trainer.py] => Average Accuracy (CNN): 65.16 

2026-01-11 14:22:40,826 [trainer.py] => All params: 86029058
2026-01-11 14:22:40,827 [trainer.py] => Trainable params: 86029058
2026-01-11 14:22:40,834 [simplecil.py] => Learning on 100-110
2026-01-11 14:22:58,140 [trainer.py] => CNN: {'total': 62.44, '00-99': 64.99, '100-109': 32.32, '110-119': 68.0, '120-129': 62.0, '130-139': 66.0, '140-149': 72.0, '150-159': 74.0, '160-169': 68.0, '170-179': 58.0, '180-189': 82.0, '190-199': 86.0, 'old': 64.99, 'new': 32.32}
2026-01-11 14:22:58,140 [trainer.py] => CNN top1 curve: [65.16, 62.44]
2026-01-11 14:22:58,140 [trainer.py] => Average Accuracy (CNN): 63.8 

2026-01-11 14:22:58,141 [trainer.py] => All params: 86036738
2026-01-11 14:22:58,149 [trainer.py] => Trainable params: 86036738
2026-01-11 14:22:58,155 [simplecil.py] => Learning on 110-120
2026-01-11 14:23:15,472 [trainer.py] => CNN: {'total': 58.65, '00-99': 64.82, '100-109': 32.32, '110-119': 21.14, '120-129': 78.0, '130-139': 78.0, '140-149': 62.0, '150-159': 68.0, '160-169': 72.0, '170-179': 62.0, '180-189': 82.0, '190-199': 82.0, 'old': 62.28, 'new': 21.14}
2026-01-11 14:23:15,472 [trainer.py] => CNN top1 curve: [65.16, 62.44, 58.65]
2026-01-11 14:23:15,472 [trainer.py] => Average Accuracy (CNN): 62.08 

2026-01-11 14:23:15,473 [trainer.py] => All params: 86044418
2026-01-11 14:23:15,473 [trainer.py] => Trainable params: 86044418
2026-01-11 14:23:15,477 [simplecil.py] => Learning on 120-130
2026-01-11 14:23:32,719 [trainer.py] => CNN: {'total': 56.01, '00-99': 64.82, '100-109': 31.31, '110-119': 20.33, '120-129': 25.0, '130-139': 68.0, '140-149': 66.0, '150-159': 84.0, '160-169': 72.0, '170-179': 76.0, '180-189': 76.0, '190-199': 90.0, 'old': 58.51, 'new': 25.0}
2026-01-11 14:23:32,719 [trainer.py] => CNN top1 curve: [65.16, 62.44, 58.65, 56.01]
2026-01-11 14:23:32,719 [trainer.py] => Average Accuracy (CNN): 60.56 

2026-01-11 14:23:32,720 [trainer.py] => All params: 86052098
2026-01-11 14:23:32,720 [trainer.py] => Trainable params: 86052098
2026-01-11 14:23:32,726 [simplecil.py] => Learning on 130-140
2026-01-11 14:23:49,851 [trainer.py] => CNN: {'total': 52.91, '00-99': 64.65, '100-109': 31.31, '110-119': 20.33, '120-129': 25.0, '130-139': 18.46, '140-149': 70.0, '150-159': 72.0, '160-169': 80.0, '170-179': 66.0, '180-189': 78.0, '190-199': 82.0, 'old': 55.88, 'new': 18.46}
2026-01-11 14:23:49,851 [trainer.py] => CNN top1 curve: [65.16, 62.44, 58.65, 56.01, 52.91]
2026-01-11 14:23:49,851 [trainer.py] => Average Accuracy (CNN): 59.03 

2026-01-11 14:23:49,852 [trainer.py] => All params: 86059778
2026-01-11 14:23:49,852 [trainer.py] => Trainable params: 86059778
2026-01-11 14:23:49,858 [simplecil.py] => Learning on 140-150
2026-01-11 14:24:07,400 [trainer.py] => CNN: {'total': 50.14, '00-99': 64.56, '100-109': 28.28, '110-119': 20.33, '120-129': 24.11, '130-139': 18.46, '140-149': 14.91, '150-159': 72.0, '160-169': 68.0, '170-179': 72.0, '180-189': 84.0, '190-199': 76.0, 'old': 52.6, 'new': 14.91}
2026-01-11 14:24:07,401 [trainer.py] => CNN top1 curve: [65.16, 62.44, 58.65, 56.01, 52.91, 50.14]
2026-01-11 14:24:07,401 [trainer.py] => Average Accuracy (CNN): 57.55 

2026-01-11 14:24:07,401 [trainer.py] => All params: 86067458
2026-01-11 14:24:07,402 [trainer.py] => Trainable params: 86067458
2026-01-11 14:24:07,409 [simplecil.py] => Learning on 150-160
2026-01-11 14:24:24,033 [trainer.py] => CNN: {'total': 48.79, '00-99': 64.47, '100-109': 28.28, '110-119': 20.33, '120-129': 24.11, '130-139': 18.46, '140-149': 14.91, '150-159': 28.18, '160-169': 72.0, '170-179': 72.0, '180-189': 86.0, '190-199': 76.0, 'old': 50.09, 'new': 28.18}
2026-01-11 14:24:24,033 [trainer.py] => CNN top1 curve: [65.16, 62.44, 58.65, 56.01, 52.91, 50.14, 48.79]
2026-01-11 14:24:24,033 [trainer.py] => Average Accuracy (CNN): 56.3 

2026-01-11 14:24:24,034 [trainer.py] => All params: 86075138
2026-01-11 14:24:24,034 [trainer.py] => Trainable params: 86075138
2026-01-11 14:24:24,038 [simplecil.py] => Learning on 160-170
2026-01-11 14:24:40,133 [trainer.py] => CNN: {'total': 47.04, '00-99': 64.3, '100-109': 28.28, '110-119': 20.33, '120-129': 24.11, '130-139': 18.46, '140-149': 14.91, '150-159': 27.27, '160-169': 24.81, '170-179': 70.0, '180-189': 74.0, '190-199': 86.0, 'old': 48.63, 'new': 24.81}
2026-01-11 14:24:40,133 [trainer.py] => CNN top1 curve: [65.16, 62.44, 58.65, 56.01, 52.91, 50.14, 48.79, 47.04]
2026-01-11 14:24:40,133 [trainer.py] => Average Accuracy (CNN): 55.14 

2026-01-11 14:24:40,134 [trainer.py] => All params: 86082818
2026-01-11 14:24:40,134 [trainer.py] => Trainable params: 86082818
2026-01-11 14:24:40,140 [simplecil.py] => Learning on 170-180
2026-01-11 14:24:56,208 [trainer.py] => CNN: {'total': 45.15, '00-99': 64.13, '100-109': 28.28, '110-119': 20.33, '120-129': 24.11, '130-139': 18.46, '140-149': 14.91, '150-159': 27.27, '160-169': 21.05, '170-179': 19.83, '180-189': 88.0, '190-199': 68.0, 'old': 46.69, 'new': 19.83}
2026-01-11 14:24:56,208 [trainer.py] => CNN top1 curve: [65.16, 62.44, 58.65, 56.01, 52.91, 50.14, 48.79, 47.04, 45.15]
2026-01-11 14:24:56,208 [trainer.py] => Average Accuracy (CNN): 54.03 

2026-01-11 14:24:56,209 [trainer.py] => All params: 86090498
2026-01-11 14:24:56,209 [trainer.py] => Trainable params: 86090498
2026-01-11 14:24:56,214 [simplecil.py] => Learning on 180-190
2026-01-11 14:25:11,574 [trainer.py] => CNN: {'total': 45.46, '00-99': 64.13, '100-109': 28.28, '110-119': 20.33, '120-129': 24.11, '130-139': 18.46, '140-149': 14.91, '150-159': 27.27, '160-169': 21.05, '170-179': 19.83, '180-189': 50.82, '190-199': 80.0, 'old': 45.15, 'new': 50.82}
2026-01-11 14:25:11,574 [trainer.py] => CNN top1 curve: [65.16, 62.44, 58.65, 56.01, 52.91, 50.14, 48.79, 47.04, 45.15, 45.46]
2026-01-11 14:25:11,574 [trainer.py] => Average Accuracy (CNN): 53.18 

2026-01-11 14:25:11,575 [trainer.py] => All params: 86098178
2026-01-11 14:25:11,576 [trainer.py] => Trainable params: 86098178
2026-01-11 14:25:11,581 [simplecil.py] => Learning on 190-200
2026-01-11 14:25:25,444 [trainer.py] => CNN: {'total': 45.0, '00-99': 64.13, '100-109': 28.28, '110-119': 20.33, '120-129': 23.21, '130-139': 18.46, '140-149': 14.91, '150-159': 27.27, '160-169': 21.05, '170-179': 19.83, '180-189': 50.0, '190-199': 38.21, 'old': 45.37, 'new': 38.21}
2026-01-11 14:25:25,444 [trainer.py] => CNN top1 curve: [65.16, 62.44, 58.65, 56.01, 52.91, 50.14, 48.79, 47.04, 45.15, 45.46, 45.0]
2026-01-11 14:25:25,444 [trainer.py] => Average Accuracy (CNN): 52.43 


================================================================================
Finished cub_init100_inc10: vit_base_patch16_224_dino  
Base Accuracy: 65.16
Last Accuracy: 45.0
Average Accuracy (Top1): 52.43
PD: 20.16
Backward Transfer (BWT): -1.32
Accuracy Matrix (CNN):
[[65.16 86.   74.   58.   52.   68.   76.   78.   68.   84.   74.  ]
 [64.99 32.32 68.   62.   66.   72.   74.   68.   58.   82.   86.  ]
 [64.82 32.32 21.14 78.   78.   62.   68.   72.   62.   82.   82.  ]
 [64.82 31.31 20.33 25.   68.   66.   84.   72.   76.   76.   90.  ]
 [64.65 31.31 20.33 25.   18.46 70.   72.   80.   66.   78.   82.  ]
 [64.56 28.28 20.33 24.11 18.46 14.91 72.   68.   72.   84.   76.  ]
 [64.47 28.28 20.33 24.11 18.46 14.91 28.18 72.   72.   86.   76.  ]
 [64.3  28.28 20.33 24.11 18.46 14.91 27.27 24.81 70.   74.   86.  ]
 [64.13 28.28 20.33 24.11 18.46 14.91 27.27 21.05 19.83 88.   68.  ]
 [64.13 28.28 20.33 24.11 18.46 14.91 27.27 21.05 19.83 50.82 80.  ]
 [64.13 28.28 20.33 23.21 18.46 14.91 27.27 21.05 19.83 50.   38.21]]
================================================================================

2026-01-11 14:25:29,680 [trainer.py] => config: ./configs/simplecil/dino/simplecil_cifar_B60_Inc5.json
2026-01-11 14:25:29,695 [trainer.py] => prefix:  
2026-01-11 14:25:29,695 [trainer.py] => dataset: cifar224
2026-01-11 14:25:29,695 [trainer.py] => memory_size: 0
2026-01-11 14:25:29,695 [trainer.py] => memory_per_class: 0
2026-01-11 14:25:29,695 [trainer.py] => fixed_memory: False
2026-01-11 14:25:29,695 [trainer.py] => shuffle: False
2026-01-11 14:25:29,695 [trainer.py] => init_cls: 60
2026-01-11 14:25:29,695 [trainer.py] => increment: 5
2026-01-11 14:25:29,695 [trainer.py] => model_name: simplecil
2026-01-11 14:25:29,695 [trainer.py] => backbone_type: vit_base_patch16_224_dino
2026-01-11 14:25:29,695 [trainer.py] => device: [device(type='cuda', index=1)]
2026-01-11 14:25:29,695 [trainer.py] => seed: 1993
2026-01-11 14:25:29,695 [trainer.py] => kshot: 5
2026-01-11 14:25:29,695 [trainer.py] => tuned_epoch: 1
2026-01-11 14:25:29,695 [trainer.py] => init_lr: 0.01
2026-01-11 14:25:29,695 [trainer.py] => batch_size: 48
2026-01-11 14:25:29,695 [trainer.py] => weight_decay: 0.05
2026-01-11 14:25:29,695 [trainer.py] => min_lr: 1e-08
2026-01-11 14:25:29,695 [trainer.py] => optimizer: sgd
2026-01-11 14:25:29,695 [trainer.py] => vpt_type: shallow
2026-01-11 14:25:29,695 [trainer.py] => prompt_token_num: 3
2026-01-11 14:25:29,695 [trainer.py] => gpu_models: ['NVIDIA A800 80GB PCIe']
2026-01-11 14:25:30,957 [data_manager.py] => [0, 1, 2, 3, 4, 5, 6, 7, 8, 9, 10, 11, 12, 13, 14, 15, 16, 17, 18, 19, 20, 21, 22, 23, 24, 25, 26, 27, 28, 29, 30, 31, 32, 33, 34, 35, 36, 37, 38, 39, 40, 41, 42, 43, 44, 45, 46, 47, 48, 49, 50, 51, 52, 53, 54, 55, 56, 57, 58, 59, 60, 61, 62, 63, 64, 65, 66, 67, 68, 69, 70, 71, 72, 73, 74, 75, 76, 77, 78, 79, 80, 81, 82, 83, 84, 85, 86, 87, 88, 89, 90, 91, 92, 93, 94, 95, 96, 97, 98, 99]
This is for the BaseNet initialization.
2026-01-11 14:25:36,671 [helpers.py] => Loading pretrained weights from url (https://dl.fbaipublicfiles.com/dino/dino_vitbase16_pretrain/dino_vitbase16_pretrain.pth)
After BaseNet initialization.
2026-01-11 14:25:37,704 [trainer.py] => All params: 85875457
2026-01-11 14:25:37,705 [trainer.py] => Trainable params: 85875457
2026-01-11 14:25:37,959 [simplecil.py] => Learning on 0-60
2026-01-11 14:29:18,214 [trainer.py] => CNN: {'total': 58.82, '00-59': 58.82, '60-64': 76.0, '65-69': 60.0, '70-74': 64.0, '75-79': 56.0, '80-84': 60.0, '85-89': 52.0, '90-94': 48.0, '95-99': 36.0, 'old': 0, 'new': 58.82}
2026-01-11 14:29:18,214 [trainer.py] => CNN top1 curve: [58.82]
2026-01-11 14:29:18,214 [trainer.py] => Average Accuracy (CNN): 58.82 

2026-01-11 14:29:18,215 [trainer.py] => All params: 85921538
2026-01-11 14:29:18,215 [trainer.py] => Trainable params: 85921538
2026-01-11 14:29:18,219 [simplecil.py] => Learning on 60-65
2026-01-11 14:29:58,459 [trainer.py] => CNN: {'total': 56.05, '00-59': 58.7, '60-64': 24.2, '65-69': 60.0, '70-74': 52.0, '75-79': 60.0, '80-84': 40.0, '85-89': 60.0, '90-94': 48.0, '95-99': 56.0, 'old': 58.7, 'new': 24.2}
2026-01-11 14:29:58,459 [trainer.py] => CNN top1 curve: [58.82, 56.05]
2026-01-11 14:29:58,459 [trainer.py] => Average Accuracy (CNN): 57.44 

2026-01-11 14:29:58,460 [trainer.py] => All params: 85925378
2026-01-11 14:29:58,460 [trainer.py] => Trainable params: 85925378
2026-01-11 14:29:58,465 [simplecil.py] => Learning on 65-70
2026-01-11 14:30:40,694 [trainer.py] => CNN: {'total': 53.39, '00-59': 58.62, '60-64': 23.8, '65-69': 20.2, '70-74': 56.0, '75-79': 64.0, '80-84': 52.0, '85-89': 60.0, '90-94': 36.0, '95-99': 60.0, 'old': 55.94, 'new': 20.2}
2026-01-11 14:30:40,694 [trainer.py] => CNN top1 curve: [58.82, 56.05, 53.39]
2026-01-11 14:30:40,694 [trainer.py] => Average Accuracy (CNN): 56.09 

2026-01-11 14:30:40,694 [trainer.py] => All params: 85929218
2026-01-11 14:30:40,695 [trainer.py] => Trainable params: 85929218
2026-01-11 14:30:40,700 [simplecil.py] => Learning on 70-75
2026-01-11 14:31:25,135 [trainer.py] => CNN: {'total': 50.23, '00-59': 58.2, '60-64': 20.6, '65-69': 20.2, '70-74': 14.2, '75-79': 52.0, '80-84': 60.0, '85-89': 56.0, '90-94': 72.0, '95-99': 56.0, 'old': 52.8, 'new': 14.2}
2026-01-11 14:31:25,136 [trainer.py] => CNN top1 curve: [58.82, 56.05, 53.39, 50.23]
2026-01-11 14:31:25,136 [trainer.py] => Average Accuracy (CNN): 54.62 

2026-01-11 14:31:25,136 [trainer.py] => All params: 85933058
2026-01-11 14:31:25,137 [trainer.py] => Trainable params: 85933058
2026-01-11 14:31:25,141 [simplecil.py] => Learning on 75-80
2026-01-11 14:32:12,476 [trainer.py] => CNN: {'total': 48.58, '00-59': 57.9, '60-64': 20.6, '65-69': 20.0, '70-74': 14.0, '75-79': 27.8, '80-84': 48.0, '85-89': 44.0, '90-94': 52.0, '95-99': 64.0, 'old': 49.96, 'new': 27.8}
2026-01-11 14:32:12,476 [trainer.py] => CNN top1 curve: [58.82, 56.05, 53.39, 50.23, 48.58]
2026-01-11 14:32:12,476 [trainer.py] => Average Accuracy (CNN): 53.41 

2026-01-11 14:32:12,477 [trainer.py] => All params: 85936898
2026-01-11 14:32:12,477 [trainer.py] => Trainable params: 85936898
2026-01-11 14:32:12,483 [simplecil.py] => Learning on 80-85
2026-01-11 14:33:02,508 [trainer.py] => CNN: {'total': 46.56, '00-59': 57.52, '60-64': 17.4, '65-69': 19.8, '70-74': 12.8, '75-79': 27.8, '80-84': 23.6, '85-89': 40.0, '90-94': 48.0, '95-99': 52.0, 'old': 48.0, 'new': 23.6}
2026-01-11 14:33:02,509 [trainer.py] => CNN top1 curve: [58.82, 56.05, 53.39, 50.23, 48.58, 46.56]
2026-01-11 14:33:02,509 [trainer.py] => Average Accuracy (CNN): 52.27 

2026-01-11 14:33:02,509 [trainer.py] => All params: 85940738
2026-01-11 14:33:02,510 [trainer.py] => Trainable params: 85940738
2026-01-11 14:33:02,511 [simplecil.py] => Learning on 85-90
2026-01-11 14:33:55,263 [trainer.py] => CNN: {'total': 45.12, '00-59': 57.0, '60-64': 17.4, '65-69': 19.6, '70-74': 12.8, '75-79': 27.0, '80-84': 23.4, '85-89': 28.0, '90-94': 44.0, '95-99': 48.0, 'old': 46.13, 'new': 28.0}
2026-01-11 14:33:55,264 [trainer.py] => CNN top1 curve: [58.82, 56.05, 53.39, 50.23, 48.58, 46.56, 45.12]
2026-01-11 14:33:55,264 [trainer.py] => Average Accuracy (CNN): 51.25 

2026-01-11 14:33:55,265 [trainer.py] => All params: 85944578
2026-01-11 14:33:55,266 [trainer.py] => Trainable params: 85944578
2026-01-11 14:33:55,270 [simplecil.py] => Learning on 90-95
2026-01-11 14:34:49,173 [trainer.py] => CNN: {'total': 43.89, '00-59': 56.77, '60-64': 17.4, '65-69': 18.8, '70-74': 12.8, '75-79': 27.0, '80-84': 23.2, '85-89': 28.0, '90-94': 25.6, '95-99': 44.0, 'old': 44.91, 'new': 25.6}
2026-01-11 14:34:49,173 [trainer.py] => CNN top1 curve: [58.82, 56.05, 53.39, 50.23, 48.58, 46.56, 45.12, 43.89]
2026-01-11 14:34:49,173 [trainer.py] => Average Accuracy (CNN): 50.33 

2026-01-11 14:34:49,174 [trainer.py] => All params: 85948418
2026-01-11 14:34:49,174 [trainer.py] => Trainable params: 85948418
2026-01-11 14:34:49,178 [simplecil.py] => Learning on 95-100
2026-01-11 14:35:45,132 [trainer.py] => CNN: {'total': 42.49, '00-59': 56.28, '60-64': 17.0, '65-69': 18.8, '70-74': 12.8, '75-79': 26.8, '80-84': 23.0, '85-89': 28.0, '90-94': 25.6, '95-99': 22.4, 'old': 43.55, 'new': 22.4}
2026-01-11 14:35:45,133 [trainer.py] => CNN top1 curve: [58.82, 56.05, 53.39, 50.23, 48.58, 46.56, 45.12, 43.89, 42.49]
2026-01-11 14:35:45,133 [trainer.py] => Average Accuracy (CNN): 49.46 


================================================================================
Finished cifar224_init60_inc5: vit_base_patch16_224_dino  
Base Accuracy: 58.82
Last Accuracy: 42.49
Average Accuracy (Top1): 49.46
PD: 16.33
Backward Transfer (BWT): -1.77
Accuracy Matrix (CNN):
[[58.82 76.   60.   64.   56.   60.   52.   48.   36.  ]
 [58.7  24.2  60.   52.   60.   40.   60.   48.   56.  ]
 [58.62 23.8  20.2  56.   64.   52.   60.   36.   60.  ]
 [58.2  20.6  20.2  14.2  52.   60.   56.   72.   56.  ]
 [57.9  20.6  20.   14.   27.8  48.   44.   52.   64.  ]
 [57.52 17.4  19.8  12.8  27.8  23.6  40.   48.   52.  ]
 [57.   17.4  19.6  12.8  27.   23.4  28.   44.   48.  ]
 [56.77 17.4  18.8  12.8  27.   23.2  28.   25.6  44.  ]
 [56.28 17.   18.8  12.8  26.8  23.   28.   25.6  22.4 ]]
================================================================================

2026-01-11 14:35:49,504 [trainer.py] => config: ./configs/simplecil/dino/simplecil_inr_B100_Inc10.json
2026-01-11 14:35:49,520 [trainer.py] => prefix:  
2026-01-11 14:35:49,520 [trainer.py] => dataset: imagenetr
2026-01-11 14:35:49,520 [trainer.py] => memory_size: 0
2026-01-11 14:35:49,521 [trainer.py] => memory_per_class: 0
2026-01-11 14:35:49,521 [trainer.py] => fixed_memory: False
2026-01-11 14:35:49,521 [trainer.py] => shuffle: False
2026-01-11 14:35:49,521 [trainer.py] => init_cls: 100
2026-01-11 14:35:49,521 [trainer.py] => increment: 10
2026-01-11 14:35:49,521 [trainer.py] => model_name: simplecil
2026-01-11 14:35:49,521 [trainer.py] => backbone_type: vit_base_patch16_224_dino
2026-01-11 14:35:49,521 [trainer.py] => device: [device(type='cuda', index=1)]
2026-01-11 14:35:49,521 [trainer.py] => seed: 1993
2026-01-11 14:35:49,521 [trainer.py] => kshot: 5
2026-01-11 14:35:49,521 [trainer.py] => tuned_epoch: 1
2026-01-11 14:35:49,521 [trainer.py] => init_lr: 0.01
2026-01-11 14:35:49,521 [trainer.py] => batch_size: 48
2026-01-11 14:35:49,521 [trainer.py] => weight_decay: 0.05
2026-01-11 14:35:49,521 [trainer.py] => min_lr: 1e-08
2026-01-11 14:35:49,521 [trainer.py] => optimizer: sgd
2026-01-11 14:35:49,521 [trainer.py] => vpt_type: shallow
2026-01-11 14:35:49,521 [trainer.py] => prompt_token_num: 3
2026-01-11 14:35:49,521 [trainer.py] => gpu_models: ['NVIDIA A800 80GB PCIe']
2026-01-11 14:35:50,097 [data_manager.py] => [0, 1, 2, 3, 4, 5, 6, 7, 8, 9, 10, 11, 12, 13, 14, 15, 16, 17, 18, 19, 20, 21, 22, 23, 24, 25, 26, 27, 28, 29, 30, 31, 32, 33, 34, 35, 36, 37, 38, 39, 40, 41, 42, 43, 44, 45, 46, 47, 48, 49, 50, 51, 52, 53, 54, 55, 56, 57, 58, 59, 60, 61, 62, 63, 64, 65, 66, 67, 68, 69, 70, 71, 72, 73, 74, 75, 76, 77, 78, 79, 80, 81, 82, 83, 84, 85, 86, 87, 88, 89, 90, 91, 92, 93, 94, 95, 96, 97, 98, 99, 100, 101, 102, 103, 104, 105, 106, 107, 108, 109, 110, 111, 112, 113, 114, 115, 116, 117, 118, 119, 120, 121, 122, 123, 124, 125, 126, 127, 128, 129, 130, 131, 132, 133, 134, 135, 136, 137, 138, 139, 140, 141, 142, 143, 144, 145, 146, 147, 148, 149, 150, 151, 152, 153, 154, 155, 156, 157, 158, 159, 160, 161, 162, 163, 164, 165, 166, 167, 168, 169, 170, 171, 172, 173, 174, 175, 176, 177, 178, 179, 180, 181, 182, 183, 184, 185, 186, 187, 188, 189, 190, 191, 192, 193, 194, 195, 196, 197, 198, 199]
This is for the BaseNet initialization.
2026-01-11 14:35:57,281 [helpers.py] => Loading pretrained weights from url (https://dl.fbaipublicfiles.com/dino/dino_vitbase16_pretrain/dino_vitbase16_pretrain.pth)
After BaseNet initialization.
2026-01-11 14:35:58,974 [trainer.py] => All params: 85952257
2026-01-11 14:35:58,975 [trainer.py] => Trainable params: 85952257
2026-01-11 14:35:59,233 [simplecil.py] => Learning on 0-100
2026-01-11 14:37:44,044 [trainer.py] => CNN: {'total': 49.56, '00-99': 49.56, '100-109': 80.0, '110-119': 70.0, '120-129': 66.0, '130-139': 80.0, '140-149': 76.0, '150-159': 72.0, '160-169': 86.0, '170-179': 78.0, '180-189': 66.0, '190-199': 88.0, 'old': 0, 'new': 49.56}
2026-01-11 14:37:44,052 [trainer.py] => CNN top1 curve: [49.56]
2026-01-11 14:37:44,053 [trainer.py] => Average Accuracy (CNN): 49.56 

2026-01-11 14:37:44,053 [trainer.py] => All params: 86029058
2026-01-11 14:37:44,054 [trainer.py] => Trainable params: 86029058
2026-01-11 14:37:44,060 [simplecil.py] => Learning on 100-110
2026-01-11 14:38:11,349 [trainer.py] => CNN: {'total': 46.25, '00-99': 49.36, '100-109': 16.4, '110-119': 70.0, '120-129': 78.0, '130-139': 72.0, '140-149': 72.0, '150-159': 66.0, '160-169': 76.0, '170-179': 68.0, '180-189': 74.0, '190-199': 82.0, 'old': 49.36, 'new': 16.4}
2026-01-11 14:38:11,350 [trainer.py] => CNN top1 curve: [49.56, 46.25]
2026-01-11 14:38:11,350 [trainer.py] => Average Accuracy (CNN): 47.9 

2026-01-11 14:38:11,350 [trainer.py] => All params: 86036738
2026-01-11 14:38:11,351 [trainer.py] => Trainable params: 86036738
2026-01-11 14:38:11,355 [simplecil.py] => Learning on 110-120
2026-01-11 14:38:39,334 [trainer.py] => CNN: {'total': 44.88, '00-99': 48.8, '100-109': 16.4, '110-119': 33.85, '120-129': 62.0, '130-139': 74.0, '140-149': 72.0, '150-159': 74.0, '160-169': 84.0, '170-179': 80.0, '180-189': 80.0, '190-199': 88.0, 'old': 45.74, 'new': 33.85}
2026-01-11 14:38:39,334 [trainer.py] => CNN top1 curve: [49.56, 46.25, 44.88]
2026-01-11 14:38:39,334 [trainer.py] => Average Accuracy (CNN): 46.9 

2026-01-11 14:38:39,335 [trainer.py] => All params: 86044418
2026-01-11 14:38:39,335 [trainer.py] => Trainable params: 86044418
2026-01-11 14:38:39,341 [simplecil.py] => Learning on 120-130
2026-01-11 14:39:08,116 [trainer.py] => CNN: {'total': 42.41, '00-99': 48.6, '100-109': 16.4, '110-119': 33.46, '120-129': 15.58, '130-139': 70.0, '140-149': 78.0, '150-159': 72.0, '160-169': 86.0, '170-179': 84.0, '180-189': 74.0, '190-199': 80.0, 'old': 44.69, 'new': 15.58}
2026-01-11 14:39:08,117 [trainer.py] => CNN top1 curve: [49.56, 46.25, 44.88, 42.41]
2026-01-11 14:39:08,117 [trainer.py] => Average Accuracy (CNN): 45.78 

2026-01-11 14:39:08,117 [trainer.py] => All params: 86052098
2026-01-11 14:39:08,118 [trainer.py] => Trainable params: 86052098
2026-01-11 14:39:08,122 [simplecil.py] => Learning on 130-140
2026-01-11 14:39:37,917 [trainer.py] => CNN: {'total': 40.85, '00-99': 48.27, '100-109': 16.09, '110-119': 32.31, '120-129': 14.29, '130-139': 26.35, '140-149': 66.0, '150-159': 74.0, '160-169': 82.0, '170-179': 74.0, '180-189': 70.0, '190-199': 88.0, 'old': 41.95, 'new': 26.35}
2026-01-11 14:39:37,917 [trainer.py] => CNN top1 curve: [49.56, 46.25, 44.88, 42.41, 40.85]
2026-01-11 14:39:37,917 [trainer.py] => Average Accuracy (CNN): 44.79 

2026-01-11 14:39:37,918 [trainer.py] => All params: 86059778
2026-01-11 14:39:37,918 [trainer.py] => Trainable params: 86059778
2026-01-11 14:39:37,924 [simplecil.py] => Learning on 140-150
2026-01-11 14:40:07,879 [trainer.py] => CNN: {'total': 39.99, '00-99': 48.17, '100-109': 16.09, '110-119': 30.77, '120-129': 13.96, '130-139': 25.68, '140-149': 27.57, '150-159': 66.0, '160-169': 76.0, '170-179': 82.0, '180-189': 78.0, '190-199': 90.0, 'old': 40.62, 'new': 27.57}
2026-01-11 14:40:07,879 [trainer.py] => CNN top1 curve: [49.56, 46.25, 44.88, 42.41, 40.85, 39.99]
2026-01-11 14:40:07,879 [trainer.py] => Average Accuracy (CNN): 43.99 

2026-01-11 14:40:07,880 [trainer.py] => All params: 86067458
2026-01-11 14:40:07,880 [trainer.py] => Trainable params: 86067458
2026-01-11 14:40:07,885 [simplecil.py] => Learning on 150-160
2026-01-11 14:40:38,944 [trainer.py] => CNN: {'total': 38.47, '00-99': 48.08, '100-109': 16.09, '110-119': 30.0, '120-129': 13.96, '130-139': 25.0, '140-149': 27.57, '150-159': 15.33, '160-169': 86.0, '170-179': 70.0, '180-189': 70.0, '190-199': 92.0, 'old': 39.83, 'new': 15.33}
2026-01-11 14:40:38,944 [trainer.py] => CNN top1 curve: [49.56, 46.25, 44.88, 42.41, 40.85, 39.99, 38.47]
2026-01-11 14:40:38,944 [trainer.py] => Average Accuracy (CNN): 43.2 

2026-01-11 14:40:38,945 [trainer.py] => All params: 86075138
2026-01-11 14:40:38,945 [trainer.py] => Trainable params: 86075138
2026-01-11 14:40:38,947 [simplecil.py] => Learning on 160-170
2026-01-11 14:41:11,292 [trainer.py] => CNN: {'total': 38.15, '00-99': 48.04, '100-109': 16.09, '110-119': 27.31, '120-129': 13.64, '130-139': 23.65, '140-149': 27.57, '150-159': 13.41, '160-169': 39.03, '170-179': 74.0, '180-189': 80.0, '190-199': 90.0, 'old': 38.08, 'new': 39.03}
2026-01-11 14:41:11,292 [trainer.py] => CNN top1 curve: [49.56, 46.25, 44.88, 42.41, 40.85, 39.99, 38.47, 38.15]
2026-01-11 14:41:11,292 [trainer.py] => Average Accuracy (CNN): 42.57 

2026-01-11 14:41:11,293 [trainer.py] => All params: 86082818
2026-01-11 14:41:11,293 [trainer.py] => Trainable params: 86082818
2026-01-11 14:41:11,299 [simplecil.py] => Learning on 170-180
2026-01-11 14:41:44,557 [trainer.py] => CNN: {'total': 36.67, '00-99': 47.84, '100-109': 16.09, '110-119': 26.54, '120-129': 13.64, '130-139': 20.95, '140-149': 27.1, '150-159': 12.64, '160-169': 37.89, '170-179': 18.05, '180-189': 76.0, '190-199': 80.0, 'old': 37.69, 'new': 18.05}
2026-01-11 14:41:44,557 [trainer.py] => CNN top1 curve: [49.56, 46.25, 44.88, 42.41, 40.85, 39.99, 38.47, 38.15, 36.67]
2026-01-11 14:41:44,557 [trainer.py] => Average Accuracy (CNN): 41.91 

2026-01-11 14:41:44,558 [trainer.py] => All params: 86090498
2026-01-11 14:41:44,558 [trainer.py] => Trainable params: 86090498
2026-01-11 14:41:44,563 [simplecil.py] => Learning on 180-190
2026-01-11 14:42:18,145 [trainer.py] => CNN: {'total': 35.13, '00-99': 47.71, '100-109': 15.77, '110-119': 26.54, '120-129': 13.64, '130-139': 20.95, '140-149': 26.64, '150-159': 11.88, '160-169': 37.89, '170-179': 18.05, '180-189': 14.64, '190-199': 86.0, 'old': 36.52, 'new': 14.64}
2026-01-11 14:42:18,146 [trainer.py] => CNN top1 curve: [49.56, 46.25, 44.88, 42.41, 40.85, 39.99, 38.47, 38.15, 36.67, 35.13]
2026-01-11 14:42:18,146 [trainer.py] => Average Accuracy (CNN): 41.24 

2026-01-11 14:42:18,146 [trainer.py] => All params: 86098178
2026-01-11 14:42:18,147 [trainer.py] => Trainable params: 86098178
2026-01-11 14:42:18,152 [simplecil.py] => Learning on 190-200
2026-01-11 14:42:52,683 [trainer.py] => CNN: {'total': 34.1, '00-99': 47.35, '100-109': 15.46, '110-119': 25.77, '120-129': 12.66, '130-139': 20.61, '140-149': 26.17, '150-159': 11.49, '160-169': 37.89, '170-179': 18.05, '180-189': 13.81, '190-199': 22.86, 'old': 34.72, 'new': 22.86}
2026-01-11 14:42:52,683 [trainer.py] => CNN top1 curve: [49.56, 46.25, 44.88, 42.41, 40.85, 39.99, 38.47, 38.15, 36.67, 35.13, 34.1]
2026-01-11 14:42:52,683 [trainer.py] => Average Accuracy (CNN): 40.59 


================================================================================
Finished imagenetr_init100_inc10: vit_base_patch16_224_dino  
Base Accuracy: 49.56
Last Accuracy: 34.1
Average Accuracy (Top1): 40.59
PD: 15.46
Backward Transfer (BWT): -2.71
Accuracy Matrix (CNN):
[[49.56 80.   70.   66.   80.   76.   72.   86.   78.   66.   88.  ]
 [49.36 16.4  70.   78.   72.   72.   66.   76.   68.   74.   82.  ]
 [48.8  16.4  33.85 62.   74.   72.   74.   84.   80.   80.   88.  ]
 [48.6  16.4  33.46 15.58 70.   78.   72.   86.   84.   74.   80.  ]
 [48.27 16.09 32.31 14.29 26.35 66.   74.   82.   74.   70.   88.  ]
 [48.17 16.09 30.77 13.96 25.68 27.57 66.   76.   82.   78.   90.  ]
 [48.08 16.09 30.   13.96 25.   27.57 15.33 86.   70.   70.   92.  ]
 [48.04 16.09 27.31 13.64 23.65 27.57 13.41 39.03 74.   80.   90.  ]
 [47.84 16.09 26.54 13.64 20.95 27.1  12.64 37.89 18.05 76.   80.  ]
 [47.71 15.77 26.54 13.64 20.95 26.64 11.88 37.89 18.05 14.64 86.  ]
 [47.35 15.46 25.77 12.66 20.61 26.17 11.49 37.89 18.05 13.81 22.86]]
================================================================================

2026-01-11 14:42:56,571 [trainer.py] => config: ./configs/simplecil/dino/simplecil_mini_B60_Inc5.json
2026-01-11 14:42:56,592 [trainer.py] => prefix:  
2026-01-11 14:42:56,592 [trainer.py] => dataset: mini_imagenet
2026-01-11 14:42:56,592 [trainer.py] => memory_size: 0
2026-01-11 14:42:56,592 [trainer.py] => memory_per_class: 0
2026-01-11 14:42:56,592 [trainer.py] => fixed_memory: False
2026-01-11 14:42:56,592 [trainer.py] => shuffle: False
2026-01-11 14:42:56,592 [trainer.py] => init_cls: 60
2026-01-11 14:42:56,593 [trainer.py] => increment: 5
2026-01-11 14:42:56,593 [trainer.py] => model_name: simplecil
2026-01-11 14:42:56,593 [trainer.py] => backbone_type: vit_base_patch16_224_dino
2026-01-11 14:42:56,593 [trainer.py] => device: [device(type='cuda', index=1)]
2026-01-11 14:42:56,593 [trainer.py] => seed: 1993
2026-01-11 14:42:56,593 [trainer.py] => kshot: 5
2026-01-11 14:42:56,593 [trainer.py] => tuned_epoch: 1
2026-01-11 14:42:56,593 [trainer.py] => init_lr: 0.01
2026-01-11 14:42:56,593 [trainer.py] => batch_size: 48
2026-01-11 14:42:56,593 [trainer.py] => weight_decay: 0.05
2026-01-11 14:42:56,593 [trainer.py] => min_lr: 1e-08
2026-01-11 14:42:56,593 [trainer.py] => optimizer: sgd
2026-01-11 14:42:56,593 [trainer.py] => vpt_type: shallow
2026-01-11 14:42:56,593 [trainer.py] => prompt_token_num: 3
2026-01-11 14:42:56,593 [trainer.py] => gpu_models: ['NVIDIA A800 80GB PCIe']
2026-01-11 14:42:56,874 [data_manager.py] => [0, 1, 2, 3, 4, 5, 6, 7, 8, 9, 10, 11, 12, 13, 14, 15, 16, 17, 18, 19, 20, 21, 22, 23, 24, 25, 26, 27, 28, 29, 30, 31, 32, 33, 34, 35, 36, 37, 38, 39, 40, 41, 42, 43, 44, 45, 46, 47, 48, 49, 50, 51, 52, 53, 54, 55, 56, 57, 58, 59, 60, 61, 62, 63, 64, 65, 66, 67, 68, 69, 70, 71, 72, 73, 74, 75, 76, 77, 78, 79, 80, 81, 82, 83, 84, 85, 86, 87, 88, 89, 90, 91, 92, 93, 94, 95, 96, 97, 98, 99]
This is for the BaseNet initialization.
2026-01-11 14:43:02,529 [helpers.py] => Loading pretrained weights from url (https://dl.fbaipublicfiles.com/dino/dino_vitbase16_pretrain/dino_vitbase16_pretrain.pth)
After BaseNet initialization.
2026-01-11 14:43:03,571 [trainer.py] => All params: 85875457
2026-01-11 14:43:03,572 [trainer.py] => Trainable params: 85875457
2026-01-11 14:43:03,914 [simplecil.py] => Learning on 0-60
2026-01-11 14:46:40,364 [trainer.py] => CNN: {'total': 92.87, '00-59': 92.87, '60-64': 84.0, '65-69': 92.0, '70-74': 88.0, '75-79': 88.0, '80-84': 80.0, '85-89': 92.0, '90-94': 88.0, '95-99': 92.0, 'old': 0, 'new': 92.87}
2026-01-11 14:46:40,371 [trainer.py] => CNN top1 curve: [92.87]
2026-01-11 14:46:40,371 [trainer.py] => Average Accuracy (CNN): 92.87 

2026-01-11 14:46:40,372 [trainer.py] => All params: 85921538
2026-01-11 14:46:40,372 [trainer.py] => Trainable params: 85921538
2026-01-11 14:46:40,376 [simplecil.py] => Learning on 60-65
2026-01-11 14:47:20,944 [trainer.py] => CNN: {'total': 92.0, '00-59': 92.63, '60-64': 84.4, '65-69': 88.0, '70-74': 84.0, '75-79': 96.0, '80-84': 88.0, '85-89': 88.0, '90-94': 88.0, '95-99': 96.0, 'old': 92.63, 'new': 84.4}
2026-01-11 14:47:20,944 [trainer.py] => CNN top1 curve: [92.87, 92.0]
2026-01-11 14:47:20,944 [trainer.py] => Average Accuracy (CNN): 92.44 

2026-01-11 14:47:20,945 [trainer.py] => All params: 85925378
2026-01-11 14:47:20,945 [trainer.py] => Trainable params: 85925378
2026-01-11 14:47:20,950 [simplecil.py] => Learning on 65-70
2026-01-11 14:48:03,930 [trainer.py] => CNN: {'total': 89.97, '00-59': 92.48, '60-64': 84.4, '65-69': 65.4, '70-74': 80.0, '75-79': 84.0, '80-84': 92.0, '85-89': 92.0, '90-94': 96.0, '95-99': 96.0, 'old': 91.86, 'new': 65.4}
2026-01-11 14:48:03,930 [trainer.py] => CNN top1 curve: [92.87, 92.0, 89.97]
2026-01-11 14:48:03,930 [trainer.py] => Average Accuracy (CNN): 91.61 

2026-01-11 14:48:03,931 [trainer.py] => All params: 85929218
2026-01-11 14:48:03,931 [trainer.py] => Trainable params: 85929218
2026-01-11 14:48:03,936 [simplecil.py] => Learning on 70-75
2026-01-11 14:48:49,292 [trainer.py] => CNN: {'total': 89.43, '00-59': 92.38, '60-64': 84.0, '65-69': 65.2, '70-74': 83.6, '75-79': 84.0, '80-84': 84.0, '85-89': 88.0, '90-94': 96.0, '95-99': 96.0, 'old': 89.84, 'new': 83.6}
2026-01-11 14:48:49,293 [trainer.py] => CNN top1 curve: [92.87, 92.0, 89.97, 89.43]
2026-01-11 14:48:49,293 [trainer.py] => Average Accuracy (CNN): 91.07 

2026-01-11 14:48:49,293 [trainer.py] => All params: 85933058
2026-01-11 14:48:49,294 [trainer.py] => Trainable params: 85933058
2026-01-11 14:48:49,298 [simplecil.py] => Learning on 75-80
2026-01-11 14:49:37,493 [trainer.py] => CNN: {'total': 89.08, '00-59': 92.33, '60-64': 84.0, '65-69': 65.2, '70-74': 83.6, '75-79': 84.4, '80-84': 84.0, '85-89': 84.0, '90-94': 96.0, '95-99': 92.0, 'old': 89.39, 'new': 84.4}
2026-01-11 14:49:37,494 [trainer.py] => CNN top1 curve: [92.87, 92.0, 89.97, 89.43, 89.08]
2026-01-11 14:49:37,494 [trainer.py] => Average Accuracy (CNN): 90.67 

2026-01-11 14:49:37,494 [trainer.py] => All params: 85936898
2026-01-11 14:49:37,495 [trainer.py] => Trainable params: 85936898
2026-01-11 14:49:37,499 [simplecil.py] => Learning on 80-85
2026-01-11 14:50:27,267 [trainer.py] => CNN: {'total': 88.07, '00-59': 92.02, '60-64': 84.0, '65-69': 64.6, '70-74': 83.4, '75-79': 84.2, '80-84': 76.8, '85-89': 92.0, '90-94': 96.0, '95-99': 80.0, 'old': 88.78, 'new': 76.8}
2026-01-11 14:50:27,267 [trainer.py] => CNN top1 curve: [92.87, 92.0, 89.97, 89.43, 89.08, 88.07]
2026-01-11 14:50:27,267 [trainer.py] => Average Accuracy (CNN): 90.24 

2026-01-11 14:50:27,268 [trainer.py] => All params: 85940738
2026-01-11 14:50:27,268 [trainer.py] => Trainable params: 85940738
2026-01-11 14:50:27,274 [simplecil.py] => Learning on 85-90
2026-01-11 14:51:19,410 [trainer.py] => CNN: {'total': 86.98, '00-59': 91.72, '60-64': 83.8, '65-69': 63.6, '70-74': 83.4, '75-79': 83.8, '80-84': 76.6, '85-89': 73.8, '90-94': 92.0, '95-99': 96.0, 'old': 87.75, 'new': 73.8}
2026-01-11 14:51:19,410 [trainer.py] => CNN top1 curve: [92.87, 92.0, 89.97, 89.43, 89.08, 88.07, 86.98]
2026-01-11 14:51:19,410 [trainer.py] => Average Accuracy (CNN): 89.77 

2026-01-11 14:51:19,411 [trainer.py] => All params: 85944578
2026-01-11 14:51:19,411 [trainer.py] => Trainable params: 85944578
2026-01-11 14:51:19,416 [simplecil.py] => Learning on 90-95
2026-01-11 14:52:13,690 [trainer.py] => CNN: {'total': 85.86, '00-59': 91.6, '60-64': 82.0, '65-69': 63.6, '70-74': 83.4, '75-79': 83.6, '80-84': 76.6, '85-89': 73.0, '90-94': 70.0, '95-99': 96.0, 'old': 86.74, 'new': 70.0}
2026-01-11 14:52:13,690 [trainer.py] => CNN top1 curve: [92.87, 92.0, 89.97, 89.43, 89.08, 88.07, 86.98, 85.86]
2026-01-11 14:52:13,691 [trainer.py] => Average Accuracy (CNN): 89.28 

2026-01-11 14:52:13,691 [trainer.py] => All params: 85948418
2026-01-11 14:52:13,692 [trainer.py] => Trainable params: 85948418
2026-01-11 14:52:13,696 [simplecil.py] => Learning on 95-100
2026-01-11 14:53:09,477 [trainer.py] => CNN: {'total': 85.89, '00-59': 91.38, '60-64': 82.0, '65-69': 63.6, '70-74': 83.4, '75-79': 83.6, '80-84': 76.6, '85-89': 72.8, '90-94': 69.2, '95-99': 90.0, 'old': 85.67, 'new': 90.0}
2026-01-11 14:53:09,477 [trainer.py] => CNN top1 curve: [92.87, 92.0, 89.97, 89.43, 89.08, 88.07, 86.98, 85.86, 85.89]
2026-01-11 14:53:09,477 [trainer.py] => Average Accuracy (CNN): 88.91 


================================================================================
Finished mini_imagenet_init60_inc5: vit_base_patch16_224_dino  
Base Accuracy: 92.87
Last Accuracy: 85.89
Average Accuracy (Top1): 88.91
PD: 6.98
Backward Transfer (BWT): -1.09
Accuracy Matrix (CNN):
[[92.87 84.   92.   88.   88.   80.   92.   88.   92.  ]
 [92.63 84.4  88.   84.   96.   88.   88.   88.   96.  ]
 [92.48 84.4  65.4  80.   84.   92.   92.   96.   96.  ]
 [92.38 84.   65.2  83.6  84.   84.   88.   96.   96.  ]
 [92.33 84.   65.2  83.6  84.4  84.   84.   96.   92.  ]
 [92.02 84.   64.6  83.4  84.2  76.8  92.   96.   80.  ]
 [91.72 83.8  63.6  83.4  83.8  76.6  73.8  92.   96.  ]
 [91.6  82.   63.6  83.4  83.6  76.6  73.   70.   96.  ]
 [91.38 82.   63.6  83.4  83.6  76.6  72.8  69.2  90.  ]]
================================================================================

2026-01-11 14:53:29,744 [trainer.py] => config: ./configs/simplecil/L16/simplecil_cub_B100_Inc10.json
2026-01-11 14:53:29,759 [trainer.py] => prefix:  
2026-01-11 14:53:29,760 [trainer.py] => dataset: cub
2026-01-11 14:53:29,760 [trainer.py] => memory_size: 0
2026-01-11 14:53:29,760 [trainer.py] => memory_per_class: 0
2026-01-11 14:53:29,760 [trainer.py] => fixed_memory: False
2026-01-11 14:53:29,760 [trainer.py] => shuffle: False
2026-01-11 14:53:29,760 [trainer.py] => init_cls: 100
2026-01-11 14:53:29,760 [trainer.py] => increment: 10
2026-01-11 14:53:29,760 [trainer.py] => model_name: simplecil
2026-01-11 14:53:29,760 [trainer.py] => backbone_type: vit_large_patch16_224
2026-01-11 14:53:29,760 [trainer.py] => device: [device(type='cuda', index=1)]
2026-01-11 14:53:29,760 [trainer.py] => seed: 1993
2026-01-11 14:53:29,760 [trainer.py] => kshot: 5
2026-01-11 14:53:29,760 [trainer.py] => tuned_epoch: 1
2026-01-11 14:53:29,760 [trainer.py] => init_lr: 0.01
2026-01-11 14:53:29,760 [trainer.py] => batch_size: 256
2026-01-11 14:53:29,760 [trainer.py] => weight_decay: 0.05
2026-01-11 14:53:29,760 [trainer.py] => min_lr: 1e-08
2026-01-11 14:53:29,760 [trainer.py] => optimizer: sgd
2026-01-11 14:53:29,760 [trainer.py] => vpt_type: shallow
2026-01-11 14:53:29,760 [trainer.py] => prompt_token_num: 3
2026-01-11 14:53:29,760 [trainer.py] => gpu_models: ['NVIDIA A800 80GB PCIe']
2026-01-11 14:53:30,235 [data_manager.py] => [0, 1, 2, 3, 4, 5, 6, 7, 8, 9, 10, 11, 12, 13, 14, 15, 16, 17, 18, 19, 20, 21, 22, 23, 24, 25, 26, 27, 28, 29, 30, 31, 32, 33, 34, 35, 36, 37, 38, 39, 40, 41, 42, 43, 44, 45, 46, 47, 48, 49, 50, 51, 52, 53, 54, 55, 56, 57, 58, 59, 60, 61, 62, 63, 64, 65, 66, 67, 68, 69, 70, 71, 72, 73, 74, 75, 76, 77, 78, 79, 80, 81, 82, 83, 84, 85, 86, 87, 88, 89, 90, 91, 92, 93, 94, 95, 96, 97, 98, 99, 100, 101, 102, 103, 104, 105, 106, 107, 108, 109, 110, 111, 112, 113, 114, 115, 116, 117, 118, 119, 120, 121, 122, 123, 124, 125, 126, 127, 128, 129, 130, 131, 132, 133, 134, 135, 136, 137, 138, 139, 140, 141, 142, 143, 144, 145, 146, 147, 148, 149, 150, 151, 152, 153, 154, 155, 156, 157, 158, 159, 160, 161, 162, 163, 164, 165, 166, 167, 168, 169, 170, 171, 172, 173, 174, 175, 176, 177, 178, 179, 180, 181, 182, 183, 184, 185, 186, 187, 188, 189, 190, 191, 192, 193, 194, 195, 196, 197, 198, 199]
This is for the BaseNet initialization.
After BaseNet initialization.
2026-01-11 14:53:51,342 [trainer.py] => All params: 303506433
2026-01-11 14:53:51,343 [trainer.py] => Trainable params: 303506433
2026-01-11 14:53:51,626 [simplecil.py] => Learning on 0-100
2026-01-11 14:56:08,037 [trainer.py] => CNN: {'total': 84.03, '00-99': 84.03, '100-109': 90.0, '110-119': 84.0, '120-129': 74.0, '130-139': 86.0, '140-149': 76.0, '150-159': 78.0, '160-169': 84.0, '170-179': 76.0, '180-189': 80.0, '190-199': 90.0, 'old': 0, 'new': 84.03}
2026-01-11 14:56:08,038 [trainer.py] => CNN top1 curve: [84.03]
2026-01-11 14:56:08,038 [trainer.py] => Average Accuracy (CNN): 84.03 

2026-01-11 14:56:08,041 [trainer.py] => All params: 303608834
2026-01-11 14:56:08,044 [trainer.py] => Trainable params: 303608834
2026-01-11 14:56:08,051 [simplecil.py] => Learning on 100-110
2026-01-11 14:56:51,222 [trainer.py] => CNN: {'total': 82.83, '00-99': 83.69, '100-109': 72.73, '110-119': 74.0, '120-129': 84.0, '130-139': 96.0, '140-149': 82.0, '150-159': 86.0, '160-169': 78.0, '170-179': 90.0, '180-189': 76.0, '190-199': 90.0, 'old': 83.69, 'new': 72.73}
2026-01-11 14:56:51,223 [trainer.py] => CNN top1 curve: [84.03, 82.83]
2026-01-11 14:56:51,223 [trainer.py] => Average Accuracy (CNN): 83.43 

2026-01-11 14:56:51,224 [trainer.py] => All params: 303619074
2026-01-11 14:56:51,225 [trainer.py] => Trainable params: 303619074
2026-01-11 14:56:51,229 [simplecil.py] => Learning on 110-120
2026-01-11 14:57:34,399 [trainer.py] => CNN: {'total': 81.77, '00-99': 83.69, '100-109': 72.73, '110-119': 70.73, '120-129': 82.0, '130-139': 88.0, '140-149': 80.0, '150-159': 86.0, '160-169': 76.0, '170-179': 92.0, '180-189': 88.0, '190-199': 98.0, 'old': 82.83, 'new': 70.73}
2026-01-11 14:57:34,399 [trainer.py] => CNN top1 curve: [84.03, 82.83, 81.77]
2026-01-11 14:57:34,399 [trainer.py] => Average Accuracy (CNN): 82.88 

2026-01-11 14:57:34,400 [trainer.py] => All params: 303629314
2026-01-11 14:57:34,401 [trainer.py] => Trainable params: 303629314
2026-01-11 14:57:34,406 [simplecil.py] => Learning on 120-130
2026-01-11 14:58:17,057 [trainer.py] => CNN: {'total': 81.0, '00-99': 83.69, '100-109': 72.73, '110-119': 69.92, '120-129': 72.32, '130-139': 90.0, '140-149': 82.0, '150-159': 84.0, '160-169': 84.0, '170-179': 86.0, '180-189': 88.0, '190-199': 92.0, 'old': 81.69, 'new': 72.32}
2026-01-11 14:58:17,057 [trainer.py] => CNN top1 curve: [84.03, 82.83, 81.77, 81.0]
2026-01-11 14:58:17,057 [trainer.py] => Average Accuracy (CNN): 82.41 

2026-01-11 14:58:17,058 [trainer.py] => All params: 303639554
2026-01-11 14:58:17,059 [trainer.py] => Trainable params: 303639554
2026-01-11 14:58:17,065 [simplecil.py] => Learning on 130-140
2026-01-11 14:59:00,686 [trainer.py] => CNN: {'total': 79.69, '00-99': 83.69, '100-109': 72.73, '110-119': 69.92, '120-129': 71.43, '130-139': 65.38, '140-149': 82.0, '150-159': 74.0, '160-169': 72.0, '170-179': 80.0, '180-189': 86.0, '190-199': 94.0, 'old': 80.93, 'new': 65.38}
2026-01-11 14:59:00,686 [trainer.py] => CNN top1 curve: [84.03, 82.83, 81.77, 81.0, 79.69]
2026-01-11 14:59:00,686 [trainer.py] => Average Accuracy (CNN): 81.86 

2026-01-11 14:59:00,687 [trainer.py] => All params: 303649794
2026-01-11 14:59:00,688 [trainer.py] => Trainable params: 303649794
2026-01-11 14:59:00,692 [simplecil.py] => Learning on 140-150
2026-01-11 14:59:44,391 [trainer.py] => CNN: {'total': 77.93, '00-99': 83.43, '100-109': 72.73, '110-119': 69.92, '120-129': 71.43, '130-139': 65.38, '140-149': 55.26, '150-159': 86.0, '160-169': 84.0, '170-179': 88.0, '180-189': 94.0, '190-199': 90.0, 'old': 79.51, 'new': 55.26}
2026-01-11 14:59:44,391 [trainer.py] => CNN top1 curve: [84.03, 82.83, 81.77, 81.0, 79.69, 77.93]
2026-01-11 14:59:44,391 [trainer.py] => Average Accuracy (CNN): 81.21 

2026-01-11 14:59:44,392 [trainer.py] => All params: 303660034
2026-01-11 14:59:44,393 [trainer.py] => Trainable params: 303660034
2026-01-11 14:59:44,397 [simplecil.py] => Learning on 150-160
2026-01-11 15:00:27,779 [trainer.py] => CNN: {'total': 77.03, '00-99': 83.35, '100-109': 72.73, '110-119': 69.92, '120-129': 71.43, '130-139': 65.38, '140-149': 55.26, '150-159': 63.64, '160-169': 64.0, '170-179': 86.0, '180-189': 80.0, '190-199': 98.0, 'old': 77.87, 'new': 63.64}
2026-01-11 15:00:27,779 [trainer.py] => CNN top1 curve: [84.03, 82.83, 81.77, 81.0, 79.69, 77.93, 77.03]
2026-01-11 15:00:27,779 [trainer.py] => Average Accuracy (CNN): 80.61 

2026-01-11 15:00:27,780 [trainer.py] => All params: 303670274
2026-01-11 15:00:27,781 [trainer.py] => Trainable params: 303670274
2026-01-11 15:00:27,787 [simplecil.py] => Learning on 160-170
2026-01-11 15:01:11,269 [trainer.py] => CNN: {'total': 76.96, '00-99': 83.35, '100-109': 72.73, '110-119': 69.92, '120-129': 70.54, '130-139': 65.38, '140-149': 55.26, '150-159': 58.18, '160-169': 81.2, '170-179': 86.0, '180-189': 94.0, '190-199': 96.0, 'old': 76.65, 'new': 81.2}
2026-01-11 15:01:11,269 [trainer.py] => CNN top1 curve: [84.03, 82.83, 81.77, 81.0, 79.69, 77.93, 77.03, 76.96]
2026-01-11 15:01:11,269 [trainer.py] => Average Accuracy (CNN): 80.16 

2026-01-11 15:01:11,270 [trainer.py] => All params: 303680514
2026-01-11 15:01:11,271 [trainer.py] => Trainable params: 303680514
2026-01-11 15:01:11,276 [simplecil.py] => Learning on 170-180
2026-01-11 15:01:54,286 [trainer.py] => CNN: {'total': 76.19, '00-99': 83.35, '100-109': 72.73, '110-119': 69.92, '120-129': 69.64, '130-139': 65.38, '140-149': 55.26, '150-159': 58.18, '160-169': 72.93, '170-179': 73.55, '180-189': 96.0, '190-199': 92.0, 'old': 76.36, 'new': 73.55}
2026-01-11 15:01:54,287 [trainer.py] => CNN top1 curve: [84.03, 82.83, 81.77, 81.0, 79.69, 77.93, 77.03, 76.96, 76.19]
2026-01-11 15:01:54,287 [trainer.py] => Average Accuracy (CNN): 79.71 

2026-01-11 15:01:54,288 [trainer.py] => All params: 303690754
2026-01-11 15:01:54,289 [trainer.py] => Trainable params: 303690754
2026-01-11 15:01:54,294 [simplecil.py] => Learning on 180-190
2026-01-11 15:02:37,467 [trainer.py] => CNN: {'total': 76.29, '00-99': 83.35, '100-109': 72.73, '110-119': 69.92, '120-129': 69.64, '130-139': 65.38, '140-149': 55.26, '150-159': 58.18, '160-169': 72.18, '170-179': 73.55, '180-189': 78.69, '190-199': 92.0, 'old': 76.15, 'new': 78.69}
2026-01-11 15:02:37,467 [trainer.py] => CNN top1 curve: [84.03, 82.83, 81.77, 81.0, 79.69, 77.93, 77.03, 76.96, 76.19, 76.29]
2026-01-11 15:02:37,467 [trainer.py] => Average Accuracy (CNN): 79.37 

2026-01-11 15:02:37,468 [trainer.py] => All params: 303700994
2026-01-11 15:02:37,469 [trainer.py] => Trainable params: 303700994
2026-01-11 15:02:37,474 [simplecil.py] => Learning on 190-200
2026-01-11 15:03:19,867 [trainer.py] => CNN: {'total': 76.76, '00-99': 83.35, '100-109': 72.73, '110-119': 69.92, '120-129': 69.64, '130-139': 65.38, '140-149': 55.26, '150-159': 58.18, '160-169': 72.18, '170-179': 72.73, '180-189': 78.69, '190-199': 86.18, 'old': 76.24, 'new': 86.18}
2026-01-11 15:03:19,867 [trainer.py] => CNN top1 curve: [84.03, 82.83, 81.77, 81.0, 79.69, 77.93, 77.03, 76.96, 76.19, 76.29, 76.76]
2026-01-11 15:03:19,867 [trainer.py] => Average Accuracy (CNN): 79.13 


================================================================================
Finished cub_init100_inc10: vit_large_patch16_224  
Base Accuracy: 84.03
Last Accuracy: 76.76
Average Accuracy (Top1): 79.13
PD: 7.27
Backward Transfer (BWT): -1.95
Accuracy Matrix (CNN):
[[84.03 90.   84.   74.   86.   76.   78.   84.   76.   80.   90.  ]
 [83.69 72.73 74.   84.   96.   82.   86.   78.   90.   76.   90.  ]
 [83.69 72.73 70.73 82.   88.   80.   86.   76.   92.   88.   98.  ]
 [83.69 72.73 69.92 72.32 90.   82.   84.   84.   86.   88.   92.  ]
 [83.69 72.73 69.92 71.43 65.38 82.   74.   72.   80.   86.   94.  ]
 [83.43 72.73 69.92 71.43 65.38 55.26 86.   84.   88.   94.   90.  ]
 [83.35 72.73 69.92 71.43 65.38 55.26 63.64 64.   86.   80.   98.  ]
 [83.35 72.73 69.92 70.54 65.38 55.26 58.18 81.2  86.   94.   96.  ]
 [83.35 72.73 69.92 69.64 65.38 55.26 58.18 72.93 73.55 96.   92.  ]
 [83.35 72.73 69.92 69.64 65.38 55.26 58.18 72.18 73.55 78.69 92.  ]
 [83.35 72.73 69.92 69.64 65.38 55.26 58.18 72.18 72.73 78.69 86.18]]
================================================================================

2026-01-11 15:03:23,682 [trainer.py] => config: ./configs/simplecil/L16/simplecil_cifar_B60_Inc5.json
2026-01-11 15:03:23,700 [trainer.py] => prefix:  
2026-01-11 15:03:23,700 [trainer.py] => dataset: cifar224
2026-01-11 15:03:23,700 [trainer.py] => memory_size: 0
2026-01-11 15:03:23,700 [trainer.py] => memory_per_class: 0
2026-01-11 15:03:23,700 [trainer.py] => fixed_memory: False
2026-01-11 15:03:23,700 [trainer.py] => shuffle: False
2026-01-11 15:03:23,700 [trainer.py] => init_cls: 60
2026-01-11 15:03:23,700 [trainer.py] => increment: 5
2026-01-11 15:03:23,700 [trainer.py] => model_name: simplecil
2026-01-11 15:03:23,700 [trainer.py] => backbone_type: vit_large_patch16_224
2026-01-11 15:03:23,700 [trainer.py] => device: [device(type='cuda', index=1)]
2026-01-11 15:03:23,700 [trainer.py] => seed: 1993
2026-01-11 15:03:23,700 [trainer.py] => kshot: 5
2026-01-11 15:03:23,700 [trainer.py] => tuned_epoch: 1
2026-01-11 15:03:23,700 [trainer.py] => init_lr: 0.01
2026-01-11 15:03:23,700 [trainer.py] => batch_size: 48
2026-01-11 15:03:23,700 [trainer.py] => weight_decay: 0.05
2026-01-11 15:03:23,700 [trainer.py] => min_lr: 1e-08
2026-01-11 15:03:23,700 [trainer.py] => optimizer: sgd
2026-01-11 15:03:23,700 [trainer.py] => vpt_type: shallow
2026-01-11 15:03:23,700 [trainer.py] => prompt_token_num: 3
2026-01-11 15:03:23,700 [trainer.py] => gpu_models: ['NVIDIA A800 80GB PCIe']
2026-01-11 15:03:24,908 [data_manager.py] => [0, 1, 2, 3, 4, 5, 6, 7, 8, 9, 10, 11, 12, 13, 14, 15, 16, 17, 18, 19, 20, 21, 22, 23, 24, 25, 26, 27, 28, 29, 30, 31, 32, 33, 34, 35, 36, 37, 38, 39, 40, 41, 42, 43, 44, 45, 46, 47, 48, 49, 50, 51, 52, 53, 54, 55, 56, 57, 58, 59, 60, 61, 62, 63, 64, 65, 66, 67, 68, 69, 70, 71, 72, 73, 74, 75, 76, 77, 78, 79, 80, 81, 82, 83, 84, 85, 86, 87, 88, 89, 90, 91, 92, 93, 94, 95, 96, 97, 98, 99]
This is for the BaseNet initialization.
After BaseNet initialization.
2026-01-11 15:03:38,766 [trainer.py] => All params: 303404033
2026-01-11 15:03:38,767 [trainer.py] => Trainable params: 303404033
2026-01-11 15:03:39,013 [simplecil.py] => Learning on 0-60
2026-01-11 15:14:15,746 [trainer.py] => CNN: {'total': 84.42, '00-59': 84.42, '60-64': 96.0, '65-69': 68.0, '70-74': 72.0, '75-79': 72.0, '80-84': 92.0, '85-89': 88.0, '90-94': 84.0, '95-99': 68.0, 'old': 0, 'new': 84.42}
2026-01-11 15:14:15,746 [trainer.py] => CNN top1 curve: [84.42]
2026-01-11 15:14:15,746 [trainer.py] => Average Accuracy (CNN): 84.42 

2026-01-11 15:14:15,747 [trainer.py] => All params: 303465474
2026-01-11 15:14:15,748 [trainer.py] => Trainable params: 303465474
2026-01-11 15:14:15,752 [simplecil.py] => Learning on 60-65
2026-01-11 15:16:15,811 [trainer.py] => CNN: {'total': 83.45, '00-59': 83.75, '60-64': 79.8, '65-69': 72.0, '70-74': 92.0, '75-79': 72.0, '80-84': 72.0, '85-89': 92.0, '90-94': 80.0, '95-99': 72.0, 'old': 83.75, 'new': 79.8}
2026-01-11 15:16:15,811 [trainer.py] => CNN top1 curve: [84.42, 83.45]
2026-01-11 15:16:15,812 [trainer.py] => Average Accuracy (CNN): 83.94 

2026-01-11 15:16:15,812 [trainer.py] => All params: 303470594
2026-01-11 15:16:15,813 [trainer.py] => Trainable params: 303470594
2026-01-11 15:16:15,817 [simplecil.py] => Learning on 65-70
2026-01-11 15:18:23,217 [trainer.py] => CNN: {'total': 82.47, '00-59': 83.1, '60-64': 78.2, '65-69': 79.2, '70-74': 76.0, '75-79': 80.0, '80-84': 88.0, '85-89': 68.0, '90-94': 72.0, '95-99': 76.0, 'old': 82.72, 'new': 79.2}
2026-01-11 15:18:23,217 [trainer.py] => CNN top1 curve: [84.42, 83.45, 82.47]
2026-01-11 15:18:23,217 [trainer.py] => Average Accuracy (CNN): 83.45 

2026-01-11 15:18:23,218 [trainer.py] => All params: 303475714
2026-01-11 15:18:23,219 [trainer.py] => Trainable params: 303475714
2026-01-11 15:18:23,224 [simplecil.py] => Learning on 70-75
2026-01-11 15:20:37,826 [trainer.py] => CNN: {'total': 80.16, '00-59': 82.18, '60-64': 75.2, '65-69': 77.0, '70-74': 64.0, '75-79': 88.0, '80-84': 76.0, '85-89': 84.0, '90-94': 72.0, '95-99': 88.0, 'old': 81.31, 'new': 64.0}
2026-01-11 15:20:37,827 [trainer.py] => CNN top1 curve: [84.42, 83.45, 82.47, 80.16]
2026-01-11 15:20:37,827 [trainer.py] => Average Accuracy (CNN): 82.62 

2026-01-11 15:20:37,828 [trainer.py] => All params: 303480834
2026-01-11 15:20:37,829 [trainer.py] => Trainable params: 303480834
2026-01-11 15:20:37,833 [simplecil.py] => Learning on 75-80
2026-01-11 15:22:59,648 [trainer.py] => CNN: {'total': 79.68, '00-59': 82.1, '60-64': 75.2, '65-69': 77.0, '70-74': 64.0, '75-79': 73.4, '80-84': 80.0, '85-89': 64.0, '90-94': 60.0, '95-99': 80.0, 'old': 80.09, 'new': 73.4}
2026-01-11 15:22:59,648 [trainer.py] => CNN top1 curve: [84.42, 83.45, 82.47, 80.16, 79.68]
2026-01-11 15:22:59,648 [trainer.py] => Average Accuracy (CNN): 82.04 

2026-01-11 15:22:59,649 [trainer.py] => All params: 303485954
2026-01-11 15:22:59,650 [trainer.py] => Trainable params: 303485954
2026-01-11 15:22:59,651 [simplecil.py] => Learning on 80-85
2026-01-11 15:25:29,414 [trainer.py] => CNN: {'total': 78.44, '00-59': 81.8, '60-64': 74.0, '65-69': 77.0, '70-74': 63.4, '75-79': 73.2, '80-84': 64.2, '85-89': 72.0, '90-94': 84.0, '95-99': 76.0, 'old': 79.32, 'new': 64.2}
2026-01-11 15:25:29,415 [trainer.py] => CNN top1 curve: [84.42, 83.45, 82.47, 80.16, 79.68, 78.44]
2026-01-11 15:25:29,415 [trainer.py] => Average Accuracy (CNN): 81.44 

2026-01-11 15:25:29,416 [trainer.py] => All params: 303491074
2026-01-11 15:25:29,417 [trainer.py] => Trainable params: 303491074
2026-01-11 15:25:29,423 [simplecil.py] => Learning on 85-90
2026-01-11 15:28:06,240 [trainer.py] => CNN: {'total': 77.94, '00-59': 81.63, '60-64': 73.8, '65-69': 77.0, '70-74': 63.4, '75-79': 73.2, '80-84': 64.2, '85-89': 71.8, '90-94': 84.0, '95-99': 96.0, 'old': 78.31, 'new': 71.8}
2026-01-11 15:28:06,240 [trainer.py] => CNN top1 curve: [84.42, 83.45, 82.47, 80.16, 79.68, 78.44, 77.94]
2026-01-11 15:28:06,240 [trainer.py] => Average Accuracy (CNN): 80.94 

2026-01-11 15:28:06,241 [trainer.py] => All params: 303496194
2026-01-11 15:28:06,242 [trainer.py] => Trainable params: 303496194
2026-01-11 15:28:06,247 [simplecil.py] => Learning on 90-95
2026-01-11 15:30:51,014 [trainer.py] => CNN: {'total': 76.88, '00-59': 81.42, '60-64': 73.8, '65-69': 77.0, '70-74': 63.2, '75-79': 73.2, '80-84': 61.2, '85-89': 71.2, '90-94': 64.2, '95-99': 68.0, 'old': 77.59, 'new': 64.2}
2026-01-11 15:30:51,014 [trainer.py] => CNN top1 curve: [84.42, 83.45, 82.47, 80.16, 79.68, 78.44, 77.94, 76.88]
2026-01-11 15:30:51,014 [trainer.py] => Average Accuracy (CNN): 80.43 

2026-01-11 15:30:51,015 [trainer.py] => All params: 303501314
2026-01-11 15:30:51,016 [trainer.py] => Trainable params: 303501314
2026-01-11 15:30:51,021 [simplecil.py] => Learning on 95-100
2026-01-11 15:33:42,333 [trainer.py] => CNN: {'total': 73.36, '00-59': 77.22, '60-64': 70.2, '65-69': 75.0, '70-74': 62.4, '75-79': 71.6, '80-84': 59.2, '85-89': 70.0, '90-94': 63.8, '95-99': 68.4, 'old': 73.62, 'new': 68.4}
2026-01-11 15:33:42,334 [trainer.py] => CNN top1 curve: [84.42, 83.45, 82.47, 80.16, 79.68, 78.44, 77.94, 76.88, 73.36]
2026-01-11 15:33:42,334 [trainer.py] => Average Accuracy (CNN): 79.64 


================================================================================
Finished cifar224_init60_inc5: vit_large_patch16_224  
Base Accuracy: 84.42
Last Accuracy: 73.36
Average Accuracy (Top1): 79.64
PD: 11.06
Backward Transfer (BWT): -3.95
Accuracy Matrix (CNN):
[[84.42 96.   68.   72.   72.   92.   88.   84.   68.  ]
 [83.75 79.8  72.   92.   72.   72.   92.   80.   72.  ]
 [83.1  78.2  79.2  76.   80.   88.   68.   72.   76.  ]
 [82.18 75.2  77.   64.   88.   76.   84.   72.   88.  ]
 [82.1  75.2  77.   64.   73.4  80.   64.   60.   80.  ]
 [81.8  74.   77.   63.4  73.2  64.2  72.   84.   76.  ]
 [81.63 73.8  77.   63.4  73.2  64.2  71.8  84.   96.  ]
 [81.42 73.8  77.   63.2  73.2  61.2  71.2  64.2  68.  ]
 [77.22 70.2  75.   62.4  71.6  59.2  70.   63.8  68.4 ]]
================================================================================

2026-01-11 15:33:47,991 [trainer.py] => config: ./configs/simplecil/L16/simplecil_inr_B100_Inc10.json
2026-01-11 15:33:48,003 [trainer.py] => prefix:  
2026-01-11 15:33:48,003 [trainer.py] => dataset: imagenetr
2026-01-11 15:33:48,003 [trainer.py] => memory_size: 0
2026-01-11 15:33:48,003 [trainer.py] => memory_per_class: 0
2026-01-11 15:33:48,003 [trainer.py] => fixed_memory: False
2026-01-11 15:33:48,003 [trainer.py] => shuffle: False
2026-01-11 15:33:48,003 [trainer.py] => init_cls: 100
2026-01-11 15:33:48,003 [trainer.py] => increment: 10
2026-01-11 15:33:48,004 [trainer.py] => model_name: simplecil
2026-01-11 15:33:48,004 [trainer.py] => backbone_type: vit_large_patch16_224
2026-01-11 15:33:48,004 [trainer.py] => device: [device(type='cuda', index=1)]
2026-01-11 15:33:48,004 [trainer.py] => seed: 1993
2026-01-11 15:33:48,004 [trainer.py] => kshot: 5
2026-01-11 15:33:48,004 [trainer.py] => tuned_epoch: 1
2026-01-11 15:33:48,004 [trainer.py] => init_lr: 0.01
2026-01-11 15:33:48,004 [trainer.py] => batch_size: 48
2026-01-11 15:33:48,004 [trainer.py] => weight_decay: 0.05
2026-01-11 15:33:48,004 [trainer.py] => min_lr: 1e-08
2026-01-11 15:33:48,004 [trainer.py] => optimizer: sgd
2026-01-11 15:33:48,004 [trainer.py] => vpt_type: shallow
2026-01-11 15:33:48,004 [trainer.py] => prompt_token_num: 3
2026-01-11 15:33:48,004 [trainer.py] => gpu_models: ['NVIDIA A800 80GB PCIe']
2026-01-11 15:33:48,709 [data_manager.py] => [0, 1, 2, 3, 4, 5, 6, 7, 8, 9, 10, 11, 12, 13, 14, 15, 16, 17, 18, 19, 20, 21, 22, 23, 24, 25, 26, 27, 28, 29, 30, 31, 32, 33, 34, 35, 36, 37, 38, 39, 40, 41, 42, 43, 44, 45, 46, 47, 48, 49, 50, 51, 52, 53, 54, 55, 56, 57, 58, 59, 60, 61, 62, 63, 64, 65, 66, 67, 68, 69, 70, 71, 72, 73, 74, 75, 76, 77, 78, 79, 80, 81, 82, 83, 84, 85, 86, 87, 88, 89, 90, 91, 92, 93, 94, 95, 96, 97, 98, 99, 100, 101, 102, 103, 104, 105, 106, 107, 108, 109, 110, 111, 112, 113, 114, 115, 116, 117, 118, 119, 120, 121, 122, 123, 124, 125, 126, 127, 128, 129, 130, 131, 132, 133, 134, 135, 136, 137, 138, 139, 140, 141, 142, 143, 144, 145, 146, 147, 148, 149, 150, 151, 152, 153, 154, 155, 156, 157, 158, 159, 160, 161, 162, 163, 164, 165, 166, 167, 168, 169, 170, 171, 172, 173, 174, 175, 176, 177, 178, 179, 180, 181, 182, 183, 184, 185, 186, 187, 188, 189, 190, 191, 192, 193, 194, 195, 196, 197, 198, 199]
This is for the BaseNet initialization.
After BaseNet initialization.
2026-01-11 15:34:06,710 [trainer.py] => All params: 303506433
2026-01-11 15:34:06,717 [trainer.py] => Trainable params: 303506433
2026-01-11 15:34:07,017 [simplecil.py] => Learning on 0-100
2026-01-11 15:40:40,762 [trainer.py] => CNN: {'total': 71.9, '00-99': 71.9, '100-109': 86.0, '110-119': 82.0, '120-129': 70.0, '130-139': 82.0, '140-149': 84.0, '150-159': 72.0, '160-169': 92.0, '170-179': 84.0, '180-189': 92.0, '190-199': 82.0, 'old': 0, 'new': 71.9}
2026-01-11 15:40:40,767 [trainer.py] => CNN top1 curve: [71.9]
2026-01-11 15:40:40,767 [trainer.py] => Average Accuracy (CNN): 71.9 

2026-01-11 15:40:40,768 [trainer.py] => All params: 303608834
2026-01-11 15:40:40,769 [trainer.py] => Trainable params: 303608834
2026-01-11 15:40:40,780 [simplecil.py] => Learning on 100-110
2026-01-11 15:42:22,836 [trainer.py] => CNN: {'total': 68.65, '00-99': 71.7, '100-109': 39.43, '110-119': 88.0, '120-129': 84.0, '130-139': 82.0, '140-149': 80.0, '150-159': 78.0, '160-169': 88.0, '170-179': 88.0, '180-189': 92.0, '190-199': 88.0, 'old': 71.7, 'new': 39.43}
2026-01-11 15:42:22,836 [trainer.py] => CNN top1 curve: [71.9, 68.65]
2026-01-11 15:42:22,836 [trainer.py] => Average Accuracy (CNN): 70.28 

2026-01-11 15:42:22,837 [trainer.py] => All params: 303619074
2026-01-11 15:42:22,838 [trainer.py] => Trainable params: 303619074
2026-01-11 15:42:22,847 [simplecil.py] => Learning on 110-120
2026-01-11 15:44:12,100 [trainer.py] => CNN: {'total': 67.95, '00-99': 71.54, '100-109': 38.49, '110-119': 61.92, '120-129': 84.0, '130-139': 86.0, '140-149': 92.0, '150-159': 80.0, '160-169': 94.0, '170-179': 88.0, '180-189': 92.0, '190-199': 82.0, 'old': 68.41, 'new': 61.92}
2026-01-11 15:44:12,100 [trainer.py] => CNN top1 curve: [71.9, 68.65, 67.95]
2026-01-11 15:44:12,100 [trainer.py] => Average Accuracy (CNN): 69.5 

2026-01-11 15:44:12,102 [trainer.py] => All params: 303629314
2026-01-11 15:44:12,103 [trainer.py] => Trainable params: 303629314
2026-01-11 15:44:12,110 [simplecil.py] => Learning on 120-130
2026-01-11 15:46:03,759 [trainer.py] => CNN: {'total': 65.9, '00-99': 71.44, '100-109': 38.49, '110-119': 60.77, '120-129': 43.83, '130-139': 78.0, '140-149': 82.0, '150-159': 82.0, '160-169': 94.0, '170-179': 90.0, '180-189': 94.0, '190-199': 92.0, 'old': 67.78, 'new': 43.83}
2026-01-11 15:46:03,759 [trainer.py] => CNN top1 curve: [71.9, 68.65, 67.95, 65.9]
2026-01-11 15:46:03,759 [trainer.py] => Average Accuracy (CNN): 68.6 

2026-01-11 15:46:03,761 [trainer.py] => All params: 303639554
2026-01-11 15:46:03,762 [trainer.py] => Trainable params: 303639554
2026-01-11 15:46:03,770 [simplecil.py] => Learning on 130-140
2026-01-11 15:48:00,328 [trainer.py] => CNN: {'total': 65.33, '00-99': 71.34, '100-109': 38.49, '110-119': 57.69, '120-129': 42.21, '130-139': 63.18, '140-149': 90.0, '150-159': 86.0, '160-169': 94.0, '170-179': 88.0, '180-189': 86.0, '190-199': 94.0, 'old': 65.49, 'new': 63.18}
2026-01-11 15:48:00,328 [trainer.py] => CNN top1 curve: [71.9, 68.65, 67.95, 65.9, 65.33]
2026-01-11 15:48:00,328 [trainer.py] => Average Accuracy (CNN): 67.95 

2026-01-11 15:48:00,329 [trainer.py] => All params: 303649794
2026-01-11 15:48:00,330 [trainer.py] => Trainable params: 303649794
2026-01-11 15:48:00,339 [simplecil.py] => Learning on 140-150
2026-01-11 15:49:59,158 [trainer.py] => CNN: {'total': 64.73, '00-99': 71.24, '100-109': 38.17, '110-119': 57.31, '120-129': 40.91, '130-139': 62.16, '140-149': 58.41, '150-159': 84.0, '160-169': 90.0, '170-179': 88.0, '180-189': 88.0, '190-199': 90.0, 'old': 65.05, 'new': 58.41}
2026-01-11 15:49:59,159 [trainer.py] => CNN top1 curve: [71.9, 68.65, 67.95, 65.9, 65.33, 64.73]
2026-01-11 15:49:59,159 [trainer.py] => Average Accuracy (CNN): 67.41 

2026-01-11 15:49:59,161 [trainer.py] => All params: 303660034
2026-01-11 15:49:59,162 [trainer.py] => Trainable params: 303660034
2026-01-11 15:49:59,174 [simplecil.py] => Learning on 150-160
2026-01-11 15:52:08,705 [trainer.py] => CNN: {'total': 63.43, '00-99': 71.11, '100-109': 38.17, '110-119': 56.15, '120-129': 40.26, '130-139': 61.15, '140-149': 57.94, '150-159': 46.36, '160-169': 88.0, '170-179': 88.0, '180-189': 86.0, '190-199': 96.0, 'old': 64.43, 'new': 46.36}
2026-01-11 15:52:08,706 [trainer.py] => CNN top1 curve: [71.9, 68.65, 67.95, 65.9, 65.33, 64.73, 63.43]
2026-01-11 15:52:08,706 [trainer.py] => Average Accuracy (CNN): 66.84 

2026-01-11 15:52:08,707 [trainer.py] => All params: 303670274
2026-01-11 15:52:08,708 [trainer.py] => Trainable params: 303670274
2026-01-11 15:52:08,716 [simplecil.py] => Learning on 160-170
2026-01-11 15:54:17,500 [trainer.py] => CNN: {'total': 63.02, '00-99': 70.94, '100-109': 37.85, '110-119': 53.46, '120-129': 39.29, '130-139': 60.14, '140-149': 57.01, '150-159': 43.68, '160-169': 65.53, '170-179': 94.0, '180-189': 84.0, '190-199': 92.0, 'old': 62.83, 'new': 65.53}
2026-01-11 15:54:17,500 [trainer.py] => CNN top1 curve: [71.9, 68.65, 67.95, 65.9, 65.33, 64.73, 63.43, 63.02]
2026-01-11 15:54:17,500 [trainer.py] => Average Accuracy (CNN): 66.36 

2026-01-11 15:54:17,501 [trainer.py] => All params: 303680514
2026-01-11 15:54:17,502 [trainer.py] => Trainable params: 303680514
2026-01-11 15:54:17,508 [simplecil.py] => Learning on 170-180
2026-01-11 15:56:29,951 [trainer.py] => CNN: {'total': 62.41, '00-99': 70.78, '100-109': 37.85, '110-119': 52.69, '120-129': 37.34, '130-139': 58.78, '140-149': 57.01, '150-159': 42.53, '160-169': 64.96, '170-179': 59.21, '180-189': 90.0, '190-199': 84.0, 'old': 62.58, 'new': 59.21}
2026-01-11 15:56:29,951 [trainer.py] => CNN top1 curve: [71.9, 68.65, 67.95, 65.9, 65.33, 64.73, 63.43, 63.02, 62.41]
2026-01-11 15:56:29,951 [trainer.py] => Average Accuracy (CNN): 65.92 

2026-01-11 15:56:29,952 [trainer.py] => All params: 303690754
2026-01-11 15:56:29,953 [trainer.py] => Trainable params: 303690754
2026-01-11 15:56:29,962 [simplecil.py] => Learning on 180-190
2026-01-11 15:58:48,763 [trainer.py] => CNN: {'total': 61.21, '00-99': 70.62, '100-109': 37.85, '110-119': 52.69, '120-129': 37.01, '130-139': 58.45, '140-149': 57.01, '150-159': 41.76, '160-169': 64.96, '170-179': 57.04, '180-189': 47.79, '190-199': 86.0, 'old': 62.13, 'new': 47.79}
2026-01-11 15:58:48,763 [trainer.py] => CNN top1 curve: [71.9, 68.65, 67.95, 65.9, 65.33, 64.73, 63.43, 63.02, 62.41, 61.21]
2026-01-11 15:58:48,764 [trainer.py] => Average Accuracy (CNN): 65.45 

2026-01-11 15:58:48,765 [trainer.py] => All params: 303700994
2026-01-11 15:58:48,766 [trainer.py] => Trainable params: 303700994
2026-01-11 15:58:48,776 [simplecil.py] => Learning on 190-200
2026-01-11 16:01:20,778 [trainer.py] => CNN: {'total': 60.25, '00-99': 70.62, '100-109': 37.85, '110-119': 52.31, '120-129': 36.69, '130-139': 57.09, '140-149': 57.01, '150-159': 41.38, '160-169': 64.39, '170-179': 56.68, '180-189': 46.96, '190-199': 46.98, 'old': 60.99, 'new': 46.98}
2026-01-11 16:01:20,778 [trainer.py] => CNN top1 curve: [71.9, 68.65, 67.95, 65.9, 65.33, 64.73, 63.43, 63.02, 62.41, 61.21, 60.25]
2026-01-11 16:01:20,779 [trainer.py] => Average Accuracy (CNN): 64.98 


================================================================================
Finished imagenetr_init100_inc10: vit_large_patch16_224  
Base Accuracy: 71.9
Last Accuracy: 60.25
Average Accuracy (Top1): 64.98
PD: 11.65
Backward Transfer (BWT): -3.66
Accuracy Matrix (CNN):
[[71.9  86.   82.   70.   82.   84.   72.   92.   84.   92.   82.  ]
 [71.7  39.43 88.   84.   82.   80.   78.   88.   88.   92.   88.  ]
 [71.54 38.49 61.92 84.   86.   92.   80.   94.   88.   92.   82.  ]
 [71.44 38.49 60.77 43.83 78.   82.   82.   94.   90.   94.   92.  ]
 [71.34 38.49 57.69 42.21 63.18 90.   86.   94.   88.   86.   94.  ]
 [71.24 38.17 57.31 40.91 62.16 58.41 84.   90.   88.   88.   90.  ]
 [71.11 38.17 56.15 40.26 61.15 57.94 46.36 88.   88.   86.   96.  ]
 [70.94 37.85 53.46 39.29 60.14 57.01 43.68 65.53 94.   84.   92.  ]
 [70.78 37.85 52.69 37.34 58.78 57.01 42.53 64.96 59.21 90.   84.  ]
 [70.62 37.85 52.69 37.01 58.45 57.01 41.76 64.96 57.04 47.79 86.  ]
 [70.62 37.85 52.31 36.69 57.09 57.01 41.38 64.39 56.68 46.96 46.98]]
================================================================================

2026-01-11 16:01:25,941 [trainer.py] => config: ./configs/simplecil/L16/simplecil_mini_B60_Inc5.json
2026-01-11 16:01:25,961 [trainer.py] => prefix:  
2026-01-11 16:01:25,961 [trainer.py] => dataset: mini_imagenet
2026-01-11 16:01:25,961 [trainer.py] => memory_size: 0
2026-01-11 16:01:25,961 [trainer.py] => memory_per_class: 0
2026-01-11 16:01:25,961 [trainer.py] => fixed_memory: False
2026-01-11 16:01:25,961 [trainer.py] => shuffle: False
2026-01-11 16:01:25,961 [trainer.py] => init_cls: 60
2026-01-11 16:01:25,961 [trainer.py] => increment: 5
2026-01-11 16:01:25,961 [trainer.py] => model_name: simplecil
2026-01-11 16:01:25,961 [trainer.py] => backbone_type: vit_large_patch16_224
2026-01-11 16:01:25,961 [trainer.py] => device: [device(type='cuda', index=1)]
2026-01-11 16:01:25,961 [trainer.py] => seed: 1993
2026-01-11 16:01:25,961 [trainer.py] => kshot: 5
2026-01-11 16:01:25,961 [trainer.py] => tuned_epoch: 1
2026-01-11 16:01:25,961 [trainer.py] => init_lr: 0.01
2026-01-11 16:01:25,961 [trainer.py] => batch_size: 48
2026-01-11 16:01:25,961 [trainer.py] => weight_decay: 0.05
2026-01-11 16:01:25,961 [trainer.py] => min_lr: 1e-08
2026-01-11 16:01:25,961 [trainer.py] => optimizer: sgd
2026-01-11 16:01:25,961 [trainer.py] => vpt_type: shallow
2026-01-11 16:01:25,962 [trainer.py] => prompt_token_num: 3
2026-01-11 16:01:25,962 [trainer.py] => gpu_models: ['NVIDIA A800 80GB PCIe']
2026-01-11 16:01:26,202 [data_manager.py] => [0, 1, 2, 3, 4, 5, 6, 7, 8, 9, 10, 11, 12, 13, 14, 15, 16, 17, 18, 19, 20, 21, 22, 23, 24, 25, 26, 27, 28, 29, 30, 31, 32, 33, 34, 35, 36, 37, 38, 39, 40, 41, 42, 43, 44, 45, 46, 47, 48, 49, 50, 51, 52, 53, 54, 55, 56, 57, 58, 59, 60, 61, 62, 63, 64, 65, 66, 67, 68, 69, 70, 71, 72, 73, 74, 75, 76, 77, 78, 79, 80, 81, 82, 83, 84, 85, 86, 87, 88, 89, 90, 91, 92, 93, 94, 95, 96, 97, 98, 99]
This is for the BaseNet initialization.
After BaseNet initialization.
2026-01-11 16:01:43,507 [trainer.py] => All params: 303404033
2026-01-11 16:01:43,509 [trainer.py] => Trainable params: 303404033
2026-01-11 16:01:43,817 [simplecil.py] => Learning on 0-60
2026-01-11 16:16:21,476 [trainer.py] => CNN: {'total': 97.83, '00-59': 97.83, '60-64': 88.0, '65-69': 96.0, '70-74': 96.0, '75-79': 92.0, '80-84': 96.0, '85-89': 100.0, '90-94': 100.0, '95-99': 100.0, 'old': 0, 'new': 97.83}
2026-01-11 16:16:21,500 [trainer.py] => CNN top1 curve: [97.83]
2026-01-11 16:16:21,501 [trainer.py] => Average Accuracy (CNN): 97.83 

2026-01-11 16:16:21,502 [trainer.py] => All params: 303465474
2026-01-11 16:16:21,503 [trainer.py] => Trainable params: 303465474
2026-01-11 16:16:21,512 [simplecil.py] => Learning on 60-65
2026-01-11 16:19:03,401 [trainer.py] => CNN: {'total': 97.74, '00-59': 97.78, '60-64': 97.2, '65-69': 96.0, '70-74': 96.0, '75-79': 76.0, '80-84': 100.0, '85-89': 92.0, '90-94': 96.0, '95-99': 96.0, 'old': 97.78, 'new': 97.2}
2026-01-11 16:19:03,401 [trainer.py] => CNN top1 curve: [97.83, 97.74]
2026-01-11 16:19:03,401 [trainer.py] => Average Accuracy (CNN): 97.78 

2026-01-11 16:19:03,402 [trainer.py] => All params: 303470594
2026-01-11 16:19:03,403 [trainer.py] => Trainable params: 303470594
2026-01-11 16:19:03,410 [simplecil.py] => Learning on 65-70
2026-01-11 16:21:52,286 [trainer.py] => CNN: {'total': 96.64, '00-59': 97.75, '60-64': 97.2, '65-69': 82.8, '70-74': 100.0, '75-79': 96.0, '80-84': 92.0, '85-89': 96.0, '90-94': 88.0, '95-99': 100.0, 'old': 97.71, 'new': 82.8}
2026-01-11 16:21:52,287 [trainer.py] => CNN top1 curve: [97.83, 97.74, 96.64]
2026-01-11 16:21:52,288 [trainer.py] => Average Accuracy (CNN): 97.4 

2026-01-11 16:21:52,291 [trainer.py] => All params: 303475714
2026-01-11 16:21:52,294 [trainer.py] => Trainable params: 303475714
2026-01-11 16:21:52,304 [simplecil.py] => Learning on 70-75
2026-01-11 16:24:58,902 [trainer.py] => CNN: {'total': 96.57, '00-59': 97.72, '60-64': 97.0, '65-69': 82.8, '70-74': 96.2, '75-79': 92.0, '80-84': 96.0, '85-89': 92.0, '90-94': 100.0, '95-99': 92.0, 'old': 96.6, 'new': 96.2}
2026-01-11 16:24:58,903 [trainer.py] => CNN top1 curve: [97.83, 97.74, 96.64, 96.57]
2026-01-11 16:24:58,903 [trainer.py] => Average Accuracy (CNN): 97.2 

2026-01-11 16:24:58,905 [trainer.py] => All params: 303480834
2026-01-11 16:24:58,906 [trainer.py] => Trainable params: 303480834
2026-01-11 16:24:58,914 [simplecil.py] => Learning on 75-80
2026-01-11 16:27:48,961 [trainer.py] => CNN: {'total': 96.52, '00-59': 97.68, '60-64': 97.0, '65-69': 82.8, '70-74': 96.2, '75-79': 96.2, '80-84': 96.0, '85-89': 96.0, '90-94': 96.0, '95-99': 96.0, 'old': 96.55, 'new': 96.2}
2026-01-11 16:27:48,975 [trainer.py] => CNN top1 curve: [97.83, 97.74, 96.64, 96.57, 96.52]
2026-01-11 16:27:48,975 [trainer.py] => Average Accuracy (CNN): 97.06 

2026-01-11 16:27:48,976 [trainer.py] => All params: 303485954
2026-01-11 16:27:48,977 [trainer.py] => Trainable params: 303485954
2026-01-11 16:27:48,985 [simplecil.py] => Learning on 80-85
2026-01-11 16:30:43,415 [trainer.py] => CNN: {'total': 95.73, '00-59': 97.52, '60-64': 96.6, '65-69': 82.6, '70-74': 96.2, '75-79': 96.2, '80-84': 85.6, '85-89': 100.0, '90-94': 96.0, '95-99': 96.0, 'old': 96.36, 'new': 85.6}
2026-01-11 16:30:43,415 [trainer.py] => CNN top1 curve: [97.83, 97.74, 96.64, 96.57, 96.52, 95.73]
2026-01-11 16:30:43,415 [trainer.py] => Average Accuracy (CNN): 96.84 

2026-01-11 16:30:43,416 [trainer.py] => All params: 303491074
2026-01-11 16:30:43,417 [trainer.py] => Trainable params: 303491074
2026-01-11 16:30:43,426 [simplecil.py] => Learning on 85-90
2026-01-11 16:33:42,226 [trainer.py] => CNN: {'total': 94.59, '00-59': 97.48, '60-64': 96.6, '65-69': 82.6, '70-74': 96.2, '75-79': 96.0, '80-84': 85.6, '85-89': 75.8, '90-94': 88.0, '95-99': 96.0, 'old': 95.69, 'new': 75.8}
2026-01-11 16:33:42,226 [trainer.py] => CNN top1 curve: [97.83, 97.74, 96.64, 96.57, 96.52, 95.73, 94.59]
2026-01-11 16:33:42,227 [trainer.py] => Average Accuracy (CNN): 96.52 

2026-01-11 16:33:42,230 [trainer.py] => All params: 303496194
2026-01-11 16:33:42,233 [trainer.py] => Trainable params: 303496194
2026-01-11 16:33:42,243 [simplecil.py] => Learning on 90-95
2026-01-11 16:37:01,407 [trainer.py] => CNN: {'total': 94.69, '00-59': 97.48, '60-64': 96.6, '65-69': 82.4, '70-74': 96.2, '75-79': 96.0, '80-84': 85.6, '85-89': 75.6, '90-94': 97.0, '95-99': 92.0, 'old': 94.57, 'new': 97.0}
2026-01-11 16:37:01,407 [trainer.py] => CNN top1 curve: [97.83, 97.74, 96.64, 96.57, 96.52, 95.73, 94.59, 94.69]
2026-01-11 16:37:01,407 [trainer.py] => Average Accuracy (CNN): 96.29 

2026-01-11 16:37:01,408 [trainer.py] => All params: 303501314
2026-01-11 16:37:01,409 [trainer.py] => Trainable params: 303501314
2026-01-11 16:37:01,420 [simplecil.py] => Learning on 95-100
2026-01-11 16:40:28,910 [trainer.py] => CNN: {'total': 94.61, '00-59': 97.37, '60-64': 96.6, '65-69': 82.4, '70-74': 96.2, '75-79': 95.4, '80-84': 85.6, '85-89': 75.2, '90-94': 97.0, '95-99': 95.4, 'old': 94.57, 'new': 95.4}
2026-01-11 16:40:28,910 [trainer.py] => CNN top1 curve: [97.83, 97.74, 96.64, 96.57, 96.52, 95.73, 94.59, 94.69, 94.61]
2026-01-11 16:40:28,910 [trainer.py] => Average Accuracy (CNN): 96.1 


================================================================================
Finished mini_imagenet_init60_inc5: vit_large_patch16_224  
Base Accuracy: 97.83
Last Accuracy: 94.61
Average Accuracy (Top1): 96.1
PD: 3.22
Backward Transfer (BWT): -0.36
Accuracy Matrix (CNN):
[[ 97.83  88.    96.    96.    92.    96.   100.   100.   100.  ]
 [ 97.78  97.2   96.    96.    76.   100.    92.    96.    96.  ]
 [ 97.75  97.2   82.8  100.    96.    92.    96.    88.   100.  ]
 [ 97.72  97.    82.8   96.2   92.    96.    92.   100.    92.  ]
 [ 97.68  97.    82.8   96.2   96.2   96.    96.    96.    96.  ]
 [ 97.52  96.6   82.6   96.2   96.2   85.6  100.    96.    96.  ]
 [ 97.48  96.6   82.6   96.2   96.    85.6   75.8   88.    96.  ]
 [ 97.48  96.6   82.4   96.2   96.    85.6   75.6   97.    92.  ]
 [ 97.37  96.6   82.4   96.2   95.4   85.6   75.2   97.    95.4 ]]
================================================================================

