nohup: ignoring input
2026-01-02 20:51:46,893 [trainer.py] => config: ./configs/simplecil/IN1K/simplecil_cub_B100_Inc5.json
2026-01-02 20:51:46,893 [trainer.py] => prefix:  
2026-01-02 20:51:46,893 [trainer.py] => dataset: cub
2026-01-02 20:51:46,893 [trainer.py] => memory_size: 0
2026-01-02 20:51:46,893 [trainer.py] => memory_per_class: 0
2026-01-02 20:51:46,893 [trainer.py] => fixed_memory: False
2026-01-02 20:51:46,893 [trainer.py] => shuffle: True
2026-01-02 20:51:46,893 [trainer.py] => init_cls: 100
2026-01-02 20:51:46,893 [trainer.py] => increment: 5
2026-01-02 20:51:46,894 [trainer.py] => model_name: simplecil
2026-01-02 20:51:46,894 [trainer.py] => backbone_type: pretrained_vit_b16_224
2026-01-02 20:51:46,894 [trainer.py] => device: [device(type='cuda', index=2)]
2026-01-02 20:51:46,894 [trainer.py] => seed: 42
2026-01-02 20:51:46,894 [trainer.py] => kshot: 5
2026-01-02 20:51:46,894 [trainer.py] => tuned_epoch: 1
2026-01-02 20:51:46,894 [trainer.py] => init_lr: 0.01
2026-01-02 20:51:46,894 [trainer.py] => batch_size: 256
2026-01-02 20:51:46,894 [trainer.py] => weight_decay: 0.05
2026-01-02 20:51:46,894 [trainer.py] => min_lr: 1e-08
2026-01-02 20:51:46,894 [trainer.py] => optimizer: sgd
2026-01-02 20:51:46,894 [trainer.py] => vpt_type: shallow
2026-01-02 20:51:46,894 [trainer.py] => prompt_token_num: 3
2026-01-02 20:51:46,894 [trainer.py] => gpu_models: ['NVIDIA A800 80GB PCIe']
2026-01-02 20:51:47,101 [data_manager.py] => [95, 15, 30, 158, 128, 115, 69, 170, 174, 45, 66, 182, 165, 78, 186, 177, 56, 152, 82, 68, 124, 16, 148, 93, 65, 60, 84, 67, 125, 132, 9, 18, 55, 75, 150, 104, 135, 137, 164, 76, 79, 197, 38, 24, 122, 195, 29, 19, 143, 86, 114, 173, 5, 126, 117, 73, 140, 98, 172, 96, 169, 97, 31, 12, 35, 119, 42, 189, 90, 136, 51, 127, 162, 41, 118, 113, 26, 139, 100, 111, 2, 77, 46, 187, 191, 85, 161, 36, 190, 61, 22, 141, 101, 33, 11, 194, 159, 6, 27, 120, 4, 32, 142, 145, 109, 144, 10, 62, 112, 146, 166, 0, 198, 153, 70, 123, 64, 44, 163, 28, 40, 108, 155, 156, 25, 23, 184, 147, 81, 39, 168, 47, 94, 154, 43, 138, 3, 105, 53, 133, 180, 178, 185, 49, 80, 34, 7, 110, 91, 83, 176, 181, 89, 8, 13, 59, 171, 131, 17, 72, 175, 134, 167, 183, 63, 54, 107, 50, 196, 58, 48, 88, 21, 57, 160, 192, 129, 37, 157, 193, 1, 52, 149, 130, 151, 103, 99, 116, 87, 74, 121, 199, 20, 188, 71, 106, 14, 92, 179, 102]
This is for the BaseNet initialization.
After BaseNet initialization.
2026-01-02 20:52:07,519 [trainer.py] => All params: 85952257
2026-01-02 20:52:07,520 [trainer.py] => Trainable params: 85952257
2026-01-02 20:52:07,970 [simplecil.py] => Learning on 0-100
2026-01-02 20:53:16,380 [trainer.py] => CNN: {'total': 89.59, '00-99': 89.59, '100-104': 84.0, '105-109': 88.0, '110-114': 84.0, '115-119': 80.0, '120-124': 68.0, '125-129': 88.0, '130-134': 84.0, '135-139': 92.0, '140-144': 80.0, '145-149': 92.0, '150-154': 96.0, '155-159': 96.0, '160-164': 80.0, '165-169': 84.0, '170-174': 92.0, '175-179': 88.0, '180-184': 84.0, '185-189': 92.0, '190-194': 92.0, '195-199': 84.0, 'old': 0, 'new': 89.59}
2026-01-02 20:53:16,380 [trainer.py] => CNN top1 curve: [89.59]
2026-01-02 20:53:16,380 [trainer.py] => Average Accuracy (CNN): 89.59 

2026-01-02 20:53:16,381 [trainer.py] => All params: 86029058
2026-01-02 20:53:16,381 [trainer.py] => Trainable params: 86029058
2026-01-02 20:53:16,386 [simplecil.py] => Learning on 100-105
2026-01-02 20:53:38,370 [trainer.py] => CNN: {'total': 87.48, '00-99': 89.16, '100-104': 48.0, '105-109': 88.0, '110-114': 88.0, '115-119': 92.0, '120-124': 84.0, '125-129': 88.0, '130-134': 76.0, '135-139': 92.0, '140-144': 64.0, '145-149': 88.0, '150-154': 72.0, '155-159': 96.0, '160-164': 92.0, '165-169': 80.0, '170-174': 84.0, '175-179': 92.0, '180-184': 92.0, '185-189': 84.0, '190-194': 88.0, '195-199': 96.0, 'old': 89.16, 'new': 48.0}
2026-01-02 20:53:38,370 [trainer.py] => CNN top1 curve: [89.59, 87.48]
2026-01-02 20:53:38,370 [trainer.py] => Average Accuracy (CNN): 88.54 

2026-01-02 20:53:38,371 [trainer.py] => All params: 86032898
2026-01-02 20:53:38,372 [trainer.py] => Trainable params: 86032898
2026-01-02 20:53:38,382 [simplecil.py] => Learning on 105-110
2026-01-02 20:53:59,883 [trainer.py] => CNN: {'total': 85.14, '00-99': 89.08, '100-104': 46.0, '105-109': 38.6, '110-114': 76.0, '115-119': 84.0, '120-124': 84.0, '125-129': 88.0, '130-134': 84.0, '135-139': 88.0, '140-144': 88.0, '145-149': 96.0, '150-154': 96.0, '155-159': 92.0, '160-164': 76.0, '165-169': 76.0, '170-174': 80.0, '175-179': 92.0, '180-184': 76.0, '185-189': 96.0, '190-194': 92.0, '195-199': 88.0, 'old': 87.32, 'new': 38.6}
2026-01-02 20:53:59,884 [trainer.py] => CNN top1 curve: [89.59, 87.48, 85.14]
2026-01-02 20:53:59,884 [trainer.py] => Average Accuracy (CNN): 87.4 

2026-01-02 20:53:59,886 [trainer.py] => All params: 86036738
2026-01-02 20:53:59,887 [trainer.py] => Trainable params: 86036738
2026-01-02 20:53:59,898 [simplecil.py] => Learning on 110-115
2026-01-02 20:54:22,821 [trainer.py] => CNN: {'total': 84.38, '00-99': 88.82, '100-104': 46.0, '105-109': 38.6, '110-114': 75.0, '115-119': 92.0, '120-124': 92.0, '125-129': 84.0, '130-134': 88.0, '135-139': 92.0, '140-144': 96.0, '145-149': 84.0, '150-154': 68.0, '155-159': 88.0, '160-164': 84.0, '165-169': 88.0, '170-174': 84.0, '175-179': 84.0, '180-184': 88.0, '185-189': 88.0, '190-194': 96.0, '195-199': 96.0, 'old': 84.91, 'new': 75.0}
2026-01-02 20:54:22,854 [trainer.py] => CNN top1 curve: [89.59, 87.48, 85.14, 84.38]
2026-01-02 20:54:22,854 [trainer.py] => Average Accuracy (CNN): 86.65 

2026-01-02 20:54:22,855 [trainer.py] => All params: 86040578
2026-01-02 20:54:22,855 [trainer.py] => Trainable params: 86040578
2026-01-02 20:54:22,865 [simplecil.py] => Learning on 115-120
2026-01-02 20:54:47,651 [trainer.py] => CNN: {'total': 82.98, '00-99': 88.74, '100-104': 46.0, '105-109': 38.6, '110-114': 75.0, '115-119': 49.06, '120-124': 80.0, '125-129': 88.0, '130-134': 92.0, '135-139': 88.0, '140-144': 80.0, '145-149': 80.0, '150-154': 88.0, '155-159': 76.0, '160-164': 92.0, '165-169': 80.0, '170-174': 92.0, '175-179': 92.0, '180-184': 96.0, '185-189': 92.0, '190-194': 88.0, '195-199': 92.0, 'old': 84.31, 'new': 49.06}
2026-01-02 20:54:47,651 [trainer.py] => CNN top1 curve: [89.59, 87.48, 85.14, 84.38, 82.98]
2026-01-02 20:54:47,651 [trainer.py] => Average Accuracy (CNN): 85.91 

2026-01-02 20:54:47,652 [trainer.py] => All params: 86044418
2026-01-02 20:54:47,652 [trainer.py] => Trainable params: 86044418
2026-01-02 20:54:47,661 [simplecil.py] => Learning on 120-125
2026-01-02 20:55:11,405 [trainer.py] => CNN: {'total': 82.45, '00-99': 88.74, '100-104': 46.0, '105-109': 38.6, '110-114': 75.0, '115-119': 49.06, '120-124': 69.09, '125-129': 88.0, '130-134': 96.0, '135-139': 80.0, '140-144': 88.0, '145-149': 84.0, '150-154': 80.0, '155-159': 84.0, '160-164': 88.0, '165-169': 92.0, '170-174': 88.0, '175-179': 76.0, '180-184': 84.0, '185-189': 88.0, '190-194': 92.0, '195-199': 84.0, 'old': 82.98, 'new': 69.09}
2026-01-02 20:55:11,405 [trainer.py] => CNN top1 curve: [89.59, 87.48, 85.14, 84.38, 82.98, 82.45]
2026-01-02 20:55:11,405 [trainer.py] => Average Accuracy (CNN): 85.34 

2026-01-02 20:55:11,406 [trainer.py] => All params: 86048258
2026-01-02 20:55:11,406 [trainer.py] => Trainable params: 86048258
2026-01-02 20:55:11,416 [simplecil.py] => Learning on 125-130
2026-01-02 20:55:38,560 [trainer.py] => CNN: {'total': 81.7, '00-99': 88.74, '100-104': 46.0, '105-109': 38.6, '110-114': 75.0, '115-119': 49.06, '120-124': 69.09, '125-129': 63.33, '130-134': 88.0, '135-139': 88.0, '140-144': 88.0, '145-149': 96.0, '150-154': 80.0, '155-159': 84.0, '160-164': 72.0, '165-169': 80.0, '170-174': 88.0, '175-179': 80.0, '180-184': 96.0, '185-189': 80.0, '190-194': 92.0, '195-199': 96.0, 'old': 82.45, 'new': 63.33}
2026-01-02 20:55:38,590 [trainer.py] => CNN top1 curve: [89.59, 87.48, 85.14, 84.38, 82.98, 82.45, 81.7]
2026-01-02 20:55:38,590 [trainer.py] => Average Accuracy (CNN): 84.82 

2026-01-02 20:55:38,591 [trainer.py] => All params: 86052098
2026-01-02 20:55:38,591 [trainer.py] => Trainable params: 86052098
2026-01-02 20:55:38,604 [simplecil.py] => Learning on 130-135
2026-01-02 20:56:08,755 [trainer.py] => CNN: {'total': 81.44, '00-99': 88.65, '100-104': 46.0, '105-109': 38.6, '110-114': 75.0, '115-119': 49.06, '120-124': 69.09, '125-129': 63.33, '130-134': 76.67, '135-139': 88.0, '140-144': 88.0, '145-149': 96.0, '150-154': 92.0, '155-159': 92.0, '160-164': 76.0, '165-169': 80.0, '170-174': 88.0, '175-179': 88.0, '180-184': 84.0, '185-189': 92.0, '190-194': 96.0, '195-199': 96.0, 'old': 81.63, 'new': 76.67}
2026-01-02 20:56:08,755 [trainer.py] => CNN top1 curve: [89.59, 87.48, 85.14, 84.38, 82.98, 82.45, 81.7, 81.44]
2026-01-02 20:56:08,755 [trainer.py] => Average Accuracy (CNN): 84.4 

2026-01-02 20:56:08,756 [trainer.py] => All params: 86055938
2026-01-02 20:56:08,757 [trainer.py] => Trainable params: 86055938
2026-01-02 20:56:08,765 [simplecil.py] => Learning on 135-140
2026-01-02 20:56:40,720 [trainer.py] => CNN: {'total': 81.83, '00-99': 88.57, '100-104': 46.0, '105-109': 38.6, '110-114': 75.0, '115-119': 49.06, '120-124': 69.09, '125-129': 63.33, '130-134': 76.67, '135-139': 93.44, '140-144': 92.0, '145-149': 96.0, '150-154': 84.0, '155-159': 76.0, '160-164': 88.0, '165-169': 92.0, '170-174': 84.0, '175-179': 92.0, '180-184': 80.0, '185-189': 100.0, '190-194': 88.0, '195-199': 72.0, 'old': 81.38, 'new': 93.44}
2026-01-02 20:56:40,720 [trainer.py] => CNN top1 curve: [89.59, 87.48, 85.14, 84.38, 82.98, 82.45, 81.7, 81.44, 81.83]
2026-01-02 20:56:40,720 [trainer.py] => Average Accuracy (CNN): 84.11 

2026-01-02 20:56:40,721 [trainer.py] => All params: 86059778
2026-01-02 20:56:40,721 [trainer.py] => Trainable params: 86059778
2026-01-02 20:56:40,728 [simplecil.py] => Learning on 140-145
2026-01-02 20:57:07,127 [trainer.py] => CNN: {'total': 81.45, '00-99': 88.4, '100-104': 46.0, '105-109': 38.6, '110-114': 75.0, '115-119': 49.06, '120-124': 69.09, '125-129': 61.67, '130-134': 76.67, '135-139': 93.44, '140-144': 75.86, '145-149': 88.0, '150-154': 72.0, '155-159': 92.0, '160-164': 64.0, '165-169': 96.0, '170-174': 96.0, '175-179': 76.0, '180-184': 72.0, '185-189': 96.0, '190-194': 96.0, '195-199': 92.0, 'old': 81.65, 'new': 75.86}
2026-01-02 20:57:07,127 [trainer.py] => CNN top1 curve: [89.59, 87.48, 85.14, 84.38, 82.98, 82.45, 81.7, 81.44, 81.83, 81.45]
2026-01-02 20:57:07,127 [trainer.py] => Average Accuracy (CNN): 83.84 

2026-01-02 20:57:07,131 [trainer.py] => All params: 86063618
2026-01-02 20:57:07,131 [trainer.py] => Trainable params: 86063618
2026-01-02 20:57:07,145 [simplecil.py] => Learning on 145-150
2026-01-02 20:57:31,263 [trainer.py] => CNN: {'total': 80.94, '00-99': 88.31, '100-104': 46.0, '105-109': 38.6, '110-114': 75.0, '115-119': 49.06, '120-124': 69.09, '125-129': 61.67, '130-134': 76.67, '135-139': 93.44, '140-144': 75.86, '145-149': 63.64, '150-154': 76.0, '155-159': 96.0, '160-164': 92.0, '165-169': 84.0, '170-174': 72.0, '175-179': 84.0, '180-184': 72.0, '185-189': 80.0, '190-194': 92.0, '195-199': 84.0, 'old': 81.39, 'new': 63.64}
2026-01-02 20:57:31,296 [trainer.py] => CNN top1 curve: [89.59, 87.48, 85.14, 84.38, 82.98, 82.45, 81.7, 81.44, 81.83, 81.45, 80.94]
2026-01-02 20:57:31,297 [trainer.py] => Average Accuracy (CNN): 83.58 

2026-01-02 20:57:31,298 [trainer.py] => All params: 86067458
2026-01-02 20:57:31,298 [trainer.py] => Trainable params: 86067458
2026-01-02 20:57:31,303 [simplecil.py] => Learning on 150-155
2026-01-02 20:57:55,065 [trainer.py] => CNN: {'total': 80.46, '00-99': 88.14, '100-104': 46.0, '105-109': 38.6, '110-114': 75.0, '115-119': 49.06, '120-124': 69.09, '125-129': 61.67, '130-134': 76.67, '135-139': 90.16, '140-144': 75.86, '145-149': 63.64, '150-154': 72.22, '155-159': 88.0, '160-164': 96.0, '165-169': 88.0, '170-174': 88.0, '175-179': 92.0, '180-184': 68.0, '185-189': 100.0, '190-194': 84.0, '195-199': 88.0, 'old': 80.71, 'new': 72.22}
2026-01-02 20:57:55,065 [trainer.py] => CNN top1 curve: [89.59, 87.48, 85.14, 84.38, 82.98, 82.45, 81.7, 81.44, 81.83, 81.45, 80.94, 80.46]
2026-01-02 20:57:55,065 [trainer.py] => Average Accuracy (CNN): 83.32 

2026-01-02 20:57:55,066 [trainer.py] => All params: 86071298
2026-01-02 20:57:55,066 [trainer.py] => Trainable params: 86071298
2026-01-02 20:57:55,075 [simplecil.py] => Learning on 155-160
2026-01-02 20:58:19,412 [trainer.py] => CNN: {'total': 79.73, '00-99': 87.88, '100-104': 46.0, '105-109': 38.6, '110-114': 75.0, '115-119': 49.06, '120-124': 69.09, '125-129': 61.67, '130-134': 76.67, '135-139': 90.16, '140-144': 75.86, '145-149': 63.64, '150-154': 72.22, '155-159': 61.11, '160-164': 80.0, '165-169': 92.0, '170-174': 92.0, '175-179': 92.0, '180-184': 88.0, '185-189': 96.0, '190-194': 88.0, '195-199': 76.0, 'old': 80.29, 'new': 61.11}
2026-01-02 20:58:19,413 [trainer.py] => CNN top1 curve: [89.59, 87.48, 85.14, 84.38, 82.98, 82.45, 81.7, 81.44, 81.83, 81.45, 80.94, 80.46, 79.73]
2026-01-02 20:58:19,413 [trainer.py] => Average Accuracy (CNN): 83.04 

2026-01-02 20:58:19,413 [trainer.py] => All params: 86075138
2026-01-02 20:58:19,414 [trainer.py] => Trainable params: 86075138
2026-01-02 20:58:19,421 [simplecil.py] => Learning on 160-165
2026-01-02 20:58:43,515 [trainer.py] => CNN: {'total': 77.91, '00-99': 87.88, '100-104': 46.0, '105-109': 38.6, '110-114': 75.0, '115-119': 49.06, '120-124': 69.09, '125-129': 61.67, '130-134': 76.67, '135-139': 90.16, '140-144': 75.86, '145-149': 63.64, '150-154': 72.22, '155-159': 61.11, '160-164': 17.86, '165-169': 92.0, '170-174': 96.0, '175-179': 92.0, '180-184': 84.0, '185-189': 88.0, '190-194': 96.0, '195-199': 100.0, 'old': 79.73, 'new': 17.86}
2026-01-02 20:58:43,515 [trainer.py] => CNN top1 curve: [89.59, 87.48, 85.14, 84.38, 82.98, 82.45, 81.7, 81.44, 81.83, 81.45, 80.94, 80.46, 79.73, 77.91]
2026-01-02 20:58:43,515 [trainer.py] => Average Accuracy (CNN): 82.68 

2026-01-02 20:58:43,516 [trainer.py] => All params: 86078978
2026-01-02 20:58:43,516 [trainer.py] => Trainable params: 86078978
2026-01-02 20:58:43,524 [simplecil.py] => Learning on 165-170
2026-01-02 20:59:07,366 [trainer.py] => CNN: {'total': 77.17, '00-99': 87.71, '100-104': 46.0, '105-109': 38.6, '110-114': 75.0, '115-119': 49.06, '120-124': 69.09, '125-129': 61.67, '130-134': 76.67, '135-139': 90.16, '140-144': 60.34, '145-149': 63.64, '150-154': 72.22, '155-159': 61.11, '160-164': 17.86, '165-169': 72.31, '170-174': 96.0, '175-179': 84.0, '180-184': 92.0, '185-189': 80.0, '190-194': 88.0, '195-199': 92.0, 'old': 77.33, 'new': 72.31}
2026-01-02 20:59:07,366 [trainer.py] => CNN top1 curve: [89.59, 87.48, 85.14, 84.38, 82.98, 82.45, 81.7, 81.44, 81.83, 81.45, 80.94, 80.46, 79.73, 77.91, 77.17]
2026-01-02 20:59:07,366 [trainer.py] => Average Accuracy (CNN): 82.31 

2026-01-02 20:59:07,367 [trainer.py] => All params: 86082818
2026-01-02 20:59:07,367 [trainer.py] => Trainable params: 86082818
2026-01-02 20:59:07,375 [simplecil.py] => Learning on 170-175
2026-01-02 20:59:32,136 [trainer.py] => CNN: {'total': 76.65, '00-99': 87.63, '100-104': 46.0, '105-109': 38.6, '110-114': 73.61, '115-119': 49.06, '120-124': 69.09, '125-129': 61.67, '130-134': 76.67, '135-139': 88.52, '140-144': 60.34, '145-149': 63.64, '150-154': 66.67, '155-159': 61.11, '160-164': 17.86, '165-169': 72.31, '170-174': 69.09, '175-179': 88.0, '180-184': 88.0, '185-189': 92.0, '190-194': 96.0, '195-199': 80.0, 'old': 76.86, 'new': 69.09}
2026-01-02 20:59:32,136 [trainer.py] => CNN top1 curve: [89.59, 87.48, 85.14, 84.38, 82.98, 82.45, 81.7, 81.44, 81.83, 81.45, 80.94, 80.46, 79.73, 77.91, 77.17, 76.65]
2026-01-02 20:59:32,136 [trainer.py] => Average Accuracy (CNN): 81.96 

2026-01-02 20:59:32,137 [trainer.py] => All params: 86086658
2026-01-02 20:59:32,137 [trainer.py] => Trainable params: 86086658
2026-01-02 20:59:32,145 [simplecil.py] => Learning on 175-180
2026-01-02 20:59:54,310 [trainer.py] => CNN: {'total': 75.38, '00-99': 87.46, '100-104': 46.0, '105-109': 38.6, '110-114': 73.61, '115-119': 49.06, '120-124': 69.09, '125-129': 61.67, '130-134': 76.67, '135-139': 88.52, '140-144': 60.34, '145-149': 63.64, '150-154': 66.67, '155-159': 61.11, '160-164': 17.86, '165-169': 72.31, '170-174': 69.09, '175-179': 37.1, '180-184': 96.0, '185-189': 76.0, '190-194': 88.0, '195-199': 92.0, 'old': 76.55, 'new': 37.1}
2026-01-02 20:59:54,311 [trainer.py] => CNN top1 curve: [89.59, 87.48, 85.14, 84.38, 82.98, 82.45, 81.7, 81.44, 81.83, 81.45, 80.94, 80.46, 79.73, 77.91, 77.17, 76.65, 75.38]
2026-01-02 20:59:54,311 [trainer.py] => Average Accuracy (CNN): 81.57 

2026-01-02 20:59:54,311 [trainer.py] => All params: 86090498
2026-01-02 20:59:54,313 [trainer.py] => Trainable params: 86090498
2026-01-02 20:59:54,323 [simplecil.py] => Learning on 180-185
2026-01-02 21:00:16,356 [trainer.py] => CNN: {'total': 75.05, '00-99': 87.37, '100-104': 46.0, '105-109': 38.6, '110-114': 72.22, '115-119': 49.06, '120-124': 69.09, '125-129': 61.67, '130-134': 76.67, '135-139': 88.52, '140-144': 60.34, '145-149': 63.64, '150-154': 66.67, '155-159': 61.11, '160-164': 17.86, '165-169': 72.31, '170-174': 69.09, '175-179': 37.1, '180-184': 68.75, '185-189': 84.0, '190-194': 100.0, '195-199': 88.0, 'old': 75.29, 'new': 68.75}
2026-01-02 21:00:16,356 [trainer.py] => CNN top1 curve: [89.59, 87.48, 85.14, 84.38, 82.98, 82.45, 81.7, 81.44, 81.83, 81.45, 80.94, 80.46, 79.73, 77.91, 77.17, 76.65, 75.38, 75.05]
2026-01-02 21:00:16,356 [trainer.py] => Average Accuracy (CNN): 81.21 

2026-01-02 21:00:16,357 [trainer.py] => All params: 86094338
2026-01-02 21:00:16,357 [trainer.py] => Trainable params: 86094338
2026-01-02 21:00:16,367 [simplecil.py] => Learning on 185-190
2026-01-02 21:00:38,028 [trainer.py] => CNN: {'total': 74.98, '00-99': 87.37, '100-104': 46.0, '105-109': 38.6, '110-114': 72.22, '115-119': 49.06, '120-124': 69.09, '125-129': 61.67, '130-134': 76.67, '135-139': 88.52, '140-144': 60.34, '145-149': 63.64, '150-154': 66.67, '155-159': 59.26, '160-164': 17.86, '165-169': 72.31, '170-174': 69.09, '175-179': 37.1, '180-184': 67.5, '185-189': 75.81, '190-194': 92.0, '195-199': 96.0, 'old': 74.95, 'new': 75.81}
2026-01-02 21:00:38,028 [trainer.py] => CNN top1 curve: [89.59, 87.48, 85.14, 84.38, 82.98, 82.45, 81.7, 81.44, 81.83, 81.45, 80.94, 80.46, 79.73, 77.91, 77.17, 76.65, 75.38, 75.05, 74.98]
2026-01-02 21:00:38,028 [trainer.py] => Average Accuracy (CNN): 80.88 

2026-01-02 21:00:38,029 [trainer.py] => All params: 86098178
2026-01-02 21:00:38,030 [trainer.py] => Trainable params: 86098178
2026-01-02 21:00:38,040 [simplecil.py] => Learning on 190-195
2026-01-02 21:00:59,721 [trainer.py] => CNN: {'total': 75.27, '00-99': 87.37, '100-104': 46.0, '105-109': 38.6, '110-114': 69.44, '115-119': 49.06, '120-124': 69.09, '125-129': 61.67, '130-134': 76.67, '135-139': 88.52, '140-144': 60.34, '145-149': 63.64, '150-154': 66.67, '155-159': 59.26, '160-164': 17.86, '165-169': 72.31, '170-174': 69.09, '175-179': 37.1, '180-184': 67.5, '185-189': 75.81, '190-194': 87.32, '195-199': 96.0, 'old': 74.89, 'new': 87.32}
2026-01-02 21:00:59,721 [trainer.py] => CNN top1 curve: [89.59, 87.48, 85.14, 84.38, 82.98, 82.45, 81.7, 81.44, 81.83, 81.45, 80.94, 80.46, 79.73, 77.91, 77.17, 76.65, 75.38, 75.05, 74.98, 75.27]
2026-01-02 21:00:59,721 [trainer.py] => Average Accuracy (CNN): 80.6 

2026-01-02 21:00:59,721 [trainer.py] => All params: 86102018
2026-01-02 21:00:59,722 [trainer.py] => Trainable params: 86102018
2026-01-02 21:00:59,731 [simplecil.py] => Learning on 195-200
2026-01-02 21:01:20,155 [trainer.py] => CNN: {'total': 75.11, '00-99': 87.29, '100-104': 46.0, '105-109': 38.6, '110-114': 66.67, '115-119': 49.06, '120-124': 69.09, '125-129': 61.67, '130-134': 76.67, '135-139': 88.52, '140-144': 60.34, '145-149': 63.64, '150-154': 62.96, '155-159': 57.41, '160-164': 17.86, '165-169': 72.31, '170-174': 69.09, '175-179': 37.1, '180-184': 67.5, '185-189': 75.81, '190-194': 87.32, '195-199': 78.95, 'old': 75.01, 'new': 78.95}
2026-01-02 21:01:20,155 [trainer.py] => CNN top1 curve: [89.59, 87.48, 85.14, 84.38, 82.98, 82.45, 81.7, 81.44, 81.83, 81.45, 80.94, 80.46, 79.73, 77.91, 77.17, 76.65, 75.38, 75.05, 74.98, 75.27, 75.11]
2026-01-02 21:01:20,155 [trainer.py] => Average Accuracy (CNN): 80.34 


================================================================================
Finished cub_init100_inc5: pretrained_vit_b16_224  
Base Accuracy: 89.59
Last Accuracy: 75.11
Average Accuracy (Top1): 80.34
PD: 14.48
Backward Transfer (BWT): -2.45
Accuracy Matrix (CNN):
[[ 89.59  84.    88.    84.    80.    68.    88.    84.    92.    80.
   92.    96.    96.    80.    84.    92.    88.    84.    92.    92.
   84.  ]
 [ 89.16  48.    88.    88.    92.    84.    88.    76.    92.    64.
   88.    72.    96.    92.    80.    84.    92.    92.    84.    88.
   96.  ]
 [ 89.08  46.    38.6   76.    84.    84.    88.    84.    88.    88.
   96.    96.    92.    76.    76.    80.    92.    76.    96.    92.
   88.  ]
 [ 88.82  46.    38.6   75.    92.    92.    84.    88.    92.    96.
   84.    68.    88.    84.    88.    84.    84.    88.    88.    96.
   96.  ]
 [ 88.74  46.    38.6   75.    49.06  80.    88.    92.    88.    80.
   80.    88.    76.    92.    80.    92.    92.    96.    92.    88.
   92.  ]
 [ 88.74  46.    38.6   75.    49.06  69.09  88.    96.    80.    88.
   84.    80.    84.    88.    92.    88.    76.    84.    88.    92.
   84.  ]
 [ 88.74  46.    38.6   75.    49.06  69.09  63.33  88.    88.    88.
   96.    80.    84.    72.    80.    88.    80.    96.    80.    92.
   96.  ]
 [ 88.65  46.    38.6   75.    49.06  69.09  63.33  76.67  88.    88.
   96.    92.    92.    76.    80.    88.    88.    84.    92.    96.
   96.  ]
 [ 88.57  46.    38.6   75.    49.06  69.09  63.33  76.67  93.44  92.
   96.    84.    76.    88.    92.    84.    92.    80.   100.    88.
   72.  ]
 [ 88.4   46.    38.6   75.    49.06  69.09  61.67  76.67  93.44  75.86
   88.    72.    92.    64.    96.    96.    76.    72.    96.    96.
   92.  ]
 [ 88.31  46.    38.6   75.    49.06  69.09  61.67  76.67  93.44  75.86
   63.64  76.    96.    92.    84.    72.    84.    72.    80.    92.
   84.  ]
 [ 88.14  46.    38.6   75.    49.06  69.09  61.67  76.67  90.16  75.86
   63.64  72.22  88.    96.    88.    88.    92.    68.   100.    84.
   88.  ]
 [ 87.88  46.    38.6   75.    49.06  69.09  61.67  76.67  90.16  75.86
   63.64  72.22  61.11  80.    92.    92.    92.    88.    96.    88.
   76.  ]
 [ 87.88  46.    38.6   75.    49.06  69.09  61.67  76.67  90.16  75.86
   63.64  72.22  61.11  17.86  92.    96.    92.    84.    88.    96.
  100.  ]
 [ 87.71  46.    38.6   75.    49.06  69.09  61.67  76.67  90.16  60.34
   63.64  72.22  61.11  17.86  72.31  96.    84.    92.    80.    88.
   92.  ]
 [ 87.63  46.    38.6   73.61  49.06  69.09  61.67  76.67  88.52  60.34
   63.64  66.67  61.11  17.86  72.31  69.09  88.    88.    92.    96.
   80.  ]
 [ 87.46  46.    38.6   73.61  49.06  69.09  61.67  76.67  88.52  60.34
   63.64  66.67  61.11  17.86  72.31  69.09  37.1   96.    76.    88.
   92.  ]
 [ 87.37  46.    38.6   72.22  49.06  69.09  61.67  76.67  88.52  60.34
   63.64  66.67  61.11  17.86  72.31  69.09  37.1   68.75  84.   100.
   88.  ]
 [ 87.37  46.    38.6   72.22  49.06  69.09  61.67  76.67  88.52  60.34
   63.64  66.67  59.26  17.86  72.31  69.09  37.1   67.5   75.81  92.
   96.  ]
 [ 87.37  46.    38.6   69.44  49.06  69.09  61.67  76.67  88.52  60.34
   63.64  66.67  59.26  17.86  72.31  69.09  37.1   67.5   75.81  87.32
   96.  ]
 [ 87.29  46.    38.6   66.67  49.06  69.09  61.67  76.67  88.52  60.34
   63.64  62.96  57.41  17.86  72.31  69.09  37.1   67.5   75.81  87.32
   78.95]]
================================================================================

2026-01-02 21:01:26,195 [trainer.py] => config: ./configs/simplecil/IN1K/simplecil_cub_B100_Inc10.json
2026-01-02 21:01:26,195 [trainer.py] => prefix:  
2026-01-02 21:01:26,195 [trainer.py] => dataset: cub
2026-01-02 21:01:26,195 [trainer.py] => memory_size: 0
2026-01-02 21:01:26,195 [trainer.py] => memory_per_class: 0
2026-01-02 21:01:26,195 [trainer.py] => fixed_memory: False
2026-01-02 21:01:26,195 [trainer.py] => shuffle: True
2026-01-02 21:01:26,195 [trainer.py] => init_cls: 100
2026-01-02 21:01:26,195 [trainer.py] => increment: 10
2026-01-02 21:01:26,195 [trainer.py] => model_name: simplecil
2026-01-02 21:01:26,195 [trainer.py] => backbone_type: pretrained_vit_b16_224
2026-01-02 21:01:26,195 [trainer.py] => device: [device(type='cuda', index=2)]
2026-01-02 21:01:26,195 [trainer.py] => seed: 42
2026-01-02 21:01:26,195 [trainer.py] => kshot: 5
2026-01-02 21:01:26,195 [trainer.py] => tuned_epoch: 1
2026-01-02 21:01:26,195 [trainer.py] => init_lr: 0.01
2026-01-02 21:01:26,195 [trainer.py] => batch_size: 256
2026-01-02 21:01:26,195 [trainer.py] => weight_decay: 0.05
2026-01-02 21:01:26,195 [trainer.py] => min_lr: 1e-08
2026-01-02 21:01:26,195 [trainer.py] => optimizer: sgd
2026-01-02 21:01:26,195 [trainer.py] => vpt_type: shallow
2026-01-02 21:01:26,195 [trainer.py] => prompt_token_num: 3
2026-01-02 21:01:26,196 [trainer.py] => gpu_models: ['NVIDIA A800 80GB PCIe']
2026-01-02 21:01:26,434 [data_manager.py] => [95, 15, 30, 158, 128, 115, 69, 170, 174, 45, 66, 182, 165, 78, 186, 177, 56, 152, 82, 68, 124, 16, 148, 93, 65, 60, 84, 67, 125, 132, 9, 18, 55, 75, 150, 104, 135, 137, 164, 76, 79, 197, 38, 24, 122, 195, 29, 19, 143, 86, 114, 173, 5, 126, 117, 73, 140, 98, 172, 96, 169, 97, 31, 12, 35, 119, 42, 189, 90, 136, 51, 127, 162, 41, 118, 113, 26, 139, 100, 111, 2, 77, 46, 187, 191, 85, 161, 36, 190, 61, 22, 141, 101, 33, 11, 194, 159, 6, 27, 120, 4, 32, 142, 145, 109, 144, 10, 62, 112, 146, 166, 0, 198, 153, 70, 123, 64, 44, 163, 28, 40, 108, 155, 156, 25, 23, 184, 147, 81, 39, 168, 47, 94, 154, 43, 138, 3, 105, 53, 133, 180, 178, 185, 49, 80, 34, 7, 110, 91, 83, 176, 181, 89, 8, 13, 59, 171, 131, 17, 72, 175, 134, 167, 183, 63, 54, 107, 50, 196, 58, 48, 88, 21, 57, 160, 192, 129, 37, 157, 193, 1, 52, 149, 130, 151, 103, 99, 116, 87, 74, 121, 199, 20, 188, 71, 106, 14, 92, 179, 102]
This is for the BaseNet initialization.
After BaseNet initialization.
2026-01-02 21:01:38,303 [trainer.py] => All params: 85952257
2026-01-02 21:01:38,304 [trainer.py] => Trainable params: 85952257
2026-01-02 21:01:40,227 [simplecil.py] => Learning on 0-100
2026-01-02 21:02:56,132 [trainer.py] => CNN: {'total': 89.59, '00-99': 89.59, '100-109': 86.0, '110-119': 82.0, '120-129': 78.0, '130-139': 88.0, '140-149': 86.0, '150-159': 96.0, '160-169': 82.0, '170-179': 90.0, '180-189': 88.0, '190-199': 88.0, 'old': 0, 'new': 89.59}
2026-01-02 21:02:56,132 [trainer.py] => CNN top1 curve: [89.59]
2026-01-02 21:02:56,132 [trainer.py] => Average Accuracy (CNN): 89.59 

2026-01-02 21:02:56,133 [trainer.py] => All params: 86029058
2026-01-02 21:02:56,134 [trainer.py] => Trainable params: 86029058
2026-01-02 21:02:56,142 [simplecil.py] => Learning on 100-110
2026-01-02 21:03:26,291 [trainer.py] => CNN: {'total': 85.14, '00-99': 88.91, '100-109': 43.93, '110-119': 78.0, '120-129': 88.0, '130-139': 84.0, '140-149': 92.0, '150-159': 76.0, '160-169': 90.0, '170-179': 90.0, '180-189': 86.0, '190-199': 90.0, 'old': 88.91, 'new': 43.93}
2026-01-02 21:03:26,291 [trainer.py] => CNN top1 curve: [89.59, 85.14]
2026-01-02 21:03:26,291 [trainer.py] => Average Accuracy (CNN): 87.36 

2026-01-02 21:03:26,292 [trainer.py] => All params: 86036738
2026-01-02 21:03:26,292 [trainer.py] => Trainable params: 86036738
2026-01-02 21:03:26,301 [simplecil.py] => Learning on 110-120
2026-01-02 21:03:55,469 [trainer.py] => CNN: {'total': 82.41, '00-99': 88.65, '100-109': 43.93, '110-119': 56.8, '120-129': 90.0, '130-139': 84.0, '140-149': 90.0, '150-159': 82.0, '160-169': 86.0, '170-179': 84.0, '180-189': 92.0, '190-199': 80.0, 'old': 84.91, 'new': 56.8}
2026-01-02 21:03:55,469 [trainer.py] => CNN top1 curve: [89.59, 85.14, 82.41]
2026-01-02 21:03:55,469 [trainer.py] => Average Accuracy (CNN): 85.71 

2026-01-02 21:03:55,470 [trainer.py] => All params: 86044418
2026-01-02 21:03:55,470 [trainer.py] => Trainable params: 86044418
2026-01-02 21:03:55,481 [simplecil.py] => Learning on 120-130
2026-01-02 21:04:23,735 [trainer.py] => CNN: {'total': 80.18, '00-99': 88.57, '100-109': 43.93, '110-119': 56.8, '120-129': 53.91, '130-139': 88.0, '140-149': 80.0, '150-159': 86.0, '160-169': 90.0, '170-179': 98.0, '180-189': 90.0, '190-199': 92.0, 'old': 82.34, 'new': 53.91}
2026-01-02 21:04:23,736 [trainer.py] => CNN top1 curve: [89.59, 85.14, 82.41, 80.18]
2026-01-02 21:04:23,736 [trainer.py] => Average Accuracy (CNN): 84.33 

2026-01-02 21:04:23,736 [trainer.py] => All params: 86052098
2026-01-02 21:04:23,737 [trainer.py] => Trainable params: 86052098
2026-01-02 21:04:23,748 [simplecil.py] => Learning on 130-140
2026-01-02 21:04:53,627 [trainer.py] => CNN: {'total': 80.18, '00-99': 88.4, '100-109': 43.93, '110-119': 56.0, '120-129': 53.91, '130-139': 82.64, '140-149': 90.0, '150-159': 88.0, '160-169': 94.0, '170-179': 90.0, '180-189': 90.0, '190-199': 94.0, 'old': 79.99, 'new': 82.64}
2026-01-02 21:04:53,627 [trainer.py] => CNN top1 curve: [89.59, 85.14, 82.41, 80.18, 80.18]
2026-01-02 21:04:53,627 [trainer.py] => Average Accuracy (CNN): 83.5 

2026-01-02 21:04:53,633 [trainer.py] => All params: 86059778
2026-01-02 21:04:53,634 [trainer.py] => Trainable params: 86059778
2026-01-02 21:04:53,646 [simplecil.py] => Learning on 140-150
2026-01-02 21:05:22,263 [trainer.py] => CNN: {'total': 78.7, '00-99': 88.31, '100-109': 43.93, '110-119': 56.0, '120-129': 45.22, '130-139': 82.64, '140-149': 65.69, '150-159': 80.0, '160-169': 84.0, '170-179': 94.0, '180-189': 90.0, '190-199': 88.0, 'old': 79.51, 'new': 65.69}
2026-01-02 21:05:22,263 [trainer.py] => CNN top1 curve: [89.59, 85.14, 82.41, 80.18, 80.18, 78.7]
2026-01-02 21:05:22,263 [trainer.py] => Average Accuracy (CNN): 82.7 

2026-01-02 21:05:22,264 [trainer.py] => All params: 86067458
2026-01-02 21:05:22,264 [trainer.py] => Trainable params: 86067458
2026-01-02 21:05:22,278 [simplecil.py] => Learning on 150-160
2026-01-02 21:05:50,495 [trainer.py] => CNN: {'total': 77.95, '00-99': 88.05, '100-109': 42.99, '110-119': 55.2, '120-129': 45.22, '130-139': 81.82, '140-149': 65.69, '150-159': 71.3, '160-169': 84.0, '170-179': 92.0, '180-189': 88.0, '190-199': 92.0, 'old': 78.36, 'new': 71.3}
2026-01-02 21:05:50,495 [trainer.py] => CNN top1 curve: [89.59, 85.14, 82.41, 80.18, 80.18, 78.7, 77.95]
2026-01-02 21:05:50,495 [trainer.py] => Average Accuracy (CNN): 82.02 

2026-01-02 21:05:50,496 [trainer.py] => All params: 86075138
2026-01-02 21:05:50,496 [trainer.py] => Trainable params: 86075138
2026-01-02 21:05:50,506 [simplecil.py] => Learning on 160-170
2026-01-02 21:06:17,416 [trainer.py] => CNN: {'total': 75.39, '00-99': 87.88, '100-109': 42.99, '110-119': 54.4, '120-129': 45.22, '130-139': 81.82, '140-149': 55.88, '150-159': 71.3, '160-169': 47.11, '170-179': 86.0, '180-189': 92.0, '190-199': 84.0, 'old': 77.24, 'new': 47.11}
2026-01-02 21:06:17,417 [trainer.py] => CNN top1 curve: [89.59, 85.14, 82.41, 80.18, 80.18, 78.7, 77.95, 75.39]
2026-01-02 21:06:17,417 [trainer.py] => Average Accuracy (CNN): 81.19 

2026-01-02 21:06:17,418 [trainer.py] => All params: 86082818
2026-01-02 21:06:17,419 [trainer.py] => Trainable params: 86082818
2026-01-02 21:06:17,428 [simplecil.py] => Learning on 170-180
2026-01-02 21:06:45,125 [trainer.py] => CNN: {'total': 73.52, '00-99': 87.37, '100-109': 42.99, '110-119': 54.4, '120-129': 45.22, '130-139': 81.82, '140-149': 55.88, '150-159': 71.3, '160-169': 47.11, '170-179': 47.01, '180-189': 86.0, '190-199': 88.0, 'old': 75.09, 'new': 47.01}
2026-01-02 21:06:45,125 [trainer.py] => CNN top1 curve: [89.59, 85.14, 82.41, 80.18, 80.18, 78.7, 77.95, 75.39, 73.52]
2026-01-02 21:06:45,125 [trainer.py] => Average Accuracy (CNN): 80.34 

2026-01-02 21:06:45,126 [trainer.py] => All params: 86090498
2026-01-02 21:06:45,127 [trainer.py] => Trainable params: 86090498
2026-01-02 21:06:45,137 [simplecil.py] => Learning on 180-190
2026-01-02 21:07:12,408 [trainer.py] => CNN: {'total': 73.59, '00-99': 87.2, '100-109': 42.06, '110-119': 54.4, '120-129': 45.22, '130-139': 81.82, '140-149': 55.88, '150-159': 71.3, '160-169': 47.11, '170-179': 47.01, '180-189': 76.76, '190-199': 94.0, 'old': 73.37, 'new': 76.76}
2026-01-02 21:07:12,409 [trainer.py] => CNN top1 curve: [89.59, 85.14, 82.41, 80.18, 80.18, 78.7, 77.95, 75.39, 73.52, 73.59]
2026-01-02 21:07:12,409 [trainer.py] => Average Accuracy (CNN): 79.66 

2026-01-02 21:07:12,409 [trainer.py] => All params: 86098178
2026-01-02 21:07:12,410 [trainer.py] => Trainable params: 86098178
2026-01-02 21:07:12,417 [simplecil.py] => Learning on 190-200
2026-01-02 21:07:39,251 [trainer.py] => CNN: {'total': 73.71, '00-99': 87.12, '100-109': 42.06, '110-119': 49.6, '120-129': 45.22, '130-139': 81.82, '140-149': 54.9, '150-159': 70.37, '160-169': 46.28, '170-179': 47.01, '180-189': 76.76, '190-199': 83.59, 'old': 73.14, 'new': 83.59}
2026-01-02 21:07:39,251 [trainer.py] => CNN top1 curve: [89.59, 85.14, 82.41, 80.18, 80.18, 78.7, 77.95, 75.39, 73.52, 73.59, 73.71]
2026-01-02 21:07:39,251 [trainer.py] => Average Accuracy (CNN): 79.12 


================================================================================
Finished cub_init100_inc10: pretrained_vit_b16_224  
Base Accuracy: 89.59
Last Accuracy: 73.71
Average Accuracy (Top1): 79.12
PD: 15.88
Backward Transfer (BWT): -3.36
Accuracy Matrix (CNN):
[[89.59 86.   82.   78.   88.   86.   96.   82.   90.   88.   88.  ]
 [88.91 43.93 78.   88.   84.   92.   76.   90.   90.   86.   90.  ]
 [88.65 43.93 56.8  90.   84.   90.   82.   86.   84.   92.   80.  ]
 [88.57 43.93 56.8  53.91 88.   80.   86.   90.   98.   90.   92.  ]
 [88.4  43.93 56.   53.91 82.64 90.   88.   94.   90.   90.   94.  ]
 [88.31 43.93 56.   45.22 82.64 65.69 80.   84.   94.   90.   88.  ]
 [88.05 42.99 55.2  45.22 81.82 65.69 71.3  84.   92.   88.   92.  ]
 [87.88 42.99 54.4  45.22 81.82 55.88 71.3  47.11 86.   92.   84.  ]
 [87.37 42.99 54.4  45.22 81.82 55.88 71.3  47.11 47.01 86.   88.  ]
 [87.2  42.06 54.4  45.22 81.82 55.88 71.3  47.11 47.01 76.76 94.  ]
 [87.12 42.06 49.6  45.22 81.82 54.9  70.37 46.28 47.01 76.76 83.59]]
================================================================================

2026-01-02 21:07:46,361 [trainer.py] => config: ./configs/simplecil/IN1K/simplecil_cifar_B60_Inc2.json
2026-01-02 21:07:46,362 [trainer.py] => prefix:  
2026-01-02 21:07:46,362 [trainer.py] => dataset: cifar224
2026-01-02 21:07:46,362 [trainer.py] => memory_size: 0
2026-01-02 21:07:46,362 [trainer.py] => memory_per_class: 0
2026-01-02 21:07:46,362 [trainer.py] => fixed_memory: False
2026-01-02 21:07:46,362 [trainer.py] => shuffle: True
2026-01-02 21:07:46,362 [trainer.py] => init_cls: 60
2026-01-02 21:07:46,362 [trainer.py] => increment: 2
2026-01-02 21:07:46,362 [trainer.py] => model_name: simplecil
2026-01-02 21:07:46,362 [trainer.py] => backbone_type: pretrained_vit_b16_224
2026-01-02 21:07:46,362 [trainer.py] => device: [device(type='cuda', index=2)]
2026-01-02 21:07:46,362 [trainer.py] => seed: 42
2026-01-02 21:07:46,362 [trainer.py] => kshot: 5
2026-01-02 21:07:46,362 [trainer.py] => tuned_epoch: 1
2026-01-02 21:07:46,362 [trainer.py] => init_lr: 0.01
2026-01-02 21:07:46,362 [trainer.py] => batch_size: 48
2026-01-02 21:07:46,362 [trainer.py] => weight_decay: 0.05
2026-01-02 21:07:46,362 [trainer.py] => min_lr: 1e-08
2026-01-02 21:07:46,362 [trainer.py] => optimizer: sgd
2026-01-02 21:07:46,362 [trainer.py] => vpt_type: shallow
2026-01-02 21:07:46,362 [trainer.py] => prompt_token_num: 3
2026-01-02 21:07:46,362 [trainer.py] => gpu_models: ['NVIDIA A800 80GB PCIe']
2026-01-02 21:07:47,546 [data_manager.py] => [83, 53, 70, 45, 44, 39, 22, 80, 10, 0, 18, 30, 73, 33, 90, 4, 76, 77, 12, 31, 55, 88, 26, 42, 69, 15, 40, 96, 9, 72, 11, 47, 85, 28, 93, 5, 66, 65, 35, 16, 49, 34, 7, 95, 27, 19, 81, 25, 62, 13, 24, 3, 17, 38, 8, 78, 6, 64, 36, 89, 56, 99, 54, 43, 50, 67, 46, 68, 61, 97, 79, 41, 58, 48, 98, 57, 75, 32, 94, 59, 63, 84, 37, 29, 1, 52, 21, 2, 23, 87, 91, 74, 86, 82, 20, 60, 71, 14, 92, 51]
This is for the BaseNet initialization.
After BaseNet initialization.
2026-01-02 21:07:54,592 [trainer.py] => All params: 85875457
2026-01-02 21:07:54,593 [trainer.py] => Trainable params: 85875457
2026-01-02 21:07:56,041 [simplecil.py] => Learning on 0-60
2026-01-02 21:14:43,899 [trainer.py] => CNN: {'total': 77.65, '00-59': 77.65, '60-61': 60.0, '62-63': 100.0, '64-65': 70.0, '66-67': 60.0, '68-69': 70.0, '70-71': 50.0, '72-73': 80.0, '74-75': 90.0, '76-77': 90.0, '78-79': 70.0, '80-81': 80.0, '82-83': 50.0, '84-85': 90.0, '86-87': 60.0, '88-89': 50.0, '90-91': 70.0, '92-93': 90.0, '94-95': 70.0, '96-97': 60.0, '98-99': 80.0, 'old': 0, 'new': 77.65}
2026-01-02 21:14:43,913 [trainer.py] => CNN top1 curve: [77.65]
2026-01-02 21:14:43,914 [trainer.py] => Average Accuracy (CNN): 77.65 

2026-01-02 21:14:43,916 [trainer.py] => All params: 85921538
2026-01-02 21:14:43,918 [trainer.py] => Trainable params: 85921538
2026-01-02 21:14:43,932 [simplecil.py] => Learning on 60-62
2026-01-02 21:15:56,149 [trainer.py] => CNN: {'total': 77.23, '00-59': 77.28, '60-61': 75.5, '62-63': 90.0, '64-65': 70.0, '66-67': 40.0, '68-69': 90.0, '70-71': 70.0, '72-73': 80.0, '74-75': 80.0, '76-77': 70.0, '78-79': 70.0, '80-81': 50.0, '82-83': 80.0, '84-85': 50.0, '86-87': 90.0, '88-89': 70.0, '90-91': 50.0, '92-93': 100.0, '94-95': 70.0, '96-97': 90.0, '98-99': 60.0, 'old': 77.28, 'new': 75.5}
2026-01-02 21:15:56,150 [trainer.py] => CNN top1 curve: [77.65, 77.23]
2026-01-02 21:15:56,150 [trainer.py] => Average Accuracy (CNN): 77.44 

2026-01-02 21:15:56,150 [trainer.py] => All params: 85923074
2026-01-02 21:15:56,151 [trainer.py] => Trainable params: 85923074
2026-01-02 21:15:56,165 [simplecil.py] => Learning on 62-64
2026-01-02 21:17:10,743 [trainer.py] => CNN: {'total': 77.0, '00-59': 77.12, '60-61': 75.5, '62-63': 75.0, '64-65': 80.0, '66-67': 50.0, '68-69': 90.0, '70-71': 60.0, '72-73': 90.0, '74-75': 70.0, '76-77': 50.0, '78-79': 80.0, '80-81': 90.0, '82-83': 80.0, '84-85': 80.0, '86-87': 80.0, '88-89': 90.0, '90-91': 60.0, '92-93': 80.0, '94-95': 80.0, '96-97': 70.0, '98-99': 70.0, 'old': 77.06, 'new': 75.0}
2026-01-02 21:17:10,743 [trainer.py] => CNN top1 curve: [77.65, 77.23, 77.0]
2026-01-02 21:17:10,744 [trainer.py] => Average Accuracy (CNN): 77.29 

2026-01-02 21:17:10,744 [trainer.py] => All params: 85924610
2026-01-02 21:17:10,745 [trainer.py] => Trainable params: 85924610
2026-01-02 21:17:10,759 [simplecil.py] => Learning on 64-66
2026-01-02 21:18:26,587 [trainer.py] => CNN: {'total': 76.03, '00-59': 77.05, '60-61': 75.5, '62-63': 75.0, '64-65': 47.0, '66-67': 60.0, '68-69': 80.0, '70-71': 80.0, '72-73': 80.0, '74-75': 80.0, '76-77': 50.0, '78-79': 80.0, '80-81': 60.0, '82-83': 40.0, '84-85': 80.0, '86-87': 80.0, '88-89': 90.0, '90-91': 60.0, '92-93': 80.0, '94-95': 70.0, '96-97': 60.0, '98-99': 90.0, 'old': 76.94, 'new': 47.0}
2026-01-02 21:18:26,587 [trainer.py] => CNN top1 curve: [77.65, 77.23, 77.0, 76.03]
2026-01-02 21:18:26,587 [trainer.py] => Average Accuracy (CNN): 76.98 

2026-01-02 21:18:26,588 [trainer.py] => All params: 85926146
2026-01-02 21:18:26,588 [trainer.py] => Trainable params: 85926146
2026-01-02 21:18:26,611 [simplecil.py] => Learning on 66-68
2026-01-02 21:19:44,266 [trainer.py] => CNN: {'total': 75.12, '00-59': 76.98, '60-61': 75.5, '62-63': 75.0, '64-65': 47.0, '66-67': 47.0, '68-69': 100.0, '70-71': 70.0, '72-73': 60.0, '74-75': 70.0, '76-77': 50.0, '78-79': 80.0, '80-81': 60.0, '82-83': 80.0, '84-85': 80.0, '86-87': 60.0, '88-89': 80.0, '90-91': 60.0, '92-93': 90.0, '94-95': 90.0, '96-97': 60.0, '98-99': 70.0, 'old': 75.97, 'new': 47.0}
2026-01-02 21:19:44,266 [trainer.py] => CNN top1 curve: [77.65, 77.23, 77.0, 76.03, 75.12]
2026-01-02 21:19:44,266 [trainer.py] => Average Accuracy (CNN): 76.61 

2026-01-02 21:19:44,267 [trainer.py] => All params: 85927682
2026-01-02 21:19:44,267 [trainer.py] => Trainable params: 85927682
2026-01-02 21:19:44,280 [simplecil.py] => Learning on 68-70
2026-01-02 21:21:06,291 [trainer.py] => CNN: {'total': 74.1, '00-59': 76.82, '60-61': 75.5, '62-63': 75.0, '64-65': 47.0, '66-67': 47.0, '68-69': 44.5, '70-71': 30.0, '72-73': 70.0, '74-75': 80.0, '76-77': 70.0, '78-79': 60.0, '80-81': 70.0, '82-83': 60.0, '84-85': 80.0, '86-87': 90.0, '88-89': 70.0, '90-91': 90.0, '92-93': 90.0, '94-95': 100.0, '96-97': 80.0, '98-99': 80.0, 'old': 74.97, 'new': 44.5}
2026-01-02 21:21:06,292 [trainer.py] => CNN top1 curve: [77.65, 77.23, 77.0, 76.03, 75.12, 74.1]
2026-01-02 21:21:06,292 [trainer.py] => Average Accuracy (CNN): 76.19 

2026-01-02 21:21:06,293 [trainer.py] => All params: 85929218
2026-01-02 21:21:06,293 [trainer.py] => Trainable params: 85929218
2026-01-02 21:21:06,305 [simplecil.py] => Learning on 70-72
2026-01-02 21:22:28,087 [trainer.py] => CNN: {'total': 73.81, '00-59': 76.8, '60-61': 75.5, '62-63': 75.0, '64-65': 47.0, '66-67': 47.0, '68-69': 44.5, '70-71': 64.0, '72-73': 60.0, '74-75': 100.0, '76-77': 60.0, '78-79': 80.0, '80-81': 60.0, '82-83': 60.0, '84-85': 90.0, '86-87': 80.0, '88-89': 90.0, '90-91': 30.0, '92-93': 80.0, '94-95': 60.0, '96-97': 80.0, '98-99': 90.0, 'old': 74.09, 'new': 64.0}
2026-01-02 21:22:28,088 [trainer.py] => CNN top1 curve: [77.65, 77.23, 77.0, 76.03, 75.12, 74.1, 73.81]
2026-01-02 21:22:28,088 [trainer.py] => Average Accuracy (CNN): 75.85 

2026-01-02 21:22:28,088 [trainer.py] => All params: 85930754
2026-01-02 21:22:28,089 [trainer.py] => Trainable params: 85930754
2026-01-02 21:22:28,098 [simplecil.py] => Learning on 72-74
2026-01-02 21:23:51,859 [trainer.py] => CNN: {'total': 73.35, '00-59': 76.62, '60-61': 75.5, '62-63': 75.0, '64-65': 47.0, '66-67': 47.0, '68-69': 44.5, '70-71': 62.5, '72-73': 64.0, '74-75': 70.0, '76-77': 90.0, '78-79': 80.0, '80-81': 70.0, '82-83': 60.0, '84-85': 100.0, '86-87': 60.0, '88-89': 80.0, '90-91': 50.0, '92-93': 70.0, '94-95': 60.0, '96-97': 80.0, '98-99': 70.0, 'old': 73.61, 'new': 64.0}
2026-01-02 21:23:51,859 [trainer.py] => CNN top1 curve: [77.65, 77.23, 77.0, 76.03, 75.12, 74.1, 73.81, 73.35]
2026-01-02 21:23:51,859 [trainer.py] => Average Accuracy (CNN): 75.54 

2026-01-02 21:23:51,860 [trainer.py] => All params: 85932290
2026-01-02 21:23:51,860 [trainer.py] => Trainable params: 85932290
2026-01-02 21:23:51,869 [simplecil.py] => Learning on 74-76
2026-01-02 21:25:16,897 [trainer.py] => CNN: {'total': 72.3, '00-59': 75.85, '60-61': 75.5, '62-63': 75.0, '64-65': 47.0, '66-67': 44.0, '68-69': 44.5, '70-71': 62.5, '72-73': 64.0, '74-75': 59.5, '76-77': 70.0, '78-79': 30.0, '80-81': 80.0, '82-83': 80.0, '84-85': 90.0, '86-87': 70.0, '88-89': 100.0, '90-91': 80.0, '92-93': 90.0, '94-95': 60.0, '96-97': 50.0, '98-99': 80.0, 'old': 72.65, 'new': 59.5}
2026-01-02 21:25:16,898 [trainer.py] => CNN top1 curve: [77.65, 77.23, 77.0, 76.03, 75.12, 74.1, 73.81, 73.35, 72.3]
2026-01-02 21:25:16,898 [trainer.py] => Average Accuracy (CNN): 75.18 

2026-01-02 21:25:16,899 [trainer.py] => All params: 85933826
2026-01-02 21:25:16,900 [trainer.py] => Trainable params: 85933826
2026-01-02 21:25:16,909 [simplecil.py] => Learning on 76-78
2026-01-02 21:26:46,573 [trainer.py] => CNN: {'total': 71.94, '00-59': 75.8, '60-61': 75.5, '62-63': 75.0, '64-65': 47.0, '66-67': 44.0, '68-69': 44.5, '70-71': 62.5, '72-73': 64.0, '74-75': 59.5, '76-77': 59.5, '78-79': 80.0, '80-81': 80.0, '82-83': 50.0, '84-85': 60.0, '86-87': 90.0, '88-89': 100.0, '90-91': 40.0, '92-93': 90.0, '94-95': 80.0, '96-97': 50.0, '98-99': 70.0, 'old': 72.26, 'new': 59.5}
2026-01-02 21:26:46,573 [trainer.py] => CNN top1 curve: [77.65, 77.23, 77.0, 76.03, 75.12, 74.1, 73.81, 73.35, 72.3, 71.94]
2026-01-02 21:26:46,574 [trainer.py] => Average Accuracy (CNN): 74.85 

2026-01-02 21:26:46,574 [trainer.py] => All params: 85935362
2026-01-02 21:26:46,575 [trainer.py] => Trainable params: 85935362
2026-01-02 21:26:46,588 [simplecil.py] => Learning on 78-80
2026-01-02 21:28:16,154 [trainer.py] => CNN: {'total': 70.95, '00-59': 75.65, '60-61': 74.5, '62-63': 74.5, '64-65': 47.0, '66-67': 43.5, '68-69': 44.5, '70-71': 62.5, '72-73': 64.0, '74-75': 59.5, '76-77': 59.5, '78-79': 39.0, '80-81': 100.0, '82-83': 80.0, '84-85': 90.0, '86-87': 80.0, '88-89': 90.0, '90-91': 70.0, '92-93': 70.0, '94-95': 80.0, '96-97': 60.0, '98-99': 70.0, 'old': 71.77, 'new': 39.0}
2026-01-02 21:28:16,154 [trainer.py] => CNN top1 curve: [77.65, 77.23, 77.0, 76.03, 75.12, 74.1, 73.81, 73.35, 72.3, 71.94, 70.95]
2026-01-02 21:28:16,154 [trainer.py] => Average Accuracy (CNN): 74.5 

2026-01-02 21:28:16,155 [trainer.py] => All params: 85936898
2026-01-02 21:28:16,156 [trainer.py] => Trainable params: 85936898
2026-01-02 21:28:16,167 [simplecil.py] => Learning on 80-82
2026-01-02 21:29:48,052 [trainer.py] => CNN: {'total': 70.1, '00-59': 75.53, '60-61': 74.5, '62-63': 74.5, '64-65': 47.0, '66-67': 43.5, '68-69': 44.5, '70-71': 62.5, '72-73': 64.0, '74-75': 59.5, '76-77': 58.5, '78-79': 38.5, '80-81': 41.0, '82-83': 50.0, '84-85': 60.0, '86-87': 100.0, '88-89': 90.0, '90-91': 70.0, '92-93': 100.0, '94-95': 80.0, '96-97': 70.0, '98-99': 50.0, 'old': 70.82, 'new': 41.0}
2026-01-02 21:29:48,052 [trainer.py] => CNN top1 curve: [77.65, 77.23, 77.0, 76.03, 75.12, 74.1, 73.81, 73.35, 72.3, 71.94, 70.95, 70.1]
2026-01-02 21:29:48,052 [trainer.py] => Average Accuracy (CNN): 74.13 

2026-01-02 21:29:48,053 [trainer.py] => All params: 85938434
2026-01-02 21:29:48,054 [trainer.py] => Trainable params: 85938434
2026-01-02 21:29:48,063 [simplecil.py] => Learning on 82-84
2026-01-02 21:31:21,720 [trainer.py] => CNN: {'total': 68.96, '00-59': 75.48, '60-61': 74.5, '62-63': 74.5, '64-65': 47.0, '66-67': 43.5, '68-69': 44.5, '70-71': 62.5, '72-73': 64.0, '74-75': 59.5, '76-77': 58.5, '78-79': 38.5, '80-81': 41.0, '82-83': 24.0, '84-85': 70.0, '86-87': 90.0, '88-89': 100.0, '90-91': 70.0, '92-93': 80.0, '94-95': 80.0, '96-97': 70.0, '98-99': 80.0, 'old': 70.06, 'new': 24.0}
2026-01-02 21:31:21,720 [trainer.py] => CNN top1 curve: [77.65, 77.23, 77.0, 76.03, 75.12, 74.1, 73.81, 73.35, 72.3, 71.94, 70.95, 70.1, 68.96]
2026-01-02 21:31:21,720 [trainer.py] => Average Accuracy (CNN): 73.73 

2026-01-02 21:31:21,721 [trainer.py] => All params: 85939970
2026-01-02 21:31:21,722 [trainer.py] => Trainable params: 85939970
2026-01-02 21:31:21,731 [simplecil.py] => Learning on 84-86
2026-01-02 21:32:57,603 [trainer.py] => CNN: {'total': 66.91, '00-59': 72.7, '60-61': 70.0, '62-63': 74.5, '64-65': 47.0, '66-67': 34.0, '68-69': 44.5, '70-71': 61.5, '72-73': 59.0, '74-75': 59.5, '76-77': 58.0, '78-79': 37.5, '80-81': 41.0, '82-83': 23.5, '84-85': 86.0, '86-87': 80.0, '88-89': 100.0, '90-91': 70.0, '92-93': 80.0, '94-95': 50.0, '96-97': 80.0, '98-99': 70.0, 'old': 66.45, 'new': 86.0}
2026-01-02 21:32:57,603 [trainer.py] => CNN top1 curve: [77.65, 77.23, 77.0, 76.03, 75.12, 74.1, 73.81, 73.35, 72.3, 71.94, 70.95, 70.1, 68.96, 66.91]
2026-01-02 21:32:57,603 [trainer.py] => Average Accuracy (CNN): 73.25 

2026-01-02 21:32:57,604 [trainer.py] => All params: 85941506
2026-01-02 21:32:57,605 [trainer.py] => Trainable params: 85941506
2026-01-02 21:32:57,613 [simplecil.py] => Learning on 86-88
2026-01-02 21:34:35,481 [trainer.py] => CNN: {'total': 66.83, '00-59': 72.38, '60-61': 70.0, '62-63': 74.5, '64-65': 47.0, '66-67': 34.0, '68-69': 44.5, '70-71': 61.5, '72-73': 59.0, '74-75': 59.0, '76-77': 58.0, '78-79': 37.5, '80-81': 40.5, '82-83': 23.5, '84-85': 86.0, '86-87': 74.0, '88-89': 70.0, '90-91': 80.0, '92-93': 90.0, '94-95': 80.0, '96-97': 70.0, '98-99': 70.0, 'old': 66.66, 'new': 74.0}
2026-01-02 21:34:35,481 [trainer.py] => CNN top1 curve: [77.65, 77.23, 77.0, 76.03, 75.12, 74.1, 73.81, 73.35, 72.3, 71.94, 70.95, 70.1, 68.96, 66.91, 66.83]
2026-01-02 21:34:35,481 [trainer.py] => Average Accuracy (CNN): 72.82 

2026-01-02 21:34:35,482 [trainer.py] => All params: 85943042
2026-01-02 21:34:35,482 [trainer.py] => Trainable params: 85943042
2026-01-02 21:34:35,495 [simplecil.py] => Learning on 88-90
2026-01-02 21:36:14,882 [trainer.py] => CNN: {'total': 66.73, '00-59': 72.15, '60-61': 69.5, '62-63': 74.5, '64-65': 47.0, '66-67': 34.0, '68-69': 44.5, '70-71': 61.5, '72-73': 59.0, '74-75': 59.0, '76-77': 58.0, '78-79': 36.5, '80-81': 40.5, '82-83': 23.5, '84-85': 86.0, '86-87': 74.0, '88-89': 71.0, '90-91': 70.0, '92-93': 90.0, '94-95': 80.0, '96-97': 60.0, '98-99': 70.0, 'old': 66.64, 'new': 71.0}
2026-01-02 21:36:14,882 [trainer.py] => CNN top1 curve: [77.65, 77.23, 77.0, 76.03, 75.12, 74.1, 73.81, 73.35, 72.3, 71.94, 70.95, 70.1, 68.96, 66.91, 66.83, 66.73]
2026-01-02 21:36:14,882 [trainer.py] => Average Accuracy (CNN): 72.44 

2026-01-02 21:36:14,883 [trainer.py] => All params: 85944578
2026-01-02 21:36:14,883 [trainer.py] => Trainable params: 85944578
2026-01-02 21:36:14,895 [simplecil.py] => Learning on 90-92
2026-01-02 21:37:54,465 [trainer.py] => CNN: {'total': 66.38, '00-59': 72.12, '60-61': 69.5, '62-63': 74.5, '64-65': 46.0, '66-67': 34.0, '68-69': 44.5, '70-71': 61.5, '72-73': 59.0, '74-75': 59.0, '76-77': 58.0, '78-79': 36.5, '80-81': 40.5, '82-83': 23.5, '84-85': 84.0, '86-87': 74.0, '88-89': 71.0, '90-91': 54.5, '92-93': 80.0, '94-95': 80.0, '96-97': 60.0, '98-99': 70.0, 'old': 66.64, 'new': 54.5}
2026-01-02 21:37:54,465 [trainer.py] => CNN top1 curve: [77.65, 77.23, 77.0, 76.03, 75.12, 74.1, 73.81, 73.35, 72.3, 71.94, 70.95, 70.1, 68.96, 66.91, 66.83, 66.73, 66.38]
2026-01-02 21:37:54,465 [trainer.py] => Average Accuracy (CNN): 72.08 

2026-01-02 21:37:54,466 [trainer.py] => All params: 85946114
2026-01-02 21:37:54,466 [trainer.py] => Trainable params: 85946114
2026-01-02 21:37:54,480 [simplecil.py] => Learning on 92-94
2026-01-02 21:39:34,540 [trainer.py] => CNN: {'total': 66.67, '00-59': 71.98, '60-61': 69.5, '62-63': 74.5, '64-65': 46.0, '66-67': 34.0, '68-69': 44.5, '70-71': 61.5, '72-73': 59.0, '74-75': 59.0, '76-77': 58.0, '78-79': 36.5, '80-81': 40.5, '82-83': 23.5, '84-85': 84.0, '86-87': 74.0, '88-89': 71.0, '90-91': 54.5, '92-93': 84.0, '94-95': 90.0, '96-97': 60.0, '98-99': 100.0, 'old': 66.29, 'new': 84.0}
2026-01-02 21:39:34,540 [trainer.py] => CNN top1 curve: [77.65, 77.23, 77.0, 76.03, 75.12, 74.1, 73.81, 73.35, 72.3, 71.94, 70.95, 70.1, 68.96, 66.91, 66.83, 66.73, 66.38, 66.67]
2026-01-02 21:39:34,540 [trainer.py] => Average Accuracy (CNN): 71.78 

2026-01-02 21:39:34,541 [trainer.py] => All params: 85947650
2026-01-02 21:39:34,541 [trainer.py] => Trainable params: 85947650
2026-01-02 21:39:34,551 [simplecil.py] => Learning on 94-96
2026-01-02 21:41:15,795 [trainer.py] => CNN: {'total': 66.09, '00-59': 71.93, '60-61': 69.5, '62-63': 74.5, '64-65': 46.0, '66-67': 33.5, '68-69': 44.5, '70-71': 61.5, '72-73': 59.0, '74-75': 59.0, '76-77': 58.0, '78-79': 36.5, '80-81': 34.5, '82-83': 23.5, '84-85': 84.0, '86-87': 74.0, '88-89': 71.0, '90-91': 54.5, '92-93': 84.0, '94-95': 47.0, '96-97': 70.0, '98-99': 50.0, 'old': 66.5, 'new': 47.0}
2026-01-02 21:41:15,795 [trainer.py] => CNN top1 curve: [77.65, 77.23, 77.0, 76.03, 75.12, 74.1, 73.81, 73.35, 72.3, 71.94, 70.95, 70.1, 68.96, 66.91, 66.83, 66.73, 66.38, 66.67, 66.09]
2026-01-02 21:41:15,795 [trainer.py] => Average Accuracy (CNN): 71.48 

2026-01-02 21:41:15,796 [trainer.py] => All params: 85949186
2026-01-02 21:41:15,797 [trainer.py] => Trainable params: 85949186
2026-01-02 21:41:15,811 [simplecil.py] => Learning on 96-98
2026-01-02 21:42:59,714 [trainer.py] => CNN: {'total': 65.45, '00-59': 71.83, '60-61': 68.5, '62-63': 74.5, '64-65': 46.0, '66-67': 33.5, '68-69': 44.5, '70-71': 61.5, '72-73': 59.0, '74-75': 59.0, '76-77': 57.5, '78-79': 36.5, '80-81': 34.5, '82-83': 23.5, '84-85': 84.0, '86-87': 74.0, '88-89': 69.0, '90-91': 54.5, '92-93': 84.0, '94-95': 44.5, '96-97': 43.5, '98-99': 80.0, 'old': 65.91, 'new': 43.5}
2026-01-02 21:42:59,714 [trainer.py] => CNN top1 curve: [77.65, 77.23, 77.0, 76.03, 75.12, 74.1, 73.81, 73.35, 72.3, 71.94, 70.95, 70.1, 68.96, 66.91, 66.83, 66.73, 66.38, 66.67, 66.09, 65.45]
2026-01-02 21:42:59,714 [trainer.py] => Average Accuracy (CNN): 71.18 

2026-01-02 21:42:59,715 [trainer.py] => All params: 85950722
2026-01-02 21:42:59,715 [trainer.py] => Trainable params: 85950722
2026-01-02 21:42:59,728 [simplecil.py] => Learning on 98-100
2026-01-02 21:44:34,957 [trainer.py] => CNN: {'total': 64.74, '00-59': 71.4, '60-61': 68.5, '62-63': 73.5, '64-65': 45.5, '66-67': 33.5, '68-69': 44.5, '70-71': 61.5, '72-73': 59.0, '74-75': 58.5, '76-77': 56.0, '78-79': 36.5, '80-81': 34.0, '82-83': 23.5, '84-85': 84.0, '86-87': 74.0, '88-89': 69.0, '90-91': 53.0, '92-93': 84.0, '94-95': 44.5, '96-97': 43.5, '98-99': 48.5, 'old': 65.07, 'new': 48.5}
2026-01-02 21:44:34,957 [trainer.py] => CNN top1 curve: [77.65, 77.23, 77.0, 76.03, 75.12, 74.1, 73.81, 73.35, 72.3, 71.94, 70.95, 70.1, 68.96, 66.91, 66.83, 66.73, 66.38, 66.67, 66.09, 65.45, 64.74]
2026-01-02 21:44:34,957 [trainer.py] => Average Accuracy (CNN): 70.87 


================================================================================
Finished cifar224_init60_inc2: pretrained_vit_b16_224  
Base Accuracy: 77.65
Last Accuracy: 64.74
Average Accuracy (Top1): 70.87
PD: 12.91
Backward Transfer (BWT): -2.99
Accuracy Matrix (CNN):
[[ 77.65  60.   100.    70.    60.    70.    50.    80.    90.    90.
   70.    80.    50.    90.    60.    50.    70.    90.    70.    60.
   80.  ]
 [ 77.28  75.5   90.    70.    40.    90.    70.    80.    80.    70.
   70.    50.    80.    50.    90.    70.    50.   100.    70.    90.
   60.  ]
 [ 77.12  75.5   75.    80.    50.    90.    60.    90.    70.    50.
   80.    90.    80.    80.    80.    90.    60.    80.    80.    70.
   70.  ]
 [ 77.05  75.5   75.    47.    60.    80.    80.    80.    80.    50.
   80.    60.    40.    80.    80.    90.    60.    80.    70.    60.
   90.  ]
 [ 76.98  75.5   75.    47.    47.   100.    70.    60.    70.    50.
   80.    60.    80.    80.    60.    80.    60.    90.    90.    60.
   70.  ]
 [ 76.82  75.5   75.    47.    47.    44.5   30.    70.    80.    70.
   60.    70.    60.    80.    90.    70.    90.    90.   100.    80.
   80.  ]
 [ 76.8   75.5   75.    47.    47.    44.5   64.    60.   100.    60.
   80.    60.    60.    90.    80.    90.    30.    80.    60.    80.
   90.  ]
 [ 76.62  75.5   75.    47.    47.    44.5   62.5   64.    70.    90.
   80.    70.    60.   100.    60.    80.    50.    70.    60.    80.
   70.  ]
 [ 75.85  75.5   75.    47.    44.    44.5   62.5   64.    59.5   70.
   30.    80.    80.    90.    70.   100.    80.    90.    60.    50.
   80.  ]
 [ 75.8   75.5   75.    47.    44.    44.5   62.5   64.    59.5   59.5
   80.    80.    50.    60.    90.   100.    40.    90.    80.    50.
   70.  ]
 [ 75.65  74.5   74.5   47.    43.5   44.5   62.5   64.    59.5   59.5
   39.   100.    80.    90.    80.    90.    70.    70.    80.    60.
   70.  ]
 [ 75.53  74.5   74.5   47.    43.5   44.5   62.5   64.    59.5   58.5
   38.5   41.    50.    60.   100.    90.    70.   100.    80.    70.
   50.  ]
 [ 75.48  74.5   74.5   47.    43.5   44.5   62.5   64.    59.5   58.5
   38.5   41.    24.    70.    90.   100.    70.    80.    80.    70.
   80.  ]
 [ 72.7   70.    74.5   47.    34.    44.5   61.5   59.    59.5   58.
   37.5   41.    23.5   86.    80.   100.    70.    80.    50.    80.
   70.  ]
 [ 72.38  70.    74.5   47.    34.    44.5   61.5   59.    59.    58.
   37.5   40.5   23.5   86.    74.    70.    80.    90.    80.    70.
   70.  ]
 [ 72.15  69.5   74.5   47.    34.    44.5   61.5   59.    59.    58.
   36.5   40.5   23.5   86.    74.    71.    70.    90.    80.    60.
   70.  ]
 [ 72.12  69.5   74.5   46.    34.    44.5   61.5   59.    59.    58.
   36.5   40.5   23.5   84.    74.    71.    54.5   80.    80.    60.
   70.  ]
 [ 71.98  69.5   74.5   46.    34.    44.5   61.5   59.    59.    58.
   36.5   40.5   23.5   84.    74.    71.    54.5   84.    90.    60.
  100.  ]
 [ 71.93  69.5   74.5   46.    33.5   44.5   61.5   59.    59.    58.
   36.5   34.5   23.5   84.    74.    71.    54.5   84.    47.    70.
   50.  ]
 [ 71.83  68.5   74.5   46.    33.5   44.5   61.5   59.    59.    57.5
   36.5   34.5   23.5   84.    74.    69.    54.5   84.    44.5   43.5
   80.  ]
 [ 71.4   68.5   73.5   45.5   33.5   44.5   61.5   59.    58.5   56.
   36.5   34.    23.5   84.    74.    69.    53.    84.    44.5   43.5
   48.5 ]]
================================================================================

2026-01-02 21:44:43,993 [trainer.py] => config: ./configs/simplecil/IN1K/simplecil_cifar_B60_Inc5.json
2026-01-02 21:44:43,993 [trainer.py] => prefix:  
2026-01-02 21:44:43,993 [trainer.py] => dataset: cifar224
2026-01-02 21:44:43,993 [trainer.py] => memory_size: 0
2026-01-02 21:44:43,993 [trainer.py] => memory_per_class: 0
2026-01-02 21:44:43,993 [trainer.py] => fixed_memory: False
2026-01-02 21:44:43,993 [trainer.py] => shuffle: True
2026-01-02 21:44:43,993 [trainer.py] => init_cls: 60
2026-01-02 21:44:43,993 [trainer.py] => increment: 5
2026-01-02 21:44:43,994 [trainer.py] => model_name: simplecil
2026-01-02 21:44:43,994 [trainer.py] => backbone_type: pretrained_vit_b16_224
2026-01-02 21:44:43,994 [trainer.py] => device: [device(type='cuda', index=2)]
2026-01-02 21:44:43,994 [trainer.py] => seed: 42
2026-01-02 21:44:43,994 [trainer.py] => kshot: 5
2026-01-02 21:44:43,994 [trainer.py] => tuned_epoch: 1
2026-01-02 21:44:43,994 [trainer.py] => init_lr: 0.01
2026-01-02 21:44:43,994 [trainer.py] => batch_size: 48
2026-01-02 21:44:43,994 [trainer.py] => weight_decay: 0.05
2026-01-02 21:44:43,994 [trainer.py] => min_lr: 1e-08
2026-01-02 21:44:43,994 [trainer.py] => optimizer: sgd
2026-01-02 21:44:43,994 [trainer.py] => vpt_type: shallow
2026-01-02 21:44:43,994 [trainer.py] => prompt_token_num: 3
2026-01-02 21:44:43,994 [trainer.py] => gpu_models: ['NVIDIA A800 80GB PCIe']
2026-01-02 21:44:45,949 [data_manager.py] => [83, 53, 70, 45, 44, 39, 22, 80, 10, 0, 18, 30, 73, 33, 90, 4, 76, 77, 12, 31, 55, 88, 26, 42, 69, 15, 40, 96, 9, 72, 11, 47, 85, 28, 93, 5, 66, 65, 35, 16, 49, 34, 7, 95, 27, 19, 81, 25, 62, 13, 24, 3, 17, 38, 8, 78, 6, 64, 36, 89, 56, 99, 54, 43, 50, 67, 46, 68, 61, 97, 79, 41, 58, 48, 98, 57, 75, 32, 94, 59, 63, 84, 37, 29, 1, 52, 21, 2, 23, 87, 91, 74, 86, 82, 20, 60, 71, 14, 92, 51]
This is for the BaseNet initialization.
After BaseNet initialization.
2026-01-02 21:45:08,362 [trainer.py] => All params: 85875457
2026-01-02 21:45:08,363 [trainer.py] => Trainable params: 85875457
2026-01-02 21:45:10,311 [simplecil.py] => Learning on 0-60
2026-01-02 21:50:59,931 [trainer.py] => CNN: {'total': 77.65, '00-59': 77.65, '60-64': 80.0, '65-69': 64.0, '70-74': 68.0, '75-79': 84.0, '80-84': 68.0, '85-89': 64.0, '90-94': 80.0, '95-99': 68.0, 'old': 0, 'new': 77.65}
2026-01-02 21:50:59,931 [trainer.py] => CNN top1 curve: [77.65]
2026-01-02 21:50:59,931 [trainer.py] => Average Accuracy (CNN): 77.65 

2026-01-02 21:50:59,932 [trainer.py] => All params: 85921538
2026-01-02 21:50:59,932 [trainer.py] => Trainable params: 85921538
2026-01-02 21:50:59,937 [simplecil.py] => Learning on 60-65
2026-01-02 21:51:50,740 [trainer.py] => CNN: {'total': 75.45, '00-59': 77.13, '60-64': 55.2, '65-69': 84.0, '70-74': 76.0, '75-79': 68.0, '80-84': 64.0, '85-89': 80.0, '90-94': 68.0, '95-99': 60.0, 'old': 77.13, 'new': 55.2}
2026-01-02 21:51:50,741 [trainer.py] => CNN top1 curve: [77.65, 75.45]
2026-01-02 21:51:50,741 [trainer.py] => Average Accuracy (CNN): 76.55 

2026-01-02 21:51:50,742 [trainer.py] => All params: 85925378
2026-01-02 21:51:50,742 [trainer.py] => Trainable params: 85925378
2026-01-02 21:51:50,743 [simplecil.py] => Learning on 65-70
2026-01-02 21:52:47,052 [trainer.py] => CNN: {'total': 72.76, '00-59': 76.67, '60-64': 55.0, '65-69': 43.6, '70-74': 72.0, '75-79': 72.0, '80-84': 60.0, '85-89': 96.0, '90-94': 76.0, '95-99': 84.0, 'old': 75.0, 'new': 43.6}
2026-01-02 21:52:47,052 [trainer.py] => CNN top1 curve: [77.65, 75.45, 72.76]
2026-01-02 21:52:47,052 [trainer.py] => Average Accuracy (CNN): 75.29 

2026-01-02 21:52:47,053 [trainer.py] => All params: 85929218
2026-01-02 21:52:47,053 [trainer.py] => Trainable params: 85929218
2026-01-02 21:52:47,060 [simplecil.py] => Learning on 70-75
2026-01-02 21:53:45,490 [trainer.py] => CNN: {'total': 70.48, '00-59': 76.37, '60-64': 55.0, '65-69': 43.2, '70-74': 42.6, '75-79': 64.0, '80-84': 60.0, '85-89': 76.0, '90-94': 80.0, '95-99': 68.0, 'old': 72.47, 'new': 42.6}
2026-01-02 21:53:45,491 [trainer.py] => CNN top1 curve: [77.65, 75.45, 72.76, 70.48]
2026-01-02 21:53:45,491 [trainer.py] => Average Accuracy (CNN): 74.09 

2026-01-02 21:53:45,491 [trainer.py] => All params: 85933058
2026-01-02 21:53:45,492 [trainer.py] => Trainable params: 85933058
2026-01-02 21:53:45,493 [simplecil.py] => Learning on 75-80
2026-01-02 21:54:49,227 [trainer.py] => CNN: {'total': 67.89, '00-59': 75.47, '60-64': 55.0, '65-69': 43.2, '70-74': 41.4, '75-79': 41.0, '80-84': 56.0, '85-89': 76.0, '90-94': 80.0, '95-99': 88.0, 'old': 69.68, 'new': 41.0}
2026-01-02 21:54:49,227 [trainer.py] => CNN top1 curve: [77.65, 75.45, 72.76, 70.48, 67.89]
2026-01-02 21:54:49,227 [trainer.py] => Average Accuracy (CNN): 72.85 

2026-01-02 21:54:49,228 [trainer.py] => All params: 85936898
2026-01-02 21:54:49,228 [trainer.py] => Trainable params: 85936898
2026-01-02 21:54:49,233 [simplecil.py] => Learning on 80-85
2026-01-02 21:55:54,128 [trainer.py] => CNN: {'total': 65.94, '00-59': 75.12, '60-64': 54.8, '65-69': 43.2, '70-74': 41.4, '75-79': 40.6, '80-84': 39.6, '85-89': 96.0, '90-94': 84.0, '95-99': 72.0, 'old': 67.59, 'new': 39.6}
2026-01-02 21:55:54,128 [trainer.py] => CNN top1 curve: [77.65, 75.45, 72.76, 70.48, 67.89, 65.94]
2026-01-02 21:55:54,128 [trainer.py] => Average Accuracy (CNN): 71.7 

2026-01-02 21:55:54,129 [trainer.py] => All params: 85940738
2026-01-02 21:55:54,129 [trainer.py] => Trainable params: 85940738
2026-01-02 21:55:54,135 [simplecil.py] => Learning on 85-90
2026-01-02 21:57:00,142 [trainer.py] => CNN: {'total': 64.6, '00-59': 73.18, '60-64': 53.6, '65-69': 43.2, '70-74': 40.8, '75-79': 38.6, '80-84': 39.6, '85-89': 68.8, '90-94': 80.0, '95-99': 64.0, 'old': 64.35, 'new': 68.8}
2026-01-02 21:57:00,142 [trainer.py] => CNN top1 curve: [77.65, 75.45, 72.76, 70.48, 67.89, 65.94, 64.6]
2026-01-02 21:57:00,143 [trainer.py] => Average Accuracy (CNN): 70.68 

2026-01-02 21:57:00,143 [trainer.py] => All params: 85944578
2026-01-02 21:57:00,144 [trainer.py] => Trainable params: 85944578
2026-01-02 21:57:00,155 [simplecil.py] => Learning on 90-95
2026-01-02 21:58:10,617 [trainer.py] => CNN: {'total': 64.69, '00-59': 72.93, '60-64': 52.4, '65-69': 43.2, '70-74': 40.8, '75-79': 38.6, '80-84': 36.4, '85-89': 68.6, '90-94': 74.0, '95-99': 72.0, 'old': 64.18, 'new': 74.0}
2026-01-02 21:58:10,618 [trainer.py] => CNN top1 curve: [77.65, 75.45, 72.76, 70.48, 67.89, 65.94, 64.6, 64.69]
2026-01-02 21:58:10,618 [trainer.py] => Average Accuracy (CNN): 69.93 

2026-01-02 21:58:10,618 [trainer.py] => All params: 85948418
2026-01-02 21:58:10,619 [trainer.py] => Trainable params: 85948418
2026-01-02 21:58:10,623 [simplecil.py] => Learning on 95-100
2026-01-02 21:59:22,638 [trainer.py] => CNN: {'total': 63.21, '00-59': 72.73, '60-64': 52.4, '65-69': 43.0, '70-74': 40.8, '75-79': 38.2, '80-84': 36.4, '85-89': 67.6, '90-94': 73.6, '95-99': 39.4, 'old': 64.46, 'new': 39.4}
2026-01-02 21:59:22,639 [trainer.py] => CNN top1 curve: [77.65, 75.45, 72.76, 70.48, 67.89, 65.94, 64.6, 64.69, 63.21]
2026-01-02 21:59:22,639 [trainer.py] => Average Accuracy (CNN): 69.19 


================================================================================
Finished cifar224_init60_inc5: pretrained_vit_b16_224  
Base Accuracy: 77.65
Last Accuracy: 63.21
Average Accuracy (Top1): 69.19
PD: 14.44
Backward Transfer (BWT): -2.22
Accuracy Matrix (CNN):
[[77.65 80.   64.   68.   84.   68.   64.   80.   68.  ]
 [77.13 55.2  84.   76.   68.   64.   80.   68.   60.  ]
 [76.67 55.   43.6  72.   72.   60.   96.   76.   84.  ]
 [76.37 55.   43.2  42.6  64.   60.   76.   80.   68.  ]
 [75.47 55.   43.2  41.4  41.   56.   76.   80.   88.  ]
 [75.12 54.8  43.2  41.4  40.6  39.6  96.   84.   72.  ]
 [73.18 53.6  43.2  40.8  38.6  39.6  68.8  80.   64.  ]
 [72.93 52.4  43.2  40.8  38.6  36.4  68.6  74.   72.  ]
 [72.73 52.4  43.   40.8  38.2  36.4  67.6  73.6  39.4 ]]
================================================================================

2026-01-02 21:59:32,893 [trainer.py] => config: ./configs/simplecil/IN1K/simplecil_inr_B100_Inc5.json
2026-01-02 21:59:32,893 [trainer.py] => prefix:  
2026-01-02 21:59:32,893 [trainer.py] => dataset: imagenetr
2026-01-02 21:59:32,893 [trainer.py] => memory_size: 0
2026-01-02 21:59:32,893 [trainer.py] => memory_per_class: 0
2026-01-02 21:59:32,893 [trainer.py] => fixed_memory: False
2026-01-02 21:59:32,893 [trainer.py] => shuffle: True
2026-01-02 21:59:32,893 [trainer.py] => init_cls: 100
2026-01-02 21:59:32,893 [trainer.py] => increment: 5
2026-01-02 21:59:32,893 [trainer.py] => model_name: simplecil
2026-01-02 21:59:32,893 [trainer.py] => backbone_type: pretrained_vit_b16_224
2026-01-02 21:59:32,894 [trainer.py] => device: [device(type='cuda', index=2)]
2026-01-02 21:59:32,894 [trainer.py] => seed: 42
2026-01-02 21:59:32,894 [trainer.py] => kshot: 5
2026-01-02 21:59:32,894 [trainer.py] => tuned_epoch: 1
2026-01-02 21:59:32,894 [trainer.py] => init_lr: 0.01
2026-01-02 21:59:32,894 [trainer.py] => batch_size: 48
2026-01-02 21:59:32,894 [trainer.py] => weight_decay: 0.05
2026-01-02 21:59:32,894 [trainer.py] => min_lr: 1e-08
2026-01-02 21:59:32,894 [trainer.py] => optimizer: sgd
2026-01-02 21:59:32,894 [trainer.py] => vpt_type: shallow
2026-01-02 21:59:32,894 [trainer.py] => prompt_token_num: 3
2026-01-02 21:59:32,894 [trainer.py] => gpu_models: ['NVIDIA A800 80GB PCIe']
2026-01-02 21:59:33,865 [data_manager.py] => [95, 15, 30, 158, 128, 115, 69, 170, 174, 45, 66, 182, 165, 78, 186, 177, 56, 152, 82, 68, 124, 16, 148, 93, 65, 60, 84, 67, 125, 132, 9, 18, 55, 75, 150, 104, 135, 137, 164, 76, 79, 197, 38, 24, 122, 195, 29, 19, 143, 86, 114, 173, 5, 126, 117, 73, 140, 98, 172, 96, 169, 97, 31, 12, 35, 119, 42, 189, 90, 136, 51, 127, 162, 41, 118, 113, 26, 139, 100, 111, 2, 77, 46, 187, 191, 85, 161, 36, 190, 61, 22, 141, 101, 33, 11, 194, 159, 6, 27, 120, 4, 32, 142, 145, 109, 144, 10, 62, 112, 146, 166, 0, 198, 153, 70, 123, 64, 44, 163, 28, 40, 108, 155, 156, 25, 23, 184, 147, 81, 39, 168, 47, 94, 154, 43, 138, 3, 105, 53, 133, 180, 178, 185, 49, 80, 34, 7, 110, 91, 83, 176, 181, 89, 8, 13, 59, 171, 131, 17, 72, 175, 134, 167, 183, 63, 54, 107, 50, 196, 58, 48, 88, 21, 57, 160, 192, 129, 37, 157, 193, 1, 52, 149, 130, 151, 103, 99, 116, 87, 74, 121, 199, 20, 188, 71, 106, 14, 92, 179, 102]
This is for the BaseNet initialization.
After BaseNet initialization.
2026-01-02 21:59:47,695 [trainer.py] => All params: 85952257
2026-01-02 21:59:47,696 [trainer.py] => Trainable params: 85952257
2026-01-02 21:59:48,208 [simplecil.py] => Learning on 0-100
2026-01-02 22:02:49,611 [trainer.py] => CNN: {'total': 64.13, '00-99': 64.13, '100-104': 88.0, '105-109': 80.0, '110-114': 80.0, '115-119': 92.0, '120-124': 76.0, '125-129': 84.0, '130-134': 76.0, '135-139': 80.0, '140-144': 96.0, '145-149': 88.0, '150-154': 96.0, '155-159': 88.0, '160-164': 80.0, '165-169': 72.0, '170-174': 80.0, '175-179': 88.0, '180-184': 88.0, '185-189': 92.0, '190-194': 92.0, '195-199': 96.0, 'old': 0, 'new': 64.13}
2026-01-02 22:02:49,612 [trainer.py] => CNN top1 curve: [64.13]
2026-01-02 22:02:49,612 [trainer.py] => Average Accuracy (CNN): 64.13 

2026-01-02 22:02:49,612 [trainer.py] => All params: 86029058
2026-01-02 22:02:49,613 [trainer.py] => Trainable params: 86029058
2026-01-02 22:02:49,618 [simplecil.py] => Learning on 100-105
2026-01-02 22:03:28,144 [trainer.py] => CNN: {'total': 63.3, '00-99': 63.98, '100-104': 43.12, '105-109': 92.0, '110-114': 84.0, '115-119': 84.0, '120-124': 92.0, '125-129': 84.0, '130-134': 92.0, '135-139': 84.0, '140-144': 80.0, '145-149': 88.0, '150-154': 88.0, '155-159': 76.0, '160-164': 88.0, '165-169': 72.0, '170-174': 76.0, '175-179': 96.0, '180-184': 84.0, '185-189': 100.0, '190-194': 88.0, '195-199': 72.0, 'old': 63.98, 'new': 43.12}
2026-01-02 22:03:28,144 [trainer.py] => CNN top1 curve: [64.13, 63.3]
2026-01-02 22:03:28,144 [trainer.py] => Average Accuracy (CNN): 63.72 

2026-01-02 22:03:28,145 [trainer.py] => All params: 86032898
2026-01-02 22:03:28,145 [trainer.py] => Trainable params: 86032898
2026-01-02 22:03:28,147 [simplecil.py] => Learning on 105-110
2026-01-02 22:04:10,649 [trainer.py] => CNN: {'total': 63.05, '00-99': 63.95, '100-104': 43.12, '105-109': 56.9, '110-114': 80.0, '115-119': 84.0, '120-124': 80.0, '125-129': 76.0, '130-134': 80.0, '135-139': 68.0, '140-144': 80.0, '145-149': 96.0, '150-154': 92.0, '155-159': 88.0, '160-164': 72.0, '165-169': 76.0, '170-174': 80.0, '175-179': 68.0, '180-184': 76.0, '185-189': 88.0, '190-194': 84.0, '195-199': 88.0, 'old': 63.27, 'new': 56.9}
2026-01-02 22:04:10,649 [trainer.py] => CNN top1 curve: [64.13, 63.3, 63.05]
2026-01-02 22:04:10,649 [trainer.py] => Average Accuracy (CNN): 63.49 

2026-01-02 22:04:10,649 [trainer.py] => All params: 86036738
2026-01-02 22:04:10,650 [trainer.py] => Trainable params: 86036738
2026-01-02 22:04:10,655 [simplecil.py] => Learning on 110-115
2026-01-02 22:04:56,783 [trainer.py] => CNN: {'total': 62.01, '00-99': 63.76, '100-104': 43.12, '105-109': 56.9, '110-114': 44.05, '115-119': 96.0, '120-124': 84.0, '125-129': 68.0, '130-134': 80.0, '135-139': 72.0, '140-144': 92.0, '145-149': 92.0, '150-154': 96.0, '155-159': 72.0, '160-164': 88.0, '165-169': 76.0, '170-174': 76.0, '175-179': 84.0, '180-184': 76.0, '185-189': 92.0, '190-194': 100.0, '195-199': 92.0, 'old': 62.88, 'new': 44.05}
2026-01-02 22:04:56,784 [trainer.py] => CNN top1 curve: [64.13, 63.3, 63.05, 62.01]
2026-01-02 22:04:56,784 [trainer.py] => Average Accuracy (CNN): 63.12 

2026-01-02 22:04:56,784 [trainer.py] => All params: 86040578
2026-01-02 22:04:56,785 [trainer.py] => Trainable params: 86040578
2026-01-02 22:04:56,789 [simplecil.py] => Learning on 115-120
2026-01-02 22:05:38,788 [trainer.py] => CNN: {'total': 61.01, '00-99': 63.51, '100-104': 43.12, '105-109': 56.9, '110-114': 44.05, '115-119': 41.13, '120-124': 80.0, '125-129': 88.0, '130-134': 88.0, '135-139': 76.0, '140-144': 92.0, '145-149': 84.0, '150-154': 88.0, '155-159': 64.0, '160-164': 80.0, '165-169': 80.0, '170-174': 84.0, '175-179': 72.0, '180-184': 68.0, '185-189': 92.0, '190-194': 96.0, '195-199': 80.0, 'old': 61.79, 'new': 41.13}
2026-01-02 22:05:38,788 [trainer.py] => CNN top1 curve: [64.13, 63.3, 63.05, 62.01, 61.01]
2026-01-02 22:05:38,788 [trainer.py] => Average Accuracy (CNN): 62.7 

2026-01-02 22:05:38,789 [trainer.py] => All params: 86044418
2026-01-02 22:05:38,789 [trainer.py] => Trainable params: 86044418
2026-01-02 22:05:38,793 [simplecil.py] => Learning on 120-125
2026-01-02 22:06:24,034 [trainer.py] => CNN: {'total': 59.8, '00-99': 63.3, '100-104': 43.12, '105-109': 56.9, '110-114': 44.05, '115-119': 41.13, '120-124': 31.11, '125-129': 68.0, '130-134': 72.0, '135-139': 72.0, '140-144': 96.0, '145-149': 84.0, '150-154': 92.0, '155-159': 72.0, '160-164': 88.0, '165-169': 88.0, '170-174': 64.0, '175-179': 64.0, '180-184': 68.0, '185-189': 100.0, '190-194': 88.0, '195-199': 84.0, 'old': 60.83, 'new': 31.11}
2026-01-02 22:06:24,034 [trainer.py] => CNN top1 curve: [64.13, 63.3, 63.05, 62.01, 61.01, 59.8]
2026-01-02 22:06:24,034 [trainer.py] => Average Accuracy (CNN): 62.22 

2026-01-02 22:06:24,035 [trainer.py] => All params: 86048258
2026-01-02 22:06:24,035 [trainer.py] => Trainable params: 86048258
2026-01-02 22:06:24,037 [simplecil.py] => Learning on 125-130
2026-01-02 22:07:06,924 [trainer.py] => CNN: {'total': 58.58, '00-99': 63.23, '100-104': 43.12, '105-109': 56.9, '110-114': 44.05, '115-119': 41.13, '120-124': 31.11, '125-129': 13.73, '130-134': 76.0, '135-139': 64.0, '140-144': 92.0, '145-149': 84.0, '150-154': 80.0, '155-159': 68.0, '160-164': 72.0, '165-169': 96.0, '170-174': 80.0, '175-179': 76.0, '180-184': 80.0, '185-189': 88.0, '190-194': 84.0, '195-199': 84.0, 'old': 59.75, 'new': 13.73}
2026-01-02 22:07:06,924 [trainer.py] => CNN top1 curve: [64.13, 63.3, 63.05, 62.01, 61.01, 59.8, 58.58]
2026-01-02 22:07:06,924 [trainer.py] => Average Accuracy (CNN): 61.7 

2026-01-02 22:07:06,925 [trainer.py] => All params: 86052098
2026-01-02 22:07:06,925 [trainer.py] => Trainable params: 86052098
2026-01-02 22:07:06,930 [simplecil.py] => Learning on 130-135
2026-01-02 22:07:49,536 [trainer.py] => CNN: {'total': 57.86, '00-99': 63.08, '100-104': 42.2, '105-109': 56.9, '110-114': 44.05, '115-119': 40.43, '120-124': 31.11, '125-129': 13.73, '130-134': 39.5, '135-139': 92.0, '140-144': 92.0, '145-149': 76.0, '150-154': 76.0, '155-159': 72.0, '160-164': 72.0, '165-169': 88.0, '170-174': 80.0, '175-179': 88.0, '180-184': 80.0, '185-189': 84.0, '190-194': 88.0, '195-199': 88.0, 'old': 58.4, 'new': 39.5}
2026-01-02 22:07:49,536 [trainer.py] => CNN top1 curve: [64.13, 63.3, 63.05, 62.01, 61.01, 59.8, 58.58, 57.86]
2026-01-02 22:07:49,536 [trainer.py] => Average Accuracy (CNN): 61.22 

2026-01-02 22:07:49,537 [trainer.py] => All params: 86055938
2026-01-02 22:07:49,538 [trainer.py] => Trainable params: 86055938
2026-01-02 22:07:49,539 [simplecil.py] => Learning on 135-140
2026-01-02 22:08:28,073 [trainer.py] => CNN: {'total': 56.7, '00-99': 62.86, '100-104': 42.2, '105-109': 56.9, '110-114': 44.05, '115-119': 40.43, '120-124': 31.11, '125-129': 13.73, '130-134': 39.5, '135-139': 31.01, '140-144': 96.0, '145-149': 72.0, '150-154': 84.0, '155-159': 72.0, '160-164': 88.0, '165-169': 80.0, '170-174': 84.0, '175-179': 68.0, '180-184': 84.0, '185-189': 92.0, '190-194': 92.0, '195-199': 92.0, 'old': 57.69, 'new': 31.01}
2026-01-02 22:08:28,074 [trainer.py] => CNN top1 curve: [64.13, 63.3, 63.05, 62.01, 61.01, 59.8, 58.58, 57.86, 56.7]
2026-01-02 22:08:28,074 [trainer.py] => Average Accuracy (CNN): 60.72 

2026-01-02 22:08:28,074 [trainer.py] => All params: 86059778
2026-01-02 22:08:28,075 [trainer.py] => Trainable params: 86059778
2026-01-02 22:08:28,081 [simplecil.py] => Learning on 140-145
2026-01-02 22:09:12,850 [trainer.py] => CNN: {'total': 56.39, '00-99': 62.8, '100-104': 42.2, '105-109': 56.9, '110-114': 44.05, '115-119': 40.43, '120-124': 31.11, '125-129': 13.73, '130-134': 39.5, '135-139': 31.01, '140-144': 49.38, '145-149': 80.0, '150-154': 92.0, '155-159': 84.0, '160-164': 64.0, '165-169': 80.0, '170-174': 84.0, '175-179': 76.0, '180-184': 80.0, '185-189': 100.0, '190-194': 88.0, '195-199': 92.0, 'old': 56.66, 'new': 49.38}
2026-01-02 22:09:12,850 [trainer.py] => CNN top1 curve: [64.13, 63.3, 63.05, 62.01, 61.01, 59.8, 58.58, 57.86, 56.7, 56.39]
2026-01-02 22:09:12,850 [trainer.py] => Average Accuracy (CNN): 60.28 

2026-01-02 22:09:12,850 [trainer.py] => All params: 86063618
2026-01-02 22:09:12,851 [trainer.py] => Trainable params: 86063618
2026-01-02 22:09:12,875 [simplecil.py] => Learning on 145-150
2026-01-02 22:09:56,594 [trainer.py] => CNN: {'total': 55.52, '00-99': 62.65, '100-104': 41.28, '105-109': 56.9, '110-114': 44.05, '115-119': 40.43, '120-124': 31.11, '125-129': 13.73, '130-134': 39.5, '135-139': 31.01, '140-144': 49.38, '145-149': 27.35, '150-154': 92.0, '155-159': 80.0, '160-164': 84.0, '165-169': 80.0, '170-174': 92.0, '175-179': 80.0, '180-184': 84.0, '185-189': 88.0, '190-194': 88.0, '195-199': 88.0, 'old': 56.26, 'new': 27.35}
2026-01-02 22:09:56,595 [trainer.py] => CNN top1 curve: [64.13, 63.3, 63.05, 62.01, 61.01, 59.8, 58.58, 57.86, 56.7, 56.39, 55.52]
2026-01-02 22:09:56,595 [trainer.py] => Average Accuracy (CNN): 59.85 

2026-01-02 22:09:56,595 [trainer.py] => All params: 86067458
2026-01-02 22:09:56,596 [trainer.py] => Trainable params: 86067458
2026-01-02 22:09:56,608 [simplecil.py] => Learning on 150-155
2026-01-02 22:10:41,232 [trainer.py] => CNN: {'total': 55.01, '00-99': 62.49, '100-104': 41.28, '105-109': 55.17, '110-114': 44.05, '115-119': 40.43, '120-124': 30.37, '125-129': 13.73, '130-134': 39.5, '135-139': 30.38, '140-144': 49.38, '145-149': 27.35, '150-154': 45.14, '155-159': 80.0, '160-164': 80.0, '165-169': 80.0, '170-174': 92.0, '175-179': 84.0, '180-184': 92.0, '185-189': 96.0, '190-194': 96.0, '195-199': 84.0, 'old': 55.32, 'new': 45.14}
2026-01-02 22:10:41,232 [trainer.py] => CNN top1 curve: [64.13, 63.3, 63.05, 62.01, 61.01, 59.8, 58.58, 57.86, 56.7, 56.39, 55.52, 55.01]
2026-01-02 22:10:41,233 [trainer.py] => Average Accuracy (CNN): 59.45 

2026-01-02 22:10:41,233 [trainer.py] => All params: 86071298
2026-01-02 22:10:41,234 [trainer.py] => Trainable params: 86071298
2026-01-02 22:10:41,235 [simplecil.py] => Learning on 155-160
2026-01-02 22:11:26,176 [trainer.py] => CNN: {'total': 54.45, '00-99': 62.43, '100-104': 41.28, '105-109': 55.17, '110-114': 44.05, '115-119': 40.43, '120-124': 30.37, '125-129': 13.73, '130-134': 38.66, '135-139': 30.38, '140-144': 49.38, '145-149': 27.35, '150-154': 45.14, '155-159': 39.87, '160-164': 80.0, '165-169': 84.0, '170-174': 92.0, '175-179': 72.0, '180-184': 72.0, '185-189': 92.0, '190-194': 96.0, '195-199': 76.0, 'old': 54.94, 'new': 39.87}
2026-01-02 22:11:26,194 [trainer.py] => CNN top1 curve: [64.13, 63.3, 63.05, 62.01, 61.01, 59.8, 58.58, 57.86, 56.7, 56.39, 55.52, 55.01, 54.45]
2026-01-02 22:11:26,194 [trainer.py] => Average Accuracy (CNN): 59.06 

2026-01-02 22:11:26,195 [trainer.py] => All params: 86075138
2026-01-02 22:11:26,195 [trainer.py] => Trainable params: 86075138
2026-01-02 22:11:26,201 [simplecil.py] => Learning on 160-165
2026-01-02 22:12:11,203 [trainer.py] => CNN: {'total': 53.68, '00-99': 62.34, '100-104': 41.28, '105-109': 55.17, '110-114': 42.86, '115-119': 40.43, '120-124': 30.37, '125-129': 13.73, '130-134': 38.66, '135-139': 30.38, '140-144': 48.75, '145-149': 27.35, '150-154': 44.44, '155-159': 37.97, '160-164': 38.59, '165-169': 76.0, '170-174': 72.0, '175-179': 88.0, '180-184': 84.0, '185-189': 88.0, '190-194': 100.0, '195-199': 76.0, 'old': 54.25, 'new': 38.59}
2026-01-02 22:12:11,203 [trainer.py] => CNN top1 curve: [64.13, 63.3, 63.05, 62.01, 61.01, 59.8, 58.58, 57.86, 56.7, 56.39, 55.52, 55.01, 54.45, 53.68]
2026-01-02 22:12:11,203 [trainer.py] => Average Accuracy (CNN): 58.68 

2026-01-02 22:12:11,204 [trainer.py] => All params: 86078978
2026-01-02 22:12:11,204 [trainer.py] => Trainable params: 86078978
2026-01-02 22:12:11,206 [simplecil.py] => Learning on 165-170
2026-01-02 22:12:46,967 [trainer.py] => CNN: {'total': 53.09, '00-99': 62.24, '100-104': 41.28, '105-109': 55.17, '110-114': 42.86, '115-119': 40.43, '120-124': 30.37, '125-129': 13.73, '130-134': 37.82, '135-139': 30.38, '140-144': 48.12, '145-149': 27.35, '150-154': 44.44, '155-159': 37.97, '160-164': 38.59, '165-169': 31.58, '170-174': 64.0, '175-179': 64.0, '180-184': 64.0, '185-189': 88.0, '190-194': 92.0, '195-199': 92.0, 'old': 53.58, 'new': 31.58}
2026-01-02 22:12:46,967 [trainer.py] => CNN top1 curve: [64.13, 63.3, 63.05, 62.01, 61.01, 59.8, 58.58, 57.86, 56.7, 56.39, 55.52, 55.01, 54.45, 53.68, 53.09]
2026-01-02 22:12:46,968 [trainer.py] => Average Accuracy (CNN): 58.31 

2026-01-02 22:12:46,968 [trainer.py] => All params: 86082818
2026-01-02 22:12:46,969 [trainer.py] => Trainable params: 86082818
2026-01-02 22:12:46,975 [simplecil.py] => Learning on 170-175
2026-01-02 22:13:30,842 [trainer.py] => CNN: {'total': 52.29, '00-99': 62.12, '100-104': 41.28, '105-109': 54.31, '110-114': 42.86, '115-119': 40.43, '120-124': 30.37, '125-129': 13.73, '130-134': 37.82, '135-139': 30.38, '140-144': 48.12, '145-149': 27.35, '150-154': 44.44, '155-159': 37.97, '160-164': 38.59, '165-169': 31.58, '170-174': 35.75, '175-179': 80.0, '180-184': 76.0, '185-189': 88.0, '190-194': 92.0, '195-199': 80.0, 'old': 52.99, 'new': 35.75}
2026-01-02 22:13:30,842 [trainer.py] => CNN top1 curve: [64.13, 63.3, 63.05, 62.01, 61.01, 59.8, 58.58, 57.86, 56.7, 56.39, 55.52, 55.01, 54.45, 53.68, 53.09, 52.29]
2026-01-02 22:13:30,842 [trainer.py] => Average Accuracy (CNN): 57.93 

2026-01-02 22:13:30,846 [trainer.py] => All params: 86086658
2026-01-02 22:13:30,846 [trainer.py] => Trainable params: 86086658
2026-01-02 22:13:30,855 [simplecil.py] => Learning on 175-180
2026-01-02 22:14:21,315 [trainer.py] => CNN: {'total': 51.7, '00-99': 62.06, '100-104': 41.28, '105-109': 54.31, '110-114': 42.86, '115-119': 40.43, '120-124': 30.37, '125-129': 13.73, '130-134': 37.82, '135-139': 30.38, '140-144': 47.5, '145-149': 27.35, '150-154': 44.44, '155-159': 37.97, '160-164': 38.59, '165-169': 31.58, '170-174': 35.75, '175-179': 21.88, '180-184': 72.0, '185-189': 84.0, '190-194': 92.0, '195-199': 80.0, 'old': 52.23, 'new': 21.88}
2026-01-02 22:14:21,315 [trainer.py] => CNN top1 curve: [64.13, 63.3, 63.05, 62.01, 61.01, 59.8, 58.58, 57.86, 56.7, 56.39, 55.52, 55.01, 54.45, 53.68, 53.09, 52.29, 51.7]
2026-01-02 22:14:21,316 [trainer.py] => Average Accuracy (CNN): 57.56 

2026-01-02 22:14:21,316 [trainer.py] => All params: 86090498
2026-01-02 22:14:21,317 [trainer.py] => Trainable params: 86090498
2026-01-02 22:14:21,326 [simplecil.py] => Learning on 180-185
2026-01-02 22:15:09,281 [trainer.py] => CNN: {'total': 51.05, '00-99': 61.78, '100-104': 41.28, '105-109': 54.31, '110-114': 42.86, '115-119': 40.43, '120-124': 30.37, '125-129': 13.73, '130-134': 37.82, '135-139': 30.38, '140-144': 47.5, '145-149': 27.35, '150-154': 44.44, '155-159': 37.97, '160-164': 38.04, '165-169': 31.58, '170-174': 35.75, '175-179': 21.88, '180-184': 29.66, '185-189': 88.0, '190-194': 88.0, '195-199': 84.0, 'old': 51.52, 'new': 29.66}
2026-01-02 22:15:09,281 [trainer.py] => CNN top1 curve: [64.13, 63.3, 63.05, 62.01, 61.01, 59.8, 58.58, 57.86, 56.7, 56.39, 55.52, 55.01, 54.45, 53.68, 53.09, 52.29, 51.7, 51.05]
2026-01-02 22:15:09,281 [trainer.py] => Average Accuracy (CNN): 57.2 

2026-01-02 22:15:09,282 [trainer.py] => All params: 86094338
2026-01-02 22:15:09,282 [trainer.py] => Trainable params: 86094338
2026-01-02 22:15:09,291 [simplecil.py] => Learning on 185-190
2026-01-02 22:15:59,333 [trainer.py] => CNN: {'total': 51.03, '00-99': 61.69, '100-104': 41.28, '105-109': 54.31, '110-114': 42.86, '115-119': 40.43, '120-124': 30.37, '125-129': 13.73, '130-134': 37.82, '135-139': 30.38, '140-144': 47.5, '145-149': 27.35, '150-154': 44.44, '155-159': 37.97, '160-164': 38.04, '165-169': 31.58, '170-174': 35.75, '175-179': 21.88, '180-184': 29.66, '185-189': 52.54, '190-194': 80.0, '195-199': 76.0, 'old': 51.0, 'new': 52.54}
2026-01-02 22:15:59,334 [trainer.py] => CNN top1 curve: [64.13, 63.3, 63.05, 62.01, 61.01, 59.8, 58.58, 57.86, 56.7, 56.39, 55.52, 55.01, 54.45, 53.68, 53.09, 52.29, 51.7, 51.05, 51.03]
2026-01-02 22:15:59,334 [trainer.py] => Average Accuracy (CNN): 56.88 

2026-01-02 22:15:59,334 [trainer.py] => All params: 86098178
2026-01-02 22:15:59,335 [trainer.py] => Trainable params: 86098178
2026-01-02 22:15:59,341 [simplecil.py] => Learning on 190-195
2026-01-02 22:16:45,381 [trainer.py] => CNN: {'total': 50.53, '00-99': 61.6, '100-104': 41.28, '105-109': 54.31, '110-114': 42.86, '115-119': 40.43, '120-124': 30.37, '125-129': 13.73, '130-134': 37.82, '135-139': 30.38, '140-144': 47.5, '145-149': 27.35, '150-154': 44.44, '155-159': 37.97, '160-164': 38.04, '165-169': 31.58, '170-174': 35.75, '175-179': 20.83, '180-184': 29.66, '185-189': 52.54, '190-194': 36.67, '195-199': 80.0, 'old': 50.96, 'new': 36.67}
2026-01-02 22:16:45,382 [trainer.py] => CNN top1 curve: [64.13, 63.3, 63.05, 62.01, 61.01, 59.8, 58.58, 57.86, 56.7, 56.39, 55.52, 55.01, 54.45, 53.68, 53.09, 52.29, 51.7, 51.05, 51.03, 50.53]
2026-01-02 22:16:45,382 [trainer.py] => Average Accuracy (CNN): 56.56 

2026-01-02 22:16:45,382 [trainer.py] => All params: 86102018
2026-01-02 22:16:45,383 [trainer.py] => Trainable params: 86102018
2026-01-02 22:16:45,393 [simplecil.py] => Learning on 195-200
2026-01-02 22:17:35,386 [trainer.py] => CNN: {'total': 50.48, '00-99': 61.56, '100-104': 41.28, '105-109': 54.31, '110-114': 42.86, '115-119': 40.43, '120-124': 30.37, '125-129': 13.73, '130-134': 37.82, '135-139': 30.38, '140-144': 47.5, '145-149': 27.35, '150-154': 44.44, '155-159': 37.97, '160-164': 38.04, '165-169': 31.58, '170-174': 35.75, '175-179': 20.83, '180-184': 29.66, '185-189': 51.69, '190-194': 36.67, '195-199': 50.0, 'old': 50.49, 'new': 50.0}
2026-01-02 22:17:35,386 [trainer.py] => CNN top1 curve: [64.13, 63.3, 63.05, 62.01, 61.01, 59.8, 58.58, 57.86, 56.7, 56.39, 55.52, 55.01, 54.45, 53.68, 53.09, 52.29, 51.7, 51.05, 51.03, 50.53, 50.48]
2026-01-02 22:17:35,387 [trainer.py] => Average Accuracy (CNN): 56.27 


================================================================================
Finished imagenetr_init100_inc5: pretrained_vit_b16_224  
Base Accuracy: 64.13
Last Accuracy: 50.48
Average Accuracy (Top1): 56.27
PD: 13.65
Backward Transfer (BWT): -0.94
Accuracy Matrix (CNN):
[[ 64.13  88.    80.    80.    92.    76.    84.    76.    80.    96.
   88.    96.    88.    80.    72.    80.    88.    88.    92.    92.
   96.  ]
 [ 63.98  43.12  92.    84.    84.    92.    84.    92.    84.    80.
   88.    88.    76.    88.    72.    76.    96.    84.   100.    88.
   72.  ]
 [ 63.95  43.12  56.9   80.    84.    80.    76.    80.    68.    80.
   96.    92.    88.    72.    76.    80.    68.    76.    88.    84.
   88.  ]
 [ 63.76  43.12  56.9   44.05  96.    84.    68.    80.    72.    92.
   92.    96.    72.    88.    76.    76.    84.    76.    92.   100.
   92.  ]
 [ 63.51  43.12  56.9   44.05  41.13  80.    88.    88.    76.    92.
   84.    88.    64.    80.    80.    84.    72.    68.    92.    96.
   80.  ]
 [ 63.3   43.12  56.9   44.05  41.13  31.11  68.    72.    72.    96.
   84.    92.    72.    88.    88.    64.    64.    68.   100.    88.
   84.  ]
 [ 63.23  43.12  56.9   44.05  41.13  31.11  13.73  76.    64.    92.
   84.    80.    68.    72.    96.    80.    76.    80.    88.    84.
   84.  ]
 [ 63.08  42.2   56.9   44.05  40.43  31.11  13.73  39.5   92.    92.
   76.    76.    72.    72.    88.    80.    88.    80.    84.    88.
   88.  ]
 [ 62.86  42.2   56.9   44.05  40.43  31.11  13.73  39.5   31.01  96.
   72.    84.    72.    88.    80.    84.    68.    84.    92.    92.
   92.  ]
 [ 62.8   42.2   56.9   44.05  40.43  31.11  13.73  39.5   31.01  49.38
   80.    92.    84.    64.    80.    84.    76.    80.   100.    88.
   92.  ]
 [ 62.65  41.28  56.9   44.05  40.43  31.11  13.73  39.5   31.01  49.38
   27.35  92.    80.    84.    80.    92.    80.    84.    88.    88.
   88.  ]
 [ 62.49  41.28  55.17  44.05  40.43  30.37  13.73  39.5   30.38  49.38
   27.35  45.14  80.    80.    80.    92.    84.    92.    96.    96.
   84.  ]
 [ 62.43  41.28  55.17  44.05  40.43  30.37  13.73  38.66  30.38  49.38
   27.35  45.14  39.87  80.    84.    92.    72.    72.    92.    96.
   76.  ]
 [ 62.34  41.28  55.17  42.86  40.43  30.37  13.73  38.66  30.38  48.75
   27.35  44.44  37.97  38.59  76.    72.    88.    84.    88.   100.
   76.  ]
 [ 62.24  41.28  55.17  42.86  40.43  30.37  13.73  37.82  30.38  48.12
   27.35  44.44  37.97  38.59  31.58  64.    64.    64.    88.    92.
   92.  ]
 [ 62.12  41.28  54.31  42.86  40.43  30.37  13.73  37.82  30.38  48.12
   27.35  44.44  37.97  38.59  31.58  35.75  80.    76.    88.    92.
   80.  ]
 [ 62.06  41.28  54.31  42.86  40.43  30.37  13.73  37.82  30.38  47.5
   27.35  44.44  37.97  38.59  31.58  35.75  21.88  72.    84.    92.
   80.  ]
 [ 61.78  41.28  54.31  42.86  40.43  30.37  13.73  37.82  30.38  47.5
   27.35  44.44  37.97  38.04  31.58  35.75  21.88  29.66  88.    88.
   84.  ]
 [ 61.69  41.28  54.31  42.86  40.43  30.37  13.73  37.82  30.38  47.5
   27.35  44.44  37.97  38.04  31.58  35.75  21.88  29.66  52.54  80.
   76.  ]
 [ 61.6   41.28  54.31  42.86  40.43  30.37  13.73  37.82  30.38  47.5
   27.35  44.44  37.97  38.04  31.58  35.75  20.83  29.66  52.54  36.67
   80.  ]
 [ 61.56  41.28  54.31  42.86  40.43  30.37  13.73  37.82  30.38  47.5
   27.35  44.44  37.97  38.04  31.58  35.75  20.83  29.66  51.69  36.67
   50.  ]]
================================================================================

2026-01-02 22:17:42,284 [trainer.py] => config: ./configs/simplecil/IN1K/simplecil_inr_B100_Inc10.json
2026-01-02 22:17:42,284 [trainer.py] => prefix:  
2026-01-02 22:17:42,284 [trainer.py] => dataset: imagenetr
2026-01-02 22:17:42,285 [trainer.py] => memory_size: 0
2026-01-02 22:17:42,285 [trainer.py] => memory_per_class: 0
2026-01-02 22:17:42,285 [trainer.py] => fixed_memory: False
2026-01-02 22:17:42,285 [trainer.py] => shuffle: True
2026-01-02 22:17:42,285 [trainer.py] => init_cls: 100
2026-01-02 22:17:42,285 [trainer.py] => increment: 10
2026-01-02 22:17:42,285 [trainer.py] => model_name: simplecil
2026-01-02 22:17:42,285 [trainer.py] => backbone_type: pretrained_vit_b16_224
2026-01-02 22:17:42,285 [trainer.py] => device: [device(type='cuda', index=2)]
2026-01-02 22:17:42,285 [trainer.py] => seed: 42
2026-01-02 22:17:42,285 [trainer.py] => kshot: 5
2026-01-02 22:17:42,285 [trainer.py] => tuned_epoch: 1
2026-01-02 22:17:42,285 [trainer.py] => init_lr: 0.01
2026-01-02 22:17:42,285 [trainer.py] => batch_size: 48
2026-01-02 22:17:42,285 [trainer.py] => weight_decay: 0.05
2026-01-02 22:17:42,285 [trainer.py] => min_lr: 1e-08
2026-01-02 22:17:42,285 [trainer.py] => optimizer: sgd
2026-01-02 22:17:42,285 [trainer.py] => vpt_type: shallow
2026-01-02 22:17:42,285 [trainer.py] => prompt_token_num: 3
2026-01-02 22:17:42,285 [trainer.py] => gpu_models: ['NVIDIA A800 80GB PCIe']
2026-01-02 22:17:42,806 [data_manager.py] => [95, 15, 30, 158, 128, 115, 69, 170, 174, 45, 66, 182, 165, 78, 186, 177, 56, 152, 82, 68, 124, 16, 148, 93, 65, 60, 84, 67, 125, 132, 9, 18, 55, 75, 150, 104, 135, 137, 164, 76, 79, 197, 38, 24, 122, 195, 29, 19, 143, 86, 114, 173, 5, 126, 117, 73, 140, 98, 172, 96, 169, 97, 31, 12, 35, 119, 42, 189, 90, 136, 51, 127, 162, 41, 118, 113, 26, 139, 100, 111, 2, 77, 46, 187, 191, 85, 161, 36, 190, 61, 22, 141, 101, 33, 11, 194, 159, 6, 27, 120, 4, 32, 142, 145, 109, 144, 10, 62, 112, 146, 166, 0, 198, 153, 70, 123, 64, 44, 163, 28, 40, 108, 155, 156, 25, 23, 184, 147, 81, 39, 168, 47, 94, 154, 43, 138, 3, 105, 53, 133, 180, 178, 185, 49, 80, 34, 7, 110, 91, 83, 176, 181, 89, 8, 13, 59, 171, 131, 17, 72, 175, 134, 167, 183, 63, 54, 107, 50, 196, 58, 48, 88, 21, 57, 160, 192, 129, 37, 157, 193, 1, 52, 149, 130, 151, 103, 99, 116, 87, 74, 121, 199, 20, 188, 71, 106, 14, 92, 179, 102]
This is for the BaseNet initialization.
After BaseNet initialization.
2026-01-02 22:17:53,122 [trainer.py] => All params: 85952257
2026-01-02 22:17:53,123 [trainer.py] => Trainable params: 85952257
2026-01-02 22:17:53,531 [simplecil.py] => Learning on 0-100
2026-01-02 22:20:34,937 [trainer.py] => CNN: {'total': 64.13, '00-99': 64.13, '100-109': 84.0, '110-119': 86.0, '120-129': 80.0, '130-139': 78.0, '140-149': 92.0, '150-159': 92.0, '160-169': 76.0, '170-179': 84.0, '180-189': 90.0, '190-199': 94.0, 'old': 0, 'new': 64.13}
2026-01-02 22:20:34,937 [trainer.py] => CNN top1 curve: [64.13]
2026-01-02 22:20:34,937 [trainer.py] => Average Accuracy (CNN): 64.13 

2026-01-02 22:20:34,938 [trainer.py] => All params: 86029058
2026-01-02 22:20:34,938 [trainer.py] => Trainable params: 86029058
2026-01-02 22:20:34,947 [simplecil.py] => Learning on 100-110
2026-01-02 22:21:15,947 [trainer.py] => CNN: {'total': 62.82, '00-99': 63.98, '100-109': 46.22, '110-119': 84.0, '120-129': 84.0, '130-139': 82.0, '140-149': 90.0, '150-159': 84.0, '160-169': 80.0, '170-179': 82.0, '180-189': 76.0, '190-199': 82.0, 'old': 63.98, 'new': 46.22}
2026-01-02 22:21:15,948 [trainer.py] => CNN top1 curve: [64.13, 62.82]
2026-01-02 22:21:15,948 [trainer.py] => Average Accuracy (CNN): 63.47 

2026-01-02 22:21:15,948 [trainer.py] => All params: 86036738
2026-01-02 22:21:15,949 [trainer.py] => Trainable params: 86036738
2026-01-02 22:21:15,959 [simplecil.py] => Learning on 110-120
2026-01-02 22:22:00,619 [trainer.py] => CNN: {'total': 60.56, '00-99': 63.7, '100-109': 46.22, '110-119': 38.19, '120-129': 82.0, '130-139': 78.0, '140-149': 88.0, '150-159': 72.0, '160-169': 80.0, '170-179': 86.0, '180-189': 84.0, '190-199': 86.0, 'old': 62.56, 'new': 38.19}
2026-01-02 22:22:00,619 [trainer.py] => CNN top1 curve: [64.13, 62.82, 60.56]
2026-01-02 22:22:00,619 [trainer.py] => Average Accuracy (CNN): 62.5 

2026-01-02 22:22:00,620 [trainer.py] => All params: 86044418
2026-01-02 22:22:00,620 [trainer.py] => Trainable params: 86044418
2026-01-02 22:22:00,625 [simplecil.py] => Learning on 120-130
2026-01-02 22:22:40,959 [trainer.py] => CNN: {'total': 58.15, '00-99': 63.42, '100-109': 46.22, '110-119': 38.19, '120-129': 23.63, '130-139': 78.0, '140-149': 94.0, '150-159': 86.0, '160-169': 82.0, '170-179': 78.0, '180-189': 86.0, '190-199': 90.0, 'old': 60.32, 'new': 23.63}
2026-01-02 22:22:40,959 [trainer.py] => CNN top1 curve: [64.13, 62.82, 60.56, 58.15]
2026-01-02 22:22:40,959 [trainer.py] => Average Accuracy (CNN): 61.42 

2026-01-02 22:22:40,960 [trainer.py] => All params: 86052098
2026-01-02 22:22:40,961 [trainer.py] => Trainable params: 86052098
2026-01-02 22:22:40,967 [simplecil.py] => Learning on 130-140
2026-01-02 22:23:25,946 [trainer.py] => CNN: {'total': 56.0, '00-99': 63.2, '100-109': 46.22, '110-119': 38.19, '120-129': 23.63, '130-139': 27.44, '140-149': 88.0, '150-159': 78.0, '160-169': 78.0, '170-179': 78.0, '180-189': 90.0, '190-199': 80.0, 'old': 57.98, 'new': 27.44}
2026-01-02 22:23:25,947 [trainer.py] => CNN top1 curve: [64.13, 62.82, 60.56, 58.15, 56.0]
2026-01-02 22:23:25,947 [trainer.py] => Average Accuracy (CNN): 60.33 

2026-01-02 22:23:25,947 [trainer.py] => All params: 86059778
2026-01-02 22:23:25,948 [trainer.py] => Trainable params: 86059778
2026-01-02 22:23:25,955 [simplecil.py] => Learning on 140-150
2026-01-02 22:24:11,064 [trainer.py] => CNN: {'total': 55.06, '00-99': 62.99, '100-109': 45.78, '110-119': 38.19, '120-129': 23.63, '130-139': 26.71, '140-149': 44.04, '150-159': 88.0, '160-169': 76.0, '170-179': 78.0, '180-189': 84.0, '190-199': 86.0, 'old': 55.77, 'new': 44.04}
2026-01-02 22:24:11,064 [trainer.py] => CNN top1 curve: [64.13, 62.82, 60.56, 58.15, 56.0, 55.06]
2026-01-02 22:24:11,064 [trainer.py] => Average Accuracy (CNN): 59.45 

2026-01-02 22:24:11,065 [trainer.py] => All params: 86067458
2026-01-02 22:24:11,066 [trainer.py] => Trainable params: 86067458
2026-01-02 22:24:11,074 [simplecil.py] => Learning on 150-160
2026-01-02 22:24:59,867 [trainer.py] => CNN: {'total': 54.45, '00-99': 62.86, '100-109': 45.33, '110-119': 38.19, '120-129': 23.63, '130-139': 26.71, '140-149': 44.04, '150-159': 47.02, '160-169': 76.0, '170-179': 84.0, '180-189': 82.0, '190-199': 76.0, 'old': 54.95, 'new': 47.02}
2026-01-02 22:24:59,904 [trainer.py] => CNN top1 curve: [64.13, 62.82, 60.56, 58.15, 56.0, 55.06, 54.45]
2026-01-02 22:24:59,904 [trainer.py] => Average Accuracy (CNN): 58.74 

2026-01-02 22:24:59,905 [trainer.py] => All params: 86075138
2026-01-02 22:24:59,905 [trainer.py] => Trainable params: 86075138
2026-01-02 22:24:59,911 [simplecil.py] => Learning on 160-170
2026-01-02 22:25:44,727 [trainer.py] => CNN: {'total': 52.99, '00-99': 62.68, '100-109': 45.33, '110-119': 38.19, '120-129': 23.21, '130-139': 26.71, '140-149': 43.68, '150-159': 46.69, '160-169': 32.21, '170-179': 80.0, '180-189': 90.0, '190-199': 84.0, 'old': 54.27, 'new': 32.21}
2026-01-02 22:25:44,728 [trainer.py] => CNN top1 curve: [64.13, 62.82, 60.56, 58.15, 56.0, 55.06, 54.45, 52.99]
2026-01-02 22:25:44,728 [trainer.py] => Average Accuracy (CNN): 58.02 

2026-01-02 22:25:44,728 [trainer.py] => All params: 86082818
2026-01-02 22:25:44,729 [trainer.py] => Trainable params: 86082818
2026-01-02 22:25:44,737 [simplecil.py] => Learning on 170-180
2026-01-02 22:26:33,567 [trainer.py] => CNN: {'total': 51.92, '00-99': 62.55, '100-109': 45.33, '110-119': 38.19, '120-129': 23.21, '130-139': 26.71, '140-149': 43.32, '150-159': 46.36, '160-169': 32.21, '170-179': 36.28, '180-189': 80.0, '190-199': 86.0, 'old': 52.88, 'new': 36.28}
2026-01-02 22:26:33,568 [trainer.py] => CNN top1 curve: [64.13, 62.82, 60.56, 58.15, 56.0, 55.06, 54.45, 52.99, 51.92]
2026-01-02 22:26:33,568 [trainer.py] => Average Accuracy (CNN): 57.34 

2026-01-02 22:26:33,568 [trainer.py] => All params: 86090498
2026-01-02 22:26:33,569 [trainer.py] => Trainable params: 86090498
2026-01-02 22:26:33,575 [simplecil.py] => Learning on 180-190
2026-01-02 22:27:24,703 [trainer.py] => CNN: {'total': 51.14, '00-99': 62.21, '100-109': 45.33, '110-119': 37.86, '120-129': 23.21, '130-139': 25.99, '140-149': 43.32, '150-159': 46.36, '160-169': 31.88, '170-179': 36.28, '180-189': 39.41, '190-199': 90.0, 'old': 51.64, 'new': 39.41}
2026-01-02 22:27:24,704 [trainer.py] => CNN top1 curve: [64.13, 62.82, 60.56, 58.15, 56.0, 55.06, 54.45, 52.99, 51.92, 51.14]
2026-01-02 22:27:24,704 [trainer.py] => Average Accuracy (CNN): 56.72 

2026-01-02 22:27:24,704 [trainer.py] => All params: 86098178
2026-01-02 22:27:24,705 [trainer.py] => Trainable params: 86098178
2026-01-02 22:27:24,713 [simplecil.py] => Learning on 190-200
2026-01-02 22:28:15,088 [trainer.py] => CNN: {'total': 50.6, '00-99': 61.97, '100-109': 45.33, '110-119': 37.86, '120-129': 23.21, '130-139': 25.63, '140-149': 43.32, '150-159': 46.03, '160-169': 31.54, '170-179': 35.96, '180-189': 38.98, '190-199': 44.44, 'old': 50.91, 'new': 44.44}
2026-01-02 22:28:15,088 [trainer.py] => CNN top1 curve: [64.13, 62.82, 60.56, 58.15, 56.0, 55.06, 54.45, 52.99, 51.92, 51.14, 50.6]
2026-01-02 22:28:15,088 [trainer.py] => Average Accuracy (CNN): 56.17 


================================================================================
Finished imagenetr_init100_inc10: pretrained_vit_b16_224  
Base Accuracy: 64.13
Last Accuracy: 50.6
Average Accuracy (Top1): 56.17
PD: 13.53
Backward Transfer (BWT): -0.87
Accuracy Matrix (CNN):
[[64.13 84.   86.   80.   78.   92.   92.   76.   84.   90.   94.  ]
 [63.98 46.22 84.   84.   82.   90.   84.   80.   82.   76.   82.  ]
 [63.7  46.22 38.19 82.   78.   88.   72.   80.   86.   84.   86.  ]
 [63.42 46.22 38.19 23.63 78.   94.   86.   82.   78.   86.   90.  ]
 [63.2  46.22 38.19 23.63 27.44 88.   78.   78.   78.   90.   80.  ]
 [62.99 45.78 38.19 23.63 26.71 44.04 88.   76.   78.   84.   86.  ]
 [62.86 45.33 38.19 23.63 26.71 44.04 47.02 76.   84.   82.   76.  ]
 [62.68 45.33 38.19 23.21 26.71 43.68 46.69 32.21 80.   90.   84.  ]
 [62.55 45.33 38.19 23.21 26.71 43.32 46.36 32.21 36.28 80.   86.  ]
 [62.21 45.33 37.86 23.21 25.99 43.32 46.36 31.88 36.28 39.41 90.  ]
 [61.97 45.33 37.86 23.21 25.63 43.32 46.03 31.54 35.96 38.98 44.44]]
================================================================================

2026-01-02 22:28:34,615 [trainer.py] => config: ./configs/simplecil/IN1K/simplecil_mini_B60_Inc2.json
2026-01-02 22:28:34,615 [trainer.py] => prefix:  
2026-01-02 22:28:34,615 [trainer.py] => dataset: mini_imagenet
2026-01-02 22:28:34,615 [trainer.py] => memory_size: 0
2026-01-02 22:28:34,615 [trainer.py] => memory_per_class: 0
2026-01-02 22:28:34,615 [trainer.py] => fixed_memory: False
2026-01-02 22:28:34,615 [trainer.py] => shuffle: True
2026-01-02 22:28:34,615 [trainer.py] => init_cls: 60
2026-01-02 22:28:34,615 [trainer.py] => increment: 2
2026-01-02 22:28:34,615 [trainer.py] => model_name: simplecil
2026-01-02 22:28:34,615 [trainer.py] => backbone_type: pretrained_vit_b16_224
2026-01-02 22:28:34,615 [trainer.py] => device: [device(type='cuda', index=2)]
2026-01-02 22:28:34,615 [trainer.py] => seed: 42
2026-01-02 22:28:34,615 [trainer.py] => kshot: 5
2026-01-02 22:28:34,615 [trainer.py] => tuned_epoch: 1
2026-01-02 22:28:34,615 [trainer.py] => init_lr: 0.01
2026-01-02 22:28:34,615 [trainer.py] => batch_size: 48
2026-01-02 22:28:34,615 [trainer.py] => weight_decay: 0.05
2026-01-02 22:28:34,615 [trainer.py] => min_lr: 1e-08
2026-01-02 22:28:34,615 [trainer.py] => optimizer: sgd
2026-01-02 22:28:34,615 [trainer.py] => vpt_type: shallow
2026-01-02 22:28:34,615 [trainer.py] => prompt_token_num: 3
2026-01-02 22:28:34,616 [trainer.py] => gpu_models: ['NVIDIA A800 80GB PCIe']
2026-01-02 22:28:35,104 [data_manager.py] => [83, 53, 70, 45, 44, 39, 22, 80, 10, 0, 18, 30, 73, 33, 90, 4, 76, 77, 12, 31, 55, 88, 26, 42, 69, 15, 40, 96, 9, 72, 11, 47, 85, 28, 93, 5, 66, 65, 35, 16, 49, 34, 7, 95, 27, 19, 81, 25, 62, 13, 24, 3, 17, 38, 8, 78, 6, 64, 36, 89, 56, 99, 54, 43, 50, 67, 46, 68, 61, 97, 79, 41, 58, 48, 98, 57, 75, 32, 94, 59, 63, 84, 37, 29, 1, 52, 21, 2, 23, 87, 91, 74, 86, 82, 20, 60, 71, 14, 92, 51]
This is for the BaseNet initialization.
After BaseNet initialization.
2026-01-02 22:29:06,420 [trainer.py] => All params: 85875457
2026-01-02 22:29:06,420 [trainer.py] => Trainable params: 85875457
2026-01-02 22:29:06,756 [simplecil.py] => Learning on 0-60
2026-01-02 22:34:44,152 [trainer.py] => CNN: {'total': 94.0, '00-59': 94.0, '60-61': 40.0, '62-63': 80.0, '64-65': 80.0, '66-67': 60.0, '68-69': 100.0, '70-71': 90.0, '72-73': 50.0, '74-75': 70.0, '76-77': 90.0, '78-79': 90.0, '80-81': 90.0, '82-83': 90.0, '84-85': 80.0, '86-87': 90.0, '88-89': 90.0, '90-91': 90.0, '92-93': 80.0, '94-95': 100.0, '96-97': 80.0, '98-99': 80.0, 'old': 0, 'new': 94.0}
2026-01-02 22:34:44,184 [trainer.py] => CNN top1 curve: [94.0]
2026-01-02 22:34:44,184 [trainer.py] => Average Accuracy (CNN): 94.0 

2026-01-02 22:34:44,185 [trainer.py] => All params: 85921538
2026-01-02 22:34:44,185 [trainer.py] => Trainable params: 85921538
2026-01-02 22:34:44,191 [simplecil.py] => Learning on 60-62
2026-01-02 22:35:41,498 [trainer.py] => CNN: {'total': 93.92, '00-59': 93.98, '60-61': 92.0, '62-63': 100.0, '64-65': 80.0, '66-67': 80.0, '68-69': 80.0, '70-71': 100.0, '72-73': 90.0, '74-75': 50.0, '76-77': 100.0, '78-79': 70.0, '80-81': 90.0, '82-83': 80.0, '84-85': 70.0, '86-87': 90.0, '88-89': 90.0, '90-91': 90.0, '92-93': 80.0, '94-95': 100.0, '96-97': 80.0, '98-99': 70.0, 'old': 93.98, 'new': 92.0}
2026-01-02 22:35:41,499 [trainer.py] => CNN top1 curve: [94.0, 93.92]
2026-01-02 22:35:41,499 [trainer.py] => Average Accuracy (CNN): 93.96 

2026-01-02 22:35:41,499 [trainer.py] => All params: 85923074
2026-01-02 22:35:41,500 [trainer.py] => Trainable params: 85923074
2026-01-02 22:35:41,508 [simplecil.py] => Learning on 62-64
2026-01-02 22:36:41,707 [trainer.py] => CNN: {'total': 93.67, '00-59': 93.93, '60-61': 92.0, '62-63': 87.5, '64-65': 90.0, '66-67': 70.0, '68-69': 100.0, '70-71': 70.0, '72-73': 80.0, '74-75': 90.0, '76-77': 80.0, '78-79': 100.0, '80-81': 90.0, '82-83': 80.0, '84-85': 80.0, '86-87': 90.0, '88-89': 100.0, '90-91': 90.0, '92-93': 80.0, '94-95': 80.0, '96-97': 80.0, '98-99': 100.0, 'old': 93.87, 'new': 87.5}
2026-01-02 22:36:41,707 [trainer.py] => CNN top1 curve: [94.0, 93.92, 93.67]
2026-01-02 22:36:41,707 [trainer.py] => Average Accuracy (CNN): 93.86 

2026-01-02 22:36:41,708 [trainer.py] => All params: 85924610
2026-01-02 22:36:41,709 [trainer.py] => Trainable params: 85924610
2026-01-02 22:36:41,717 [simplecil.py] => Learning on 64-66
2026-01-02 22:37:42,377 [trainer.py] => CNN: {'total': 93.74, '00-59': 93.88, '60-61': 92.0, '62-63': 87.5, '64-65': 97.5, '66-67': 80.0, '68-69': 100.0, '70-71': 70.0, '72-73': 70.0, '74-75': 90.0, '76-77': 100.0, '78-79': 90.0, '80-81': 70.0, '82-83': 90.0, '84-85': 60.0, '86-87': 90.0, '88-89': 90.0, '90-91': 80.0, '92-93': 100.0, '94-95': 100.0, '96-97': 80.0, '98-99': 100.0, 'old': 93.62, 'new': 97.5}
2026-01-02 22:37:42,377 [trainer.py] => CNN top1 curve: [94.0, 93.92, 93.67, 93.74]
2026-01-02 22:37:42,377 [trainer.py] => Average Accuracy (CNN): 93.83 

2026-01-02 22:37:42,378 [trainer.py] => All params: 85926146
2026-01-02 22:37:42,378 [trainer.py] => Trainable params: 85926146
2026-01-02 22:37:42,383 [simplecil.py] => Learning on 66-68
2026-01-02 22:38:45,576 [trainer.py] => CNN: {'total': 93.53, '00-59': 93.88, '60-61': 92.0, '62-63': 87.5, '64-65': 97.5, '66-67': 86.5, '68-69': 100.0, '70-71': 100.0, '72-73': 80.0, '74-75': 60.0, '76-77': 100.0, '78-79': 90.0, '80-81': 80.0, '82-83': 80.0, '84-85': 70.0, '86-87': 90.0, '88-89': 90.0, '90-91': 90.0, '92-93': 90.0, '94-95': 90.0, '96-97': 100.0, '98-99': 100.0, 'old': 93.74, 'new': 86.5}
2026-01-02 22:38:45,577 [trainer.py] => CNN top1 curve: [94.0, 93.92, 93.67, 93.74, 93.53]
2026-01-02 22:38:45,577 [trainer.py] => Average Accuracy (CNN): 93.77 

2026-01-02 22:38:45,577 [trainer.py] => All params: 85927682
2026-01-02 22:38:45,578 [trainer.py] => Trainable params: 85927682
2026-01-02 22:38:45,583 [simplecil.py] => Learning on 68-70
2026-01-02 22:39:39,966 [trainer.py] => CNN: {'total': 93.4, '00-59': 93.83, '60-61': 92.0, '62-63': 87.5, '64-65': 97.5, '66-67': 86.5, '68-69': 90.5, '70-71': 100.0, '72-73': 100.0, '74-75': 70.0, '76-77': 80.0, '78-79': 60.0, '80-81': 80.0, '82-83': 80.0, '84-85': 80.0, '86-87': 80.0, '88-89': 70.0, '90-91': 90.0, '92-93': 80.0, '94-95': 80.0, '96-97': 90.0, '98-99': 90.0, 'old': 93.49, 'new': 90.5}
2026-01-02 22:39:39,966 [trainer.py] => CNN top1 curve: [94.0, 93.92, 93.67, 93.74, 93.53, 93.4]
2026-01-02 22:39:39,966 [trainer.py] => Average Accuracy (CNN): 93.71 

2026-01-02 22:39:39,967 [trainer.py] => All params: 85929218
2026-01-02 22:39:39,967 [trainer.py] => Trainable params: 85929218
2026-01-02 22:39:39,974 [simplecil.py] => Learning on 70-72
2026-01-02 22:40:45,450 [trainer.py] => CNN: {'total': 93.26, '00-59': 93.83, '60-61': 92.0, '62-63': 87.5, '64-65': 97.5, '66-67': 86.5, '68-69': 90.5, '70-71': 88.5, '72-73': 80.0, '74-75': 80.0, '76-77': 90.0, '78-79': 100.0, '80-81': 80.0, '82-83': 70.0, '84-85': 80.0, '86-87': 80.0, '88-89': 90.0, '90-91': 80.0, '92-93': 90.0, '94-95': 100.0, '96-97': 80.0, '98-99': 100.0, 'old': 93.4, 'new': 88.5}
2026-01-02 22:40:45,450 [trainer.py] => CNN top1 curve: [94.0, 93.92, 93.67, 93.74, 93.53, 93.4, 93.26]
2026-01-02 22:40:45,450 [trainer.py] => Average Accuracy (CNN): 93.65 

2026-01-02 22:40:45,450 [trainer.py] => All params: 85930754
2026-01-02 22:40:45,451 [trainer.py] => Trainable params: 85930754
2026-01-02 22:40:45,466 [simplecil.py] => Learning on 72-74
2026-01-02 22:41:56,327 [trainer.py] => CNN: {'total': 92.11, '00-59': 93.83, '60-61': 92.0, '62-63': 87.5, '64-65': 97.5, '66-67': 86.5, '68-69': 90.5, '70-71': 88.5, '72-73': 50.5, '74-75': 70.0, '76-77': 70.0, '78-79': 90.0, '80-81': 70.0, '82-83': 90.0, '84-85': 70.0, '86-87': 100.0, '88-89': 100.0, '90-91': 100.0, '92-93': 80.0, '94-95': 100.0, '96-97': 100.0, '98-99': 80.0, 'old': 93.26, 'new': 50.5}
2026-01-02 22:41:56,327 [trainer.py] => CNN top1 curve: [94.0, 93.92, 93.67, 93.74, 93.53, 93.4, 93.26, 92.11]
2026-01-02 22:41:56,328 [trainer.py] => Average Accuracy (CNN): 93.45 

2026-01-02 22:41:56,328 [trainer.py] => All params: 85932290
2026-01-02 22:41:56,329 [trainer.py] => Trainable params: 85932290
2026-01-02 22:41:56,337 [simplecil.py] => Learning on 74-76
2026-01-02 22:43:00,709 [trainer.py] => CNN: {'total': 91.86, '00-59': 93.82, '60-61': 92.0, '62-63': 87.5, '64-65': 97.5, '66-67': 86.5, '68-69': 90.5, '70-71': 88.5, '72-73': 50.5, '74-75': 83.0, '76-77': 80.0, '78-79': 80.0, '80-81': 90.0, '82-83': 80.0, '84-85': 70.0, '86-87': 70.0, '88-89': 90.0, '90-91': 90.0, '92-93': 100.0, '94-95': 100.0, '96-97': 90.0, '98-99': 80.0, 'old': 92.09, 'new': 83.0}
2026-01-02 22:43:00,709 [trainer.py] => CNN top1 curve: [94.0, 93.92, 93.67, 93.74, 93.53, 93.4, 93.26, 92.11, 91.86]
2026-01-02 22:43:00,709 [trainer.py] => Average Accuracy (CNN): 93.28 

2026-01-02 22:43:00,710 [trainer.py] => All params: 85933826
2026-01-02 22:43:00,710 [trainer.py] => Trainable params: 85933826
2026-01-02 22:43:00,715 [simplecil.py] => Learning on 76-78
2026-01-02 22:44:15,610 [trainer.py] => CNN: {'total': 91.76, '00-59': 93.82, '60-61': 92.0, '62-63': 87.5, '64-65': 97.5, '66-67': 86.5, '68-69': 90.5, '70-71': 88.5, '72-73': 50.5, '74-75': 83.0, '76-77': 88.0, '78-79': 100.0, '80-81': 80.0, '82-83': 70.0, '84-85': 80.0, '86-87': 80.0, '88-89': 80.0, '90-91': 80.0, '92-93': 100.0, '94-95': 90.0, '96-97': 90.0, '98-99': 100.0, 'old': 91.86, 'new': 88.0}
2026-01-02 22:44:15,610 [trainer.py] => CNN top1 curve: [94.0, 93.92, 93.67, 93.74, 93.53, 93.4, 93.26, 92.11, 91.86, 91.76]
2026-01-02 22:44:15,610 [trainer.py] => Average Accuracy (CNN): 93.12 

2026-01-02 22:44:15,619 [trainer.py] => All params: 85935362
2026-01-02 22:44:15,620 [trainer.py] => Trainable params: 85935362
2026-01-02 22:44:15,655 [simplecil.py] => Learning on 78-80
2026-01-02 22:45:25,664 [trainer.py] => CNN: {'total': 90.7, '00-59': 93.82, '60-61': 92.0, '62-63': 87.5, '64-65': 97.5, '66-67': 86.5, '68-69': 90.5, '70-71': 88.5, '72-73': 50.5, '74-75': 83.0, '76-77': 88.0, '78-79': 49.5, '80-81': 70.0, '82-83': 90.0, '84-85': 80.0, '86-87': 80.0, '88-89': 80.0, '90-91': 90.0, '92-93': 100.0, '94-95': 80.0, '96-97': 80.0, '98-99': 80.0, 'old': 91.76, 'new': 49.5}
2026-01-02 22:45:25,665 [trainer.py] => CNN top1 curve: [94.0, 93.92, 93.67, 93.74, 93.53, 93.4, 93.26, 92.11, 91.86, 91.76, 90.7]
2026-01-02 22:45:25,665 [trainer.py] => Average Accuracy (CNN): 92.9 

2026-01-02 22:45:25,665 [trainer.py] => All params: 85936898
2026-01-02 22:45:25,666 [trainer.py] => Trainable params: 85936898
2026-01-02 22:45:25,674 [simplecil.py] => Learning on 80-82
2026-01-02 22:46:32,416 [trainer.py] => CNN: {'total': 89.38, '00-59': 93.77, '60-61': 92.0, '62-63': 87.5, '64-65': 97.5, '66-67': 86.5, '68-69': 90.5, '70-71': 88.5, '72-73': 50.5, '74-75': 83.0, '76-77': 88.0, '78-79': 49.5, '80-81': 38.0, '82-83': 70.0, '84-85': 80.0, '86-87': 70.0, '88-89': 80.0, '90-91': 90.0, '92-93': 90.0, '94-95': 90.0, '96-97': 80.0, '98-99': 70.0, 'old': 90.66, 'new': 38.0}
2026-01-02 22:46:32,416 [trainer.py] => CNN top1 curve: [94.0, 93.92, 93.67, 93.74, 93.53, 93.4, 93.26, 92.11, 91.86, 91.76, 90.7, 89.38]
2026-01-02 22:46:32,416 [trainer.py] => Average Accuracy (CNN): 92.61 

2026-01-02 22:46:32,417 [trainer.py] => All params: 85938434
2026-01-02 22:46:32,418 [trainer.py] => Trainable params: 85938434
2026-01-02 22:46:32,419 [simplecil.py] => Learning on 82-84
2026-01-02 22:47:38,245 [trainer.py] => CNN: {'total': 88.51, '00-59': 93.77, '60-61': 92.0, '62-63': 87.5, '64-65': 97.5, '66-67': 86.5, '68-69': 90.5, '70-71': 88.5, '72-73': 50.5, '74-75': 83.0, '76-77': 88.0, '78-79': 49.5, '80-81': 38.0, '82-83': 53.0, '84-85': 70.0, '86-87': 60.0, '88-89': 90.0, '90-91': 80.0, '92-93': 80.0, '94-95': 100.0, '96-97': 90.0, '98-99': 80.0, 'old': 89.38, 'new': 53.0}
2026-01-02 22:47:38,246 [trainer.py] => CNN top1 curve: [94.0, 93.92, 93.67, 93.74, 93.53, 93.4, 93.26, 92.11, 91.86, 91.76, 90.7, 89.38, 88.51]
2026-01-02 22:47:38,246 [trainer.py] => Average Accuracy (CNN): 92.3 

2026-01-02 22:47:38,246 [trainer.py] => All params: 85939970
2026-01-02 22:47:38,247 [trainer.py] => Trainable params: 85939970
2026-01-02 22:47:38,254 [simplecil.py] => Learning on 84-86
2026-01-02 22:48:41,656 [trainer.py] => CNN: {'total': 88.44, '00-59': 93.75, '60-61': 92.0, '62-63': 87.5, '64-65': 97.5, '66-67': 86.5, '68-69': 90.5, '70-71': 88.5, '72-73': 50.5, '74-75': 83.0, '76-77': 88.0, '78-79': 49.5, '80-81': 38.0, '82-83': 53.0, '84-85': 86.0, '86-87': 70.0, '88-89': 80.0, '90-91': 80.0, '92-93': 80.0, '94-95': 100.0, '96-97': 100.0, '98-99': 70.0, 'old': 88.5, 'new': 86.0}
2026-01-02 22:48:41,656 [trainer.py] => CNN top1 curve: [94.0, 93.92, 93.67, 93.74, 93.53, 93.4, 93.26, 92.11, 91.86, 91.76, 90.7, 89.38, 88.51, 88.44]
2026-01-02 22:48:41,656 [trainer.py] => Average Accuracy (CNN): 92.02 

2026-01-02 22:48:41,657 [trainer.py] => All params: 85941506
2026-01-02 22:48:41,657 [trainer.py] => Trainable params: 85941506
2026-01-02 22:48:41,664 [simplecil.py] => Learning on 86-88
2026-01-02 22:49:49,564 [trainer.py] => CNN: {'total': 88.55, '00-59': 93.73, '60-61': 92.0, '62-63': 87.5, '64-65': 97.5, '66-67': 86.5, '68-69': 90.5, '70-71': 88.5, '72-73': 50.5, '74-75': 83.0, '76-77': 88.0, '78-79': 49.5, '80-81': 38.0, '82-83': 53.0, '84-85': 86.0, '86-87': 93.5, '88-89': 100.0, '90-91': 90.0, '92-93': 100.0, '94-95': 80.0, '96-97': 100.0, '98-99': 80.0, 'old': 88.43, 'new': 93.5}
2026-01-02 22:49:49,565 [trainer.py] => CNN top1 curve: [94.0, 93.92, 93.67, 93.74, 93.53, 93.4, 93.26, 92.11, 91.86, 91.76, 90.7, 89.38, 88.51, 88.44, 88.55]
2026-01-02 22:49:49,565 [trainer.py] => Average Accuracy (CNN): 91.79 

2026-01-02 22:49:49,565 [trainer.py] => All params: 85943042
2026-01-02 22:49:49,566 [trainer.py] => Trainable params: 85943042
2026-01-02 22:49:49,571 [simplecil.py] => Learning on 88-90
2026-01-02 22:50:35,730 [trainer.py] => CNN: {'total': 88.22, '00-59': 93.73, '60-61': 92.0, '62-63': 87.5, '64-65': 97.5, '66-67': 86.5, '68-69': 90.5, '70-71': 88.5, '72-73': 50.5, '74-75': 82.5, '76-77': 88.0, '78-79': 49.5, '80-81': 38.0, '82-83': 53.0, '84-85': 86.0, '86-87': 93.5, '88-89': 74.5, '90-91': 90.0, '92-93': 80.0, '94-95': 90.0, '96-97': 80.0, '98-99': 100.0, 'old': 88.53, 'new': 74.5}
2026-01-02 22:50:35,730 [trainer.py] => CNN top1 curve: [94.0, 93.92, 93.67, 93.74, 93.53, 93.4, 93.26, 92.11, 91.86, 91.76, 90.7, 89.38, 88.51, 88.44, 88.55, 88.22]
2026-01-02 22:50:35,730 [trainer.py] => Average Accuracy (CNN): 91.57 

2026-01-02 22:50:35,731 [trainer.py] => All params: 85944578
2026-01-02 22:50:35,732 [trainer.py] => Trainable params: 85944578
2026-01-02 22:50:35,737 [simplecil.py] => Learning on 90-92
2026-01-02 22:51:43,327 [trainer.py] => CNN: {'total': 88.34, '00-59': 93.68, '60-61': 91.0, '62-63': 87.5, '64-65': 97.5, '66-67': 86.5, '68-69': 90.5, '70-71': 88.5, '72-73': 50.0, '74-75': 82.5, '76-77': 88.0, '78-79': 49.5, '80-81': 38.0, '82-83': 53.0, '84-85': 86.0, '86-87': 93.5, '88-89': 74.5, '90-91': 96.5, '92-93': 90.0, '94-95': 70.0, '96-97': 100.0, '98-99': 60.0, 'old': 88.16, 'new': 96.5}
2026-01-02 22:51:43,328 [trainer.py] => CNN top1 curve: [94.0, 93.92, 93.67, 93.74, 93.53, 93.4, 93.26, 92.11, 91.86, 91.76, 90.7, 89.38, 88.51, 88.44, 88.55, 88.22, 88.34]
2026-01-02 22:51:43,328 [trainer.py] => Average Accuracy (CNN): 91.38 

2026-01-02 22:51:43,328 [trainer.py] => All params: 85946114
2026-01-02 22:51:43,329 [trainer.py] => Trainable params: 85946114
2026-01-02 22:51:43,339 [simplecil.py] => Learning on 92-94
2026-01-02 22:53:00,332 [trainer.py] => CNN: {'total': 88.16, '00-59': 93.68, '60-61': 91.0, '62-63': 87.5, '64-65': 92.5, '66-67': 86.5, '68-69': 90.5, '70-71': 88.5, '72-73': 50.0, '74-75': 82.5, '76-77': 88.0, '78-79': 49.5, '80-81': 38.0, '82-83': 53.0, '84-85': 86.0, '86-87': 93.5, '88-89': 74.5, '90-91': 96.5, '92-93': 85.0, '94-95': 90.0, '96-97': 90.0, '98-99': 90.0, 'old': 88.23, 'new': 85.0}
2026-01-02 22:53:00,332 [trainer.py] => CNN top1 curve: [94.0, 93.92, 93.67, 93.74, 93.53, 93.4, 93.26, 92.11, 91.86, 91.76, 90.7, 89.38, 88.51, 88.44, 88.55, 88.22, 88.34, 88.16]
2026-01-02 22:53:00,332 [trainer.py] => Average Accuracy (CNN): 91.2 

2026-01-02 22:53:00,333 [trainer.py] => All params: 85947650
2026-01-02 22:53:00,333 [trainer.py] => Trainable params: 85947650
2026-01-02 22:53:00,338 [simplecil.py] => Learning on 94-96
2026-01-02 22:54:18,243 [trainer.py] => CNN: {'total': 88.16, '00-59': 93.68, '60-61': 91.0, '62-63': 87.5, '64-65': 92.5, '66-67': 86.5, '68-69': 90.5, '70-71': 88.5, '72-73': 50.0, '74-75': 82.5, '76-77': 88.0, '78-79': 49.5, '80-81': 38.0, '82-83': 53.0, '84-85': 86.0, '86-87': 93.5, '88-89': 74.5, '90-91': 96.5, '92-93': 85.0, '94-95': 88.0, '96-97': 80.0, '98-99': 80.0, 'old': 88.16, 'new': 88.0}
2026-01-02 22:54:18,243 [trainer.py] => CNN top1 curve: [94.0, 93.92, 93.67, 93.74, 93.53, 93.4, 93.26, 92.11, 91.86, 91.76, 90.7, 89.38, 88.51, 88.44, 88.55, 88.22, 88.34, 88.16, 88.16]
2026-01-02 22:54:18,243 [trainer.py] => Average Accuracy (CNN): 91.04 

2026-01-02 22:54:18,244 [trainer.py] => All params: 85949186
2026-01-02 22:54:18,244 [trainer.py] => Trainable params: 85949186
2026-01-02 22:54:18,250 [simplecil.py] => Learning on 96-98
2026-01-02 22:55:39,611 [trainer.py] => CNN: {'total': 88.23, '00-59': 93.63, '60-61': 91.0, '62-63': 87.5, '64-65': 92.5, '66-67': 86.5, '68-69': 90.5, '70-71': 88.5, '72-73': 50.0, '74-75': 82.5, '76-77': 88.0, '78-79': 49.5, '80-81': 36.0, '82-83': 53.0, '84-85': 86.0, '86-87': 93.5, '88-89': 74.0, '90-91': 96.5, '92-93': 85.0, '94-95': 88.0, '96-97': 96.0, '98-99': 90.0, 'old': 88.07, 'new': 96.0}
2026-01-02 22:55:39,611 [trainer.py] => CNN top1 curve: [94.0, 93.92, 93.67, 93.74, 93.53, 93.4, 93.26, 92.11, 91.86, 91.76, 90.7, 89.38, 88.51, 88.44, 88.55, 88.22, 88.34, 88.16, 88.16, 88.23]
2026-01-02 22:55:39,611 [trainer.py] => Average Accuracy (CNN): 90.9 

2026-01-02 22:55:39,612 [trainer.py] => All params: 85950722
2026-01-02 22:55:39,613 [trainer.py] => Trainable params: 85950722
2026-01-02 22:55:39,621 [simplecil.py] => Learning on 98-100
2026-01-02 22:57:04,817 [trainer.py] => CNN: {'total': 88.14, '00-59': 93.52, '60-61': 91.0, '62-63': 87.5, '64-65': 92.5, '66-67': 86.5, '68-69': 90.5, '70-71': 88.5, '72-73': 50.0, '74-75': 82.5, '76-77': 88.0, '78-79': 49.5, '80-81': 36.0, '82-83': 53.0, '84-85': 86.0, '86-87': 93.5, '88-89': 74.0, '90-91': 96.5, '92-93': 85.0, '94-95': 88.0, '96-97': 96.0, '98-99': 87.0, 'old': 88.16, 'new': 87.0}
2026-01-02 22:57:04,817 [trainer.py] => CNN top1 curve: [94.0, 93.92, 93.67, 93.74, 93.53, 93.4, 93.26, 92.11, 91.86, 91.76, 90.7, 89.38, 88.51, 88.44, 88.55, 88.22, 88.34, 88.16, 88.16, 88.23, 88.14]
2026-01-02 22:57:04,817 [trainer.py] => Average Accuracy (CNN): 90.77 


================================================================================
Finished mini_imagenet_init60_inc2: pretrained_vit_b16_224  
Base Accuracy: 94.0
Last Accuracy: 88.14
Average Accuracy (Top1): 90.77
PD: 5.86
Backward Transfer (BWT): -0.5
Accuracy Matrix (CNN):
[[ 94.    40.    80.    80.    60.   100.    90.    50.    70.    90.
   90.    90.    90.    80.    90.    90.    90.    80.   100.    80.
   80.  ]
 [ 93.98  92.   100.    80.    80.    80.   100.    90.    50.   100.
   70.    90.    80.    70.    90.    90.    90.    80.   100.    80.
   70.  ]
 [ 93.93  92.    87.5   90.    70.   100.    70.    80.    90.    80.
  100.    90.    80.    80.    90.   100.    90.    80.    80.    80.
  100.  ]
 [ 93.88  92.    87.5   97.5   80.   100.    70.    70.    90.   100.
   90.    70.    90.    60.    90.    90.    80.   100.   100.    80.
  100.  ]
 [ 93.88  92.    87.5   97.5   86.5  100.   100.    80.    60.   100.
   90.    80.    80.    70.    90.    90.    90.    90.    90.   100.
  100.  ]
 [ 93.83  92.    87.5   97.5   86.5   90.5  100.   100.    70.    80.
   60.    80.    80.    80.    80.    70.    90.    80.    80.    90.
   90.  ]
 [ 93.83  92.    87.5   97.5   86.5   90.5   88.5   80.    80.    90.
  100.    80.    70.    80.    80.    90.    80.    90.   100.    80.
  100.  ]
 [ 93.83  92.    87.5   97.5   86.5   90.5   88.5   50.5   70.    70.
   90.    70.    90.    70.   100.   100.   100.    80.   100.   100.
   80.  ]
 [ 93.82  92.    87.5   97.5   86.5   90.5   88.5   50.5   83.    80.
   80.    90.    80.    70.    70.    90.    90.   100.   100.    90.
   80.  ]
 [ 93.82  92.    87.5   97.5   86.5   90.5   88.5   50.5   83.    88.
  100.    80.    70.    80.    80.    80.    80.   100.    90.    90.
  100.  ]
 [ 93.82  92.    87.5   97.5   86.5   90.5   88.5   50.5   83.    88.
   49.5   70.    90.    80.    80.    80.    90.   100.    80.    80.
   80.  ]
 [ 93.77  92.    87.5   97.5   86.5   90.5   88.5   50.5   83.    88.
   49.5   38.    70.    80.    70.    80.    90.    90.    90.    80.
   70.  ]
 [ 93.77  92.    87.5   97.5   86.5   90.5   88.5   50.5   83.    88.
   49.5   38.    53.    70.    60.    90.    80.    80.   100.    90.
   80.  ]
 [ 93.75  92.    87.5   97.5   86.5   90.5   88.5   50.5   83.    88.
   49.5   38.    53.    86.    70.    80.    80.    80.   100.   100.
   70.  ]
 [ 93.73  92.    87.5   97.5   86.5   90.5   88.5   50.5   83.    88.
   49.5   38.    53.    86.    93.5  100.    90.   100.    80.   100.
   80.  ]
 [ 93.73  92.    87.5   97.5   86.5   90.5   88.5   50.5   82.5   88.
   49.5   38.    53.    86.    93.5   74.5   90.    80.    90.    80.
  100.  ]
 [ 93.68  91.    87.5   97.5   86.5   90.5   88.5   50.    82.5   88.
   49.5   38.    53.    86.    93.5   74.5   96.5   90.    70.   100.
   60.  ]
 [ 93.68  91.    87.5   92.5   86.5   90.5   88.5   50.    82.5   88.
   49.5   38.    53.    86.    93.5   74.5   96.5   85.    90.    90.
   90.  ]
 [ 93.68  91.    87.5   92.5   86.5   90.5   88.5   50.    82.5   88.
   49.5   38.    53.    86.    93.5   74.5   96.5   85.    88.    80.
   80.  ]
 [ 93.63  91.    87.5   92.5   86.5   90.5   88.5   50.    82.5   88.
   49.5   36.    53.    86.    93.5   74.    96.5   85.    88.    96.
   90.  ]
 [ 93.52  91.    87.5   92.5   86.5   90.5   88.5   50.    82.5   88.
   49.5   36.    53.    86.    93.5   74.    96.5   85.    88.    96.
   87.  ]]
================================================================================

2026-01-02 22:57:12,603 [trainer.py] => config: ./configs/simplecil/IN1K/simplecil_mini_B60_Inc5.json
2026-01-02 22:57:12,603 [trainer.py] => prefix:  
2026-01-02 22:57:12,603 [trainer.py] => dataset: mini_imagenet
2026-01-02 22:57:12,603 [trainer.py] => memory_size: 0
2026-01-02 22:57:12,603 [trainer.py] => memory_per_class: 0
2026-01-02 22:57:12,603 [trainer.py] => fixed_memory: False
2026-01-02 22:57:12,603 [trainer.py] => shuffle: True
2026-01-02 22:57:12,603 [trainer.py] => init_cls: 60
2026-01-02 22:57:12,603 [trainer.py] => increment: 5
2026-01-02 22:57:12,603 [trainer.py] => model_name: simplecil
2026-01-02 22:57:12,603 [trainer.py] => backbone_type: pretrained_vit_b16_224
2026-01-02 22:57:12,603 [trainer.py] => device: [device(type='cuda', index=2)]
2026-01-02 22:57:12,603 [trainer.py] => seed: 42
2026-01-02 22:57:12,603 [trainer.py] => kshot: 5
2026-01-02 22:57:12,603 [trainer.py] => tuned_epoch: 1
2026-01-02 22:57:12,603 [trainer.py] => init_lr: 0.01
2026-01-02 22:57:12,604 [trainer.py] => batch_size: 48
2026-01-02 22:57:12,604 [trainer.py] => weight_decay: 0.05
2026-01-02 22:57:12,604 [trainer.py] => min_lr: 1e-08
2026-01-02 22:57:12,604 [trainer.py] => optimizer: sgd
2026-01-02 22:57:12,604 [trainer.py] => vpt_type: shallow
2026-01-02 22:57:12,604 [trainer.py] => prompt_token_num: 3
2026-01-02 22:57:12,604 [trainer.py] => gpu_models: ['NVIDIA A800 80GB PCIe']
2026-01-02 22:57:13,073 [data_manager.py] => [83, 53, 70, 45, 44, 39, 22, 80, 10, 0, 18, 30, 73, 33, 90, 4, 76, 77, 12, 31, 55, 88, 26, 42, 69, 15, 40, 96, 9, 72, 11, 47, 85, 28, 93, 5, 66, 65, 35, 16, 49, 34, 7, 95, 27, 19, 81, 25, 62, 13, 24, 3, 17, 38, 8, 78, 6, 64, 36, 89, 56, 99, 54, 43, 50, 67, 46, 68, 61, 97, 79, 41, 58, 48, 98, 57, 75, 32, 94, 59, 63, 84, 37, 29, 1, 52, 21, 2, 23, 87, 91, 74, 86, 82, 20, 60, 71, 14, 92, 51]
This is for the BaseNet initialization.
After BaseNet initialization.
2026-01-02 22:57:25,423 [trainer.py] => All params: 85875457
2026-01-02 22:57:25,423 [trainer.py] => Trainable params: 85875457
2026-01-02 22:57:27,427 [simplecil.py] => Learning on 0-60
2026-01-02 23:02:51,257 [trainer.py] => CNN: {'total': 94.0, '00-59': 94.0, '60-64': 64.0, '65-69': 80.0, '70-74': 72.0, '75-79': 84.0, '80-84': 88.0, '85-89': 88.0, '90-94': 88.0, '95-99': 84.0, 'old': 0, 'new': 94.0}
2026-01-02 23:02:51,283 [trainer.py] => CNN top1 curve: [94.0]
2026-01-02 23:02:51,284 [trainer.py] => Average Accuracy (CNN): 94.0 

2026-01-02 23:02:51,284 [trainer.py] => All params: 85921538
2026-01-02 23:02:51,285 [trainer.py] => Trainable params: 85921538
2026-01-02 23:02:51,289 [simplecil.py] => Learning on 60-65
2026-01-02 23:03:48,906 [trainer.py] => CNN: {'total': 93.71, '00-59': 93.88, '60-64': 91.6, '65-69': 68.0, '70-74': 72.0, '75-79': 80.0, '80-84': 84.0, '85-89': 92.0, '90-94': 80.0, '95-99': 68.0, 'old': 93.88, 'new': 91.6}
2026-01-02 23:03:48,906 [trainer.py] => CNN top1 curve: [94.0, 93.71]
2026-01-02 23:03:48,906 [trainer.py] => Average Accuracy (CNN): 93.85 

2026-01-02 23:03:48,907 [trainer.py] => All params: 85925378
2026-01-02 23:03:48,907 [trainer.py] => Trainable params: 85925378
2026-01-02 23:03:48,916 [simplecil.py] => Learning on 65-70
2026-01-02 23:04:49,213 [trainer.py] => CNN: {'total': 92.2, '00-59': 93.85, '60-64': 91.6, '65-69': 73.0, '70-74': 84.0, '75-79': 76.0, '80-84': 88.0, '85-89': 88.0, '90-94': 92.0, '95-99': 84.0, 'old': 93.68, 'new': 73.0}
2026-01-02 23:04:49,214 [trainer.py] => CNN top1 curve: [94.0, 93.71, 92.2]
2026-01-02 23:04:49,214 [trainer.py] => Average Accuracy (CNN): 93.3 

2026-01-02 23:04:49,214 [trainer.py] => All params: 85929218
2026-01-02 23:04:49,215 [trainer.py] => Trainable params: 85929218
2026-01-02 23:04:49,222 [simplecil.py] => Learning on 70-75
2026-01-02 23:05:51,482 [trainer.py] => CNN: {'total': 91.2, '00-59': 93.78, '60-64': 91.6, '65-69': 73.0, '70-74': 78.0, '75-79': 88.0, '80-84': 88.0, '85-89': 80.0, '90-94': 92.0, '95-99': 80.0, 'old': 92.14, 'new': 78.0}
2026-01-02 23:05:51,482 [trainer.py] => CNN top1 curve: [94.0, 93.71, 92.2, 91.2]
2026-01-02 23:05:51,483 [trainer.py] => Average Accuracy (CNN): 92.78 

2026-01-02 23:05:51,483 [trainer.py] => All params: 85933058
2026-01-02 23:05:51,484 [trainer.py] => Trainable params: 85933058
2026-01-02 23:05:51,494 [simplecil.py] => Learning on 75-80
2026-01-02 23:07:05,344 [trainer.py] => CNN: {'total': 90.39, '00-59': 93.73, '60-64': 91.6, '65-69': 63.8, '70-74': 78.0, '75-79': 88.0, '80-84': 84.0, '85-89': 84.0, '90-94': 84.0, '95-99': 92.0, 'old': 90.55, 'new': 88.0}
2026-01-02 23:07:05,344 [trainer.py] => CNN top1 curve: [94.0, 93.71, 92.2, 91.2, 90.39]
2026-01-02 23:07:05,344 [trainer.py] => Average Accuracy (CNN): 92.3 

2026-01-02 23:07:05,345 [trainer.py] => All params: 85936898
2026-01-02 23:07:05,345 [trainer.py] => Trainable params: 85936898
2026-01-02 23:07:05,355 [simplecil.py] => Learning on 80-85
2026-01-02 23:08:19,591 [trainer.py] => CNN: {'total': 89.25, '00-59': 93.67, '60-64': 91.6, '65-69': 63.8, '70-74': 77.8, '75-79': 88.0, '80-84': 72.0, '85-89': 84.0, '90-94': 64.0, '95-99': 96.0, 'old': 90.32, 'new': 72.0}
2026-01-02 23:08:19,592 [trainer.py] => CNN top1 curve: [94.0, 93.71, 92.2, 91.2, 90.39, 89.25]
2026-01-02 23:08:19,592 [trainer.py] => Average Accuracy (CNN): 91.79 

2026-01-02 23:08:19,592 [trainer.py] => All params: 85940738
2026-01-02 23:08:19,593 [trainer.py] => Trainable params: 85940738
2026-01-02 23:08:19,601 [simplecil.py] => Learning on 85-90
2026-01-02 23:09:36,584 [trainer.py] => CNN: {'total': 88.89, '00-59': 93.63, '60-64': 91.4, '65-69': 63.4, '70-74': 77.8, '75-79': 88.0, '80-84': 72.0, '85-89': 83.8, '90-94': 96.0, '95-99': 100.0, 'old': 89.19, 'new': 83.8}
2026-01-02 23:09:36,584 [trainer.py] => CNN top1 curve: [94.0, 93.71, 92.2, 91.2, 90.39, 89.25, 88.89]
2026-01-02 23:09:36,585 [trainer.py] => Average Accuracy (CNN): 91.38 

2026-01-02 23:09:36,585 [trainer.py] => All params: 85944578
2026-01-02 23:09:36,586 [trainer.py] => Trainable params: 85944578
2026-01-02 23:09:36,593 [simplecil.py] => Learning on 90-95
2026-01-02 23:10:56,640 [trainer.py] => CNN: {'total': 88.67, '00-59': 93.6, '60-64': 91.4, '65-69': 61.8, '70-74': 77.8, '75-79': 87.8, '80-84': 72.0, '85-89': 83.6, '90-94': 87.2, '95-99': 64.0, 'old': 88.76, 'new': 87.2}
2026-01-02 23:10:56,640 [trainer.py] => CNN top1 curve: [94.0, 93.71, 92.2, 91.2, 90.39, 89.25, 88.89, 88.67]
2026-01-02 23:10:56,640 [trainer.py] => Average Accuracy (CNN): 91.04 

2026-01-02 23:10:56,641 [trainer.py] => All params: 85948418
2026-01-02 23:10:56,641 [trainer.py] => Trainable params: 85948418
2026-01-02 23:10:56,651 [simplecil.py] => Learning on 95-100
2026-01-02 23:12:27,176 [trainer.py] => CNN: {'total': 88.56, '00-59': 93.27, '60-64': 91.0, '65-69': 61.6, '70-74': 77.8, '75-79': 87.8, '80-84': 71.2, '85-89': 83.4, '90-94': 87.0, '95-99': 92.2, 'old': 88.37, 'new': 92.2}
2026-01-02 23:12:27,176 [trainer.py] => CNN top1 curve: [94.0, 93.71, 92.2, 91.2, 90.39, 89.25, 88.89, 88.67, 88.56]
2026-01-02 23:12:27,176 [trainer.py] => Average Accuracy (CNN): 90.76 


================================================================================
Finished mini_imagenet_init60_inc5: pretrained_vit_b16_224  
Base Accuracy: 94.0
Last Accuracy: 88.56
Average Accuracy (Top1): 90.76
PD: 5.44
Backward Transfer (BWT): -1.82
Accuracy Matrix (CNN):
[[ 94.    64.    80.    72.    84.    88.    88.    88.    84.  ]
 [ 93.88  91.6   68.    72.    80.    84.    92.    80.    68.  ]
 [ 93.85  91.6   73.    84.    76.    88.    88.    92.    84.  ]
 [ 93.78  91.6   73.    78.    88.    88.    80.    92.    80.  ]
 [ 93.73  91.6   63.8   78.    88.    84.    84.    84.    92.  ]
 [ 93.67  91.6   63.8   77.8   88.    72.    84.    64.    96.  ]
 [ 93.63  91.4   63.4   77.8   88.    72.    83.8   96.   100.  ]
 [ 93.6   91.4   61.8   77.8   87.8   72.    83.6   87.2   64.  ]
 [ 93.27  91.    61.6   77.8   87.8   71.2   83.4   87.    92.2 ]]
================================================================================

