nohup: 忽略输入
2025-12-14 10:52:46,804 [trainer.py] => config: ./scripts/asp_cub_B100_Inc5.json
2025-12-14 10:52:46,804 [trainer.py] => model_name: asp
2025-12-14 10:52:46,804 [trainer.py] => backbone_type: pretrained_vit_b16_224_vpt
2025-12-14 10:52:46,804 [trainer.py] => device: [device(type='cuda', index=1)]
2025-12-14 10:52:46,804 [trainer.py] => seed: 2025
2025-12-14 10:52:46,804 [trainer.py] => dataset: cub
2025-12-14 10:52:46,804 [trainer.py] => init_cls: 100
2025-12-14 10:52:46,804 [trainer.py] => increment: 5
2025-12-14 10:52:46,804 [trainer.py] => kshot: 5
2025-12-14 10:52:46,804 [trainer.py] => vpt_type: Deep
2025-12-14 10:52:46,804 [trainer.py] => prompt_token_num: 6
2025-12-14 10:52:46,804 [trainer.py] => avg_alpha: 0.8
2025-12-14 10:52:46,804 [trainer.py] => perturb_var: 1
2025-12-14 10:52:46,804 [trainer.py] => EMA_beta: 0.99
2025-12-14 10:52:46,804 [trainer.py] => anchor_lambda: 0.1
2025-12-14 10:52:46,804 [trainer.py] => kl_weight: 0.001
2025-12-14 10:52:46,804 [trainer.py] => TIP_init: zero
2025-12-14 10:52:46,804 [trainer.py] => tuned_epoch: 20
2025-12-14 10:52:46,804 [trainer.py] => fs_epoch: 0
2025-12-14 10:52:46,804 [trainer.py] => init_lr: 0.01
2025-12-14 10:52:46,804 [trainer.py] => fs_lr: 0.001
2025-12-14 10:52:46,804 [trainer.py] => batch_size: 24
2025-12-14 10:52:46,804 [trainer.py] => fs_batch_size: 16
2025-12-14 10:52:46,804 [trainer.py] => weight_decay: 0.005
2025-12-14 10:52:46,805 [trainer.py] => min_lr: 0
2025-12-14 10:52:46,805 [trainer.py] => optimizer: sgd
2025-12-14 10:52:46,805 [trainer.py] => memory_size: 0
2025-12-14 10:52:46,805 [trainer.py] => memory_per_class: 0
2025-12-14 10:52:46,805 [trainer.py] => fixed_memory: False
2025-12-14 10:52:46,805 [trainer.py] => shuffle: True
2025-12-14 10:52:46,805 [trainer.py] => top_k: 5
2025-12-14 10:52:46,805 [trainer.py] => base_model_path: saved_model/asp/cub/100_5/asp_20_2025_pretrained_vit_b16_224_vpt.pth
2025-12-14 10:52:46,805 [trainer.py] => prefix: asp
2025-12-14 10:52:46,805 [trainer.py] => model_prefix: asp
2025-12-14 10:52:46,805 [trainer.py] => gpu_models: ['NVIDIA A40']
2025-12-14 10:52:46,843 [data_manager.py] => [30, 0, 32, 34, 5, 49, 56, 154, 143, 82, 19, 165, 58, 106, 196, 126, 178, 80, 192, 1, 44, 31, 197, 150, 132, 149, 112, 141, 54, 104, 26, 46, 20, 156, 23, 83, 47, 129, 9, 84, 187, 130, 48, 138, 191, 108, 139, 158, 4, 66, 146, 2, 113, 142, 194, 109, 102, 166, 176, 167, 162, 131, 134, 122, 107, 96, 135, 45, 93, 136, 70, 81, 51, 17, 172, 29, 71, 57, 184, 148, 179, 43, 161, 100, 182, 37, 8, 14, 180, 189, 11, 53, 6, 24, 7, 88, 175, 183, 35, 128, 75, 186, 99, 78, 123, 133, 74, 125, 120, 89, 39, 63, 155, 65, 77, 116, 171, 114, 105, 170, 12, 121, 195, 60, 185, 110, 91, 68, 198, 59, 38, 174, 87, 28, 157, 193, 86, 147, 16, 98, 36, 61, 137, 18, 21, 103, 25, 15, 118, 72, 50, 168, 152, 190, 199, 55, 181, 92, 163, 85, 69, 177, 95, 52, 159, 169, 188, 127, 79, 42, 164, 124, 41, 90, 115, 13, 27, 73, 33, 173, 119, 145, 153, 3, 117, 64, 144, 111, 101, 151, 40, 97, 10, 22, 160, 140, 67, 76, 94, 62]
This is for the BaseNet initialization.
modelname, pretrained_vit_b16_224_vpt basicmodelname vit_base_patch16_224
Using VPT model
Using Deep Prompt
After BaseNet initialization.
2025-12-14 10:52:52,216 [trainer.py] => All params: 173749761
2025-12-14 10:52:52,217 [trainer.py] => Trainable params: 2152449
2025-12-14 10:52:52,549 [asp.py] => Learning on 0-100
2025-12-14 10:52:52,565 [asp.py] => training set size: 4711, fc construct set size: 4711
anchor samples found
2025-12-14 11:02:49,045 [asp.py] => Task 0, Epoch 1 => Loss 6.002, Train_accy 15.41, Test_curr_accy 53.35, Test_accy 53.35
anchor samples found
2025-12-14 11:13:49,808 [asp.py] => Task 0, Epoch 2 => Loss 2.707, Train_accy 63.28, Test_curr_accy 82.89, Test_accy 82.89
anchor samples found
2025-12-14 11:24:15,908 [asp.py] => Task 0, Epoch 3 => Loss 1.145, Train_accy 81.00, Test_curr_accy 90.21, Test_accy 90.21
anchor samples found
2025-12-14 11:33:32,972 [asp.py] => Task 0, Epoch 4 => Loss 0.909, Train_accy 84.36, Test_curr_accy 90.74, Test_accy 90.74
anchor samples found
2025-12-14 11:40:45,230 [asp.py] => Task 0, Epoch 5 => Loss 0.875, Train_accy 84.27, Test_curr_accy 91.27, Test_accy 91.27
anchor samples found
2025-12-14 11:49:09,319 [asp.py] => Task 0, Epoch 6 => Loss 0.801, Train_accy 85.31, Test_curr_accy 93.03, Test_accy 93.03
anchor samples found
2025-12-14 11:58:26,382 [asp.py] => Task 0, Epoch 7 => Loss 0.801, Train_accy 85.88, Test_curr_accy 91.71, Test_accy 91.71
anchor samples found
2025-12-14 12:07:33,635 [asp.py] => Task 0, Epoch 8 => Loss 0.767, Train_accy 86.54, Test_curr_accy 91.53, Test_accy 91.53
anchor samples found
2025-12-14 12:16:23,681 [asp.py] => Task 0, Epoch 9 => Loss 0.766, Train_accy 86.33, Test_curr_accy 91.45, Test_accy 91.45
anchor samples found
2025-12-14 12:25:46,704 [asp.py] => Task 0, Epoch 10 => Loss 0.715, Train_accy 87.22, Test_curr_accy 91.80, Test_accy 91.80
anchor samples found
2025-12-14 12:35:07,619 [asp.py] => Task 0, Epoch 11 => Loss 0.707, Train_accy 87.90, Test_curr_accy 92.68, Test_accy 92.68
anchor samples found
2025-12-14 12:45:39,229 [asp.py] => Task 0, Epoch 12 => Loss 0.683, Train_accy 88.01, Test_curr_accy 92.59, Test_accy 92.59
anchor samples found
2025-12-14 12:56:36,749 [asp.py] => Task 0, Epoch 13 => Loss 0.700, Train_accy 87.79, Test_curr_accy 92.33, Test_accy 92.33
anchor samples found
2025-12-14 13:07:05,488 [asp.py] => Task 0, Epoch 14 => Loss 0.702, Train_accy 87.77, Test_curr_accy 92.59, Test_accy 92.59
anchor samples found
2025-12-14 13:17:52,840 [asp.py] => Task 0, Epoch 15 => Loss 0.670, Train_accy 88.13, Test_curr_accy 92.95, Test_accy 92.95
anchor samples found
2025-12-14 13:28:39,177 [asp.py] => Task 0, Epoch 16 => Loss 0.671, Train_accy 88.50, Test_curr_accy 93.12, Test_accy 93.12
anchor samples found
2025-12-14 13:39:09,803 [asp.py] => Task 0, Epoch 17 => Loss 0.667, Train_accy 88.64, Test_curr_accy 92.59, Test_accy 92.59
anchor samples found
2025-12-14 13:50:09,194 [asp.py] => Task 0, Epoch 18 => Loss 0.635, Train_accy 89.47, Test_curr_accy 92.77, Test_accy 92.77
anchor samples found
2025-12-14 14:01:14,105 [asp.py] => Task 0, Epoch 19 => Loss 0.615, Train_accy 89.56, Test_curr_accy 92.77, Test_accy 92.77
anchor samples found
2025-12-14 14:12:17,780 [asp.py] => Task 0, Epoch 20 => Loss 0.634, Train_accy 89.37, Test_curr_accy 92.68, Test_accy 92.68
2025-12-14 14:16:03,916 [trainer.py] => CNN: {'total': 92.06, '00-99': 92.06, '100-104': 92.0, '105-109': 80.0, '110-114': 72.0, '115-119': 64.0, '120-124': 68.0, '125-129': 64.0, '130-134': 80.0, '135-139': 92.0, '140-144': 88.0, '145-149': 88.0, '150-154': 80.0, '155-159': 92.0, '160-164': 88.0, '165-169': 72.0, '170-174': 80.0, '175-179': 84.0, '180-184': 80.0, '185-189': 80.0, '190-194': 88.0, '195-199': 64.0, 'old': 0, 'new': 92.06}
2025-12-14 14:16:03,916 [trainer.py] => Top1 curve: [92.06]
2025-12-14 14:16:03,916 [trainer.py] => Average Accuracy (CNN): 92.06
2025-12-14 14:16:03,918 [trainer.py] => All params: 173826562
2025-12-14 14:16:03,919 [trainer.py] => Trainable params: 2229250
2025-12-14 14:16:03,930 [asp.py] => Learning on 100-105
2025-12-14 14:16:03,943 [asp.py] => training set size: 25, fc construct set size: 25
2025-12-14 14:16:59,647 [trainer.py] => CNN: {'total': 91.35, '00-99': 91.62, '100-104': 85.96, '105-109': 80.0, '110-114': 68.0, '115-119': 72.0, '120-124': 76.0, '125-129': 72.0, '130-134': 76.0, '135-139': 96.0, '140-144': 72.0, '145-149': 76.0, '150-154': 68.0, '155-159': 88.0, '160-164': 84.0, '165-169': 76.0, '170-174': 88.0, '175-179': 76.0, '180-184': 64.0, '185-189': 64.0, '190-194': 76.0, '195-199': 80.0, 'old': 91.62, 'new': 85.96}
2025-12-14 14:16:59,648 [trainer.py] => Top1 curve: [92.06, 91.35]
2025-12-14 14:16:59,648 [trainer.py] => Average Accuracy (CNN): 91.70
2025-12-14 14:16:59,651 [trainer.py] => All params: 173830402
2025-12-14 14:16:59,653 [trainer.py] => Trainable params: 2233090
2025-12-14 14:16:59,668 [asp.py] => Learning on 105-110
2025-12-14 14:16:59,678 [asp.py] => training set size: 25, fc construct set size: 25
2025-12-14 14:17:55,497 [trainer.py] => CNN: {'total': 91.29, '00-99': 91.62, '100-104': 84.21, '105-109': 91.67, '110-114': 56.0, '115-119': 72.0, '120-124': 88.0, '125-129': 56.0, '130-134': 64.0, '135-139': 96.0, '140-144': 76.0, '145-149': 76.0, '150-154': 84.0, '155-159': 100.0, '160-164': 76.0, '165-169': 72.0, '170-174': 96.0, '175-179': 96.0, '180-184': 80.0, '185-189': 60.0, '190-194': 68.0, '195-199': 72.0, 'old': 91.27, 'new': 91.67}
2025-12-14 14:17:55,498 [trainer.py] => Top1 curve: [92.06, 91.35, 91.29]
2025-12-14 14:17:55,498 [trainer.py] => Average Accuracy (CNN): 91.57
2025-12-14 14:17:55,501 [trainer.py] => All params: 173834242
2025-12-14 14:17:55,503 [trainer.py] => Trainable params: 2236930
2025-12-14 14:17:55,517 [asp.py] => Learning on 110-115
2025-12-14 14:17:55,527 [asp.py] => training set size: 25, fc construct set size: 25
2025-12-14 14:18:49,915 [trainer.py] => CNN: {'total': 90.33, '00-99': 91.45, '100-104': 84.21, '105-109': 91.67, '110-114': 71.15, '115-119': 72.0, '120-124': 84.0, '125-129': 76.0, '130-134': 80.0, '135-139': 96.0, '140-144': 80.0, '145-149': 84.0, '150-154': 60.0, '155-159': 96.0, '160-164': 76.0, '165-169': 72.0, '170-174': 88.0, '175-179': 92.0, '180-184': 80.0, '185-189': 68.0, '190-194': 72.0, '195-199': 56.0, 'old': 91.13, 'new': 71.15}
2025-12-14 14:18:49,916 [trainer.py] => Top1 curve: [92.06, 91.35, 91.29, 90.33]
2025-12-14 14:18:49,916 [trainer.py] => Average Accuracy (CNN): 91.26
2025-12-14 14:18:49,919 [trainer.py] => All params: 173838082
2025-12-14 14:18:49,922 [trainer.py] => Trainable params: 2240770
2025-12-14 14:18:49,935 [asp.py] => Learning on 115-120
2025-12-14 14:18:49,945 [asp.py] => training set size: 25, fc construct set size: 25
2025-12-14 14:19:46,467 [trainer.py] => CNN: {'total': 89.94, '00-99': 91.45, '100-104': 84.21, '105-109': 88.33, '110-114': 71.15, '115-119': 86.08, '120-124': 88.0, '125-129': 64.0, '130-134': 64.0, '135-139': 100.0, '140-144': 80.0, '145-149': 72.0, '150-154': 80.0, '155-159': 84.0, '160-164': 92.0, '165-169': 68.0, '170-174': 88.0, '175-179': 88.0, '180-184': 84.0, '185-189': 56.0, '190-194': 76.0, '195-199': 68.0, 'old': 90.18, 'new': 86.08}
2025-12-14 14:19:46,467 [trainer.py] => Top1 curve: [92.06, 91.35, 91.29, 90.33, 89.94]
2025-12-14 14:19:46,467 [trainer.py] => Average Accuracy (CNN): 90.99
2025-12-14 14:19:46,469 [trainer.py] => All params: 173841922
2025-12-14 14:19:46,471 [trainer.py] => Trainable params: 2244610
2025-12-14 14:19:46,481 [asp.py] => Learning on 120-125
2025-12-14 14:19:46,494 [asp.py] => training set size: 25, fc construct set size: 25
2025-12-14 14:20:42,191 [trainer.py] => CNN: {'total': 89.6, '00-99': 91.45, '100-104': 84.21, '105-109': 88.33, '110-114': 71.15, '115-119': 86.08, '120-124': 81.97, '125-129': 60.0, '130-134': 88.0, '135-139': 92.0, '140-144': 92.0, '145-149': 84.0, '150-154': 76.0, '155-159': 92.0, '160-164': 96.0, '165-169': 68.0, '170-174': 76.0, '175-179': 92.0, '180-184': 68.0, '185-189': 72.0, '190-194': 72.0, '195-199': 76.0, 'old': 89.94, 'new': 81.97}
2025-12-14 14:20:42,191 [trainer.py] => Top1 curve: [92.06, 91.35, 91.29, 90.33, 89.94, 89.6]
2025-12-14 14:20:42,191 [trainer.py] => Average Accuracy (CNN): 90.76
2025-12-14 14:20:42,195 [trainer.py] => All params: 173845762
2025-12-14 14:20:42,197 [trainer.py] => Trainable params: 2248450
2025-12-14 14:20:42,211 [asp.py] => Learning on 125-130
2025-12-14 14:20:42,223 [asp.py] => training set size: 25, fc construct set size: 25
2025-12-14 14:21:39,158 [trainer.py] => CNN: {'total': 89.0, '00-99': 91.36, '100-104': 84.21, '105-109': 88.33, '110-114': 71.15, '115-119': 86.08, '120-124': 80.33, '125-129': 77.19, '130-134': 80.0, '135-139': 84.0, '140-144': 56.0, '145-149': 84.0, '150-154': 64.0, '155-159': 96.0, '160-164': 80.0, '165-169': 76.0, '170-174': 92.0, '175-179': 96.0, '180-184': 88.0, '185-189': 64.0, '190-194': 64.0, '195-199': 88.0, 'old': 89.47, 'new': 77.19}
2025-12-14 14:21:39,159 [trainer.py] => Top1 curve: [92.06, 91.35, 91.29, 90.33, 89.94, 89.6, 89.0]
2025-12-14 14:21:39,159 [trainer.py] => Average Accuracy (CNN): 90.51
2025-12-14 14:21:39,162 [trainer.py] => All params: 173849602
2025-12-14 14:21:39,165 [trainer.py] => Trainable params: 2252290
2025-12-14 14:21:39,175 [asp.py] => Learning on 130-135
2025-12-14 14:21:39,186 [asp.py] => training set size: 25, fc construct set size: 25
2025-12-14 14:22:35,895 [trainer.py] => CNN: {'total': 88.31, '00-99': 91.27, '100-104': 84.21, '105-109': 88.33, '110-114': 71.15, '115-119': 86.08, '120-124': 80.33, '125-129': 77.19, '130-134': 71.93, '135-139': 92.0, '140-144': 76.0, '145-149': 72.0, '150-154': 84.0, '155-159': 100.0, '160-164': 76.0, '165-169': 64.0, '170-174': 84.0, '175-179': 96.0, '180-184': 80.0, '185-189': 68.0, '190-194': 84.0, '195-199': 80.0, 'old': 88.93, 'new': 71.93}
2025-12-14 14:22:35,895 [trainer.py] => Top1 curve: [92.06, 91.35, 91.29, 90.33, 89.94, 89.6, 89.0, 88.31]
2025-12-14 14:22:35,896 [trainer.py] => Average Accuracy (CNN): 90.23
2025-12-14 14:22:35,899 [trainer.py] => All params: 173853442
2025-12-14 14:22:35,901 [trainer.py] => Trainable params: 2256130
2025-12-14 14:22:35,918 [asp.py] => Learning on 135-140
2025-12-14 14:22:35,927 [asp.py] => training set size: 25, fc construct set size: 25
2025-12-14 14:23:32,305 [trainer.py] => CNN: {'total': 88.43, '00-99': 91.27, '100-104': 84.21, '105-109': 88.33, '110-114': 71.15, '115-119': 86.08, '120-124': 80.33, '125-129': 77.19, '130-134': 71.93, '135-139': 92.0, '140-144': 64.0, '145-149': 80.0, '150-154': 76.0, '155-159': 84.0, '160-164': 76.0, '165-169': 84.0, '170-174': 80.0, '175-179': 88.0, '180-184': 72.0, '185-189': 68.0, '190-194': 76.0, '195-199': 80.0, 'old': 88.31, 'new': 92.0}
2025-12-14 14:23:32,306 [trainer.py] => Top1 curve: [92.06, 91.35, 91.29, 90.33, 89.94, 89.6, 89.0, 88.31, 88.43]
2025-12-14 14:23:32,306 [trainer.py] => Average Accuracy (CNN): 90.03
2025-12-14 14:23:32,309 [trainer.py] => All params: 173857282
2025-12-14 14:23:32,312 [trainer.py] => Trainable params: 2259970
2025-12-14 14:23:32,324 [asp.py] => Learning on 140-145
2025-12-14 14:23:32,334 [asp.py] => training set size: 25, fc construct set size: 25
2025-12-14 14:24:29,480 [trainer.py] => CNN: {'total': 87.25, '00-99': 91.09, '100-104': 84.21, '105-109': 88.33, '110-114': 67.31, '115-119': 86.08, '120-124': 80.33, '125-129': 77.19, '130-134': 68.42, '135-139': 92.0, '140-144': 64.29, '145-149': 80.0, '150-154': 84.0, '155-159': 88.0, '160-164': 84.0, '165-169': 72.0, '170-174': 84.0, '175-179': 100.0, '180-184': 80.0, '185-189': 68.0, '190-194': 60.0, '195-199': 76.0, 'old': 88.05, 'new': 64.29}
2025-12-14 14:24:29,480 [trainer.py] => Top1 curve: [92.06, 91.35, 91.29, 90.33, 89.94, 89.6, 89.0, 88.31, 88.43, 87.25]
2025-12-14 14:24:29,480 [trainer.py] => Average Accuracy (CNN): 89.76
2025-12-14 14:24:29,484 [trainer.py] => All params: 173861122
2025-12-14 14:24:29,486 [trainer.py] => Trainable params: 2263810
2025-12-14 14:24:29,502 [asp.py] => Learning on 145-150
2025-12-14 14:24:29,511 [asp.py] => training set size: 25, fc construct set size: 25
2025-12-14 14:25:26,109 [trainer.py] => CNN: {'total': 87.21, '00-99': 91.01, '100-104': 84.21, '105-109': 88.33, '110-114': 67.31, '115-119': 86.08, '120-124': 80.33, '125-129': 77.19, '130-134': 68.42, '135-139': 92.0, '140-144': 64.29, '145-149': 87.69, '150-154': 52.0, '155-159': 96.0, '160-164': 76.0, '165-169': 68.0, '170-174': 92.0, '175-179': 88.0, '180-184': 76.0, '185-189': 72.0, '190-194': 72.0, '195-199': 84.0, 'old': 87.19, 'new': 87.69}
2025-12-14 14:25:26,109 [trainer.py] => Top1 curve: [92.06, 91.35, 91.29, 90.33, 89.94, 89.6, 89.0, 88.31, 88.43, 87.25, 87.21]
2025-12-14 14:25:26,110 [trainer.py] => Average Accuracy (CNN): 89.52
2025-12-14 14:25:26,113 [trainer.py] => All params: 173864962
2025-12-14 14:25:26,115 [trainer.py] => Trainable params: 2267650
2025-12-14 14:25:26,127 [asp.py] => Learning on 150-155
2025-12-14 14:25:26,136 [asp.py] => training set size: 25, fc construct set size: 25
2025-12-14 14:26:23,985 [trainer.py] => CNN: {'total': 86.6, '00-99': 90.39, '100-104': 84.21, '105-109': 88.33, '110-114': 67.31, '115-119': 86.08, '120-124': 80.33, '125-129': 77.19, '130-134': 68.42, '135-139': 92.0, '140-144': 64.29, '145-149': 87.69, '150-154': 81.43, '155-159': 84.0, '160-164': 88.0, '165-169': 64.0, '170-174': 88.0, '175-179': 96.0, '180-184': 64.0, '185-189': 72.0, '190-194': 72.0, '195-199': 60.0, 'old': 86.81, 'new': 81.43}
2025-12-14 14:26:23,986 [trainer.py] => Top1 curve: [92.06, 91.35, 91.29, 90.33, 89.94, 89.6, 89.0, 88.31, 88.43, 87.25, 87.21, 86.6]
2025-12-14 14:26:23,986 [trainer.py] => Average Accuracy (CNN): 89.28
2025-12-14 14:26:23,989 [trainer.py] => All params: 173868802
2025-12-14 14:26:23,992 [trainer.py] => Trainable params: 2271490
2025-12-14 14:26:24,003 [asp.py] => Learning on 155-160
2025-12-14 14:26:24,015 [asp.py] => training set size: 25, fc construct set size: 25
2025-12-14 14:27:21,392 [trainer.py] => CNN: {'total': 86.76, '00-99': 90.3, '100-104': 84.21, '105-109': 88.33, '110-114': 67.31, '115-119': 86.08, '120-124': 80.33, '125-129': 77.19, '130-134': 68.42, '135-139': 92.0, '140-144': 64.29, '145-149': 87.69, '150-154': 81.43, '155-159': 93.33, '160-164': 76.0, '165-169': 68.0, '170-174': 72.0, '175-179': 84.0, '180-184': 76.0, '185-189': 64.0, '190-194': 76.0, '195-199': 76.0, 'old': 86.54, 'new': 93.33}
2025-12-14 14:27:21,393 [trainer.py] => Top1 curve: [92.06, 91.35, 91.29, 90.33, 89.94, 89.6, 89.0, 88.31, 88.43, 87.25, 87.21, 86.6, 86.76]
2025-12-14 14:27:21,393 [trainer.py] => Average Accuracy (CNN): 89.09
2025-12-14 14:27:21,396 [trainer.py] => All params: 173872642
2025-12-14 14:27:21,399 [trainer.py] => Trainable params: 2275330
2025-12-14 14:27:21,412 [asp.py] => Learning on 160-165
2025-12-14 14:27:21,421 [asp.py] => training set size: 25, fc construct set size: 25
2025-12-14 14:28:19,529 [trainer.py] => CNN: {'total': 86.95, '00-99': 90.12, '100-104': 84.21, '105-109': 88.33, '110-114': 67.31, '115-119': 86.08, '120-124': 80.33, '125-129': 77.19, '130-134': 68.42, '135-139': 92.0, '140-144': 64.29, '145-149': 87.69, '150-154': 81.43, '155-159': 93.33, '160-164': 96.49, '165-169': 60.0, '170-174': 76.0, '175-179': 80.0, '180-184': 88.0, '185-189': 76.0, '190-194': 76.0, '195-199': 80.0, 'old': 86.65, 'new': 96.49}
2025-12-14 14:28:19,530 [trainer.py] => Top1 curve: [92.06, 91.35, 91.29, 90.33, 89.94, 89.6, 89.0, 88.31, 88.43, 87.25, 87.21, 86.6, 86.76, 86.95]
2025-12-14 14:28:19,530 [trainer.py] => Average Accuracy (CNN): 88.93
2025-12-14 14:28:19,533 [trainer.py] => All params: 173876482
2025-12-14 14:28:19,536 [trainer.py] => Trainable params: 2279170
2025-12-14 14:28:19,551 [asp.py] => Learning on 165-170
2025-12-14 14:28:19,560 [asp.py] => training set size: 25, fc construct set size: 25
2025-12-14 14:29:18,013 [trainer.py] => CNN: {'total': 86.13, '00-99': 90.12, '100-104': 84.21, '105-109': 88.33, '110-114': 67.31, '115-119': 86.08, '120-124': 80.33, '125-129': 77.19, '130-134': 68.42, '135-139': 92.0, '140-144': 64.29, '145-149': 87.69, '150-154': 81.43, '155-159': 93.33, '160-164': 96.49, '165-169': 60.0, '170-174': 72.0, '175-179': 92.0, '180-184': 72.0, '185-189': 76.0, '190-194': 72.0, '195-199': 76.0, 'old': 86.95, 'new': 60.0}
2025-12-14 14:29:18,014 [trainer.py] => Top1 curve: [92.06, 91.35, 91.29, 90.33, 89.94, 89.6, 89.0, 88.31, 88.43, 87.25, 87.21, 86.6, 86.76, 86.95, 86.13]
2025-12-14 14:29:18,014 [trainer.py] => Average Accuracy (CNN): 88.75
2025-12-14 14:29:18,017 [trainer.py] => All params: 173880322
2025-12-14 14:29:18,019 [trainer.py] => Trainable params: 2283010
2025-12-14 14:29:18,030 [asp.py] => Learning on 170-175
2025-12-14 14:29:18,039 [asp.py] => training set size: 25, fc construct set size: 25
2025-12-14 14:30:15,911 [trainer.py] => CNN: {'total': 85.49, '00-99': 89.86, '100-104': 84.21, '105-109': 88.33, '110-114': 67.31, '115-119': 84.81, '120-124': 78.69, '125-129': 77.19, '130-134': 66.67, '135-139': 92.0, '140-144': 64.29, '145-149': 86.15, '150-154': 81.43, '155-159': 93.33, '160-164': 96.49, '165-169': 60.0, '170-174': 75.86, '175-179': 92.0, '180-184': 80.0, '185-189': 84.0, '190-194': 68.0, '195-199': 84.0, 'old': 85.77, 'new': 75.86}
2025-12-14 14:30:15,911 [trainer.py] => Top1 curve: [92.06, 91.35, 91.29, 90.33, 89.94, 89.6, 89.0, 88.31, 88.43, 87.25, 87.21, 86.6, 86.76, 86.95, 86.13, 85.49]
2025-12-14 14:30:15,911 [trainer.py] => Average Accuracy (CNN): 88.54
2025-12-14 14:30:15,915 [trainer.py] => All params: 173884162
2025-12-14 14:30:15,917 [trainer.py] => Trainable params: 2286850
2025-12-14 14:30:15,929 [asp.py] => Learning on 175-180
2025-12-14 14:30:15,937 [asp.py] => training set size: 25, fc construct set size: 25
2025-12-14 14:31:15,132 [trainer.py] => CNN: {'total': 85.59, '00-99': 89.59, '100-104': 84.21, '105-109': 88.33, '110-114': 67.31, '115-119': 84.81, '120-124': 78.69, '125-129': 77.19, '130-134': 66.67, '135-139': 92.0, '140-144': 64.29, '145-149': 86.15, '150-154': 81.43, '155-159': 93.33, '160-164': 96.49, '165-169': 60.0, '170-174': 75.86, '175-179': 92.75, '180-184': 80.0, '185-189': 72.0, '190-194': 84.0, '195-199': 80.0, 'old': 85.34, 'new': 92.75}
2025-12-14 14:31:15,133 [trainer.py] => Top1 curve: [92.06, 91.35, 91.29, 90.33, 89.94, 89.6, 89.0, 88.31, 88.43, 87.25, 87.21, 86.6, 86.76, 86.95, 86.13, 85.49, 85.59]
2025-12-14 14:31:15,133 [trainer.py] => Average Accuracy (CNN): 88.37
2025-12-14 14:31:15,136 [trainer.py] => All params: 173888002
2025-12-14 14:31:15,139 [trainer.py] => Trainable params: 2290690
2025-12-14 14:31:15,151 [asp.py] => Learning on 180-185
2025-12-14 14:31:15,159 [asp.py] => training set size: 25, fc construct set size: 25
2025-12-14 14:32:13,465 [trainer.py] => CNN: {'total': 84.56, '00-99': 88.8, '100-104': 84.21, '105-109': 88.33, '110-114': 67.31, '115-119': 84.81, '120-124': 78.69, '125-129': 77.19, '130-134': 66.67, '135-139': 92.0, '140-144': 64.29, '145-149': 86.15, '150-154': 81.43, '155-159': 93.33, '160-164': 96.49, '165-169': 60.0, '170-174': 75.86, '175-179': 92.75, '180-184': 63.93, '185-189': 72.0, '190-194': 68.0, '195-199': 76.0, 'old': 85.16, 'new': 63.93}
2025-12-14 14:32:13,466 [trainer.py] => Top1 curve: [92.06, 91.35, 91.29, 90.33, 89.94, 89.6, 89.0, 88.31, 88.43, 87.25, 87.21, 86.6, 86.76, 86.95, 86.13, 85.49, 85.59, 84.56]
2025-12-14 14:32:13,466 [trainer.py] => Average Accuracy (CNN): 88.16
2025-12-14 14:32:13,469 [trainer.py] => All params: 173891842
2025-12-14 14:32:13,471 [trainer.py] => Trainable params: 2294530
2025-12-14 14:32:13,487 [asp.py] => Learning on 185-190
2025-12-14 14:32:13,493 [asp.py] => training set size: 25, fc construct set size: 25
2025-12-14 14:33:12,867 [trainer.py] => CNN: {'total': 83.2, '00-99': 88.71, '100-104': 84.21, '105-109': 88.33, '110-114': 51.92, '115-119': 84.81, '120-124': 78.69, '125-129': 66.67, '130-134': 66.67, '135-139': 92.0, '140-144': 64.29, '145-149': 86.15, '150-154': 81.43, '155-159': 93.33, '160-164': 96.49, '165-169': 60.0, '170-174': 75.86, '175-179': 92.75, '180-184': 63.93, '185-189': 57.89, '190-194': 80.0, '195-199': 92.0, 'old': 83.87, 'new': 57.89}
2025-12-14 14:33:12,867 [trainer.py] => Top1 curve: [92.06, 91.35, 91.29, 90.33, 89.94, 89.6, 89.0, 88.31, 88.43, 87.25, 87.21, 86.6, 86.76, 86.95, 86.13, 85.49, 85.59, 84.56, 83.2]
2025-12-14 14:33:12,867 [trainer.py] => Average Accuracy (CNN): 87.90
2025-12-14 14:33:12,871 [trainer.py] => All params: 173895682
2025-12-14 14:33:12,874 [trainer.py] => Trainable params: 2298370
2025-12-14 14:33:12,889 [asp.py] => Learning on 190-195
2025-12-14 14:33:12,896 [asp.py] => training set size: 25, fc construct set size: 25
2025-12-14 14:34:13,010 [trainer.py] => CNN: {'total': 82.85, '00-99': 88.36, '100-104': 84.21, '105-109': 88.33, '110-114': 51.92, '115-119': 84.81, '120-124': 78.69, '125-129': 66.67, '130-134': 66.67, '135-139': 92.0, '140-144': 64.29, '145-149': 86.15, '150-154': 81.43, '155-159': 93.33, '160-164': 94.74, '165-169': 60.0, '170-174': 75.86, '175-179': 92.75, '180-184': 63.93, '185-189': 57.89, '190-194': 79.17, '195-199': 84.0, 'old': 82.97, 'new': 79.17}
2025-12-14 14:34:13,011 [trainer.py] => Top1 curve: [92.06, 91.35, 91.29, 90.33, 89.94, 89.6, 89.0, 88.31, 88.43, 87.25, 87.21, 86.6, 86.76, 86.95, 86.13, 85.49, 85.59, 84.56, 83.2, 82.85]
2025-12-14 14:34:13,011 [trainer.py] => Average Accuracy (CNN): 87.64
2025-12-14 14:34:13,013 [trainer.py] => All params: 173899522
2025-12-14 14:34:13,015 [trainer.py] => Trainable params: 2302210
2025-12-14 14:34:13,032 [asp.py] => Learning on 195-200
2025-12-14 14:34:13,039 [asp.py] => training set size: 25, fc construct set size: 25
2025-12-14 14:35:09,138 [trainer.py] => CNN: {'total': 82.44, '00-99': 88.36, '100-104': 84.21, '105-109': 88.33, '110-114': 51.92, '115-119': 84.81, '120-124': 78.69, '125-129': 66.67, '130-134': 66.67, '135-139': 92.0, '140-144': 64.29, '145-149': 86.15, '150-154': 81.43, '155-159': 93.33, '160-164': 94.74, '165-169': 60.0, '170-174': 75.86, '175-179': 92.75, '180-184': 63.93, '185-189': 57.89, '190-194': 77.78, '195-199': 69.7, 'old': 82.81, 'new': 69.7}
2025-12-14 14:35:09,138 [trainer.py] => Top1 curve: [92.06, 91.35, 91.29, 90.33, 89.94, 89.6, 89.0, 88.31, 88.43, 87.25, 87.21, 86.6, 86.76, 86.95, 86.13, 85.49, 85.59, 84.56, 83.2, 82.85, 82.44]
2025-12-14 14:35:09,139 [trainer.py] => Average Accuracy (CNN): 87.40

================================================================================
Finished cub_init100_inc5: pretrained_vit_b16_224_vpt  
Base Accuracy: 92.06
Lase Accuracy: 82.44
Average Accuracy (Top1): 87.4
PD: 9.62
Backward Transfer (BWT): -2.65
Traceback (most recent call last):
  File "/home/team/zhaohongwei/Code/Research/Awesome-FSCIL/FSCIL-ASP-main/main.py", line 25, in <module>
    main()
  File "/home/team/zhaohongwei/Code/Research/Awesome-FSCIL/FSCIL-ASP-main/main.py", line 11, in main
    train(args)
  File "/home/team/zhaohongwei/Code/Research/Awesome-FSCIL/FSCIL-ASP-main/trainer.py", line 32, in train
    _train(args)
  File "/home/team/zhaohongwei/Code/Research/Awesome-FSCIL/FSCIL-ASP-main/trainer.py", line 160, in _train
    print("Forward Transfer (FWT):", forward_transfer(args["dataset"], np.array(cnn_matrix)))
  File "/home/team/zhaohongwei/Code/Research/Awesome-FSCIL/FSCIL-ASP-main/trainer.py", line 265, in forward_transfer
    fwt_diffs = fwt_accs - rand_init_acc_for_fwt
ValueError: operands could not be broadcast together with shapes (20,) (10,) 
2025-12-14 14:35:12,665 [trainer.py] => config: ./scripts/asp_cub_B100_Inc10.json
2025-12-14 14:35:12,666 [trainer.py] => model_name: asp
2025-12-14 14:35:12,666 [trainer.py] => backbone_type: pretrained_vit_b16_224_vpt
2025-12-14 14:35:12,666 [trainer.py] => device: [device(type='cuda', index=1)]
2025-12-14 14:35:12,666 [trainer.py] => seed: 2025
2025-12-14 14:35:12,666 [trainer.py] => dataset: cub
2025-12-14 14:35:12,666 [trainer.py] => init_cls: 100
2025-12-14 14:35:12,666 [trainer.py] => increment: 10
2025-12-14 14:35:12,666 [trainer.py] => kshot: 5
2025-12-14 14:35:12,666 [trainer.py] => vpt_type: Deep
2025-12-14 14:35:12,666 [trainer.py] => prompt_token_num: 6
2025-12-14 14:35:12,666 [trainer.py] => avg_alpha: 0.8
2025-12-14 14:35:12,666 [trainer.py] => perturb_var: 1
2025-12-14 14:35:12,666 [trainer.py] => EMA_beta: 0.99
2025-12-14 14:35:12,666 [trainer.py] => anchor_lambda: 0.1
2025-12-14 14:35:12,666 [trainer.py] => kl_weight: 0.001
2025-12-14 14:35:12,666 [trainer.py] => TIP_init: zero
2025-12-14 14:35:12,666 [trainer.py] => tuned_epoch: 20
2025-12-14 14:35:12,666 [trainer.py] => fs_epoch: 0
2025-12-14 14:35:12,666 [trainer.py] => init_lr: 0.01
2025-12-14 14:35:12,666 [trainer.py] => fs_lr: 0.001
2025-12-14 14:35:12,666 [trainer.py] => batch_size: 24
2025-12-14 14:35:12,666 [trainer.py] => fs_batch_size: 16
2025-12-14 14:35:12,666 [trainer.py] => weight_decay: 0.005
2025-12-14 14:35:12,666 [trainer.py] => min_lr: 0
2025-12-14 14:35:12,666 [trainer.py] => optimizer: sgd
2025-12-14 14:35:12,666 [trainer.py] => memory_size: 0
2025-12-14 14:35:12,666 [trainer.py] => memory_per_class: 0
2025-12-14 14:35:12,666 [trainer.py] => fixed_memory: False
2025-12-14 14:35:12,666 [trainer.py] => shuffle: True
2025-12-14 14:35:12,666 [trainer.py] => top_k: 5
2025-12-14 14:35:12,666 [trainer.py] => base_model_path: saved_model/asp/cub/100_10/asp_20_2025_pretrained_vit_b16_224_vpt.pth
2025-12-14 14:35:12,667 [trainer.py] => prefix: asp
2025-12-14 14:35:12,667 [trainer.py] => model_prefix: asp
2025-12-14 14:35:12,667 [trainer.py] => gpu_models: ['NVIDIA A40']
2025-12-14 14:35:12,705 [data_manager.py] => [30, 0, 32, 34, 5, 49, 56, 154, 143, 82, 19, 165, 58, 106, 196, 126, 178, 80, 192, 1, 44, 31, 197, 150, 132, 149, 112, 141, 54, 104, 26, 46, 20, 156, 23, 83, 47, 129, 9, 84, 187, 130, 48, 138, 191, 108, 139, 158, 4, 66, 146, 2, 113, 142, 194, 109, 102, 166, 176, 167, 162, 131, 134, 122, 107, 96, 135, 45, 93, 136, 70, 81, 51, 17, 172, 29, 71, 57, 184, 148, 179, 43, 161, 100, 182, 37, 8, 14, 180, 189, 11, 53, 6, 24, 7, 88, 175, 183, 35, 128, 75, 186, 99, 78, 123, 133, 74, 125, 120, 89, 39, 63, 155, 65, 77, 116, 171, 114, 105, 170, 12, 121, 195, 60, 185, 110, 91, 68, 198, 59, 38, 174, 87, 28, 157, 193, 86, 147, 16, 98, 36, 61, 137, 18, 21, 103, 25, 15, 118, 72, 50, 168, 152, 190, 199, 55, 181, 92, 163, 85, 69, 177, 95, 52, 159, 169, 188, 127, 79, 42, 164, 124, 41, 90, 115, 13, 27, 73, 33, 173, 119, 145, 153, 3, 117, 64, 144, 111, 101, 151, 40, 97, 10, 22, 160, 140, 67, 76, 94, 62]
This is for the BaseNet initialization.
modelname, pretrained_vit_b16_224_vpt basicmodelname vit_base_patch16_224
Using VPT model
Using Deep Prompt
After BaseNet initialization.
2025-12-14 14:35:17,971 [trainer.py] => All params: 173749761
2025-12-14 14:35:17,972 [trainer.py] => Trainable params: 2152449
2025-12-14 14:35:18,391 [asp.py] => Learning on 0-100
2025-12-14 14:35:18,406 [asp.py] => training set size: 4711, fc construct set size: 4711
anchor samples found
2025-12-14 14:46:12,184 [asp.py] => Task 0, Epoch 1 => Loss 6.009, Train_accy 13.63, Test_curr_accy 50.26, Test_accy 50.26
anchor samples found
2025-12-14 14:56:41,895 [asp.py] => Task 0, Epoch 2 => Loss 2.780, Train_accy 61.86, Test_curr_accy 81.83, Test_accy 81.83
anchor samples found
2025-12-14 15:07:42,873 [asp.py] => Task 0, Epoch 3 => Loss 1.156, Train_accy 80.37, Test_curr_accy 88.98, Test_accy 88.98
anchor samples found
2025-12-14 15:18:15,237 [asp.py] => Task 0, Epoch 4 => Loss 0.916, Train_accy 84.06, Test_curr_accy 90.12, Test_accy 90.12
anchor samples found
2025-12-14 15:28:52,277 [asp.py] => Task 0, Epoch 5 => Loss 0.881, Train_accy 84.12, Test_curr_accy 91.71, Test_accy 91.71
anchor samples found
2025-12-14 15:39:46,599 [asp.py] => Task 0, Epoch 6 => Loss 0.803, Train_accy 85.12, Test_curr_accy 92.24, Test_accy 92.24
anchor samples found
2025-12-14 15:50:16,763 [asp.py] => Task 0, Epoch 7 => Loss 0.794, Train_accy 86.20, Test_curr_accy 92.15, Test_accy 92.15
anchor samples found
2025-12-14 16:01:13,025 [asp.py] => Task 0, Epoch 8 => Loss 0.773, Train_accy 86.29, Test_curr_accy 91.71, Test_accy 91.71
anchor samples found
2025-12-14 16:11:43,786 [asp.py] => Task 0, Epoch 9 => Loss 0.759, Train_accy 86.35, Test_curr_accy 92.24, Test_accy 92.24
anchor samples found
2025-12-14 16:21:31,815 [asp.py] => Task 0, Epoch 10 => Loss 0.720, Train_accy 87.65, Test_curr_accy 92.06, Test_accy 92.06
anchor samples found
2025-12-14 16:31:04,412 [asp.py] => Task 0, Epoch 11 => Loss 0.703, Train_accy 87.67, Test_curr_accy 92.59, Test_accy 92.59
anchor samples found
2025-12-14 16:40:04,106 [asp.py] => Task 0, Epoch 12 => Loss 0.680, Train_accy 87.84, Test_curr_accy 92.15, Test_accy 92.15
anchor samples found
2025-12-14 16:49:23,432 [asp.py] => Task 0, Epoch 13 => Loss 0.693, Train_accy 87.45, Test_curr_accy 92.59, Test_accy 92.59
anchor samples found
2025-12-14 16:59:12,302 [asp.py] => Task 0, Epoch 14 => Loss 0.710, Train_accy 87.69, Test_curr_accy 92.50, Test_accy 92.50
anchor samples found
2025-12-14 17:08:33,477 [asp.py] => Task 0, Epoch 15 => Loss 0.674, Train_accy 88.03, Test_curr_accy 92.95, Test_accy 92.95
anchor samples found
2025-12-14 17:18:25,891 [asp.py] => Task 0, Epoch 16 => Loss 0.668, Train_accy 88.64, Test_curr_accy 93.39, Test_accy 93.39
anchor samples found
2025-12-14 17:27:53,938 [asp.py] => Task 0, Epoch 17 => Loss 0.670, Train_accy 88.45, Test_curr_accy 93.56, Test_accy 93.56
anchor samples found
2025-12-14 17:37:27,454 [asp.py] => Task 0, Epoch 18 => Loss 0.632, Train_accy 89.41, Test_curr_accy 93.65, Test_accy 93.65
anchor samples found
2025-12-14 17:48:05,307 [asp.py] => Task 0, Epoch 19 => Loss 0.618, Train_accy 89.62, Test_curr_accy 93.21, Test_accy 93.21
anchor samples found
2025-12-14 17:58:34,690 [asp.py] => Task 0, Epoch 20 => Loss 0.635, Train_accy 89.30, Test_curr_accy 93.30, Test_accy 93.30
2025-12-14 18:02:19,798 [trainer.py] => CNN: {'total': 92.24, '00-99': 92.24, '100-109': 88.0, '110-119': 68.0, '120-129': 66.0, '130-139': 88.0, '140-149': 86.0, '150-159': 84.0, '160-169': 80.0, '170-179': 80.0, '180-189': 78.0, '190-199': 78.0, 'old': 0, 'new': 92.24}
2025-12-14 18:02:19,798 [trainer.py] => Top1 curve: [92.24]
2025-12-14 18:02:19,799 [trainer.py] => Average Accuracy (CNN): 92.24
2025-12-14 18:02:19,802 [trainer.py] => All params: 173826562
2025-12-14 18:02:19,804 [trainer.py] => Trainable params: 2229250
2025-12-14 18:02:19,815 [asp.py] => Learning on 100-110
2025-12-14 18:02:19,828 [asp.py] => training set size: 50, fc construct set size: 50
2025-12-14 18:03:16,333 [trainer.py] => CNN: {'total': 91.37, '00-99': 91.71, '100-109': 88.03, '110-119': 82.0, '120-129': 70.0, '130-139': 78.0, '140-149': 68.0, '150-159': 82.0, '160-169': 80.0, '170-179': 80.0, '180-189': 76.0, '190-199': 80.0, 'old': 91.71, 'new': 88.03}
2025-12-14 18:03:16,334 [trainer.py] => Top1 curve: [92.24, 91.37]
2025-12-14 18:03:16,334 [trainer.py] => Average Accuracy (CNN): 91.81
2025-12-14 18:03:16,336 [trainer.py] => All params: 173834242
2025-12-14 18:03:16,339 [trainer.py] => Trainable params: 2236930
2025-12-14 18:03:16,349 [asp.py] => Learning on 110-120
2025-12-14 18:03:16,361 [asp.py] => training set size: 50, fc construct set size: 50
2025-12-14 18:04:13,720 [trainer.py] => CNN: {'total': 90.01, '00-99': 91.36, '100-109': 86.32, '110-119': 81.68, '120-129': 82.0, '130-139': 84.0, '140-149': 70.0, '150-159': 74.0, '160-169': 70.0, '170-179': 90.0, '180-189': 68.0, '190-199': 78.0, 'old': 90.89, 'new': 81.68}
2025-12-14 18:04:13,721 [trainer.py] => Top1 curve: [92.24, 91.37, 90.01]
2025-12-14 18:04:13,721 [trainer.py] => Average Accuracy (CNN): 91.21
2025-12-14 18:04:13,724 [trainer.py] => All params: 173841922
2025-12-14 18:04:13,726 [trainer.py] => Trainable params: 2244610
2025-12-14 18:04:13,738 [asp.py] => Learning on 120-130
2025-12-14 18:04:13,749 [asp.py] => training set size: 50, fc construct set size: 50
2025-12-14 18:05:11,612 [trainer.py] => CNN: {'total': 89.2, '00-99': 91.27, '100-109': 86.32, '110-119': 81.68, '120-129': 80.51, '130-139': 84.0, '140-149': 76.0, '150-159': 86.0, '160-169': 70.0, '170-179': 94.0, '180-189': 74.0, '190-199': 68.0, 'old': 89.94, 'new': 80.51}
2025-12-14 18:05:11,613 [trainer.py] => Top1 curve: [92.24, 91.37, 90.01, 89.2]
2025-12-14 18:05:11,613 [trainer.py] => Average Accuracy (CNN): 90.70
2025-12-14 18:05:11,617 [trainer.py] => All params: 173849602
2025-12-14 18:05:11,619 [trainer.py] => Trainable params: 2252290
2025-12-14 18:05:11,633 [asp.py] => Learning on 130-140
2025-12-14 18:05:11,644 [asp.py] => training set size: 50, fc construct set size: 50
2025-12-14 18:06:09,602 [trainer.py] => CNN: {'total': 88.55, '00-99': 91.09, '100-109': 86.32, '110-119': 81.68, '120-129': 80.51, '130-139': 81.31, '140-149': 64.0, '150-159': 84.0, '160-169': 78.0, '170-179': 78.0, '180-189': 74.0, '190-199': 74.0, 'old': 89.07, 'new': 81.31}
2025-12-14 18:06:09,603 [trainer.py] => Top1 curve: [92.24, 91.37, 90.01, 89.2, 88.55]
2025-12-14 18:06:09,603 [trainer.py] => Average Accuracy (CNN): 90.27
2025-12-14 18:06:09,606 [trainer.py] => All params: 173857282
2025-12-14 18:06:09,608 [trainer.py] => Trainable params: 2259970
2025-12-14 18:06:09,621 [asp.py] => Learning on 140-150
2025-12-14 18:06:09,630 [asp.py] => training set size: 50, fc construct set size: 50
2025-12-14 18:07:07,980 [trainer.py] => CNN: {'total': 87.56, '00-99': 90.74, '100-109': 86.32, '110-119': 78.63, '120-129': 80.51, '130-139': 81.31, '140-149': 80.99, '150-159': 84.0, '160-169': 74.0, '170-179': 88.0, '180-189': 74.0, '190-199': 76.0, 'old': 88.05, 'new': 80.99}
2025-12-14 18:07:07,981 [trainer.py] => Top1 curve: [92.24, 91.37, 90.01, 89.2, 88.55, 87.56]
2025-12-14 18:07:07,981 [trainer.py] => Average Accuracy (CNN): 89.82
2025-12-14 18:07:07,985 [trainer.py] => All params: 173864962
2025-12-14 18:07:07,988 [trainer.py] => Trainable params: 2267650
2025-12-14 18:07:07,999 [asp.py] => Learning on 150-160
2025-12-14 18:07:08,009 [asp.py] => training set size: 50, fc construct set size: 50
2025-12-14 18:08:07,071 [trainer.py] => CNN: {'total': 87.08, '00-99': 90.04, '100-109': 86.32, '110-119': 78.63, '120-129': 80.51, '130-139': 81.31, '140-149': 80.99, '150-159': 86.92, '160-169': 86.0, '170-179': 90.0, '180-189': 66.0, '190-199': 80.0, 'old': 87.09, 'new': 86.92}
2025-12-14 18:08:07,072 [trainer.py] => Top1 curve: [92.24, 91.37, 90.01, 89.2, 88.55, 87.56, 87.08]
2025-12-14 18:08:07,072 [trainer.py] => Average Accuracy (CNN): 89.43
2025-12-14 18:08:07,075 [trainer.py] => All params: 173872642
2025-12-14 18:08:07,078 [trainer.py] => Trainable params: 2275330
2025-12-14 18:08:07,093 [asp.py] => Learning on 160-170
2025-12-14 18:08:07,102 [asp.py] => training set size: 50, fc construct set size: 50
2025-12-14 18:09:03,787 [trainer.py] => CNN: {'total': 86.28, '00-99': 89.86, '100-109': 86.32, '110-119': 78.63, '120-129': 80.51, '130-139': 81.31, '140-149': 80.99, '150-159': 86.92, '160-169': 75.21, '170-179': 96.0, '180-189': 80.0, '190-199': 78.0, 'old': 86.98, 'new': 75.21}
2025-12-14 18:09:03,787 [trainer.py] => Top1 curve: [92.24, 91.37, 90.01, 89.2, 88.55, 87.56, 87.08, 86.28]
2025-12-14 18:09:03,787 [trainer.py] => Average Accuracy (CNN): 89.04
2025-12-14 18:09:03,790 [trainer.py] => All params: 173880322
2025-12-14 18:09:03,793 [trainer.py] => Trainable params: 2283010
2025-12-14 18:09:03,807 [asp.py] => Learning on 170-180
2025-12-14 18:09:03,819 [asp.py] => training set size: 50, fc construct set size: 50
2025-12-14 18:10:00,544 [trainer.py] => CNN: {'total': 85.92, '00-99': 89.42, '100-109': 86.32, '110-119': 78.63, '120-129': 80.51, '130-139': 80.37, '140-149': 80.17, '150-159': 86.92, '160-169': 75.21, '170-179': 85.83, '180-189': 70.0, '190-199': 76.0, 'old': 85.92, 'new': 85.83}
2025-12-14 18:10:00,545 [trainer.py] => Top1 curve: [92.24, 91.37, 90.01, 89.2, 88.55, 87.56, 87.08, 86.28, 85.92]
2025-12-14 18:10:00,545 [trainer.py] => Average Accuracy (CNN): 88.69
2025-12-14 18:10:00,548 [trainer.py] => All params: 173888002
2025-12-14 18:10:00,550 [trainer.py] => Trainable params: 2290690
2025-12-14 18:10:00,567 [asp.py] => Learning on 180-190
2025-12-14 18:10:00,573 [asp.py] => training set size: 50, fc construct set size: 50
2025-12-14 18:10:57,678 [trainer.py] => CNN: {'total': 83.78, '00-99': 88.62, '100-109': 86.32, '110-119': 72.52, '120-129': 77.12, '130-139': 79.44, '140-149': 80.17, '150-159': 86.92, '160-169': 75.21, '170-179': 85.83, '180-189': 64.41, '190-199': 74.0, 'old': 84.87, 'new': 64.41}
2025-12-14 18:10:57,678 [trainer.py] => Top1 curve: [92.24, 91.37, 90.01, 89.2, 88.55, 87.56, 87.08, 86.28, 85.92, 83.78]
2025-12-14 18:10:57,678 [trainer.py] => Average Accuracy (CNN): 88.20
2025-12-14 18:10:57,682 [trainer.py] => All params: 173895682
2025-12-14 18:10:57,684 [trainer.py] => Trainable params: 2298370
2025-12-14 18:10:57,701 [asp.py] => Learning on 190-200
2025-12-14 18:10:57,708 [asp.py] => training set size: 50, fc construct set size: 50
2025-12-14 18:11:54,936 [trainer.py] => CNN: {'total': 82.65, '00-99': 88.27, '100-109': 86.32, '110-119': 72.52, '120-129': 77.12, '130-139': 79.44, '140-149': 79.34, '150-159': 86.92, '160-169': 74.36, '170-179': 85.83, '180-189': 64.41, '190-199': 68.84, 'old': 83.51, 'new': 68.84}
2025-12-14 18:11:54,937 [trainer.py] => Top1 curve: [92.24, 91.37, 90.01, 89.2, 88.55, 87.56, 87.08, 86.28, 85.92, 83.78, 82.65]
2025-12-14 18:11:54,937 [trainer.py] => Average Accuracy (CNN): 87.69

================================================================================
Finished cub_init100_inc10: pretrained_vit_b16_224_vpt  
Base Accuracy: 92.24
Lase Accuracy: 82.65
Average Accuracy (Top1): 87.69
PD: 9.59
Backward Transfer (BWT): -2.26
Forward Transfer (FWT): 9.47
Accuracy Matrix (CNN):
[[92.24 88.   68.   66.   88.   86.   84.   80.   80.   78.   78.  ]
 [91.71 88.03 82.   70.   78.   68.   82.   80.   80.   76.   80.  ]
 [91.36 86.32 81.68 82.   84.   70.   74.   70.   90.   68.   78.  ]
 [91.27 86.32 81.68 80.51 84.   76.   86.   70.   94.   74.   68.  ]
 [91.09 86.32 81.68 80.51 81.31 64.   84.   78.   78.   74.   74.  ]
 [90.74 86.32 78.63 80.51 81.31 80.99 84.   74.   88.   74.   76.  ]
 [90.04 86.32 78.63 80.51 81.31 80.99 86.92 86.   90.   66.   80.  ]
 [89.86 86.32 78.63 80.51 81.31 80.99 86.92 75.21 96.   80.   78.  ]
 [89.42 86.32 78.63 80.51 80.37 80.17 86.92 75.21 85.83 70.   76.  ]
 [88.62 86.32 72.52 77.12 79.44 80.17 86.92 75.21 85.83 64.41 74.  ]
 [88.27 86.32 72.52 77.12 79.44 79.34 86.92 74.36 85.83 64.41 68.84]]
================================================================================

2025-12-14 18:11:58,100 [trainer.py] => config: ./scripts/asp_cifar_B60_Inc2.json
2025-12-14 18:11:58,100 [trainer.py] => model_name: asp
2025-12-14 18:11:58,100 [trainer.py] => backbone_type: pretrained_vit_b16_224_vpt
2025-12-14 18:11:58,100 [trainer.py] => device: [device(type='cuda', index=1)]
2025-12-14 18:11:58,100 [trainer.py] => seed: 2025
2025-12-14 18:11:58,100 [trainer.py] => dataset: cifar224
2025-12-14 18:11:58,100 [trainer.py] => init_cls: 60
2025-12-14 18:11:58,100 [trainer.py] => increment: 2
2025-12-14 18:11:58,100 [trainer.py] => kshot: 5
2025-12-14 18:11:58,100 [trainer.py] => vpt_type: Deep
2025-12-14 18:11:58,100 [trainer.py] => prompt_token_num: 6
2025-12-14 18:11:58,100 [trainer.py] => avg_alpha: 0.8
2025-12-14 18:11:58,100 [trainer.py] => perturb_var: 1
2025-12-14 18:11:58,100 [trainer.py] => EMA_beta: 0.99
2025-12-14 18:11:58,100 [trainer.py] => anchor_lambda: 0.1
2025-12-14 18:11:58,100 [trainer.py] => kl_weight: 0.001
2025-12-14 18:11:58,100 [trainer.py] => TIP_init: zero
2025-12-14 18:11:58,100 [trainer.py] => tuned_epoch: 20
2025-12-14 18:11:58,100 [trainer.py] => fs_epoch: 0
2025-12-14 18:11:58,100 [trainer.py] => init_lr: 0.01
2025-12-14 18:11:58,100 [trainer.py] => fs_lr: 0.001
2025-12-14 18:11:58,100 [trainer.py] => batch_size: 48
2025-12-14 18:11:58,100 [trainer.py] => fs_batch_size: 16
2025-12-14 18:11:58,100 [trainer.py] => weight_decay: 0.0005
2025-12-14 18:11:58,100 [trainer.py] => min_lr: 0
2025-12-14 18:11:58,100 [trainer.py] => optimizer: sgd
2025-12-14 18:11:58,101 [trainer.py] => memory_size: 0
2025-12-14 18:11:58,101 [trainer.py] => memory_per_class: 0
2025-12-14 18:11:58,101 [trainer.py] => fixed_memory: False
2025-12-14 18:11:58,101 [trainer.py] => shuffle: True
2025-12-14 18:11:58,101 [trainer.py] => top_k: 5
2025-12-14 18:11:58,101 [trainer.py] => base_model_path: saved_model/asp/cifar224/60_2/asp_20_2025_pretrained_vit_b16_224_vpt.pth
2025-12-14 18:11:58,101 [trainer.py] => prefix: asp
2025-12-14 18:11:58,101 [trainer.py] => model_prefix: asp
2025-12-14 18:11:58,101 [trainer.py] => gpu_models: ['NVIDIA A40']
Files already downloaded and verified
Files already downloaded and verified
2025-12-14 18:11:59,896 [data_manager.py] => [49, 77, 61, 69, 6, 95, 68, 19, 2, 5, 96, 89, 57, 63, 72, 99, 59, 1, 79, 20, 26, 47, 46, 48, 92, 29, 0, 14, 30, 43, 74, 97, 11, 86, 35, 28, 4, 58, 90, 51, 85, 44, 60, 71, 34, 91, 9, 18, 21, 39, 81, 54, 8, 50, 15, 24, 88, 87, 38, 7, 56, 65, 37, 55, 80, 66, 52, 31, 70, 53, 42, 36, 41, 13, 27, 73, 33, 93, 45, 75, 17, 25, 3, 64, 16, 84, 23, 40, 78, 10, 22, 32, 12, 83, 67, 76, 98, 82, 94, 62]
This is for the BaseNet initialization.
modelname, pretrained_vit_b16_224_vpt basicmodelname vit_base_patch16_224
Using VPT model
Using Deep Prompt
After BaseNet initialization.
2025-12-14 18:12:05,481 [trainer.py] => All params: 173672961
2025-12-14 18:12:05,482 [trainer.py] => Trainable params: 2075649
2025-12-14 18:12:05,895 [asp.py] => Learning on 0-60
2025-12-14 18:12:05,990 [asp.py] => training set size: 30000, fc construct set size: 30000
anchor samples found
2025-12-14 19:16:00,980 [asp.py] => Task 0, Epoch 1 => Loss 3.613, Train_accy 32.41, Test_curr_accy 89.82, Test_accy 89.82
anchor samples found
2025-12-14 20:20:17,346 [asp.py] => Task 0, Epoch 2 => Loss 0.997, Train_accy 79.37, Test_curr_accy 92.32, Test_accy 92.32
anchor samples found
2025-12-14 21:23:30,926 [asp.py] => Task 0, Epoch 3 => Loss 0.833, Train_accy 81.02, Test_curr_accy 92.78, Test_accy 92.78
anchor samples found
2025-12-14 22:19:59,417 [asp.py] => Task 0, Epoch 4 => Loss 0.777, Train_accy 81.85, Test_curr_accy 93.43, Test_accy 93.43
anchor samples found
2025-12-14 23:21:45,249 [asp.py] => Task 0, Epoch 5 => Loss 0.733, Train_accy 82.91, Test_curr_accy 93.52, Test_accy 93.52
anchor samples found
2025-12-15 00:17:29,966 [asp.py] => Task 0, Epoch 6 => Loss 0.727, Train_accy 82.95, Test_curr_accy 93.87, Test_accy 93.87
anchor samples found
2025-12-15 00:58:40,714 [asp.py] => Task 0, Epoch 7 => Loss 0.707, Train_accy 83.12, Test_curr_accy 94.12, Test_accy 94.12
anchor samples found
2025-12-15 01:29:32,305 [asp.py] => Task 0, Epoch 8 => Loss 0.688, Train_accy 83.37, Test_curr_accy 94.22, Test_accy 94.22
anchor samples found
2025-12-15 01:44:37,287 [asp.py] => Task 0, Epoch 9 => Loss 0.675, Train_accy 83.89, Test_curr_accy 94.38, Test_accy 94.38
anchor samples found
2025-12-15 01:58:39,354 [asp.py] => Task 0, Epoch 10 => Loss 0.664, Train_accy 83.89, Test_curr_accy 94.35, Test_accy 94.35
anchor samples found
2025-12-15 02:12:42,173 [asp.py] => Task 0, Epoch 11 => Loss 0.661, Train_accy 83.94, Test_curr_accy 94.53, Test_accy 94.53
anchor samples found
2025-12-15 02:26:45,326 [asp.py] => Task 0, Epoch 12 => Loss 0.656, Train_accy 84.04, Test_curr_accy 94.28, Test_accy 94.28
anchor samples found
2025-12-15 02:40:50,014 [asp.py] => Task 0, Epoch 13 => Loss 0.644, Train_accy 84.21, Test_curr_accy 94.30, Test_accy 94.30
anchor samples found
2025-12-15 02:54:53,009 [asp.py] => Task 0, Epoch 14 => Loss 0.644, Train_accy 84.27, Test_curr_accy 94.47, Test_accy 94.47
anchor samples found
2025-12-15 03:08:54,863 [asp.py] => Task 0, Epoch 15 => Loss 0.639, Train_accy 84.34, Test_curr_accy 94.28, Test_accy 94.28
anchor samples found
2025-12-15 03:22:58,845 [asp.py] => Task 0, Epoch 16 => Loss 0.630, Train_accy 84.38, Test_curr_accy 94.40, Test_accy 94.40
anchor samples found
2025-12-15 03:37:01,593 [asp.py] => Task 0, Epoch 17 => Loss 0.628, Train_accy 84.73, Test_curr_accy 94.42, Test_accy 94.42
anchor samples found
2025-12-15 03:51:04,886 [asp.py] => Task 0, Epoch 18 => Loss 0.617, Train_accy 85.01, Test_curr_accy 94.57, Test_accy 94.57
anchor samples found
2025-12-15 04:05:07,942 [asp.py] => Task 0, Epoch 19 => Loss 0.615, Train_accy 85.00, Test_curr_accy 94.63, Test_accy 94.63
anchor samples found
2025-12-15 04:19:11,206 [asp.py] => Task 0, Epoch 20 => Loss 0.609, Train_accy 85.13, Test_curr_accy 94.57, Test_accy 94.57
2025-12-15 04:24:03,695 [trainer.py] => CNN: {'total': 93.47, '00-59': 93.47, '60-61': 90.0, '62-63': 100.0, '64-65': 80.0, '66-67': 90.0, '68-69': 100.0, '70-71': 100.0, '72-73': 70.0, '74-75': 90.0, '76-77': 60.0, '78-79': 90.0, '80-81': 100.0, '82-83': 60.0, '84-85': 80.0, '86-87': 90.0, '88-89': 90.0, '90-91': 90.0, '92-93': 90.0, '94-95': 70.0, '96-97': 70.0, '98-99': 90.0, 'old': 0, 'new': 93.47}
2025-12-15 04:24:03,695 [trainer.py] => Top1 curve: [93.47]
2025-12-15 04:24:03,695 [trainer.py] => Average Accuracy (CNN): 93.47
2025-12-15 04:24:03,699 [trainer.py] => All params: 173719042
2025-12-15 04:24:03,701 [trainer.py] => Trainable params: 2121730
2025-12-15 04:24:03,703 [asp.py] => Learning on 60-62
2025-12-15 04:24:03,749 [asp.py] => training set size: 10, fc construct set size: 10
2025-12-15 04:24:42,011 [trainer.py] => CNN: {'total': 93.24, '00-59': 93.38, '60-61': 89.0, '62-63': 70.0, '64-65': 60.0, '66-67': 70.0, '68-69': 100.0, '70-71': 80.0, '72-73': 80.0, '74-75': 70.0, '76-77': 40.0, '78-79': 100.0, '80-81': 70.0, '82-83': 70.0, '84-85': 60.0, '86-87': 70.0, '88-89': 100.0, '90-91': 100.0, '92-93': 100.0, '94-95': 60.0, '96-97': 90.0, '98-99': 90.0, 'old': 93.38, 'new': 89.0}
2025-12-15 04:24:42,012 [trainer.py] => Top1 curve: [93.47, 93.24]
2025-12-15 04:24:42,012 [trainer.py] => Average Accuracy (CNN): 93.35
2025-12-15 04:24:42,014 [trainer.py] => All params: 173720578
2025-12-15 04:24:42,016 [trainer.py] => Trainable params: 2123266
2025-12-15 04:24:42,018 [asp.py] => Learning on 62-64
2025-12-15 04:24:42,079 [asp.py] => training set size: 10, fc construct set size: 10
2025-12-15 04:25:20,971 [trainer.py] => CNN: {'total': 92.5, '00-59': 93.35, '60-61': 88.5, '62-63': 71.0, '64-65': 80.0, '66-67': 70.0, '68-69': 100.0, '70-71': 80.0, '72-73': 80.0, '74-75': 80.0, '76-77': 70.0, '78-79': 80.0, '80-81': 50.0, '82-83': 90.0, '84-85': 80.0, '86-87': 80.0, '88-89': 80.0, '90-91': 80.0, '92-93': 70.0, '94-95': 90.0, '96-97': 70.0, '98-99': 100.0, 'old': 93.19, 'new': 71.0}
2025-12-15 04:25:20,972 [trainer.py] => Top1 curve: [93.47, 93.24, 92.5]
2025-12-15 04:25:20,972 [trainer.py] => Average Accuracy (CNN): 93.07
2025-12-15 04:25:20,974 [trainer.py] => All params: 173722114
2025-12-15 04:25:20,976 [trainer.py] => Trainable params: 2124802
2025-12-15 04:25:20,978 [asp.py] => Learning on 64-66
2025-12-15 04:25:21,022 [asp.py] => training set size: 10, fc construct set size: 10
2025-12-15 04:26:00,821 [trainer.py] => CNN: {'total': 92.29, '00-59': 93.32, '60-61': 88.0, '62-63': 71.0, '64-65': 87.0, '66-67': 90.0, '68-69': 100.0, '70-71': 70.0, '72-73': 50.0, '74-75': 70.0, '76-77': 80.0, '78-79': 90.0, '80-81': 70.0, '82-83': 70.0, '84-85': 90.0, '86-87': 90.0, '88-89': 100.0, '90-91': 100.0, '92-93': 90.0, '94-95': 90.0, '96-97': 100.0, '98-99': 100.0, 'old': 92.45, 'new': 87.0}
2025-12-15 04:26:00,821 [trainer.py] => Top1 curve: [93.47, 93.24, 92.5, 92.29]
2025-12-15 04:26:00,822 [trainer.py] => Average Accuracy (CNN): 92.88
2025-12-15 04:26:00,824 [trainer.py] => All params: 173723650
2025-12-15 04:26:00,826 [trainer.py] => Trainable params: 2126338
2025-12-15 04:26:00,828 [asp.py] => Learning on 66-68
2025-12-15 04:26:00,871 [asp.py] => training set size: 10, fc construct set size: 10
2025-12-15 04:26:41,729 [trainer.py] => CNN: {'total': 91.16, '00-59': 92.9, '60-61': 88.0, '62-63': 71.0, '64-65': 87.0, '66-67': 66.5, '68-69': 100.0, '70-71': 70.0, '72-73': 100.0, '74-75': 80.0, '76-77': 70.0, '78-79': 90.0, '80-81': 70.0, '82-83': 80.0, '84-85': 100.0, '86-87': 80.0, '88-89': 80.0, '90-91': 80.0, '92-93': 90.0, '94-95': 70.0, '96-97': 80.0, '98-99': 100.0, 'old': 91.91, 'new': 66.5}
2025-12-15 04:26:41,730 [trainer.py] => Top1 curve: [93.47, 93.24, 92.5, 92.29, 91.16]
2025-12-15 04:26:41,730 [trainer.py] => Average Accuracy (CNN): 92.53
2025-12-15 04:26:41,733 [trainer.py] => All params: 173725186
2025-12-15 04:26:41,736 [trainer.py] => Trainable params: 2127874
2025-12-15 04:26:41,738 [asp.py] => Learning on 68-70
2025-12-15 04:26:41,776 [asp.py] => training set size: 10, fc construct set size: 10
2025-12-15 04:27:23,653 [trainer.py] => CNN: {'total': 91.07, '00-59': 92.85, '60-61': 88.0, '62-63': 71.0, '64-65': 87.0, '66-67': 66.5, '68-69': 89.5, '70-71': 90.0, '72-73': 70.0, '74-75': 40.0, '76-77': 40.0, '78-79': 90.0, '80-81': 70.0, '82-83': 100.0, '84-85': 70.0, '86-87': 80.0, '88-89': 70.0, '90-91': 70.0, '92-93': 100.0, '94-95': 80.0, '96-97': 80.0, '98-99': 100.0, 'old': 91.12, 'new': 89.5}
2025-12-15 04:27:23,653 [trainer.py] => Top1 curve: [93.47, 93.24, 92.5, 92.29, 91.16, 91.07]
2025-12-15 04:27:23,653 [trainer.py] => Average Accuracy (CNN): 92.29
2025-12-15 04:27:23,656 [trainer.py] => All params: 173726722
2025-12-15 04:27:23,659 [trainer.py] => Trainable params: 2129410
2025-12-15 04:27:23,661 [asp.py] => Learning on 70-72
2025-12-15 04:27:23,703 [asp.py] => training set size: 10, fc construct set size: 10
2025-12-15 04:28:06,538 [trainer.py] => CNN: {'total': 90.38, '00-59': 92.7, '60-61': 88.0, '62-63': 71.0, '64-65': 87.0, '66-67': 66.5, '68-69': 89.5, '70-71': 70.5, '72-73': 90.0, '74-75': 90.0, '76-77': 70.0, '78-79': 90.0, '80-81': 70.0, '82-83': 80.0, '84-85': 90.0, '86-87': 90.0, '88-89': 90.0, '90-91': 70.0, '92-93': 70.0, '94-95': 60.0, '96-97': 100.0, '98-99': 100.0, 'old': 90.94, 'new': 70.5}
2025-12-15 04:28:06,538 [trainer.py] => Top1 curve: [93.47, 93.24, 92.5, 92.29, 91.16, 91.07, 90.38]
2025-12-15 04:28:06,539 [trainer.py] => Average Accuracy (CNN): 92.02
2025-12-15 04:28:06,541 [trainer.py] => All params: 173728258
2025-12-15 04:28:06,543 [trainer.py] => Trainable params: 2130946
2025-12-15 04:28:06,545 [asp.py] => Learning on 72-74
2025-12-15 04:28:06,582 [asp.py] => training set size: 10, fc construct set size: 10
2025-12-15 04:28:50,622 [trainer.py] => CNN: {'total': 90.08, '00-59': 92.65, '60-61': 88.0, '62-63': 71.0, '64-65': 87.0, '66-67': 66.5, '68-69': 89.5, '70-71': 70.5, '72-73': 81.0, '74-75': 90.0, '76-77': 60.0, '78-79': 80.0, '80-81': 80.0, '82-83': 70.0, '84-85': 90.0, '86-87': 80.0, '88-89': 80.0, '90-91': 70.0, '92-93': 80.0, '94-95': 80.0, '96-97': 100.0, '98-99': 100.0, 'old': 90.33, 'new': 81.0}
2025-12-15 04:28:50,623 [trainer.py] => Top1 curve: [93.47, 93.24, 92.5, 92.29, 91.16, 91.07, 90.38, 90.08]
2025-12-15 04:28:50,623 [trainer.py] => Average Accuracy (CNN): 91.77
2025-12-15 04:28:50,625 [trainer.py] => All params: 173729794
2025-12-15 04:28:50,628 [trainer.py] => Trainable params: 2132482
2025-12-15 04:28:50,629 [asp.py] => Learning on 74-76
2025-12-15 04:28:50,668 [asp.py] => training set size: 10, fc construct set size: 10
2025-12-15 04:29:35,753 [trainer.py] => CNN: {'total': 89.64, '00-59': 92.55, '60-61': 88.0, '62-63': 71.0, '64-65': 87.0, '66-67': 66.5, '68-69': 89.5, '70-71': 70.5, '72-73': 81.0, '74-75': 76.5, '76-77': 70.0, '78-79': 90.0, '80-81': 50.0, '82-83': 90.0, '84-85': 90.0, '86-87': 90.0, '88-89': 100.0, '90-91': 70.0, '92-93': 90.0, '94-95': 80.0, '96-97': 100.0, '98-99': 80.0, 'old': 90.0, 'new': 76.5}
2025-12-15 04:29:35,753 [trainer.py] => Top1 curve: [93.47, 93.24, 92.5, 92.29, 91.16, 91.07, 90.38, 90.08, 89.64]
2025-12-15 04:29:35,754 [trainer.py] => Average Accuracy (CNN): 91.54
2025-12-15 04:29:35,756 [trainer.py] => All params: 173731330
2025-12-15 04:29:35,758 [trainer.py] => Trainable params: 2134018
2025-12-15 04:29:35,760 [asp.py] => Learning on 76-78
2025-12-15 04:29:35,800 [asp.py] => training set size: 10, fc construct set size: 10
2025-12-15 04:30:21,717 [trainer.py] => CNN: {'total': 88.97, '00-59': 92.48, '60-61': 88.0, '62-63': 71.0, '64-65': 87.0, '66-67': 66.5, '68-69': 89.5, '70-71': 70.5, '72-73': 81.0, '74-75': 76.0, '76-77': 66.0, '78-79': 80.0, '80-81': 80.0, '82-83': 80.0, '84-85': 80.0, '86-87': 100.0, '88-89': 80.0, '90-91': 90.0, '92-93': 80.0, '94-95': 80.0, '96-97': 100.0, '98-99': 80.0, 'old': 89.58, 'new': 66.0}
2025-12-15 04:30:21,718 [trainer.py] => Top1 curve: [93.47, 93.24, 92.5, 92.29, 91.16, 91.07, 90.38, 90.08, 89.64, 88.97]
2025-12-15 04:30:21,718 [trainer.py] => Average Accuracy (CNN): 91.28
2025-12-15 04:30:21,721 [trainer.py] => All params: 173732866
2025-12-15 04:30:21,723 [trainer.py] => Trainable params: 2135554
2025-12-15 04:30:21,726 [asp.py] => Learning on 78-80
2025-12-15 04:30:21,769 [asp.py] => training set size: 10, fc construct set size: 10
2025-12-15 04:31:08,667 [trainer.py] => CNN: {'total': 88.84, '00-59': 92.45, '60-61': 88.0, '62-63': 71.0, '64-65': 87.0, '66-67': 66.5, '68-69': 89.5, '70-71': 70.5, '72-73': 81.0, '74-75': 76.0, '76-77': 66.0, '78-79': 84.5, '80-81': 80.0, '82-83': 90.0, '84-85': 90.0, '86-87': 80.0, '88-89': 90.0, '90-91': 100.0, '92-93': 90.0, '94-95': 70.0, '96-97': 100.0, '98-99': 90.0, 'old': 88.95, 'new': 84.5}
2025-12-15 04:31:08,667 [trainer.py] => Top1 curve: [93.47, 93.24, 92.5, 92.29, 91.16, 91.07, 90.38, 90.08, 89.64, 88.97, 88.84]
2025-12-15 04:31:08,668 [trainer.py] => Average Accuracy (CNN): 91.06
2025-12-15 04:31:08,671 [trainer.py] => All params: 173734402
2025-12-15 04:31:08,673 [trainer.py] => Trainable params: 2137090
2025-12-15 04:31:08,675 [asp.py] => Learning on 80-82
2025-12-15 04:31:08,716 [asp.py] => training set size: 10, fc construct set size: 10
2025-12-15 04:31:56,618 [trainer.py] => CNN: {'total': 88.56, '00-59': 92.42, '60-61': 88.0, '62-63': 65.0, '64-65': 87.0, '66-67': 66.5, '68-69': 89.5, '70-71': 70.5, '72-73': 81.0, '74-75': 76.0, '76-77': 66.0, '78-79': 84.5, '80-81': 84.5, '82-83': 80.0, '84-85': 90.0, '86-87': 90.0, '88-89': 90.0, '90-91': 90.0, '92-93': 90.0, '94-95': 70.0, '96-97': 90.0, '98-99': 100.0, 'old': 88.66, 'new': 84.5}
2025-12-15 04:31:56,619 [trainer.py] => Top1 curve: [93.47, 93.24, 92.5, 92.29, 91.16, 91.07, 90.38, 90.08, 89.64, 88.97, 88.84, 88.56]
2025-12-15 04:31:56,619 [trainer.py] => Average Accuracy (CNN): 90.85
2025-12-15 04:31:56,621 [trainer.py] => All params: 173735938
2025-12-15 04:31:56,623 [trainer.py] => Trainable params: 2138626
2025-12-15 04:31:56,625 [asp.py] => Learning on 82-84
2025-12-15 04:31:56,663 [asp.py] => training set size: 10, fc construct set size: 10
2025-12-15 04:32:45,508 [trainer.py] => CNN: {'total': 88.1, '00-59': 92.38, '60-61': 88.0, '62-63': 65.0, '64-65': 87.0, '66-67': 66.5, '68-69': 89.5, '70-71': 70.5, '72-73': 81.0, '74-75': 76.5, '76-77': 66.0, '78-79': 84.0, '80-81': 84.5, '82-83': 70.0, '84-85': 80.0, '86-87': 100.0, '88-89': 80.0, '90-91': 90.0, '92-93': 90.0, '94-95': 70.0, '96-97': 80.0, '98-99': 90.0, 'old': 88.54, 'new': 70.0}
2025-12-15 04:32:45,508 [trainer.py] => Top1 curve: [93.47, 93.24, 92.5, 92.29, 91.16, 91.07, 90.38, 90.08, 89.64, 88.97, 88.84, 88.56, 88.1]
2025-12-15 04:32:45,508 [trainer.py] => Average Accuracy (CNN): 90.64
2025-12-15 04:32:45,511 [trainer.py] => All params: 173737474
2025-12-15 04:32:45,513 [trainer.py] => Trainable params: 2140162
2025-12-15 04:32:45,515 [asp.py] => Learning on 84-86
2025-12-15 04:32:45,558 [asp.py] => training set size: 10, fc construct set size: 10
2025-12-15 04:33:35,368 [trainer.py] => CNN: {'total': 87.79, '00-59': 92.37, '60-61': 88.0, '62-63': 65.0, '64-65': 87.0, '66-67': 66.5, '68-69': 89.5, '70-71': 70.5, '72-73': 81.0, '74-75': 76.5, '76-77': 66.0, '78-79': 84.0, '80-81': 84.5, '82-83': 70.0, '84-85': 75.5, '86-87': 100.0, '88-89': 80.0, '90-91': 100.0, '92-93': 90.0, '94-95': 80.0, '96-97': 90.0, '98-99': 90.0, 'old': 88.08, 'new': 75.5}
2025-12-15 04:33:35,368 [trainer.py] => Top1 curve: [93.47, 93.24, 92.5, 92.29, 91.16, 91.07, 90.38, 90.08, 89.64, 88.97, 88.84, 88.56, 88.1, 87.79]
2025-12-15 04:33:35,368 [trainer.py] => Average Accuracy (CNN): 90.43
2025-12-15 04:33:35,371 [trainer.py] => All params: 173739010
2025-12-15 04:33:35,373 [trainer.py] => Trainable params: 2141698
2025-12-15 04:33:35,375 [asp.py] => Learning on 86-88
2025-12-15 04:33:35,413 [asp.py] => training set size: 10, fc construct set size: 10
2025-12-15 04:34:26,579 [trainer.py] => CNN: {'total': 87.32, '00-59': 92.3, '60-61': 88.0, '62-63': 65.0, '64-65': 87.0, '66-67': 66.5, '68-69': 89.5, '70-71': 70.5, '72-73': 81.0, '74-75': 76.5, '76-77': 66.0, '78-79': 84.0, '80-81': 84.5, '82-83': 70.0, '84-85': 73.5, '86-87': 71.0, '88-89': 80.0, '90-91': 60.0, '92-93': 90.0, '94-95': 70.0, '96-97': 100.0, '98-99': 90.0, 'old': 87.7, 'new': 71.0}
2025-12-15 04:34:26,580 [trainer.py] => Top1 curve: [93.47, 93.24, 92.5, 92.29, 91.16, 91.07, 90.38, 90.08, 89.64, 88.97, 88.84, 88.56, 88.1, 87.79, 87.32]
2025-12-15 04:34:26,580 [trainer.py] => Average Accuracy (CNN): 90.23
2025-12-15 04:34:26,582 [trainer.py] => All params: 173740546
2025-12-15 04:34:26,585 [trainer.py] => Trainable params: 2143234
2025-12-15 04:34:26,588 [asp.py] => Learning on 88-90
2025-12-15 04:34:26,631 [asp.py] => training set size: 10, fc construct set size: 10
2025-12-15 04:35:18,430 [trainer.py] => CNN: {'total': 86.72, '00-59': 92.18, '60-61': 88.0, '62-63': 65.0, '64-65': 87.0, '66-67': 66.5, '68-69': 89.5, '70-71': 70.5, '72-73': 81.0, '74-75': 76.5, '76-77': 66.0, '78-79': 84.0, '80-81': 84.5, '82-83': 70.0, '84-85': 73.0, '86-87': 71.0, '88-89': 64.5, '90-91': 90.0, '92-93': 90.0, '94-95': 90.0, '96-97': 100.0, '98-99': 100.0, 'old': 87.23, 'new': 64.5}
2025-12-15 04:35:18,430 [trainer.py] => Top1 curve: [93.47, 93.24, 92.5, 92.29, 91.16, 91.07, 90.38, 90.08, 89.64, 88.97, 88.84, 88.56, 88.1, 87.79, 87.32, 86.72]
2025-12-15 04:35:18,431 [trainer.py] => Average Accuracy (CNN): 90.01
2025-12-15 04:35:18,434 [trainer.py] => All params: 173742082
2025-12-15 04:35:18,436 [trainer.py] => Trainable params: 2144770
2025-12-15 04:35:18,439 [asp.py] => Learning on 90-92
2025-12-15 04:35:18,479 [asp.py] => training set size: 10, fc construct set size: 10
2025-12-15 04:36:11,246 [trainer.py] => CNN: {'total': 86.59, '00-59': 92.17, '60-61': 88.0, '62-63': 65.0, '64-65': 87.0, '66-67': 66.5, '68-69': 89.5, '70-71': 70.5, '72-73': 81.0, '74-75': 76.0, '76-77': 66.0, '78-79': 84.0, '80-81': 84.5, '82-83': 70.0, '84-85': 72.5, '86-87': 71.0, '88-89': 64.5, '90-91': 82.0, '92-93': 90.0, '94-95': 80.0, '96-97': 90.0, '98-99': 100.0, 'old': 86.69, 'new': 82.0}
2025-12-15 04:36:11,247 [trainer.py] => Top1 curve: [93.47, 93.24, 92.5, 92.29, 91.16, 91.07, 90.38, 90.08, 89.64, 88.97, 88.84, 88.56, 88.1, 87.79, 87.32, 86.72, 86.59]
2025-12-15 04:36:11,247 [trainer.py] => Average Accuracy (CNN): 89.81
2025-12-15 04:36:11,249 [trainer.py] => All params: 173743618
2025-12-15 04:36:11,250 [trainer.py] => Trainable params: 2146306
2025-12-15 04:36:11,252 [asp.py] => Learning on 92-94
2025-12-15 04:36:11,289 [asp.py] => training set size: 10, fc construct set size: 10
2025-12-15 04:37:04,962 [trainer.py] => CNN: {'total': 86.48, '00-59': 92.17, '60-61': 88.0, '62-63': 65.0, '64-65': 87.0, '66-67': 66.5, '68-69': 89.5, '70-71': 70.5, '72-73': 81.0, '74-75': 76.5, '76-77': 66.0, '78-79': 84.0, '80-81': 84.5, '82-83': 70.0, '84-85': 72.5, '86-87': 71.0, '88-89': 64.5, '90-91': 82.0, '92-93': 81.0, '94-95': 80.0, '96-97': 80.0, '98-99': 100.0, 'old': 86.6, 'new': 81.0}
2025-12-15 04:37:04,962 [trainer.py] => Top1 curve: [93.47, 93.24, 92.5, 92.29, 91.16, 91.07, 90.38, 90.08, 89.64, 88.97, 88.84, 88.56, 88.1, 87.79, 87.32, 86.72, 86.59, 86.48]
2025-12-15 04:37:04,962 [trainer.py] => Average Accuracy (CNN): 89.62
2025-12-15 04:37:04,963 [trainer.py] => All params: 173745154
2025-12-15 04:37:04,964 [trainer.py] => Trainable params: 2147842
2025-12-15 04:37:04,966 [asp.py] => Learning on 94-96
2025-12-15 04:37:05,004 [asp.py] => training set size: 10, fc construct set size: 10
2025-12-15 04:37:59,947 [trainer.py] => CNN: {'total': 86.25, '00-59': 92.17, '60-61': 88.0, '62-63': 65.0, '64-65': 87.0, '66-67': 66.5, '68-69': 89.5, '70-71': 71.0, '72-73': 81.0, '74-75': 76.0, '76-77': 66.0, '78-79': 84.0, '80-81': 83.5, '82-83': 70.0, '84-85': 72.5, '86-87': 70.5, '88-89': 64.5, '90-91': 80.5, '92-93': 81.0, '94-95': 78.5, '96-97': 70.0, '98-99': 100.0, 'old': 86.41, 'new': 78.5}
2025-12-15 04:37:59,947 [trainer.py] => Top1 curve: [93.47, 93.24, 92.5, 92.29, 91.16, 91.07, 90.38, 90.08, 89.64, 88.97, 88.84, 88.56, 88.1, 87.79, 87.32, 86.72, 86.59, 86.48, 86.25]
2025-12-15 04:37:59,947 [trainer.py] => Average Accuracy (CNN): 89.44
2025-12-15 04:37:59,949 [trainer.py] => All params: 173746690
2025-12-15 04:37:59,951 [trainer.py] => Trainable params: 2149378
2025-12-15 04:37:59,953 [asp.py] => Learning on 96-98
2025-12-15 04:38:00,007 [asp.py] => training set size: 10, fc construct set size: 10
2025-12-15 04:38:55,713 [trainer.py] => CNN: {'total': 85.81, '00-59': 92.08, '60-61': 88.0, '62-63': 65.0, '64-65': 87.0, '66-67': 66.5, '68-69': 89.5, '70-71': 71.0, '72-73': 81.0, '74-75': 76.0, '76-77': 66.0, '78-79': 84.0, '80-81': 83.5, '82-83': 70.0, '84-85': 72.5, '86-87': 70.5, '88-89': 64.5, '90-91': 80.5, '92-93': 81.0, '94-95': 78.5, '96-97': 67.0, '98-99': 100.0, 'old': 86.2, 'new': 67.0}
2025-12-15 04:38:55,714 [trainer.py] => Top1 curve: [93.47, 93.24, 92.5, 92.29, 91.16, 91.07, 90.38, 90.08, 89.64, 88.97, 88.84, 88.56, 88.1, 87.79, 87.32, 86.72, 86.59, 86.48, 86.25, 85.81]
2025-12-15 04:38:55,714 [trainer.py] => Average Accuracy (CNN): 89.26
2025-12-15 04:38:55,716 [trainer.py] => All params: 173748226
2025-12-15 04:38:55,719 [trainer.py] => Trainable params: 2150914
2025-12-15 04:38:55,721 [asp.py] => Learning on 98-100
2025-12-15 04:38:55,766 [asp.py] => training set size: 10, fc construct set size: 10
2025-12-15 04:39:51,798 [trainer.py] => CNN: {'total': 85.82, '00-59': 92.07, '60-61': 88.0, '62-63': 65.0, '64-65': 87.0, '66-67': 66.5, '68-69': 89.5, '70-71': 71.0, '72-73': 81.0, '74-75': 76.0, '76-77': 66.0, '78-79': 84.0, '80-81': 83.5, '82-83': 70.0, '84-85': 72.5, '86-87': 70.5, '88-89': 64.5, '90-91': 80.5, '92-93': 81.0, '94-95': 78.5, '96-97': 66.5, '98-99': 87.5, 'old': 85.79, 'new': 87.5}
2025-12-15 04:39:51,799 [trainer.py] => Top1 curve: [93.47, 93.24, 92.5, 92.29, 91.16, 91.07, 90.38, 90.08, 89.64, 88.97, 88.84, 88.56, 88.1, 87.79, 87.32, 86.72, 86.59, 86.48, 86.25, 85.81, 85.82]
2025-12-15 04:39:51,799 [trainer.py] => Average Accuracy (CNN): 89.10

================================================================================
Finished cifar224_init60_inc2: pretrained_vit_b16_224_vpt  
Base Accuracy: 93.47
Lase Accuracy: 85.82
Average Accuracy (Top1): 89.1
PD: 7.65
Backward Transfer (BWT): -0.77
Traceback (most recent call last):
  File "/home/team/zhaohongwei/Code/Research/Awesome-FSCIL/FSCIL-ASP-main/main.py", line 25, in <module>
    main()
  File "/home/team/zhaohongwei/Code/Research/Awesome-FSCIL/FSCIL-ASP-main/main.py", line 11, in main
    train(args)
  File "/home/team/zhaohongwei/Code/Research/Awesome-FSCIL/FSCIL-ASP-main/trainer.py", line 32, in train
    _train(args)
  File "/home/team/zhaohongwei/Code/Research/Awesome-FSCIL/FSCIL-ASP-main/trainer.py", line 160, in _train
    print("Forward Transfer (FWT):", forward_transfer(args["dataset"], np.array(cnn_matrix)))
  File "/home/team/zhaohongwei/Code/Research/Awesome-FSCIL/FSCIL-ASP-main/trainer.py", line 265, in forward_transfer
    fwt_diffs = fwt_accs - rand_init_acc_for_fwt
ValueError: operands could not be broadcast together with shapes (20,) (8,) 
2025-12-15 04:39:55,353 [trainer.py] => config: ./scripts/asp_cifar_B60_Inc5.json
2025-12-15 04:39:55,354 [trainer.py] => model_name: asp
2025-12-15 04:39:55,354 [trainer.py] => backbone_type: pretrained_vit_b16_224_vpt
2025-12-15 04:39:55,354 [trainer.py] => device: [device(type='cuda', index=1)]
2025-12-15 04:39:55,354 [trainer.py] => seed: 2025
2025-12-15 04:39:55,354 [trainer.py] => dataset: cifar224
2025-12-15 04:39:55,354 [trainer.py] => init_cls: 60
2025-12-15 04:39:55,354 [trainer.py] => increment: 5
2025-12-15 04:39:55,354 [trainer.py] => kshot: 5
2025-12-15 04:39:55,354 [trainer.py] => vpt_type: Deep
2025-12-15 04:39:55,354 [trainer.py] => prompt_token_num: 6
2025-12-15 04:39:55,354 [trainer.py] => avg_alpha: 0.8
2025-12-15 04:39:55,354 [trainer.py] => perturb_var: 1
2025-12-15 04:39:55,354 [trainer.py] => EMA_beta: 0.99
2025-12-15 04:39:55,354 [trainer.py] => anchor_lambda: 0.1
2025-12-15 04:39:55,354 [trainer.py] => kl_weight: 0.001
2025-12-15 04:39:55,354 [trainer.py] => TIP_init: zero
2025-12-15 04:39:55,354 [trainer.py] => tuned_epoch: 20
2025-12-15 04:39:55,354 [trainer.py] => fs_epoch: 0
2025-12-15 04:39:55,354 [trainer.py] => init_lr: 0.01
2025-12-15 04:39:55,354 [trainer.py] => fs_lr: 0.001
2025-12-15 04:39:55,354 [trainer.py] => batch_size: 48
2025-12-15 04:39:55,354 [trainer.py] => fs_batch_size: 16
2025-12-15 04:39:55,354 [trainer.py] => weight_decay: 0.0005
2025-12-15 04:39:55,354 [trainer.py] => min_lr: 0
2025-12-15 04:39:55,354 [trainer.py] => optimizer: sgd
2025-12-15 04:39:55,354 [trainer.py] => memory_size: 0
2025-12-15 04:39:55,355 [trainer.py] => memory_per_class: 0
2025-12-15 04:39:55,355 [trainer.py] => fixed_memory: False
2025-12-15 04:39:55,355 [trainer.py] => shuffle: True
2025-12-15 04:39:55,355 [trainer.py] => top_k: 5
2025-12-15 04:39:55,355 [trainer.py] => base_model_path: saved_model/asp/cifar224/60_5/asp_20_2025_pretrained_vit_b16_224_vpt.pth
2025-12-15 04:39:55,355 [trainer.py] => prefix: asp
2025-12-15 04:39:55,355 [trainer.py] => model_prefix: asp
2025-12-15 04:39:55,355 [trainer.py] => gpu_models: ['NVIDIA A40']
Files already downloaded and verified
Files already downloaded and verified
2025-12-15 04:39:57,195 [data_manager.py] => [49, 77, 61, 69, 6, 95, 68, 19, 2, 5, 96, 89, 57, 63, 72, 99, 59, 1, 79, 20, 26, 47, 46, 48, 92, 29, 0, 14, 30, 43, 74, 97, 11, 86, 35, 28, 4, 58, 90, 51, 85, 44, 60, 71, 34, 91, 9, 18, 21, 39, 81, 54, 8, 50, 15, 24, 88, 87, 38, 7, 56, 65, 37, 55, 80, 66, 52, 31, 70, 53, 42, 36, 41, 13, 27, 73, 33, 93, 45, 75, 17, 25, 3, 64, 16, 84, 23, 40, 78, 10, 22, 32, 12, 83, 67, 76, 98, 82, 94, 62]
This is for the BaseNet initialization.
modelname, pretrained_vit_b16_224_vpt basicmodelname vit_base_patch16_224
Using VPT model
Using Deep Prompt
After BaseNet initialization.
2025-12-15 04:40:02,175 [trainer.py] => All params: 173672961
2025-12-15 04:40:02,176 [trainer.py] => Trainable params: 2075649
2025-12-15 04:40:02,313 [asp.py] => Learning on 0-60
2025-12-15 04:40:02,405 [asp.py] => training set size: 30000, fc construct set size: 30000
anchor samples found
2025-12-15 04:54:03,947 [asp.py] => Task 0, Epoch 1 => Loss 3.362, Train_accy 39.02, Test_curr_accy 90.35, Test_accy 90.35
anchor samples found
2025-12-15 05:08:09,002 [asp.py] => Task 0, Epoch 2 => Loss 0.988, Train_accy 79.40, Test_curr_accy 92.10, Test_accy 92.10
anchor samples found
2025-12-15 05:22:12,040 [asp.py] => Task 0, Epoch 3 => Loss 0.852, Train_accy 80.88, Test_curr_accy 91.97, Test_accy 91.97
anchor samples found
2025-12-15 05:36:14,305 [asp.py] => Task 0, Epoch 4 => Loss 0.784, Train_accy 81.80, Test_curr_accy 93.30, Test_accy 93.30
anchor samples found
2025-12-15 05:50:18,160 [asp.py] => Task 0, Epoch 5 => Loss 0.745, Train_accy 82.75, Test_curr_accy 93.50, Test_accy 93.50
anchor samples found
2025-12-15 06:04:21,840 [asp.py] => Task 0, Epoch 6 => Loss 0.736, Train_accy 82.79, Test_curr_accy 93.93, Test_accy 93.93
anchor samples found
2025-12-15 06:18:25,607 [asp.py] => Task 0, Epoch 7 => Loss 0.710, Train_accy 82.97, Test_curr_accy 93.85, Test_accy 93.85
anchor samples found
2025-12-15 06:32:29,142 [asp.py] => Task 0, Epoch 8 => Loss 0.695, Train_accy 83.17, Test_curr_accy 94.10, Test_accy 94.10
anchor samples found
2025-12-15 06:46:31,965 [asp.py] => Task 0, Epoch 9 => Loss 0.682, Train_accy 83.57, Test_curr_accy 94.23, Test_accy 94.23
anchor samples found
2025-12-15 07:00:35,218 [asp.py] => Task 0, Epoch 10 => Loss 0.668, Train_accy 83.66, Test_curr_accy 94.33, Test_accy 94.33
anchor samples found
2025-12-15 07:14:38,729 [asp.py] => Task 0, Epoch 11 => Loss 0.668, Train_accy 83.92, Test_curr_accy 94.52, Test_accy 94.52
anchor samples found
2025-12-15 07:28:42,536 [asp.py] => Task 0, Epoch 12 => Loss 0.662, Train_accy 83.96, Test_curr_accy 93.82, Test_accy 93.82
anchor samples found
2025-12-15 07:42:46,231 [asp.py] => Task 0, Epoch 13 => Loss 0.652, Train_accy 84.10, Test_curr_accy 94.35, Test_accy 94.35
anchor samples found
2025-12-15 07:56:49,911 [asp.py] => Task 0, Epoch 14 => Loss 0.651, Train_accy 84.16, Test_curr_accy 94.17, Test_accy 94.17
anchor samples found
2025-12-15 08:10:53,713 [asp.py] => Task 0, Epoch 15 => Loss 0.645, Train_accy 84.36, Test_curr_accy 94.42, Test_accy 94.42
anchor samples found
2025-12-15 08:24:57,147 [asp.py] => Task 0, Epoch 16 => Loss 0.633, Train_accy 84.54, Test_curr_accy 94.33, Test_accy 94.33
anchor samples found
2025-12-15 08:38:59,591 [asp.py] => Task 0, Epoch 17 => Loss 0.636, Train_accy 84.61, Test_curr_accy 94.48, Test_accy 94.48
anchor samples found
2025-12-15 08:53:03,298 [asp.py] => Task 0, Epoch 18 => Loss 0.622, Train_accy 84.91, Test_curr_accy 94.55, Test_accy 94.55
anchor samples found
2025-12-15 09:07:06,840 [asp.py] => Task 0, Epoch 19 => Loss 0.620, Train_accy 84.94, Test_curr_accy 94.48, Test_accy 94.48
anchor samples found
2025-12-15 09:21:10,962 [asp.py] => Task 0, Epoch 20 => Loss 0.612, Train_accy 85.16, Test_curr_accy 94.42, Test_accy 94.42
2025-12-15 09:26:01,196 [trainer.py] => CNN: {'total': 93.4, '00-59': 93.4, '60-64': 88.0, '65-69': 92.0, '70-74': 76.0, '75-79': 76.0, '80-84': 88.0, '85-89': 88.0, '90-94': 88.0, '95-99': 80.0, 'old': 0, 'new': 93.4}
2025-12-15 09:26:01,196 [trainer.py] => Top1 curve: [93.4]
2025-12-15 09:26:01,197 [trainer.py] => Average Accuracy (CNN): 93.40
2025-12-15 09:26:01,199 [trainer.py] => All params: 173719042
2025-12-15 09:26:01,202 [trainer.py] => Trainable params: 2121730
2025-12-15 09:26:01,205 [asp.py] => Learning on 60-65
2025-12-15 09:26:01,254 [asp.py] => training set size: 25, fc construct set size: 25
2025-12-15 09:26:40,841 [trainer.py] => CNN: {'total': 92.22, '00-59': 93.25, '60-64': 79.8, '65-69': 88.0, '70-74': 88.0, '75-79': 56.0, '80-84': 84.0, '85-89': 80.0, '90-94': 80.0, '95-99': 68.0, 'old': 93.25, 'new': 79.8}
2025-12-15 09:26:40,841 [trainer.py] => Top1 curve: [93.4, 92.22]
2025-12-15 09:26:40,842 [trainer.py] => Average Accuracy (CNN): 92.81
2025-12-15 09:26:40,844 [trainer.py] => All params: 173722882
2025-12-15 09:26:40,846 [trainer.py] => Trainable params: 2125570
2025-12-15 09:26:40,848 [asp.py] => Learning on 65-70
2025-12-15 09:26:40,894 [asp.py] => training set size: 25, fc construct set size: 25
2025-12-15 09:27:22,926 [trainer.py] => CNN: {'total': 91.07, '00-59': 92.88, '60-64': 79.8, '65-69': 80.6, '70-74': 84.0, '75-79': 84.0, '80-84': 84.0, '85-89': 88.0, '90-94': 88.0, '95-99': 84.0, 'old': 91.88, 'new': 80.6}
2025-12-15 09:27:22,926 [trainer.py] => Top1 curve: [93.4, 92.22, 91.07]
2025-12-15 09:27:22,927 [trainer.py] => Average Accuracy (CNN): 92.23
2025-12-15 09:27:22,930 [trainer.py] => All params: 173726722
2025-12-15 09:27:22,933 [trainer.py] => Trainable params: 2129410
2025-12-15 09:27:22,935 [asp.py] => Learning on 70-75
2025-12-15 09:27:22,978 [asp.py] => training set size: 25, fc construct set size: 25
2025-12-15 09:28:07,790 [trainer.py] => CNN: {'total': 89.79, '00-59': 92.67, '60-64': 79.6, '65-69': 80.6, '70-74': 74.6, '75-79': 68.0, '80-84': 88.0, '85-89': 68.0, '90-94': 76.0, '95-99': 84.0, 'old': 90.87, 'new': 74.6}
2025-12-15 09:28:07,790 [trainer.py] => Top1 curve: [93.4, 92.22, 91.07, 89.79]
2025-12-15 09:28:07,791 [trainer.py] => Average Accuracy (CNN): 91.62
2025-12-15 09:28:07,794 [trainer.py] => All params: 173730562
2025-12-15 09:28:07,796 [trainer.py] => Trainable params: 2133250
2025-12-15 09:28:07,798 [asp.py] => Learning on 75-80
2025-12-15 09:28:07,843 [asp.py] => training set size: 25, fc construct set size: 25
2025-12-15 09:28:54,856 [trainer.py] => CNN: {'total': 88.69, '00-59': 92.45, '60-64': 79.4, '65-69': 80.6, '70-74': 74.4, '75-79': 75.2, '80-84': 84.0, '85-89': 92.0, '90-94': 76.0, '95-99': 88.0, 'old': 89.59, 'new': 75.2}
2025-12-15 09:28:54,856 [trainer.py] => Top1 curve: [93.4, 92.22, 91.07, 89.79, 88.69]
2025-12-15 09:28:54,856 [trainer.py] => Average Accuracy (CNN): 91.03
2025-12-15 09:28:54,860 [trainer.py] => All params: 173734402
2025-12-15 09:28:54,862 [trainer.py] => Trainable params: 2137090
2025-12-15 09:28:54,865 [asp.py] => Learning on 80-85
2025-12-15 09:28:54,918 [asp.py] => training set size: 25, fc construct set size: 25
2025-12-15 09:29:44,412 [trainer.py] => CNN: {'total': 87.79, '00-59': 92.38, '60-64': 77.0, '65-69': 80.6, '70-74': 74.4, '75-79': 75.0, '80-84': 76.8, '85-89': 84.0, '90-94': 88.0, '95-99': 84.0, 'old': 88.48, 'new': 76.8}
2025-12-15 09:29:44,412 [trainer.py] => Top1 curve: [93.4, 92.22, 91.07, 89.79, 88.69, 87.79]
2025-12-15 09:29:44,412 [trainer.py] => Average Accuracy (CNN): 90.49
2025-12-15 09:29:44,414 [trainer.py] => All params: 173738242
2025-12-15 09:29:44,416 [trainer.py] => Trainable params: 2140930
2025-12-15 09:29:44,419 [asp.py] => Learning on 85-90
2025-12-15 09:29:44,461 [asp.py] => training set size: 25, fc construct set size: 25
2025-12-15 09:30:36,444 [trainer.py] => CNN: {'total': 86.52, '00-59': 92.13, '60-64': 77.0, '65-69': 80.6, '70-74': 74.4, '75-79': 75.0, '80-84': 76.8, '85-89': 68.0, '90-94': 92.0, '95-99': 96.0, 'old': 87.61, 'new': 68.0}
2025-12-15 09:30:36,445 [trainer.py] => Top1 curve: [93.4, 92.22, 91.07, 89.79, 88.69, 87.79, 86.52]
2025-12-15 09:30:36,445 [trainer.py] => Average Accuracy (CNN): 89.93
2025-12-15 09:30:36,448 [trainer.py] => All params: 173742082
2025-12-15 09:30:36,450 [trainer.py] => Trainable params: 2144770
2025-12-15 09:30:36,453 [asp.py] => Learning on 90-95
2025-12-15 09:30:36,495 [asp.py] => training set size: 25, fc construct set size: 25
2025-12-15 09:31:30,853 [trainer.py] => CNN: {'total': 86.13, '00-59': 92.12, '60-64': 77.0, '65-69': 80.6, '70-74': 74.4, '75-79': 74.4, '80-84': 76.8, '85-89': 67.8, '90-94': 80.0, '95-99': 88.0, 'old': 86.47, 'new': 80.0}
2025-12-15 09:31:30,853 [trainer.py] => Top1 curve: [93.4, 92.22, 91.07, 89.79, 88.69, 87.79, 86.52, 86.13]
2025-12-15 09:31:30,853 [trainer.py] => Average Accuracy (CNN): 89.45
2025-12-15 09:31:30,854 [trainer.py] => All params: 173745922
2025-12-15 09:31:30,855 [trainer.py] => Trainable params: 2148610
2025-12-15 09:31:30,857 [asp.py] => Learning on 95-100
2025-12-15 09:31:30,892 [asp.py] => training set size: 25, fc construct set size: 25
2025-12-15 09:32:27,206 [trainer.py] => CNN: {'total': 85.49, '00-59': 92.02, '60-64': 76.8, '65-69': 80.2, '70-74': 74.4, '75-79': 74.4, '80-84': 76.2, '85-89': 67.8, '90-94': 79.8, '95-99': 76.0, 'old': 85.99, 'new': 76.0}
2025-12-15 09:32:27,207 [trainer.py] => Top1 curve: [93.4, 92.22, 91.07, 89.79, 88.69, 87.79, 86.52, 86.13, 85.49]
2025-12-15 09:32:27,207 [trainer.py] => Average Accuracy (CNN): 89.01

================================================================================
Finished cifar224_init60_inc5: pretrained_vit_b16_224_vpt  
Base Accuracy: 93.4
Lase Accuracy: 85.49
Average Accuracy (Top1): 89.01
PD: 7.91
Backward Transfer (BWT): -0.85
Forward Transfer (FWT): 37.8
Accuracy Matrix (CNN):
[[93.4  88.   92.   76.   76.   88.   88.   88.   80.  ]
 [93.25 79.8  88.   88.   56.   84.   80.   80.   68.  ]
 [92.88 79.8  80.6  84.   84.   84.   88.   88.   84.  ]
 [92.67 79.6  80.6  74.6  68.   88.   68.   76.   84.  ]
 [92.45 79.4  80.6  74.4  75.2  84.   92.   76.   88.  ]
 [92.38 77.   80.6  74.4  75.   76.8  84.   88.   84.  ]
 [92.13 77.   80.6  74.4  75.   76.8  68.   92.   96.  ]
 [92.12 77.   80.6  74.4  74.4  76.8  67.8  80.   88.  ]
 [92.02 76.8  80.2  74.4  74.4  76.2  67.8  79.8  76.  ]]
================================================================================

2025-12-15 19:28:56,691 [trainer.py] => config: ./scripts/asp_inr_B100_Inc5.json
2025-12-15 19:28:56,691 [trainer.py] => model_name: asp
2025-12-15 19:28:56,691 [trainer.py] => backbone_type: pretrained_vit_b16_224_vpt
2025-12-15 19:28:56,691 [trainer.py] => device: [device(type='cuda', index=1)]
2025-12-15 19:28:56,691 [trainer.py] => seed: 2025
2025-12-15 19:28:56,691 [trainer.py] => dataset: imagenetr
2025-12-15 19:28:56,691 [trainer.py] => init_cls: 100
2025-12-15 19:28:56,691 [trainer.py] => increment: 5
2025-12-15 19:28:56,691 [trainer.py] => kshot: 5
2025-12-15 19:28:56,691 [trainer.py] => vpt_type: Deep
2025-12-15 19:28:56,691 [trainer.py] => prompt_token_num: 20
2025-12-15 19:28:56,691 [trainer.py] => avg_alpha: 0.8
2025-12-15 19:28:56,691 [trainer.py] => perturb_var: 1
2025-12-15 19:28:56,691 [trainer.py] => EMA_beta: 0.99
2025-12-15 19:28:56,691 [trainer.py] => anchor_lambda: 0.1
2025-12-15 19:28:56,692 [trainer.py] => kl_weight: 0.001
2025-12-15 19:28:56,692 [trainer.py] => TIP_init: zero
2025-12-15 19:28:56,692 [trainer.py] => tuned_epoch: 20
2025-12-15 19:28:56,692 [trainer.py] => fs_epoch: 0
2025-12-15 19:28:56,692 [trainer.py] => init_lr: 0.01
2025-12-15 19:28:56,692 [trainer.py] => fs_lr: 0.001
2025-12-15 19:28:56,692 [trainer.py] => batch_size: 24
2025-12-15 19:28:56,692 [trainer.py] => fs_batch_size: 16
2025-12-15 19:28:56,692 [trainer.py] => weight_decay: 0.005
2025-12-15 19:28:56,692 [trainer.py] => min_lr: 0
2025-12-15 19:28:56,692 [trainer.py] => optimizer: sgd
2025-12-15 19:28:56,692 [trainer.py] => memory_size: 0
2025-12-15 19:28:56,692 [trainer.py] => memory_per_class: 0
2025-12-15 19:28:56,692 [trainer.py] => fixed_memory: False
2025-12-15 19:28:56,692 [trainer.py] => shuffle: True
2025-12-15 19:28:56,692 [trainer.py] => top_k: 5
2025-12-15 19:28:56,692 [trainer.py] => base_model_path: saved_model/asp/imagenetr/100_5/asp_20_2025_pretrained_vit_b16_224_vpt.pth
2025-12-15 19:28:56,692 [trainer.py] => prefix: asp
2025-12-15 19:28:56,692 [trainer.py] => model_prefix: asp
2025-12-15 19:28:56,692 [trainer.py] => gpu_models: ['NVIDIA A40']
2025-12-15 19:28:56,775 [data_manager.py] => [30, 0, 32, 34, 5, 49, 56, 154, 143, 82, 19, 165, 58, 106, 196, 126, 178, 80, 192, 1, 44, 31, 197, 150, 132, 149, 112, 141, 54, 104, 26, 46, 20, 156, 23, 83, 47, 129, 9, 84, 187, 130, 48, 138, 191, 108, 139, 158, 4, 66, 146, 2, 113, 142, 194, 109, 102, 166, 176, 167, 162, 131, 134, 122, 107, 96, 135, 45, 93, 136, 70, 81, 51, 17, 172, 29, 71, 57, 184, 148, 179, 43, 161, 100, 182, 37, 8, 14, 180, 189, 11, 53, 6, 24, 7, 88, 175, 183, 35, 128, 75, 186, 99, 78, 123, 133, 74, 125, 120, 89, 39, 63, 155, 65, 77, 116, 171, 114, 105, 170, 12, 121, 195, 60, 185, 110, 91, 68, 198, 59, 38, 174, 87, 28, 157, 193, 86, 147, 16, 98, 36, 61, 137, 18, 21, 103, 25, 15, 118, 72, 50, 168, 152, 190, 199, 55, 181, 92, 163, 85, 69, 177, 95, 52, 159, 169, 188, 127, 79, 42, 164, 124, 41, 90, 115, 13, 27, 73, 33, 173, 119, 145, 153, 3, 117, 64, 144, 111, 101, 151, 40, 97, 10, 22, 160, 140, 67, 76, 94, 62]
This is for the BaseNet initialization.
modelname, pretrained_vit_b16_224_vpt basicmodelname vit_base_patch16_224
Using VPT model
Using Deep Prompt
After BaseNet initialization.
2025-12-15 19:29:02,064 [trainer.py] => All params: 176577537
2025-12-15 19:29:02,065 [trainer.py] => Trainable params: 4980225
2025-12-15 19:29:02,200 [asp.py] => Learning on 0-100
2025-12-15 19:29:02,227 [asp.py] => training set size: 11703, fc construct set size: 11703
anchor samples found
2025-12-15 19:35:05,307 [asp.py] => Task 0, Epoch 1 => Loss 6.810, Train_accy 6.82, Test_curr_accy 25.69, Test_accy 25.69
anchor samples found
2025-12-15 19:41:09,581 [asp.py] => Task 0, Epoch 2 => Loss 2.870, Train_accy 57.05, Test_curr_accy 77.61, Test_accy 77.61
anchor samples found
2025-12-15 19:47:15,766 [asp.py] => Task 0, Epoch 3 => Loss 2.020, Train_accy 69.32, Test_curr_accy 81.07, Test_accy 81.07
anchor samples found
2025-12-15 19:53:20,352 [asp.py] => Task 0, Epoch 4 => Loss 1.886, Train_accy 70.90, Test_curr_accy 80.76, Test_accy 80.76
anchor samples found
2025-12-15 19:59:26,019 [asp.py] => Task 0, Epoch 5 => Loss 1.762, Train_accy 72.52, Test_curr_accy 82.68, Test_accy 82.68
anchor samples found
2025-12-15 20:05:29,851 [asp.py] => Task 0, Epoch 6 => Loss 1.747, Train_accy 72.56, Test_curr_accy 80.93, Test_accy 80.93
anchor samples found
2025-12-15 20:11:34,299 [asp.py] => Task 0, Epoch 7 => Loss 1.713, Train_accy 73.18, Test_curr_accy 82.44, Test_accy 82.44
anchor samples found
2025-12-15 20:17:39,817 [asp.py] => Task 0, Epoch 8 => Loss 1.712, Train_accy 73.09, Test_curr_accy 82.20, Test_accy 82.20
anchor samples found
2025-12-15 20:23:45,128 [asp.py] => Task 0, Epoch 9 => Loss 1.652, Train_accy 73.75, Test_curr_accy 81.24, Test_accy 81.24
anchor samples found
2025-12-15 20:29:50,612 [asp.py] => Task 0, Epoch 10 => Loss 1.645, Train_accy 73.54, Test_curr_accy 82.85, Test_accy 82.85
anchor samples found
2025-12-15 20:35:56,439 [asp.py] => Task 0, Epoch 11 => Loss 1.631, Train_accy 73.26, Test_curr_accy 83.85, Test_accy 83.85
anchor samples found
2025-12-15 20:42:02,822 [asp.py] => Task 0, Epoch 12 => Loss 1.594, Train_accy 74.47, Test_curr_accy 83.74, Test_accy 83.74
anchor samples found
2025-12-15 20:48:11,554 [asp.py] => Task 0, Epoch 13 => Loss 1.568, Train_accy 74.67, Test_curr_accy 82.48, Test_accy 82.48
anchor samples found
2025-12-15 20:54:17,713 [asp.py] => Task 0, Epoch 14 => Loss 1.564, Train_accy 74.96, Test_curr_accy 83.71, Test_accy 83.71
anchor samples found
2025-12-15 21:00:22,616 [asp.py] => Task 0, Epoch 15 => Loss 1.524, Train_accy 75.18, Test_curr_accy 83.78, Test_accy 83.78
anchor samples found
2025-12-15 21:06:27,146 [asp.py] => Task 0, Epoch 16 => Loss 1.493, Train_accy 75.69, Test_curr_accy 84.05, Test_accy 84.05
anchor samples found
2025-12-15 21:12:32,166 [asp.py] => Task 0, Epoch 17 => Loss 1.494, Train_accy 75.55, Test_curr_accy 83.98, Test_accy 83.98
anchor samples found
2025-12-15 21:18:36,893 [asp.py] => Task 0, Epoch 18 => Loss 1.468, Train_accy 77.01, Test_curr_accy 83.74, Test_accy 83.74
anchor samples found
2025-12-15 21:24:43,185 [asp.py] => Task 0, Epoch 19 => Loss 1.466, Train_accy 76.37, Test_curr_accy 84.19, Test_accy 84.19
anchor samples found
2025-12-15 21:30:49,018 [asp.py] => Task 0, Epoch 20 => Loss 1.425, Train_accy 76.98, Test_curr_accy 84.53, Test_accy 84.53
2025-12-15 21:33:44,463 [trainer.py] => CNN: {'total': 81.76, '00-99': 81.76, '100-104': 60.0, '105-109': 88.0, '110-114': 64.0, '115-119': 88.0, '120-124': 88.0, '125-129': 72.0, '130-134': 56.0, '135-139': 80.0, '140-144': 72.0, '145-149': 64.0, '150-154': 52.0, '155-159': 64.0, '160-164': 80.0, '165-169': 92.0, '170-174': 72.0, '175-179': 48.0, '180-184': 52.0, '185-189': 48.0, '190-194': 80.0, '195-199': 60.0, 'old': 0, 'new': 81.76}
2025-12-15 21:33:44,464 [trainer.py] => Top1 curve: [81.76]
2025-12-15 21:33:44,464 [trainer.py] => Average Accuracy (CNN): 81.76
2025-12-15 21:33:44,466 [trainer.py] => All params: 176654338
2025-12-15 21:33:44,468 [trainer.py] => Trainable params: 5057026
2025-12-15 21:33:44,471 [asp.py] => Learning on 100-105
2025-12-15 21:33:44,492 [asp.py] => training set size: 25, fc construct set size: 25
2025-12-15 21:34:13,743 [trainer.py] => CNN: {'total': 79.32, '00-99': 81.62, '100-104': 51.45, '105-109': 76.0, '110-114': 52.0, '115-119': 76.0, '120-124': 84.0, '125-129': 84.0, '130-134': 72.0, '135-139': 60.0, '140-144': 76.0, '145-149': 56.0, '150-154': 76.0, '155-159': 72.0, '160-164': 64.0, '165-169': 80.0, '170-174': 64.0, '175-179': 68.0, '180-184': 72.0, '185-189': 44.0, '190-194': 68.0, '195-199': 72.0, 'old': 81.62, 'new': 51.45}
2025-12-15 21:34:13,744 [trainer.py] => Top1 curve: [81.76, 79.32]
2025-12-15 21:34:13,744 [trainer.py] => Average Accuracy (CNN): 80.54
2025-12-15 21:34:13,746 [trainer.py] => All params: 176658178
2025-12-15 21:34:13,748 [trainer.py] => Trainable params: 5060866
2025-12-15 21:34:13,751 [asp.py] => Learning on 105-110
2025-12-15 21:34:13,772 [asp.py] => training set size: 25, fc construct set size: 25
2025-12-15 21:34:42,998 [trainer.py] => CNN: {'total': 78.58, '00-99': 81.55, '100-104': 48.96, '105-109': 68.24, '110-114': 68.0, '115-119': 68.0, '120-124': 84.0, '125-129': 68.0, '130-134': 76.0, '135-139': 72.0, '140-144': 72.0, '145-149': 72.0, '150-154': 60.0, '155-159': 68.0, '160-164': 80.0, '165-169': 72.0, '170-174': 52.0, '175-179': 72.0, '180-184': 60.0, '185-189': 52.0, '190-194': 80.0, '195-199': 76.0, 'old': 79.06, 'new': 68.24}
2025-12-15 21:34:42,998 [trainer.py] => Top1 curve: [81.76, 79.32, 78.58]
2025-12-15 21:34:42,999 [trainer.py] => Average Accuracy (CNN): 79.89
2025-12-15 21:34:43,000 [trainer.py] => All params: 176662018
2025-12-15 21:34:43,000 [trainer.py] => Trainable params: 5064706
2025-12-15 21:34:43,002 [asp.py] => Learning on 110-115
2025-12-15 21:34:43,017 [asp.py] => training set size: 25, fc construct set size: 25
2025-12-15 21:35:13,133 [trainer.py] => CNN: {'total': 77.98, '00-99': 81.48, '100-104': 48.96, '105-109': 67.57, '110-114': 66.2, '115-119': 88.0, '120-124': 84.0, '125-129': 76.0, '130-134': 76.0, '135-139': 72.0, '140-144': 80.0, '145-149': 76.0, '150-154': 52.0, '155-159': 68.0, '160-164': 72.0, '165-169': 76.0, '170-174': 28.0, '175-179': 72.0, '180-184': 80.0, '185-189': 64.0, '190-194': 76.0, '195-199': 60.0, 'old': 78.49, 'new': 66.2}
2025-12-15 21:35:13,134 [trainer.py] => Top1 curve: [81.76, 79.32, 78.58, 77.98]
2025-12-15 21:35:13,134 [trainer.py] => Average Accuracy (CNN): 79.41
2025-12-15 21:35:13,136 [trainer.py] => All params: 176665858
2025-12-15 21:35:13,139 [trainer.py] => Trainable params: 5068546
2025-12-15 21:35:13,142 [asp.py] => Learning on 115-120
2025-12-15 21:35:13,162 [asp.py] => training set size: 25, fc construct set size: 25
2025-12-15 21:35:43,543 [trainer.py] => CNN: {'total': 77.49, '00-99': 81.41, '100-104': 47.72, '105-109': 67.57, '110-114': 66.2, '115-119': 69.54, '120-124': 88.0, '125-129': 64.0, '130-134': 80.0, '135-139': 72.0, '140-144': 68.0, '145-149': 64.0, '150-154': 56.0, '155-159': 64.0, '160-164': 64.0, '165-169': 72.0, '170-174': 52.0, '175-179': 68.0, '180-184': 56.0, '185-189': 64.0, '190-194': 72.0, '195-199': 64.0, 'old': 77.84, 'new': 69.54}
2025-12-15 21:35:43,543 [trainer.py] => Top1 curve: [81.76, 79.32, 78.58, 77.98, 77.49]
2025-12-15 21:35:43,543 [trainer.py] => Average Accuracy (CNN): 79.03
2025-12-15 21:35:43,546 [trainer.py] => All params: 176669698
2025-12-15 21:35:43,549 [trainer.py] => Trainable params: 5072386
2025-12-15 21:35:43,552 [asp.py] => Learning on 120-125
2025-12-15 21:35:43,573 [asp.py] => training set size: 25, fc construct set size: 25
2025-12-15 21:36:16,327 [trainer.py] => CNN: {'total': 77.62, '00-99': 81.24, '100-104': 47.72, '105-109': 67.57, '110-114': 66.2, '115-119': 69.54, '120-124': 86.09, '125-129': 80.0, '130-134': 64.0, '135-139': 64.0, '140-144': 68.0, '145-149': 72.0, '150-154': 64.0, '155-159': 64.0, '160-164': 76.0, '165-169': 80.0, '170-174': 68.0, '175-179': 76.0, '180-184': 56.0, '185-189': 72.0, '190-194': 60.0, '195-199': 72.0, 'old': 77.35, 'new': 86.09}
2025-12-15 21:36:16,327 [trainer.py] => Top1 curve: [81.76, 79.32, 78.58, 77.98, 77.49, 77.62]
2025-12-15 21:36:16,327 [trainer.py] => Average Accuracy (CNN): 78.79
2025-12-15 21:36:16,330 [trainer.py] => All params: 176673538
2025-12-15 21:36:16,332 [trainer.py] => Trainable params: 5076226
2025-12-15 21:36:16,336 [asp.py] => Learning on 125-130
2025-12-15 21:36:16,354 [asp.py] => training set size: 25, fc construct set size: 25
2025-12-15 21:36:46,992 [trainer.py] => CNN: {'total': 77.16, '00-99': 81.14, '100-104': 47.72, '105-109': 67.57, '110-114': 66.2, '115-119': 69.54, '120-124': 86.09, '125-129': 64.55, '130-134': 84.0, '135-139': 72.0, '140-144': 80.0, '145-149': 60.0, '150-154': 56.0, '155-159': 72.0, '160-164': 68.0, '165-169': 72.0, '170-174': 64.0, '175-179': 68.0, '180-184': 72.0, '185-189': 80.0, '190-194': 68.0, '195-199': 72.0, 'old': 77.54, 'new': 64.55}
2025-12-15 21:36:46,993 [trainer.py] => Top1 curve: [81.76, 79.32, 78.58, 77.98, 77.49, 77.62, 77.16]
2025-12-15 21:36:46,993 [trainer.py] => Average Accuracy (CNN): 78.56
2025-12-15 21:36:46,996 [trainer.py] => All params: 176677378
2025-12-15 21:36:46,999 [trainer.py] => Trainable params: 5080066
2025-12-15 21:36:47,002 [asp.py] => Learning on 130-135
2025-12-15 21:36:47,021 [asp.py] => training set size: 25, fc construct set size: 25
2025-12-15 21:37:19,035 [trainer.py] => CNN: {'total': 76.75, '00-99': 80.8, '100-104': 47.72, '105-109': 67.57, '110-114': 66.2, '115-119': 69.54, '120-124': 86.09, '125-129': 64.55, '130-134': 73.41, '135-139': 68.0, '140-144': 72.0, '145-149': 68.0, '150-154': 68.0, '155-159': 72.0, '160-164': 60.0, '165-169': 72.0, '170-174': 60.0, '175-179': 68.0, '180-184': 76.0, '185-189': 60.0, '190-194': 68.0, '195-199': 68.0, 'old': 76.9, 'new': 73.41}
2025-12-15 21:37:19,036 [trainer.py] => Top1 curve: [81.76, 79.32, 78.58, 77.98, 77.49, 77.62, 77.16, 76.75]
2025-12-15 21:37:19,036 [trainer.py] => Average Accuracy (CNN): 78.33
2025-12-15 21:37:19,039 [trainer.py] => All params: 176681218
2025-12-15 21:37:19,041 [trainer.py] => Trainable params: 5083906
2025-12-15 21:37:19,045 [asp.py] => Learning on 135-140
2025-12-15 21:37:19,063 [asp.py] => training set size: 25, fc construct set size: 25
2025-12-15 21:37:51,761 [trainer.py] => CNN: {'total': 76.08, '00-99': 80.69, '100-104': 47.3, '105-109': 67.57, '110-114': 66.2, '115-119': 69.54, '120-124': 86.09, '125-129': 64.55, '130-134': 73.41, '135-139': 64.25, '140-144': 80.0, '145-149': 64.0, '150-154': 60.0, '155-159': 72.0, '160-164': 56.0, '165-169': 80.0, '170-174': 68.0, '175-179': 60.0, '180-184': 64.0, '185-189': 56.0, '190-194': 68.0, '195-199': 56.0, 'old': 76.65, 'new': 64.25}
2025-12-15 21:37:51,762 [trainer.py] => Top1 curve: [81.76, 79.32, 78.58, 77.98, 77.49, 77.62, 77.16, 76.75, 76.08]
2025-12-15 21:37:51,762 [trainer.py] => Average Accuracy (CNN): 78.08
2025-12-15 21:37:51,765 [trainer.py] => All params: 176685058
2025-12-15 21:37:51,767 [trainer.py] => Trainable params: 5087746
2025-12-15 21:37:51,770 [asp.py] => Learning on 140-145
2025-12-15 21:37:51,789 [asp.py] => training set size: 25, fc construct set size: 25
2025-12-15 21:38:26,522 [trainer.py] => CNN: {'total': 76.03, '00-99': 80.62, '100-104': 47.3, '105-109': 67.57, '110-114': 66.2, '115-119': 69.54, '120-124': 86.09, '125-129': 64.55, '130-134': 73.41, '135-139': 64.25, '140-144': 76.04, '145-149': 60.0, '150-154': 68.0, '155-159': 64.0, '160-164': 80.0, '165-169': 76.0, '170-174': 72.0, '175-179': 64.0, '180-184': 60.0, '185-189': 76.0, '190-194': 64.0, '195-199': 60.0, 'old': 76.03, 'new': 76.04}
2025-12-15 21:38:26,523 [trainer.py] => Top1 curve: [81.76, 79.32, 78.58, 77.98, 77.49, 77.62, 77.16, 76.75, 76.08, 76.03]
2025-12-15 21:38:26,523 [trainer.py] => Average Accuracy (CNN): 77.88
2025-12-15 21:38:26,525 [trainer.py] => All params: 176688898
2025-12-15 21:38:26,527 [trainer.py] => Trainable params: 5091586
2025-12-15 21:38:26,531 [asp.py] => Learning on 145-150
2025-12-15 21:38:26,547 [asp.py] => training set size: 25, fc construct set size: 25
2025-12-15 21:39:00,617 [trainer.py] => CNN: {'total': 75.79, '00-99': 80.59, '100-104': 47.3, '105-109': 67.57, '110-114': 66.2, '115-119': 69.54, '120-124': 86.09, '125-129': 64.55, '130-134': 73.41, '135-139': 64.25, '140-144': 76.04, '145-149': 68.79, '150-154': 64.0, '155-159': 76.0, '160-164': 72.0, '165-169': 96.0, '170-174': 48.0, '175-179': 72.0, '180-184': 52.0, '185-189': 72.0, '190-194': 76.0, '195-199': 64.0, 'old': 76.01, 'new': 68.79}
2025-12-15 21:39:00,617 [trainer.py] => Top1 curve: [81.76, 79.32, 78.58, 77.98, 77.49, 77.62, 77.16, 76.75, 76.08, 76.03, 75.79]
2025-12-15 21:39:00,617 [trainer.py] => Average Accuracy (CNN): 77.69
2025-12-15 21:39:00,621 [trainer.py] => All params: 176692738
2025-12-15 21:39:00,623 [trainer.py] => Trainable params: 5095426
2025-12-15 21:39:00,626 [asp.py] => Learning on 150-155
2025-12-15 21:39:00,643 [asp.py] => training set size: 25, fc construct set size: 25
2025-12-15 21:39:37,324 [trainer.py] => CNN: {'total': 74.78, '00-99': 80.45, '100-104': 47.3, '105-109': 67.57, '110-114': 65.49, '115-119': 69.54, '120-124': 86.09, '125-129': 64.55, '130-134': 73.41, '135-139': 64.25, '140-144': 76.04, '145-149': 68.79, '150-154': 48.03, '155-159': 64.0, '160-164': 72.0, '165-169': 80.0, '170-174': 72.0, '175-179': 60.0, '180-184': 60.0, '185-189': 56.0, '190-194': 84.0, '195-199': 56.0, 'old': 75.67, 'new': 48.03}
2025-12-15 21:39:37,325 [trainer.py] => Top1 curve: [81.76, 79.32, 78.58, 77.98, 77.49, 77.62, 77.16, 76.75, 76.08, 76.03, 75.79, 74.78]
2025-12-15 21:39:37,325 [trainer.py] => Average Accuracy (CNN): 77.44
2025-12-15 21:39:37,328 [trainer.py] => All params: 176696578
2025-12-15 21:39:37,331 [trainer.py] => Trainable params: 5099266
2025-12-15 21:39:37,334 [asp.py] => Learning on 155-160
2025-12-15 21:39:37,351 [asp.py] => training set size: 25, fc construct set size: 25
2025-12-15 21:40:13,698 [trainer.py] => CNN: {'total': 74.39, '00-99': 80.25, '100-104': 47.3, '105-109': 67.57, '110-114': 65.49, '115-119': 69.54, '120-124': 86.09, '125-129': 64.55, '130-134': 73.41, '135-139': 64.25, '140-144': 76.04, '145-149': 68.79, '150-154': 48.03, '155-159': 64.1, '160-164': 72.0, '165-169': 92.0, '170-174': 76.0, '175-179': 68.0, '180-184': 52.0, '185-189': 72.0, '190-194': 76.0, '195-199': 76.0, 'old': 74.65, 'new': 64.1}
2025-12-15 21:40:13,699 [trainer.py] => Top1 curve: [81.76, 79.32, 78.58, 77.98, 77.49, 77.62, 77.16, 76.75, 76.08, 76.03, 75.79, 74.78, 74.39]
2025-12-15 21:40:13,699 [trainer.py] => Average Accuracy (CNN): 77.21
2025-12-15 21:40:13,702 [trainer.py] => All params: 176700418
2025-12-15 21:40:13,704 [trainer.py] => Trainable params: 5103106
2025-12-15 21:40:13,707 [asp.py] => Learning on 160-165
2025-12-15 21:40:13,723 [asp.py] => training set size: 25, fc construct set size: 25
2025-12-15 21:40:51,427 [trainer.py] => CNN: {'total': 74.01, '00-99': 80.08, '100-104': 46.89, '105-109': 67.57, '110-114': 64.79, '115-119': 69.54, '120-124': 86.09, '125-129': 64.55, '130-134': 73.41, '135-139': 64.25, '140-144': 75.52, '145-149': 68.79, '150-154': 48.03, '155-159': 64.1, '160-164': 68.21, '165-169': 64.0, '170-174': 52.0, '175-179': 64.0, '180-184': 68.0, '185-189': 40.0, '190-194': 68.0, '195-199': 56.0, 'old': 74.22, 'new': 68.21}
2025-12-15 21:40:51,428 [trainer.py] => Top1 curve: [81.76, 79.32, 78.58, 77.98, 77.49, 77.62, 77.16, 76.75, 76.08, 76.03, 75.79, 74.78, 74.39, 74.01]
2025-12-15 21:40:51,428 [trainer.py] => Average Accuracy (CNN): 76.98
2025-12-15 21:40:51,431 [trainer.py] => All params: 176704258
2025-12-15 21:40:51,434 [trainer.py] => Trainable params: 5106946
2025-12-15 21:40:51,437 [asp.py] => Learning on 165-170
2025-12-15 21:40:51,453 [asp.py] => training set size: 25, fc construct set size: 25
2025-12-15 21:41:29,608 [trainer.py] => CNN: {'total': 74.13, '00-99': 79.97, '100-104': 46.89, '105-109': 67.57, '110-114': 64.79, '115-119': 69.54, '120-124': 85.22, '125-129': 64.55, '130-134': 73.41, '135-139': 64.25, '140-144': 75.52, '145-149': 68.79, '150-154': 46.71, '155-159': 64.1, '160-164': 68.21, '165-169': 80.1, '170-174': 36.0, '175-179': 68.0, '180-184': 60.0, '185-189': 72.0, '190-194': 64.0, '195-199': 52.0, 'old': 73.89, 'new': 80.1}
2025-12-15 21:41:29,609 [trainer.py] => Top1 curve: [81.76, 79.32, 78.58, 77.98, 77.49, 77.62, 77.16, 76.75, 76.08, 76.03, 75.79, 74.78, 74.39, 74.01, 74.13]
2025-12-15 21:41:29,609 [trainer.py] => Average Accuracy (CNN): 76.79
2025-12-15 21:41:29,612 [trainer.py] => All params: 176708098
2025-12-15 21:41:29,614 [trainer.py] => Trainable params: 5110786
2025-12-15 21:41:29,618 [asp.py] => Learning on 170-175
2025-12-15 21:41:29,632 [asp.py] => training set size: 25, fc construct set size: 25
2025-12-15 21:42:06,723 [trainer.py] => CNN: {'total': 73.53, '00-99': 79.84, '100-104': 46.89, '105-109': 67.57, '110-114': 64.79, '115-119': 69.54, '120-124': 85.22, '125-129': 64.55, '130-134': 73.41, '135-139': 64.25, '140-144': 75.52, '145-149': 68.79, '150-154': 46.71, '155-159': 64.1, '160-164': 68.21, '165-169': 78.57, '170-174': 56.43, '175-179': 68.0, '180-184': 56.0, '185-189': 44.0, '190-194': 80.0, '195-199': 76.0, 'old': 73.99, 'new': 56.43}
2025-12-15 21:42:06,724 [trainer.py] => Top1 curve: [81.76, 79.32, 78.58, 77.98, 77.49, 77.62, 77.16, 76.75, 76.08, 76.03, 75.79, 74.78, 74.39, 74.01, 74.13, 73.53]
2025-12-15 21:42:06,724 [trainer.py] => Average Accuracy (CNN): 76.59
2025-12-15 21:42:06,727 [trainer.py] => All params: 176711938
2025-12-15 21:42:06,729 [trainer.py] => Trainable params: 5114626
2025-12-15 21:42:06,733 [asp.py] => Learning on 175-180
2025-12-15 21:42:06,747 [asp.py] => training set size: 25, fc construct set size: 25
2025-12-15 21:42:46,508 [trainer.py] => CNN: {'total': 73.0, '00-99': 79.7, '100-104': 46.06, '105-109': 67.57, '110-114': 64.08, '115-119': 69.54, '120-124': 85.22, '125-129': 64.55, '130-134': 73.41, '135-139': 64.25, '140-144': 75.52, '145-149': 68.09, '150-154': 46.71, '155-159': 64.1, '160-164': 68.21, '165-169': 78.06, '170-174': 56.43, '175-179': 61.11, '180-184': 64.0, '185-189': 56.0, '190-194': 76.0, '195-199': 72.0, 'old': 73.36, 'new': 61.11}
2025-12-15 21:42:46,508 [trainer.py] => Top1 curve: [81.76, 79.32, 78.58, 77.98, 77.49, 77.62, 77.16, 76.75, 76.08, 76.03, 75.79, 74.78, 74.39, 74.01, 74.13, 73.53, 73.0]
2025-12-15 21:42:46,509 [trainer.py] => Average Accuracy (CNN): 76.38
2025-12-15 21:42:46,512 [trainer.py] => All params: 176715778
2025-12-15 21:42:46,514 [trainer.py] => Trainable params: 5118466
2025-12-15 21:42:46,518 [asp.py] => Learning on 180-185
2025-12-15 21:42:46,531 [asp.py] => training set size: 25, fc construct set size: 25
2025-12-15 21:43:24,109 [trainer.py] => CNN: {'total': 72.6, '00-99': 79.63, '100-104': 46.06, '105-109': 67.57, '110-114': 64.08, '115-119': 67.55, '120-124': 85.22, '125-129': 64.55, '130-134': 73.41, '135-139': 64.25, '140-144': 75.52, '145-149': 68.09, '150-154': 46.71, '155-159': 64.1, '160-164': 68.21, '165-169': 78.06, '170-174': 56.43, '175-179': 61.11, '180-184': 58.82, '185-189': 48.0, '190-194': 68.0, '195-199': 52.0, 'old': 72.9, 'new': 58.82}
2025-12-15 21:43:24,110 [trainer.py] => Top1 curve: [81.76, 79.32, 78.58, 77.98, 77.49, 77.62, 77.16, 76.75, 76.08, 76.03, 75.79, 74.78, 74.39, 74.01, 74.13, 73.53, 73.0, 72.6]
2025-12-15 21:43:24,110 [trainer.py] => Average Accuracy (CNN): 76.17
2025-12-15 21:43:24,112 [trainer.py] => All params: 176719618
2025-12-15 21:43:24,115 [trainer.py] => Trainable params: 5122306
2025-12-15 21:43:24,118 [asp.py] => Learning on 185-190
2025-12-15 21:43:24,131 [asp.py] => training set size: 25, fc construct set size: 25
2025-12-15 21:44:03,925 [trainer.py] => CNN: {'total': 72.01, '00-99': 79.56, '100-104': 46.06, '105-109': 67.57, '110-114': 63.38, '115-119': 67.55, '120-124': 85.22, '125-129': 64.55, '130-134': 73.41, '135-139': 64.25, '140-144': 75.52, '145-149': 68.09, '150-154': 46.71, '155-159': 64.1, '160-164': 68.21, '165-169': 78.06, '170-174': 54.29, '175-179': 61.11, '180-184': 58.82, '185-189': 48.72, '190-194': 68.0, '195-199': 56.0, 'old': 72.5, 'new': 48.72}
2025-12-15 21:44:03,925 [trainer.py] => Top1 curve: [81.76, 79.32, 78.58, 77.98, 77.49, 77.62, 77.16, 76.75, 76.08, 76.03, 75.79, 74.78, 74.39, 74.01, 74.13, 73.53, 73.0, 72.6, 72.01]
2025-12-15 21:44:03,926 [trainer.py] => Average Accuracy (CNN): 75.95
2025-12-15 21:44:03,928 [trainer.py] => All params: 176723458
2025-12-15 21:44:03,931 [trainer.py] => Trainable params: 5126146
2025-12-15 21:44:03,935 [asp.py] => Learning on 190-195
2025-12-15 21:44:03,948 [asp.py] => training set size: 25, fc construct set size: 25
2025-12-15 21:44:44,167 [trainer.py] => CNN: {'total': 72.04, '00-99': 79.53, '100-104': 46.06, '105-109': 67.57, '110-114': 63.38, '115-119': 67.55, '120-124': 85.22, '125-129': 64.55, '130-134': 73.41, '135-139': 63.73, '140-144': 75.52, '145-149': 68.09, '150-154': 46.71, '155-159': 64.1, '160-164': 68.21, '165-169': 78.06, '170-174': 54.29, '175-179': 59.26, '180-184': 58.82, '185-189': 48.72, '190-194': 76.4, '195-199': 60.0, 'old': 71.92, 'new': 76.4}
2025-12-15 21:44:44,168 [trainer.py] => Top1 curve: [81.76, 79.32, 78.58, 77.98, 77.49, 77.62, 77.16, 76.75, 76.08, 76.03, 75.79, 74.78, 74.39, 74.01, 74.13, 73.53, 73.0, 72.6, 72.01, 72.04]
2025-12-15 21:44:44,168 [trainer.py] => Average Accuracy (CNN): 75.75
2025-12-15 21:44:44,171 [trainer.py] => All params: 176727298
2025-12-15 21:44:44,173 [trainer.py] => Trainable params: 5129986
2025-12-15 21:44:44,177 [asp.py] => Learning on 195-200
2025-12-15 21:44:44,188 [asp.py] => training set size: 25, fc construct set size: 25
2025-12-15 21:45:22,924 [trainer.py] => CNN: {'total': 71.98, '00-99': 79.49, '100-104': 45.23, '105-109': 67.57, '110-114': 63.38, '115-119': 67.55, '120-124': 85.22, '125-129': 63.64, '130-134': 73.41, '135-139': 63.73, '140-144': 75.52, '145-149': 68.09, '150-154': 46.71, '155-159': 64.1, '160-164': 68.21, '165-169': 78.06, '170-174': 54.29, '175-179': 59.26, '180-184': 58.82, '185-189': 48.72, '190-194': 76.4, '195-199': 72.34, 'old': 71.97, 'new': 72.34}
2025-12-15 21:45:22,924 [trainer.py] => Top1 curve: [81.76, 79.32, 78.58, 77.98, 77.49, 77.62, 77.16, 76.75, 76.08, 76.03, 75.79, 74.78, 74.39, 74.01, 74.13, 73.53, 73.0, 72.6, 72.01, 72.04, 71.98]
2025-12-15 21:45:22,925 [trainer.py] => Average Accuracy (CNN): 75.57

================================================================================
Finished imagenetr_init100_inc5: pretrained_vit_b16_224_vpt  
Base Accuracy: 81.76
Lase Accuracy: 71.98
Average Accuracy (Top1): 75.57
PD: 9.78
Backward Transfer (BWT): -1.24
Traceback (most recent call last):
  File "/home/team/zhaohongwei/Code/Research/Awesome-FSCIL/FSCIL-ASP-main/main.py", line 25, in <module>
    main()
  File "/home/team/zhaohongwei/Code/Research/Awesome-FSCIL/FSCIL-ASP-main/main.py", line 11, in main
    train(args)
  File "/home/team/zhaohongwei/Code/Research/Awesome-FSCIL/FSCIL-ASP-main/trainer.py", line 32, in train
    _train(args)
  File "/home/team/zhaohongwei/Code/Research/Awesome-FSCIL/FSCIL-ASP-main/trainer.py", line 160, in _train
    print("Forward Transfer (FWT):", forward_transfer(args["dataset"], np.array(cnn_matrix)))
  File "/home/team/zhaohongwei/Code/Research/Awesome-FSCIL/FSCIL-ASP-main/trainer.py", line 265, in forward_transfer
    fwt_diffs = fwt_accs - rand_init_acc_for_fwt
ValueError: operands could not be broadcast together with shapes (20,) (10,) 
2025-12-15 21:45:26,483 [trainer.py] => config: ./scripts/asp_inr_B100_Inc10.json
2025-12-15 21:45:26,483 [trainer.py] => model_name: asp
2025-12-15 21:45:26,483 [trainer.py] => backbone_type: pretrained_vit_b16_224_vpt
2025-12-15 21:45:26,483 [trainer.py] => device: [device(type='cuda', index=1)]
2025-12-15 21:45:26,483 [trainer.py] => seed: 2025
2025-12-15 21:45:26,483 [trainer.py] => dataset: imagenetr
2025-12-15 21:45:26,483 [trainer.py] => init_cls: 100
2025-12-15 21:45:26,483 [trainer.py] => increment: 10
2025-12-15 21:45:26,483 [trainer.py] => kshot: 5
2025-12-15 21:45:26,483 [trainer.py] => vpt_type: Deep
2025-12-15 21:45:26,483 [trainer.py] => prompt_token_num: 20
2025-12-15 21:45:26,483 [trainer.py] => avg_alpha: 0.8
2025-12-15 21:45:26,483 [trainer.py] => perturb_var: 1
2025-12-15 21:45:26,483 [trainer.py] => EMA_beta: 0.99
2025-12-15 21:45:26,483 [trainer.py] => anchor_lambda: 0.1
2025-12-15 21:45:26,483 [trainer.py] => kl_weight: 0.001
2025-12-15 21:45:26,483 [trainer.py] => TIP_init: zero
2025-12-15 21:45:26,483 [trainer.py] => tuned_epoch: 20
2025-12-15 21:45:26,483 [trainer.py] => fs_epoch: 0
2025-12-15 21:45:26,483 [trainer.py] => init_lr: 0.01
2025-12-15 21:45:26,483 [trainer.py] => fs_lr: 0.001
2025-12-15 21:45:26,483 [trainer.py] => batch_size: 24
2025-12-15 21:45:26,483 [trainer.py] => fs_batch_size: 16
2025-12-15 21:45:26,483 [trainer.py] => weight_decay: 0.005
2025-12-15 21:45:26,483 [trainer.py] => min_lr: 0
2025-12-15 21:45:26,483 [trainer.py] => optimizer: sgd
2025-12-15 21:45:26,483 [trainer.py] => memory_size: 0
2025-12-15 21:45:26,484 [trainer.py] => memory_per_class: 0
2025-12-15 21:45:26,484 [trainer.py] => fixed_memory: False
2025-12-15 21:45:26,484 [trainer.py] => shuffle: True
2025-12-15 21:45:26,484 [trainer.py] => top_k: 5
2025-12-15 21:45:26,484 [trainer.py] => base_model_path: saved_model/asp/imagenetr/100_10/asp_20_2025_pretrained_vit_b16_224_vpt.pth
2025-12-15 21:45:26,484 [trainer.py] => prefix: asp
2025-12-15 21:45:26,484 [trainer.py] => model_prefix: asp
2025-12-15 21:45:26,484 [trainer.py] => gpu_models: ['NVIDIA A40']
2025-12-15 21:45:26,568 [data_manager.py] => [30, 0, 32, 34, 5, 49, 56, 154, 143, 82, 19, 165, 58, 106, 196, 126, 178, 80, 192, 1, 44, 31, 197, 150, 132, 149, 112, 141, 54, 104, 26, 46, 20, 156, 23, 83, 47, 129, 9, 84, 187, 130, 48, 138, 191, 108, 139, 158, 4, 66, 146, 2, 113, 142, 194, 109, 102, 166, 176, 167, 162, 131, 134, 122, 107, 96, 135, 45, 93, 136, 70, 81, 51, 17, 172, 29, 71, 57, 184, 148, 179, 43, 161, 100, 182, 37, 8, 14, 180, 189, 11, 53, 6, 24, 7, 88, 175, 183, 35, 128, 75, 186, 99, 78, 123, 133, 74, 125, 120, 89, 39, 63, 155, 65, 77, 116, 171, 114, 105, 170, 12, 121, 195, 60, 185, 110, 91, 68, 198, 59, 38, 174, 87, 28, 157, 193, 86, 147, 16, 98, 36, 61, 137, 18, 21, 103, 25, 15, 118, 72, 50, 168, 152, 190, 199, 55, 181, 92, 163, 85, 69, 177, 95, 52, 159, 169, 188, 127, 79, 42, 164, 124, 41, 90, 115, 13, 27, 73, 33, 173, 119, 145, 153, 3, 117, 64, 144, 111, 101, 151, 40, 97, 10, 22, 160, 140, 67, 76, 94, 62]
This is for the BaseNet initialization.
modelname, pretrained_vit_b16_224_vpt basicmodelname vit_base_patch16_224
Using VPT model
Using Deep Prompt
After BaseNet initialization.
2025-12-15 21:45:31,918 [trainer.py] => All params: 176577537
2025-12-15 21:45:31,919 [trainer.py] => Trainable params: 4980225
2025-12-15 21:45:32,055 [asp.py] => Learning on 0-100
2025-12-15 21:45:32,082 [asp.py] => training set size: 11703, fc construct set size: 11703
anchor samples found
2025-12-15 21:51:38,160 [asp.py] => Task 0, Epoch 1 => Loss 6.804, Train_accy 6.73, Test_curr_accy 25.99, Test_accy 25.99
anchor samples found
2025-12-15 21:57:45,467 [asp.py] => Task 0, Epoch 2 => Loss 2.842, Train_accy 57.11, Test_curr_accy 78.26, Test_accy 78.26
anchor samples found
2025-12-15 22:03:51,010 [asp.py] => Task 0, Epoch 3 => Loss 2.031, Train_accy 69.18, Test_curr_accy 79.84, Test_accy 79.84
anchor samples found
2025-12-15 22:09:57,960 [asp.py] => Task 0, Epoch 4 => Loss 1.874, Train_accy 70.99, Test_curr_accy 80.69, Test_accy 80.69
anchor samples found
2025-12-15 22:16:05,310 [asp.py] => Task 0, Epoch 5 => Loss 1.761, Train_accy 72.21, Test_curr_accy 82.75, Test_accy 82.75
anchor samples found
2025-12-15 22:22:14,427 [asp.py] => Task 0, Epoch 6 => Loss 1.737, Train_accy 72.70, Test_curr_accy 81.41, Test_accy 81.41
anchor samples found
2025-12-15 22:28:24,127 [asp.py] => Task 0, Epoch 7 => Loss 1.724, Train_accy 72.86, Test_curr_accy 82.54, Test_accy 82.54
anchor samples found
2025-12-15 22:34:29,404 [asp.py] => Task 0, Epoch 8 => Loss 1.711, Train_accy 73.40, Test_curr_accy 82.00, Test_accy 82.00
anchor samples found
2025-12-15 22:40:37,124 [asp.py] => Task 0, Epoch 9 => Loss 1.657, Train_accy 73.84, Test_curr_accy 81.14, Test_accy 81.14
anchor samples found
2025-12-15 22:46:42,809 [asp.py] => Task 0, Epoch 10 => Loss 1.632, Train_accy 73.38, Test_curr_accy 82.30, Test_accy 82.30
anchor samples found
2025-12-15 22:52:48,455 [asp.py] => Task 0, Epoch 11 => Loss 1.629, Train_accy 73.59, Test_curr_accy 83.57, Test_accy 83.57
anchor samples found
2025-12-15 22:58:52,844 [asp.py] => Task 0, Epoch 12 => Loss 1.578, Train_accy 74.34, Test_curr_accy 83.68, Test_accy 83.68
anchor samples found
2025-12-15 23:04:56,925 [asp.py] => Task 0, Epoch 13 => Loss 1.591, Train_accy 74.60, Test_curr_accy 82.30, Test_accy 82.30
anchor samples found
2025-12-15 23:11:02,822 [asp.py] => Task 0, Epoch 14 => Loss 1.559, Train_accy 74.98, Test_curr_accy 83.74, Test_accy 83.74
anchor samples found
2025-12-15 23:17:07,807 [asp.py] => Task 0, Epoch 15 => Loss 1.532, Train_accy 75.17, Test_curr_accy 83.33, Test_accy 83.33
anchor samples found
2025-12-15 23:23:15,989 [asp.py] => Task 0, Epoch 16 => Loss 1.506, Train_accy 75.65, Test_curr_accy 83.81, Test_accy 83.81
anchor samples found
2025-12-15 23:29:22,813 [asp.py] => Task 0, Epoch 17 => Loss 1.499, Train_accy 75.58, Test_curr_accy 83.92, Test_accy 83.92
anchor samples found
2025-12-15 23:35:26,666 [asp.py] => Task 0, Epoch 18 => Loss 1.450, Train_accy 76.98, Test_curr_accy 84.09, Test_accy 84.09
anchor samples found
2025-12-15 23:41:33,878 [asp.py] => Task 0, Epoch 19 => Loss 1.461, Train_accy 76.42, Test_curr_accy 84.02, Test_accy 84.02
anchor samples found
2025-12-15 23:47:41,862 [asp.py] => Task 0, Epoch 20 => Loss 1.426, Train_accy 76.77, Test_curr_accy 84.05, Test_accy 84.05
2025-12-15 23:50:36,432 [trainer.py] => CNN: {'total': 81.17, '00-99': 81.17, '100-109': 74.0, '110-119': 76.0, '120-129': 84.0, '130-139': 70.0, '140-149': 66.0, '150-159': 62.0, '160-169': 78.0, '170-179': 66.0, '180-189': 50.0, '190-199': 64.0, 'old': 0, 'new': 81.17}
2025-12-15 23:50:36,433 [trainer.py] => Top1 curve: [81.17]
2025-12-15 23:50:36,433 [trainer.py] => Average Accuracy (CNN): 81.17
2025-12-15 23:50:36,436 [trainer.py] => All params: 176654338
2025-12-15 23:50:36,439 [trainer.py] => Trainable params: 5057026
2025-12-15 23:50:36,442 [asp.py] => Learning on 100-110
2025-12-15 23:50:36,468 [asp.py] => training set size: 50, fc construct set size: 50
2025-12-15 23:51:06,385 [trainer.py] => CNN: {'total': 77.97, '00-99': 80.83, '100-109': 56.56, '110-119': 66.0, '120-129': 76.0, '130-139': 66.0, '140-149': 70.0, '150-159': 60.0, '160-169': 68.0, '170-179': 54.0, '180-189': 52.0, '190-199': 74.0, 'old': 80.83, 'new': 56.56}
2025-12-15 23:51:06,386 [trainer.py] => Top1 curve: [81.17, 77.97]
2025-12-15 23:51:06,386 [trainer.py] => Average Accuracy (CNN): 79.57
2025-12-15 23:51:06,390 [trainer.py] => All params: 176662018
2025-12-15 23:51:06,392 [trainer.py] => Trainable params: 5064706
2025-12-15 23:51:06,395 [asp.py] => Learning on 110-120
2025-12-15 23:51:06,418 [asp.py] => training set size: 50, fc construct set size: 50
2025-12-15 23:51:37,866 [trainer.py] => CNN: {'total': 76.85, '00-99': 80.66, '100-109': 55.53, '110-119': 67.24, '120-129': 84.0, '130-139': 72.0, '140-149': 62.0, '150-159': 62.0, '160-169': 76.0, '170-179': 62.0, '180-189': 58.0, '190-199': 78.0, 'old': 77.7, 'new': 67.24}
2025-12-15 23:51:37,867 [trainer.py] => Top1 curve: [81.17, 77.97, 76.85]
2025-12-15 23:51:37,867 [trainer.py] => Average Accuracy (CNN): 78.66
2025-12-15 23:51:37,870 [trainer.py] => All params: 176669698
2025-12-15 23:51:37,872 [trainer.py] => Trainable params: 5072386
2025-12-15 23:51:37,876 [asp.py] => Learning on 120-130
2025-12-15 23:51:37,897 [asp.py] => training set size: 50, fc construct set size: 50
2025-12-15 23:52:11,431 [trainer.py] => CNN: {'total': 76.46, '00-99': 80.35, '100-109': 55.53, '110-119': 67.24, '120-129': 74.22, '130-139': 78.0, '140-149': 68.0, '150-159': 60.0, '160-169': 70.0, '170-179': 66.0, '180-189': 62.0, '190-199': 56.0, 'old': 76.6, 'new': 74.22}
2025-12-15 23:52:11,431 [trainer.py] => Top1 curve: [81.17, 77.97, 76.85, 76.46]
2025-12-15 23:52:11,431 [trainer.py] => Average Accuracy (CNN): 78.11
2025-12-15 23:52:11,434 [trainer.py] => All params: 176677378
2025-12-15 23:52:11,436 [trainer.py] => Trainable params: 5080066
2025-12-15 23:52:11,439 [asp.py] => Learning on 130-140
2025-12-15 23:52:11,459 [asp.py] => training set size: 50, fc construct set size: 50
2025-12-15 23:52:45,844 [trainer.py] => CNN: {'total': 75.34, '00-99': 79.94, '100-109': 55.27, '110-119': 67.24, '120-129': 74.22, '130-139': 67.21, '140-149': 68.0, '150-159': 62.0, '160-169': 64.0, '170-179': 66.0, '180-189': 64.0, '190-199': 66.0, 'old': 76.12, 'new': 67.21}
2025-12-15 23:52:45,845 [trainer.py] => Top1 curve: [81.17, 77.97, 76.85, 76.46, 75.34]
2025-12-15 23:52:45,845 [trainer.py] => Average Accuracy (CNN): 77.56
2025-12-15 23:52:45,848 [trainer.py] => All params: 176685058
2025-12-15 23:52:45,851 [trainer.py] => Trainable params: 5087746
2025-12-15 23:52:45,854 [asp.py] => Learning on 140-150
2025-12-15 23:52:45,874 [asp.py] => training set size: 50, fc construct set size: 50
2025-12-15 23:53:20,783 [trainer.py] => CNN: {'total': 74.92, '00-99': 79.8, '100-109': 55.27, '110-119': 66.89, '120-129': 74.22, '130-139': 66.94, '140-149': 71.47, '150-159': 76.0, '160-169': 84.0, '170-179': 60.0, '180-189': 66.0, '190-199': 64.0, 'old': 75.2, 'new': 71.47}
2025-12-15 23:53:20,784 [trainer.py] => Top1 curve: [81.17, 77.97, 76.85, 76.46, 75.34, 74.92]
2025-12-15 23:53:20,784 [trainer.py] => Average Accuracy (CNN): 77.12
2025-12-15 23:53:20,786 [trainer.py] => All params: 176692738
2025-12-15 23:53:20,789 [trainer.py] => Trainable params: 5095426
2025-12-15 23:53:20,792 [asp.py] => Learning on 150-160
2025-12-15 23:53:20,809 [asp.py] => training set size: 50, fc construct set size: 50
2025-12-15 23:53:59,499 [trainer.py] => CNN: {'total': 73.53, '00-99': 79.46, '100-109': 55.27, '110-119': 66.21, '120-129': 74.22, '130-139': 66.94, '140-149': 71.17, '150-159': 55.02, '160-169': 76.0, '170-179': 66.0, '180-189': 68.0, '190-199': 60.0, 'old': 74.64, 'new': 55.02}
2025-12-15 23:53:59,500 [trainer.py] => Top1 curve: [81.17, 77.97, 76.85, 76.46, 75.34, 74.92, 73.53]
2025-12-15 23:53:59,500 [trainer.py] => Average Accuracy (CNN): 76.61
2025-12-15 23:53:59,503 [trainer.py] => All params: 176700418
2025-12-15 23:53:59,506 [trainer.py] => Trainable params: 5103106
2025-12-15 23:53:59,509 [asp.py] => Learning on 160-170
2025-12-15 23:53:59,528 [asp.py] => training set size: 50, fc construct set size: 50
2025-12-15 23:54:37,197 [trainer.py] => CNN: {'total': 73.2, '00-99': 79.08, '100-109': 55.01, '110-119': 65.87, '120-129': 73.78, '130-139': 66.67, '140-149': 71.17, '150-159': 53.9, '160-169': 73.71, '170-179': 68.0, '180-189': 60.0, '190-199': 68.0, 'old': 73.16, 'new': 73.71}
2025-12-15 23:54:37,198 [trainer.py] => Top1 curve: [81.17, 77.97, 76.85, 76.46, 75.34, 74.92, 73.53, 73.2]
2025-12-15 23:54:37,198 [trainer.py] => Average Accuracy (CNN): 76.18
2025-12-15 23:54:37,201 [trainer.py] => All params: 176708098
2025-12-15 23:54:37,204 [trainer.py] => Trainable params: 5110786
2025-12-15 23:54:37,207 [asp.py] => Learning on 170-180
2025-12-15 23:54:37,224 [asp.py] => training set size: 50, fc construct set size: 50
2025-12-15 23:55:15,806 [trainer.py] => CNN: {'total': 71.97, '00-99': 78.94, '100-109': 54.24, '110-119': 65.19, '120-129': 73.78, '130-139': 66.67, '140-149': 71.17, '150-159': 53.9, '160-169': 72.9, '170-179': 54.97, '180-189': 54.0, '190-199': 68.0, 'old': 72.97, 'new': 54.97}
2025-12-15 23:55:15,807 [trainer.py] => Top1 curve: [81.17, 77.97, 76.85, 76.46, 75.34, 74.92, 73.53, 73.2, 71.97]
2025-12-15 23:55:15,807 [trainer.py] => Average Accuracy (CNN): 75.71
2025-12-15 23:55:15,809 [trainer.py] => All params: 176715778
2025-12-15 23:55:15,812 [trainer.py] => Trainable params: 5118466
2025-12-15 23:55:15,815 [asp.py] => Learning on 180-190
2025-12-15 23:55:15,829 [asp.py] => training set size: 50, fc construct set size: 50
2025-12-15 23:55:56,482 [trainer.py] => CNN: {'total': 70.99, '00-99': 78.88, '100-109': 54.24, '110-119': 63.82, '120-129': 73.78, '130-139': 66.67, '140-149': 71.17, '150-159': 53.9, '160-169': 72.9, '170-179': 53.97, '180-189': 52.12, '190-199': 60.0, 'old': 71.81, 'new': 52.12}
2025-12-15 23:55:56,483 [trainer.py] => Top1 curve: [81.17, 77.97, 76.85, 76.46, 75.34, 74.92, 73.53, 73.2, 71.97, 70.99]
2025-12-15 23:55:56,483 [trainer.py] => Average Accuracy (CNN): 75.24
2025-12-15 23:55:56,486 [trainer.py] => All params: 176723458
2025-12-15 23:55:56,489 [trainer.py] => Trainable params: 5126146
2025-12-15 23:55:56,493 [asp.py] => Learning on 190-200
2025-12-15 23:55:56,506 [asp.py] => training set size: 50, fc construct set size: 50
2025-12-15 23:56:38,417 [trainer.py] => CNN: {'total': 71.0, '00-99': 78.84, '100-109': 53.73, '110-119': 63.82, '120-129': 73.33, '130-139': 66.67, '140-149': 71.17, '150-159': 53.9, '160-169': 72.63, '170-179': 52.98, '180-189': 52.12, '190-199': 73.84, 'old': 70.85, 'new': 73.84}
2025-12-15 23:56:38,417 [trainer.py] => Top1 curve: [81.17, 77.97, 76.85, 76.46, 75.34, 74.92, 73.53, 73.2, 71.97, 70.99, 71.0]
2025-12-15 23:56:38,417 [trainer.py] => Average Accuracy (CNN): 74.85

================================================================================
Finished imagenetr_init100_inc10: pretrained_vit_b16_224_vpt  
Base Accuracy: 81.17
Lase Accuracy: 71.0
Average Accuracy (Top1): 74.85
PD: 10.17
Backward Transfer (BWT): -1.45
Forward Transfer (FWT): 23.89
Accuracy Matrix (CNN):
[[81.17 74.   76.   84.   70.   66.   62.   78.   66.   50.   64.  ]
 [80.83 56.56 66.   76.   66.   70.   60.   68.   54.   52.   74.  ]
 [80.66 55.53 67.24 84.   72.   62.   62.   76.   62.   58.   78.  ]
 [80.35 55.53 67.24 74.22 78.   68.   60.   70.   66.   62.   56.  ]
 [79.94 55.27 67.24 74.22 67.21 68.   62.   64.   66.   64.   66.  ]
 [79.8  55.27 66.89 74.22 66.94 71.47 76.   84.   60.   66.   64.  ]
 [79.46 55.27 66.21 74.22 66.94 71.17 55.02 76.   66.   68.   60.  ]
 [79.08 55.01 65.87 73.78 66.67 71.17 53.9  73.71 68.   60.   68.  ]
 [78.94 54.24 65.19 73.78 66.67 71.17 53.9  72.9  54.97 54.   68.  ]
 [78.88 54.24 63.82 73.78 66.67 71.17 53.9  72.9  53.97 52.12 60.  ]
 [78.84 53.73 63.82 73.33 66.67 71.17 53.9  72.63 52.98 52.12 73.84]]
================================================================================

2025-12-15 09:32:30,457 [trainer.py] => config: ./scripts/asp_mini_B60_Inc2.json
2025-12-15 09:32:30,457 [trainer.py] => model_name: asp
2025-12-15 09:32:30,457 [trainer.py] => backbone_type: pretrained_vit_b16_224_vpt
2025-12-15 09:32:30,457 [trainer.py] => device: [device(type='cuda', index=1)]
2025-12-15 09:32:30,457 [trainer.py] => seed: 2025
2025-12-15 09:32:30,457 [trainer.py] => dataset: mini_imagenet
2025-12-15 09:32:30,457 [trainer.py] => init_cls: 60
2025-12-15 09:32:30,458 [trainer.py] => increment: 2
2025-12-15 09:32:30,458 [trainer.py] => kshot: 5
2025-12-15 09:32:30,458 [trainer.py] => vpt_type: Deep
2025-12-15 09:32:30,458 [trainer.py] => prompt_token_num: 6
2025-12-15 09:32:30,458 [trainer.py] => avg_alpha: 0.8
2025-12-15 09:32:30,458 [trainer.py] => perturb_var: 1
2025-12-15 09:32:30,458 [trainer.py] => EMA_beta: 0.99
2025-12-15 09:32:30,458 [trainer.py] => anchor_lambda: 0.1
2025-12-15 09:32:30,458 [trainer.py] => kl_weight: 0.001
2025-12-15 09:32:30,458 [trainer.py] => TIP_init: zero
2025-12-15 09:32:30,458 [trainer.py] => tuned_epoch: 20
2025-12-15 09:32:30,458 [trainer.py] => fs_epoch: 0
2025-12-15 09:32:30,458 [trainer.py] => init_lr: 0.01
2025-12-15 09:32:30,458 [trainer.py] => fs_lr: 0.001
2025-12-15 09:32:30,458 [trainer.py] => batch_size: 48
2025-12-15 09:32:30,458 [trainer.py] => fs_batch_size: 16
2025-12-15 09:32:30,458 [trainer.py] => weight_decay: 0.0005
2025-12-15 09:32:30,458 [trainer.py] => min_lr: 0
2025-12-15 09:32:30,458 [trainer.py] => optimizer: sgd
2025-12-15 09:32:30,458 [trainer.py] => memory_size: 0
2025-12-15 09:32:30,458 [trainer.py] => memory_per_class: 0
2025-12-15 09:32:30,458 [trainer.py] => fixed_memory: False
2025-12-15 09:32:30,458 [trainer.py] => shuffle: True
2025-12-15 09:32:30,458 [trainer.py] => top_k: 5
2025-12-15 09:32:30,458 [trainer.py] => base_model_path: saved_model/asp/mini_imagenet/60_2/asp_20_2025_pretrained_vit_b16_224_vpt.pth
2025-12-15 09:32:30,458 [trainer.py] => prefix: asp
2025-12-15 09:32:30,458 [trainer.py] => model_prefix: asp
2025-12-15 09:32:30,458 [trainer.py] => gpu_models: ['NVIDIA A40']
2025-12-15 09:32:30,596 [data_manager.py] => [49, 77, 61, 69, 6, 95, 68, 19, 2, 5, 96, 89, 57, 63, 72, 99, 59, 1, 79, 20, 26, 47, 46, 48, 92, 29, 0, 14, 30, 43, 74, 97, 11, 86, 35, 28, 4, 58, 90, 51, 85, 44, 60, 71, 34, 91, 9, 18, 21, 39, 81, 54, 8, 50, 15, 24, 88, 87, 38, 7, 56, 65, 37, 55, 80, 66, 52, 31, 70, 53, 42, 36, 41, 13, 27, 73, 33, 93, 45, 75, 17, 25, 3, 64, 16, 84, 23, 40, 78, 10, 22, 32, 12, 83, 67, 76, 98, 82, 94, 62]
This is for the BaseNet initialization.
modelname, pretrained_vit_b16_224_vpt basicmodelname vit_base_patch16_224
Using VPT model
Using Deep Prompt
After BaseNet initialization.
2025-12-15 09:32:35,983 [trainer.py] => All params: 173672961
2025-12-15 09:32:35,984 [trainer.py] => Trainable params: 2075649
2025-12-15 09:32:36,124 [asp.py] => Learning on 0-60
2025-12-15 09:32:36,160 [asp.py] => training set size: 30000, fc construct set size: 30000
anchor samples found
2025-12-15 09:46:42,475 [asp.py] => Task 0, Epoch 1 => Loss 3.196, Train_accy 52.48, Test_curr_accy 96.07, Test_accy 96.07
anchor samples found
2025-12-15 10:00:47,827 [asp.py] => Task 0, Epoch 2 => Loss 0.692, Train_accy 88.61, Test_curr_accy 96.92, Test_accy 96.92
anchor samples found
2025-12-15 10:14:53,171 [asp.py] => Task 0, Epoch 3 => Loss 0.607, Train_accy 89.30, Test_curr_accy 96.93, Test_accy 96.93
anchor samples found
2025-12-15 10:28:59,023 [asp.py] => Task 0, Epoch 4 => Loss 0.551, Train_accy 89.87, Test_curr_accy 97.12, Test_accy 97.12
anchor samples found
2025-12-15 10:43:04,555 [asp.py] => Task 0, Epoch 5 => Loss 0.520, Train_accy 90.54, Test_curr_accy 97.13, Test_accy 97.13
anchor samples found
2025-12-15 10:57:10,763 [asp.py] => Task 0, Epoch 6 => Loss 0.505, Train_accy 90.45, Test_curr_accy 97.22, Test_accy 97.22
anchor samples found
2025-12-15 11:11:16,618 [asp.py] => Task 0, Epoch 7 => Loss 0.489, Train_accy 90.89, Test_curr_accy 97.23, Test_accy 97.23
anchor samples found
2025-12-15 11:25:21,665 [asp.py] => Task 0, Epoch 8 => Loss 0.467, Train_accy 91.08, Test_curr_accy 97.12, Test_accy 97.12
anchor samples found
2025-12-15 11:39:27,321 [asp.py] => Task 0, Epoch 9 => Loss 0.458, Train_accy 91.19, Test_curr_accy 97.42, Test_accy 97.42
anchor samples found
2025-12-15 11:53:32,371 [asp.py] => Task 0, Epoch 10 => Loss 0.456, Train_accy 91.30, Test_curr_accy 97.40, Test_accy 97.40
anchor samples found
2025-12-15 12:07:37,858 [asp.py] => Task 0, Epoch 11 => Loss 0.452, Train_accy 91.23, Test_curr_accy 97.33, Test_accy 97.33
anchor samples found
2025-12-15 12:21:44,172 [asp.py] => Task 0, Epoch 12 => Loss 0.460, Train_accy 91.28, Test_curr_accy 97.42, Test_accy 97.42
anchor samples found
2025-12-15 12:35:50,062 [asp.py] => Task 0, Epoch 13 => Loss 0.444, Train_accy 91.58, Test_curr_accy 97.43, Test_accy 97.43
anchor samples found
2025-12-15 12:49:55,916 [asp.py] => Task 0, Epoch 14 => Loss 0.441, Train_accy 91.49, Test_curr_accy 97.47, Test_accy 97.47
anchor samples found
2025-12-15 13:04:01,626 [asp.py] => Task 0, Epoch 15 => Loss 0.438, Train_accy 91.48, Test_curr_accy 97.32, Test_accy 97.32
anchor samples found
2025-12-15 13:18:07,930 [asp.py] => Task 0, Epoch 16 => Loss 0.430, Train_accy 91.60, Test_curr_accy 97.48, Test_accy 97.48
anchor samples found
2025-12-15 13:32:14,007 [asp.py] => Task 0, Epoch 17 => Loss 0.418, Train_accy 91.98, Test_curr_accy 97.37, Test_accy 97.37
anchor samples found
2025-12-15 13:46:20,278 [asp.py] => Task 0, Epoch 18 => Loss 0.427, Train_accy 91.68, Test_curr_accy 97.50, Test_accy 97.50
anchor samples found
2025-12-15 14:00:26,065 [asp.py] => Task 0, Epoch 19 => Loss 0.427, Train_accy 91.73, Test_curr_accy 97.48, Test_accy 97.48
anchor samples found
2025-12-15 14:14:31,633 [asp.py] => Task 0, Epoch 20 => Loss 0.421, Train_accy 91.82, Test_curr_accy 97.48, Test_accy 97.48
2025-12-15 14:20:02,050 [trainer.py] => CNN: {'total': 96.58, '00-59': 96.58, '60-61': 80.0, '62-63': 60.0, '64-65': 90.0, '66-67': 80.0, '68-69': 90.0, '70-71': 90.0, '72-73': 70.0, '74-75': 70.0, '76-77': 90.0, '78-79': 90.0, '80-81': 80.0, '82-83': 100.0, '84-85': 90.0, '86-87': 90.0, '88-89': 100.0, '90-91': 70.0, '92-93': 80.0, '94-95': 90.0, '96-97': 80.0, '98-99': 90.0, 'old': 0, 'new': 96.58}
2025-12-15 14:20:02,051 [trainer.py] => Top1 curve: [96.58]
2025-12-15 14:20:02,051 [trainer.py] => Average Accuracy (CNN): 96.58
2025-12-15 14:20:02,054 [trainer.py] => All params: 173719042
2025-12-15 14:20:02,057 [trainer.py] => Trainable params: 2121730
2025-12-15 14:20:02,059 [asp.py] => Learning on 60-62
2025-12-15 14:20:02,090 [asp.py] => training set size: 10, fc construct set size: 10
2025-12-15 14:20:41,874 [trainer.py] => CNN: {'total': 96.39, '00-59': 96.57, '60-61': 91.0, '62-63': 90.0, '64-65': 100.0, '66-67': 90.0, '68-69': 90.0, '70-71': 80.0, '72-73': 90.0, '74-75': 90.0, '76-77': 100.0, '78-79': 80.0, '80-81': 80.0, '82-83': 80.0, '84-85': 100.0, '86-87': 90.0, '88-89': 100.0, '90-91': 90.0, '92-93': 80.0, '94-95': 80.0, '96-97': 90.0, '98-99': 70.0, 'old': 96.57, 'new': 91.0}
2025-12-15 14:20:41,874 [trainer.py] => Top1 curve: [96.58, 96.39]
2025-12-15 14:20:41,874 [trainer.py] => Average Accuracy (CNN): 96.48
2025-12-15 14:20:41,876 [trainer.py] => All params: 173720578
2025-12-15 14:20:41,878 [trainer.py] => Trainable params: 2123266
2025-12-15 14:20:41,880 [asp.py] => Learning on 62-64
2025-12-15 14:20:41,904 [asp.py] => training set size: 10, fc construct set size: 10
2025-12-15 14:21:22,290 [trainer.py] => CNN: {'total': 95.38, '00-59': 96.48, '60-61': 91.0, '62-63': 66.5, '64-65': 80.0, '66-67': 90.0, '68-69': 100.0, '70-71': 80.0, '72-73': 80.0, '74-75': 80.0, '76-77': 100.0, '78-79': 90.0, '80-81': 90.0, '82-83': 100.0, '84-85': 100.0, '86-87': 100.0, '88-89': 100.0, '90-91': 90.0, '92-93': 80.0, '94-95': 90.0, '96-97': 90.0, '98-99': 80.0, 'old': 96.31, 'new': 66.5}
2025-12-15 14:21:22,290 [trainer.py] => Top1 curve: [96.58, 96.39, 95.38]
2025-12-15 14:21:22,290 [trainer.py] => Average Accuracy (CNN): 96.12
2025-12-15 14:21:22,292 [trainer.py] => All params: 173722114
2025-12-15 14:21:22,292 [trainer.py] => Trainable params: 2124802
2025-12-15 14:21:22,294 [asp.py] => Learning on 64-66
2025-12-15 14:21:22,316 [asp.py] => training set size: 10, fc construct set size: 10
2025-12-15 14:22:03,595 [trainer.py] => CNN: {'total': 95.2, '00-59': 96.43, '60-61': 91.0, '62-63': 66.5, '64-65': 91.0, '66-67': 90.0, '68-69': 90.0, '70-71': 60.0, '72-73': 70.0, '74-75': 90.0, '76-77': 100.0, '78-79': 90.0, '80-81': 80.0, '82-83': 90.0, '84-85': 100.0, '86-87': 90.0, '88-89': 90.0, '90-91': 100.0, '92-93': 70.0, '94-95': 100.0, '96-97': 90.0, '98-99': 80.0, 'old': 95.33, 'new': 91.0}
2025-12-15 14:22:03,596 [trainer.py] => Top1 curve: [96.58, 96.39, 95.38, 95.2]
2025-12-15 14:22:03,596 [trainer.py] => Average Accuracy (CNN): 95.89
2025-12-15 14:22:03,598 [trainer.py] => All params: 173723650
2025-12-15 14:22:03,600 [trainer.py] => Trainable params: 2126338
2025-12-15 14:22:03,602 [asp.py] => Learning on 66-68
2025-12-15 14:22:03,626 [asp.py] => training set size: 10, fc construct set size: 10
2025-12-15 14:22:45,962 [trainer.py] => CNN: {'total': 95.07, '00-59': 96.4, '60-61': 91.0, '62-63': 66.5, '64-65': 90.5, '66-67': 92.5, '68-69': 100.0, '70-71': 90.0, '72-73': 90.0, '74-75': 100.0, '76-77': 100.0, '78-79': 90.0, '80-81': 90.0, '82-83': 90.0, '84-85': 90.0, '86-87': 90.0, '88-89': 80.0, '90-91': 60.0, '92-93': 100.0, '94-95': 80.0, '96-97': 100.0, '98-99': 80.0, 'old': 95.15, 'new': 92.5}
2025-12-15 14:22:45,962 [trainer.py] => Top1 curve: [96.58, 96.39, 95.38, 95.2, 95.07]
2025-12-15 14:22:45,963 [trainer.py] => Average Accuracy (CNN): 95.72
2025-12-15 14:22:45,965 [trainer.py] => All params: 173725186
2025-12-15 14:22:45,967 [trainer.py] => Trainable params: 2127874
2025-12-15 14:22:45,969 [asp.py] => Learning on 68-70
2025-12-15 14:22:45,992 [asp.py] => training set size: 10, fc construct set size: 10
2025-12-15 14:23:29,185 [trainer.py] => CNN: {'total': 95.07, '00-59': 96.38, '60-61': 91.0, '62-63': 66.5, '64-65': 90.5, '66-67': 92.5, '68-69': 95.5, '70-71': 90.0, '72-73': 80.0, '74-75': 90.0, '76-77': 100.0, '78-79': 80.0, '80-81': 70.0, '82-83': 100.0, '84-85': 80.0, '86-87': 90.0, '88-89': 80.0, '90-91': 60.0, '92-93': 90.0, '94-95': 100.0, '96-97': 90.0, '98-99': 60.0, 'old': 95.06, 'new': 95.5}
2025-12-15 14:23:29,186 [trainer.py] => Top1 curve: [96.58, 96.39, 95.38, 95.2, 95.07, 95.07]
2025-12-15 14:23:29,186 [trainer.py] => Average Accuracy (CNN): 95.62
2025-12-15 14:23:29,189 [trainer.py] => All params: 173726722
2025-12-15 14:23:29,191 [trainer.py] => Trainable params: 2129410
2025-12-15 14:23:29,193 [asp.py] => Learning on 70-72
2025-12-15 14:23:29,217 [asp.py] => training set size: 10, fc construct set size: 10
2025-12-15 14:24:13,352 [trainer.py] => CNN: {'total': 94.54, '00-59': 96.37, '60-61': 91.0, '62-63': 65.5, '64-65': 90.5, '66-67': 92.5, '68-69': 95.5, '70-71': 77.5, '72-73': 70.0, '74-75': 100.0, '76-77': 100.0, '78-79': 80.0, '80-81': 100.0, '82-83': 80.0, '84-85': 100.0, '86-87': 100.0, '88-89': 80.0, '90-91': 90.0, '92-93': 90.0, '94-95': 90.0, '96-97': 80.0, '98-99': 90.0, 'old': 95.03, 'new': 77.5}
2025-12-15 14:24:13,353 [trainer.py] => Top1 curve: [96.58, 96.39, 95.38, 95.2, 95.07, 95.07, 94.54]
2025-12-15 14:24:13,353 [trainer.py] => Average Accuracy (CNN): 95.46
2025-12-15 14:24:13,355 [trainer.py] => All params: 173728258
2025-12-15 14:24:13,357 [trainer.py] => Trainable params: 2130946
2025-12-15 14:24:13,359 [asp.py] => Learning on 72-74
2025-12-15 14:24:13,378 [asp.py] => training set size: 10, fc construct set size: 10
2025-12-15 14:24:58,658 [trainer.py] => CNN: {'total': 94.51, '00-59': 96.37, '60-61': 91.0, '62-63': 65.0, '64-65': 90.5, '66-67': 92.5, '68-69': 95.5, '70-71': 77.5, '72-73': 94.0, '74-75': 90.0, '76-77': 100.0, '78-79': 80.0, '80-81': 100.0, '82-83': 90.0, '84-85': 90.0, '86-87': 90.0, '88-89': 80.0, '90-91': 80.0, '92-93': 90.0, '94-95': 90.0, '96-97': 80.0, '98-99': 80.0, 'old': 94.53, 'new': 94.0}
2025-12-15 14:24:58,658 [trainer.py] => Top1 curve: [96.58, 96.39, 95.38, 95.2, 95.07, 95.07, 94.54, 94.51]
2025-12-15 14:24:58,658 [trainer.py] => Average Accuracy (CNN): 95.34
2025-12-15 14:24:58,661 [trainer.py] => All params: 173729794
2025-12-15 14:24:58,663 [trainer.py] => Trainable params: 2132482
2025-12-15 14:24:58,665 [asp.py] => Learning on 74-76
2025-12-15 14:24:58,685 [asp.py] => training set size: 10, fc construct set size: 10
2025-12-15 14:25:44,541 [trainer.py] => CNN: {'total': 94.49, '00-59': 96.37, '60-61': 91.0, '62-63': 65.0, '64-65': 90.5, '66-67': 92.5, '68-69': 95.5, '70-71': 77.5, '72-73': 94.0, '74-75': 93.5, '76-77': 100.0, '78-79': 80.0, '80-81': 90.0, '82-83': 70.0, '84-85': 90.0, '86-87': 80.0, '88-89': 90.0, '90-91': 70.0, '92-93': 70.0, '94-95': 90.0, '96-97': 90.0, '98-99': 100.0, 'old': 94.51, 'new': 93.5}
2025-12-15 14:25:44,541 [trainer.py] => Top1 curve: [96.58, 96.39, 95.38, 95.2, 95.07, 95.07, 94.54, 94.51, 94.49]
2025-12-15 14:25:44,541 [trainer.py] => Average Accuracy (CNN): 95.25
2025-12-15 14:25:44,544 [trainer.py] => All params: 173731330
2025-12-15 14:25:44,546 [trainer.py] => Trainable params: 2134018
2025-12-15 14:25:44,548 [asp.py] => Learning on 76-78
2025-12-15 14:25:44,568 [asp.py] => training set size: 10, fc construct set size: 10
2025-12-15 14:26:31,462 [trainer.py] => CNN: {'total': 94.59, '00-59': 96.37, '60-61': 91.0, '62-63': 65.0, '64-65': 90.5, '66-67': 92.5, '68-69': 95.5, '70-71': 77.5, '72-73': 94.0, '74-75': 93.5, '76-77': 98.5, '78-79': 90.0, '80-81': 90.0, '82-83': 90.0, '84-85': 90.0, '86-87': 100.0, '88-89': 90.0, '90-91': 70.0, '92-93': 90.0, '94-95': 80.0, '96-97': 100.0, '98-99': 90.0, 'old': 94.49, 'new': 98.5}
2025-12-15 14:26:31,463 [trainer.py] => Top1 curve: [96.58, 96.39, 95.38, 95.2, 95.07, 95.07, 94.54, 94.51, 94.49, 94.59]
2025-12-15 14:26:31,463 [trainer.py] => Average Accuracy (CNN): 95.18
2025-12-15 14:26:31,465 [trainer.py] => All params: 173732866
2025-12-15 14:26:31,467 [trainer.py] => Trainable params: 2135554
2025-12-15 14:26:31,470 [asp.py] => Learning on 78-80
2025-12-15 14:26:31,491 [asp.py] => training set size: 10, fc construct set size: 10
2025-12-15 14:27:19,445 [trainer.py] => CNN: {'total': 94.51, '00-59': 96.37, '60-61': 91.0, '62-63': 65.0, '64-65': 90.0, '66-67': 92.5, '68-69': 95.5, '70-71': 77.5, '72-73': 94.0, '74-75': 93.5, '76-77': 98.5, '78-79': 92.0, '80-81': 90.0, '82-83': 80.0, '84-85': 100.0, '86-87': 90.0, '88-89': 100.0, '90-91': 90.0, '92-93': 80.0, '94-95': 100.0, '96-97': 80.0, '98-99': 60.0, 'old': 94.58, 'new': 92.0}
2025-12-15 14:27:19,446 [trainer.py] => Top1 curve: [96.58, 96.39, 95.38, 95.2, 95.07, 95.07, 94.54, 94.51, 94.49, 94.59, 94.51]
2025-12-15 14:27:19,446 [trainer.py] => Average Accuracy (CNN): 95.12
2025-12-15 14:27:19,449 [trainer.py] => All params: 173734402
2025-12-15 14:27:19,452 [trainer.py] => Trainable params: 2137090
2025-12-15 14:27:19,454 [asp.py] => Learning on 80-82
2025-12-15 14:27:19,476 [asp.py] => training set size: 10, fc construct set size: 10
2025-12-15 14:28:08,213 [trainer.py] => CNN: {'total': 94.5, '00-59': 96.35, '60-61': 91.0, '62-63': 65.0, '64-65': 90.0, '66-67': 92.5, '68-69': 95.5, '70-71': 77.5, '72-73': 94.0, '74-75': 93.5, '76-77': 98.5, '78-79': 92.0, '80-81': 94.5, '82-83': 100.0, '84-85': 80.0, '86-87': 100.0, '88-89': 100.0, '90-91': 100.0, '92-93': 90.0, '94-95': 90.0, '96-97': 100.0, '98-99': 90.0, 'old': 94.5, 'new': 94.5}
2025-12-15 14:28:08,214 [trainer.py] => Top1 curve: [96.58, 96.39, 95.38, 95.2, 95.07, 95.07, 94.54, 94.51, 94.49, 94.59, 94.51, 94.5]
2025-12-15 14:28:08,214 [trainer.py] => Average Accuracy (CNN): 95.07
2025-12-15 14:28:08,216 [trainer.py] => All params: 173735938
2025-12-15 14:28:08,218 [trainer.py] => Trainable params: 2138626
2025-12-15 14:28:08,220 [asp.py] => Learning on 82-84
2025-12-15 14:28:08,239 [asp.py] => training set size: 10, fc construct set size: 10
2025-12-15 14:28:57,752 [trainer.py] => CNN: {'total': 94.55, '00-59': 96.32, '60-61': 91.0, '62-63': 65.0, '64-65': 90.0, '66-67': 92.5, '68-69': 95.5, '70-71': 77.5, '72-73': 94.0, '74-75': 93.5, '76-77': 98.5, '78-79': 92.0, '80-81': 94.5, '82-83': 97.5, '84-85': 80.0, '86-87': 100.0, '88-89': 100.0, '90-91': 90.0, '92-93': 80.0, '94-95': 90.0, '96-97': 80.0, '98-99': 90.0, 'old': 94.48, 'new': 97.5}
2025-12-15 14:28:57,752 [trainer.py] => Top1 curve: [96.58, 96.39, 95.38, 95.2, 95.07, 95.07, 94.54, 94.51, 94.49, 94.59, 94.51, 94.5, 94.55]
2025-12-15 14:28:57,752 [trainer.py] => Average Accuracy (CNN): 95.03
2025-12-15 14:28:57,755 [trainer.py] => All params: 173737474
2025-12-15 14:28:57,757 [trainer.py] => Trainable params: 2140162
2025-12-15 14:28:57,759 [asp.py] => Learning on 84-86
2025-12-15 14:28:57,776 [asp.py] => training set size: 10, fc construct set size: 10
2025-12-15 14:29:48,192 [trainer.py] => CNN: {'total': 94.17, '00-59': 96.1, '60-61': 91.0, '62-63': 65.0, '64-65': 90.0, '66-67': 92.5, '68-69': 95.5, '70-71': 77.0, '72-73': 94.0, '74-75': 93.5, '76-77': 98.5, '78-79': 92.0, '80-81': 94.5, '82-83': 97.5, '84-85': 85.5, '86-87': 90.0, '88-89': 90.0, '90-91': 90.0, '92-93': 90.0, '94-95': 90.0, '96-97': 90.0, '98-99': 80.0, 'old': 94.38, 'new': 85.5}
2025-12-15 14:29:48,193 [trainer.py] => Top1 curve: [96.58, 96.39, 95.38, 95.2, 95.07, 95.07, 94.54, 94.51, 94.49, 94.59, 94.51, 94.5, 94.55, 94.17]
2025-12-15 14:29:48,193 [trainer.py] => Average Accuracy (CNN): 94.97
2025-12-15 14:29:48,196 [trainer.py] => All params: 173739010
2025-12-15 14:29:48,198 [trainer.py] => Trainable params: 2141698
2025-12-15 14:29:48,200 [asp.py] => Learning on 86-88
2025-12-15 14:29:48,216 [asp.py] => training set size: 10, fc construct set size: 10
2025-12-15 14:30:39,619 [trainer.py] => CNN: {'total': 94.1, '00-59': 96.08, '60-61': 91.0, '62-63': 65.0, '64-65': 90.0, '66-67': 92.5, '68-69': 95.5, '70-71': 77.0, '72-73': 94.0, '74-75': 93.5, '76-77': 98.5, '78-79': 92.0, '80-81': 94.0, '82-83': 97.5, '84-85': 85.5, '86-87': 92.0, '88-89': 90.0, '90-91': 80.0, '92-93': 70.0, '94-95': 90.0, '96-97': 90.0, '98-99': 90.0, 'old': 94.15, 'new': 92.0}
2025-12-15 14:30:39,620 [trainer.py] => Top1 curve: [96.58, 96.39, 95.38, 95.2, 95.07, 95.07, 94.54, 94.51, 94.49, 94.59, 94.51, 94.5, 94.55, 94.17, 94.1]
2025-12-15 14:30:39,620 [trainer.py] => Average Accuracy (CNN): 94.91
2025-12-15 14:30:39,623 [trainer.py] => All params: 173740546
2025-12-15 14:30:39,625 [trainer.py] => Trainable params: 2143234
2025-12-15 14:30:39,627 [asp.py] => Learning on 88-90
2025-12-15 14:30:39,644 [asp.py] => training set size: 10, fc construct set size: 10
2025-12-15 14:31:32,022 [trainer.py] => CNN: {'total': 94.16, '00-59': 96.08, '60-61': 91.0, '62-63': 65.0, '64-65': 90.0, '66-67': 92.5, '68-69': 95.5, '70-71': 77.0, '72-73': 94.0, '74-75': 93.5, '76-77': 98.5, '78-79': 92.0, '80-81': 94.0, '82-83': 97.5, '84-85': 85.5, '86-87': 92.0, '88-89': 96.5, '90-91': 90.0, '92-93': 80.0, '94-95': 90.0, '96-97': 70.0, '98-99': 90.0, 'old': 94.1, 'new': 96.5}
2025-12-15 14:31:32,023 [trainer.py] => Top1 curve: [96.58, 96.39, 95.38, 95.2, 95.07, 95.07, 94.54, 94.51, 94.49, 94.59, 94.51, 94.5, 94.55, 94.17, 94.1, 94.16]
2025-12-15 14:31:32,023 [trainer.py] => Average Accuracy (CNN): 94.86
2025-12-15 14:31:32,025 [trainer.py] => All params: 173742082
2025-12-15 14:31:32,027 [trainer.py] => Trainable params: 2144770
2025-12-15 14:31:32,030 [asp.py] => Learning on 90-92
2025-12-15 14:31:32,045 [asp.py] => training set size: 10, fc construct set size: 10
2025-12-15 14:32:25,326 [trainer.py] => CNN: {'total': 93.9, '00-59': 96.0, '60-61': 91.0, '62-63': 65.0, '64-65': 90.0, '66-67': 92.5, '68-69': 95.5, '70-71': 76.5, '72-73': 94.0, '74-75': 93.5, '76-77': 98.5, '78-79': 92.0, '80-81': 94.0, '82-83': 97.5, '84-85': 85.5, '86-87': 91.5, '88-89': 96.5, '90-91': 86.0, '92-93': 90.0, '94-95': 100.0, '96-97': 80.0, '98-99': 90.0, 'old': 94.08, 'new': 86.0}
2025-12-15 14:32:25,327 [trainer.py] => Top1 curve: [96.58, 96.39, 95.38, 95.2, 95.07, 95.07, 94.54, 94.51, 94.49, 94.59, 94.51, 94.5, 94.55, 94.17, 94.1, 94.16, 93.9]
2025-12-15 14:32:25,327 [trainer.py] => Average Accuracy (CNN): 94.81
2025-12-15 14:32:25,329 [trainer.py] => All params: 173743618
2025-12-15 14:32:25,331 [trainer.py] => Trainable params: 2146306
2025-12-15 14:32:25,333 [asp.py] => Learning on 92-94
2025-12-15 14:32:25,346 [asp.py] => training set size: 10, fc construct set size: 10
2025-12-15 14:33:19,435 [trainer.py] => CNN: {'total': 93.77, '00-59': 96.0, '60-61': 91.0, '62-63': 65.0, '64-65': 90.0, '66-67': 92.5, '68-69': 95.5, '70-71': 76.5, '72-73': 91.5, '74-75': 93.5, '76-77': 98.5, '78-79': 92.0, '80-81': 93.5, '82-83': 97.5, '84-85': 85.5, '86-87': 91.5, '88-89': 96.0, '90-91': 86.0, '92-93': 91.0, '94-95': 80.0, '96-97': 80.0, '98-99': 70.0, 'old': 93.83, 'new': 91.0}
2025-12-15 14:33:19,435 [trainer.py] => Top1 curve: [96.58, 96.39, 95.38, 95.2, 95.07, 95.07, 94.54, 94.51, 94.49, 94.59, 94.51, 94.5, 94.55, 94.17, 94.1, 94.16, 93.9, 93.77]
2025-12-15 14:33:19,435 [trainer.py] => Average Accuracy (CNN): 94.75
2025-12-15 14:33:19,437 [trainer.py] => All params: 173745154
2025-12-15 14:33:19,439 [trainer.py] => Trainable params: 2147842
2025-12-15 14:33:19,441 [asp.py] => Learning on 94-96
2025-12-15 14:33:19,454 [asp.py] => training set size: 10, fc construct set size: 10
2025-12-15 14:34:14,322 [trainer.py] => CNN: {'total': 93.77, '00-59': 95.98, '60-61': 91.0, '62-63': 65.0, '64-65': 90.0, '66-67': 92.5, '68-69': 95.5, '70-71': 76.5, '72-73': 91.5, '74-75': 93.5, '76-77': 98.5, '78-79': 91.5, '80-81': 93.5, '82-83': 97.5, '84-85': 85.5, '86-87': 91.5, '88-89': 96.0, '90-91': 86.0, '92-93': 91.0, '94-95': 95.0, '96-97': 90.0, '98-99': 70.0, 'old': 93.74, 'new': 95.0}
2025-12-15 14:34:14,322 [trainer.py] => Top1 curve: [96.58, 96.39, 95.38, 95.2, 95.07, 95.07, 94.54, 94.51, 94.49, 94.59, 94.51, 94.5, 94.55, 94.17, 94.1, 94.16, 93.9, 93.77, 93.77]
2025-12-15 14:34:14,322 [trainer.py] => Average Accuracy (CNN): 94.70
2025-12-15 14:34:14,325 [trainer.py] => All params: 173746690
2025-12-15 14:34:14,327 [trainer.py] => Trainable params: 2149378
2025-12-15 14:34:14,329 [asp.py] => Learning on 96-98
2025-12-15 14:34:14,342 [asp.py] => training set size: 10, fc construct set size: 10
2025-12-15 14:35:10,299 [trainer.py] => CNN: {'total': 93.76, '00-59': 95.95, '60-61': 91.0, '62-63': 65.0, '64-65': 88.0, '66-67': 92.5, '68-69': 95.5, '70-71': 76.5, '72-73': 91.5, '74-75': 93.5, '76-77': 98.5, '78-79': 91.5, '80-81': 93.5, '82-83': 97.5, '84-85': 85.5, '86-87': 91.5, '88-89': 96.0, '90-91': 86.0, '92-93': 91.0, '94-95': 95.0, '96-97': 96.0, '98-99': 80.0, 'old': 93.71, 'new': 96.0}
2025-12-15 14:35:10,299 [trainer.py] => Top1 curve: [96.58, 96.39, 95.38, 95.2, 95.07, 95.07, 94.54, 94.51, 94.49, 94.59, 94.51, 94.5, 94.55, 94.17, 94.1, 94.16, 93.9, 93.77, 93.77, 93.76]
2025-12-15 14:35:10,299 [trainer.py] => Average Accuracy (CNN): 94.65
2025-12-15 14:35:10,302 [trainer.py] => All params: 173748226
2025-12-15 14:35:10,304 [trainer.py] => Trainable params: 2150914
2025-12-15 14:35:10,307 [asp.py] => Learning on 98-100
2025-12-15 14:35:10,319 [asp.py] => training set size: 10, fc construct set size: 10
2025-12-15 14:36:06,368 [trainer.py] => CNN: {'total': 93.81, '00-59': 95.93, '60-61': 91.0, '62-63': 65.0, '64-65': 88.0, '66-67': 92.5, '68-69': 95.5, '70-71': 76.5, '72-73': 91.5, '74-75': 93.5, '76-77': 98.5, '78-79': 91.5, '80-81': 93.5, '82-83': 97.5, '84-85': 85.5, '86-87': 91.5, '88-89': 96.0, '90-91': 86.0, '92-93': 91.0, '94-95': 95.0, '96-97': 96.0, '98-99': 97.0, 'old': 93.74, 'new': 97.0}
2025-12-15 14:36:06,369 [trainer.py] => Top1 curve: [96.58, 96.39, 95.38, 95.2, 95.07, 95.07, 94.54, 94.51, 94.49, 94.59, 94.51, 94.5, 94.55, 94.17, 94.1, 94.16, 93.9, 93.77, 93.77, 93.76, 93.81]
2025-12-15 14:36:06,369 [trainer.py] => Average Accuracy (CNN): 94.61

================================================================================
Finished mini_imagenet_init60_inc2: pretrained_vit_b16_224_vpt  
Base Accuracy: 96.58
Lase Accuracy: 93.81
Average Accuracy (Top1): 94.61
PD: 2.77
Backward Transfer (BWT): -0.56
Traceback (most recent call last):
  File "/home/team/zhaohongwei/Code/Research/Awesome-FSCIL/FSCIL-ASP-main/main.py", line 25, in <module>
    main()
  File "/home/team/zhaohongwei/Code/Research/Awesome-FSCIL/FSCIL-ASP-main/main.py", line 11, in main
    train(args)
  File "/home/team/zhaohongwei/Code/Research/Awesome-FSCIL/FSCIL-ASP-main/trainer.py", line 32, in train
    _train(args)
  File "/home/team/zhaohongwei/Code/Research/Awesome-FSCIL/FSCIL-ASP-main/trainer.py", line 160, in _train
    print("Forward Transfer (FWT):", forward_transfer(args["dataset"], np.array(cnn_matrix)))
  File "/home/team/zhaohongwei/Code/Research/Awesome-FSCIL/FSCIL-ASP-main/trainer.py", line 265, in forward_transfer
    fwt_diffs = fwt_accs - rand_init_acc_for_fwt
ValueError: operands could not be broadcast together with shapes (20,) (8,) 
2025-12-15 14:36:09,648 [trainer.py] => config: ./scripts/asp_mini_B60_Inc5.json
2025-12-15 14:36:09,648 [trainer.py] => model_name: asp
2025-12-15 14:36:09,648 [trainer.py] => backbone_type: pretrained_vit_b16_224_vpt
2025-12-15 14:36:09,648 [trainer.py] => device: [device(type='cuda', index=1)]
2025-12-15 14:36:09,648 [trainer.py] => seed: 2025
2025-12-15 14:36:09,648 [trainer.py] => dataset: mini_imagenet
2025-12-15 14:36:09,648 [trainer.py] => init_cls: 60
2025-12-15 14:36:09,648 [trainer.py] => increment: 5
2025-12-15 14:36:09,648 [trainer.py] => kshot: 5
2025-12-15 14:36:09,649 [trainer.py] => vpt_type: Deep
2025-12-15 14:36:09,649 [trainer.py] => prompt_token_num: 6
2025-12-15 14:36:09,649 [trainer.py] => avg_alpha: 0.8
2025-12-15 14:36:09,649 [trainer.py] => perturb_var: 1
2025-12-15 14:36:09,649 [trainer.py] => EMA_beta: 0.99
2025-12-15 14:36:09,649 [trainer.py] => anchor_lambda: 0.1
2025-12-15 14:36:09,649 [trainer.py] => kl_weight: 0.001
2025-12-15 14:36:09,649 [trainer.py] => TIP_init: zero
2025-12-15 14:36:09,649 [trainer.py] => tuned_epoch: 20
2025-12-15 14:36:09,649 [trainer.py] => fs_epoch: 0
2025-12-15 14:36:09,649 [trainer.py] => init_lr: 0.01
2025-12-15 14:36:09,649 [trainer.py] => fs_lr: 0.001
2025-12-15 14:36:09,649 [trainer.py] => batch_size: 48
2025-12-15 14:36:09,649 [trainer.py] => fs_batch_size: 16
2025-12-15 14:36:09,649 [trainer.py] => weight_decay: 0.0005
2025-12-15 14:36:09,649 [trainer.py] => min_lr: 0
2025-12-15 14:36:09,649 [trainer.py] => optimizer: sgd
2025-12-15 14:36:09,649 [trainer.py] => memory_size: 0
2025-12-15 14:36:09,649 [trainer.py] => memory_per_class: 0
2025-12-15 14:36:09,649 [trainer.py] => fixed_memory: False
2025-12-15 14:36:09,649 [trainer.py] => shuffle: True
2025-12-15 14:36:09,649 [trainer.py] => top_k: 5
2025-12-15 14:36:09,649 [trainer.py] => base_model_path: saved_model/asp/mini_imagenet/60_5/asp_20_2025_pretrained_vit_b16_224_vpt.pth
2025-12-15 14:36:09,649 [trainer.py] => prefix: asp
2025-12-15 14:36:09,649 [trainer.py] => model_prefix: asp
2025-12-15 14:36:09,649 [trainer.py] => gpu_models: ['NVIDIA A40']
2025-12-15 14:36:09,786 [data_manager.py] => [49, 77, 61, 69, 6, 95, 68, 19, 2, 5, 96, 89, 57, 63, 72, 99, 59, 1, 79, 20, 26, 47, 46, 48, 92, 29, 0, 14, 30, 43, 74, 97, 11, 86, 35, 28, 4, 58, 90, 51, 85, 44, 60, 71, 34, 91, 9, 18, 21, 39, 81, 54, 8, 50, 15, 24, 88, 87, 38, 7, 56, 65, 37, 55, 80, 66, 52, 31, 70, 53, 42, 36, 41, 13, 27, 73, 33, 93, 45, 75, 17, 25, 3, 64, 16, 84, 23, 40, 78, 10, 22, 32, 12, 83, 67, 76, 98, 82, 94, 62]
This is for the BaseNet initialization.
modelname, pretrained_vit_b16_224_vpt basicmodelname vit_base_patch16_224
Using VPT model
Using Deep Prompt
After BaseNet initialization.
2025-12-15 14:36:14,626 [trainer.py] => All params: 173672961
2025-12-15 14:36:14,627 [trainer.py] => Trainable params: 2075649
2025-12-15 14:36:14,762 [asp.py] => Learning on 0-60
2025-12-15 14:36:14,803 [asp.py] => training set size: 30000, fc construct set size: 30000
anchor samples found
2025-12-15 14:50:17,130 [asp.py] => Task 0, Epoch 1 => Loss 3.265, Train_accy 50.57, Test_curr_accy 96.25, Test_accy 96.25
anchor samples found
2025-12-15 15:04:18,693 [asp.py] => Task 0, Epoch 2 => Loss 0.682, Train_accy 88.96, Test_curr_accy 96.95, Test_accy 96.95
anchor samples found
2025-12-15 15:18:21,291 [asp.py] => Task 0, Epoch 3 => Loss 0.596, Train_accy 89.56, Test_curr_accy 96.98, Test_accy 96.98
anchor samples found
2025-12-15 15:32:24,306 [asp.py] => Task 0, Epoch 4 => Loss 0.543, Train_accy 89.93, Test_curr_accy 97.18, Test_accy 97.18
anchor samples found
2025-12-15 15:46:27,651 [asp.py] => Task 0, Epoch 5 => Loss 0.518, Train_accy 90.61, Test_curr_accy 97.12, Test_accy 97.12
anchor samples found
2025-12-15 16:00:28,744 [asp.py] => Task 0, Epoch 6 => Loss 0.504, Train_accy 90.56, Test_curr_accy 97.18, Test_accy 97.18
anchor samples found
2025-12-15 16:14:29,363 [asp.py] => Task 0, Epoch 7 => Loss 0.489, Train_accy 91.00, Test_curr_accy 97.45, Test_accy 97.45
anchor samples found
2025-12-15 16:28:29,985 [asp.py] => Task 0, Epoch 8 => Loss 0.468, Train_accy 91.06, Test_curr_accy 97.18, Test_accy 97.18
anchor samples found
2025-12-15 16:42:30,367 [asp.py] => Task 0, Epoch 9 => Loss 0.459, Train_accy 91.24, Test_curr_accy 97.30, Test_accy 97.30
anchor samples found
2025-12-15 16:56:32,296 [asp.py] => Task 0, Epoch 10 => Loss 0.454, Train_accy 91.28, Test_curr_accy 97.40, Test_accy 97.40
anchor samples found
2025-12-15 17:10:33,153 [asp.py] => Task 0, Epoch 11 => Loss 0.453, Train_accy 91.22, Test_curr_accy 97.45, Test_accy 97.45
anchor samples found
2025-12-15 17:24:34,509 [asp.py] => Task 0, Epoch 12 => Loss 0.460, Train_accy 91.24, Test_curr_accy 97.48, Test_accy 97.48
anchor samples found
2025-12-15 17:38:35,400 [asp.py] => Task 0, Epoch 13 => Loss 0.443, Train_accy 91.54, Test_curr_accy 97.47, Test_accy 97.47
anchor samples found
2025-12-15 17:52:36,047 [asp.py] => Task 0, Epoch 14 => Loss 0.442, Train_accy 91.51, Test_curr_accy 97.52, Test_accy 97.52
anchor samples found
2025-12-15 18:06:38,732 [asp.py] => Task 0, Epoch 15 => Loss 0.437, Train_accy 91.50, Test_curr_accy 97.37, Test_accy 97.37
anchor samples found
2025-12-15 18:20:41,585 [asp.py] => Task 0, Epoch 16 => Loss 0.431, Train_accy 91.68, Test_curr_accy 97.50, Test_accy 97.50
anchor samples found
2025-12-15 18:34:43,863 [asp.py] => Task 0, Epoch 17 => Loss 0.420, Train_accy 92.06, Test_curr_accy 97.43, Test_accy 97.43
anchor samples found
2025-12-15 18:48:46,480 [asp.py] => Task 0, Epoch 18 => Loss 0.429, Train_accy 91.63, Test_curr_accy 97.45, Test_accy 97.45
anchor samples found
2025-12-15 19:02:49,685 [asp.py] => Task 0, Epoch 19 => Loss 0.427, Train_accy 91.65, Test_curr_accy 97.45, Test_accy 97.45
anchor samples found
2025-12-15 19:16:50,665 [asp.py] => Task 0, Epoch 20 => Loss 0.420, Train_accy 91.86, Test_curr_accy 97.47, Test_accy 97.47
2025-12-15 19:22:22,256 [trainer.py] => CNN: {'total': 96.6, '00-59': 96.6, '60-64': 76.0, '65-69': 84.0, '70-74': 80.0, '75-79': 84.0, '80-84': 96.0, '85-89': 92.0, '90-94': 80.0, '95-99': 88.0, 'old': 0, 'new': 96.6}
2025-12-15 19:22:22,257 [trainer.py] => Top1 curve: [96.6]
2025-12-15 19:22:22,257 [trainer.py] => Average Accuracy (CNN): 96.60
2025-12-15 19:22:22,260 [trainer.py] => All params: 173719042
2025-12-15 19:22:22,262 [trainer.py] => Trainable params: 2121730
2025-12-15 19:22:22,264 [asp.py] => Learning on 60-65
2025-12-15 19:22:22,293 [asp.py] => training set size: 25, fc construct set size: 25
2025-12-15 19:23:03,427 [trainer.py] => CNN: {'total': 95.35, '00-59': 96.45, '60-64': 82.2, '65-69': 92.0, '70-74': 80.0, '75-79': 88.0, '80-84': 84.0, '85-89': 88.0, '90-94': 80.0, '95-99': 76.0, 'old': 96.45, 'new': 82.2}
2025-12-15 19:23:03,428 [trainer.py] => Top1 curve: [96.6, 95.35]
2025-12-15 19:23:03,428 [trainer.py] => Average Accuracy (CNN): 95.97
2025-12-15 19:23:03,430 [trainer.py] => All params: 173722882
2025-12-15 19:23:03,432 [trainer.py] => Trainable params: 2125570
2025-12-15 19:23:03,435 [asp.py] => Learning on 65-70
2025-12-15 19:23:03,459 [asp.py] => training set size: 25, fc construct set size: 25
2025-12-15 19:23:46,958 [trainer.py] => CNN: {'total': 95.13, '00-59': 96.38, '60-64': 81.8, '65-69': 93.4, '70-74': 88.0, '75-79': 88.0, '80-84': 84.0, '85-89': 92.0, '90-94': 88.0, '95-99': 84.0, 'old': 95.26, 'new': 93.4}
2025-12-15 19:23:46,959 [trainer.py] => Top1 curve: [96.6, 95.35, 95.13]
2025-12-15 19:23:46,959 [trainer.py] => Average Accuracy (CNN): 95.69
2025-12-15 19:23:46,962 [trainer.py] => All params: 173726722
2025-12-15 19:23:46,965 [trainer.py] => Trainable params: 2129410
2025-12-15 19:23:46,968 [asp.py] => Learning on 70-75
2025-12-15 19:23:46,994 [asp.py] => training set size: 25, fc construct set size: 25
2025-12-15 19:24:32,731 [trainer.py] => CNN: {'total': 94.64, '00-59': 96.37, '60-64': 81.4, '65-69': 93.4, '70-74': 88.4, '75-79': 84.0, '80-84': 92.0, '85-89': 92.0, '90-94': 72.0, '95-99': 96.0, 'old': 95.09, 'new': 88.4}
2025-12-15 19:24:32,731 [trainer.py] => Top1 curve: [96.6, 95.35, 95.13, 94.64]
2025-12-15 19:24:32,731 [trainer.py] => Average Accuracy (CNN): 95.43
2025-12-15 19:24:32,734 [trainer.py] => All params: 173730562
2025-12-15 19:24:32,736 [trainer.py] => Trainable params: 2133250
2025-12-15 19:24:32,738 [asp.py] => Learning on 75-80
2025-12-15 19:24:32,760 [asp.py] => training set size: 25, fc construct set size: 25
2025-12-15 19:25:20,591 [trainer.py] => CNN: {'total': 94.64, '00-59': 96.37, '60-64': 81.2, '65-69': 93.4, '70-74': 88.4, '75-79': 94.8, '80-84': 88.0, '85-89': 100.0, '90-94': 84.0, '95-99': 84.0, 'old': 94.63, 'new': 94.8}
2025-12-15 19:25:20,592 [trainer.py] => Top1 curve: [96.6, 95.35, 95.13, 94.64, 94.64]
2025-12-15 19:25:20,592 [trainer.py] => Average Accuracy (CNN): 95.27
2025-12-15 19:25:20,595 [trainer.py] => All params: 173734402
2025-12-15 19:25:20,598 [trainer.py] => Trainable params: 2137090
2025-12-15 19:25:20,600 [asp.py] => Learning on 80-85
2025-12-15 19:25:20,623 [asp.py] => training set size: 25, fc construct set size: 25
2025-12-15 19:26:10,569 [trainer.py] => CNN: {'total': 94.71, '00-59': 96.3, '60-64': 81.2, '65-69': 93.4, '70-74': 88.4, '75-79': 94.8, '80-84': 96.6, '85-89': 96.0, '90-94': 92.0, '95-99': 88.0, 'old': 94.59, 'new': 96.6}
2025-12-15 19:26:10,570 [trainer.py] => Top1 curve: [96.6, 95.35, 95.13, 94.64, 94.64, 94.71]
2025-12-15 19:26:10,570 [trainer.py] => Average Accuracy (CNN): 95.18
2025-12-15 19:26:10,572 [trainer.py] => All params: 173738242
2025-12-15 19:26:10,573 [trainer.py] => Trainable params: 2140930
2025-12-15 19:26:10,575 [asp.py] => Learning on 85-90
2025-12-15 19:26:10,592 [asp.py] => training set size: 25, fc construct set size: 25
2025-12-15 19:27:02,995 [trainer.py] => CNN: {'total': 94.21, '00-59': 96.1, '60-64': 81.2, '65-69': 93.4, '70-74': 88.4, '75-79': 94.6, '80-84': 96.6, '85-89': 88.4, '90-94': 84.0, '95-99': 84.0, 'old': 94.55, 'new': 88.4}
2025-12-15 19:27:02,996 [trainer.py] => Top1 curve: [96.6, 95.35, 95.13, 94.64, 94.64, 94.71, 94.21]
2025-12-15 19:27:02,996 [trainer.py] => Average Accuracy (CNN): 95.04
2025-12-15 19:27:02,999 [trainer.py] => All params: 173742082
2025-12-15 19:27:03,002 [trainer.py] => Trainable params: 2144770
2025-12-15 19:27:03,005 [asp.py] => Learning on 90-95
2025-12-15 19:27:03,024 [asp.py] => training set size: 25, fc construct set size: 25
2025-12-15 19:27:57,366 [trainer.py] => CNN: {'total': 93.83, '00-59': 96.03, '60-64': 81.2, '65-69': 93.4, '70-74': 87.4, '75-79': 94.6, '80-84': 96.2, '85-89': 88.0, '90-94': 89.6, '95-99': 84.0, 'old': 94.07, 'new': 89.6}
2025-12-15 19:27:57,367 [trainer.py] => Top1 curve: [96.6, 95.35, 95.13, 94.64, 94.64, 94.71, 94.21, 93.83]
2025-12-15 19:27:57,367 [trainer.py] => Average Accuracy (CNN): 94.89
2025-12-15 19:27:57,369 [trainer.py] => All params: 173745922
2025-12-15 19:27:57,370 [trainer.py] => Trainable params: 2148610
2025-12-15 19:27:57,372 [asp.py] => Learning on 95-100
2025-12-15 19:27:57,383 [asp.py] => training set size: 25, fc construct set size: 25
2025-12-15 19:28:53,597 [trainer.py] => CNN: {'total': 93.86, '00-59': 96.0, '60-64': 80.0, '65-69': 93.4, '70-74': 87.2, '75-79': 94.4, '80-84': 96.4, '85-89': 88.0, '90-94': 89.6, '95-99': 96.2, 'old': 93.74, 'new': 96.2}
2025-12-15 19:28:53,598 [trainer.py] => Top1 curve: [96.6, 95.35, 95.13, 94.64, 94.64, 94.71, 94.21, 93.83, 93.86]
2025-12-15 19:28:53,598 [trainer.py] => Average Accuracy (CNN): 94.77

================================================================================
Finished mini_imagenet_init60_inc5: pretrained_vit_b16_224_vpt  
Base Accuracy: 96.6
Lase Accuracy: 93.86
Average Accuracy (Top1): 94.77
PD: 2.74
Backward Transfer (BWT): -0.62
Forward Transfer (FWT): 5.52
Accuracy Matrix (CNN):
[[ 96.6   76.    84.    80.    84.    96.    92.    80.    88.  ]
 [ 96.45  82.2   92.    80.    88.    84.    88.    80.    76.  ]
 [ 96.38  81.8   93.4   88.    88.    84.    92.    88.    84.  ]
 [ 96.37  81.4   93.4   88.4   84.    92.    92.    72.    96.  ]
 [ 96.37  81.2   93.4   88.4   94.8   88.   100.    84.    84.  ]
 [ 96.3   81.2   93.4   88.4   94.8   96.6   96.    92.    88.  ]
 [ 96.1   81.2   93.4   88.4   94.6   96.6   88.4   84.    84.  ]
 [ 96.03  81.2   93.4   87.4   94.6   96.2   88.    89.6   84.  ]
 [ 96.    80.    93.4   87.2   94.4   96.4   88.    89.6   96.2 ]]
================================================================================



