nohup: 忽略输入
logs/cub/100_5_sip/InfLoRA/adam/10/0.95_1.0-0.0005/2025
2026-01-02 19:50:04,092 [trainer.py] => config: configs/inflora_cub_B100_Inc5.json
2026-01-02 19:50:04,115 [trainer.py] => device: [device(type='cuda', index=1)]
2026-01-02 19:50:04,115 [trainer.py] => prefix: reproduce
2026-01-02 19:50:04,115 [trainer.py] => dataset: cub
2026-01-02 19:50:04,115 [trainer.py] => data_path: data/
2026-01-02 19:50:04,115 [trainer.py] => memory_size: 0
2026-01-02 19:50:04,115 [trainer.py] => memory_per_class: 0
2026-01-02 19:50:04,115 [trainer.py] => fixed_memory: True
2026-01-02 19:50:04,115 [trainer.py] => shuffle: True
2026-01-02 19:50:04,115 [trainer.py] => init_cls: 100
2026-01-02 19:50:04,115 [trainer.py] => increment: 5
2026-01-02 19:50:04,116 [trainer.py] => model_name: InfLoRA
2026-01-02 19:50:04,116 [trainer.py] => net_type: sip
2026-01-02 19:50:04,116 [trainer.py] => embd_dim: 768
2026-01-02 19:50:04,116 [trainer.py] => num_heads: 12
2026-01-02 19:50:04,116 [trainer.py] => total_sessions: 21
2026-01-02 19:50:04,116 [trainer.py] => seed: 2025
2026-01-02 19:50:04,116 [trainer.py] => kshot: 5
2026-01-02 19:50:04,116 [trainer.py] => EPSILON: 1e-08
2026-01-02 19:50:04,116 [trainer.py] => init_epoch: 20
2026-01-02 19:50:04,116 [trainer.py] => optim: adam
2026-01-02 19:50:04,116 [trainer.py] => init_lr: 0.0005
2026-01-02 19:50:04,116 [trainer.py] => init_lr_decay: 0.1
2026-01-02 19:50:04,116 [trainer.py] => init_weight_decay: 0.0
2026-01-02 19:50:04,116 [trainer.py] => epochs: 10
2026-01-02 19:50:04,116 [trainer.py] => lrate: 0.0005
2026-01-02 19:50:04,116 [trainer.py] => lrate_decay: 0.1
2026-01-02 19:50:04,116 [trainer.py] => batch_size: 128
2026-01-02 19:50:04,116 [trainer.py] => weight_decay: 0.0
2026-01-02 19:50:04,116 [trainer.py] => rank: 10
2026-01-02 19:50:04,116 [trainer.py] => lamb: 0.95
2026-01-02 19:50:04,116 [trainer.py] => lame: 1.0
2026-01-02 19:50:04,116 [trainer.py] => num_workers: 16
2026-01-02 19:50:04,116 [trainer.py] => gpu_models: ['NVIDIA A40']
2026-01-02 19:50:04,158 [data_manager.py] => [30, 0, 32, 34, 5, 49, 56, 154, 143, 82, 19, 165, 58, 106, 196, 126, 178, 80, 192, 1, 44, 31, 197, 150, 132, 149, 112, 141, 54, 104, 26, 46, 20, 156, 23, 83, 47, 129, 9, 84, 187, 130, 48, 138, 191, 108, 139, 158, 4, 66, 146, 2, 113, 142, 194, 109, 102, 166, 176, 167, 162, 131, 134, 122, 107, 96, 135, 45, 93, 136, 70, 81, 51, 17, 172, 29, 71, 57, 184, 148, 179, 43, 161, 100, 182, 37, 8, 14, 180, 189, 11, 53, 6, 24, 7, 88, 175, 183, 35, 128, 75, 186, 99, 78, 123, 133, 74, 125, 120, 89, 39, 63, 155, 65, 77, 116, 171, 114, 105, 170, 12, 121, 195, 60, 185, 110, 91, 68, 198, 59, 38, 174, 87, 28, 157, 193, 86, 147, 16, 98, 36, 61, 137, 18, 21, 103, 25, 15, 118, 72, 50, 168, 152, 190, 199, 55, 181, 92, 163, 85, 69, 177, 95, 52, 159, 169, 188, 127, 79, 42, 164, 124, 41, 90, 115, 13, 27, 73, 33, 173, 119, 145, 153, 3, 117, 64, 144, 111, 101, 151, 40, 97, 10, 22, 160, 140, 67, 76, 94, 62]
2026-01-02 19:50:05,919 [trainer.py] => All params: 102451025
2026-01-02 19:50:05,923 [trainer.py] => Trainable params: 102451025
2026-01-02 19:50:05,923 [inflora.py] => Learning on 0-100

  0%|          | 0/20 [00:00<?, ?it/s]
Task 0, Epoch 1/20 => Loss 2.396, Train_accy 45.51:   0%|          | 0/20 [00:33<?, ?it/s]
Task 0, Epoch 1/20 => Loss 2.396, Train_accy 45.51:   5%|▌         | 1/20 [00:33<10:30, 33.19s/it]
Task 0, Epoch 2/20 => Loss 0.696, Train_accy 80.96:   5%|▌         | 1/20 [01:06<10:30, 33.19s/it]
Task 0, Epoch 2/20 => Loss 0.696, Train_accy 80.96:  10%|█         | 2/20 [01:06<09:54, 33.05s/it]
Task 0, Epoch 3/20 => Loss 0.542, Train_accy 85.31:  10%|█         | 2/20 [01:39<09:54, 33.05s/it]
Task 0, Epoch 3/20 => Loss 0.542, Train_accy 85.31:  15%|█▌        | 3/20 [01:39<09:21, 33.01s/it]
Task 0, Epoch 4/20 => Loss 0.480, Train_accy 86.95:  15%|█▌        | 3/20 [02:12<09:21, 33.01s/it]
Task 0, Epoch 4/20 => Loss 0.480, Train_accy 86.95:  20%|██        | 4/20 [02:12<08:47, 33.00s/it]
Task 0, Epoch 5/20 => Loss 0.454, Train_accy 87.73:  20%|██        | 4/20 [02:45<08:47, 33.00s/it]
Task 0, Epoch 5/20 => Loss 0.454, Train_accy 87.73:  25%|██▌       | 5/20 [02:45<08:16, 33.08s/it]
Task 0, Epoch 6/20 => Loss 0.449, Train_accy 87.82:  25%|██▌       | 5/20 [03:18<08:16, 33.08s/it]
Task 0, Epoch 6/20 => Loss 0.449, Train_accy 87.82:  30%|███       | 6/20 [03:18<07:43, 33.08s/it]
Task 0, Epoch 7/20 => Loss 0.388, Train_accy 88.86:  30%|███       | 6/20 [03:51<07:43, 33.08s/it]
Task 0, Epoch 7/20 => Loss 0.388, Train_accy 88.86:  35%|███▌      | 7/20 [03:51<07:10, 33.10s/it]
Task 0, Epoch 8/20 => Loss 0.384, Train_accy 89.41:  35%|███▌      | 7/20 [04:24<07:10, 33.10s/it]
Task 0, Epoch 8/20 => Loss 0.384, Train_accy 89.41:  40%|████      | 8/20 [04:24<06:37, 33.09s/it]
Task 0, Epoch 9/20 => Loss 0.363, Train_accy 89.79:  40%|████      | 8/20 [04:57<06:37, 33.09s/it]
Task 0, Epoch 9/20 => Loss 0.363, Train_accy 89.79:  45%|████▌     | 9/20 [04:57<06:04, 33.12s/it]
Task 0, Epoch 10/20 => Loss 0.350, Train_accy 90.62:  45%|████▌     | 9/20 [05:30<06:04, 33.12s/it]
Task 0, Epoch 10/20 => Loss 0.350, Train_accy 90.62:  50%|█████     | 10/20 [05:30<05:31, 33.12s/it]
Task 0, Epoch 11/20 => Loss 0.334, Train_accy 90.77:  50%|█████     | 10/20 [06:04<05:31, 33.12s/it]
Task 0, Epoch 11/20 => Loss 0.334, Train_accy 90.77:  55%|█████▌    | 11/20 [06:04<04:57, 33.11s/it]
Task 0, Epoch 12/20 => Loss 0.351, Train_accy 90.55:  55%|█████▌    | 11/20 [06:37<04:57, 33.11s/it]
Task 0, Epoch 12/20 => Loss 0.351, Train_accy 90.55:  60%|██████    | 12/20 [06:37<04:25, 33.14s/it]
Task 0, Epoch 13/20 => Loss 0.317, Train_accy 91.59:  60%|██████    | 12/20 [07:10<04:25, 33.14s/it]
Task 0, Epoch 13/20 => Loss 0.317, Train_accy 91.59:  65%|██████▌   | 13/20 [07:10<03:51, 33.14s/it]
Task 0, Epoch 14/20 => Loss 0.321, Train_accy 91.32:  65%|██████▌   | 13/20 [07:43<03:51, 33.14s/it]
Task 0, Epoch 14/20 => Loss 0.321, Train_accy 91.32:  70%|███████   | 14/20 [07:43<03:18, 33.14s/it]
Task 0, Epoch 15/20 => Loss 0.294, Train_accy 92.53:  70%|███████   | 14/20 [08:16<03:18, 33.14s/it]
Task 0, Epoch 15/20 => Loss 0.294, Train_accy 92.53:  75%|███████▌  | 15/20 [08:16<02:45, 33.16s/it]
Task 0, Epoch 16/20 => Loss 0.283, Train_accy 92.68:  75%|███████▌  | 15/20 [08:49<02:45, 33.16s/it]
Task 0, Epoch 16/20 => Loss 0.283, Train_accy 92.68:  80%|████████  | 16/20 [08:49<02:12, 33.14s/it]
Task 0, Epoch 17/20 => Loss 0.288, Train_accy 92.55:  80%|████████  | 16/20 [09:22<02:12, 33.14s/it]
Task 0, Epoch 17/20 => Loss 0.288, Train_accy 92.55:  85%|████████▌ | 17/20 [09:22<01:39, 33.13s/it]
Task 0, Epoch 18/20 => Loss 0.265, Train_accy 92.95:  85%|████████▌ | 17/20 [09:56<01:39, 33.13s/it]
Task 0, Epoch 18/20 => Loss 0.265, Train_accy 92.95:  90%|█████████ | 18/20 [09:56<01:06, 33.14s/it]
Task 0, Epoch 19/20 => Loss 0.281, Train_accy 92.42:  90%|█████████ | 18/20 [10:29<01:06, 33.14s/it]
Task 0, Epoch 19/20 => Loss 0.281, Train_accy 92.42:  95%|█████████▌| 19/20 [10:29<00:33, 33.15s/it]
Task 0, Epoch 20/20 => Loss 0.257, Train_accy 93.33:  95%|█████████▌| 19/20 [11:02<00:33, 33.15s/it]
Task 0, Epoch 20/20 => Loss 0.257, Train_accy 93.33: 100%|██████████| 20/20 [11:02<00:00, 33.14s/it]
Task 0, Epoch 20/20 => Loss 0.257, Train_accy 93.33: 100%|██████████| 20/20 [11:02<00:00, 33.12s/it]
2026-01-02 20:01:26,367 [inflora.py] => Task 0, Epoch 20/20 => Loss 0.257, Train_accy 93.33
Threshold:  0.95
Layer 1 - Projection Matrix shape: torch.Size([768, 768])
Layer 2 - Projection Matrix shape: torch.Size([768, 768])
Layer 3 - Projection Matrix shape: torch.Size([768, 768])
Layer 4 - Projection Matrix shape: torch.Size([768, 768])
Layer 5 - Projection Matrix shape: torch.Size([768, 768])
Layer 6 - Projection Matrix shape: torch.Size([768, 768])
Layer 7 - Projection Matrix shape: torch.Size([768, 768])
Layer 8 - Projection Matrix shape: torch.Size([768, 768])
Layer 9 - Projection Matrix shape: torch.Size([768, 768])
Layer 10 - Projection Matrix shape: torch.Size([768, 768])
Layer 11 - Projection Matrix shape: torch.Size([768, 768])
Layer 12 - Projection Matrix shape: torch.Size([768, 768])
2026-01-02 20:02:11,362 [inflora.py] => Exemplar size: 0
2026-01-02 20:02:11,362 [trainer.py] => CNN: {'total': 92.77, '00-99': 92.77, '100-104': 80.0, '105-109': 88.0, '110-114': 80.0, '115-119': 88.0, '120-124': 88.0, '125-129': 88.0, '130-134': 92.0, '135-139': 96.0, '140-144': 84.0, '145-149': 80.0, '150-154': 76.0, '155-159': 96.0, '160-164': 92.0, '165-169': 80.0, '170-174': 92.0, '175-179': 96.0, '180-184': 88.0, '185-189': 88.0, '190-194': 80.0, '195-199': 92.0, 'old': 0, 'new': 92.77}
2026-01-02 20:02:11,362 [trainer.py] => CNN top1 curve: [92.77]
2026-01-02 20:02:11,363 [trainer.py] => Average Accuracy (CNN): 92.77
2026-01-02 20:02:11,368 [trainer.py] => All params: 102451025
2026-01-02 20:02:11,372 [trainer.py] => Trainable params: 261220
2026-01-02 20:02:11,372 [inflora.py] => Learning on 100-105

  0%|          | 0/10 [00:00<?, ?it/s]
Task 1, Epoch 1/10 => Loss 6.189, Train_accy 0.00:   0%|          | 0/10 [00:01<?, ?it/s]
Task 1, Epoch 1/10 => Loss 6.189, Train_accy 0.00:  10%|█         | 1/10 [00:01<00:09,  1.05s/it]
Task 1, Epoch 2/10 => Loss 4.701, Train_accy 12.00:  10%|█         | 1/10 [00:02<00:09,  1.05s/it]
Task 1, Epoch 2/10 => Loss 4.701, Train_accy 12.00:  20%|██        | 2/10 [00:02<00:08,  1.05s/it]
Task 1, Epoch 3/10 => Loss 3.123, Train_accy 32.00:  20%|██        | 2/10 [00:03<00:08,  1.05s/it]
Task 1, Epoch 3/10 => Loss 3.123, Train_accy 32.00:  30%|███       | 3/10 [00:03<00:07,  1.05s/it]
Task 1, Epoch 4/10 => Loss 2.164, Train_accy 48.00:  30%|███       | 3/10 [00:04<00:07,  1.05s/it]
Task 1, Epoch 4/10 => Loss 2.164, Train_accy 48.00:  40%|████      | 4/10 [00:04<00:06,  1.06s/it]
Task 1, Epoch 5/10 => Loss 1.283, Train_accy 72.00:  40%|████      | 4/10 [00:05<00:06,  1.06s/it]
Task 1, Epoch 5/10 => Loss 1.283, Train_accy 72.00:  50%|█████     | 5/10 [00:05<00:05,  1.07s/it]
Task 1, Epoch 6/10 => Loss 0.872, Train_accy 80.00:  50%|█████     | 5/10 [00:06<00:05,  1.07s/it]
Task 1, Epoch 6/10 => Loss 0.872, Train_accy 80.00:  60%|██████    | 6/10 [00:06<00:04,  1.07s/it]
Task 1, Epoch 7/10 => Loss 0.422, Train_accy 88.00:  60%|██████    | 6/10 [00:07<00:04,  1.07s/it]
Task 1, Epoch 7/10 => Loss 0.422, Train_accy 88.00:  70%|███████   | 7/10 [00:07<00:03,  1.08s/it]
Task 1, Epoch 8/10 => Loss 0.483, Train_accy 92.00:  70%|███████   | 7/10 [00:08<00:03,  1.08s/it]
Task 1, Epoch 8/10 => Loss 0.483, Train_accy 92.00:  80%|████████  | 8/10 [00:08<00:02,  1.07s/it]
Task 1, Epoch 9/10 => Loss 0.351, Train_accy 96.00:  80%|████████  | 8/10 [00:09<00:02,  1.07s/it]
Task 1, Epoch 9/10 => Loss 0.351, Train_accy 96.00:  90%|█████████ | 9/10 [00:09<00:01,  1.07s/it]
Task 1, Epoch 10/10 => Loss 0.116, Train_accy 100.00:  90%|█████████ | 9/10 [00:10<00:01,  1.07s/it]
Task 1, Epoch 10/10 => Loss 0.116, Train_accy 100.00: 100%|██████████| 10/10 [00:10<00:00,  1.07s/it]
Task 1, Epoch 10/10 => Loss 0.116, Train_accy 100.00: 100%|██████████| 10/10 [00:10<00:00,  1.07s/it]
2026-01-02 20:02:24,163 [inflora.py] => Task 1, Epoch 10/10 => Loss 0.116, Train_accy 100.00
Threshold:  0.9523809523809523
Layer 1 - Projection Matrix shape: torch.Size([768, 768])
Layer 2 - Projection Matrix shape: torch.Size([768, 768])
Layer 3 - Projection Matrix shape: torch.Size([768, 768])
Layer 4 - Projection Matrix shape: torch.Size([768, 768])
Layer 5 - Projection Matrix shape: torch.Size([768, 768])
Layer 6 - Projection Matrix shape: torch.Size([768, 768])
Layer 7 - Projection Matrix shape: torch.Size([768, 768])
Layer 8 - Projection Matrix shape: torch.Size([768, 768])
Layer 9 - Projection Matrix shape: torch.Size([768, 768])
Layer 10 - Projection Matrix shape: torch.Size([768, 768])
Layer 11 - Projection Matrix shape: torch.Size([768, 768])
Layer 12 - Projection Matrix shape: torch.Size([768, 768])
2026-01-02 20:02:41,865 [inflora.py] => Exemplar size: 0
2026-01-02 20:02:41,866 [trainer.py] => CNN: {'total': 89.17, '00-99': 92.86, '100-104': 15.79, '105-109': 96.0, '110-114': 92.0, '115-119': 80.0, '120-124': 84.0, '125-129': 72.0, '130-134': 88.0, '135-139': 96.0, '140-144': 76.0, '145-149': 72.0, '150-154': 92.0, '155-159': 96.0, '160-164': 84.0, '165-169': 64.0, '170-174': 84.0, '175-179': 88.0, '180-184': 92.0, '185-189': 68.0, '190-194': 88.0, '195-199': 96.0, 'old': 92.86, 'new': 15.79}
2026-01-02 20:02:41,866 [trainer.py] => CNN top1 curve: [92.77, 89.17]
2026-01-02 20:02:41,866 [trainer.py] => Average Accuracy (CNN): 90.97
2026-01-02 20:02:41,872 [trainer.py] => All params: 102451025
2026-01-02 20:02:41,877 [trainer.py] => Trainable params: 2873420
2026-01-02 20:02:41,877 [inflora.py] => Learning on 105-110

  0%|          | 0/10 [00:00<?, ?it/s]
Task 2, Epoch 1/10 => Loss 6.129, Train_accy 0.00:   0%|          | 0/10 [00:01<?, ?it/s]
Task 2, Epoch 1/10 => Loss 6.129, Train_accy 0.00:  10%|█         | 1/10 [00:01<00:10,  1.15s/it]
Task 2, Epoch 2/10 => Loss 4.451, Train_accy 4.00:  10%|█         | 1/10 [00:02<00:10,  1.15s/it]
Task 2, Epoch 2/10 => Loss 4.451, Train_accy 4.00:  20%|██        | 2/10 [00:02<00:09,  1.16s/it]
Task 2, Epoch 3/10 => Loss 3.466, Train_accy 24.00:  20%|██        | 2/10 [00:03<00:09,  1.16s/it]
Task 2, Epoch 3/10 => Loss 3.466, Train_accy 24.00:  30%|███       | 3/10 [00:03<00:08,  1.16s/it]
Task 2, Epoch 4/10 => Loss 2.082, Train_accy 44.00:  30%|███       | 3/10 [00:04<00:08,  1.16s/it]
Task 2, Epoch 4/10 => Loss 2.082, Train_accy 44.00:  40%|████      | 4/10 [00:04<00:06,  1.16s/it]
Task 2, Epoch 5/10 => Loss 1.428, Train_accy 64.00:  40%|████      | 4/10 [00:05<00:06,  1.16s/it]
Task 2, Epoch 5/10 => Loss 1.428, Train_accy 64.00:  50%|█████     | 5/10 [00:05<00:05,  1.19s/it]
Task 2, Epoch 6/10 => Loss 1.149, Train_accy 80.00:  50%|█████     | 5/10 [00:07<00:05,  1.19s/it]
Task 2, Epoch 6/10 => Loss 1.149, Train_accy 80.00:  60%|██████    | 6/10 [00:07<00:04,  1.21s/it]
Task 2, Epoch 7/10 => Loss 0.480, Train_accy 92.00:  60%|██████    | 6/10 [00:08<00:04,  1.21s/it]
Task 2, Epoch 7/10 => Loss 0.480, Train_accy 92.00:  70%|███████   | 7/10 [00:08<00:03,  1.23s/it]
Task 2, Epoch 8/10 => Loss 0.639, Train_accy 84.00:  70%|███████   | 7/10 [00:09<00:03,  1.23s/it]
Task 2, Epoch 8/10 => Loss 0.639, Train_accy 84.00:  80%|████████  | 8/10 [00:09<00:02,  1.23s/it]
Task 2, Epoch 9/10 => Loss 0.533, Train_accy 92.00:  80%|████████  | 8/10 [00:10<00:02,  1.23s/it]
Task 2, Epoch 9/10 => Loss 0.533, Train_accy 92.00:  90%|█████████ | 9/10 [00:10<00:01,  1.24s/it]
Task 2, Epoch 10/10 => Loss 0.570, Train_accy 88.00:  90%|█████████ | 9/10 [00:12<00:01,  1.24s/it]
Task 2, Epoch 10/10 => Loss 0.570, Train_accy 88.00: 100%|██████████| 10/10 [00:12<00:00,  1.24s/it]
Task 2, Epoch 10/10 => Loss 0.570, Train_accy 88.00: 100%|██████████| 10/10 [00:12<00:00,  1.22s/it]
2026-01-02 20:02:56,521 [inflora.py] => Task 2, Epoch 10/10 => Loss 0.570, Train_accy 88.00
Threshold:  0.9547619047619047
Skip Updating DualGPM for layer: 1
Skip Updating DualGPM for layer: 2
Layer 1 - Projection Matrix shape: torch.Size([768, 768])
Layer 2 - Projection Matrix shape: torch.Size([768, 768])
Layer 3 - Projection Matrix shape: torch.Size([768, 768])
Layer 4 - Projection Matrix shape: torch.Size([768, 768])
Layer 5 - Projection Matrix shape: torch.Size([768, 768])
Layer 6 - Projection Matrix shape: torch.Size([768, 768])
Layer 7 - Projection Matrix shape: torch.Size([768, 768])
Layer 8 - Projection Matrix shape: torch.Size([768, 768])
Layer 9 - Projection Matrix shape: torch.Size([768, 768])
Layer 10 - Projection Matrix shape: torch.Size([768, 768])
Layer 11 - Projection Matrix shape: torch.Size([768, 768])
Layer 12 - Projection Matrix shape: torch.Size([768, 768])
2026-01-02 20:03:14,491 [inflora.py] => Exemplar size: 0
2026-01-02 20:03:14,491 [trainer.py] => CNN: {'total': 84.57, '00-99': 92.5, '100-104': 15.79, '105-109': 0.0, '110-114': 88.0, '115-119': 96.0, '120-124': 96.0, '125-129': 84.0, '130-134': 84.0, '135-139': 96.0, '140-144': 80.0, '145-149': 88.0, '150-154': 88.0, '155-159': 96.0, '160-164': 92.0, '165-169': 72.0, '170-174': 100.0, '175-179': 92.0, '180-184': 92.0, '185-189': 84.0, '190-194': 80.0, '195-199': 96.0, 'old': 88.83, 'new': 0.0}
2026-01-02 20:03:14,491 [trainer.py] => CNN top1 curve: [92.77, 89.17, 84.57]
2026-01-02 20:03:14,491 [trainer.py] => Average Accuracy (CNN): 88.84
2026-01-02 20:03:14,499 [trainer.py] => All params: 102451025
2026-01-02 20:03:14,504 [trainer.py] => Trainable params: 522440
2026-01-02 20:03:14,504 [inflora.py] => Learning on 110-115

  0%|          | 0/10 [00:00<?, ?it/s]
Task 3, Epoch 1/10 => Loss 6.649, Train_accy 0.00:   0%|          | 0/10 [00:01<?, ?it/s]
Task 3, Epoch 1/10 => Loss 6.649, Train_accy 0.00:  10%|█         | 1/10 [00:01<00:10,  1.22s/it]
Task 3, Epoch 2/10 => Loss 5.143, Train_accy 0.00:  10%|█         | 1/10 [00:02<00:10,  1.22s/it]
Task 3, Epoch 2/10 => Loss 5.143, Train_accy 0.00:  20%|██        | 2/10 [00:02<00:09,  1.23s/it]
Task 3, Epoch 3/10 => Loss 3.812, Train_accy 16.00:  20%|██        | 2/10 [00:03<00:09,  1.23s/it]
Task 3, Epoch 3/10 => Loss 3.812, Train_accy 16.00:  30%|███       | 3/10 [00:03<00:08,  1.24s/it]
Task 3, Epoch 4/10 => Loss 2.983, Train_accy 16.00:  30%|███       | 3/10 [00:04<00:08,  1.24s/it]
Task 3, Epoch 4/10 => Loss 2.983, Train_accy 16.00:  40%|████      | 4/10 [00:04<00:07,  1.23s/it]
Task 3, Epoch 5/10 => Loss 2.062, Train_accy 52.00:  40%|████      | 4/10 [00:06<00:07,  1.23s/it]
Task 3, Epoch 5/10 => Loss 2.062, Train_accy 52.00:  50%|█████     | 5/10 [00:06<00:06,  1.24s/it]
Task 3, Epoch 6/10 => Loss 1.278, Train_accy 76.00:  50%|█████     | 5/10 [00:07<00:06,  1.24s/it]
Task 3, Epoch 6/10 => Loss 1.278, Train_accy 76.00:  60%|██████    | 6/10 [00:07<00:04,  1.24s/it]
Task 3, Epoch 7/10 => Loss 0.826, Train_accy 76.00:  60%|██████    | 6/10 [00:08<00:04,  1.24s/it]
Task 3, Epoch 7/10 => Loss 0.826, Train_accy 76.00:  70%|███████   | 7/10 [00:08<00:03,  1.24s/it]
Task 3, Epoch 8/10 => Loss 0.833, Train_accy 88.00:  70%|███████   | 7/10 [00:09<00:03,  1.24s/it]
Task 3, Epoch 8/10 => Loss 0.833, Train_accy 88.00:  80%|████████  | 8/10 [00:09<00:02,  1.23s/it]
Task 3, Epoch 9/10 => Loss 0.947, Train_accy 72.00:  80%|████████  | 8/10 [00:11<00:02,  1.23s/it]
Task 3, Epoch 9/10 => Loss 0.947, Train_accy 72.00:  90%|█████████ | 9/10 [00:11<00:01,  1.24s/it]
Task 3, Epoch 10/10 => Loss 0.671, Train_accy 80.00:  90%|█████████ | 9/10 [00:12<00:01,  1.24s/it]
Task 3, Epoch 10/10 => Loss 0.671, Train_accy 80.00: 100%|██████████| 10/10 [00:12<00:00,  1.23s/it]
Task 3, Epoch 10/10 => Loss 0.671, Train_accy 80.00: 100%|██████████| 10/10 [00:12<00:00,  1.23s/it]
2026-01-02 20:03:29,280 [inflora.py] => Task 3, Epoch 10/10 => Loss 0.671, Train_accy 80.00
Threshold:  0.9571428571428571
Skip Updating DualGPM for layer: 1
Skip Updating DualGPM for layer: 2
Skip Updating DualGPM for layer: 3
Skip Updating DualGPM for layer: 4
Layer 1 - Projection Matrix shape: torch.Size([768, 768])
Layer 2 - Projection Matrix shape: torch.Size([768, 768])
Layer 3 - Projection Matrix shape: torch.Size([768, 768])
Layer 4 - Projection Matrix shape: torch.Size([768, 768])
Layer 5 - Projection Matrix shape: torch.Size([768, 768])
Layer 6 - Projection Matrix shape: torch.Size([768, 768])
Layer 7 - Projection Matrix shape: torch.Size([768, 768])
Layer 8 - Projection Matrix shape: torch.Size([768, 768])
Layer 9 - Projection Matrix shape: torch.Size([768, 768])
Layer 10 - Projection Matrix shape: torch.Size([768, 768])
Layer 11 - Projection Matrix shape: torch.Size([768, 768])
Layer 12 - Projection Matrix shape: torch.Size([768, 768])
2026-01-02 20:03:47,576 [inflora.py] => Exemplar size: 0
2026-01-02 20:03:47,576 [trainer.py] => CNN: {'total': 81.2, '00-99': 92.42, '100-104': 17.54, '105-109': 0.0, '110-114': 0.0, '115-119': 96.0, '120-124': 88.0, '125-129': 76.0, '130-134': 96.0, '135-139': 92.0, '140-144': 88.0, '145-149': 96.0, '150-154': 76.0, '155-159': 100.0, '160-164': 88.0, '165-169': 72.0, '170-174': 96.0, '175-179': 92.0, '180-184': 100.0, '185-189': 76.0, '190-194': 92.0, '195-199': 84.0, 'old': 84.57, 'new': 0.0}
2026-01-02 20:03:47,576 [trainer.py] => CNN top1 curve: [92.77, 89.17, 84.57, 81.2]
2026-01-02 20:03:47,576 [trainer.py] => Average Accuracy (CNN): 86.93
2026-01-02 20:03:47,580 [trainer.py] => All params: 102451025
2026-01-02 20:03:47,584 [trainer.py] => Trainable params: 261220
2026-01-02 20:03:47,584 [inflora.py] => Learning on 115-120

  0%|          | 0/10 [00:00<?, ?it/s]
Task 4, Epoch 1/10 => Loss 6.319, Train_accy 0.00:   0%|          | 0/10 [00:01<?, ?it/s]
Task 4, Epoch 1/10 => Loss 6.319, Train_accy 0.00:  10%|█         | 1/10 [00:01<00:11,  1.30s/it]
Task 4, Epoch 2/10 => Loss 4.763, Train_accy 0.00:  10%|█         | 1/10 [00:02<00:11,  1.30s/it]
Task 4, Epoch 2/10 => Loss 4.763, Train_accy 0.00:  20%|██        | 2/10 [00:02<00:10,  1.30s/it]
Task 4, Epoch 3/10 => Loss 4.139, Train_accy 12.00:  20%|██        | 2/10 [00:03<00:10,  1.30s/it]
Task 4, Epoch 3/10 => Loss 4.139, Train_accy 12.00:  30%|███       | 3/10 [00:03<00:09,  1.29s/it]
Task 4, Epoch 4/10 => Loss 2.456, Train_accy 36.00:  30%|███       | 3/10 [00:05<00:09,  1.29s/it]
Task 4, Epoch 4/10 => Loss 2.456, Train_accy 36.00:  40%|████      | 4/10 [00:05<00:08,  1.34s/it]
Task 4, Epoch 5/10 => Loss 1.428, Train_accy 64.00:  40%|████      | 4/10 [00:06<00:08,  1.34s/it]
Task 4, Epoch 5/10 => Loss 1.428, Train_accy 64.00:  50%|█████     | 5/10 [00:06<00:06,  1.37s/it]
Task 4, Epoch 6/10 => Loss 1.038, Train_accy 72.00:  50%|█████     | 5/10 [00:08<00:06,  1.37s/it]
Task 4, Epoch 6/10 => Loss 1.038, Train_accy 72.00:  60%|██████    | 6/10 [00:08<00:05,  1.39s/it]
Task 4, Epoch 7/10 => Loss 0.767, Train_accy 84.00:  60%|██████    | 6/10 [00:09<00:05,  1.39s/it]
Task 4, Epoch 7/10 => Loss 0.767, Train_accy 84.00:  70%|███████   | 7/10 [00:09<00:04,  1.40s/it]
Task 4, Epoch 8/10 => Loss 0.618, Train_accy 84.00:  70%|███████   | 7/10 [00:10<00:04,  1.40s/it]
Task 4, Epoch 8/10 => Loss 0.618, Train_accy 84.00:  80%|████████  | 8/10 [00:10<00:02,  1.41s/it]
Task 4, Epoch 9/10 => Loss 0.418, Train_accy 92.00:  80%|████████  | 8/10 [00:12<00:02,  1.41s/it]
Task 4, Epoch 9/10 => Loss 0.418, Train_accy 92.00:  90%|█████████ | 9/10 [00:12<00:01,  1.41s/it]
Task 4, Epoch 10/10 => Loss 0.689, Train_accy 80.00:  90%|█████████ | 9/10 [00:13<00:01,  1.41s/it]
Task 4, Epoch 10/10 => Loss 0.689, Train_accy 80.00: 100%|██████████| 10/10 [00:13<00:00,  1.41s/it]
Task 4, Epoch 10/10 => Loss 0.689, Train_accy 80.00: 100%|██████████| 10/10 [00:13<00:00,  1.38s/it]
2026-01-02 20:04:03,957 [inflora.py] => Task 4, Epoch 10/10 => Loss 0.689, Train_accy 80.00
Threshold:  0.9595238095238094
Skip Updating DualGPM for layer: 1
Skip Updating DualGPM for layer: 2
Layer 1 - Projection Matrix shape: torch.Size([768, 768])
Layer 2 - Projection Matrix shape: torch.Size([768, 768])
Layer 3 - Projection Matrix shape: torch.Size([768, 768])
Layer 4 - Projection Matrix shape: torch.Size([768, 768])
Layer 5 - Projection Matrix shape: torch.Size([768, 768])
Layer 6 - Projection Matrix shape: torch.Size([768, 768])
Layer 7 - Projection Matrix shape: torch.Size([768, 768])
Layer 8 - Projection Matrix shape: torch.Size([768, 768])
Layer 9 - Projection Matrix shape: torch.Size([768, 768])
Layer 10 - Projection Matrix shape: torch.Size([768, 768])
Layer 11 - Projection Matrix shape: torch.Size([768, 768])
Layer 12 - Projection Matrix shape: torch.Size([768, 768])
2026-01-02 20:04:21,780 [inflora.py] => Exemplar size: 0
2026-01-02 20:04:21,780 [trainer.py] => CNN: {'total': 76.48, '00-99': 92.33, '100-104': 17.54, '105-109': 0.0, '110-114': 0.0, '115-119': 0.0, '120-124': 88.0, '125-129': 76.0, '130-134': 88.0, '135-139': 100.0, '140-144': 80.0, '145-149': 92.0, '150-154': 84.0, '155-159': 96.0, '160-164': 88.0, '165-169': 76.0, '170-174': 96.0, '175-179': 92.0, '180-184': 88.0, '185-189': 80.0, '190-194': 80.0, '195-199': 88.0, 'old': 81.12, 'new': 0.0}
2026-01-02 20:04:21,780 [trainer.py] => CNN top1 curve: [92.77, 89.17, 84.57, 81.2, 76.48]
2026-01-02 20:04:21,781 [trainer.py] => Average Accuracy (CNN): 84.84
2026-01-02 20:04:21,790 [trainer.py] => All params: 102451025
2026-01-02 20:04:21,797 [trainer.py] => Trainable params: 261220
2026-01-02 20:04:21,797 [inflora.py] => Learning on 120-125

  0%|          | 0/10 [00:00<?, ?it/s]
Task 5, Epoch 1/10 => Loss 5.148, Train_accy 0.00:   0%|          | 0/10 [00:01<?, ?it/s]
Task 5, Epoch 1/10 => Loss 5.148, Train_accy 0.00:  10%|█         | 1/10 [00:01<00:11,  1.33s/it]
Task 5, Epoch 2/10 => Loss 3.597, Train_accy 16.00:  10%|█         | 1/10 [00:02<00:11,  1.33s/it]
Task 5, Epoch 2/10 => Loss 3.597, Train_accy 16.00:  20%|██        | 2/10 [00:02<00:10,  1.33s/it]
Task 5, Epoch 3/10 => Loss 2.303, Train_accy 56.00:  20%|██        | 2/10 [00:03<00:10,  1.33s/it]
Task 5, Epoch 3/10 => Loss 2.303, Train_accy 56.00:  30%|███       | 3/10 [00:03<00:09,  1.33s/it]
Task 5, Epoch 4/10 => Loss 1.980, Train_accy 56.00:  30%|███       | 3/10 [00:05<00:09,  1.33s/it]
Task 5, Epoch 4/10 => Loss 1.980, Train_accy 56.00:  40%|████      | 4/10 [00:05<00:07,  1.33s/it]
Task 5, Epoch 5/10 => Loss 1.134, Train_accy 76.00:  40%|████      | 4/10 [00:06<00:07,  1.33s/it]
Task 5, Epoch 5/10 => Loss 1.134, Train_accy 76.00:  50%|█████     | 5/10 [00:06<00:06,  1.33s/it]
Task 5, Epoch 6/10 => Loss 0.668, Train_accy 92.00:  50%|█████     | 5/10 [00:07<00:06,  1.33s/it]
Task 5, Epoch 6/10 => Loss 0.668, Train_accy 92.00:  60%|██████    | 6/10 [00:07<00:05,  1.33s/it]
Task 5, Epoch 7/10 => Loss 0.244, Train_accy 100.00:  60%|██████    | 6/10 [00:09<00:05,  1.33s/it]
Task 5, Epoch 7/10 => Loss 0.244, Train_accy 100.00:  70%|███████   | 7/10 [00:09<00:03,  1.33s/it]
Task 5, Epoch 8/10 => Loss 0.318, Train_accy 92.00:  70%|███████   | 7/10 [00:10<00:03,  1.33s/it] 
Task 5, Epoch 8/10 => Loss 0.318, Train_accy 92.00:  80%|████████  | 8/10 [00:10<00:02,  1.34s/it]
Task 5, Epoch 9/10 => Loss 0.385, Train_accy 92.00:  80%|████████  | 8/10 [00:11<00:02,  1.34s/it]
Task 5, Epoch 9/10 => Loss 0.385, Train_accy 92.00:  90%|█████████ | 9/10 [00:11<00:01,  1.33s/it]
Task 5, Epoch 10/10 => Loss 0.371, Train_accy 92.00:  90%|█████████ | 9/10 [00:13<00:01,  1.33s/it]
Task 5, Epoch 10/10 => Loss 0.371, Train_accy 92.00: 100%|██████████| 10/10 [00:13<00:00,  1.33s/it]
Task 5, Epoch 10/10 => Loss 0.371, Train_accy 92.00: 100%|██████████| 10/10 [00:13<00:00,  1.33s/it]
2026-01-02 20:04:37,735 [inflora.py] => Task 5, Epoch 10/10 => Loss 0.371, Train_accy 92.00
Threshold:  0.9619047619047618
Skip Updating DualGPM for layer: 1
Skip Updating DualGPM for layer: 2
Layer 1 - Projection Matrix shape: torch.Size([768, 768])
Layer 2 - Projection Matrix shape: torch.Size([768, 768])
Layer 3 - Projection Matrix shape: torch.Size([768, 768])
Layer 4 - Projection Matrix shape: torch.Size([768, 768])
Layer 5 - Projection Matrix shape: torch.Size([768, 768])
Layer 6 - Projection Matrix shape: torch.Size([768, 768])
Layer 7 - Projection Matrix shape: torch.Size([768, 768])
Layer 8 - Projection Matrix shape: torch.Size([768, 768])
Layer 9 - Projection Matrix shape: torch.Size([768, 768])
Layer 10 - Projection Matrix shape: torch.Size([768, 768])
Layer 11 - Projection Matrix shape: torch.Size([768, 768])
Layer 12 - Projection Matrix shape: torch.Size([768, 768])
2026-01-02 20:04:56,796 [inflora.py] => Exemplar size: 0
2026-01-02 20:04:56,796 [trainer.py] => CNN: {'total': 73.11, '00-99': 92.06, '100-104': 19.3, '105-109': 0.0, '110-114': 0.0, '115-119': 0.0, '120-124': 0.0, '125-129': 68.0, '130-134': 96.0, '135-139': 100.0, '140-144': 92.0, '145-149': 88.0, '150-154': 76.0, '155-159': 96.0, '160-164': 92.0, '165-169': 76.0, '170-174': 96.0, '175-179': 92.0, '180-184': 80.0, '185-189': 88.0, '190-194': 88.0, '195-199': 96.0, 'old': 76.34, 'new': 0.0}
2026-01-02 20:04:56,797 [trainer.py] => CNN top1 curve: [92.77, 89.17, 84.57, 81.2, 76.48, 73.11]
2026-01-02 20:04:56,797 [trainer.py] => Average Accuracy (CNN): 82.88
2026-01-02 20:04:56,802 [trainer.py] => All params: 102451025
2026-01-02 20:04:56,806 [trainer.py] => Trainable params: 261220
2026-01-02 20:04:56,806 [inflora.py] => Learning on 125-130

  0%|          | 0/10 [00:00<?, ?it/s]
Task 6, Epoch 1/10 => Loss 5.635, Train_accy 0.00:   0%|          | 0/10 [00:01<?, ?it/s]
Task 6, Epoch 1/10 => Loss 5.635, Train_accy 0.00:  10%|█         | 1/10 [00:01<00:12,  1.39s/it]
Task 6, Epoch 2/10 => Loss 4.548, Train_accy 8.00:  10%|█         | 1/10 [00:02<00:12,  1.39s/it]
Task 6, Epoch 2/10 => Loss 4.548, Train_accy 8.00:  20%|██        | 2/10 [00:02<00:11,  1.39s/it]
Task 6, Epoch 3/10 => Loss 3.220, Train_accy 24.00:  20%|██        | 2/10 [00:04<00:11,  1.39s/it]
Task 6, Epoch 3/10 => Loss 3.220, Train_accy 24.00:  30%|███       | 3/10 [00:04<00:09,  1.38s/it]
Task 6, Epoch 4/10 => Loss 1.919, Train_accy 48.00:  30%|███       | 3/10 [00:05<00:09,  1.38s/it]
Task 6, Epoch 4/10 => Loss 1.919, Train_accy 48.00:  40%|████      | 4/10 [00:05<00:08,  1.39s/it]
Task 6, Epoch 5/10 => Loss 1.503, Train_accy 68.00:  40%|████      | 4/10 [00:06<00:08,  1.39s/it]
Task 6, Epoch 5/10 => Loss 1.503, Train_accy 68.00:  50%|█████     | 5/10 [00:06<00:06,  1.39s/it]
Task 6, Epoch 6/10 => Loss 1.156, Train_accy 80.00:  50%|█████     | 5/10 [00:08<00:06,  1.39s/it]
Task 6, Epoch 6/10 => Loss 1.156, Train_accy 80.00:  60%|██████    | 6/10 [00:08<00:05,  1.38s/it]
Task 6, Epoch 7/10 => Loss 0.803, Train_accy 88.00:  60%|██████    | 6/10 [00:09<00:05,  1.38s/it]
Task 6, Epoch 7/10 => Loss 0.803, Train_accy 88.00:  70%|███████   | 7/10 [00:09<00:04,  1.38s/it]
Task 6, Epoch 8/10 => Loss 0.561, Train_accy 96.00:  70%|███████   | 7/10 [00:11<00:04,  1.38s/it]
Task 6, Epoch 8/10 => Loss 0.561, Train_accy 96.00:  80%|████████  | 8/10 [00:11<00:02,  1.38s/it]
Task 6, Epoch 9/10 => Loss 0.884, Train_accy 84.00:  80%|████████  | 8/10 [00:12<00:02,  1.38s/it]
Task 6, Epoch 9/10 => Loss 0.884, Train_accy 84.00:  90%|█████████ | 9/10 [00:12<00:01,  1.37s/it]
Task 6, Epoch 10/10 => Loss 0.452, Train_accy 92.00:  90%|█████████ | 9/10 [00:13<00:01,  1.37s/it]
Task 6, Epoch 10/10 => Loss 0.452, Train_accy 92.00: 100%|██████████| 10/10 [00:13<00:00,  1.37s/it]
Task 6, Epoch 10/10 => Loss 0.452, Train_accy 92.00: 100%|██████████| 10/10 [00:13<00:00,  1.38s/it]
2026-01-02 20:05:13,311 [inflora.py] => Task 6, Epoch 10/10 => Loss 0.452, Train_accy 92.00
Threshold:  0.9642857142857143
Skip Updating DualGPM for layer: 1
Skip Updating DualGPM for layer: 3
Layer 1 - Projection Matrix shape: torch.Size([768, 768])
Layer 2 - Projection Matrix shape: torch.Size([768, 768])
Layer 3 - Projection Matrix shape: torch.Size([768, 768])
Layer 4 - Projection Matrix shape: torch.Size([768, 768])
Layer 5 - Projection Matrix shape: torch.Size([768, 768])
Layer 6 - Projection Matrix shape: torch.Size([768, 768])
Layer 7 - Projection Matrix shape: torch.Size([768, 768])
Layer 8 - Projection Matrix shape: torch.Size([768, 768])
Layer 9 - Projection Matrix shape: torch.Size([768, 768])
Layer 10 - Projection Matrix shape: torch.Size([768, 768])
Layer 11 - Projection Matrix shape: torch.Size([768, 768])
Layer 12 - Projection Matrix shape: torch.Size([768, 768])
2026-01-02 20:05:31,752 [inflora.py] => Exemplar size: 0
2026-01-02 20:05:31,753 [trainer.py] => CNN: {'total': 70.27, '00-99': 91.89, '100-104': 21.05, '105-109': 0.0, '110-114': 0.0, '115-119': 0.0, '120-124': 0.0, '125-129': 0.0, '130-134': 92.0, '135-139': 100.0, '140-144': 88.0, '145-149': 68.0, '150-154': 88.0, '155-159': 96.0, '160-164': 72.0, '165-169': 72.0, '170-174': 96.0, '175-179': 88.0, '180-184': 92.0, '185-189': 76.0, '190-194': 92.0, '195-199': 96.0, 'old': 73.04, 'new': 0.0}
2026-01-02 20:05:31,753 [trainer.py] => CNN top1 curve: [92.77, 89.17, 84.57, 81.2, 76.48, 73.11, 70.27]
2026-01-02 20:05:31,753 [trainer.py] => Average Accuracy (CNN): 81.08
2026-01-02 20:05:31,761 [trainer.py] => All params: 102451025
2026-01-02 20:05:31,766 [trainer.py] => Trainable params: 261220
2026-01-02 20:05:31,766 [inflora.py] => Learning on 130-135

  0%|          | 0/10 [00:00<?, ?it/s]
Task 7, Epoch 1/10 => Loss 5.141, Train_accy 4.00:   0%|          | 0/10 [00:01<?, ?it/s]
Task 7, Epoch 1/10 => Loss 5.141, Train_accy 4.00:  10%|█         | 1/10 [00:01<00:12,  1.40s/it]
Task 7, Epoch 2/10 => Loss 3.545, Train_accy 20.00:  10%|█         | 1/10 [00:02<00:12,  1.40s/it]
Task 7, Epoch 2/10 => Loss 3.545, Train_accy 20.00:  20%|██        | 2/10 [00:02<00:11,  1.40s/it]
Task 7, Epoch 3/10 => Loss 2.348, Train_accy 52.00:  20%|██        | 2/10 [00:04<00:11,  1.40s/it]
Task 7, Epoch 3/10 => Loss 2.348, Train_accy 52.00:  30%|███       | 3/10 [00:04<00:09,  1.41s/it]
Task 7, Epoch 4/10 => Loss 1.571, Train_accy 72.00:  30%|███       | 3/10 [00:05<00:09,  1.41s/it]
Task 7, Epoch 4/10 => Loss 1.571, Train_accy 72.00:  40%|████      | 4/10 [00:05<00:08,  1.41s/it]
Task 7, Epoch 5/10 => Loss 1.086, Train_accy 80.00:  40%|████      | 4/10 [00:07<00:08,  1.41s/it]
Task 7, Epoch 5/10 => Loss 1.086, Train_accy 80.00:  50%|█████     | 5/10 [00:07<00:07,  1.41s/it]
Task 7, Epoch 6/10 => Loss 0.455, Train_accy 92.00:  50%|█████     | 5/10 [00:08<00:07,  1.41s/it]
Task 7, Epoch 6/10 => Loss 0.455, Train_accy 92.00:  60%|██████    | 6/10 [00:08<00:05,  1.40s/it]
Task 7, Epoch 7/10 => Loss 0.401, Train_accy 96.00:  60%|██████    | 6/10 [00:09<00:05,  1.40s/it]
Task 7, Epoch 7/10 => Loss 0.401, Train_accy 96.00:  70%|███████   | 7/10 [00:09<00:04,  1.41s/it]
Task 7, Epoch 8/10 => Loss 0.169, Train_accy 96.00:  70%|███████   | 7/10 [00:11<00:04,  1.41s/it]
Task 7, Epoch 8/10 => Loss 0.169, Train_accy 96.00:  80%|████████  | 8/10 [00:11<00:02,  1.41s/it]
Task 7, Epoch 9/10 => Loss 0.732, Train_accy 76.00:  80%|████████  | 8/10 [00:12<00:02,  1.41s/it]
Task 7, Epoch 9/10 => Loss 0.732, Train_accy 76.00:  90%|█████████ | 9/10 [00:12<00:01,  1.41s/it]
Task 7, Epoch 10/10 => Loss 0.172, Train_accy 96.00:  90%|█████████ | 9/10 [00:14<00:01,  1.41s/it]
Task 7, Epoch 10/10 => Loss 0.172, Train_accy 96.00: 100%|██████████| 10/10 [00:14<00:00,  1.41s/it]
Task 7, Epoch 10/10 => Loss 0.172, Train_accy 96.00: 100%|██████████| 10/10 [00:14<00:00,  1.41s/it]
2026-01-02 20:05:48,425 [inflora.py] => Task 7, Epoch 10/10 => Loss 0.172, Train_accy 96.00
Threshold:  0.9666666666666667
Skip Updating DualGPM for layer: 1
Skip Updating DualGPM for layer: 2
Layer 1 - Projection Matrix shape: torch.Size([768, 768])
Layer 2 - Projection Matrix shape: torch.Size([768, 768])
Layer 3 - Projection Matrix shape: torch.Size([768, 768])
Layer 4 - Projection Matrix shape: torch.Size([768, 768])
Layer 5 - Projection Matrix shape: torch.Size([768, 768])
Layer 6 - Projection Matrix shape: torch.Size([768, 768])
Layer 7 - Projection Matrix shape: torch.Size([768, 768])
Layer 8 - Projection Matrix shape: torch.Size([768, 768])
Layer 9 - Projection Matrix shape: torch.Size([768, 768])
Layer 10 - Projection Matrix shape: torch.Size([768, 768])
Layer 11 - Projection Matrix shape: torch.Size([768, 768])
Layer 12 - Projection Matrix shape: torch.Size([768, 768])
2026-01-02 20:06:07,663 [inflora.py] => Exemplar size: 0
2026-01-02 20:06:07,663 [trainer.py] => CNN: {'total': 67.63, '00-99': 91.8, '100-104': 21.05, '105-109': 0.0, '110-114': 0.0, '115-119': 0.0, '120-124': 0.0, '125-129': 0.0, '130-134': 0.0, '135-139': 96.0, '140-144': 96.0, '145-149': 92.0, '150-154': 92.0, '155-159': 96.0, '160-164': 84.0, '165-169': 88.0, '170-174': 96.0, '175-179': 92.0, '180-184': 96.0, '185-189': 88.0, '190-194': 88.0, '195-199': 100.0, 'old': 70.2, 'new': 0.0}
2026-01-02 20:06:07,664 [trainer.py] => CNN top1 curve: [92.77, 89.17, 84.57, 81.2, 76.48, 73.11, 70.27, 67.63]
2026-01-02 20:06:07,664 [trainer.py] => Average Accuracy (CNN): 79.40
2026-01-02 20:06:07,671 [trainer.py] => All params: 102451025
2026-01-02 20:06:07,676 [trainer.py] => Trainable params: 261220
2026-01-02 20:06:07,676 [inflora.py] => Learning on 135-140

  0%|          | 0/10 [00:00<?, ?it/s]
Task 8, Epoch 1/10 => Loss 5.509, Train_accy 0.00:   0%|          | 0/10 [00:01<?, ?it/s]
Task 8, Epoch 1/10 => Loss 5.509, Train_accy 0.00:  10%|█         | 1/10 [00:01<00:12,  1.44s/it]
Task 8, Epoch 2/10 => Loss 4.144, Train_accy 4.00:  10%|█         | 1/10 [00:02<00:12,  1.44s/it]
Task 8, Epoch 2/10 => Loss 4.144, Train_accy 4.00:  20%|██        | 2/10 [00:02<00:11,  1.43s/it]
Task 8, Epoch 3/10 => Loss 2.814, Train_accy 36.00:  20%|██        | 2/10 [00:04<00:11,  1.43s/it]
Task 8, Epoch 3/10 => Loss 2.814, Train_accy 36.00:  30%|███       | 3/10 [00:04<00:10,  1.44s/it]
Task 8, Epoch 4/10 => Loss 1.483, Train_accy 68.00:  30%|███       | 3/10 [00:05<00:10,  1.44s/it]
Task 8, Epoch 4/10 => Loss 1.483, Train_accy 68.00:  40%|████      | 4/10 [00:05<00:08,  1.44s/it]
Task 8, Epoch 5/10 => Loss 0.861, Train_accy 92.00:  40%|████      | 4/10 [00:07<00:08,  1.44s/it]
Task 8, Epoch 5/10 => Loss 0.861, Train_accy 92.00:  50%|█████     | 5/10 [00:07<00:07,  1.44s/it]
Task 8, Epoch 6/10 => Loss 0.477, Train_accy 96.00:  50%|█████     | 5/10 [00:08<00:07,  1.44s/it]
Task 8, Epoch 6/10 => Loss 0.477, Train_accy 96.00:  60%|██████    | 6/10 [00:08<00:05,  1.48s/it]
Task 8, Epoch 7/10 => Loss 0.465, Train_accy 96.00:  60%|██████    | 6/10 [00:10<00:05,  1.48s/it]
Task 8, Epoch 7/10 => Loss 0.465, Train_accy 96.00:  70%|███████   | 7/10 [00:10<00:04,  1.52s/it]
Task 8, Epoch 8/10 => Loss 0.361, Train_accy 92.00:  70%|███████   | 7/10 [00:11<00:04,  1.52s/it]
Task 8, Epoch 8/10 => Loss 0.361, Train_accy 92.00:  80%|████████  | 8/10 [00:11<00:03,  1.53s/it]
Task 8, Epoch 9/10 => Loss 0.184, Train_accy 96.00:  80%|████████  | 8/10 [00:13<00:03,  1.53s/it]
Task 8, Epoch 9/10 => Loss 0.184, Train_accy 96.00:  90%|█████████ | 9/10 [00:13<00:01,  1.55s/it]
Task 8, Epoch 10/10 => Loss 0.142, Train_accy 100.00:  90%|█████████ | 9/10 [00:15<00:01,  1.55s/it]
Task 8, Epoch 10/10 => Loss 0.142, Train_accy 100.00: 100%|██████████| 10/10 [00:15<00:00,  1.56s/it]
Task 8, Epoch 10/10 => Loss 0.142, Train_accy 100.00: 100%|██████████| 10/10 [00:15<00:00,  1.51s/it]
2026-01-02 20:06:25,497 [inflora.py] => Task 8, Epoch 10/10 => Loss 0.142, Train_accy 100.00
Threshold:  0.969047619047619
Layer 1 - Projection Matrix shape: torch.Size([768, 768])
Layer 2 - Projection Matrix shape: torch.Size([768, 768])
Layer 3 - Projection Matrix shape: torch.Size([768, 768])
Layer 4 - Projection Matrix shape: torch.Size([768, 768])
Layer 5 - Projection Matrix shape: torch.Size([768, 768])
Layer 6 - Projection Matrix shape: torch.Size([768, 768])
Layer 7 - Projection Matrix shape: torch.Size([768, 768])
Layer 8 - Projection Matrix shape: torch.Size([768, 768])
Layer 9 - Projection Matrix shape: torch.Size([768, 768])
Layer 10 - Projection Matrix shape: torch.Size([768, 768])
Layer 11 - Projection Matrix shape: torch.Size([768, 768])
Layer 12 - Projection Matrix shape: torch.Size([768, 768])
2026-01-02 20:06:45,507 [inflora.py] => Exemplar size: 0
2026-01-02 20:06:45,507 [trainer.py] => CNN: {'total': 65.28, '00-99': 91.45, '100-104': 21.05, '105-109': 0.0, '110-114': 0.0, '115-119': 0.0, '120-124': 0.0, '125-129': 0.0, '130-134': 0.0, '135-139': 0.0, '140-144': 92.0, '145-149': 80.0, '150-154': 84.0, '155-159': 88.0, '160-164': 92.0, '165-169': 88.0, '170-174': 80.0, '175-179': 100.0, '180-184': 88.0, '185-189': 76.0, '190-194': 92.0, '195-199': 84.0, 'old': 67.37, 'new': 0.0}
2026-01-02 20:06:45,508 [trainer.py] => CNN top1 curve: [92.77, 89.17, 84.57, 81.2, 76.48, 73.11, 70.27, 67.63, 65.28]
2026-01-02 20:06:45,508 [trainer.py] => Average Accuracy (CNN): 77.83
2026-01-02 20:06:45,516 [trainer.py] => All params: 102451025
2026-01-02 20:06:45,521 [trainer.py] => Trainable params: 261220
2026-01-02 20:06:45,522 [inflora.py] => Learning on 140-145

  0%|          | 0/10 [00:00<?, ?it/s]
Task 9, Epoch 1/10 => Loss 6.013, Train_accy 0.00:   0%|          | 0/10 [00:01<?, ?it/s]
Task 9, Epoch 1/10 => Loss 6.013, Train_accy 0.00:  10%|█         | 1/10 [00:01<00:13,  1.45s/it]
Task 9, Epoch 2/10 => Loss 4.752, Train_accy 0.00:  10%|█         | 1/10 [00:02<00:13,  1.45s/it]
Task 9, Epoch 2/10 => Loss 4.752, Train_accy 0.00:  20%|██        | 2/10 [00:02<00:11,  1.46s/it]
Task 9, Epoch 3/10 => Loss 3.338, Train_accy 20.00:  20%|██        | 2/10 [00:04<00:11,  1.46s/it]
Task 9, Epoch 3/10 => Loss 3.338, Train_accy 20.00:  30%|███       | 3/10 [00:04<00:10,  1.45s/it]
Task 9, Epoch 4/10 => Loss 2.192, Train_accy 72.00:  30%|███       | 3/10 [00:05<00:10,  1.45s/it]
Task 9, Epoch 4/10 => Loss 2.192, Train_accy 72.00:  40%|████      | 4/10 [00:05<00:08,  1.45s/it]
Task 9, Epoch 5/10 => Loss 1.661, Train_accy 68.00:  40%|████      | 4/10 [00:07<00:08,  1.45s/it]
Task 9, Epoch 5/10 => Loss 1.661, Train_accy 68.00:  50%|█████     | 5/10 [00:07<00:07,  1.45s/it]
Task 9, Epoch 6/10 => Loss 1.075, Train_accy 80.00:  50%|█████     | 5/10 [00:08<00:07,  1.45s/it]
Task 9, Epoch 6/10 => Loss 1.075, Train_accy 80.00:  60%|██████    | 6/10 [00:08<00:05,  1.45s/it]
Task 9, Epoch 7/10 => Loss 0.546, Train_accy 84.00:  60%|██████    | 6/10 [00:10<00:05,  1.45s/it]
Task 9, Epoch 7/10 => Loss 0.546, Train_accy 84.00:  70%|███████   | 7/10 [00:10<00:04,  1.45s/it]
Task 9, Epoch 8/10 => Loss 0.975, Train_accy 76.00:  70%|███████   | 7/10 [00:11<00:04,  1.45s/it]
Task 9, Epoch 8/10 => Loss 0.975, Train_accy 76.00:  80%|████████  | 8/10 [00:11<00:02,  1.45s/it]
Task 9, Epoch 9/10 => Loss 0.311, Train_accy 88.00:  80%|████████  | 8/10 [00:13<00:02,  1.45s/it]
Task 9, Epoch 9/10 => Loss 0.311, Train_accy 88.00:  90%|█████████ | 9/10 [00:13<00:01,  1.45s/it]
Task 9, Epoch 10/10 => Loss 0.417, Train_accy 92.00:  90%|█████████ | 9/10 [00:14<00:01,  1.45s/it]
Task 9, Epoch 10/10 => Loss 0.417, Train_accy 92.00: 100%|██████████| 10/10 [00:14<00:00,  1.45s/it]
Task 9, Epoch 10/10 => Loss 0.417, Train_accy 92.00: 100%|██████████| 10/10 [00:14<00:00,  1.45s/it]
2026-01-02 20:07:02,902 [inflora.py] => Task 9, Epoch 10/10 => Loss 0.417, Train_accy 92.00
Threshold:  0.9714285714285714
Skip Updating DualGPM for layer: 1
Skip Updating DualGPM for layer: 2
Layer 1 - Projection Matrix shape: torch.Size([768, 768])
Layer 2 - Projection Matrix shape: torch.Size([768, 768])
Layer 3 - Projection Matrix shape: torch.Size([768, 768])
Layer 4 - Projection Matrix shape: torch.Size([768, 768])
Layer 5 - Projection Matrix shape: torch.Size([768, 768])
Layer 6 - Projection Matrix shape: torch.Size([768, 768])
Layer 7 - Projection Matrix shape: torch.Size([768, 768])
Layer 8 - Projection Matrix shape: torch.Size([768, 768])
Layer 9 - Projection Matrix shape: torch.Size([768, 768])
Layer 10 - Projection Matrix shape: torch.Size([768, 768])
Layer 11 - Projection Matrix shape: torch.Size([768, 768])
Layer 12 - Projection Matrix shape: torch.Size([768, 768])
2026-01-02 20:07:22,739 [inflora.py] => Exemplar size: 0
2026-01-02 20:07:22,739 [trainer.py] => CNN: {'total': 63.08, '00-99': 91.36, '100-104': 22.81, '105-109': 0.0, '110-114': 0.0, '115-119': 0.0, '120-124': 0.0, '125-129': 0.0, '130-134': 0.0, '135-139': 0.0, '140-144': 0.0, '145-149': 84.0, '150-154': 84.0, '155-159': 100.0, '160-164': 92.0, '165-169': 80.0, '170-174': 84.0, '175-179': 80.0, '180-184': 92.0, '185-189': 80.0, '190-194': 96.0, '195-199': 80.0, 'old': 65.28, 'new': 0.0}
2026-01-02 20:07:22,739 [trainer.py] => CNN top1 curve: [92.77, 89.17, 84.57, 81.2, 76.48, 73.11, 70.27, 67.63, 65.28, 63.08]
2026-01-02 20:07:22,740 [trainer.py] => Average Accuracy (CNN): 76.36
2026-01-02 20:07:22,750 [trainer.py] => All params: 102451025
2026-01-02 20:07:22,756 [trainer.py] => Trainable params: 261220
2026-01-02 20:07:22,756 [inflora.py] => Learning on 145-150

  0%|          | 0/10 [00:00<?, ?it/s]
Task 10, Epoch 1/10 => Loss 5.581, Train_accy 0.00:   0%|          | 0/10 [00:01<?, ?it/s]
Task 10, Epoch 1/10 => Loss 5.581, Train_accy 0.00:  10%|█         | 1/10 [00:01<00:13,  1.50s/it]
Task 10, Epoch 2/10 => Loss 4.192, Train_accy 8.00:  10%|█         | 1/10 [00:03<00:13,  1.50s/it]
Task 10, Epoch 2/10 => Loss 4.192, Train_accy 8.00:  20%|██        | 2/10 [00:03<00:12,  1.51s/it]
Task 10, Epoch 3/10 => Loss 2.942, Train_accy 28.00:  20%|██        | 2/10 [00:04<00:12,  1.51s/it]
Task 10, Epoch 3/10 => Loss 2.942, Train_accy 28.00:  30%|███       | 3/10 [00:04<00:10,  1.50s/it]
Task 10, Epoch 4/10 => Loss 1.951, Train_accy 64.00:  30%|███       | 3/10 [00:06<00:10,  1.50s/it]
Task 10, Epoch 4/10 => Loss 1.951, Train_accy 64.00:  40%|████      | 4/10 [00:06<00:09,  1.50s/it]
Task 10, Epoch 5/10 => Loss 1.037, Train_accy 80.00:  40%|████      | 4/10 [00:07<00:09,  1.50s/it]
Task 10, Epoch 5/10 => Loss 1.037, Train_accy 80.00:  50%|█████     | 5/10 [00:07<00:07,  1.50s/it]
Task 10, Epoch 6/10 => Loss 0.803, Train_accy 76.00:  50%|█████     | 5/10 [00:08<00:07,  1.50s/it]
Task 10, Epoch 6/10 => Loss 0.803, Train_accy 76.00:  60%|██████    | 6/10 [00:08<00:05,  1.50s/it]
Task 10, Epoch 7/10 => Loss 0.506, Train_accy 100.00:  60%|██████    | 6/10 [00:10<00:05,  1.50s/it]
Task 10, Epoch 7/10 => Loss 0.506, Train_accy 100.00:  70%|███████   | 7/10 [00:10<00:04,  1.49s/it]
Task 10, Epoch 8/10 => Loss 0.437, Train_accy 92.00:  70%|███████   | 7/10 [00:11<00:04,  1.49s/it] 
Task 10, Epoch 8/10 => Loss 0.437, Train_accy 92.00:  80%|████████  | 8/10 [00:11<00:02,  1.50s/it]
Task 10, Epoch 9/10 => Loss 0.513, Train_accy 88.00:  80%|████████  | 8/10 [00:13<00:02,  1.50s/it]
Task 10, Epoch 9/10 => Loss 0.513, Train_accy 88.00:  90%|█████████ | 9/10 [00:13<00:01,  1.49s/it]
Task 10, Epoch 10/10 => Loss 0.197, Train_accy 100.00:  90%|█████████ | 9/10 [00:14<00:01,  1.49s/it]
Task 10, Epoch 10/10 => Loss 0.197, Train_accy 100.00: 100%|██████████| 10/10 [00:14<00:00,  1.50s/it]
Task 10, Epoch 10/10 => Loss 0.197, Train_accy 100.00: 100%|██████████| 10/10 [00:14<00:00,  1.50s/it]
2026-01-02 20:07:40,633 [inflora.py] => Task 10, Epoch 10/10 => Loss 0.197, Train_accy 100.00
Threshold:  0.9738095238095238
Layer 1 - Projection Matrix shape: torch.Size([768, 768])
Layer 2 - Projection Matrix shape: torch.Size([768, 768])
Layer 3 - Projection Matrix shape: torch.Size([768, 768])
Layer 4 - Projection Matrix shape: torch.Size([768, 768])
Layer 5 - Projection Matrix shape: torch.Size([768, 768])
Layer 6 - Projection Matrix shape: torch.Size([768, 768])
Layer 7 - Projection Matrix shape: torch.Size([768, 768])
Layer 8 - Projection Matrix shape: torch.Size([768, 768])
Layer 9 - Projection Matrix shape: torch.Size([768, 768])
Layer 10 - Projection Matrix shape: torch.Size([768, 768])
Layer 11 - Projection Matrix shape: torch.Size([768, 768])
Layer 12 - Projection Matrix shape: torch.Size([768, 768])
2026-01-02 20:08:01,224 [inflora.py] => Exemplar size: 0
2026-01-02 20:08:01,224 [trainer.py] => CNN: {'total': 60.3, '00-99': 90.74, '100-104': 22.81, '105-109': 0.0, '110-114': 0.0, '115-119': 0.0, '120-124': 0.0, '125-129': 0.0, '130-134': 0.0, '135-139': 0.0, '140-144': 0.0, '145-149': 0.0, '150-154': 92.0, '155-159': 88.0, '160-164': 92.0, '165-169': 80.0, '170-174': 88.0, '175-179': 92.0, '180-184': 84.0, '185-189': 80.0, '190-194': 88.0, '195-199': 84.0, 'old': 62.66, 'new': 0.0}
2026-01-02 20:08:01,224 [trainer.py] => CNN top1 curve: [92.77, 89.17, 84.57, 81.2, 76.48, 73.11, 70.27, 67.63, 65.28, 63.08, 60.3]
2026-01-02 20:08:01,224 [trainer.py] => Average Accuracy (CNN): 74.90
2026-01-02 20:08:01,229 [trainer.py] => All params: 102451025
2026-01-02 20:08:01,233 [trainer.py] => Trainable params: 261220
2026-01-02 20:08:01,233 [inflora.py] => Learning on 150-155

  0%|          | 0/10 [00:00<?, ?it/s]
Task 11, Epoch 1/10 => Loss 5.080, Train_accy 4.00:   0%|          | 0/10 [00:01<?, ?it/s]
Task 11, Epoch 1/10 => Loss 5.080, Train_accy 4.00:  10%|█         | 1/10 [00:01<00:13,  1.51s/it]
Task 11, Epoch 2/10 => Loss 3.829, Train_accy 8.00:  10%|█         | 1/10 [00:03<00:13,  1.51s/it]
Task 11, Epoch 2/10 => Loss 3.829, Train_accy 8.00:  20%|██        | 2/10 [00:03<00:12,  1.52s/it]
Task 11, Epoch 3/10 => Loss 2.570, Train_accy 28.00:  20%|██        | 2/10 [00:04<00:12,  1.52s/it]
Task 11, Epoch 3/10 => Loss 2.570, Train_accy 28.00:  30%|███       | 3/10 [00:04<00:10,  1.52s/it]
Task 11, Epoch 4/10 => Loss 1.779, Train_accy 64.00:  30%|███       | 3/10 [00:06<00:10,  1.52s/it]
Task 11, Epoch 4/10 => Loss 1.779, Train_accy 64.00:  40%|████      | 4/10 [00:06<00:09,  1.52s/it]
Task 11, Epoch 5/10 => Loss 0.793, Train_accy 88.00:  40%|████      | 4/10 [00:07<00:09,  1.52s/it]
Task 11, Epoch 5/10 => Loss 0.793, Train_accy 88.00:  50%|█████     | 5/10 [00:07<00:07,  1.53s/it]
Task 11, Epoch 6/10 => Loss 0.511, Train_accy 92.00:  50%|█████     | 5/10 [00:09<00:07,  1.53s/it]
Task 11, Epoch 6/10 => Loss 0.511, Train_accy 92.00:  60%|██████    | 6/10 [00:09<00:06,  1.52s/it]
Task 11, Epoch 7/10 => Loss 0.399, Train_accy 92.00:  60%|██████    | 6/10 [00:10<00:06,  1.52s/it]
Task 11, Epoch 7/10 => Loss 0.399, Train_accy 92.00:  70%|███████   | 7/10 [00:10<00:04,  1.52s/it]
Task 11, Epoch 8/10 => Loss 0.197, Train_accy 96.00:  70%|███████   | 7/10 [00:12<00:04,  1.52s/it]
Task 11, Epoch 8/10 => Loss 0.197, Train_accy 96.00:  80%|████████  | 8/10 [00:12<00:03,  1.52s/it]
Task 11, Epoch 9/10 => Loss 0.184, Train_accy 96.00:  80%|████████  | 8/10 [00:13<00:03,  1.52s/it]
Task 11, Epoch 9/10 => Loss 0.184, Train_accy 96.00:  90%|█████████ | 9/10 [00:13<00:01,  1.52s/it]
Task 11, Epoch 10/10 => Loss 0.388, Train_accy 92.00:  90%|█████████ | 9/10 [00:15<00:01,  1.52s/it]
Task 11, Epoch 10/10 => Loss 0.388, Train_accy 92.00: 100%|██████████| 10/10 [00:15<00:00,  1.52s/it]
Task 11, Epoch 10/10 => Loss 0.388, Train_accy 92.00: 100%|██████████| 10/10 [00:15<00:00,  1.52s/it]
2026-01-02 20:08:19,256 [inflora.py] => Task 11, Epoch 10/10 => Loss 0.388, Train_accy 92.00
Threshold:  0.9761904761904762
Skip Updating DualGPM for layer: 1
Skip Updating DualGPM for layer: 2
Layer 1 - Projection Matrix shape: torch.Size([768, 768])
Layer 2 - Projection Matrix shape: torch.Size([768, 768])
Layer 3 - Projection Matrix shape: torch.Size([768, 768])
Layer 4 - Projection Matrix shape: torch.Size([768, 768])
Layer 5 - Projection Matrix shape: torch.Size([768, 768])
Layer 6 - Projection Matrix shape: torch.Size([768, 768])
Layer 7 - Projection Matrix shape: torch.Size([768, 768])
Layer 8 - Projection Matrix shape: torch.Size([768, 768])
Layer 9 - Projection Matrix shape: torch.Size([768, 768])
Layer 10 - Projection Matrix shape: torch.Size([768, 768])
Layer 11 - Projection Matrix shape: torch.Size([768, 768])
Layer 12 - Projection Matrix shape: torch.Size([768, 768])
2026-01-02 20:08:38,996 [inflora.py] => Exemplar size: 0
2026-01-02 20:08:38,996 [trainer.py] => CNN: {'total': 57.9, '00-99': 90.65, '100-104': 22.81, '105-109': 0.0, '110-114': 0.0, '115-119': 0.0, '120-124': 0.0, '125-129': 0.0, '130-134': 0.0, '135-139': 0.0, '140-144': 0.0, '145-149': 0.0, '150-154': 0.0, '155-159': 96.0, '160-164': 84.0, '165-169': 88.0, '170-174': 100.0, '175-179': 100.0, '180-184': 92.0, '185-189': 88.0, '190-194': 84.0, '195-199': 100.0, 'old': 60.24, 'new': 0.0}
2026-01-02 20:08:38,996 [trainer.py] => CNN top1 curve: [92.77, 89.17, 84.57, 81.2, 76.48, 73.11, 70.27, 67.63, 65.28, 63.08, 60.3, 57.9]
2026-01-02 20:08:38,996 [trainer.py] => Average Accuracy (CNN): 73.48
2026-01-02 20:08:39,003 [trainer.py] => All params: 102451025
2026-01-02 20:08:39,007 [trainer.py] => Trainable params: 261220
2026-01-02 20:08:39,008 [inflora.py] => Learning on 155-160

  0%|          | 0/10 [00:00<?, ?it/s]
Task 12, Epoch 1/10 => Loss 4.665, Train_accy 0.00:   0%|          | 0/10 [00:01<?, ?it/s]
Task 12, Epoch 1/10 => Loss 4.665, Train_accy 0.00:  10%|█         | 1/10 [00:01<00:13,  1.54s/it]
Task 12, Epoch 2/10 => Loss 3.286, Train_accy 8.00:  10%|█         | 1/10 [00:03<00:13,  1.54s/it]
Task 12, Epoch 2/10 => Loss 3.286, Train_accy 8.00:  20%|██        | 2/10 [00:03<00:12,  1.54s/it]
Task 12, Epoch 3/10 => Loss 2.031, Train_accy 52.00:  20%|██        | 2/10 [00:04<00:12,  1.54s/it]
Task 12, Epoch 3/10 => Loss 2.031, Train_accy 52.00:  30%|███       | 3/10 [00:04<00:10,  1.55s/it]
Task 12, Epoch 4/10 => Loss 0.872, Train_accy 92.00:  30%|███       | 3/10 [00:06<00:10,  1.55s/it]
Task 12, Epoch 4/10 => Loss 0.872, Train_accy 92.00:  40%|████      | 4/10 [00:06<00:09,  1.53s/it]
Task 12, Epoch 5/10 => Loss 0.627, Train_accy 92.00:  40%|████      | 4/10 [00:07<00:09,  1.53s/it]
Task 12, Epoch 5/10 => Loss 0.627, Train_accy 92.00:  50%|█████     | 5/10 [00:07<00:07,  1.54s/it]
Task 12, Epoch 6/10 => Loss 0.250, Train_accy 96.00:  50%|█████     | 5/10 [00:09<00:07,  1.54s/it]
Task 12, Epoch 6/10 => Loss 0.250, Train_accy 96.00:  60%|██████    | 6/10 [00:09<00:06,  1.55s/it]
Task 12, Epoch 7/10 => Loss 0.477, Train_accy 96.00:  60%|██████    | 6/10 [00:10<00:06,  1.55s/it]
Task 12, Epoch 7/10 => Loss 0.477, Train_accy 96.00:  70%|███████   | 7/10 [00:10<00:04,  1.55s/it]
Task 12, Epoch 8/10 => Loss 0.351, Train_accy 88.00:  70%|███████   | 7/10 [00:12<00:04,  1.55s/it]
Task 12, Epoch 8/10 => Loss 0.351, Train_accy 88.00:  80%|████████  | 8/10 [00:12<00:03,  1.54s/it]
Task 12, Epoch 9/10 => Loss 0.339, Train_accy 96.00:  80%|████████  | 8/10 [00:13<00:03,  1.54s/it]
Task 12, Epoch 9/10 => Loss 0.339, Train_accy 96.00:  90%|█████████ | 9/10 [00:13<00:01,  1.54s/it]
Task 12, Epoch 10/10 => Loss 0.046, Train_accy 100.00:  90%|█████████ | 9/10 [00:15<00:01,  1.54s/it]
Task 12, Epoch 10/10 => Loss 0.046, Train_accy 100.00: 100%|██████████| 10/10 [00:15<00:00,  1.58s/it]
Task 12, Epoch 10/10 => Loss 0.046, Train_accy 100.00: 100%|██████████| 10/10 [00:15<00:00,  1.56s/it]
2026-01-02 20:08:57,418 [inflora.py] => Task 12, Epoch 10/10 => Loss 0.046, Train_accy 100.00
Threshold:  0.9785714285714285
Skip Updating DualGPM for layer: 1
Layer 1 - Projection Matrix shape: torch.Size([768, 768])
Layer 2 - Projection Matrix shape: torch.Size([768, 768])
Layer 3 - Projection Matrix shape: torch.Size([768, 768])
Layer 4 - Projection Matrix shape: torch.Size([768, 768])
Layer 5 - Projection Matrix shape: torch.Size([768, 768])
Layer 6 - Projection Matrix shape: torch.Size([768, 768])
Layer 7 - Projection Matrix shape: torch.Size([768, 768])
Layer 8 - Projection Matrix shape: torch.Size([768, 768])
Layer 9 - Projection Matrix shape: torch.Size([768, 768])
Layer 10 - Projection Matrix shape: torch.Size([768, 768])
Layer 11 - Projection Matrix shape: torch.Size([768, 768])
Layer 12 - Projection Matrix shape: torch.Size([768, 768])
2026-01-02 20:09:17,790 [inflora.py] => Exemplar size: 0
2026-01-02 20:09:17,790 [trainer.py] => CNN: {'total': 55.54, '00-99': 89.86, '100-104': 22.81, '105-109': 0.0, '110-114': 0.0, '115-119': 0.0, '120-124': 0.0, '125-129': 0.0, '130-134': 0.0, '135-139': 0.0, '140-144': 0.0, '145-149': 0.0, '150-154': 0.0, '155-159': 0.0, '160-164': 92.0, '165-169': 88.0, '170-174': 92.0, '175-179': 92.0, '180-184': 92.0, '185-189': 88.0, '190-194': 92.0, '195-199': 100.0, 'old': 57.4, 'new': 0.0}
2026-01-02 20:09:17,791 [trainer.py] => CNN top1 curve: [92.77, 89.17, 84.57, 81.2, 76.48, 73.11, 70.27, 67.63, 65.28, 63.08, 60.3, 57.9, 55.54]
2026-01-02 20:09:17,791 [trainer.py] => Average Accuracy (CNN): 72.10
2026-01-02 20:09:17,797 [trainer.py] => All params: 102451025
2026-01-02 20:09:17,802 [trainer.py] => Trainable params: 261220
2026-01-02 20:09:17,802 [inflora.py] => Learning on 160-165

  0%|          | 0/10 [00:00<?, ?it/s]
Task 13, Epoch 1/10 => Loss 5.378, Train_accy 0.00:   0%|          | 0/10 [00:01<?, ?it/s]
Task 13, Epoch 1/10 => Loss 5.378, Train_accy 0.00:  10%|█         | 1/10 [00:01<00:14,  1.56s/it]
Task 13, Epoch 2/10 => Loss 4.134, Train_accy 28.00:  10%|█         | 1/10 [00:03<00:14,  1.56s/it]
Task 13, Epoch 2/10 => Loss 4.134, Train_accy 28.00:  20%|██        | 2/10 [00:03<00:12,  1.55s/it]
Task 13, Epoch 3/10 => Loss 2.988, Train_accy 40.00:  20%|██        | 2/10 [00:04<00:12,  1.55s/it]
Task 13, Epoch 3/10 => Loss 2.988, Train_accy 40.00:  30%|███       | 3/10 [00:04<00:10,  1.56s/it]
Task 13, Epoch 4/10 => Loss 1.749, Train_accy 56.00:  30%|███       | 3/10 [00:06<00:10,  1.56s/it]
Task 13, Epoch 4/10 => Loss 1.749, Train_accy 56.00:  40%|████      | 4/10 [00:06<00:09,  1.55s/it]
Task 13, Epoch 5/10 => Loss 1.496, Train_accy 64.00:  40%|████      | 4/10 [00:07<00:09,  1.55s/it]
Task 13, Epoch 5/10 => Loss 1.496, Train_accy 64.00:  50%|█████     | 5/10 [00:07<00:07,  1.55s/it]
Task 13, Epoch 6/10 => Loss 0.727, Train_accy 76.00:  50%|█████     | 5/10 [00:09<00:07,  1.55s/it]
Task 13, Epoch 6/10 => Loss 0.727, Train_accy 76.00:  60%|██████    | 6/10 [00:09<00:06,  1.55s/it]
Task 13, Epoch 7/10 => Loss 0.906, Train_accy 84.00:  60%|██████    | 6/10 [00:10<00:06,  1.55s/it]
Task 13, Epoch 7/10 => Loss 0.906, Train_accy 84.00:  70%|███████   | 7/10 [00:10<00:04,  1.55s/it]
Task 13, Epoch 8/10 => Loss 0.454, Train_accy 80.00:  70%|███████   | 7/10 [00:12<00:04,  1.55s/it]
Task 13, Epoch 8/10 => Loss 0.454, Train_accy 80.00:  80%|████████  | 8/10 [00:12<00:03,  1.55s/it]
Task 13, Epoch 9/10 => Loss 0.510, Train_accy 76.00:  80%|████████  | 8/10 [00:13<00:03,  1.55s/it]
Task 13, Epoch 9/10 => Loss 0.510, Train_accy 76.00:  90%|█████████ | 9/10 [00:13<00:01,  1.56s/it]
Task 13, Epoch 10/10 => Loss 0.494, Train_accy 88.00:  90%|█████████ | 9/10 [00:15<00:01,  1.56s/it]
Task 13, Epoch 10/10 => Loss 0.494, Train_accy 88.00: 100%|██████████| 10/10 [00:15<00:00,  1.56s/it]
Task 13, Epoch 10/10 => Loss 0.494, Train_accy 88.00: 100%|██████████| 10/10 [00:15<00:00,  1.55s/it]
2026-01-02 20:09:36,211 [inflora.py] => Task 13, Epoch 10/10 => Loss 0.494, Train_accy 88.00
Threshold:  0.9809523809523809
Skip Updating DualGPM for layer: 2
Layer 1 - Projection Matrix shape: torch.Size([768, 768])
Layer 2 - Projection Matrix shape: torch.Size([768, 768])
Layer 3 - Projection Matrix shape: torch.Size([768, 768])
Layer 4 - Projection Matrix shape: torch.Size([768, 768])
Layer 5 - Projection Matrix shape: torch.Size([768, 768])
Layer 6 - Projection Matrix shape: torch.Size([768, 768])
Layer 7 - Projection Matrix shape: torch.Size([768, 768])
Layer 8 - Projection Matrix shape: torch.Size([768, 768])
Layer 9 - Projection Matrix shape: torch.Size([768, 768])
Layer 10 - Projection Matrix shape: torch.Size([768, 768])
Layer 11 - Projection Matrix shape: torch.Size([768, 768])
Layer 12 - Projection Matrix shape: torch.Size([768, 768])
2026-01-02 20:09:56,337 [inflora.py] => Exemplar size: 0
2026-01-02 20:09:56,337 [trainer.py] => CNN: {'total': 54.05, '00-99': 90.12, '100-104': 22.81, '105-109': 0.0, '110-114': 0.0, '115-119': 0.0, '120-124': 0.0, '125-129': 0.0, '130-134': 0.0, '135-139': 0.0, '140-144': 0.0, '145-149': 0.0, '150-154': 0.0, '155-159': 0.0, '160-164': 0.0, '165-169': 84.0, '170-174': 88.0, '175-179': 92.0, '180-184': 92.0, '185-189': 88.0, '190-194': 92.0, '195-199': 92.0, 'old': 55.71, 'new': 0.0}
2026-01-02 20:09:56,338 [trainer.py] => CNN top1 curve: [92.77, 89.17, 84.57, 81.2, 76.48, 73.11, 70.27, 67.63, 65.28, 63.08, 60.3, 57.9, 55.54, 54.05]
2026-01-02 20:09:56,338 [trainer.py] => Average Accuracy (CNN): 70.81
2026-01-02 20:09:56,345 [trainer.py] => All params: 102451025
2026-01-02 20:09:56,350 [trainer.py] => Trainable params: 261220
2026-01-02 20:09:56,350 [inflora.py] => Learning on 165-170

  0%|          | 0/10 [00:00<?, ?it/s]
Task 14, Epoch 1/10 => Loss 5.709, Train_accy 0.00:   0%|          | 0/10 [00:01<?, ?it/s]
Task 14, Epoch 1/10 => Loss 5.709, Train_accy 0.00:  10%|█         | 1/10 [00:01<00:14,  1.57s/it]
Task 14, Epoch 2/10 => Loss 3.907, Train_accy 4.00:  10%|█         | 1/10 [00:03<00:14,  1.57s/it]
Task 14, Epoch 2/10 => Loss 3.907, Train_accy 4.00:  20%|██        | 2/10 [00:03<00:12,  1.58s/it]
Task 14, Epoch 3/10 => Loss 2.602, Train_accy 32.00:  20%|██        | 2/10 [00:04<00:12,  1.58s/it]
Task 14, Epoch 3/10 => Loss 2.602, Train_accy 32.00:  30%|███       | 3/10 [00:04<00:11,  1.58s/it]
Task 14, Epoch 4/10 => Loss 1.589, Train_accy 76.00:  30%|███       | 3/10 [00:06<00:11,  1.58s/it]
Task 14, Epoch 4/10 => Loss 1.589, Train_accy 76.00:  40%|████      | 4/10 [00:06<00:09,  1.58s/it]
Task 14, Epoch 5/10 => Loss 0.865, Train_accy 84.00:  40%|████      | 4/10 [00:07<00:09,  1.58s/it]
Task 14, Epoch 5/10 => Loss 0.865, Train_accy 84.00:  50%|█████     | 5/10 [00:07<00:07,  1.59s/it]
Task 14, Epoch 6/10 => Loss 0.497, Train_accy 92.00:  50%|█████     | 5/10 [00:09<00:07,  1.59s/it]
Task 14, Epoch 6/10 => Loss 0.497, Train_accy 92.00:  60%|██████    | 6/10 [00:09<00:06,  1.58s/it]
Task 14, Epoch 7/10 => Loss 0.486, Train_accy 88.00:  60%|██████    | 6/10 [00:11<00:06,  1.58s/it]
Task 14, Epoch 7/10 => Loss 0.486, Train_accy 88.00:  70%|███████   | 7/10 [00:11<00:04,  1.58s/it]
Task 14, Epoch 8/10 => Loss 0.400, Train_accy 96.00:  70%|███████   | 7/10 [00:12<00:04,  1.58s/it]
Task 14, Epoch 8/10 => Loss 0.400, Train_accy 96.00:  80%|████████  | 8/10 [00:12<00:03,  1.58s/it]
Task 14, Epoch 9/10 => Loss 0.346, Train_accy 92.00:  80%|████████  | 8/10 [00:14<00:03,  1.58s/it]
Task 14, Epoch 9/10 => Loss 0.346, Train_accy 92.00:  90%|█████████ | 9/10 [00:14<00:01,  1.58s/it]
Task 14, Epoch 10/10 => Loss 0.530, Train_accy 84.00:  90%|█████████ | 9/10 [00:15<00:01,  1.58s/it]
Task 14, Epoch 10/10 => Loss 0.530, Train_accy 84.00: 100%|██████████| 10/10 [00:15<00:00,  1.58s/it]
Task 14, Epoch 10/10 => Loss 0.530, Train_accy 84.00: 100%|██████████| 10/10 [00:15<00:00,  1.58s/it]
2026-01-02 20:10:15,183 [inflora.py] => Task 14, Epoch 10/10 => Loss 0.530, Train_accy 84.00
Threshold:  0.9833333333333333
Skip Updating DualGPM for layer: 1
Skip Updating DualGPM for layer: 2
Layer 1 - Projection Matrix shape: torch.Size([768, 768])
Layer 2 - Projection Matrix shape: torch.Size([768, 768])
Layer 3 - Projection Matrix shape: torch.Size([768, 768])
Layer 4 - Projection Matrix shape: torch.Size([768, 768])
Layer 5 - Projection Matrix shape: torch.Size([768, 768])
Layer 6 - Projection Matrix shape: torch.Size([768, 768])
Layer 7 - Projection Matrix shape: torch.Size([768, 768])
Layer 8 - Projection Matrix shape: torch.Size([768, 768])
Layer 9 - Projection Matrix shape: torch.Size([768, 768])
Layer 10 - Projection Matrix shape: torch.Size([768, 768])
Layer 11 - Projection Matrix shape: torch.Size([768, 768])
Layer 12 - Projection Matrix shape: torch.Size([768, 768])
2026-01-02 20:10:36,228 [inflora.py] => Exemplar size: 0
2026-01-02 20:10:36,228 [trainer.py] => CNN: {'total': 52.46, '00-99': 90.21, '100-104': 22.81, '105-109': 0.0, '110-114': 0.0, '115-119': 0.0, '120-124': 0.0, '125-129': 0.0, '130-134': 0.0, '135-139': 0.0, '140-144': 0.0, '145-149': 0.0, '150-154': 0.0, '155-159': 0.0, '160-164': 0.0, '165-169': 0.0, '170-174': 92.0, '175-179': 96.0, '180-184': 92.0, '185-189': 80.0, '190-194': 88.0, '195-199': 92.0, 'old': 54.1, 'new': 0.0}
2026-01-02 20:10:36,228 [trainer.py] => CNN top1 curve: [92.77, 89.17, 84.57, 81.2, 76.48, 73.11, 70.27, 67.63, 65.28, 63.08, 60.3, 57.9, 55.54, 54.05, 52.46]
2026-01-02 20:10:36,229 [trainer.py] => Average Accuracy (CNN): 69.59
2026-01-02 20:10:36,237 [trainer.py] => All params: 102451025
2026-01-02 20:10:36,243 [trainer.py] => Trainable params: 261220
2026-01-02 20:10:36,243 [inflora.py] => Learning on 170-175

  0%|          | 0/10 [00:00<?, ?it/s]
Task 15, Epoch 1/10 => Loss 5.810, Train_accy 0.00:   0%|          | 0/10 [00:01<?, ?it/s]
Task 15, Epoch 1/10 => Loss 5.810, Train_accy 0.00:  10%|█         | 1/10 [00:01<00:14,  1.63s/it]
Task 15, Epoch 2/10 => Loss 4.190, Train_accy 8.00:  10%|█         | 1/10 [00:03<00:14,  1.63s/it]
Task 15, Epoch 2/10 => Loss 4.190, Train_accy 8.00:  20%|██        | 2/10 [00:03<00:13,  1.63s/it]
Task 15, Epoch 3/10 => Loss 3.092, Train_accy 16.00:  20%|██        | 2/10 [00:04<00:13,  1.63s/it]
Task 15, Epoch 3/10 => Loss 3.092, Train_accy 16.00:  30%|███       | 3/10 [00:04<00:11,  1.62s/it]
Task 15, Epoch 4/10 => Loss 1.930, Train_accy 60.00:  30%|███       | 3/10 [00:06<00:11,  1.62s/it]
Task 15, Epoch 4/10 => Loss 1.930, Train_accy 60.00:  40%|████      | 4/10 [00:06<00:09,  1.62s/it]
Task 15, Epoch 5/10 => Loss 0.847, Train_accy 80.00:  40%|████      | 4/10 [00:08<00:09,  1.62s/it]
Task 15, Epoch 5/10 => Loss 0.847, Train_accy 80.00:  50%|█████     | 5/10 [00:08<00:08,  1.62s/it]
Task 15, Epoch 6/10 => Loss 0.540, Train_accy 88.00:  50%|█████     | 5/10 [00:09<00:08,  1.62s/it]
Task 15, Epoch 6/10 => Loss 0.540, Train_accy 88.00:  60%|██████    | 6/10 [00:09<00:06,  1.62s/it]
Task 15, Epoch 7/10 => Loss 0.871, Train_accy 76.00:  60%|██████    | 6/10 [00:11<00:06,  1.62s/it]
Task 15, Epoch 7/10 => Loss 0.871, Train_accy 76.00:  70%|███████   | 7/10 [00:11<00:04,  1.62s/it]
Task 15, Epoch 8/10 => Loss 0.458, Train_accy 92.00:  70%|███████   | 7/10 [00:12<00:04,  1.62s/it]
Task 15, Epoch 8/10 => Loss 0.458, Train_accy 92.00:  80%|████████  | 8/10 [00:12<00:03,  1.62s/it]
Task 15, Epoch 9/10 => Loss 0.431, Train_accy 88.00:  80%|████████  | 8/10 [00:14<00:03,  1.62s/it]
Task 15, Epoch 9/10 => Loss 0.431, Train_accy 88.00:  90%|█████████ | 9/10 [00:14<00:01,  1.63s/it]
Task 15, Epoch 10/10 => Loss 0.541, Train_accy 84.00:  90%|█████████ | 9/10 [00:16<00:01,  1.63s/it]
Task 15, Epoch 10/10 => Loss 0.541, Train_accy 84.00: 100%|██████████| 10/10 [00:16<00:00,  1.63s/it]
Task 15, Epoch 10/10 => Loss 0.541, Train_accy 84.00: 100%|██████████| 10/10 [00:16<00:00,  1.63s/it]
2026-01-02 20:10:55,725 [inflora.py] => Task 15, Epoch 10/10 => Loss 0.541, Train_accy 84.00
Threshold:  0.9857142857142857
Skip Updating DualGPM for layer: 1
Layer 1 - Projection Matrix shape: torch.Size([768, 768])
Layer 2 - Projection Matrix shape: torch.Size([768, 768])
Layer 3 - Projection Matrix shape: torch.Size([768, 768])
Layer 4 - Projection Matrix shape: torch.Size([768, 768])
Layer 5 - Projection Matrix shape: torch.Size([768, 768])
Layer 6 - Projection Matrix shape: torch.Size([768, 768])
Layer 7 - Projection Matrix shape: torch.Size([768, 768])
Layer 8 - Projection Matrix shape: torch.Size([768, 768])
Layer 9 - Projection Matrix shape: torch.Size([768, 768])
Layer 10 - Projection Matrix shape: torch.Size([768, 768])
Layer 11 - Projection Matrix shape: torch.Size([768, 768])
Layer 12 - Projection Matrix shape: torch.Size([768, 768])
2026-01-02 20:11:15,905 [inflora.py] => Exemplar size: 0
2026-01-02 20:11:15,905 [trainer.py] => CNN: {'total': 50.91, '00-99': 90.12, '100-104': 22.81, '105-109': 0.0, '110-114': 0.0, '115-119': 0.0, '120-124': 0.0, '125-129': 0.0, '130-134': 0.0, '135-139': 0.0, '140-144': 0.0, '145-149': 0.0, '150-154': 0.0, '155-159': 0.0, '160-164': 0.0, '165-169': 0.0, '170-174': 0.0, '175-179': 96.0, '180-184': 88.0, '185-189': 88.0, '190-194': 92.0, '195-199': 92.0, 'old': 52.41, 'new': 0.0}
2026-01-02 20:11:15,905 [trainer.py] => CNN top1 curve: [92.77, 89.17, 84.57, 81.2, 76.48, 73.11, 70.27, 67.63, 65.28, 63.08, 60.3, 57.9, 55.54, 54.05, 52.46, 50.91]
2026-01-02 20:11:15,905 [trainer.py] => Average Accuracy (CNN): 68.42
2026-01-02 20:11:15,911 [trainer.py] => All params: 102451025
2026-01-02 20:11:15,915 [trainer.py] => Trainable params: 261220
2026-01-02 20:11:15,915 [inflora.py] => Learning on 175-180

  0%|          | 0/10 [00:00<?, ?it/s]
Task 16, Epoch 1/10 => Loss 5.175, Train_accy 4.00:   0%|          | 0/10 [00:01<?, ?it/s]
Task 16, Epoch 1/10 => Loss 5.175, Train_accy 4.00:  10%|█         | 1/10 [00:01<00:14,  1.59s/it]
Task 16, Epoch 2/10 => Loss 3.719, Train_accy 16.00:  10%|█         | 1/10 [00:03<00:14,  1.59s/it]
Task 16, Epoch 2/10 => Loss 3.719, Train_accy 16.00:  20%|██        | 2/10 [00:03<00:12,  1.59s/it]
Task 16, Epoch 3/10 => Loss 2.583, Train_accy 32.00:  20%|██        | 2/10 [00:04<00:12,  1.59s/it]
Task 16, Epoch 3/10 => Loss 2.583, Train_accy 32.00:  30%|███       | 3/10 [00:04<00:11,  1.60s/it]
Task 16, Epoch 4/10 => Loss 1.378, Train_accy 64.00:  30%|███       | 3/10 [00:06<00:11,  1.60s/it]
Task 16, Epoch 4/10 => Loss 1.378, Train_accy 64.00:  40%|████      | 4/10 [00:06<00:09,  1.60s/it]
Task 16, Epoch 5/10 => Loss 0.920, Train_accy 80.00:  40%|████      | 4/10 [00:07<00:09,  1.60s/it]
Task 16, Epoch 5/10 => Loss 0.920, Train_accy 80.00:  50%|█████     | 5/10 [00:07<00:07,  1.60s/it]
Task 16, Epoch 6/10 => Loss 0.630, Train_accy 80.00:  50%|█████     | 5/10 [00:09<00:07,  1.60s/it]
Task 16, Epoch 6/10 => Loss 0.630, Train_accy 80.00:  60%|██████    | 6/10 [00:09<00:06,  1.59s/it]
Task 16, Epoch 7/10 => Loss 0.345, Train_accy 92.00:  60%|██████    | 6/10 [00:11<00:06,  1.59s/it]
Task 16, Epoch 7/10 => Loss 0.345, Train_accy 92.00:  70%|███████   | 7/10 [00:11<00:04,  1.59s/it]
Task 16, Epoch 8/10 => Loss 0.289, Train_accy 96.00:  70%|███████   | 7/10 [00:12<00:04,  1.59s/it]
Task 16, Epoch 8/10 => Loss 0.289, Train_accy 96.00:  80%|████████  | 8/10 [00:12<00:03,  1.60s/it]
Task 16, Epoch 9/10 => Loss 0.216, Train_accy 96.00:  80%|████████  | 8/10 [00:14<00:03,  1.60s/it]
Task 16, Epoch 9/10 => Loss 0.216, Train_accy 96.00:  90%|█████████ | 9/10 [00:14<00:01,  1.60s/it]
Task 16, Epoch 10/10 => Loss 0.442, Train_accy 88.00:  90%|█████████ | 9/10 [00:15<00:01,  1.60s/it]
Task 16, Epoch 10/10 => Loss 0.442, Train_accy 88.00: 100%|██████████| 10/10 [00:15<00:00,  1.60s/it]
Task 16, Epoch 10/10 => Loss 0.442, Train_accy 88.00: 100%|██████████| 10/10 [00:15<00:00,  1.60s/it]
2026-01-02 20:11:34,709 [inflora.py] => Task 16, Epoch 10/10 => Loss 0.442, Train_accy 88.00
Threshold:  0.9880952380952381
Skip Updating DualGPM for layer: 1
Layer 1 - Projection Matrix shape: torch.Size([768, 768])
Layer 2 - Projection Matrix shape: torch.Size([768, 768])
Layer 3 - Projection Matrix shape: torch.Size([768, 768])
Layer 4 - Projection Matrix shape: torch.Size([768, 768])
Layer 5 - Projection Matrix shape: torch.Size([768, 768])
Layer 6 - Projection Matrix shape: torch.Size([768, 768])
Layer 7 - Projection Matrix shape: torch.Size([768, 768])
Layer 8 - Projection Matrix shape: torch.Size([768, 768])
Layer 9 - Projection Matrix shape: torch.Size([768, 768])
Layer 10 - Projection Matrix shape: torch.Size([768, 768])
Layer 11 - Projection Matrix shape: torch.Size([768, 768])
Layer 12 - Projection Matrix shape: torch.Size([768, 768])
2026-01-02 20:11:54,864 [inflora.py] => Exemplar size: 0
2026-01-02 20:11:54,865 [trainer.py] => CNN: {'total': 48.95, '00-99': 89.51, '100-104': 24.56, '105-109': 0.0, '110-114': 0.0, '115-119': 0.0, '120-124': 0.0, '125-129': 0.0, '130-134': 0.0, '135-139': 0.0, '140-144': 0.0, '145-149': 0.0, '150-154': 0.0, '155-159': 0.0, '160-164': 0.0, '165-169': 0.0, '170-174': 0.0, '175-179': 0.0, '180-184': 84.0, '185-189': 92.0, '190-194': 88.0, '195-199': 96.0, 'old': 50.61, 'new': 0.0}
2026-01-02 20:11:54,865 [trainer.py] => CNN top1 curve: [92.77, 89.17, 84.57, 81.2, 76.48, 73.11, 70.27, 67.63, 65.28, 63.08, 60.3, 57.9, 55.54, 54.05, 52.46, 50.91, 48.95]
2026-01-02 20:11:54,865 [trainer.py] => Average Accuracy (CNN): 67.27
2026-01-02 20:11:54,870 [trainer.py] => All params: 102451025
2026-01-02 20:11:54,875 [trainer.py] => Trainable params: 261220
2026-01-02 20:11:54,875 [inflora.py] => Learning on 180-185

  0%|          | 0/10 [00:00<?, ?it/s]
Task 17, Epoch 1/10 => Loss 5.946, Train_accy 12.00:   0%|          | 0/10 [00:01<?, ?it/s]
Task 17, Epoch 1/10 => Loss 5.946, Train_accy 12.00:  10%|█         | 1/10 [00:01<00:15,  1.74s/it]
Task 17, Epoch 2/10 => Loss 4.177, Train_accy 32.00:  10%|█         | 1/10 [00:03<00:15,  1.74s/it]
Task 17, Epoch 2/10 => Loss 4.177, Train_accy 32.00:  20%|██        | 2/10 [00:03<00:13,  1.67s/it]
Task 17, Epoch 3/10 => Loss 3.288, Train_accy 36.00:  20%|██        | 2/10 [00:04<00:13,  1.67s/it]
Task 17, Epoch 3/10 => Loss 3.288, Train_accy 36.00:  30%|███       | 3/10 [00:04<00:11,  1.64s/it]
Task 17, Epoch 4/10 => Loss 2.208, Train_accy 60.00:  30%|███       | 3/10 [00:06<00:11,  1.64s/it]
Task 17, Epoch 4/10 => Loss 2.208, Train_accy 60.00:  40%|████      | 4/10 [00:06<00:09,  1.62s/it]
Task 17, Epoch 5/10 => Loss 1.434, Train_accy 68.00:  40%|████      | 4/10 [00:08<00:09,  1.62s/it]
Task 17, Epoch 5/10 => Loss 1.434, Train_accy 68.00:  50%|█████     | 5/10 [00:08<00:08,  1.62s/it]
Task 17, Epoch 6/10 => Loss 1.081, Train_accy 76.00:  50%|█████     | 5/10 [00:09<00:08,  1.62s/it]
Task 17, Epoch 6/10 => Loss 1.081, Train_accy 76.00:  60%|██████    | 6/10 [00:09<00:06,  1.62s/it]
Task 17, Epoch 7/10 => Loss 0.582, Train_accy 84.00:  60%|██████    | 6/10 [00:11<00:06,  1.62s/it]
Task 17, Epoch 7/10 => Loss 0.582, Train_accy 84.00:  70%|███████   | 7/10 [00:11<00:04,  1.61s/it]
Task 17, Epoch 8/10 => Loss 0.487, Train_accy 92.00:  70%|███████   | 7/10 [00:12<00:04,  1.61s/it]
Task 17, Epoch 8/10 => Loss 0.487, Train_accy 92.00:  80%|████████  | 8/10 [00:12<00:03,  1.61s/it]
Task 17, Epoch 9/10 => Loss 0.334, Train_accy 92.00:  80%|████████  | 8/10 [00:14<00:03,  1.61s/it]
Task 17, Epoch 9/10 => Loss 0.334, Train_accy 92.00:  90%|█████████ | 9/10 [00:14<00:01,  1.61s/it]
Task 17, Epoch 10/10 => Loss 0.298, Train_accy 96.00:  90%|█████████ | 9/10 [00:16<00:01,  1.61s/it]
Task 17, Epoch 10/10 => Loss 0.298, Train_accy 96.00: 100%|██████████| 10/10 [00:16<00:00,  1.60s/it]
Task 17, Epoch 10/10 => Loss 0.298, Train_accy 96.00: 100%|██████████| 10/10 [00:16<00:00,  1.62s/it]
2026-01-02 20:12:13,890 [inflora.py] => Task 17, Epoch 10/10 => Loss 0.298, Train_accy 96.00
Threshold:  0.9904761904761905
Skip Updating DualGPM for layer: 2
Layer 1 - Projection Matrix shape: torch.Size([768, 768])
Layer 2 - Projection Matrix shape: torch.Size([768, 768])
Layer 3 - Projection Matrix shape: torch.Size([768, 768])
Layer 4 - Projection Matrix shape: torch.Size([768, 768])
Layer 5 - Projection Matrix shape: torch.Size([768, 768])
Layer 6 - Projection Matrix shape: torch.Size([768, 768])
Layer 7 - Projection Matrix shape: torch.Size([768, 768])
Layer 8 - Projection Matrix shape: torch.Size([768, 768])
Layer 9 - Projection Matrix shape: torch.Size([768, 768])
Layer 10 - Projection Matrix shape: torch.Size([768, 768])
Layer 11 - Projection Matrix shape: torch.Size([768, 768])
Layer 12 - Projection Matrix shape: torch.Size([768, 768])
2026-01-02 20:12:34,622 [inflora.py] => Exemplar size: 0
2026-01-02 20:12:34,622 [trainer.py] => CNN: {'total': 47.43, '00-99': 89.24, '100-104': 24.56, '105-109': 0.0, '110-114': 0.0, '115-119': 0.0, '120-124': 0.0, '125-129': 0.0, '130-134': 0.0, '135-139': 0.0, '140-144': 0.0, '145-149': 0.0, '150-154': 0.0, '155-159': 0.0, '160-164': 0.0, '165-169': 0.0, '170-174': 0.0, '175-179': 0.0, '180-184': 0.0, '185-189': 96.0, '190-194': 80.0, '195-199': 92.0, 'old': 48.81, 'new': 0.0}
2026-01-02 20:12:34,622 [trainer.py] => CNN top1 curve: [92.77, 89.17, 84.57, 81.2, 76.48, 73.11, 70.27, 67.63, 65.28, 63.08, 60.3, 57.9, 55.54, 54.05, 52.46, 50.91, 48.95, 47.43]
2026-01-02 20:12:34,622 [trainer.py] => Average Accuracy (CNN): 66.17
2026-01-02 20:12:34,628 [trainer.py] => All params: 102451025
2026-01-02 20:12:34,633 [trainer.py] => Trainable params: 261220
2026-01-02 20:12:34,633 [inflora.py] => Learning on 185-190

  0%|          | 0/10 [00:00<?, ?it/s]
Task 18, Epoch 1/10 => Loss 5.621, Train_accy 0.00:   0%|          | 0/10 [00:01<?, ?it/s]
Task 18, Epoch 1/10 => Loss 5.621, Train_accy 0.00:  10%|█         | 1/10 [00:01<00:14,  1.62s/it]
Task 18, Epoch 2/10 => Loss 4.292, Train_accy 4.00:  10%|█         | 1/10 [00:03<00:14,  1.62s/it]
Task 18, Epoch 2/10 => Loss 4.292, Train_accy 4.00:  20%|██        | 2/10 [00:03<00:12,  1.62s/it]
Task 18, Epoch 3/10 => Loss 3.360, Train_accy 16.00:  20%|██        | 2/10 [00:04<00:12,  1.62s/it]
Task 18, Epoch 3/10 => Loss 3.360, Train_accy 16.00:  30%|███       | 3/10 [00:04<00:11,  1.61s/it]
Task 18, Epoch 4/10 => Loss 2.212, Train_accy 40.00:  30%|███       | 3/10 [00:06<00:11,  1.61s/it]
Task 18, Epoch 4/10 => Loss 2.212, Train_accy 40.00:  40%|████      | 4/10 [00:06<00:09,  1.61s/it]
Task 18, Epoch 5/10 => Loss 1.253, Train_accy 68.00:  40%|████      | 4/10 [00:08<00:09,  1.61s/it]
Task 18, Epoch 5/10 => Loss 1.253, Train_accy 68.00:  50%|█████     | 5/10 [00:08<00:08,  1.61s/it]
Task 18, Epoch 6/10 => Loss 0.644, Train_accy 92.00:  50%|█████     | 5/10 [00:09<00:08,  1.61s/it]
Task 18, Epoch 6/10 => Loss 0.644, Train_accy 92.00:  60%|██████    | 6/10 [00:09<00:06,  1.61s/it]
Task 18, Epoch 7/10 => Loss 0.582, Train_accy 88.00:  60%|██████    | 6/10 [00:11<00:06,  1.61s/it]
Task 18, Epoch 7/10 => Loss 0.582, Train_accy 88.00:  70%|███████   | 7/10 [00:11<00:04,  1.60s/it]
Task 18, Epoch 8/10 => Loss 0.736, Train_accy 80.00:  70%|███████   | 7/10 [00:12<00:04,  1.60s/it]
Task 18, Epoch 8/10 => Loss 0.736, Train_accy 80.00:  80%|████████  | 8/10 [00:12<00:03,  1.60s/it]
Task 18, Epoch 9/10 => Loss 0.497, Train_accy 88.00:  80%|████████  | 8/10 [00:14<00:03,  1.60s/it]
Task 18, Epoch 9/10 => Loss 0.497, Train_accy 88.00:  90%|█████████ | 9/10 [00:14<00:01,  1.60s/it]
Task 18, Epoch 10/10 => Loss 0.352, Train_accy 92.00:  90%|█████████ | 9/10 [00:16<00:01,  1.60s/it]
Task 18, Epoch 10/10 => Loss 0.352, Train_accy 92.00: 100%|██████████| 10/10 [00:16<00:00,  1.60s/it]
Task 18, Epoch 10/10 => Loss 0.352, Train_accy 92.00: 100%|██████████| 10/10 [00:16<00:00,  1.61s/it]
2026-01-02 20:12:53,644 [inflora.py] => Task 18, Epoch 10/10 => Loss 0.352, Train_accy 92.00
Threshold:  0.9928571428571429
Skip Updating DualGPM for layer: 1
Layer 1 - Projection Matrix shape: torch.Size([768, 768])
Layer 2 - Projection Matrix shape: torch.Size([768, 768])
Layer 3 - Projection Matrix shape: torch.Size([768, 768])
Layer 4 - Projection Matrix shape: torch.Size([768, 768])
Layer 5 - Projection Matrix shape: torch.Size([768, 768])
Layer 6 - Projection Matrix shape: torch.Size([768, 768])
Layer 7 - Projection Matrix shape: torch.Size([768, 768])
Layer 8 - Projection Matrix shape: torch.Size([768, 768])
Layer 9 - Projection Matrix shape: torch.Size([768, 768])
Layer 10 - Projection Matrix shape: torch.Size([768, 768])
Layer 11 - Projection Matrix shape: torch.Size([768, 768])
Layer 12 - Projection Matrix shape: torch.Size([768, 768])
2026-01-02 20:13:12,576 [inflora.py] => Exemplar size: 0
2026-01-02 20:13:12,577 [trainer.py] => CNN: {'total': 45.95, '00-99': 88.71, '100-104': 24.56, '105-109': 0.0, '110-114': 0.0, '115-119': 0.0, '120-124': 0.0, '125-129': 0.0, '130-134': 0.0, '135-139': 0.0, '140-144': 0.0, '145-149': 0.0, '150-154': 0.0, '155-159': 0.0, '160-164': 0.0, '165-169': 0.0, '170-174': 0.0, '175-179': 0.0, '180-184': 0.0, '185-189': 0.0, '190-194': 100.0, '195-199': 96.0, 'old': 47.16, 'new': 0.0}
2026-01-02 20:13:12,577 [trainer.py] => CNN top1 curve: [92.77, 89.17, 84.57, 81.2, 76.48, 73.11, 70.27, 67.63, 65.28, 63.08, 60.3, 57.9, 55.54, 54.05, 52.46, 50.91, 48.95, 47.43, 45.95]
2026-01-02 20:13:12,577 [trainer.py] => Average Accuracy (CNN): 65.11
2026-01-02 20:13:12,583 [trainer.py] => All params: 102451025
2026-01-02 20:13:12,589 [trainer.py] => Trainable params: 261220
2026-01-02 20:13:12,590 [inflora.py] => Learning on 190-195

  0%|          | 0/10 [00:00<?, ?it/s]
Task 19, Epoch 1/10 => Loss 5.628, Train_accy 0.00:   0%|          | 0/10 [00:01<?, ?it/s]
Task 19, Epoch 1/10 => Loss 5.628, Train_accy 0.00:  10%|█         | 1/10 [00:01<00:14,  1.62s/it]
Task 19, Epoch 2/10 => Loss 4.328, Train_accy 8.00:  10%|█         | 1/10 [00:03<00:14,  1.62s/it]
Task 19, Epoch 2/10 => Loss 4.328, Train_accy 8.00:  20%|██        | 2/10 [00:03<00:12,  1.62s/it]
Task 19, Epoch 3/10 => Loss 3.188, Train_accy 16.00:  20%|██        | 2/10 [00:04<00:12,  1.62s/it]
Task 19, Epoch 3/10 => Loss 3.188, Train_accy 16.00:  30%|███       | 3/10 [00:04<00:11,  1.62s/it]
Task 19, Epoch 4/10 => Loss 1.965, Train_accy 48.00:  30%|███       | 3/10 [00:06<00:11,  1.62s/it]
Task 19, Epoch 4/10 => Loss 1.965, Train_accy 48.00:  40%|████      | 4/10 [00:06<00:09,  1.62s/it]
Task 19, Epoch 5/10 => Loss 1.421, Train_accy 48.00:  40%|████      | 4/10 [00:08<00:09,  1.62s/it]
Task 19, Epoch 5/10 => Loss 1.421, Train_accy 48.00:  50%|█████     | 5/10 [00:08<00:08,  1.63s/it]
Task 19, Epoch 6/10 => Loss 0.935, Train_accy 72.00:  50%|█████     | 5/10 [00:09<00:08,  1.63s/it]
Task 19, Epoch 6/10 => Loss 0.935, Train_accy 72.00:  60%|██████    | 6/10 [00:09<00:06,  1.63s/it]
Task 19, Epoch 7/10 => Loss 0.741, Train_accy 84.00:  60%|██████    | 6/10 [00:11<00:06,  1.63s/it]
Task 19, Epoch 7/10 => Loss 0.741, Train_accy 84.00:  70%|███████   | 7/10 [00:11<00:04,  1.63s/it]
Task 19, Epoch 8/10 => Loss 0.551, Train_accy 88.00:  70%|███████   | 7/10 [00:13<00:04,  1.63s/it]
Task 19, Epoch 8/10 => Loss 0.551, Train_accy 88.00:  80%|████████  | 8/10 [00:13<00:03,  1.64s/it]
Task 19, Epoch 9/10 => Loss 0.349, Train_accy 96.00:  80%|████████  | 8/10 [00:14<00:03,  1.64s/it]
Task 19, Epoch 9/10 => Loss 0.349, Train_accy 96.00:  90%|█████████ | 9/10 [00:14<00:01,  1.65s/it]
Task 19, Epoch 10/10 => Loss 0.436, Train_accy 92.00:  90%|█████████ | 9/10 [00:16<00:01,  1.65s/it]
Task 19, Epoch 10/10 => Loss 0.436, Train_accy 92.00: 100%|██████████| 10/10 [00:16<00:00,  1.65s/it]
Task 19, Epoch 10/10 => Loss 0.436, Train_accy 92.00: 100%|██████████| 10/10 [00:16<00:00,  1.64s/it]
2026-01-02 20:13:31,723 [inflora.py] => Task 19, Epoch 10/10 => Loss 0.436, Train_accy 92.00
Threshold:  0.9952380952380953
Layer 1 - Projection Matrix shape: torch.Size([768, 768])
Layer 2 - Projection Matrix shape: torch.Size([768, 768])
Layer 3 - Projection Matrix shape: torch.Size([768, 768])
Layer 4 - Projection Matrix shape: torch.Size([768, 768])
Layer 5 - Projection Matrix shape: torch.Size([768, 768])
Layer 6 - Projection Matrix shape: torch.Size([768, 768])
Layer 7 - Projection Matrix shape: torch.Size([768, 768])
Layer 8 - Projection Matrix shape: torch.Size([768, 768])
Layer 9 - Projection Matrix shape: torch.Size([768, 768])
Layer 10 - Projection Matrix shape: torch.Size([768, 768])
Layer 11 - Projection Matrix shape: torch.Size([768, 768])
Layer 12 - Projection Matrix shape: torch.Size([768, 768])
2026-01-02 20:13:52,323 [inflora.py] => Exemplar size: 0
2026-01-02 20:13:52,324 [trainer.py] => CNN: {'total': 44.63, '00-99': 88.98, '100-104': 24.56, '105-109': 0.0, '110-114': 0.0, '115-119': 0.0, '120-124': 0.0, '125-129': 0.0, '130-134': 0.0, '135-139': 0.0, '140-144': 0.0, '145-149': 0.0, '150-154': 0.0, '155-159': 0.0, '160-164': 0.0, '165-169': 0.0, '170-174': 0.0, '175-179': 0.0, '180-184': 0.0, '185-189': 0.0, '190-194': 0.0, '195-199': 96.0, 'old': 46.08, 'new': 0.0}
2026-01-02 20:13:52,324 [trainer.py] => CNN top1 curve: [92.77, 89.17, 84.57, 81.2, 76.48, 73.11, 70.27, 67.63, 65.28, 63.08, 60.3, 57.9, 55.54, 54.05, 52.46, 50.91, 48.95, 47.43, 45.95, 44.63]
2026-01-02 20:13:52,324 [trainer.py] => Average Accuracy (CNN): 64.08
2026-01-02 20:13:52,333 [trainer.py] => All params: 102451025
2026-01-02 20:13:52,339 [trainer.py] => Trainable params: 261220
2026-01-02 20:13:52,339 [inflora.py] => Learning on 195-200

  0%|          | 0/10 [00:00<?, ?it/s]
Task 20, Epoch 1/10 => Loss 5.707, Train_accy 0.00:   0%|          | 0/10 [00:01<?, ?it/s]
Task 20, Epoch 1/10 => Loss 5.707, Train_accy 0.00:  10%|█         | 1/10 [00:01<00:14,  1.62s/it]
Task 20, Epoch 2/10 => Loss 4.323, Train_accy 0.00:  10%|█         | 1/10 [00:03<00:14,  1.62s/it]
Task 20, Epoch 2/10 => Loss 4.323, Train_accy 0.00:  20%|██        | 2/10 [00:03<00:13,  1.63s/it]
Task 20, Epoch 3/10 => Loss 3.297, Train_accy 24.00:  20%|██        | 2/10 [00:04<00:13,  1.63s/it]
Task 20, Epoch 3/10 => Loss 3.297, Train_accy 24.00:  30%|███       | 3/10 [00:04<00:11,  1.62s/it]
Task 20, Epoch 4/10 => Loss 2.335, Train_accy 48.00:  30%|███       | 3/10 [00:06<00:11,  1.62s/it]
Task 20, Epoch 4/10 => Loss 2.335, Train_accy 48.00:  40%|████      | 4/10 [00:06<00:09,  1.62s/it]
Task 20, Epoch 5/10 => Loss 1.702, Train_accy 56.00:  40%|████      | 4/10 [00:08<00:09,  1.62s/it]
Task 20, Epoch 5/10 => Loss 1.702, Train_accy 56.00:  50%|█████     | 5/10 [00:08<00:08,  1.62s/it]
Task 20, Epoch 6/10 => Loss 1.009, Train_accy 68.00:  50%|█████     | 5/10 [00:09<00:08,  1.62s/it]
Task 20, Epoch 6/10 => Loss 1.009, Train_accy 68.00:  60%|██████    | 6/10 [00:09<00:06,  1.62s/it]
Task 20, Epoch 7/10 => Loss 0.972, Train_accy 80.00:  60%|██████    | 6/10 [00:11<00:06,  1.62s/it]
Task 20, Epoch 7/10 => Loss 0.972, Train_accy 80.00:  70%|███████   | 7/10 [00:11<00:04,  1.62s/it]
Task 20, Epoch 8/10 => Loss 0.628, Train_accy 80.00:  70%|███████   | 7/10 [00:12<00:04,  1.62s/it]
Task 20, Epoch 8/10 => Loss 0.628, Train_accy 80.00:  80%|████████  | 8/10 [00:12<00:03,  1.62s/it]
Task 20, Epoch 9/10 => Loss 0.771, Train_accy 80.00:  80%|████████  | 8/10 [00:14<00:03,  1.62s/it]
Task 20, Epoch 9/10 => Loss 0.771, Train_accy 80.00:  90%|█████████ | 9/10 [00:14<00:01,  1.62s/it]
Task 20, Epoch 10/10 => Loss 0.740, Train_accy 84.00:  90%|█████████ | 9/10 [00:16<00:01,  1.62s/it]
Task 20, Epoch 10/10 => Loss 0.740, Train_accy 84.00: 100%|██████████| 10/10 [00:16<00:00,  1.62s/it]
Task 20, Epoch 10/10 => Loss 0.740, Train_accy 84.00: 100%|██████████| 10/10 [00:16<00:00,  1.62s/it]
2026-01-02 20:14:11,549 [inflora.py] => Task 20, Epoch 10/10 => Loss 0.740, Train_accy 84.00
Threshold:  0.9976190476190476
Layer 1 - Projection Matrix shape: torch.Size([768, 768])
Layer 2 - Projection Matrix shape: torch.Size([768, 768])
Layer 3 - Projection Matrix shape: torch.Size([768, 768])
Layer 4 - Projection Matrix shape: torch.Size([768, 768])
Layer 5 - Projection Matrix shape: torch.Size([768, 768])
Layer 6 - Projection Matrix shape: torch.Size([768, 768])
Layer 7 - Projection Matrix shape: torch.Size([768, 768])
Layer 8 - Projection Matrix shape: torch.Size([768, 768])
Layer 9 - Projection Matrix shape: torch.Size([768, 768])
Layer 10 - Projection Matrix shape: torch.Size([768, 768])
Layer 11 - Projection Matrix shape: torch.Size([768, 768])
Layer 12 - Projection Matrix shape: torch.Size([768, 768])
2026-01-02 20:14:28,575 [inflora.py] => Exemplar size: 0
2026-01-02 20:14:28,576 [trainer.py] => CNN: {'total': 43.0, '00-99': 88.18, '100-104': 24.56, '105-109': 0.0, '110-114': 0.0, '115-119': 0.0, '120-124': 0.0, '125-129': 0.0, '130-134': 0.0, '135-139': 0.0, '140-144': 0.0, '145-149': 0.0, '150-154': 0.0, '155-159': 0.0, '160-164': 0.0, '165-169': 0.0, '170-174': 0.0, '175-179': 0.0, '180-184': 0.0, '185-189': 0.0, '190-194': 0.0, '195-199': 0.0, 'old': 44.24, 'new': 0.0}
2026-01-02 20:14:28,576 [trainer.py] => CNN top1 curve: [92.77, 89.17, 84.57, 81.2, 76.48, 73.11, 70.27, 67.63, 65.28, 63.08, 60.3, 57.9, 55.54, 54.05, 52.46, 50.91, 48.95, 47.43, 45.95, 44.63, 43.0]
2026-01-02 20:14:28,576 [trainer.py] => Average Accuracy (CNN): 63.08

================================================================================
Finished cub_init100_inc5: InfLoRA  
Base Accuracy: 92.77
Last Accuracy: 43.0
Average Accuracy (Top1): 63.08
PD: 49.77
Backward Transfer (BWT): 0.21
Traceback (most recent call last):
  File "/home/team/zhaohongwei/Code/Research/Awesome-FSCIL/CIL_Model/InfLoRA-main/main.py", line 33, in <module>
    main()
  File "/home/team/zhaohongwei/Code/Research/Awesome-FSCIL/CIL_Model/InfLoRA-main/main.py", line 11, in main
    train(args)
  File "/home/team/zhaohongwei/Code/Research/Awesome-FSCIL/CIL_Model/InfLoRA-main/trainer.py", line 31, in train
    _train(args)
  File "/home/team/zhaohongwei/Code/Research/Awesome-FSCIL/CIL_Model/InfLoRA-main/trainer.py", line 116, in _train
    print("Forward Transfer (FWT):", forward_transfer(args["dataset"], np.array(cnn_matrix)))
  File "/home/team/zhaohongwei/Code/Research/Awesome-FSCIL/CIL_Model/InfLoRA-main/trainer.py", line 200, in forward_transfer
    fwt_diffs = fwt_accs - rand_init_acc_for_fwt
ValueError: operands could not be broadcast together with shapes (20,) (10,) 
logs/cub/100_10_sip/InfLoRA/adam/10/0.95_1.0-0.0005/2025
2026-01-02 20:14:32,934 [trainer.py] => config: configs/inflora_cub_B100_Inc10.json
2026-01-02 20:14:32,934 [trainer.py] => device: [device(type='cuda', index=1)]
2026-01-02 20:14:32,934 [trainer.py] => prefix: reproduce
2026-01-02 20:14:32,934 [trainer.py] => dataset: cub
2026-01-02 20:14:32,934 [trainer.py] => data_path: data/
2026-01-02 20:14:32,934 [trainer.py] => memory_size: 0
2026-01-02 20:14:32,934 [trainer.py] => memory_per_class: 0
2026-01-02 20:14:32,934 [trainer.py] => fixed_memory: True
2026-01-02 20:14:32,934 [trainer.py] => shuffle: True
2026-01-02 20:14:32,934 [trainer.py] => init_cls: 100
2026-01-02 20:14:32,934 [trainer.py] => increment: 10
2026-01-02 20:14:32,934 [trainer.py] => model_name: InfLoRA
2026-01-02 20:14:32,934 [trainer.py] => net_type: sip
2026-01-02 20:14:32,934 [trainer.py] => embd_dim: 768
2026-01-02 20:14:32,934 [trainer.py] => num_heads: 12
2026-01-02 20:14:32,934 [trainer.py] => total_sessions: 11
2026-01-02 20:14:32,934 [trainer.py] => seed: 2025
2026-01-02 20:14:32,934 [trainer.py] => kshot: 5
2026-01-02 20:14:32,934 [trainer.py] => EPSILON: 1e-08
2026-01-02 20:14:32,934 [trainer.py] => init_epoch: 20
2026-01-02 20:14:32,934 [trainer.py] => optim: adam
2026-01-02 20:14:32,934 [trainer.py] => init_lr: 0.0005
2026-01-02 20:14:32,934 [trainer.py] => init_lr_decay: 0.1
2026-01-02 20:14:32,934 [trainer.py] => init_weight_decay: 0.0
2026-01-02 20:14:32,934 [trainer.py] => epochs: 10
2026-01-02 20:14:32,935 [trainer.py] => lrate: 0.0005
2026-01-02 20:14:32,935 [trainer.py] => lrate_decay: 0.1
2026-01-02 20:14:32,935 [trainer.py] => batch_size: 128
2026-01-02 20:14:32,935 [trainer.py] => weight_decay: 0.0
2026-01-02 20:14:32,935 [trainer.py] => rank: 10
2026-01-02 20:14:32,935 [trainer.py] => lamb: 0.95
2026-01-02 20:14:32,935 [trainer.py] => lame: 1.0
2026-01-02 20:14:32,935 [trainer.py] => num_workers: 16
2026-01-02 20:14:32,935 [trainer.py] => gpu_models: ['NVIDIA A40']
2026-01-02 20:14:32,972 [data_manager.py] => [30, 0, 32, 34, 5, 49, 56, 154, 143, 82, 19, 165, 58, 106, 196, 126, 178, 80, 192, 1, 44, 31, 197, 150, 132, 149, 112, 141, 54, 104, 26, 46, 20, 156, 23, 83, 47, 129, 9, 84, 187, 130, 48, 138, 191, 108, 139, 158, 4, 66, 146, 2, 113, 142, 194, 109, 102, 166, 176, 167, 162, 131, 134, 122, 107, 96, 135, 45, 93, 136, 70, 81, 51, 17, 172, 29, 71, 57, 184, 148, 179, 43, 161, 100, 182, 37, 8, 14, 180, 189, 11, 53, 6, 24, 7, 88, 175, 183, 35, 128, 75, 186, 99, 78, 123, 133, 74, 125, 120, 89, 39, 63, 155, 65, 77, 116, 171, 114, 105, 170, 12, 121, 195, 60, 185, 110, 91, 68, 198, 59, 38, 174, 87, 28, 157, 193, 86, 147, 16, 98, 36, 61, 137, 18, 21, 103, 25, 15, 118, 72, 50, 168, 152, 190, 199, 55, 181, 92, 163, 85, 69, 177, 95, 52, 159, 169, 188, 127, 79, 42, 164, 124, 41, 90, 115, 13, 27, 73, 33, 173, 119, 145, 153, 3, 117, 64, 144, 111, 101, 151, 40, 97, 10, 22, 160, 140, 67, 76, 94, 62]
2026-01-02 20:14:34,729 [trainer.py] => All params: 97226625
2026-01-02 20:14:34,731 [trainer.py] => Trainable params: 97226625
2026-01-02 20:14:34,731 [inflora.py] => Learning on 0-100

  0%|          | 0/20 [00:00<?, ?it/s]
Task 0, Epoch 1/20 => Loss 2.425, Train_accy 45.19:   0%|          | 0/20 [00:33<?, ?it/s]
Task 0, Epoch 1/20 => Loss 2.425, Train_accy 45.19:   5%|▌         | 1/20 [00:33<10:27, 33.03s/it]
Task 0, Epoch 2/20 => Loss 0.675, Train_accy 81.30:   5%|▌         | 1/20 [01:05<10:27, 33.03s/it]
Task 0, Epoch 2/20 => Loss 0.675, Train_accy 81.30:  10%|█         | 2/20 [01:05<09:53, 32.96s/it]
Task 0, Epoch 3/20 => Loss 0.561, Train_accy 84.16:  10%|█         | 2/20 [01:38<09:53, 32.96s/it]
Task 0, Epoch 3/20 => Loss 0.561, Train_accy 84.16:  15%|█▌        | 3/20 [01:38<09:20, 33.00s/it]
Task 0, Epoch 4/20 => Loss 0.474, Train_accy 87.14:  15%|█▌        | 3/20 [02:12<09:20, 33.00s/it]
Task 0, Epoch 4/20 => Loss 0.474, Train_accy 87.14:  20%|██        | 4/20 [02:12<08:48, 33.04s/it]
Task 0, Epoch 5/20 => Loss 0.470, Train_accy 87.20:  20%|██        | 4/20 [02:45<08:48, 33.04s/it]
Task 0, Epoch 5/20 => Loss 0.470, Train_accy 87.20:  25%|██▌       | 5/20 [02:45<08:15, 33.07s/it]
Task 0, Epoch 6/20 => Loss 0.433, Train_accy 88.43:  25%|██▌       | 5/20 [03:18<08:15, 33.07s/it]
Task 0, Epoch 6/20 => Loss 0.433, Train_accy 88.43:  30%|███       | 6/20 [03:18<07:42, 33.07s/it]
Task 0, Epoch 7/20 => Loss 0.387, Train_accy 89.41:  30%|███       | 6/20 [03:51<07:42, 33.07s/it]
Task 0, Epoch 7/20 => Loss 0.387, Train_accy 89.41:  35%|███▌      | 7/20 [03:51<07:09, 33.07s/it]
Task 0, Epoch 8/20 => Loss 0.368, Train_accy 90.00:  35%|███▌      | 7/20 [04:24<07:09, 33.07s/it]
Task 0, Epoch 8/20 => Loss 0.368, Train_accy 90.00:  40%|████      | 8/20 [04:24<06:36, 33.07s/it]
Task 0, Epoch 9/20 => Loss 0.338, Train_accy 90.89:  40%|████      | 8/20 [04:57<06:36, 33.07s/it]
Task 0, Epoch 9/20 => Loss 0.338, Train_accy 90.89:  45%|████▌     | 9/20 [04:57<06:03, 33.07s/it]
Task 0, Epoch 10/20 => Loss 0.359, Train_accy 90.21:  45%|████▌     | 9/20 [05:30<06:03, 33.07s/it]
Task 0, Epoch 10/20 => Loss 0.359, Train_accy 90.21:  50%|█████     | 10/20 [05:30<05:31, 33.10s/it]
Task 0, Epoch 11/20 => Loss 0.340, Train_accy 90.94:  50%|█████     | 10/20 [06:03<05:31, 33.10s/it]
Task 0, Epoch 11/20 => Loss 0.340, Train_accy 90.94:  55%|█████▌    | 11/20 [06:03<04:58, 33.12s/it]
Task 0, Epoch 12/20 => Loss 0.324, Train_accy 91.21:  55%|█████▌    | 11/20 [06:36<04:58, 33.12s/it]
Task 0, Epoch 12/20 => Loss 0.324, Train_accy 91.21:  60%|██████    | 12/20 [06:36<04:24, 33.09s/it]
Task 0, Epoch 13/20 => Loss 0.331, Train_accy 91.28:  60%|██████    | 12/20 [07:09<04:24, 33.09s/it]
Task 0, Epoch 13/20 => Loss 0.331, Train_accy 91.28:  65%|██████▌   | 13/20 [07:09<03:51, 33.10s/it]
Task 0, Epoch 14/20 => Loss 0.301, Train_accy 92.02:  65%|██████▌   | 13/20 [07:43<03:51, 33.10s/it]
Task 0, Epoch 14/20 => Loss 0.301, Train_accy 92.02:  70%|███████   | 14/20 [07:43<03:18, 33.08s/it]
Task 0, Epoch 15/20 => Loss 0.292, Train_accy 92.17:  70%|███████   | 14/20 [08:16<03:18, 33.08s/it]
Task 0, Epoch 15/20 => Loss 0.292, Train_accy 92.17:  75%|███████▌  | 15/20 [08:16<02:45, 33.06s/it]
Task 0, Epoch 16/20 => Loss 0.271, Train_accy 92.91:  75%|███████▌  | 15/20 [08:49<02:45, 33.06s/it]
Task 0, Epoch 16/20 => Loss 0.271, Train_accy 92.91:  80%|████████  | 16/20 [08:49<02:12, 33.07s/it]
Task 0, Epoch 17/20 => Loss 0.300, Train_accy 92.42:  80%|████████  | 16/20 [09:22<02:12, 33.07s/it]
Task 0, Epoch 17/20 => Loss 0.300, Train_accy 92.42:  85%|████████▌ | 17/20 [09:22<01:39, 33.06s/it]
Task 0, Epoch 18/20 => Loss 0.274, Train_accy 92.51:  85%|████████▌ | 17/20 [09:55<01:39, 33.06s/it]
Task 0, Epoch 18/20 => Loss 0.274, Train_accy 92.51:  90%|█████████ | 18/20 [09:55<01:06, 33.11s/it]
Task 0, Epoch 19/20 => Loss 0.269, Train_accy 93.14:  90%|█████████ | 18/20 [10:28<01:06, 33.11s/it]
Task 0, Epoch 19/20 => Loss 0.269, Train_accy 93.14:  95%|█████████▌| 19/20 [10:28<00:33, 33.12s/it]
Task 0, Epoch 20/20 => Loss 0.268, Train_accy 93.27:  95%|█████████▌| 19/20 [11:01<00:33, 33.12s/it]
Task 0, Epoch 20/20 => Loss 0.268, Train_accy 93.27: 100%|██████████| 20/20 [11:01<00:00, 33.12s/it]
Task 0, Epoch 20/20 => Loss 0.268, Train_accy 93.27: 100%|██████████| 20/20 [11:01<00:00, 33.08s/it]
2026-01-02 20:25:54,355 [inflora.py] => Task 0, Epoch 20/20 => Loss 0.268, Train_accy 93.27
Threshold:  0.95
Layer 1 - Projection Matrix shape: torch.Size([768, 768])
Layer 2 - Projection Matrix shape: torch.Size([768, 768])
Layer 3 - Projection Matrix shape: torch.Size([768, 768])
Layer 4 - Projection Matrix shape: torch.Size([768, 768])
Layer 5 - Projection Matrix shape: torch.Size([768, 768])
Layer 6 - Projection Matrix shape: torch.Size([768, 768])
Layer 7 - Projection Matrix shape: torch.Size([768, 768])
Layer 8 - Projection Matrix shape: torch.Size([768, 768])
Layer 9 - Projection Matrix shape: torch.Size([768, 768])
Layer 10 - Projection Matrix shape: torch.Size([768, 768])
Layer 11 - Projection Matrix shape: torch.Size([768, 768])
Layer 12 - Projection Matrix shape: torch.Size([768, 768])
2026-01-02 20:26:38,964 [inflora.py] => Exemplar size: 0
2026-01-02 20:26:38,965 [trainer.py] => CNN: {'total': 93.12, '00-99': 93.12, '100-109': 90.0, '110-119': 86.0, '120-129': 86.0, '130-139': 96.0, '140-149': 80.0, '150-159': 90.0, '160-169': 84.0, '170-179': 94.0, '180-189': 82.0, '190-199': 96.0, 'old': 0, 'new': 93.12}
2026-01-02 20:26:38,965 [trainer.py] => CNN top1 curve: [93.12]
2026-01-02 20:26:38,965 [trainer.py] => Average Accuracy (CNN): 93.12
2026-01-02 20:26:38,968 [trainer.py] => All params: 97226625
2026-01-02 20:26:38,971 [trainer.py] => Trainable params: 261220
2026-01-02 20:26:38,971 [inflora.py] => Learning on 100-110

  0%|          | 0/10 [00:00<?, ?it/s]
Task 1, Epoch 1/10 => Loss 5.539, Train_accy 2.00:   0%|          | 0/10 [00:01<?, ?it/s]
Task 1, Epoch 1/10 => Loss 5.539, Train_accy 2.00:  10%|█         | 1/10 [00:01<00:10,  1.22s/it]
Task 1, Epoch 2/10 => Loss 4.296, Train_accy 6.00:  10%|█         | 1/10 [00:02<00:10,  1.22s/it]
Task 1, Epoch 2/10 => Loss 4.296, Train_accy 6.00:  20%|██        | 2/10 [00:02<00:09,  1.24s/it]
Task 1, Epoch 3/10 => Loss 3.336, Train_accy 24.00:  20%|██        | 2/10 [00:03<00:09,  1.24s/it]
Task 1, Epoch 3/10 => Loss 3.336, Train_accy 24.00:  30%|███       | 3/10 [00:03<00:08,  1.24s/it]
Task 1, Epoch 4/10 => Loss 2.326, Train_accy 42.00:  30%|███       | 3/10 [00:04<00:08,  1.24s/it]
Task 1, Epoch 4/10 => Loss 2.326, Train_accy 42.00:  40%|████      | 4/10 [00:04<00:07,  1.24s/it]
Task 1, Epoch 5/10 => Loss 1.394, Train_accy 72.00:  40%|████      | 4/10 [00:06<00:07,  1.24s/it]
Task 1, Epoch 5/10 => Loss 1.394, Train_accy 72.00:  50%|█████     | 5/10 [00:06<00:06,  1.24s/it]
Task 1, Epoch 6/10 => Loss 1.085, Train_accy 82.00:  50%|█████     | 5/10 [00:07<00:06,  1.24s/it]
Task 1, Epoch 6/10 => Loss 1.085, Train_accy 82.00:  60%|██████    | 6/10 [00:07<00:04,  1.24s/it]
Task 1, Epoch 7/10 => Loss 0.704, Train_accy 80.00:  60%|██████    | 6/10 [00:08<00:04,  1.24s/it]
Task 1, Epoch 7/10 => Loss 0.704, Train_accy 80.00:  70%|███████   | 7/10 [00:08<00:03,  1.25s/it]
Task 1, Epoch 8/10 => Loss 0.702, Train_accy 88.00:  70%|███████   | 7/10 [00:09<00:03,  1.25s/it]
Task 1, Epoch 8/10 => Loss 0.702, Train_accy 88.00:  80%|████████  | 8/10 [00:09<00:02,  1.24s/it]
Task 1, Epoch 9/10 => Loss 0.538, Train_accy 86.00:  80%|████████  | 8/10 [00:11<00:02,  1.24s/it]
Task 1, Epoch 9/10 => Loss 0.538, Train_accy 86.00:  90%|█████████ | 9/10 [00:11<00:01,  1.24s/it]
Task 1, Epoch 10/10 => Loss 0.454, Train_accy 90.00:  90%|█████████ | 9/10 [00:12<00:01,  1.24s/it]
Task 1, Epoch 10/10 => Loss 0.454, Train_accy 90.00: 100%|██████████| 10/10 [00:12<00:00,  1.25s/it]
Task 1, Epoch 10/10 => Loss 0.454, Train_accy 90.00: 100%|██████████| 10/10 [00:12<00:00,  1.24s/it]
2026-01-02 20:26:53,507 [inflora.py] => Task 1, Epoch 10/10 => Loss 0.454, Train_accy 90.00
Threshold:  0.9545454545454545
Layer 1 - Projection Matrix shape: torch.Size([768, 768])
Layer 2 - Projection Matrix shape: torch.Size([768, 768])
Layer 3 - Projection Matrix shape: torch.Size([768, 768])
Layer 4 - Projection Matrix shape: torch.Size([768, 768])
Layer 5 - Projection Matrix shape: torch.Size([768, 768])
Layer 6 - Projection Matrix shape: torch.Size([768, 768])
Layer 7 - Projection Matrix shape: torch.Size([768, 768])
Layer 8 - Projection Matrix shape: torch.Size([768, 768])
Layer 9 - Projection Matrix shape: torch.Size([768, 768])
Layer 10 - Projection Matrix shape: torch.Size([768, 768])
Layer 11 - Projection Matrix shape: torch.Size([768, 768])
Layer 12 - Projection Matrix shape: torch.Size([768, 768])
2026-01-02 20:27:10,687 [inflora.py] => Exemplar size: 0
2026-01-02 20:27:10,688 [trainer.py] => CNN: {'total': 85.29, '00-99': 93.12, '100-109': 9.4, '110-119': 86.0, '120-129': 92.0, '130-139': 92.0, '140-149': 94.0, '150-159': 96.0, '160-169': 84.0, '170-179': 94.0, '180-189': 90.0, '190-199': 86.0, 'old': 93.12, 'new': 9.4}
2026-01-02 20:27:10,688 [trainer.py] => CNN top1 curve: [93.12, 85.29]
2026-01-02 20:27:10,688 [trainer.py] => Average Accuracy (CNN): 89.21
2026-01-02 20:27:10,692 [trainer.py] => All params: 97226625
2026-01-02 20:27:10,695 [trainer.py] => Trainable params: 522440
2026-01-02 20:27:10,695 [inflora.py] => Learning on 110-120

  0%|          | 0/10 [00:00<?, ?it/s]
Task 2, Epoch 1/10 => Loss 5.692, Train_accy 0.00:   0%|          | 0/10 [00:01<?, ?it/s]
Task 2, Epoch 1/10 => Loss 5.692, Train_accy 0.00:  10%|█         | 1/10 [00:01<00:11,  1.32s/it]
Task 2, Epoch 2/10 => Loss 4.557, Train_accy 0.00:  10%|█         | 1/10 [00:02<00:11,  1.32s/it]
Task 2, Epoch 2/10 => Loss 4.557, Train_accy 0.00:  20%|██        | 2/10 [00:02<00:10,  1.32s/it]
Task 2, Epoch 3/10 => Loss 3.271, Train_accy 22.00:  20%|██        | 2/10 [00:03<00:10,  1.32s/it]
Task 2, Epoch 3/10 => Loss 3.271, Train_accy 22.00:  30%|███       | 3/10 [00:03<00:09,  1.32s/it]
Task 2, Epoch 4/10 => Loss 2.435, Train_accy 40.00:  30%|███       | 3/10 [00:05<00:09,  1.32s/it]
Task 2, Epoch 4/10 => Loss 2.435, Train_accy 40.00:  40%|████      | 4/10 [00:05<00:07,  1.32s/it]
Task 2, Epoch 5/10 => Loss 1.733, Train_accy 58.00:  40%|████      | 4/10 [00:06<00:07,  1.32s/it]
Task 2, Epoch 5/10 => Loss 1.733, Train_accy 58.00:  50%|█████     | 5/10 [00:06<00:06,  1.32s/it]
Task 2, Epoch 6/10 => Loss 1.432, Train_accy 66.00:  50%|█████     | 5/10 [00:07<00:06,  1.32s/it]
Task 2, Epoch 6/10 => Loss 1.432, Train_accy 66.00:  60%|██████    | 6/10 [00:07<00:05,  1.32s/it]
Task 2, Epoch 7/10 => Loss 0.787, Train_accy 78.00:  60%|██████    | 6/10 [00:09<00:05,  1.32s/it]
Task 2, Epoch 7/10 => Loss 0.787, Train_accy 78.00:  70%|███████   | 7/10 [00:09<00:03,  1.32s/it]
Task 2, Epoch 8/10 => Loss 0.736, Train_accy 78.00:  70%|███████   | 7/10 [00:10<00:03,  1.32s/it]
Task 2, Epoch 8/10 => Loss 0.736, Train_accy 78.00:  80%|████████  | 8/10 [00:10<00:02,  1.33s/it]
Task 2, Epoch 9/10 => Loss 0.812, Train_accy 78.00:  80%|████████  | 8/10 [00:11<00:02,  1.33s/it]
Task 2, Epoch 9/10 => Loss 0.812, Train_accy 78.00:  90%|█████████ | 9/10 [00:11<00:01,  1.33s/it]
Task 2, Epoch 10/10 => Loss 0.575, Train_accy 86.00:  90%|█████████ | 9/10 [00:13<00:01,  1.33s/it]
Task 2, Epoch 10/10 => Loss 0.575, Train_accy 86.00: 100%|██████████| 10/10 [00:13<00:00,  1.33s/it]
Task 2, Epoch 10/10 => Loss 0.575, Train_accy 86.00: 100%|██████████| 10/10 [00:13<00:00,  1.32s/it]
2026-01-02 20:27:26,384 [inflora.py] => Task 2, Epoch 10/10 => Loss 0.575, Train_accy 86.00
Threshold:  0.9590909090909091
Skip Updating DualGPM for layer: 1
Skip Updating DualGPM for layer: 2
Skip Updating DualGPM for layer: 3
Skip Updating DualGPM for layer: 4
Layer 1 - Projection Matrix shape: torch.Size([768, 768])
Layer 2 - Projection Matrix shape: torch.Size([768, 768])
Layer 3 - Projection Matrix shape: torch.Size([768, 768])
Layer 4 - Projection Matrix shape: torch.Size([768, 768])
Layer 5 - Projection Matrix shape: torch.Size([768, 768])
Layer 6 - Projection Matrix shape: torch.Size([768, 768])
Layer 7 - Projection Matrix shape: torch.Size([768, 768])
Layer 8 - Projection Matrix shape: torch.Size([768, 768])
Layer 9 - Projection Matrix shape: torch.Size([768, 768])
Layer 10 - Projection Matrix shape: torch.Size([768, 768])
Layer 11 - Projection Matrix shape: torch.Size([768, 768])
Layer 12 - Projection Matrix shape: torch.Size([768, 768])
2026-01-02 20:27:43,964 [inflora.py] => Exemplar size: 0
2026-01-02 20:27:43,964 [trainer.py] => CNN: {'total': 77.06, '00-99': 92.77, '100-109': 11.11, '110-119': 0.0, '120-129': 82.0, '130-139': 84.0, '140-149': 88.0, '150-159': 90.0, '160-169': 72.0, '170-179': 80.0, '180-189': 86.0, '190-199': 90.0, 'old': 85.13, 'new': 0.0}
2026-01-02 20:27:43,964 [trainer.py] => CNN top1 curve: [93.12, 85.29, 77.06]
2026-01-02 20:27:43,964 [trainer.py] => Average Accuracy (CNN): 85.16
2026-01-02 20:27:43,970 [trainer.py] => All params: 97226625
2026-01-02 20:27:43,974 [trainer.py] => Trainable params: 261220
2026-01-02 20:27:43,974 [inflora.py] => Learning on 120-130

  0%|          | 0/10 [00:00<?, ?it/s]
Task 3, Epoch 1/10 => Loss 5.770, Train_accy 0.00:   0%|          | 0/10 [00:01<?, ?it/s]
Task 3, Epoch 1/10 => Loss 5.770, Train_accy 0.00:  10%|█         | 1/10 [00:01<00:12,  1.41s/it]
Task 3, Epoch 2/10 => Loss 4.433, Train_accy 6.00:  10%|█         | 1/10 [00:02<00:12,  1.41s/it]
Task 3, Epoch 2/10 => Loss 4.433, Train_accy 6.00:  20%|██        | 2/10 [00:02<00:11,  1.41s/it]
Task 3, Epoch 3/10 => Loss 3.413, Train_accy 20.00:  20%|██        | 2/10 [00:04<00:11,  1.41s/it]
Task 3, Epoch 3/10 => Loss 3.413, Train_accy 20.00:  30%|███       | 3/10 [00:04<00:10,  1.46s/it]
Task 3, Epoch 4/10 => Loss 2.401, Train_accy 40.00:  30%|███       | 3/10 [00:05<00:10,  1.46s/it]
Task 3, Epoch 4/10 => Loss 2.401, Train_accy 40.00:  40%|████      | 4/10 [00:05<00:08,  1.44s/it]
Task 3, Epoch 5/10 => Loss 1.622, Train_accy 66.00:  40%|████      | 4/10 [00:07<00:08,  1.44s/it]
Task 3, Epoch 5/10 => Loss 1.622, Train_accy 66.00:  50%|█████     | 5/10 [00:07<00:07,  1.42s/it]
Task 3, Epoch 6/10 => Loss 1.335, Train_accy 68.00:  50%|█████     | 5/10 [00:08<00:07,  1.42s/it]
Task 3, Epoch 6/10 => Loss 1.335, Train_accy 68.00:  60%|██████    | 6/10 [00:08<00:05,  1.42s/it]
Task 3, Epoch 7/10 => Loss 1.003, Train_accy 74.00:  60%|██████    | 6/10 [00:09<00:05,  1.42s/it]
Task 3, Epoch 7/10 => Loss 1.003, Train_accy 74.00:  70%|███████   | 7/10 [00:09<00:04,  1.42s/it]
Task 3, Epoch 8/10 => Loss 0.861, Train_accy 82.00:  70%|███████   | 7/10 [00:11<00:04,  1.42s/it]
Task 3, Epoch 8/10 => Loss 0.861, Train_accy 82.00:  80%|████████  | 8/10 [00:11<00:02,  1.43s/it]
Task 3, Epoch 9/10 => Loss 0.588, Train_accy 86.00:  80%|████████  | 8/10 [00:12<00:02,  1.43s/it]
Task 3, Epoch 9/10 => Loss 0.588, Train_accy 86.00:  90%|█████████ | 9/10 [00:12<00:01,  1.46s/it]
Task 3, Epoch 10/10 => Loss 0.367, Train_accy 96.00:  90%|█████████ | 9/10 [00:14<00:01,  1.46s/it]
Task 3, Epoch 10/10 => Loss 0.367, Train_accy 96.00: 100%|██████████| 10/10 [00:14<00:00,  1.48s/it]
Task 3, Epoch 10/10 => Loss 0.367, Train_accy 96.00: 100%|██████████| 10/10 [00:14<00:00,  1.45s/it]
2026-01-02 20:28:00,996 [inflora.py] => Task 3, Epoch 10/10 => Loss 0.367, Train_accy 96.00
Threshold:  0.9636363636363636
Skip Updating DualGPM for layer: 1
Layer 1 - Projection Matrix shape: torch.Size([768, 768])
Layer 2 - Projection Matrix shape: torch.Size([768, 768])
Layer 3 - Projection Matrix shape: torch.Size([768, 768])
Layer 4 - Projection Matrix shape: torch.Size([768, 768])
Layer 5 - Projection Matrix shape: torch.Size([768, 768])
Layer 6 - Projection Matrix shape: torch.Size([768, 768])
Layer 7 - Projection Matrix shape: torch.Size([768, 768])
Layer 8 - Projection Matrix shape: torch.Size([768, 768])
Layer 9 - Projection Matrix shape: torch.Size([768, 768])
Layer 10 - Projection Matrix shape: torch.Size([768, 768])
Layer 11 - Projection Matrix shape: torch.Size([768, 768])
Layer 12 - Projection Matrix shape: torch.Size([768, 768])
2026-01-02 20:28:19,071 [inflora.py] => Exemplar size: 0
2026-01-02 20:28:19,072 [trainer.py] => CNN: {'total': 71.0, '00-99': 92.59, '100-109': 12.82, '110-119': 0.0, '120-129': 0.0, '130-139': 96.0, '140-149': 84.0, '150-159': 88.0, '160-169': 82.0, '170-179': 90.0, '180-189': 88.0, '190-199': 90.0, 'old': 77.06, 'new': 0.0}
2026-01-02 20:28:19,072 [trainer.py] => CNN top1 curve: [93.12, 85.29, 77.06, 71.0]
2026-01-02 20:28:19,072 [trainer.py] => Average Accuracy (CNN): 81.62
2026-01-02 20:28:19,075 [trainer.py] => All params: 97226625
2026-01-02 20:28:19,078 [trainer.py] => Trainable params: 261220
2026-01-02 20:28:19,078 [inflora.py] => Learning on 130-140

  0%|          | 0/10 [00:00<?, ?it/s]
Task 4, Epoch 1/10 => Loss 5.534, Train_accy 2.00:   0%|          | 0/10 [00:01<?, ?it/s]
Task 4, Epoch 1/10 => Loss 5.534, Train_accy 2.00:  10%|█         | 1/10 [00:01<00:13,  1.49s/it]
Task 4, Epoch 2/10 => Loss 4.499, Train_accy 10.00:  10%|█         | 1/10 [00:02<00:13,  1.49s/it]
Task 4, Epoch 2/10 => Loss 4.499, Train_accy 10.00:  20%|██        | 2/10 [00:02<00:11,  1.48s/it]
Task 4, Epoch 3/10 => Loss 3.258, Train_accy 18.00:  20%|██        | 2/10 [00:04<00:11,  1.48s/it]
Task 4, Epoch 3/10 => Loss 3.258, Train_accy 18.00:  30%|███       | 3/10 [00:04<00:10,  1.48s/it]
Task 4, Epoch 4/10 => Loss 2.545, Train_accy 36.00:  30%|███       | 3/10 [00:05<00:10,  1.48s/it]
Task 4, Epoch 4/10 => Loss 2.545, Train_accy 36.00:  40%|████      | 4/10 [00:05<00:08,  1.48s/it]
Task 4, Epoch 5/10 => Loss 1.729, Train_accy 54.00:  40%|████      | 4/10 [00:07<00:08,  1.48s/it]
Task 4, Epoch 5/10 => Loss 1.729, Train_accy 54.00:  50%|█████     | 5/10 [00:07<00:07,  1.48s/it]
Task 4, Epoch 6/10 => Loss 1.400, Train_accy 76.00:  50%|█████     | 5/10 [00:08<00:07,  1.48s/it]
Task 4, Epoch 6/10 => Loss 1.400, Train_accy 76.00:  60%|██████    | 6/10 [00:08<00:05,  1.49s/it]
Task 4, Epoch 7/10 => Loss 1.143, Train_accy 74.00:  60%|██████    | 6/10 [00:10<00:05,  1.49s/it]
Task 4, Epoch 7/10 => Loss 1.143, Train_accy 74.00:  70%|███████   | 7/10 [00:10<00:04,  1.52s/it]
Task 4, Epoch 8/10 => Loss 0.539, Train_accy 90.00:  70%|███████   | 7/10 [00:12<00:04,  1.52s/it]
Task 4, Epoch 8/10 => Loss 0.539, Train_accy 90.00:  80%|████████  | 8/10 [00:12<00:03,  1.55s/it]
Task 4, Epoch 9/10 => Loss 0.893, Train_accy 82.00:  80%|████████  | 8/10 [00:13<00:03,  1.55s/it]
Task 4, Epoch 9/10 => Loss 0.893, Train_accy 82.00:  90%|█████████ | 9/10 [00:13<00:01,  1.56s/it]
Task 4, Epoch 10/10 => Loss 0.413, Train_accy 88.00:  90%|█████████ | 9/10 [00:15<00:01,  1.56s/it]
Task 4, Epoch 10/10 => Loss 0.413, Train_accy 88.00: 100%|██████████| 10/10 [00:15<00:00,  1.57s/it]
Task 4, Epoch 10/10 => Loss 0.413, Train_accy 88.00: 100%|██████████| 10/10 [00:15<00:00,  1.53s/it]
2026-01-02 20:28:36,894 [inflora.py] => Task 4, Epoch 10/10 => Loss 0.413, Train_accy 88.00
Threshold:  0.9681818181818181
Skip Updating DualGPM for layer: 1
Layer 1 - Projection Matrix shape: torch.Size([768, 768])
Layer 2 - Projection Matrix shape: torch.Size([768, 768])
Layer 3 - Projection Matrix shape: torch.Size([768, 768])
Layer 4 - Projection Matrix shape: torch.Size([768, 768])
Layer 5 - Projection Matrix shape: torch.Size([768, 768])
Layer 6 - Projection Matrix shape: torch.Size([768, 768])
Layer 7 - Projection Matrix shape: torch.Size([768, 768])
Layer 8 - Projection Matrix shape: torch.Size([768, 768])
Layer 9 - Projection Matrix shape: torch.Size([768, 768])
Layer 10 - Projection Matrix shape: torch.Size([768, 768])
Layer 11 - Projection Matrix shape: torch.Size([768, 768])
Layer 12 - Projection Matrix shape: torch.Size([768, 768])
2026-01-02 20:28:55,677 [inflora.py] => Exemplar size: 0
2026-01-02 20:28:55,677 [trainer.py] => CNN: {'total': 66.77, '00-99': 93.3, '100-109': 12.82, '110-119': 0.0, '120-129': 0.0, '130-139': 0.0, '140-149': 84.0, '150-159': 92.0, '160-169': 86.0, '170-179': 98.0, '180-189': 86.0, '190-199': 86.0, 'old': 71.53, 'new': 0.0}
2026-01-02 20:28:55,677 [trainer.py] => CNN top1 curve: [93.12, 85.29, 77.06, 71.0, 66.77]
2026-01-02 20:28:55,678 [trainer.py] => Average Accuracy (CNN): 78.65
2026-01-02 20:28:55,680 [trainer.py] => All params: 97226625
2026-01-02 20:28:55,683 [trainer.py] => Trainable params: 261220
2026-01-02 20:28:55,683 [inflora.py] => Learning on 140-150

  0%|          | 0/10 [00:00<?, ?it/s]
Task 5, Epoch 1/10 => Loss 6.151, Train_accy 0.00:   0%|          | 0/10 [00:01<?, ?it/s]
Task 5, Epoch 1/10 => Loss 6.151, Train_accy 0.00:  10%|█         | 1/10 [00:01<00:13,  1.55s/it]
Task 5, Epoch 2/10 => Loss 4.654, Train_accy 0.00:  10%|█         | 1/10 [00:03<00:13,  1.55s/it]
Task 5, Epoch 2/10 => Loss 4.654, Train_accy 0.00:  20%|██        | 2/10 [00:03<00:12,  1.54s/it]
Task 5, Epoch 3/10 => Loss 3.662, Train_accy 8.00:  20%|██        | 2/10 [00:04<00:12,  1.54s/it]
Task 5, Epoch 3/10 => Loss 3.662, Train_accy 8.00:  30%|███       | 3/10 [00:04<00:10,  1.54s/it]
Task 5, Epoch 4/10 => Loss 2.973, Train_accy 34.00:  30%|███       | 3/10 [00:06<00:10,  1.54s/it]
Task 5, Epoch 4/10 => Loss 2.973, Train_accy 34.00:  40%|████      | 4/10 [00:06<00:09,  1.55s/it]
Task 5, Epoch 5/10 => Loss 2.172, Train_accy 44.00:  40%|████      | 4/10 [00:07<00:09,  1.55s/it]
Task 5, Epoch 5/10 => Loss 2.172, Train_accy 44.00:  50%|█████     | 5/10 [00:07<00:07,  1.59s/it]
Task 5, Epoch 6/10 => Loss 1.639, Train_accy 66.00:  50%|█████     | 5/10 [00:09<00:07,  1.59s/it]
Task 5, Epoch 6/10 => Loss 1.639, Train_accy 66.00:  60%|██████    | 6/10 [00:09<00:06,  1.57s/it]
Task 5, Epoch 7/10 => Loss 1.260, Train_accy 76.00:  60%|██████    | 6/10 [00:10<00:06,  1.57s/it]
Task 5, Epoch 7/10 => Loss 1.260, Train_accy 76.00:  70%|███████   | 7/10 [00:10<00:04,  1.56s/it]
Task 5, Epoch 8/10 => Loss 1.029, Train_accy 82.00:  70%|███████   | 7/10 [00:12<00:04,  1.56s/it]
Task 5, Epoch 8/10 => Loss 1.029, Train_accy 82.00:  80%|████████  | 8/10 [00:12<00:03,  1.55s/it]
Task 5, Epoch 9/10 => Loss 0.761, Train_accy 84.00:  80%|████████  | 8/10 [00:14<00:03,  1.55s/it]
Task 5, Epoch 9/10 => Loss 0.761, Train_accy 84.00:  90%|█████████ | 9/10 [00:14<00:01,  1.56s/it]
Task 5, Epoch 10/10 => Loss 0.490, Train_accy 94.00:  90%|█████████ | 9/10 [00:15<00:01,  1.56s/it]
Task 5, Epoch 10/10 => Loss 0.490, Train_accy 94.00: 100%|██████████| 10/10 [00:15<00:00,  1.56s/it]
Task 5, Epoch 10/10 => Loss 0.490, Train_accy 94.00: 100%|██████████| 10/10 [00:15<00:00,  1.56s/it]
2026-01-02 20:29:14,077 [inflora.py] => Task 5, Epoch 10/10 => Loss 0.490, Train_accy 94.00
Threshold:  0.9727272727272727
Skip Updating DualGPM for layer: 1
Layer 1 - Projection Matrix shape: torch.Size([768, 768])
Layer 2 - Projection Matrix shape: torch.Size([768, 768])
Layer 3 - Projection Matrix shape: torch.Size([768, 768])
Layer 4 - Projection Matrix shape: torch.Size([768, 768])
Layer 5 - Projection Matrix shape: torch.Size([768, 768])
Layer 6 - Projection Matrix shape: torch.Size([768, 768])
Layer 7 - Projection Matrix shape: torch.Size([768, 768])
Layer 8 - Projection Matrix shape: torch.Size([768, 768])
Layer 9 - Projection Matrix shape: torch.Size([768, 768])
Layer 10 - Projection Matrix shape: torch.Size([768, 768])
Layer 11 - Projection Matrix shape: torch.Size([768, 768])
Layer 12 - Projection Matrix shape: torch.Size([768, 768])
2026-01-02 20:29:32,936 [inflora.py] => Exemplar size: 0
2026-01-02 20:29:32,937 [trainer.py] => CNN: {'total': 61.86, '00-99': 92.86, '100-109': 13.68, '110-119': 0.0, '120-129': 0.0, '130-139': 0.0, '140-149': 0.0, '150-159': 86.0, '160-169': 88.0, '170-179': 90.0, '180-189': 82.0, '190-199': 90.0, 'old': 66.52, 'new': 0.0}
2026-01-02 20:29:32,937 [trainer.py] => CNN top1 curve: [93.12, 85.29, 77.06, 71.0, 66.77, 61.86]
2026-01-02 20:29:32,937 [trainer.py] => Average Accuracy (CNN): 75.85
2026-01-02 20:29:32,940 [trainer.py] => All params: 97226625
2026-01-02 20:29:32,943 [trainer.py] => Trainable params: 261220
2026-01-02 20:29:32,943 [inflora.py] => Learning on 150-160

  0%|          | 0/10 [00:00<?, ?it/s]
Task 6, Epoch 1/10 => Loss 5.174, Train_accy 0.00:   0%|          | 0/10 [00:01<?, ?it/s]
Task 6, Epoch 1/10 => Loss 5.174, Train_accy 0.00:  10%|█         | 1/10 [00:01<00:15,  1.72s/it]
Task 6, Epoch 2/10 => Loss 4.332, Train_accy 6.00:  10%|█         | 1/10 [00:03<00:15,  1.72s/it]
Task 6, Epoch 2/10 => Loss 4.332, Train_accy 6.00:  20%|██        | 2/10 [00:03<00:13,  1.71s/it]
Task 6, Epoch 3/10 => Loss 3.022, Train_accy 32.00:  20%|██        | 2/10 [00:05<00:13,  1.71s/it]
Task 6, Epoch 3/10 => Loss 3.022, Train_accy 32.00:  30%|███       | 3/10 [00:05<00:11,  1.71s/it]
Task 6, Epoch 4/10 => Loss 2.115, Train_accy 46.00:  30%|███       | 3/10 [00:06<00:11,  1.71s/it]
Task 6, Epoch 4/10 => Loss 2.115, Train_accy 46.00:  40%|████      | 4/10 [00:06<00:10,  1.71s/it]
Task 6, Epoch 5/10 => Loss 1.573, Train_accy 68.00:  40%|████      | 4/10 [00:08<00:10,  1.71s/it]
Task 6, Epoch 5/10 => Loss 1.573, Train_accy 68.00:  50%|█████     | 5/10 [00:08<00:08,  1.70s/it]
Task 6, Epoch 6/10 => Loss 1.391, Train_accy 68.00:  50%|█████     | 5/10 [00:10<00:08,  1.70s/it]
Task 6, Epoch 6/10 => Loss 1.391, Train_accy 68.00:  60%|██████    | 6/10 [00:10<00:06,  1.66s/it]
Task 6, Epoch 7/10 => Loss 0.819, Train_accy 82.00:  60%|██████    | 6/10 [00:11<00:06,  1.66s/it]
Task 6, Epoch 7/10 => Loss 0.819, Train_accy 82.00:  70%|███████   | 7/10 [00:11<00:04,  1.63s/it]
Task 6, Epoch 8/10 => Loss 0.559, Train_accy 92.00:  70%|███████   | 7/10 [00:13<00:04,  1.63s/it]
Task 6, Epoch 8/10 => Loss 0.559, Train_accy 92.00:  80%|████████  | 8/10 [00:13<00:03,  1.62s/it]
Task 6, Epoch 9/10 => Loss 0.526, Train_accy 90.00:  80%|████████  | 8/10 [00:14<00:03,  1.62s/it]
Task 6, Epoch 9/10 => Loss 0.526, Train_accy 90.00:  90%|█████████ | 9/10 [00:14<00:01,  1.61s/it]
Task 6, Epoch 10/10 => Loss 0.335, Train_accy 96.00:  90%|█████████ | 9/10 [00:16<00:01,  1.61s/it]
Task 6, Epoch 10/10 => Loss 0.335, Train_accy 96.00: 100%|██████████| 10/10 [00:16<00:00,  1.60s/it]
Task 6, Epoch 10/10 => Loss 0.335, Train_accy 96.00: 100%|██████████| 10/10 [00:16<00:00,  1.65s/it]
2026-01-02 20:29:52,225 [inflora.py] => Task 6, Epoch 10/10 => Loss 0.335, Train_accy 96.00
Threshold:  0.9772727272727273
Layer 1 - Projection Matrix shape: torch.Size([768, 768])
Layer 2 - Projection Matrix shape: torch.Size([768, 768])
Layer 3 - Projection Matrix shape: torch.Size([768, 768])
Layer 4 - Projection Matrix shape: torch.Size([768, 768])
Layer 5 - Projection Matrix shape: torch.Size([768, 768])
Layer 6 - Projection Matrix shape: torch.Size([768, 768])
Layer 7 - Projection Matrix shape: torch.Size([768, 768])
Layer 8 - Projection Matrix shape: torch.Size([768, 768])
Layer 9 - Projection Matrix shape: torch.Size([768, 768])
Layer 10 - Projection Matrix shape: torch.Size([768, 768])
Layer 11 - Projection Matrix shape: torch.Size([768, 768])
Layer 12 - Projection Matrix shape: torch.Size([768, 768])
2026-01-02 20:30:12,234 [inflora.py] => Exemplar size: 0
2026-01-02 20:30:12,235 [trainer.py] => CNN: {'total': 57.37, '00-99': 92.68, '100-109': 12.82, '110-119': 0.0, '120-129': 0.0, '130-139': 0.0, '140-149': 0.0, '150-159': 0.0, '160-169': 84.0, '170-179': 96.0, '180-189': 90.0, '190-199': 92.0, 'old': 61.69, 'new': 0.0}
2026-01-02 20:30:12,235 [trainer.py] => CNN top1 curve: [93.12, 85.29, 77.06, 71.0, 66.77, 61.86, 57.37]
2026-01-02 20:30:12,235 [trainer.py] => Average Accuracy (CNN): 73.21
2026-01-02 20:30:12,239 [trainer.py] => All params: 97226625
2026-01-02 20:30:12,242 [trainer.py] => Trainable params: 261220
2026-01-02 20:30:12,242 [inflora.py] => Learning on 160-170

  0%|          | 0/10 [00:00<?, ?it/s]
Task 7, Epoch 1/10 => Loss 6.515, Train_accy 0.00:   0%|          | 0/10 [00:01<?, ?it/s]
Task 7, Epoch 1/10 => Loss 6.515, Train_accy 0.00:  10%|█         | 1/10 [00:01<00:14,  1.62s/it]
Task 7, Epoch 2/10 => Loss 5.106, Train_accy 4.00:  10%|█         | 1/10 [00:03<00:14,  1.62s/it]
Task 7, Epoch 2/10 => Loss 5.106, Train_accy 4.00:  20%|██        | 2/10 [00:03<00:12,  1.61s/it]
Task 7, Epoch 3/10 => Loss 4.019, Train_accy 14.00:  20%|██        | 2/10 [00:04<00:12,  1.61s/it]
Task 7, Epoch 3/10 => Loss 4.019, Train_accy 14.00:  30%|███       | 3/10 [00:04<00:11,  1.62s/it]
Task 7, Epoch 4/10 => Loss 2.954, Train_accy 40.00:  30%|███       | 3/10 [00:06<00:11,  1.62s/it]
Task 7, Epoch 4/10 => Loss 2.954, Train_accy 40.00:  40%|████      | 4/10 [00:06<00:09,  1.62s/it]
Task 7, Epoch 5/10 => Loss 2.087, Train_accy 62.00:  40%|████      | 4/10 [00:08<00:09,  1.62s/it]
Task 7, Epoch 5/10 => Loss 2.087, Train_accy 62.00:  50%|█████     | 5/10 [00:08<00:08,  1.61s/it]
Task 7, Epoch 6/10 => Loss 1.885, Train_accy 50.00:  50%|█████     | 5/10 [00:09<00:08,  1.61s/it]
Task 7, Epoch 6/10 => Loss 1.885, Train_accy 50.00:  60%|██████    | 6/10 [00:09<00:06,  1.60s/it]
Task 7, Epoch 7/10 => Loss 1.446, Train_accy 68.00:  60%|██████    | 6/10 [00:11<00:06,  1.60s/it]
Task 7, Epoch 7/10 => Loss 1.446, Train_accy 68.00:  70%|███████   | 7/10 [00:11<00:04,  1.60s/it]
Task 7, Epoch 8/10 => Loss 1.027, Train_accy 82.00:  70%|███████   | 7/10 [00:12<00:04,  1.60s/it]
Task 7, Epoch 8/10 => Loss 1.027, Train_accy 82.00:  80%|████████  | 8/10 [00:12<00:03,  1.61s/it]
Task 7, Epoch 9/10 => Loss 0.787, Train_accy 84.00:  80%|████████  | 8/10 [00:14<00:03,  1.61s/it]
Task 7, Epoch 9/10 => Loss 0.787, Train_accy 84.00:  90%|█████████ | 9/10 [00:14<00:01,  1.61s/it]
Task 7, Epoch 10/10 => Loss 0.846, Train_accy 84.00:  90%|█████████ | 9/10 [00:16<00:01,  1.61s/it]
Task 7, Epoch 10/10 => Loss 0.846, Train_accy 84.00: 100%|██████████| 10/10 [00:16<00:00,  1.61s/it]
Task 7, Epoch 10/10 => Loss 0.846, Train_accy 84.00: 100%|██████████| 10/10 [00:16<00:00,  1.61s/it]
2026-01-02 20:30:31,112 [inflora.py] => Task 7, Epoch 10/10 => Loss 0.846, Train_accy 84.00
Threshold:  0.9818181818181818
Layer 1 - Projection Matrix shape: torch.Size([768, 768])
Layer 2 - Projection Matrix shape: torch.Size([768, 768])
Layer 3 - Projection Matrix shape: torch.Size([768, 768])
Layer 4 - Projection Matrix shape: torch.Size([768, 768])
Layer 5 - Projection Matrix shape: torch.Size([768, 768])
Layer 6 - Projection Matrix shape: torch.Size([768, 768])
Layer 7 - Projection Matrix shape: torch.Size([768, 768])
Layer 8 - Projection Matrix shape: torch.Size([768, 768])
Layer 9 - Projection Matrix shape: torch.Size([768, 768])
Layer 10 - Projection Matrix shape: torch.Size([768, 768])
Layer 11 - Projection Matrix shape: torch.Size([768, 768])
Layer 12 - Projection Matrix shape: torch.Size([768, 768])
2026-01-02 20:30:50,500 [inflora.py] => Exemplar size: 0
2026-01-02 20:30:50,500 [trainer.py] => CNN: {'total': 54.28, '00-99': 93.12, '100-109': 13.68, '110-119': 0.0, '120-129': 0.0, '130-139': 0.0, '140-149': 0.0, '150-159': 0.0, '160-169': 0.0, '170-179': 92.0, '180-189': 92.0, '190-199': 90.0, 'old': 57.7, 'new': 0.0}
2026-01-02 20:30:50,500 [trainer.py] => CNN top1 curve: [93.12, 85.29, 77.06, 71.0, 66.77, 61.86, 57.37, 54.28]
2026-01-02 20:30:50,500 [trainer.py] => Average Accuracy (CNN): 70.84
2026-01-02 20:30:50,502 [trainer.py] => All params: 97226625
2026-01-02 20:30:50,504 [trainer.py] => Trainable params: 261220
2026-01-02 20:30:50,504 [inflora.py] => Learning on 170-180

  0%|          | 0/10 [00:00<?, ?it/s]
Task 8, Epoch 1/10 => Loss 6.549, Train_accy 0.00:   0%|          | 0/10 [00:01<?, ?it/s]
Task 8, Epoch 1/10 => Loss 6.549, Train_accy 0.00:  10%|█         | 1/10 [00:01<00:16,  1.82s/it]
Task 8, Epoch 2/10 => Loss 5.321, Train_accy 2.00:  10%|█         | 1/10 [00:03<00:16,  1.82s/it]
Task 8, Epoch 2/10 => Loss 5.321, Train_accy 2.00:  20%|██        | 2/10 [00:03<00:13,  1.74s/it]
Task 8, Epoch 3/10 => Loss 4.339, Train_accy 6.00:  20%|██        | 2/10 [00:05<00:13,  1.74s/it]
Task 8, Epoch 3/10 => Loss 4.339, Train_accy 6.00:  30%|███       | 3/10 [00:05<00:11,  1.70s/it]
Task 8, Epoch 4/10 => Loss 3.211, Train_accy 22.00:  30%|███       | 3/10 [00:06<00:11,  1.70s/it]
Task 8, Epoch 4/10 => Loss 3.211, Train_accy 22.00:  40%|████      | 4/10 [00:06<00:10,  1.67s/it]
Task 8, Epoch 5/10 => Loss 2.739, Train_accy 36.00:  40%|████      | 4/10 [00:08<00:10,  1.67s/it]
Task 8, Epoch 5/10 => Loss 2.739, Train_accy 36.00:  50%|█████     | 5/10 [00:08<00:08,  1.66s/it]
Task 8, Epoch 6/10 => Loss 1.934, Train_accy 54.00:  50%|█████     | 5/10 [00:10<00:08,  1.66s/it]
Task 8, Epoch 6/10 => Loss 1.934, Train_accy 54.00:  60%|██████    | 6/10 [00:10<00:06,  1.66s/it]
Task 8, Epoch 7/10 => Loss 1.698, Train_accy 54.00:  60%|██████    | 6/10 [00:11<00:06,  1.66s/it]
Task 8, Epoch 7/10 => Loss 1.698, Train_accy 54.00:  70%|███████   | 7/10 [00:11<00:04,  1.66s/it]
Task 8, Epoch 8/10 => Loss 1.182, Train_accy 66.00:  70%|███████   | 7/10 [00:13<00:04,  1.66s/it]
Task 8, Epoch 8/10 => Loss 1.182, Train_accy 66.00:  80%|████████  | 8/10 [00:13<00:03,  1.66s/it]
Task 8, Epoch 9/10 => Loss 1.132, Train_accy 70.00:  80%|████████  | 8/10 [00:15<00:03,  1.66s/it]
Task 8, Epoch 9/10 => Loss 1.132, Train_accy 70.00:  90%|█████████ | 9/10 [00:15<00:01,  1.66s/it]
Task 8, Epoch 10/10 => Loss 1.134, Train_accy 72.00:  90%|█████████ | 9/10 [00:16<00:01,  1.66s/it]
Task 8, Epoch 10/10 => Loss 1.134, Train_accy 72.00: 100%|██████████| 10/10 [00:16<00:00,  1.66s/it]
Task 8, Epoch 10/10 => Loss 1.134, Train_accy 72.00: 100%|██████████| 10/10 [00:16<00:00,  1.67s/it]
2026-01-02 20:31:10,187 [inflora.py] => Task 8, Epoch 10/10 => Loss 1.134, Train_accy 72.00
Threshold:  0.9863636363636363
Skip Updating DualGPM for layer: 1
Layer 1 - Projection Matrix shape: torch.Size([768, 768])
Layer 2 - Projection Matrix shape: torch.Size([768, 768])
Layer 3 - Projection Matrix shape: torch.Size([768, 768])
Layer 4 - Projection Matrix shape: torch.Size([768, 768])
Layer 5 - Projection Matrix shape: torch.Size([768, 768])
Layer 6 - Projection Matrix shape: torch.Size([768, 768])
Layer 7 - Projection Matrix shape: torch.Size([768, 768])
Layer 8 - Projection Matrix shape: torch.Size([768, 768])
Layer 9 - Projection Matrix shape: torch.Size([768, 768])
Layer 10 - Projection Matrix shape: torch.Size([768, 768])
Layer 11 - Projection Matrix shape: torch.Size([768, 768])
Layer 12 - Projection Matrix shape: torch.Size([768, 768])
2026-01-02 20:31:29,771 [inflora.py] => Exemplar size: 0
2026-01-02 20:31:29,771 [trainer.py] => CNN: {'total': 50.71, '00-99': 92.86, '100-109': 11.11, '110-119': 0.0, '120-129': 0.0, '130-139': 0.0, '140-149': 0.0, '150-159': 0.0, '160-169': 0.0, '170-179': 0.0, '180-189': 92.0, '190-199': 86.0, 'old': 53.97, 'new': 0.0}
2026-01-02 20:31:29,772 [trainer.py] => CNN top1 curve: [93.12, 85.29, 77.06, 71.0, 66.77, 61.86, 57.37, 54.28, 50.71]
2026-01-02 20:31:29,772 [trainer.py] => Average Accuracy (CNN): 68.61
2026-01-02 20:31:29,775 [trainer.py] => All params: 97226625
2026-01-02 20:31:29,777 [trainer.py] => Trainable params: 261220
2026-01-02 20:31:29,777 [inflora.py] => Learning on 180-190

  0%|          | 0/10 [00:00<?, ?it/s]
Task 9, Epoch 1/10 => Loss 5.955, Train_accy 0.00:   0%|          | 0/10 [00:01<?, ?it/s]
Task 9, Epoch 1/10 => Loss 5.955, Train_accy 0.00:  10%|█         | 1/10 [00:01<00:14,  1.66s/it]
Task 9, Epoch 2/10 => Loss 4.902, Train_accy 2.00:  10%|█         | 1/10 [00:03<00:14,  1.66s/it]
Task 9, Epoch 2/10 => Loss 4.902, Train_accy 2.00:  20%|██        | 2/10 [00:03<00:13,  1.67s/it]
Task 9, Epoch 3/10 => Loss 3.817, Train_accy 8.00:  20%|██        | 2/10 [00:05<00:13,  1.67s/it]
Task 9, Epoch 3/10 => Loss 3.817, Train_accy 8.00:  30%|███       | 3/10 [00:05<00:11,  1.68s/it]
Task 9, Epoch 4/10 => Loss 2.808, Train_accy 40.00:  30%|███       | 3/10 [00:06<00:11,  1.68s/it]
Task 9, Epoch 4/10 => Loss 2.808, Train_accy 40.00:  40%|████      | 4/10 [00:06<00:10,  1.68s/it]
Task 9, Epoch 5/10 => Loss 1.967, Train_accy 56.00:  40%|████      | 4/10 [00:08<00:10,  1.68s/it]
Task 9, Epoch 5/10 => Loss 1.967, Train_accy 56.00:  50%|█████     | 5/10 [00:08<00:08,  1.67s/it]
Task 9, Epoch 6/10 => Loss 1.653, Train_accy 58.00:  50%|█████     | 5/10 [00:10<00:08,  1.67s/it]
Task 9, Epoch 6/10 => Loss 1.653, Train_accy 58.00:  60%|██████    | 6/10 [00:10<00:06,  1.67s/it]
Task 9, Epoch 7/10 => Loss 1.523, Train_accy 60.00:  60%|██████    | 6/10 [00:11<00:06,  1.67s/it]
Task 9, Epoch 7/10 => Loss 1.523, Train_accy 60.00:  70%|███████   | 7/10 [00:11<00:05,  1.67s/it]
Task 9, Epoch 8/10 => Loss 1.187, Train_accy 64.00:  70%|███████   | 7/10 [00:13<00:05,  1.67s/it]
Task 9, Epoch 8/10 => Loss 1.187, Train_accy 64.00:  80%|████████  | 8/10 [00:13<00:03,  1.67s/it]
Task 9, Epoch 9/10 => Loss 1.215, Train_accy 70.00:  80%|████████  | 8/10 [00:15<00:03,  1.67s/it]
Task 9, Epoch 9/10 => Loss 1.215, Train_accy 70.00:  90%|█████████ | 9/10 [00:15<00:01,  1.67s/it]
Task 9, Epoch 10/10 => Loss 1.027, Train_accy 72.00:  90%|█████████ | 9/10 [00:16<00:01,  1.67s/it]
Task 9, Epoch 10/10 => Loss 1.027, Train_accy 72.00: 100%|██████████| 10/10 [00:16<00:00,  1.68s/it]
Task 9, Epoch 10/10 => Loss 1.027, Train_accy 72.00: 100%|██████████| 10/10 [00:16<00:00,  1.68s/it]
2026-01-02 20:31:49,605 [inflora.py] => Task 9, Epoch 10/10 => Loss 1.027, Train_accy 72.00
Threshold:  0.9909090909090909
Layer 1 - Projection Matrix shape: torch.Size([768, 768])
Layer 2 - Projection Matrix shape: torch.Size([768, 768])
Layer 3 - Projection Matrix shape: torch.Size([768, 768])
Layer 4 - Projection Matrix shape: torch.Size([768, 768])
Layer 5 - Projection Matrix shape: torch.Size([768, 768])
Layer 6 - Projection Matrix shape: torch.Size([768, 768])
Layer 7 - Projection Matrix shape: torch.Size([768, 768])
Layer 8 - Projection Matrix shape: torch.Size([768, 768])
Layer 9 - Projection Matrix shape: torch.Size([768, 768])
Layer 10 - Projection Matrix shape: torch.Size([768, 768])
Layer 11 - Projection Matrix shape: torch.Size([768, 768])
Layer 12 - Projection Matrix shape: torch.Size([768, 768])
2026-01-02 20:32:10,003 [inflora.py] => Exemplar size: 0
2026-01-02 20:32:10,004 [trainer.py] => CNN: {'total': 47.7, '00-99': 92.24, '100-109': 11.11, '110-119': 0.0, '120-129': 0.0, '130-139': 0.0, '140-149': 0.0, '150-159': 0.0, '160-169': 0.0, '170-179': 0.0, '180-189': 0.0, '190-199': 90.0, 'old': 50.38, 'new': 0.0}
2026-01-02 20:32:10,004 [trainer.py] => CNN top1 curve: [93.12, 85.29, 77.06, 71.0, 66.77, 61.86, 57.37, 54.28, 50.71, 47.7]
2026-01-02 20:32:10,004 [trainer.py] => Average Accuracy (CNN): 66.52
2026-01-02 20:32:10,009 [trainer.py] => All params: 97226625
2026-01-02 20:32:10,012 [trainer.py] => Trainable params: 261220
2026-01-02 20:32:10,013 [inflora.py] => Learning on 190-200

  0%|          | 0/10 [00:00<?, ?it/s]
Task 10, Epoch 1/10 => Loss 5.170, Train_accy 0.00:   0%|          | 0/10 [00:01<?, ?it/s]
Task 10, Epoch 1/10 => Loss 5.170, Train_accy 0.00:  10%|█         | 1/10 [00:01<00:15,  1.69s/it]
Task 10, Epoch 2/10 => Loss 3.927, Train_accy 10.00:  10%|█         | 1/10 [00:03<00:15,  1.69s/it]
Task 10, Epoch 2/10 => Loss 3.927, Train_accy 10.00:  20%|██        | 2/10 [00:03<00:13,  1.70s/it]
Task 10, Epoch 3/10 => Loss 2.970, Train_accy 32.00:  20%|██        | 2/10 [00:05<00:13,  1.70s/it]
Task 10, Epoch 3/10 => Loss 2.970, Train_accy 32.00:  30%|███       | 3/10 [00:05<00:11,  1.70s/it]
Task 10, Epoch 4/10 => Loss 2.241, Train_accy 50.00:  30%|███       | 3/10 [00:06<00:11,  1.70s/it]
Task 10, Epoch 4/10 => Loss 2.241, Train_accy 50.00:  40%|████      | 4/10 [00:06<00:10,  1.70s/it]
Task 10, Epoch 5/10 => Loss 1.671, Train_accy 64.00:  40%|████      | 4/10 [00:08<00:10,  1.70s/it]
Task 10, Epoch 5/10 => Loss 1.671, Train_accy 64.00:  50%|█████     | 5/10 [00:08<00:08,  1.75s/it]
Task 10, Epoch 6/10 => Loss 1.269, Train_accy 76.00:  50%|█████     | 5/10 [00:10<00:08,  1.75s/it]
Task 10, Epoch 6/10 => Loss 1.269, Train_accy 76.00:  60%|██████    | 6/10 [00:10<00:07,  1.78s/it]
Task 10, Epoch 7/10 => Loss 1.021, Train_accy 84.00:  60%|██████    | 6/10 [00:12<00:07,  1.78s/it]
Task 10, Epoch 7/10 => Loss 1.021, Train_accy 84.00:  70%|███████   | 7/10 [00:12<00:05,  1.80s/it]
Task 10, Epoch 8/10 => Loss 0.718, Train_accy 84.00:  70%|███████   | 7/10 [00:14<00:05,  1.80s/it]
Task 10, Epoch 8/10 => Loss 0.718, Train_accy 84.00:  80%|████████  | 8/10 [00:14<00:03,  1.81s/it]
Task 10, Epoch 9/10 => Loss 0.579, Train_accy 92.00:  80%|████████  | 8/10 [00:16<00:03,  1.81s/it]
Task 10, Epoch 9/10 => Loss 0.579, Train_accy 92.00:  90%|█████████ | 9/10 [00:16<00:01,  1.83s/it]
Task 10, Epoch 10/10 => Loss 0.364, Train_accy 96.00:  90%|█████████ | 9/10 [00:17<00:01,  1.83s/it]
Task 10, Epoch 10/10 => Loss 0.364, Train_accy 96.00: 100%|██████████| 10/10 [00:17<00:00,  1.83s/it]
Task 10, Epoch 10/10 => Loss 0.364, Train_accy 96.00: 100%|██████████| 10/10 [00:17<00:00,  1.78s/it]
2026-01-02 20:32:30,839 [inflora.py] => Task 10, Epoch 10/10 => Loss 0.364, Train_accy 96.00
Threshold:  0.9954545454545455
Layer 1 - Projection Matrix shape: torch.Size([768, 768])
Layer 2 - Projection Matrix shape: torch.Size([768, 768])
Layer 3 - Projection Matrix shape: torch.Size([768, 768])
Layer 4 - Projection Matrix shape: torch.Size([768, 768])
Layer 5 - Projection Matrix shape: torch.Size([768, 768])
Layer 6 - Projection Matrix shape: torch.Size([768, 768])
Layer 7 - Projection Matrix shape: torch.Size([768, 768])
Layer 8 - Projection Matrix shape: torch.Size([768, 768])
Layer 9 - Projection Matrix shape: torch.Size([768, 768])
Layer 10 - Projection Matrix shape: torch.Size([768, 768])
Layer 11 - Projection Matrix shape: torch.Size([768, 768])
Layer 12 - Projection Matrix shape: torch.Size([768, 768])
2026-01-02 20:32:47,990 [inflora.py] => Exemplar size: 0
2026-01-02 20:32:47,991 [trainer.py] => CNN: {'total': 44.74, '00-99': 91.8, '100-109': 11.97, '110-119': 0.0, '120-129': 0.0, '130-139': 0.0, '140-149': 0.0, '150-159': 0.0, '160-169': 0.0, '170-179': 0.0, '180-189': 0.0, '190-199': 0.0, 'old': 47.52, 'new': 0.0}
2026-01-02 20:32:47,991 [trainer.py] => CNN top1 curve: [93.12, 85.29, 77.06, 71.0, 66.77, 61.86, 57.37, 54.28, 50.71, 47.7, 44.74]
2026-01-02 20:32:47,991 [trainer.py] => Average Accuracy (CNN): 64.54

================================================================================
Finished cub_init100_inc10: InfLoRA  
Base Accuracy: 93.12
Last Accuracy: 44.74
Average Accuracy (Top1): 64.54
PD: 48.38
Backward Transfer (BWT): 0.12
Forward Transfer (FWT): 16.67
Accuracy Matrix (CNN):
[[93.12 90.   86.   86.   96.   80.   90.   84.   94.   82.   96.  ]
 [93.12  9.4  86.   92.   92.   94.   96.   84.   94.   90.   86.  ]
 [92.77 11.11  0.   82.   84.   88.   90.   72.   80.   86.   90.  ]
 [92.59 12.82  0.    0.   96.   84.   88.   82.   90.   88.   90.  ]
 [93.3  12.82  0.    0.    0.   84.   92.   86.   98.   86.   86.  ]
 [92.86 13.68  0.    0.    0.    0.   86.   88.   90.   82.   90.  ]
 [92.68 12.82  0.    0.    0.    0.    0.   84.   96.   90.   92.  ]
 [93.12 13.68  0.    0.    0.    0.    0.    0.   92.   92.   90.  ]
 [92.86 11.11  0.    0.    0.    0.    0.    0.    0.   92.   86.  ]
 [92.24 11.11  0.    0.    0.    0.    0.    0.    0.    0.   90.  ]
 [91.8  11.97  0.    0.    0.    0.    0.    0.    0.    0.    0.  ]]
================================================================================

logs/cifar100/60_5_sip/InfLoRA/adam/10/0.95_1.0-0.0001/2025
2026-01-02 20:32:52,309 [trainer.py] => config: configs/inflora_cifar_B60_Inc2.json
2026-01-02 20:32:52,341 [trainer.py] => device: [device(type='cuda', index=1)]
2026-01-02 20:32:52,341 [trainer.py] => prefix: reproduce
2026-01-02 20:32:52,341 [trainer.py] => dataset: cifar100
2026-01-02 20:32:52,341 [trainer.py] => data_path: data/
2026-01-02 20:32:52,341 [trainer.py] => memory_size: 0
2026-01-02 20:32:52,341 [trainer.py] => memory_per_class: 0
2026-01-02 20:32:52,341 [trainer.py] => fixed_memory: True
2026-01-02 20:32:52,341 [trainer.py] => shuffle: True
2026-01-02 20:32:52,341 [trainer.py] => init_cls: 60
2026-01-02 20:32:52,341 [trainer.py] => increment: 5
2026-01-02 20:32:52,341 [trainer.py] => model_name: InfLoRA
2026-01-02 20:32:52,341 [trainer.py] => net_type: sip
2026-01-02 20:32:52,341 [trainer.py] => embd_dim: 768
2026-01-02 20:32:52,342 [trainer.py] => num_heads: 12
2026-01-02 20:32:52,342 [trainer.py] => total_sessions: 21
2026-01-02 20:32:52,342 [trainer.py] => seed: 2025
2026-01-02 20:32:52,342 [trainer.py] => kshot: 5
2026-01-02 20:32:52,342 [trainer.py] => EPSILON: 1e-08
2026-01-02 20:32:52,342 [trainer.py] => init_epoch: 20
2026-01-02 20:32:52,342 [trainer.py] => optim: adam
2026-01-02 20:32:52,342 [trainer.py] => init_lr: 0.0001
2026-01-02 20:32:52,342 [trainer.py] => init_lr_decay: 0.1
2026-01-02 20:32:52,342 [trainer.py] => init_weight_decay: 0.0
2026-01-02 20:32:52,342 [trainer.py] => epochs: 10
2026-01-02 20:32:52,342 [trainer.py] => lrate: 0.0001
2026-01-02 20:32:52,342 [trainer.py] => lrate_decay: 0.1
2026-01-02 20:32:52,342 [trainer.py] => batch_size: 128
2026-01-02 20:32:52,342 [trainer.py] => weight_decay: 0.0
2026-01-02 20:32:52,342 [trainer.py] => rank: 10
2026-01-02 20:32:52,343 [trainer.py] => lamb: 0.95
2026-01-02 20:32:52,343 [trainer.py] => lame: 1.0
2026-01-02 20:32:52,343 [trainer.py] => num_workers: 16
2026-01-02 20:32:52,343 [trainer.py] => gpu_models: ['NVIDIA A40']
Files already downloaded and verified
Files already downloaded and verified
2026-01-02 20:32:54,140 [data_manager.py] => [49, 77, 61, 69, 6, 95, 68, 19, 2, 5, 96, 89, 57, 63, 72, 99, 59, 1, 79, 20, 26, 47, 46, 48, 92, 29, 0, 14, 30, 43, 74, 97, 11, 86, 35, 28, 4, 58, 90, 51, 85, 44, 60, 71, 34, 91, 9, 18, 21, 39, 81, 54, 8, 50, 15, 24, 88, 87, 38, 7, 56, 65, 37, 55, 80, 66, 52, 31, 70, 53, 42, 36, 41, 13, 27, 73, 33, 93, 45, 75, 17, 25, 3, 64, 16, 84, 23, 40, 78, 10, 22, 32, 12, 83, 67, 76, 98, 82, 94, 62]
2026-01-02 20:32:56,209 [trainer.py] => All params: 101082305
2026-01-02 20:32:56,213 [trainer.py] => Trainable params: 101082305
2026-01-02 20:32:56,213 [inflora.py] => Learning on 0-60

  0%|          | 0/20 [00:00<?, ?it/s]
Task 0, Epoch 1/20 => Loss 2.199, Train_accy 48.36:   0%|          | 0/20 [03:25<?, ?it/s]
Task 0, Epoch 1/20 => Loss 2.199, Train_accy 48.36:   5%|▌         | 1/20 [03:25<1:05:05, 205.55s/it]
Task 0, Epoch 2/20 => Loss 0.783, Train_accy 79.03:   5%|▌         | 1/20 [06:49<1:05:05, 205.55s/it]
Task 0, Epoch 2/20 => Loss 0.783, Train_accy 79.03:  10%|█         | 2/20 [06:49<1:01:24, 204.71s/it]
Task 0, Epoch 3/20 => Loss 0.638, Train_accy 82.17:  10%|█         | 2/20 [10:13<1:01:24, 204.71s/it]
Task 0, Epoch 3/20 => Loss 0.638, Train_accy 82.17:  15%|█▌        | 3/20 [10:13<57:56, 204.53s/it]  
Task 0, Epoch 4/20 => Loss 0.584, Train_accy 83.42:  15%|█▌        | 3/20 [13:38<57:56, 204.53s/it]
Task 0, Epoch 4/20 => Loss 0.584, Train_accy 83.42:  20%|██        | 4/20 [13:38<54:30, 204.40s/it]
Task 0, Epoch 5/20 => Loss 0.557, Train_accy 84.32:  20%|██        | 4/20 [17:02<54:30, 204.40s/it]
Task 0, Epoch 5/20 => Loss 0.557, Train_accy 84.32:  25%|██▌       | 5/20 [17:02<51:03, 204.24s/it]
Task 0, Epoch 6/20 => Loss 0.528, Train_accy 85.00:  25%|██▌       | 5/20 [20:26<51:03, 204.24s/it]
Task 0, Epoch 6/20 => Loss 0.528, Train_accy 85.00:  30%|███       | 6/20 [20:26<47:41, 204.39s/it]
Task 0, Epoch 7/20 => Loss 0.507, Train_accy 85.62:  30%|███       | 6/20 [23:51<47:41, 204.39s/it]
Task 0, Epoch 7/20 => Loss 0.507, Train_accy 85.62:  35%|███▌      | 7/20 [23:51<44:19, 204.56s/it]
Task 0, Epoch 8/20 => Loss 0.499, Train_accy 85.75:  35%|███▌      | 7/20 [27:16<44:19, 204.56s/it]
Task 0, Epoch 8/20 => Loss 0.499, Train_accy 85.75:  40%|████      | 8/20 [27:16<40:53, 204.48s/it]
Task 0, Epoch 9/20 => Loss 0.473, Train_accy 86.44:  40%|████      | 8/20 [30:40<40:53, 204.48s/it]
Task 0, Epoch 9/20 => Loss 0.473, Train_accy 86.44:  45%|████▌     | 9/20 [30:40<37:29, 204.46s/it]
Task 0, Epoch 10/20 => Loss 0.471, Train_accy 86.42:  45%|████▌     | 9/20 [34:05<37:29, 204.46s/it]
Task 0, Epoch 10/20 => Loss 0.471, Train_accy 86.42:  50%|█████     | 10/20 [34:05<34:05, 204.51s/it]
Task 0, Epoch 11/20 => Loss 0.470, Train_accy 86.50:  50%|█████     | 10/20 [37:29<34:05, 204.51s/it]
Task 0, Epoch 11/20 => Loss 0.470, Train_accy 86.50:  55%|█████▌    | 11/20 [37:29<30:40, 204.53s/it]
Task 0, Epoch 12/20 => Loss 0.457, Train_accy 86.85:  55%|█████▌    | 11/20 [40:53<30:40, 204.53s/it]
Task 0, Epoch 12/20 => Loss 0.457, Train_accy 86.85:  60%|██████    | 12/20 [40:53<27:15, 204.47s/it]
Task 0, Epoch 13/20 => Loss 0.448, Train_accy 87.24:  60%|██████    | 12/20 [44:18<27:15, 204.47s/it]
Task 0, Epoch 13/20 => Loss 0.448, Train_accy 87.24:  65%|██████▌   | 13/20 [44:18<23:51, 204.51s/it]
Task 0, Epoch 14/20 => Loss 0.447, Train_accy 87.09:  65%|██████▌   | 13/20 [47:43<23:51, 204.51s/it]
Task 0, Epoch 14/20 => Loss 0.447, Train_accy 87.09:  70%|███████   | 14/20 [47:43<20:27, 204.50s/it]
Task 0, Epoch 15/20 => Loss 0.435, Train_accy 87.60:  70%|███████   | 14/20 [51:07<20:27, 204.50s/it]
Task 0, Epoch 15/20 => Loss 0.435, Train_accy 87.60:  75%|███████▌  | 15/20 [51:07<17:02, 204.48s/it]
Task 0, Epoch 16/20 => Loss 0.439, Train_accy 87.31:  75%|███████▌  | 15/20 [54:32<17:02, 204.48s/it]
Task 0, Epoch 16/20 => Loss 0.439, Train_accy 87.31:  80%|████████  | 16/20 [54:32<13:38, 204.51s/it]
Task 0, Epoch 17/20 => Loss 0.432, Train_accy 87.57:  80%|████████  | 16/20 [57:56<13:38, 204.51s/it]
Task 0, Epoch 17/20 => Loss 0.432, Train_accy 87.57:  85%|████████▌ | 17/20 [57:56<10:13, 204.44s/it]
Task 0, Epoch 18/20 => Loss 0.435, Train_accy 87.36:  85%|████████▌ | 17/20 [1:01:20<10:13, 204.44s/it]
Task 0, Epoch 18/20 => Loss 0.435, Train_accy 87.36:  90%|█████████ | 18/20 [1:01:20<06:48, 204.46s/it]
Task 0, Epoch 19/20 => Loss 0.417, Train_accy 87.90:  90%|█████████ | 18/20 [1:04:45<06:48, 204.46s/it]
Task 0, Epoch 19/20 => Loss 0.417, Train_accy 87.90:  95%|█████████▌| 19/20 [1:04:45<03:24, 204.53s/it]
Task 0, Epoch 20/20 => Loss 0.413, Train_accy 87.85:  95%|█████████▌| 19/20 [1:08:09<03:24, 204.53s/it]
Task 0, Epoch 20/20 => Loss 0.413, Train_accy 87.85: 100%|██████████| 20/20 [1:08:09<00:00, 204.47s/it]
Task 0, Epoch 20/20 => Loss 0.413, Train_accy 87.85: 100%|██████████| 20/20 [1:08:09<00:00, 204.50s/it]
2026-01-02 21:42:46,489 [inflora.py] => Task 0, Epoch 20/20 => Loss 0.413, Train_accy 87.85
Threshold:  0.95
Layer 1 - Projection Matrix shape: torch.Size([768, 768])
Layer 2 - Projection Matrix shape: torch.Size([768, 768])
Layer 3 - Projection Matrix shape: torch.Size([768, 768])
Layer 4 - Projection Matrix shape: torch.Size([768, 768])
Layer 5 - Projection Matrix shape: torch.Size([768, 768])
Layer 6 - Projection Matrix shape: torch.Size([768, 768])
Layer 7 - Projection Matrix shape: torch.Size([768, 768])
Layer 8 - Projection Matrix shape: torch.Size([768, 768])
Layer 9 - Projection Matrix shape: torch.Size([768, 768])
Layer 10 - Projection Matrix shape: torch.Size([768, 768])
Layer 11 - Projection Matrix shape: torch.Size([768, 768])
Layer 12 - Projection Matrix shape: torch.Size([768, 768])
2026-01-02 21:46:22,756 [inflora.py] => Exemplar size: 0
2026-01-02 21:46:22,757 [trainer.py] => CNN: {'total': 94.73, '00-59': 94.73, '60-64': 84.0, '65-69': 92.0, '70-74': 88.0, '75-79': 88.0, '80-84': 92.0, '85-89': 88.0, '90-94': 96.0, '95-99': 92.0, 'old': 0, 'new': 94.73}
2026-01-02 21:46:22,757 [trainer.py] => CNN top1 curve: [94.73]
2026-01-02 21:46:22,757 [trainer.py] => Average Accuracy (CNN): 94.73
2026-01-02 21:46:22,766 [trainer.py] => All params: 101082305
2026-01-02 21:46:22,771 [trainer.py] => Trainable params: 230460
2026-01-02 21:46:22,772 [inflora.py] => Learning on 60-65

  0%|          | 0/10 [00:00<?, ?it/s]
Task 1, Epoch 1/10 => Loss 5.573, Train_accy 0.00:   0%|          | 0/10 [00:00<?, ?it/s]
Task 1, Epoch 1/10 => Loss 5.573, Train_accy 0.00:  10%|█         | 1/10 [00:00<00:08,  1.03it/s]
Task 1, Epoch 2/10 => Loss 5.238, Train_accy 0.00:  10%|█         | 1/10 [00:01<00:08,  1.03it/s]
Task 1, Epoch 2/10 => Loss 5.238, Train_accy 0.00:  20%|██        | 2/10 [00:01<00:07,  1.03it/s]
Task 1, Epoch 3/10 => Loss 4.987, Train_accy 0.00:  20%|██        | 2/10 [00:02<00:07,  1.03it/s]
Task 1, Epoch 3/10 => Loss 4.987, Train_accy 0.00:  30%|███       | 3/10 [00:02<00:06,  1.03it/s]
Task 1, Epoch 4/10 => Loss 5.324, Train_accy 4.00:  30%|███       | 3/10 [00:03<00:06,  1.03it/s]
Task 1, Epoch 4/10 => Loss 5.324, Train_accy 4.00:  40%|████      | 4/10 [00:03<00:05,  1.03it/s]
Task 1, Epoch 5/10 => Loss 4.655, Train_accy 4.00:  40%|████      | 4/10 [00:04<00:05,  1.03it/s]
Task 1, Epoch 5/10 => Loss 4.655, Train_accy 4.00:  50%|█████     | 5/10 [00:04<00:04,  1.03it/s]
Task 1, Epoch 6/10 => Loss 4.517, Train_accy 4.00:  50%|█████     | 5/10 [00:05<00:04,  1.03it/s]
Task 1, Epoch 6/10 => Loss 4.517, Train_accy 4.00:  60%|██████    | 6/10 [00:05<00:03,  1.03it/s]
Task 1, Epoch 7/10 => Loss 4.013, Train_accy 4.00:  60%|██████    | 6/10 [00:06<00:03,  1.03it/s]
Task 1, Epoch 7/10 => Loss 4.013, Train_accy 4.00:  70%|███████   | 7/10 [00:06<00:02,  1.03it/s]
Task 1, Epoch 8/10 => Loss 4.029, Train_accy 4.00:  70%|███████   | 7/10 [00:07<00:02,  1.03it/s]
Task 1, Epoch 8/10 => Loss 4.029, Train_accy 4.00:  80%|████████  | 8/10 [00:07<00:01,  1.03it/s]
Task 1, Epoch 9/10 => Loss 3.838, Train_accy 16.00:  80%|████████  | 8/10 [00:08<00:01,  1.03it/s]
Task 1, Epoch 9/10 => Loss 3.838, Train_accy 16.00:  90%|█████████ | 9/10 [00:08<00:00,  1.03it/s]
Task 1, Epoch 10/10 => Loss 3.932, Train_accy 20.00:  90%|█████████ | 9/10 [00:09<00:00,  1.03it/s]
Task 1, Epoch 10/10 => Loss 3.932, Train_accy 20.00: 100%|██████████| 10/10 [00:09<00:00,  1.03it/s]
Task 1, Epoch 10/10 => Loss 3.932, Train_accy 20.00: 100%|██████████| 10/10 [00:09<00:00,  1.03it/s]
2026-01-02 21:46:34,445 [inflora.py] => Task 1, Epoch 10/10 => Loss 3.932, Train_accy 20.00
Threshold:  0.9523809523809523
Layer 1 - Projection Matrix shape: torch.Size([768, 768])
Layer 2 - Projection Matrix shape: torch.Size([768, 768])
Layer 3 - Projection Matrix shape: torch.Size([768, 768])
Layer 4 - Projection Matrix shape: torch.Size([768, 768])
Layer 5 - Projection Matrix shape: torch.Size([768, 768])
Layer 6 - Projection Matrix shape: torch.Size([768, 768])
Layer 7 - Projection Matrix shape: torch.Size([768, 768])
Layer 8 - Projection Matrix shape: torch.Size([768, 768])
Layer 9 - Projection Matrix shape: torch.Size([768, 768])
Layer 10 - Projection Matrix shape: torch.Size([768, 768])
Layer 11 - Projection Matrix shape: torch.Size([768, 768])
Layer 12 - Projection Matrix shape: torch.Size([768, 768])
2026-01-02 21:47:05,205 [inflora.py] => Exemplar size: 0
2026-01-02 21:47:05,205 [trainer.py] => CNN: {'total': 87.48, '00-59': 94.7, '60-64': 0.8, '65-69': 88.0, '70-74': 80.0, '75-79': 76.0, '80-84': 88.0, '85-89': 88.0, '90-94': 92.0, '95-99': 92.0, 'old': 94.7, 'new': 0.8}
2026-01-02 21:47:05,205 [trainer.py] => CNN top1 curve: [94.73, 87.48]
2026-01-02 21:47:05,205 [trainer.py] => Average Accuracy (CNN): 91.11
2026-01-02 21:47:05,213 [trainer.py] => All params: 101082305
2026-01-02 21:47:05,218 [trainer.py] => Trainable params: 2535060
2026-01-02 21:47:05,218 [inflora.py] => Learning on 65-70

  0%|          | 0/10 [00:00<?, ?it/s]
Task 2, Epoch 1/10 => Loss 5.113, Train_accy 8.00:   0%|          | 0/10 [00:01<?, ?it/s]
Task 2, Epoch 1/10 => Loss 5.113, Train_accy 8.00:  10%|█         | 1/10 [00:01<00:10,  1.11s/it]
Task 2, Epoch 2/10 => Loss 4.895, Train_accy 8.00:  10%|█         | 1/10 [00:02<00:10,  1.11s/it]
Task 2, Epoch 2/10 => Loss 4.895, Train_accy 8.00:  20%|██        | 2/10 [00:02<00:08,  1.10s/it]
Task 2, Epoch 3/10 => Loss 4.876, Train_accy 8.00:  20%|██        | 2/10 [00:03<00:08,  1.10s/it]
Task 2, Epoch 3/10 => Loss 4.876, Train_accy 8.00:  30%|███       | 3/10 [00:03<00:07,  1.10s/it]
Task 2, Epoch 4/10 => Loss 4.447, Train_accy 8.00:  30%|███       | 3/10 [00:04<00:07,  1.10s/it]
Task 2, Epoch 4/10 => Loss 4.447, Train_accy 8.00:  40%|████      | 4/10 [00:04<00:06,  1.10s/it]
Task 2, Epoch 5/10 => Loss 4.267, Train_accy 16.00:  40%|████      | 4/10 [00:05<00:06,  1.10s/it]
Task 2, Epoch 5/10 => Loss 4.267, Train_accy 16.00:  50%|█████     | 5/10 [00:05<00:05,  1.10s/it]
Task 2, Epoch 6/10 => Loss 3.952, Train_accy 24.00:  50%|█████     | 5/10 [00:06<00:05,  1.10s/it]
Task 2, Epoch 6/10 => Loss 3.952, Train_accy 24.00:  60%|██████    | 6/10 [00:06<00:04,  1.10s/it]
Task 2, Epoch 7/10 => Loss 3.751, Train_accy 24.00:  60%|██████    | 6/10 [00:07<00:04,  1.10s/it]
Task 2, Epoch 7/10 => Loss 3.751, Train_accy 24.00:  70%|███████   | 7/10 [00:07<00:03,  1.10s/it]
Task 2, Epoch 8/10 => Loss 3.684, Train_accy 28.00:  70%|███████   | 7/10 [00:08<00:03,  1.10s/it]
Task 2, Epoch 8/10 => Loss 3.684, Train_accy 28.00:  80%|████████  | 8/10 [00:08<00:02,  1.10s/it]
Task 2, Epoch 9/10 => Loss 3.684, Train_accy 20.00:  80%|████████  | 8/10 [00:09<00:02,  1.10s/it]
Task 2, Epoch 9/10 => Loss 3.684, Train_accy 20.00:  90%|█████████ | 9/10 [00:09<00:01,  1.10s/it]
Task 2, Epoch 10/10 => Loss 3.487, Train_accy 28.00:  90%|█████████ | 9/10 [00:11<00:01,  1.10s/it]
Task 2, Epoch 10/10 => Loss 3.487, Train_accy 28.00: 100%|██████████| 10/10 [00:11<00:00,  1.10s/it]
Task 2, Epoch 10/10 => Loss 3.487, Train_accy 28.00: 100%|██████████| 10/10 [00:11<00:00,  1.10s/it]
2026-01-02 21:47:18,513 [inflora.py] => Task 2, Epoch 10/10 => Loss 3.487, Train_accy 28.00
Threshold:  0.9547619047619047
Layer 1 - Projection Matrix shape: torch.Size([768, 768])
Layer 2 - Projection Matrix shape: torch.Size([768, 768])
Layer 3 - Projection Matrix shape: torch.Size([768, 768])
Layer 4 - Projection Matrix shape: torch.Size([768, 768])
Layer 5 - Projection Matrix shape: torch.Size([768, 768])
Layer 6 - Projection Matrix shape: torch.Size([768, 768])
Layer 7 - Projection Matrix shape: torch.Size([768, 768])
Layer 8 - Projection Matrix shape: torch.Size([768, 768])
Layer 9 - Projection Matrix shape: torch.Size([768, 768])
Layer 10 - Projection Matrix shape: torch.Size([768, 768])
Layer 11 - Projection Matrix shape: torch.Size([768, 768])
Layer 12 - Projection Matrix shape: torch.Size([768, 768])
2026-01-02 21:47:51,531 [inflora.py] => Exemplar size: 0
2026-01-02 21:47:51,532 [trainer.py] => CNN: {'total': 81.2, '00-59': 94.7, '60-64': 0.4, '65-69': 0.0, '70-74': 92.0, '75-79': 88.0, '80-84': 80.0, '85-89': 92.0, '90-94': 96.0, '95-99': 88.0, 'old': 87.45, 'new': 0.0}
2026-01-02 21:47:51,532 [trainer.py] => CNN top1 curve: [94.73, 87.48, 81.2]
2026-01-02 21:47:51,532 [trainer.py] => Average Accuracy (CNN): 87.80
2026-01-02 21:47:51,538 [trainer.py] => All params: 101082305
2026-01-02 21:47:51,545 [trainer.py] => Trainable params: 460920
2026-01-02 21:47:51,545 [inflora.py] => Learning on 70-75

  0%|          | 0/10 [00:00<?, ?it/s]
Task 3, Epoch 1/10 => Loss 5.635, Train_accy 0.00:   0%|          | 0/10 [00:01<?, ?it/s]
Task 3, Epoch 1/10 => Loss 5.635, Train_accy 0.00:  10%|█         | 1/10 [00:01<00:10,  1.17s/it]
Task 3, Epoch 2/10 => Loss 5.416, Train_accy 0.00:  10%|█         | 1/10 [00:02<00:10,  1.17s/it]
Task 3, Epoch 2/10 => Loss 5.416, Train_accy 0.00:  20%|██        | 2/10 [00:02<00:09,  1.17s/it]
Task 3, Epoch 3/10 => Loss 4.832, Train_accy 0.00:  20%|██        | 2/10 [00:03<00:09,  1.17s/it]
Task 3, Epoch 3/10 => Loss 4.832, Train_accy 0.00:  30%|███       | 3/10 [00:03<00:08,  1.17s/it]
Task 3, Epoch 4/10 => Loss 4.594, Train_accy 0.00:  30%|███       | 3/10 [00:04<00:08,  1.17s/it]
Task 3, Epoch 4/10 => Loss 4.594, Train_accy 0.00:  40%|████      | 4/10 [00:04<00:07,  1.17s/it]
Task 3, Epoch 5/10 => Loss 4.402, Train_accy 0.00:  40%|████      | 4/10 [00:05<00:07,  1.17s/it]
Task 3, Epoch 5/10 => Loss 4.402, Train_accy 0.00:  50%|█████     | 5/10 [00:05<00:05,  1.18s/it]
Task 3, Epoch 6/10 => Loss 4.218, Train_accy 4.00:  50%|█████     | 5/10 [00:07<00:05,  1.18s/it]
Task 3, Epoch 6/10 => Loss 4.218, Train_accy 4.00:  60%|██████    | 6/10 [00:07<00:04,  1.17s/it]
Task 3, Epoch 7/10 => Loss 3.873, Train_accy 4.00:  60%|██████    | 6/10 [00:08<00:04,  1.17s/it]
Task 3, Epoch 7/10 => Loss 3.873, Train_accy 4.00:  70%|███████   | 7/10 [00:08<00:03,  1.17s/it]
Task 3, Epoch 8/10 => Loss 3.743, Train_accy 8.00:  70%|███████   | 7/10 [00:09<00:03,  1.17s/it]
Task 3, Epoch 8/10 => Loss 3.743, Train_accy 8.00:  80%|████████  | 8/10 [00:09<00:02,  1.18s/it]
Task 3, Epoch 9/10 => Loss 3.932, Train_accy 0.00:  80%|████████  | 8/10 [00:10<00:02,  1.18s/it]
Task 3, Epoch 9/10 => Loss 3.932, Train_accy 0.00:  90%|█████████ | 9/10 [00:10<00:01,  1.18s/it]
Task 3, Epoch 10/10 => Loss 3.570, Train_accy 4.00:  90%|█████████ | 9/10 [00:11<00:01,  1.18s/it]
Task 3, Epoch 10/10 => Loss 3.570, Train_accy 4.00: 100%|██████████| 10/10 [00:11<00:00,  1.18s/it]
Task 3, Epoch 10/10 => Loss 3.570, Train_accy 4.00: 100%|██████████| 10/10 [00:11<00:00,  1.18s/it]
2026-01-02 21:48:05,733 [inflora.py] => Task 3, Epoch 10/10 => Loss 3.570, Train_accy 4.00
Threshold:  0.9571428571428571
Skip Updating DualGPM for layer: 1
Skip Updating DualGPM for layer: 2
Skip Updating DualGPM for layer: 3
Layer 1 - Projection Matrix shape: torch.Size([768, 768])
Layer 2 - Projection Matrix shape: torch.Size([768, 768])
Layer 3 - Projection Matrix shape: torch.Size([768, 768])
Layer 4 - Projection Matrix shape: torch.Size([768, 768])
Layer 5 - Projection Matrix shape: torch.Size([768, 768])
Layer 6 - Projection Matrix shape: torch.Size([768, 768])
Layer 7 - Projection Matrix shape: torch.Size([768, 768])
Layer 8 - Projection Matrix shape: torch.Size([768, 768])
Layer 9 - Projection Matrix shape: torch.Size([768, 768])
Layer 10 - Projection Matrix shape: torch.Size([768, 768])
Layer 11 - Projection Matrix shape: torch.Size([768, 768])
Layer 12 - Projection Matrix shape: torch.Size([768, 768])
2026-01-02 21:48:40,568 [inflora.py] => Exemplar size: 0
2026-01-02 21:48:40,568 [trainer.py] => CNN: {'total': 75.79, '00-59': 94.73, '60-64': 0.0, '65-69': 0.0, '70-74': 0.0, '75-79': 88.0, '80-84': 76.0, '85-89': 80.0, '90-94': 88.0, '95-99': 88.0, 'old': 81.2, 'new': 0.0}
2026-01-02 21:48:40,568 [trainer.py] => CNN top1 curve: [94.73, 87.48, 81.2, 75.79]
2026-01-02 21:48:40,568 [trainer.py] => Average Accuracy (CNN): 84.80
2026-01-02 21:48:40,572 [trainer.py] => All params: 101082305
2026-01-02 21:48:40,575 [trainer.py] => Trainable params: 230460
2026-01-02 21:48:40,575 [inflora.py] => Learning on 75-80

  0%|          | 0/10 [00:00<?, ?it/s]
Task 4, Epoch 1/10 => Loss 5.476, Train_accy 0.00:   0%|          | 0/10 [00:01<?, ?it/s]
Task 4, Epoch 1/10 => Loss 5.476, Train_accy 0.00:  10%|█         | 1/10 [00:01<00:11,  1.24s/it]
Task 4, Epoch 2/10 => Loss 5.070, Train_accy 0.00:  10%|█         | 1/10 [00:02<00:11,  1.24s/it]
Task 4, Epoch 2/10 => Loss 5.070, Train_accy 0.00:  20%|██        | 2/10 [00:02<00:10,  1.26s/it]
Task 4, Epoch 3/10 => Loss 5.094, Train_accy 0.00:  20%|██        | 2/10 [00:03<00:10,  1.26s/it]
Task 4, Epoch 3/10 => Loss 5.094, Train_accy 0.00:  30%|███       | 3/10 [00:03<00:08,  1.26s/it]
Task 4, Epoch 4/10 => Loss 4.913, Train_accy 0.00:  30%|███       | 3/10 [00:05<00:08,  1.26s/it]
Task 4, Epoch 4/10 => Loss 4.913, Train_accy 0.00:  40%|████      | 4/10 [00:05<00:07,  1.25s/it]
Task 4, Epoch 5/10 => Loss 4.760, Train_accy 4.00:  40%|████      | 4/10 [00:06<00:07,  1.25s/it]
Task 4, Epoch 5/10 => Loss 4.760, Train_accy 4.00:  50%|█████     | 5/10 [00:06<00:06,  1.25s/it]
Task 4, Epoch 6/10 => Loss 4.308, Train_accy 4.00:  50%|█████     | 5/10 [00:07<00:06,  1.25s/it]
Task 4, Epoch 6/10 => Loss 4.308, Train_accy 4.00:  60%|██████    | 6/10 [00:07<00:05,  1.25s/it]
Task 4, Epoch 7/10 => Loss 3.874, Train_accy 4.00:  60%|██████    | 6/10 [00:08<00:05,  1.25s/it]
Task 4, Epoch 7/10 => Loss 3.874, Train_accy 4.00:  70%|███████   | 7/10 [00:08<00:03,  1.25s/it]
Task 4, Epoch 8/10 => Loss 4.157, Train_accy 4.00:  70%|███████   | 7/10 [00:10<00:03,  1.25s/it]
Task 4, Epoch 8/10 => Loss 4.157, Train_accy 4.00:  80%|████████  | 8/10 [00:10<00:02,  1.25s/it]
Task 4, Epoch 9/10 => Loss 4.036, Train_accy 0.00:  80%|████████  | 8/10 [00:11<00:02,  1.25s/it]
Task 4, Epoch 9/10 => Loss 4.036, Train_accy 0.00:  90%|█████████ | 9/10 [00:11<00:01,  1.25s/it]
Task 4, Epoch 10/10 => Loss 3.833, Train_accy 4.00:  90%|█████████ | 9/10 [00:12<00:01,  1.25s/it]
Task 4, Epoch 10/10 => Loss 3.833, Train_accy 4.00: 100%|██████████| 10/10 [00:12<00:00,  1.25s/it]
Task 4, Epoch 10/10 => Loss 3.833, Train_accy 4.00: 100%|██████████| 10/10 [00:12<00:00,  1.25s/it]
2026-01-02 21:48:55,673 [inflora.py] => Task 4, Epoch 10/10 => Loss 3.833, Train_accy 4.00
Threshold:  0.9595238095238094
Skip Updating DualGPM for layer: 1
Skip Updating DualGPM for layer: 2
Skip Updating DualGPM for layer: 3
Layer 1 - Projection Matrix shape: torch.Size([768, 768])
Layer 2 - Projection Matrix shape: torch.Size([768, 768])
Layer 3 - Projection Matrix shape: torch.Size([768, 768])
Layer 4 - Projection Matrix shape: torch.Size([768, 768])
Layer 5 - Projection Matrix shape: torch.Size([768, 768])
Layer 6 - Projection Matrix shape: torch.Size([768, 768])
Layer 7 - Projection Matrix shape: torch.Size([768, 768])
Layer 8 - Projection Matrix shape: torch.Size([768, 768])
Layer 9 - Projection Matrix shape: torch.Size([768, 768])
Layer 10 - Projection Matrix shape: torch.Size([768, 768])
Layer 11 - Projection Matrix shape: torch.Size([768, 768])
Layer 12 - Projection Matrix shape: torch.Size([768, 768])
2026-01-02 21:49:32,210 [inflora.py] => Exemplar size: 0
2026-01-02 21:49:32,210 [trainer.py] => CNN: {'total': 71.03, '00-59': 94.67, '60-64': 0.0, '65-69': 0.0, '70-74': 0.0, '75-79': 0.4, '80-84': 88.0, '85-89': 92.0, '90-94': 88.0, '95-99': 84.0, 'old': 75.73, 'new': 0.4}
2026-01-02 21:49:32,211 [trainer.py] => CNN top1 curve: [94.73, 87.48, 81.2, 75.79, 71.03]
2026-01-02 21:49:32,211 [trainer.py] => Average Accuracy (CNN): 82.05
2026-01-02 21:49:32,216 [trainer.py] => All params: 101082305
2026-01-02 21:49:32,220 [trainer.py] => Trainable params: 230460
2026-01-02 21:49:32,220 [inflora.py] => Learning on 80-85

  0%|          | 0/10 [00:00<?, ?it/s]
Task 5, Epoch 1/10 => Loss 4.737, Train_accy 4.00:   0%|          | 0/10 [00:01<?, ?it/s]
Task 5, Epoch 1/10 => Loss 4.737, Train_accy 4.00:  10%|█         | 1/10 [00:01<00:11,  1.32s/it]
Task 5, Epoch 2/10 => Loss 4.825, Train_accy 0.00:  10%|█         | 1/10 [00:02<00:11,  1.32s/it]
Task 5, Epoch 2/10 => Loss 4.825, Train_accy 0.00:  20%|██        | 2/10 [00:02<00:10,  1.31s/it]
Task 5, Epoch 3/10 => Loss 4.326, Train_accy 0.00:  20%|██        | 2/10 [00:03<00:10,  1.31s/it]
Task 5, Epoch 3/10 => Loss 4.326, Train_accy 0.00:  30%|███       | 3/10 [00:03<00:09,  1.31s/it]
Task 5, Epoch 4/10 => Loss 4.042, Train_accy 8.00:  30%|███       | 3/10 [00:05<00:09,  1.31s/it]
Task 5, Epoch 4/10 => Loss 4.042, Train_accy 8.00:  40%|████      | 4/10 [00:05<00:07,  1.31s/it]
Task 5, Epoch 5/10 => Loss 3.771, Train_accy 4.00:  40%|████      | 4/10 [00:06<00:07,  1.31s/it]
Task 5, Epoch 5/10 => Loss 3.771, Train_accy 4.00:  50%|█████     | 5/10 [00:06<00:06,  1.32s/it]
Task 5, Epoch 6/10 => Loss 3.751, Train_accy 12.00:  50%|█████     | 5/10 [00:07<00:06,  1.32s/it]
Task 5, Epoch 6/10 => Loss 3.751, Train_accy 12.00:  60%|██████    | 6/10 [00:07<00:05,  1.32s/it]
Task 5, Epoch 7/10 => Loss 3.330, Train_accy 12.00:  60%|██████    | 6/10 [00:09<00:05,  1.32s/it]
Task 5, Epoch 7/10 => Loss 3.330, Train_accy 12.00:  70%|███████   | 7/10 [00:09<00:03,  1.31s/it]
Task 5, Epoch 8/10 => Loss 3.349, Train_accy 12.00:  70%|███████   | 7/10 [00:10<00:03,  1.31s/it]
Task 5, Epoch 8/10 => Loss 3.349, Train_accy 12.00:  80%|████████  | 8/10 [00:10<00:02,  1.30s/it]
Task 5, Epoch 9/10 => Loss 3.027, Train_accy 36.00:  80%|████████  | 8/10 [00:11<00:02,  1.30s/it]
Task 5, Epoch 9/10 => Loss 3.027, Train_accy 36.00:  90%|█████████ | 9/10 [00:11<00:01,  1.30s/it]
Task 5, Epoch 10/10 => Loss 3.053, Train_accy 16.00:  90%|█████████ | 9/10 [00:13<00:01,  1.30s/it]
Task 5, Epoch 10/10 => Loss 3.053, Train_accy 16.00: 100%|██████████| 10/10 [00:13<00:00,  1.30s/it]
Task 5, Epoch 10/10 => Loss 3.053, Train_accy 16.00: 100%|██████████| 10/10 [00:13<00:00,  1.31s/it]
2026-01-02 21:49:48,015 [inflora.py] => Task 5, Epoch 10/10 => Loss 3.053, Train_accy 16.00
Threshold:  0.9619047619047618
Skip Updating DualGPM for layer: 1
Skip Updating DualGPM for layer: 2
Skip Updating DualGPM for layer: 3
Layer 1 - Projection Matrix shape: torch.Size([768, 768])
Layer 2 - Projection Matrix shape: torch.Size([768, 768])
Layer 3 - Projection Matrix shape: torch.Size([768, 768])
Layer 4 - Projection Matrix shape: torch.Size([768, 768])
Layer 5 - Projection Matrix shape: torch.Size([768, 768])
Layer 6 - Projection Matrix shape: torch.Size([768, 768])
Layer 7 - Projection Matrix shape: torch.Size([768, 768])
Layer 8 - Projection Matrix shape: torch.Size([768, 768])
Layer 9 - Projection Matrix shape: torch.Size([768, 768])
Layer 10 - Projection Matrix shape: torch.Size([768, 768])
Layer 11 - Projection Matrix shape: torch.Size([768, 768])
Layer 12 - Projection Matrix shape: torch.Size([768, 768])
2026-01-02 21:50:26,583 [inflora.py] => Exemplar size: 0
2026-01-02 21:50:26,583 [trainer.py] => CNN: {'total': 66.84, '00-59': 94.65, '60-64': 0.0, '65-69': 0.0, '70-74': 0.0, '75-79': 0.4, '80-84': 0.0, '85-89': 92.0, '90-94': 80.0, '95-99': 96.0, 'old': 71.01, 'new': 0.0}
2026-01-02 21:50:26,583 [trainer.py] => CNN top1 curve: [94.73, 87.48, 81.2, 75.79, 71.03, 66.84]
2026-01-02 21:50:26,583 [trainer.py] => Average Accuracy (CNN): 79.51
2026-01-02 21:50:26,590 [trainer.py] => All params: 101082305
2026-01-02 21:50:26,594 [trainer.py] => Trainable params: 230460
2026-01-02 21:50:26,594 [inflora.py] => Learning on 85-90

  0%|          | 0/10 [00:00<?, ?it/s]
Task 6, Epoch 1/10 => Loss 6.158, Train_accy 0.00:   0%|          | 0/10 [00:01<?, ?it/s]
Task 6, Epoch 1/10 => Loss 6.158, Train_accy 0.00:  10%|█         | 1/10 [00:01<00:12,  1.34s/it]
Task 6, Epoch 2/10 => Loss 5.698, Train_accy 0.00:  10%|█         | 1/10 [00:02<00:12,  1.34s/it]
Task 6, Epoch 2/10 => Loss 5.698, Train_accy 0.00:  20%|██        | 2/10 [00:02<00:10,  1.36s/it]
Task 6, Epoch 3/10 => Loss 5.451, Train_accy 0.00:  20%|██        | 2/10 [00:04<00:10,  1.36s/it]
Task 6, Epoch 3/10 => Loss 5.451, Train_accy 0.00:  30%|███       | 3/10 [00:04<00:09,  1.35s/it]
Task 6, Epoch 4/10 => Loss 4.948, Train_accy 0.00:  30%|███       | 3/10 [00:05<00:09,  1.35s/it]
Task 6, Epoch 4/10 => Loss 4.948, Train_accy 0.00:  40%|████      | 4/10 [00:05<00:08,  1.35s/it]
Task 6, Epoch 5/10 => Loss 4.908, Train_accy 0.00:  40%|████      | 4/10 [00:06<00:08,  1.35s/it]
Task 6, Epoch 5/10 => Loss 4.908, Train_accy 0.00:  50%|█████     | 5/10 [00:06<00:06,  1.35s/it]
Task 6, Epoch 6/10 => Loss 4.806, Train_accy 0.00:  50%|█████     | 5/10 [00:08<00:06,  1.35s/it]
Task 6, Epoch 6/10 => Loss 4.806, Train_accy 0.00:  60%|██████    | 6/10 [00:08<00:05,  1.36s/it]
Task 6, Epoch 7/10 => Loss 4.688, Train_accy 0.00:  60%|██████    | 6/10 [00:09<00:05,  1.36s/it]
Task 6, Epoch 7/10 => Loss 4.688, Train_accy 0.00:  70%|███████   | 7/10 [00:09<00:04,  1.36s/it]
Task 6, Epoch 8/10 => Loss 4.341, Train_accy 0.00:  70%|███████   | 7/10 [00:10<00:04,  1.36s/it]
Task 6, Epoch 8/10 => Loss 4.341, Train_accy 0.00:  80%|████████  | 8/10 [00:10<00:02,  1.36s/it]
Task 6, Epoch 9/10 => Loss 4.236, Train_accy 4.00:  80%|████████  | 8/10 [00:12<00:02,  1.36s/it]
Task 6, Epoch 9/10 => Loss 4.236, Train_accy 4.00:  90%|█████████ | 9/10 [00:12<00:01,  1.36s/it]
Task 6, Epoch 10/10 => Loss 4.165, Train_accy 8.00:  90%|█████████ | 9/10 [00:13<00:01,  1.36s/it]
Task 6, Epoch 10/10 => Loss 4.165, Train_accy 8.00: 100%|██████████| 10/10 [00:13<00:00,  1.35s/it]
Task 6, Epoch 10/10 => Loss 4.165, Train_accy 8.00: 100%|██████████| 10/10 [00:13<00:00,  1.35s/it]
2026-01-02 21:50:42,768 [inflora.py] => Task 6, Epoch 10/10 => Loss 4.165, Train_accy 8.00
Threshold:  0.9642857142857143
Skip Updating DualGPM for layer: 1
Skip Updating DualGPM for layer: 2
Layer 1 - Projection Matrix shape: torch.Size([768, 768])
Layer 2 - Projection Matrix shape: torch.Size([768, 768])
Layer 3 - Projection Matrix shape: torch.Size([768, 768])
Layer 4 - Projection Matrix shape: torch.Size([768, 768])
Layer 5 - Projection Matrix shape: torch.Size([768, 768])
Layer 6 - Projection Matrix shape: torch.Size([768, 768])
Layer 7 - Projection Matrix shape: torch.Size([768, 768])
Layer 8 - Projection Matrix shape: torch.Size([768, 768])
Layer 9 - Projection Matrix shape: torch.Size([768, 768])
Layer 10 - Projection Matrix shape: torch.Size([768, 768])
Layer 11 - Projection Matrix shape: torch.Size([768, 768])
Layer 12 - Projection Matrix shape: torch.Size([768, 768])
2026-01-02 21:51:22,735 [inflora.py] => Exemplar size: 0
2026-01-02 21:51:22,736 [trainer.py] => CNN: {'total': 63.11, '00-59': 94.62, '60-64': 0.0, '65-69': 0.0, '70-74': 0.0, '75-79': 0.4, '80-84': 0.0, '85-89': 0.2, '90-94': 88.0, '95-99': 92.0, 'old': 66.81, 'new': 0.2}
2026-01-02 21:51:22,736 [trainer.py] => CNN top1 curve: [94.73, 87.48, 81.2, 75.79, 71.03, 66.84, 63.11]
2026-01-02 21:51:22,736 [trainer.py] => Average Accuracy (CNN): 77.17
2026-01-02 21:51:22,743 [trainer.py] => All params: 101082305
2026-01-02 21:51:22,748 [trainer.py] => Trainable params: 230460
2026-01-02 21:51:22,749 [inflora.py] => Learning on 90-95

  0%|          | 0/10 [00:00<?, ?it/s]
Task 7, Epoch 1/10 => Loss 4.801, Train_accy 4.00:   0%|          | 0/10 [00:01<?, ?it/s]
Task 7, Epoch 1/10 => Loss 4.801, Train_accy 4.00:  10%|█         | 1/10 [00:01<00:12,  1.39s/it]
Task 7, Epoch 2/10 => Loss 4.647, Train_accy 4.00:  10%|█         | 1/10 [00:02<00:12,  1.39s/it]
Task 7, Epoch 2/10 => Loss 4.647, Train_accy 4.00:  20%|██        | 2/10 [00:02<00:11,  1.39s/it]
Task 7, Epoch 3/10 => Loss 4.407, Train_accy 8.00:  20%|██        | 2/10 [00:04<00:11,  1.39s/it]
Task 7, Epoch 3/10 => Loss 4.407, Train_accy 8.00:  30%|███       | 3/10 [00:04<00:09,  1.40s/it]
Task 7, Epoch 4/10 => Loss 4.206, Train_accy 8.00:  30%|███       | 3/10 [00:05<00:09,  1.40s/it]
Task 7, Epoch 4/10 => Loss 4.206, Train_accy 8.00:  40%|████      | 4/10 [00:05<00:08,  1.40s/it]
Task 7, Epoch 5/10 => Loss 4.195, Train_accy 4.00:  40%|████      | 4/10 [00:06<00:08,  1.40s/it]
Task 7, Epoch 5/10 => Loss 4.195, Train_accy 4.00:  50%|█████     | 5/10 [00:06<00:06,  1.39s/it]
Task 7, Epoch 6/10 => Loss 3.771, Train_accy 12.00:  50%|█████     | 5/10 [00:08<00:06,  1.39s/it]
Task 7, Epoch 6/10 => Loss 3.771, Train_accy 12.00:  60%|██████    | 6/10 [00:08<00:05,  1.39s/it]
Task 7, Epoch 7/10 => Loss 3.456, Train_accy 24.00:  60%|██████    | 6/10 [00:09<00:05,  1.39s/it]
Task 7, Epoch 7/10 => Loss 3.456, Train_accy 24.00:  70%|███████   | 7/10 [00:09<00:04,  1.39s/it]
Task 7, Epoch 8/10 => Loss 3.519, Train_accy 20.00:  70%|███████   | 7/10 [00:11<00:04,  1.39s/it]
Task 7, Epoch 8/10 => Loss 3.519, Train_accy 20.00:  80%|████████  | 8/10 [00:11<00:02,  1.39s/it]
Task 7, Epoch 9/10 => Loss 3.423, Train_accy 12.00:  80%|████████  | 8/10 [00:12<00:02,  1.39s/it]
Task 7, Epoch 9/10 => Loss 3.423, Train_accy 12.00:  90%|█████████ | 9/10 [00:12<00:01,  1.39s/it]
Task 7, Epoch 10/10 => Loss 3.020, Train_accy 24.00:  90%|█████████ | 9/10 [00:13<00:01,  1.39s/it]
Task 7, Epoch 10/10 => Loss 3.020, Train_accy 24.00: 100%|██████████| 10/10 [00:13<00:00,  1.39s/it]
Task 7, Epoch 10/10 => Loss 3.020, Train_accy 24.00: 100%|██████████| 10/10 [00:13<00:00,  1.39s/it]
2026-01-02 21:51:39,443 [inflora.py] => Task 7, Epoch 10/10 => Loss 3.020, Train_accy 24.00
Threshold:  0.9666666666666667
Skip Updating DualGPM for layer: 1
Skip Updating DualGPM for layer: 2
Skip Updating DualGPM for layer: 3
Layer 1 - Projection Matrix shape: torch.Size([768, 768])
Layer 2 - Projection Matrix shape: torch.Size([768, 768])
Layer 3 - Projection Matrix shape: torch.Size([768, 768])
Layer 4 - Projection Matrix shape: torch.Size([768, 768])
Layer 5 - Projection Matrix shape: torch.Size([768, 768])
Layer 6 - Projection Matrix shape: torch.Size([768, 768])
Layer 7 - Projection Matrix shape: torch.Size([768, 768])
Layer 8 - Projection Matrix shape: torch.Size([768, 768])
Layer 9 - Projection Matrix shape: torch.Size([768, 768])
Layer 10 - Projection Matrix shape: torch.Size([768, 768])
Layer 11 - Projection Matrix shape: torch.Size([768, 768])
Layer 12 - Projection Matrix shape: torch.Size([768, 768])
2026-01-02 21:52:20,129 [inflora.py] => Exemplar size: 0
2026-01-02 21:52:20,130 [trainer.py] => CNN: {'total': 59.81, '00-59': 94.58, '60-64': 0.0, '65-69': 0.0, '70-74': 0.0, '75-79': 0.2, '80-84': 0.0, '85-89': 0.2, '90-94': 1.0, '95-99': 88.0, 'old': 63.08, 'new': 1.0}
2026-01-02 21:52:20,130 [trainer.py] => CNN top1 curve: [94.73, 87.48, 81.2, 75.79, 71.03, 66.84, 63.11, 59.81]
2026-01-02 21:52:20,130 [trainer.py] => Average Accuracy (CNN): 75.00
2026-01-02 21:52:20,138 [trainer.py] => All params: 101082305
2026-01-02 21:52:20,143 [trainer.py] => Trainable params: 230460
2026-01-02 21:52:20,144 [inflora.py] => Learning on 95-100

  0%|          | 0/10 [00:00<?, ?it/s]
Task 8, Epoch 1/10 => Loss 5.799, Train_accy 0.00:   0%|          | 0/10 [00:01<?, ?it/s]
Task 8, Epoch 1/10 => Loss 5.799, Train_accy 0.00:  10%|█         | 1/10 [00:01<00:12,  1.41s/it]
Task 8, Epoch 2/10 => Loss 5.524, Train_accy 0.00:  10%|█         | 1/10 [00:02<00:12,  1.41s/it]
Task 8, Epoch 2/10 => Loss 5.524, Train_accy 0.00:  20%|██        | 2/10 [00:02<00:11,  1.43s/it]
Task 8, Epoch 3/10 => Loss 5.205, Train_accy 0.00:  20%|██        | 2/10 [00:04<00:11,  1.43s/it]
Task 8, Epoch 3/10 => Loss 5.205, Train_accy 0.00:  30%|███       | 3/10 [00:04<00:10,  1.43s/it]
Task 8, Epoch 4/10 => Loss 5.023, Train_accy 0.00:  30%|███       | 3/10 [00:05<00:10,  1.43s/it]
Task 8, Epoch 4/10 => Loss 5.023, Train_accy 0.00:  40%|████      | 4/10 [00:05<00:08,  1.43s/it]
Task 8, Epoch 5/10 => Loss 4.588, Train_accy 0.00:  40%|████      | 4/10 [00:07<00:08,  1.43s/it]
Task 8, Epoch 5/10 => Loss 4.588, Train_accy 0.00:  50%|█████     | 5/10 [00:07<00:07,  1.43s/it]
Task 8, Epoch 6/10 => Loss 4.625, Train_accy 0.00:  50%|█████     | 5/10 [00:08<00:07,  1.43s/it]
Task 8, Epoch 6/10 => Loss 4.625, Train_accy 0.00:  60%|██████    | 6/10 [00:08<00:05,  1.43s/it]
Task 8, Epoch 7/10 => Loss 4.167, Train_accy 0.00:  60%|██████    | 6/10 [00:10<00:05,  1.43s/it]
Task 8, Epoch 7/10 => Loss 4.167, Train_accy 0.00:  70%|███████   | 7/10 [00:10<00:04,  1.43s/it]
Task 8, Epoch 8/10 => Loss 4.453, Train_accy 0.00:  70%|███████   | 7/10 [00:11<00:04,  1.43s/it]
Task 8, Epoch 8/10 => Loss 4.453, Train_accy 0.00:  80%|████████  | 8/10 [00:11<00:02,  1.47s/it]
Task 8, Epoch 9/10 => Loss 4.013, Train_accy 0.00:  80%|████████  | 8/10 [00:13<00:02,  1.47s/it]
Task 8, Epoch 9/10 => Loss 4.013, Train_accy 0.00:  90%|█████████ | 9/10 [00:13<00:01,  1.50s/it]
Task 8, Epoch 10/10 => Loss 3.966, Train_accy 4.00:  90%|█████████ | 9/10 [00:14<00:01,  1.50s/it]
Task 8, Epoch 10/10 => Loss 3.966, Train_accy 4.00: 100%|██████████| 10/10 [00:14<00:00,  1.53s/it]
Task 8, Epoch 10/10 => Loss 3.966, Train_accy 4.00: 100%|██████████| 10/10 [00:14<00:00,  1.47s/it]
2026-01-02 21:52:37,686 [inflora.py] => Task 8, Epoch 10/10 => Loss 3.966, Train_accy 4.00
Threshold:  0.969047619047619
Skip Updating DualGPM for layer: 1
Skip Updating DualGPM for layer: 2
Skip Updating DualGPM for layer: 3
Layer 1 - Projection Matrix shape: torch.Size([768, 768])
Layer 2 - Projection Matrix shape: torch.Size([768, 768])
Layer 3 - Projection Matrix shape: torch.Size([768, 768])
Layer 4 - Projection Matrix shape: torch.Size([768, 768])
Layer 5 - Projection Matrix shape: torch.Size([768, 768])
Layer 6 - Projection Matrix shape: torch.Size([768, 768])
Layer 7 - Projection Matrix shape: torch.Size([768, 768])
Layer 8 - Projection Matrix shape: torch.Size([768, 768])
Layer 9 - Projection Matrix shape: torch.Size([768, 768])
Layer 10 - Projection Matrix shape: torch.Size([768, 768])
Layer 11 - Projection Matrix shape: torch.Size([768, 768])
Layer 12 - Projection Matrix shape: torch.Size([768, 768])
2026-01-02 21:53:18,355 [inflora.py] => Exemplar size: 0
2026-01-02 21:53:18,355 [trainer.py] => CNN: {'total': 56.79, '00-59': 94.53, '60-64': 0.0, '65-69': 0.0, '70-74': 0.0, '75-79': 0.2, '80-84': 0.0, '85-89': 0.2, '90-94': 1.0, '95-99': 0.0, 'old': 59.78, 'new': 0.0}
2026-01-02 21:53:18,355 [trainer.py] => CNN top1 curve: [94.73, 87.48, 81.2, 75.79, 71.03, 66.84, 63.11, 59.81, 56.79]
2026-01-02 21:53:18,355 [trainer.py] => Average Accuracy (CNN): 72.98

================================================================================
Finished cifar100_init60_inc5: InfLoRA  
Base Accuracy: 94.73
Last Accuracy: 56.79
Average Accuracy (Top1): 72.98
PD: 37.94
Backward Transfer (BWT): -0.15
Forward Transfer (FWT): 41.8
Accuracy Matrix (CNN):
[[94.73 84.   92.   88.   88.   92.   88.   96.   92.  ]
 [94.7   0.8  88.   80.   76.   88.   88.   92.   92.  ]
 [94.7   0.4   0.   92.   88.   80.   92.   96.   88.  ]
 [94.73  0.    0.    0.   88.   76.   80.   88.   88.  ]
 [94.67  0.    0.    0.    0.4  88.   92.   88.   84.  ]
 [94.65  0.    0.    0.    0.4   0.   92.   80.   96.  ]
 [94.62  0.    0.    0.    0.4   0.    0.2  88.   92.  ]
 [94.58  0.    0.    0.    0.2   0.    0.2   1.   88.  ]
 [94.53  0.    0.    0.    0.2   0.    0.2   1.    0.  ]]
================================================================================

logs/cifar100/60_2_sip/InfLoRA/adam/10/0.95_1.0-0.0001/2025
2026-01-07 15:20:38,992 [trainer.py] => config: configs/inflora_cifar_B60_Inc2.json
2026-01-07 15:20:39,009 [trainer.py] => device: [device(type='cuda', index=1)]
2026-01-07 15:20:39,010 [trainer.py] => prefix: reproduce
2026-01-07 15:20:39,010 [trainer.py] => dataset: cifar100
2026-01-07 15:20:39,010 [trainer.py] => data_path: data/
2026-01-07 15:20:39,010 [trainer.py] => memory_size: 0
2026-01-07 15:20:39,010 [trainer.py] => memory_per_class: 0
2026-01-07 15:20:39,010 [trainer.py] => fixed_memory: True
2026-01-07 15:20:39,010 [trainer.py] => shuffle: True
2026-01-07 15:20:39,010 [trainer.py] => init_cls: 60
2026-01-07 15:20:39,010 [trainer.py] => increment: 2
2026-01-07 15:20:39,010 [trainer.py] => model_name: InfLoRA
2026-01-07 15:20:39,010 [trainer.py] => net_type: sip
2026-01-07 15:20:39,010 [trainer.py] => embd_dim: 768
2026-01-07 15:20:39,010 [trainer.py] => num_heads: 12
2026-01-07 15:20:39,010 [trainer.py] => total_sessions: 21
2026-01-07 15:20:39,010 [trainer.py] => seed: 2025
2026-01-07 15:20:39,010 [trainer.py] => kshot: 5
2026-01-07 15:20:39,010 [trainer.py] => EPSILON: 1e-08
2026-01-07 15:20:39,010 [trainer.py] => init_epoch: 20
2026-01-07 15:20:39,010 [trainer.py] => optim: adam
2026-01-07 15:20:39,010 [trainer.py] => init_lr: 0.0001
2026-01-07 15:20:39,011 [trainer.py] => init_lr_decay: 0.1
2026-01-07 15:20:39,011 [trainer.py] => init_weight_decay: 0.0
2026-01-07 15:20:39,011 [trainer.py] => epochs: 10
2026-01-07 15:20:39,011 [trainer.py] => lrate: 0.0001
2026-01-07 15:20:39,011 [trainer.py] => lrate_decay: 0.1
2026-01-07 15:20:39,011 [trainer.py] => batch_size: 128
2026-01-07 15:20:39,011 [trainer.py] => weight_decay: 0.0
2026-01-07 15:20:39,011 [trainer.py] => rank: 10
2026-01-07 15:20:39,011 [trainer.py] => lamb: 0.95
2026-01-07 15:20:39,011 [trainer.py] => lame: 1.0
2026-01-07 15:20:39,011 [trainer.py] => num_workers: 16
2026-01-07 15:20:39,011 [trainer.py] => gpu_models: ['NVIDIA A800 80GB PCIe']
Files already downloaded and verified
Files already downloaded and verified
2026-01-07 15:20:40,903 [data_manager.py] => [49, 77, 61, 69, 6, 95, 68, 19, 2, 5, 96, 89, 57, 63, 72, 99, 59, 1, 79, 20, 26, 47, 46, 48, 92, 29, 0, 14, 30, 43, 74, 97, 11, 86, 35, 28, 4, 58, 90, 51, 85, 44, 60, 71, 34, 91, 9, 18, 21, 39, 81, 54, 8, 50, 15, 24, 88, 87, 38, 7, 56, 65, 37, 55, 80, 66, 52, 31, 70, 53, 42, 36, 41, 13, 27, 73, 33, 93, 45, 75, 17, 25, 3, 64, 16, 84, 23, 40, 78, 10, 22, 32, 12, 83, 67, 76, 98, 82, 94, 62]
2026-01-07 15:20:56,626 [trainer.py] => All params: 101082305
2026-01-07 15:20:56,630 [trainer.py] => Trainable params: 101082305
2026-01-07 15:20:56,630 [inflora.py] => Learning on 0-60

  0%|          | 0/20 [00:00<?, ?it/s]
Task 0, Epoch 1/20 => Loss 2.201, Train_accy 48.27:   0%|          | 0/20 [03:59<?, ?it/s]
Task 0, Epoch 1/20 => Loss 2.201, Train_accy 48.27:   5%|▌         | 1/20 [03:59<1:15:49, 239.45s/it]
Task 0, Epoch 2/20 => Loss 0.783, Train_accy 78.84:   5%|▌         | 1/20 [07:49<1:15:49, 239.45s/it]
Task 0, Epoch 2/20 => Loss 0.783, Train_accy 78.84:  10%|█         | 2/20 [07:49<1:10:11, 233.98s/it]
Task 0, Epoch 3/20 => Loss 0.638, Train_accy 82.21:  10%|█         | 2/20 [13:29<1:10:11, 233.98s/it]
Task 0, Epoch 3/20 => Loss 0.638, Train_accy 82.21:  15%|█▌        | 3/20 [13:29<1:20:00, 282.38s/it]
Task 0, Epoch 4/20 => Loss 0.583, Train_accy 83.49:  15%|█▌        | 3/20 [20:01<1:20:00, 282.38s/it]
Task 0, Epoch 4/20 => Loss 0.583, Train_accy 83.49:  20%|██        | 4/20 [20:01<1:26:48, 325.52s/it]
Task 0, Epoch 5/20 => Loss 0.557, Train_accy 84.35:  20%|██        | 4/20 [26:36<1:26:48, 325.52s/it]
Task 0, Epoch 5/20 => Loss 0.557, Train_accy 84.35:  25%|██▌       | 5/20 [26:36<1:27:39, 350.63s/it]
Task 0, Epoch 6/20 => Loss 0.528, Train_accy 85.02:  25%|██▌       | 5/20 [33:09<1:27:39, 350.63s/it]
Task 0, Epoch 6/20 => Loss 0.528, Train_accy 85.02:  30%|███       | 6/20 [33:09<1:25:12, 365.15s/it]
Task 0, Epoch 7/20 => Loss 0.508, Train_accy 85.58:  30%|███       | 6/20 [39:45<1:25:12, 365.15s/it]
Task 0, Epoch 7/20 => Loss 0.508, Train_accy 85.58:  35%|███▌      | 7/20 [39:45<1:21:18, 375.24s/it]
Task 0, Epoch 8/20 => Loss 0.498, Train_accy 85.72:  35%|███▌      | 7/20 [46:21<1:21:18, 375.24s/it]
Task 0, Epoch 8/20 => Loss 0.498, Train_accy 85.72:  40%|████      | 8/20 [46:21<1:16:20, 381.75s/it]
Task 0, Epoch 9/20 => Loss 0.473, Train_accy 86.50:  40%|████      | 8/20 [52:57<1:16:20, 381.75s/it]
Task 0, Epoch 9/20 => Loss 0.473, Train_accy 86.50:  45%|████▌     | 9/20 [52:57<1:10:47, 386.15s/it]
Task 0, Epoch 10/20 => Loss 0.472, Train_accy 86.37:  45%|████▌     | 9/20 [59:30<1:10:47, 386.15s/it]
Task 0, Epoch 10/20 => Loss 0.472, Train_accy 86.37:  50%|█████     | 10/20 [59:30<1:04:42, 388.23s/it]
Task 0, Epoch 11/20 => Loss 0.471, Train_accy 86.47:  50%|█████     | 10/20 [1:06:05<1:04:42, 388.23s/it]
Task 0, Epoch 11/20 => Loss 0.471, Train_accy 86.47:  55%|█████▌    | 11/20 [1:06:05<58:34, 390.55s/it]  
Task 0, Epoch 12/20 => Loss 0.456, Train_accy 86.80:  55%|█████▌    | 11/20 [1:12:38<58:34, 390.55s/it]
Task 0, Epoch 12/20 => Loss 0.456, Train_accy 86.80:  60%|██████    | 12/20 [1:12:38<52:08, 391.09s/it]
Task 0, Epoch 13/20 => Loss 0.448, Train_accy 87.21:  60%|██████    | 12/20 [1:19:11<52:08, 391.09s/it]
Task 0, Epoch 13/20 => Loss 0.448, Train_accy 87.21:  65%|██████▌   | 13/20 [1:19:11<45:41, 391.63s/it]
Task 0, Epoch 14/20 => Loss 0.448, Train_accy 87.13:  65%|██████▌   | 13/20 [1:25:47<45:41, 391.63s/it]
Task 0, Epoch 14/20 => Loss 0.448, Train_accy 87.13:  70%|███████   | 14/20 [1:25:47<39:17, 392.97s/it]
Task 0, Epoch 15/20 => Loss 0.436, Train_accy 87.58:  70%|███████   | 14/20 [1:32:19<39:17, 392.97s/it]
Task 0, Epoch 15/20 => Loss 0.436, Train_accy 87.58:  75%|███████▌  | 15/20 [1:32:19<32:44, 392.81s/it]
Task 0, Epoch 16/20 => Loss 0.440, Train_accy 87.29:  75%|███████▌  | 15/20 [1:38:53<32:44, 392.81s/it]
Task 0, Epoch 16/20 => Loss 0.440, Train_accy 87.29:  80%|████████  | 16/20 [1:38:53<26:12, 393.05s/it]
Task 0, Epoch 17/20 => Loss 0.432, Train_accy 87.64:  80%|████████  | 16/20 [1:45:29<26:12, 393.05s/it]
Task 0, Epoch 17/20 => Loss 0.432, Train_accy 87.64:  85%|████████▌ | 17/20 [1:45:29<19:41, 393.94s/it]
Task 0, Epoch 18/20 => Loss 0.436, Train_accy 87.31:  85%|████████▌ | 17/20 [1:52:05<19:41, 393.94s/it]
Task 0, Epoch 18/20 => Loss 0.436, Train_accy 87.31:  90%|█████████ | 18/20 [1:52:05<13:08, 394.49s/it]
Task 0, Epoch 19/20 => Loss 0.418, Train_accy 87.88:  90%|█████████ | 18/20 [1:58:38<13:08, 394.49s/it]
Task 0, Epoch 19/20 => Loss 0.418, Train_accy 87.88:  95%|█████████▌| 19/20 [1:58:38<06:34, 394.31s/it]
Task 0, Epoch 20/20 => Loss 0.414, Train_accy 87.92:  95%|█████████▌| 19/20 [2:05:12<06:34, 394.31s/it]
Task 0, Epoch 20/20 => Loss 0.414, Train_accy 87.92: 100%|██████████| 20/20 [2:05:12<00:00, 394.04s/it]
Task 0, Epoch 20/20 => Loss 0.414, Train_accy 87.92: 100%|██████████| 20/20 [2:05:12<00:00, 375.62s/it]
2026-01-07 17:31:38,010 [inflora.py] => Task 0, Epoch 20/20 => Loss 0.414, Train_accy 87.92
Threshold:  0.95
Layer 1 - Projection Matrix shape: torch.Size([768, 768])
Layer 2 - Projection Matrix shape: torch.Size([768, 768])
Layer 3 - Projection Matrix shape: torch.Size([768, 768])
Layer 4 - Projection Matrix shape: torch.Size([768, 768])
Layer 5 - Projection Matrix shape: torch.Size([768, 768])
Layer 6 - Projection Matrix shape: torch.Size([768, 768])
Layer 7 - Projection Matrix shape: torch.Size([768, 768])
Layer 8 - Projection Matrix shape: torch.Size([768, 768])
Layer 9 - Projection Matrix shape: torch.Size([768, 768])
Layer 10 - Projection Matrix shape: torch.Size([768, 768])
Layer 11 - Projection Matrix shape: torch.Size([768, 768])
Layer 12 - Projection Matrix shape: torch.Size([768, 768])
2026-01-07 17:44:26,245 [inflora.py] => Exemplar size: 0
2026-01-07 17:44:26,254 [trainer.py] => CNN: {'total': 94.92, '00-59': 94.92, '60-61': 90.0, '62-63': 80.0, '64-65': 80.0, '66-67': 90.0, '68-69': 100.0, '70-71': 80.0, '72-73': 100.0, '74-75': 90.0, '76-77': 80.0, '78-79': 90.0, '80-81': 90.0, '82-83': 90.0, '84-85': 100.0, '86-87': 90.0, '88-89': 80.0, '90-91': 100.0, '92-93': 100.0, '94-95': 90.0, '96-97': 100.0, '98-99': 90.0, 'old': 0, 'new': 94.92}
2026-01-07 17:44:26,254 [trainer.py] => CNN top1 curve: [94.92]
2026-01-07 17:44:26,254 [trainer.py] => Average Accuracy (CNN): 94.92
2026-01-07 17:44:26,258 [trainer.py] => All params: 101082305
2026-01-07 17:44:26,261 [trainer.py] => Trainable params: 230460
2026-01-07 17:44:26,261 [inflora.py] => Learning on 60-62

  0%|          | 0/10 [00:00<?, ?it/s]
Task 1, Epoch 1/10 => Loss 6.888, Train_accy 0.00:   0%|          | 0/10 [00:01<?, ?it/s]
Task 1, Epoch 1/10 => Loss 6.888, Train_accy 0.00:  10%|█         | 1/10 [00:01<00:13,  1.47s/it]
Task 1, Epoch 2/10 => Loss 6.726, Train_accy 0.00:  10%|█         | 1/10 [00:03<00:13,  1.47s/it]
Task 1, Epoch 2/10 => Loss 6.726, Train_accy 0.00:  20%|██        | 2/10 [00:03<00:12,  1.58s/it]
Task 1, Epoch 3/10 => Loss 5.748, Train_accy 0.00:  20%|██        | 2/10 [00:04<00:12,  1.58s/it]
Task 1, Epoch 3/10 => Loss 5.748, Train_accy 0.00:  30%|███       | 3/10 [00:04<00:11,  1.59s/it]
Task 1, Epoch 4/10 => Loss 5.728, Train_accy 0.00:  30%|███       | 3/10 [00:06<00:11,  1.59s/it]
Task 1, Epoch 4/10 => Loss 5.728, Train_accy 0.00:  40%|████      | 4/10 [00:06<00:09,  1.53s/it]
Task 1, Epoch 5/10 => Loss 5.444, Train_accy 0.00:  40%|████      | 4/10 [00:07<00:09,  1.53s/it]
Task 1, Epoch 5/10 => Loss 5.444, Train_accy 0.00:  50%|█████     | 5/10 [00:07<00:07,  1.57s/it]
Task 1, Epoch 6/10 => Loss 5.140, Train_accy 0.00:  50%|█████     | 5/10 [00:09<00:07,  1.57s/it]
Task 1, Epoch 6/10 => Loss 5.140, Train_accy 0.00:  60%|██████    | 6/10 [00:09<00:06,  1.56s/it]
Task 1, Epoch 7/10 => Loss 4.705, Train_accy 0.00:  60%|██████    | 6/10 [00:10<00:06,  1.56s/it]
Task 1, Epoch 7/10 => Loss 4.705, Train_accy 0.00:  70%|███████   | 7/10 [00:10<00:04,  1.54s/it]
Task 1, Epoch 8/10 => Loss 4.579, Train_accy 0.00:  70%|███████   | 7/10 [00:12<00:04,  1.54s/it]
Task 1, Epoch 8/10 => Loss 4.579, Train_accy 0.00:  80%|████████  | 8/10 [00:12<00:02,  1.48s/it]
Task 1, Epoch 9/10 => Loss 4.789, Train_accy 0.00:  80%|████████  | 8/10 [00:13<00:02,  1.48s/it]
Task 1, Epoch 9/10 => Loss 4.789, Train_accy 0.00:  90%|█████████ | 9/10 [00:13<00:01,  1.52s/it]
Task 1, Epoch 10/10 => Loss 4.536, Train_accy 0.00:  90%|█████████ | 9/10 [00:15<00:01,  1.52s/it]
Task 1, Epoch 10/10 => Loss 4.536, Train_accy 0.00: 100%|██████████| 10/10 [00:15<00:00,  1.44s/it]
Task 1, Epoch 10/10 => Loss 4.536, Train_accy 0.00: 100%|██████████| 10/10 [00:15<00:00,  1.51s/it]
2026-01-07 18:07:25,722 [inflora.py] => Task 1, Epoch 10/10 => Loss 4.536, Train_accy 0.00
Threshold:  0.9523809523809523
Layer 1 - Projection Matrix shape: torch.Size([768, 768])
Layer 2 - Projection Matrix shape: torch.Size([768, 768])
Layer 3 - Projection Matrix shape: torch.Size([768, 768])
Layer 4 - Projection Matrix shape: torch.Size([768, 768])
Layer 5 - Projection Matrix shape: torch.Size([768, 768])
Layer 6 - Projection Matrix shape: torch.Size([768, 768])
Layer 7 - Projection Matrix shape: torch.Size([768, 768])
Layer 8 - Projection Matrix shape: torch.Size([768, 768])
Layer 9 - Projection Matrix shape: torch.Size([768, 768])
Layer 10 - Projection Matrix shape: torch.Size([768, 768])
Layer 11 - Projection Matrix shape: torch.Size([768, 768])
Layer 12 - Projection Matrix shape: torch.Size([768, 768])
2026-01-07 18:10:28,527 [inflora.py] => Exemplar size: 0
2026-01-07 18:10:28,527 [trainer.py] => CNN: {'total': 91.79, '00-59': 94.85, '60-61': 0.0, '62-63': 90.0, '64-65': 90.0, '66-67': 70.0, '68-69': 100.0, '70-71': 90.0, '72-73': 100.0, '74-75': 80.0, '76-77': 70.0, '78-79': 90.0, '80-81': 80.0, '82-83': 90.0, '84-85': 100.0, '86-87': 80.0, '88-89': 100.0, '90-91': 80.0, '92-93': 90.0, '94-95': 90.0, '96-97': 90.0, '98-99': 90.0, 'old': 94.85, 'new': 0.0}
2026-01-07 18:10:28,527 [trainer.py] => CNN top1 curve: [94.92, 91.79]
2026-01-07 18:10:28,527 [trainer.py] => Average Accuracy (CNN): 93.36
2026-01-07 18:10:28,535 [trainer.py] => All params: 101082305
2026-01-07 18:10:28,538 [trainer.py] => Trainable params: 2535060
2026-01-07 18:10:28,538 [inflora.py] => Learning on 62-64

  0%|          | 0/10 [00:00<?, ?it/s]
Task 2, Epoch 1/10 => Loss 5.509, Train_accy 0.00:   0%|          | 0/10 [00:01<?, ?it/s]
Task 2, Epoch 1/10 => Loss 5.509, Train_accy 0.00:  10%|█         | 1/10 [00:01<00:09,  1.02s/it]
Task 2, Epoch 2/10 => Loss 4.925, Train_accy 0.00:  10%|█         | 1/10 [00:02<00:09,  1.02s/it]
Task 2, Epoch 2/10 => Loss 4.925, Train_accy 0.00:  20%|██        | 2/10 [00:02<00:09,  1.21s/it]
Task 2, Epoch 3/10 => Loss 4.689, Train_accy 10.00:  20%|██        | 2/10 [00:03<00:09,  1.21s/it]
Task 2, Epoch 3/10 => Loss 4.689, Train_accy 10.00:  30%|███       | 3/10 [00:03<00:08,  1.18s/it]
Task 2, Epoch 4/10 => Loss 4.294, Train_accy 0.00:  30%|███       | 3/10 [00:04<00:08,  1.18s/it] 
Task 2, Epoch 4/10 => Loss 4.294, Train_accy 0.00:  40%|████      | 4/10 [00:04<00:06,  1.13s/it]
Task 2, Epoch 5/10 => Loss 4.549, Train_accy 0.00:  40%|████      | 4/10 [00:05<00:06,  1.13s/it]
Task 2, Epoch 5/10 => Loss 4.549, Train_accy 0.00:  50%|█████     | 5/10 [00:05<00:05,  1.08s/it]
Task 2, Epoch 6/10 => Loss 3.647, Train_accy 0.00:  50%|█████     | 5/10 [00:06<00:05,  1.08s/it]
Task 2, Epoch 6/10 => Loss 3.647, Train_accy 0.00:  60%|██████    | 6/10 [00:06<00:04,  1.04s/it]
Task 2, Epoch 7/10 => Loss 3.488, Train_accy 20.00:  60%|██████    | 6/10 [00:07<00:04,  1.04s/it]
Task 2, Epoch 7/10 => Loss 3.488, Train_accy 20.00:  70%|███████   | 7/10 [00:07<00:02,  1.00it/s]
Task 2, Epoch 8/10 => Loss 3.200, Train_accy 10.00:  70%|███████   | 7/10 [00:08<00:02,  1.00it/s]
Task 2, Epoch 8/10 => Loss 3.200, Train_accy 10.00:  80%|████████  | 8/10 [00:08<00:01,  1.01it/s]
Task 2, Epoch 9/10 => Loss 2.806, Train_accy 10.00:  80%|████████  | 8/10 [00:09<00:01,  1.01it/s]
Task 2, Epoch 9/10 => Loss 2.806, Train_accy 10.00:  90%|█████████ | 9/10 [00:09<00:01,  1.01s/it]
Task 2, Epoch 10/10 => Loss 3.392, Train_accy 10.00:  90%|█████████ | 9/10 [00:10<00:01,  1.01s/it]
Task 2, Epoch 10/10 => Loss 3.392, Train_accy 10.00: 100%|██████████| 10/10 [00:10<00:00,  1.02s/it]
Task 2, Epoch 10/10 => Loss 3.392, Train_accy 10.00: 100%|██████████| 10/10 [00:10<00:00,  1.05s/it]
2026-01-07 18:34:50,351 [inflora.py] => Task 2, Epoch 10/10 => Loss 3.392, Train_accy 10.00
Threshold:  0.9547619047619047
Skip Updating DualGPM for layer: 1
Layer 1 - Projection Matrix shape: torch.Size([768, 768])
Layer 2 - Projection Matrix shape: torch.Size([768, 768])
Layer 3 - Projection Matrix shape: torch.Size([768, 768])
Layer 4 - Projection Matrix shape: torch.Size([768, 768])
Layer 5 - Projection Matrix shape: torch.Size([768, 768])
Layer 6 - Projection Matrix shape: torch.Size([768, 768])
Layer 7 - Projection Matrix shape: torch.Size([768, 768])
Layer 8 - Projection Matrix shape: torch.Size([768, 768])
Layer 9 - Projection Matrix shape: torch.Size([768, 768])
Layer 10 - Projection Matrix shape: torch.Size([768, 768])
Layer 11 - Projection Matrix shape: torch.Size([768, 768])
Layer 12 - Projection Matrix shape: torch.Size([768, 768])
2026-01-07 18:36:29,819 [inflora.py] => Exemplar size: 0
2026-01-07 18:36:29,819 [trainer.py] => CNN: {'total': 88.91, '00-59': 94.83, '60-61': 0.0, '62-63': 0.0, '64-65': 100.0, '66-67': 90.0, '68-69': 100.0, '70-71': 80.0, '72-73': 100.0, '74-75': 90.0, '76-77': 90.0, '78-79': 90.0, '80-81': 90.0, '82-83': 80.0, '84-85': 100.0, '86-87': 90.0, '88-89': 90.0, '90-91': 80.0, '92-93': 100.0, '94-95': 100.0, '96-97': 100.0, '98-99': 80.0, 'old': 91.77, 'new': 0.0}
2026-01-07 18:36:29,819 [trainer.py] => CNN top1 curve: [94.92, 91.79, 88.91]
2026-01-07 18:36:29,819 [trainer.py] => Average Accuracy (CNN): 91.87
2026-01-07 18:36:29,831 [trainer.py] => All params: 101082305
2026-01-07 18:36:29,834 [trainer.py] => Trainable params: 460920
2026-01-07 18:36:29,834 [inflora.py] => Learning on 64-66

  0%|          | 0/10 [00:00<?, ?it/s]
Task 3, Epoch 1/10 => Loss 5.401, Train_accy 0.00:   0%|          | 0/10 [00:01<?, ?it/s]
Task 3, Epoch 1/10 => Loss 5.401, Train_accy 0.00:  10%|█         | 1/10 [00:01<00:14,  1.58s/it]
Task 3, Epoch 2/10 => Loss 5.069, Train_accy 0.00:  10%|█         | 1/10 [00:03<00:14,  1.58s/it]
Task 3, Epoch 2/10 => Loss 5.069, Train_accy 0.00:  20%|██        | 2/10 [00:03<00:12,  1.51s/it]
Task 3, Epoch 3/10 => Loss 4.732, Train_accy 0.00:  20%|██        | 2/10 [00:04<00:12,  1.51s/it]
Task 3, Epoch 3/10 => Loss 4.732, Train_accy 0.00:  30%|███       | 3/10 [00:04<00:11,  1.59s/it]
Task 3, Epoch 4/10 => Loss 4.098, Train_accy 0.00:  30%|███       | 3/10 [00:06<00:11,  1.59s/it]
Task 3, Epoch 4/10 => Loss 4.098, Train_accy 0.00:  40%|████      | 4/10 [00:06<00:08,  1.50s/it]
Task 3, Epoch 5/10 => Loss 3.985, Train_accy 0.00:  40%|████      | 4/10 [00:07<00:08,  1.50s/it]
Task 3, Epoch 5/10 => Loss 3.985, Train_accy 0.00:  50%|█████     | 5/10 [00:07<00:07,  1.54s/it]
Task 3, Epoch 6/10 => Loss 4.182, Train_accy 0.00:  50%|█████     | 5/10 [00:09<00:07,  1.54s/it]
Task 3, Epoch 6/10 => Loss 4.182, Train_accy 0.00:  60%|██████    | 6/10 [00:09<00:05,  1.48s/it]
Task 3, Epoch 7/10 => Loss 3.704, Train_accy 0.00:  60%|██████    | 6/10 [00:10<00:05,  1.48s/it]
Task 3, Epoch 7/10 => Loss 3.704, Train_accy 0.00:  70%|███████   | 7/10 [00:10<00:04,  1.43s/it]
Task 3, Epoch 8/10 => Loss 3.579, Train_accy 20.00:  70%|███████   | 7/10 [00:11<00:04,  1.43s/it]
Task 3, Epoch 8/10 => Loss 3.579, Train_accy 20.00:  80%|████████  | 8/10 [00:11<00:02,  1.41s/it]
Task 3, Epoch 9/10 => Loss 3.139, Train_accy 10.00:  80%|████████  | 8/10 [00:13<00:02,  1.41s/it]
Task 3, Epoch 9/10 => Loss 3.139, Train_accy 10.00:  90%|█████████ | 9/10 [00:13<00:01,  1.38s/it]
Task 3, Epoch 10/10 => Loss 3.017, Train_accy 10.00:  90%|█████████ | 9/10 [00:14<00:01,  1.38s/it]
Task 3, Epoch 10/10 => Loss 3.017, Train_accy 10.00: 100%|██████████| 10/10 [00:14<00:00,  1.35s/it]
Task 3, Epoch 10/10 => Loss 3.017, Train_accy 10.00: 100%|██████████| 10/10 [00:14<00:00,  1.44s/it]
2026-01-07 19:02:13,843 [inflora.py] => Task 3, Epoch 10/10 => Loss 3.017, Train_accy 10.00
Threshold:  0.9571428571428571
Skip Updating DualGPM for layer: 1
Skip Updating DualGPM for layer: 2
Layer 1 - Projection Matrix shape: torch.Size([768, 768])
Layer 2 - Projection Matrix shape: torch.Size([768, 768])
Layer 3 - Projection Matrix shape: torch.Size([768, 768])
Layer 4 - Projection Matrix shape: torch.Size([768, 768])
Layer 5 - Projection Matrix shape: torch.Size([768, 768])
Layer 6 - Projection Matrix shape: torch.Size([768, 768])
Layer 7 - Projection Matrix shape: torch.Size([768, 768])
Layer 8 - Projection Matrix shape: torch.Size([768, 768])
Layer 9 - Projection Matrix shape: torch.Size([768, 768])
Layer 10 - Projection Matrix shape: torch.Size([768, 768])
Layer 11 - Projection Matrix shape: torch.Size([768, 768])
Layer 12 - Projection Matrix shape: torch.Size([768, 768])
2026-01-07 19:04:27,557 [inflora.py] => Exemplar size: 0
2026-01-07 19:04:27,558 [trainer.py] => CNN: {'total': 86.23, '00-59': 94.85, '60-61': 0.0, '62-63': 0.0, '64-65': 0.0, '66-67': 90.0, '68-69': 100.0, '70-71': 100.0, '72-73': 80.0, '74-75': 90.0, '76-77': 100.0, '78-79': 100.0, '80-81': 90.0, '82-83': 90.0, '84-85': 100.0, '86-87': 90.0, '88-89': 100.0, '90-91': 100.0, '92-93': 100.0, '94-95': 100.0, '96-97': 90.0, '98-99': 90.0, 'old': 88.92, 'new': 0.0}
2026-01-07 19:04:27,558 [trainer.py] => CNN top1 curve: [94.92, 91.79, 88.91, 86.23]
2026-01-07 19:04:27,558 [trainer.py] => Average Accuracy (CNN): 90.46
2026-01-07 19:04:27,562 [trainer.py] => All params: 101082305
2026-01-07 19:04:27,565 [trainer.py] => Trainable params: 230460
2026-01-07 19:04:27,565 [inflora.py] => Learning on 66-68

  0%|          | 0/10 [00:00<?, ?it/s]
Task 4, Epoch 1/10 => Loss 5.164, Train_accy 0.00:   0%|          | 0/10 [00:01<?, ?it/s]
Task 4, Epoch 1/10 => Loss 5.164, Train_accy 0.00:  10%|█         | 1/10 [00:01<00:13,  1.51s/it]
Task 4, Epoch 2/10 => Loss 5.078, Train_accy 0.00:  10%|█         | 1/10 [00:02<00:13,  1.51s/it]
Task 4, Epoch 2/10 => Loss 5.078, Train_accy 0.00:  20%|██        | 2/10 [00:02<00:11,  1.38s/it]
Task 4, Epoch 3/10 => Loss 4.595, Train_accy 0.00:  20%|██        | 2/10 [00:04<00:11,  1.38s/it]
Task 4, Epoch 3/10 => Loss 4.595, Train_accy 0.00:  30%|███       | 3/10 [00:04<00:09,  1.37s/it]
Task 4, Epoch 4/10 => Loss 4.391, Train_accy 0.00:  30%|███       | 3/10 [00:05<00:09,  1.37s/it]
Task 4, Epoch 4/10 => Loss 4.391, Train_accy 0.00:  40%|████      | 4/10 [00:05<00:08,  1.33s/it]
Task 4, Epoch 5/10 => Loss 3.945, Train_accy 0.00:  40%|████      | 4/10 [00:06<00:08,  1.33s/it]
Task 4, Epoch 5/10 => Loss 3.945, Train_accy 0.00:  50%|█████     | 5/10 [00:06<00:06,  1.27s/it]
Task 4, Epoch 6/10 => Loss 3.553, Train_accy 0.00:  50%|█████     | 5/10 [00:07<00:06,  1.27s/it]
Task 4, Epoch 6/10 => Loss 3.553, Train_accy 0.00:  60%|██████    | 6/10 [00:07<00:04,  1.15s/it]
Task 4, Epoch 7/10 => Loss 3.793, Train_accy 0.00:  60%|██████    | 6/10 [00:08<00:04,  1.15s/it]
Task 4, Epoch 7/10 => Loss 3.793, Train_accy 0.00:  70%|███████   | 7/10 [00:08<00:03,  1.15s/it]
Task 4, Epoch 8/10 => Loss 3.034, Train_accy 0.00:  70%|███████   | 7/10 [00:09<00:03,  1.15s/it]
Task 4, Epoch 8/10 => Loss 3.034, Train_accy 0.00:  80%|████████  | 8/10 [00:09<00:02,  1.15s/it]
Task 4, Epoch 9/10 => Loss 2.899, Train_accy 10.00:  80%|████████  | 8/10 [00:12<00:02,  1.15s/it]
Task 4, Epoch 9/10 => Loss 2.899, Train_accy 10.00:  90%|█████████ | 9/10 [00:12<00:01,  1.50s/it]
Task 4, Epoch 10/10 => Loss 2.962, Train_accy 20.00:  90%|█████████ | 9/10 [00:12<00:01,  1.50s/it]
Task 4, Epoch 10/10 => Loss 2.962, Train_accy 20.00: 100%|██████████| 10/10 [00:12<00:00,  1.27s/it]
Task 4, Epoch 10/10 => Loss 2.962, Train_accy 20.00: 100%|██████████| 10/10 [00:12<00:00,  1.28s/it]
2026-01-07 19:31:35,593 [inflora.py] => Task 4, Epoch 10/10 => Loss 2.962, Train_accy 20.00
Threshold:  0.9595238095238094
Skip Updating DualGPM for layer: 1
Skip Updating DualGPM for layer: 2
Skip Updating DualGPM for layer: 3
Layer 1 - Projection Matrix shape: torch.Size([768, 768])
Layer 2 - Projection Matrix shape: torch.Size([768, 768])
Layer 3 - Projection Matrix shape: torch.Size([768, 768])
Layer 4 - Projection Matrix shape: torch.Size([768, 768])
Layer 5 - Projection Matrix shape: torch.Size([768, 768])
Layer 6 - Projection Matrix shape: torch.Size([768, 768])
Layer 7 - Projection Matrix shape: torch.Size([768, 768])
Layer 8 - Projection Matrix shape: torch.Size([768, 768])
Layer 9 - Projection Matrix shape: torch.Size([768, 768])
Layer 10 - Projection Matrix shape: torch.Size([768, 768])
Layer 11 - Projection Matrix shape: torch.Size([768, 768])
Layer 12 - Projection Matrix shape: torch.Size([768, 768])
2026-01-07 19:33:46,618 [inflora.py] => Exemplar size: 0
2026-01-07 19:33:46,618 [trainer.py] => CNN: {'total': 83.68, '00-59': 94.83, '60-61': 0.0, '62-63': 0.0, '64-65': 0.0, '66-67': 0.0, '68-69': 90.0, '70-71': 100.0, '72-73': 90.0, '74-75': 80.0, '76-77': 80.0, '78-79': 90.0, '80-81': 90.0, '82-83': 100.0, '84-85': 90.0, '86-87': 90.0, '88-89': 100.0, '90-91': 80.0, '92-93': 90.0, '94-95': 70.0, '96-97': 100.0, '98-99': 80.0, 'old': 86.21, 'new': 0.0}
2026-01-07 19:33:46,618 [trainer.py] => CNN top1 curve: [94.92, 91.79, 88.91, 86.23, 83.68]
2026-01-07 19:33:46,618 [trainer.py] => Average Accuracy (CNN): 89.11
2026-01-07 19:33:46,622 [trainer.py] => All params: 101082305
2026-01-07 19:33:46,629 [trainer.py] => Trainable params: 230460
2026-01-07 19:33:46,629 [inflora.py] => Learning on 68-70

  0%|          | 0/10 [00:00<?, ?it/s]
Task 5, Epoch 1/10 => Loss 5.758, Train_accy 0.00:   0%|          | 0/10 [00:01<?, ?it/s]
Task 5, Epoch 1/10 => Loss 5.758, Train_accy 0.00:  10%|█         | 1/10 [00:01<00:11,  1.29s/it]
Task 5, Epoch 2/10 => Loss 5.087, Train_accy 0.00:  10%|█         | 1/10 [00:02<00:11,  1.29s/it]
Task 5, Epoch 2/10 => Loss 5.087, Train_accy 0.00:  20%|██        | 2/10 [00:02<00:10,  1.32s/it]
Task 5, Epoch 3/10 => Loss 4.530, Train_accy 0.00:  20%|██        | 2/10 [00:03<00:10,  1.32s/it]
Task 5, Epoch 3/10 => Loss 4.530, Train_accy 0.00:  30%|███       | 3/10 [00:03<00:08,  1.28s/it]
Task 5, Epoch 4/10 => Loss 3.819, Train_accy 0.00:  30%|███       | 3/10 [00:04<00:08,  1.28s/it]
Task 5, Epoch 4/10 => Loss 3.819, Train_accy 0.00:  40%|████      | 4/10 [00:04<00:07,  1.17s/it]
Task 5, Epoch 5/10 => Loss 3.878, Train_accy 10.00:  40%|████      | 4/10 [00:05<00:07,  1.17s/it]
Task 5, Epoch 5/10 => Loss 3.878, Train_accy 10.00:  50%|█████     | 5/10 [00:05<00:05,  1.12s/it]
Task 5, Epoch 6/10 => Loss 3.615, Train_accy 10.00:  50%|█████     | 5/10 [00:07<00:05,  1.12s/it]
Task 5, Epoch 6/10 => Loss 3.615, Train_accy 10.00:  60%|██████    | 6/10 [00:07<00:04,  1.20s/it]
Task 5, Epoch 7/10 => Loss 3.481, Train_accy 10.00:  60%|██████    | 6/10 [00:08<00:04,  1.20s/it]
Task 5, Epoch 7/10 => Loss 3.481, Train_accy 10.00:  70%|███████   | 7/10 [00:08<00:03,  1.27s/it]
Task 5, Epoch 8/10 => Loss 3.466, Train_accy 20.00:  70%|███████   | 7/10 [00:09<00:03,  1.27s/it]
Task 5, Epoch 8/10 => Loss 3.466, Train_accy 20.00:  80%|████████  | 8/10 [00:09<00:02,  1.25s/it]
Task 5, Epoch 9/10 => Loss 3.303, Train_accy 10.00:  80%|████████  | 8/10 [00:11<00:02,  1.25s/it]
Task 5, Epoch 9/10 => Loss 3.303, Train_accy 10.00:  90%|█████████ | 9/10 [00:11<00:01,  1.22s/it]
Task 5, Epoch 10/10 => Loss 2.895, Train_accy 10.00:  90%|█████████ | 9/10 [00:12<00:01,  1.22s/it]
Task 5, Epoch 10/10 => Loss 2.895, Train_accy 10.00: 100%|██████████| 10/10 [00:12<00:00,  1.27s/it]
Task 5, Epoch 10/10 => Loss 2.895, Train_accy 10.00: 100%|██████████| 10/10 [00:12<00:00,  1.24s/it]
2026-01-07 20:00:29,416 [inflora.py] => Task 5, Epoch 10/10 => Loss 2.895, Train_accy 10.00
Threshold:  0.9619047619047618
Layer 1 - Projection Matrix shape: torch.Size([768, 768])
Layer 2 - Projection Matrix shape: torch.Size([768, 768])
Layer 3 - Projection Matrix shape: torch.Size([768, 768])
Layer 4 - Projection Matrix shape: torch.Size([768, 768])
Layer 5 - Projection Matrix shape: torch.Size([768, 768])
Layer 6 - Projection Matrix shape: torch.Size([768, 768])
Layer 7 - Projection Matrix shape: torch.Size([768, 768])
Layer 8 - Projection Matrix shape: torch.Size([768, 768])
Layer 9 - Projection Matrix shape: torch.Size([768, 768])
Layer 10 - Projection Matrix shape: torch.Size([768, 768])
Layer 11 - Projection Matrix shape: torch.Size([768, 768])
Layer 12 - Projection Matrix shape: torch.Size([768, 768])
2026-01-07 20:02:01,769 [inflora.py] => Exemplar size: 0
2026-01-07 20:02:01,871 [trainer.py] => CNN: {'total': 81.27, '00-59': 94.82, '60-61': 0.0, '62-63': 0.0, '64-65': 0.0, '66-67': 0.0, '68-69': 0.0, '70-71': 100.0, '72-73': 80.0, '74-75': 80.0, '76-77': 80.0, '78-79': 100.0, '80-81': 90.0, '82-83': 90.0, '84-85': 90.0, '86-87': 90.0, '88-89': 90.0, '90-91': 100.0, '92-93': 80.0, '94-95': 90.0, '96-97': 100.0, '98-99': 90.0, 'old': 83.66, 'new': 0.0}
2026-01-07 20:02:01,871 [trainer.py] => CNN top1 curve: [94.92, 91.79, 88.91, 86.23, 83.68, 81.27]
2026-01-07 20:02:01,872 [trainer.py] => Average Accuracy (CNN): 87.80
2026-01-07 20:02:01,875 [trainer.py] => All params: 101082305
2026-01-07 20:02:01,879 [trainer.py] => Trainable params: 230460
2026-01-07 20:02:01,879 [inflora.py] => Learning on 70-72

  0%|          | 0/10 [00:00<?, ?it/s]
Task 6, Epoch 1/10 => Loss 7.663, Train_accy 0.00:   0%|          | 0/10 [00:01<?, ?it/s]
Task 6, Epoch 1/10 => Loss 7.663, Train_accy 0.00:  10%|█         | 1/10 [00:01<00:16,  1.87s/it]
Task 6, Epoch 2/10 => Loss 7.226, Train_accy 0.00:  10%|█         | 1/10 [00:03<00:16,  1.87s/it]
Task 6, Epoch 2/10 => Loss 7.226, Train_accy 0.00:  20%|██        | 2/10 [00:03<00:11,  1.49s/it]
Task 6, Epoch 3/10 => Loss 7.064, Train_accy 0.00:  20%|██        | 2/10 [00:04<00:11,  1.49s/it]
Task 6, Epoch 3/10 => Loss 7.064, Train_accy 0.00:  30%|███       | 3/10 [00:04<00:09,  1.30s/it]
Task 6, Epoch 4/10 => Loss 6.756, Train_accy 0.00:  30%|███       | 3/10 [00:05<00:09,  1.30s/it]
Task 6, Epoch 4/10 => Loss 6.756, Train_accy 0.00:  40%|████      | 4/10 [00:05<00:07,  1.31s/it]
Task 6, Epoch 5/10 => Loss 6.756, Train_accy 0.00:  40%|████      | 4/10 [00:06<00:07,  1.31s/it]
Task 6, Epoch 5/10 => Loss 6.756, Train_accy 0.00:  50%|█████     | 5/10 [00:06<00:06,  1.26s/it]
Task 6, Epoch 6/10 => Loss 5.776, Train_accy 0.00:  50%|█████     | 5/10 [00:07<00:06,  1.26s/it]
Task 6, Epoch 6/10 => Loss 5.776, Train_accy 0.00:  60%|██████    | 6/10 [00:07<00:04,  1.18s/it]
Task 6, Epoch 7/10 => Loss 6.063, Train_accy 0.00:  60%|██████    | 6/10 [00:09<00:04,  1.18s/it]
Task 6, Epoch 7/10 => Loss 6.063, Train_accy 0.00:  70%|███████   | 7/10 [00:09<00:03,  1.28s/it]
Task 6, Epoch 8/10 => Loss 5.481, Train_accy 0.00:  70%|███████   | 7/10 [00:10<00:03,  1.28s/it]
Task 6, Epoch 8/10 => Loss 5.481, Train_accy 0.00:  80%|████████  | 8/10 [00:10<00:02,  1.30s/it]
Task 6, Epoch 9/10 => Loss 5.506, Train_accy 0.00:  80%|████████  | 8/10 [00:11<00:02,  1.30s/it]
Task 6, Epoch 9/10 => Loss 5.506, Train_accy 0.00:  90%|█████████ | 9/10 [00:11<00:01,  1.29s/it]
Task 6, Epoch 10/10 => Loss 5.559, Train_accy 0.00:  90%|█████████ | 9/10 [00:12<00:01,  1.29s/it]
Task 6, Epoch 10/10 => Loss 5.559, Train_accy 0.00: 100%|██████████| 10/10 [00:12<00:00,  1.23s/it]
Task 6, Epoch 10/10 => Loss 5.559, Train_accy 0.00: 100%|██████████| 10/10 [00:12<00:00,  1.29s/it]
2026-01-07 20:26:20,994 [inflora.py] => Task 6, Epoch 10/10 => Loss 5.559, Train_accy 0.00
Threshold:  0.9642857142857143
Skip Updating DualGPM for layer: 1
Skip Updating DualGPM for layer: 2
Skip Updating DualGPM for layer: 3
Layer 1 - Projection Matrix shape: torch.Size([768, 768])
Layer 2 - Projection Matrix shape: torch.Size([768, 768])
Layer 3 - Projection Matrix shape: torch.Size([768, 768])
Layer 4 - Projection Matrix shape: torch.Size([768, 768])
Layer 5 - Projection Matrix shape: torch.Size([768, 768])
Layer 6 - Projection Matrix shape: torch.Size([768, 768])
Layer 7 - Projection Matrix shape: torch.Size([768, 768])
Layer 8 - Projection Matrix shape: torch.Size([768, 768])
Layer 9 - Projection Matrix shape: torch.Size([768, 768])
Layer 10 - Projection Matrix shape: torch.Size([768, 768])
Layer 11 - Projection Matrix shape: torch.Size([768, 768])
Layer 12 - Projection Matrix shape: torch.Size([768, 768])
2026-01-07 20:28:22,439 [inflora.py] => Exemplar size: 0
2026-01-07 20:28:22,440 [trainer.py] => CNN: {'total': 78.96, '00-59': 94.75, '60-61': 0.0, '62-63': 0.0, '64-65': 0.0, '66-67': 0.0, '68-69': 0.0, '70-71': 0.0, '72-73': 70.0, '74-75': 80.0, '76-77': 80.0, '78-79': 100.0, '80-81': 90.0, '82-83': 70.0, '84-85': 80.0, '86-87': 70.0, '88-89': 100.0, '90-91': 90.0, '92-93': 100.0, '94-95': 100.0, '96-97': 100.0, '98-99': 100.0, 'old': 81.21, 'new': 0.0}
2026-01-07 20:28:22,440 [trainer.py] => CNN top1 curve: [94.92, 91.79, 88.91, 86.23, 83.68, 81.27, 78.96]
2026-01-07 20:28:22,440 [trainer.py] => Average Accuracy (CNN): 86.54
2026-01-07 20:28:22,443 [trainer.py] => All params: 101082305
2026-01-07 20:28:22,446 [trainer.py] => Trainable params: 230460
2026-01-07 20:28:22,446 [inflora.py] => Learning on 72-74

  0%|          | 0/10 [00:00<?, ?it/s]
Task 7, Epoch 1/10 => Loss 5.134, Train_accy 0.00:   0%|          | 0/10 [00:01<?, ?it/s]
Task 7, Epoch 1/10 => Loss 5.134, Train_accy 0.00:  10%|█         | 1/10 [00:01<00:12,  1.42s/it]
Task 7, Epoch 2/10 => Loss 4.278, Train_accy 0.00:  10%|█         | 1/10 [00:02<00:12,  1.42s/it]
Task 7, Epoch 2/10 => Loss 4.278, Train_accy 0.00:  20%|██        | 2/10 [00:02<00:10,  1.37s/it]
Task 7, Epoch 3/10 => Loss 3.983, Train_accy 10.00:  20%|██        | 2/10 [00:04<00:10,  1.37s/it]
Task 7, Epoch 3/10 => Loss 3.983, Train_accy 10.00:  30%|███       | 3/10 [00:04<00:10,  1.44s/it]
Task 7, Epoch 4/10 => Loss 3.501, Train_accy 10.00:  30%|███       | 3/10 [00:06<00:10,  1.44s/it]
Task 7, Epoch 4/10 => Loss 3.501, Train_accy 10.00:  40%|████      | 4/10 [00:06<00:09,  1.60s/it]
Task 7, Epoch 5/10 => Loss 3.030, Train_accy 20.00:  40%|████      | 4/10 [00:07<00:09,  1.60s/it]
Task 7, Epoch 5/10 => Loss 3.030, Train_accy 20.00:  50%|█████     | 5/10 [00:07<00:07,  1.53s/it]
Task 7, Epoch 6/10 => Loss 2.921, Train_accy 10.00:  50%|█████     | 5/10 [00:08<00:07,  1.53s/it]
Task 7, Epoch 6/10 => Loss 2.921, Train_accy 10.00:  60%|██████    | 6/10 [00:08<00:05,  1.42s/it]
Task 7, Epoch 7/10 => Loss 2.539, Train_accy 20.00:  60%|██████    | 6/10 [00:10<00:05,  1.42s/it]
Task 7, Epoch 7/10 => Loss 2.539, Train_accy 20.00:  70%|███████   | 7/10 [00:10<00:04,  1.42s/it]
Task 7, Epoch 8/10 => Loss 2.407, Train_accy 30.00:  70%|███████   | 7/10 [00:11<00:04,  1.42s/it]
Task 7, Epoch 8/10 => Loss 2.407, Train_accy 30.00:  80%|████████  | 8/10 [00:11<00:02,  1.42s/it]
Task 7, Epoch 9/10 => Loss 2.368, Train_accy 40.00:  80%|████████  | 8/10 [00:12<00:02,  1.42s/it]
Task 7, Epoch 9/10 => Loss 2.368, Train_accy 40.00:  90%|█████████ | 9/10 [00:12<00:01,  1.38s/it]
Task 7, Epoch 10/10 => Loss 2.448, Train_accy 40.00:  90%|█████████ | 9/10 [00:14<00:01,  1.38s/it]
Task 7, Epoch 10/10 => Loss 2.448, Train_accy 40.00: 100%|██████████| 10/10 [00:14<00:00,  1.33s/it]
Task 7, Epoch 10/10 => Loss 2.448, Train_accy 40.00: 100%|██████████| 10/10 [00:14<00:00,  1.41s/it]
2026-01-07 20:51:31,033 [inflora.py] => Task 7, Epoch 10/10 => Loss 2.448, Train_accy 40.00
Threshold:  0.9666666666666667
Skip Updating DualGPM for layer: 1
Skip Updating DualGPM for layer: 2
Layer 1 - Projection Matrix shape: torch.Size([768, 768])
Layer 2 - Projection Matrix shape: torch.Size([768, 768])
Layer 3 - Projection Matrix shape: torch.Size([768, 768])
Layer 4 - Projection Matrix shape: torch.Size([768, 768])
Layer 5 - Projection Matrix shape: torch.Size([768, 768])
Layer 6 - Projection Matrix shape: torch.Size([768, 768])
Layer 7 - Projection Matrix shape: torch.Size([768, 768])
Layer 8 - Projection Matrix shape: torch.Size([768, 768])
Layer 9 - Projection Matrix shape: torch.Size([768, 768])
Layer 10 - Projection Matrix shape: torch.Size([768, 768])
Layer 11 - Projection Matrix shape: torch.Size([768, 768])
Layer 12 - Projection Matrix shape: torch.Size([768, 768])
2026-01-07 20:52:22,649 [inflora.py] => Exemplar size: 0
2026-01-07 20:52:22,649 [trainer.py] => CNN: {'total': 76.8, '00-59': 94.72, '60-61': 0.0, '62-63': 0.0, '64-65': 0.0, '66-67': 0.0, '68-69': 0.0, '70-71': 0.0, '72-73': 0.0, '74-75': 80.0, '76-77': 60.0, '78-79': 90.0, '80-81': 90.0, '82-83': 60.0, '84-85': 90.0, '86-87': 100.0, '88-89': 90.0, '90-91': 100.0, '92-93': 100.0, '94-95': 80.0, '96-97': 100.0, '98-99': 100.0, 'old': 78.93, 'new': 0.0}
2026-01-07 20:52:22,649 [trainer.py] => CNN top1 curve: [94.92, 91.79, 88.91, 86.23, 83.68, 81.27, 78.96, 76.8]
2026-01-07 20:52:22,649 [trainer.py] => Average Accuracy (CNN): 85.32
2026-01-07 20:52:22,653 [trainer.py] => All params: 101082305
2026-01-07 20:52:22,656 [trainer.py] => Trainable params: 230460
2026-01-07 20:52:22,656 [inflora.py] => Learning on 74-76

  0%|          | 0/10 [00:00<?, ?it/s]
Task 8, Epoch 1/10 => Loss 4.316, Train_accy 10.00:   0%|          | 0/10 [00:01<?, ?it/s]
Task 8, Epoch 1/10 => Loss 4.316, Train_accy 10.00:  10%|█         | 1/10 [00:01<00:10,  1.21s/it]
Task 8, Epoch 2/10 => Loss 3.783, Train_accy 0.00:  10%|█         | 1/10 [00:02<00:10,  1.21s/it] 
Task 8, Epoch 2/10 => Loss 3.783, Train_accy 0.00:  20%|██        | 2/10 [00:02<00:10,  1.36s/it]
Task 8, Epoch 3/10 => Loss 3.812, Train_accy 0.00:  20%|██        | 2/10 [00:04<00:10,  1.36s/it]
Task 8, Epoch 3/10 => Loss 3.812, Train_accy 0.00:  30%|███       | 3/10 [00:04<00:09,  1.35s/it]
Task 8, Epoch 4/10 => Loss 3.359, Train_accy 10.00:  30%|███       | 3/10 [00:05<00:09,  1.35s/it]
Task 8, Epoch 4/10 => Loss 3.359, Train_accy 10.00:  40%|████      | 4/10 [00:05<00:08,  1.35s/it]
Task 8, Epoch 5/10 => Loss 3.264, Train_accy 10.00:  40%|████      | 4/10 [00:06<00:08,  1.35s/it]
Task 8, Epoch 5/10 => Loss 3.264, Train_accy 10.00:  50%|█████     | 5/10 [00:06<00:06,  1.39s/it]
Task 8, Epoch 6/10 => Loss 3.340, Train_accy 0.00:  50%|█████     | 5/10 [00:08<00:06,  1.39s/it] 
Task 8, Epoch 6/10 => Loss 3.340, Train_accy 0.00:  60%|██████    | 6/10 [00:08<00:05,  1.43s/it]
Task 8, Epoch 7/10 => Loss 2.681, Train_accy 10.00:  60%|██████    | 6/10 [00:09<00:05,  1.43s/it]
Task 8, Epoch 7/10 => Loss 2.681, Train_accy 10.00:  70%|███████   | 7/10 [00:09<00:04,  1.35s/it]
Task 8, Epoch 8/10 => Loss 2.463, Train_accy 20.00:  70%|███████   | 7/10 [00:10<00:04,  1.35s/it]
Task 8, Epoch 8/10 => Loss 2.463, Train_accy 20.00:  80%|████████  | 8/10 [00:10<00:02,  1.30s/it]
Task 8, Epoch 9/10 => Loss 2.135, Train_accy 40.00:  80%|████████  | 8/10 [00:12<00:02,  1.30s/it]
Task 8, Epoch 9/10 => Loss 2.135, Train_accy 40.00:  90%|█████████ | 9/10 [00:12<00:01,  1.39s/it]
Task 8, Epoch 10/10 => Loss 2.156, Train_accy 50.00:  90%|█████████ | 9/10 [00:13<00:01,  1.39s/it]
Task 8, Epoch 10/10 => Loss 2.156, Train_accy 50.00: 100%|██████████| 10/10 [00:13<00:00,  1.36s/it]
Task 8, Epoch 10/10 => Loss 2.156, Train_accy 50.00: 100%|██████████| 10/10 [00:13<00:00,  1.36s/it]
2026-01-07 21:15:11,463 [inflora.py] => Task 8, Epoch 10/10 => Loss 2.156, Train_accy 50.00
Threshold:  0.969047619047619
Skip Updating DualGPM for layer: 1
Skip Updating DualGPM for layer: 2
Skip Updating DualGPM for layer: 3
Layer 1 - Projection Matrix shape: torch.Size([768, 768])
Layer 2 - Projection Matrix shape: torch.Size([768, 768])
Layer 3 - Projection Matrix shape: torch.Size([768, 768])
Layer 4 - Projection Matrix shape: torch.Size([768, 768])
Layer 5 - Projection Matrix shape: torch.Size([768, 768])
Layer 6 - Projection Matrix shape: torch.Size([768, 768])
Layer 7 - Projection Matrix shape: torch.Size([768, 768])
Layer 8 - Projection Matrix shape: torch.Size([768, 768])
Layer 9 - Projection Matrix shape: torch.Size([768, 768])
Layer 10 - Projection Matrix shape: torch.Size([768, 768])
Layer 11 - Projection Matrix shape: torch.Size([768, 768])
Layer 12 - Projection Matrix shape: torch.Size([768, 768])
2026-01-07 21:16:30,559 [inflora.py] => Exemplar size: 0
2026-01-07 21:16:30,559 [trainer.py] => CNN: {'total': 74.8, '00-59': 94.75, '60-61': 0.0, '62-63': 0.0, '64-65': 0.0, '66-67': 0.0, '68-69': 0.0, '70-71': 0.0, '72-73': 0.0, '74-75': 0.0, '76-77': 70.0, '78-79': 90.0, '80-81': 100.0, '82-83': 50.0, '84-85': 100.0, '86-87': 90.0, '88-89': 90.0, '90-91': 100.0, '92-93': 100.0, '94-95': 90.0, '96-97': 100.0, '98-99': 80.0, 'old': 76.82, 'new': 0.0}
2026-01-07 21:16:30,559 [trainer.py] => CNN top1 curve: [94.92, 91.79, 88.91, 86.23, 83.68, 81.27, 78.96, 76.8, 74.8]
2026-01-07 21:16:30,559 [trainer.py] => Average Accuracy (CNN): 84.15
2026-01-07 21:16:30,567 [trainer.py] => All params: 101082305
2026-01-07 21:16:30,571 [trainer.py] => Trainable params: 230460
2026-01-07 21:16:30,573 [inflora.py] => Learning on 76-78

  0%|          | 0/10 [00:00<?, ?it/s]
Task 9, Epoch 1/10 => Loss 6.651, Train_accy 0.00:   0%|          | 0/10 [00:01<?, ?it/s]
Task 9, Epoch 1/10 => Loss 6.651, Train_accy 0.00:  10%|█         | 1/10 [00:01<00:10,  1.11s/it]
Task 9, Epoch 2/10 => Loss 6.930, Train_accy 0.00:  10%|█         | 1/10 [00:02<00:10,  1.11s/it]
Task 9, Epoch 2/10 => Loss 6.930, Train_accy 0.00:  20%|██        | 2/10 [00:02<00:09,  1.19s/it]
Task 9, Epoch 3/10 => Loss 5.909, Train_accy 0.00:  20%|██        | 2/10 [00:03<00:09,  1.19s/it]
Task 9, Epoch 3/10 => Loss 5.909, Train_accy 0.00:  30%|███       | 3/10 [00:03<00:09,  1.34s/it]
Task 9, Epoch 4/10 => Loss 6.025, Train_accy 0.00:  30%|███       | 3/10 [00:05<00:09,  1.34s/it]
Task 9, Epoch 4/10 => Loss 6.025, Train_accy 0.00:  40%|████      | 4/10 [00:05<00:07,  1.30s/it]
Task 9, Epoch 5/10 => Loss 5.683, Train_accy 0.00:  40%|████      | 4/10 [00:06<00:07,  1.30s/it]
Task 9, Epoch 5/10 => Loss 5.683, Train_accy 0.00:  50%|█████     | 5/10 [00:06<00:06,  1.38s/it]
Task 9, Epoch 6/10 => Loss 5.115, Train_accy 0.00:  50%|█████     | 5/10 [00:08<00:06,  1.38s/it]
Task 9, Epoch 6/10 => Loss 5.115, Train_accy 0.00:  60%|██████    | 6/10 [00:08<00:05,  1.40s/it]
Task 9, Epoch 7/10 => Loss 5.160, Train_accy 0.00:  60%|██████    | 6/10 [00:09<00:05,  1.40s/it]
Task 9, Epoch 7/10 => Loss 5.160, Train_accy 0.00:  70%|███████   | 7/10 [00:09<00:03,  1.33s/it]
Task 9, Epoch 8/10 => Loss 4.886, Train_accy 0.00:  70%|███████   | 7/10 [00:10<00:03,  1.33s/it]
Task 9, Epoch 8/10 => Loss 4.886, Train_accy 0.00:  80%|████████  | 8/10 [00:10<00:02,  1.33s/it]
Task 9, Epoch 9/10 => Loss 4.787, Train_accy 0.00:  80%|████████  | 8/10 [00:11<00:02,  1.33s/it]
Task 9, Epoch 9/10 => Loss 4.787, Train_accy 0.00:  90%|█████████ | 9/10 [00:11<00:01,  1.35s/it]
Task 9, Epoch 10/10 => Loss 4.420, Train_accy 0.00:  90%|█████████ | 9/10 [00:13<00:01,  1.35s/it]
Task 9, Epoch 10/10 => Loss 4.420, Train_accy 0.00: 100%|██████████| 10/10 [00:13<00:00,  1.26s/it]
Task 9, Epoch 10/10 => Loss 4.420, Train_accy 0.00: 100%|██████████| 10/10 [00:13<00:00,  1.30s/it]
2026-01-07 21:38:47,861 [inflora.py] => Task 9, Epoch 10/10 => Loss 4.420, Train_accy 0.00
Threshold:  0.9714285714285714
Skip Updating DualGPM for layer: 1
Skip Updating DualGPM for layer: 2
Layer 1 - Projection Matrix shape: torch.Size([768, 768])
Layer 2 - Projection Matrix shape: torch.Size([768, 768])
Layer 3 - Projection Matrix shape: torch.Size([768, 768])
Layer 4 - Projection Matrix shape: torch.Size([768, 768])
Layer 5 - Projection Matrix shape: torch.Size([768, 768])
Layer 6 - Projection Matrix shape: torch.Size([768, 768])
Layer 7 - Projection Matrix shape: torch.Size([768, 768])
Layer 8 - Projection Matrix shape: torch.Size([768, 768])
Layer 9 - Projection Matrix shape: torch.Size([768, 768])
Layer 10 - Projection Matrix shape: torch.Size([768, 768])
Layer 11 - Projection Matrix shape: torch.Size([768, 768])
Layer 12 - Projection Matrix shape: torch.Size([768, 768])
2026-01-07 21:39:51,171 [inflora.py] => Exemplar size: 0
2026-01-07 21:39:51,171 [trainer.py] => CNN: {'total': 72.91, '00-59': 94.78, '60-61': 0.0, '62-63': 0.0, '64-65': 0.0, '66-67': 0.0, '68-69': 0.0, '70-71': 0.0, '72-73': 0.0, '74-75': 0.0, '76-77': 0.0, '78-79': 70.0, '80-81': 90.0, '82-83': 80.0, '84-85': 100.0, '86-87': 100.0, '88-89': 100.0, '90-91': 90.0, '92-93': 90.0, '94-95': 90.0, '96-97': 70.0, '98-99': 90.0, 'old': 74.83, 'new': 0.0}
2026-01-07 21:39:51,171 [trainer.py] => CNN top1 curve: [94.92, 91.79, 88.91, 86.23, 83.68, 81.27, 78.96, 76.8, 74.8, 72.91]
2026-01-07 21:39:51,171 [trainer.py] => Average Accuracy (CNN): 83.03
2026-01-07 21:39:51,175 [trainer.py] => All params: 101082305
2026-01-07 21:39:51,178 [trainer.py] => Trainable params: 230460
2026-01-07 21:39:51,178 [inflora.py] => Learning on 78-80

  0%|          | 0/10 [00:00<?, ?it/s]
Task 10, Epoch 1/10 => Loss 5.542, Train_accy 0.00:   0%|          | 0/10 [00:01<?, ?it/s]
Task 10, Epoch 1/10 => Loss 5.542, Train_accy 0.00:  10%|█         | 1/10 [00:01<00:12,  1.41s/it]
Task 10, Epoch 2/10 => Loss 5.223, Train_accy 10.00:  10%|█         | 1/10 [00:02<00:12,  1.41s/it]
Task 10, Epoch 2/10 => Loss 5.223, Train_accy 10.00:  20%|██        | 2/10 [00:02<00:10,  1.30s/it]
Task 10, Epoch 3/10 => Loss 4.619, Train_accy 10.00:  20%|██        | 2/10 [00:04<00:10,  1.30s/it]
Task 10, Epoch 3/10 => Loss 4.619, Train_accy 10.00:  30%|███       | 3/10 [00:04<00:09,  1.34s/it]
Task 10, Epoch 4/10 => Loss 4.248, Train_accy 10.00:  30%|███       | 3/10 [00:05<00:09,  1.34s/it]
Task 10, Epoch 4/10 => Loss 4.248, Train_accy 10.00:  40%|████      | 4/10 [00:05<00:08,  1.36s/it]
Task 10, Epoch 5/10 => Loss 3.699, Train_accy 20.00:  40%|████      | 4/10 [00:06<00:08,  1.36s/it]
Task 10, Epoch 5/10 => Loss 3.699, Train_accy 20.00:  50%|█████     | 5/10 [00:06<00:06,  1.40s/it]
Task 10, Epoch 6/10 => Loss 3.651, Train_accy 20.00:  50%|█████     | 5/10 [00:08<00:06,  1.40s/it]
Task 10, Epoch 6/10 => Loss 3.651, Train_accy 20.00:  60%|██████    | 6/10 [00:08<00:05,  1.38s/it]
Task 10, Epoch 7/10 => Loss 3.390, Train_accy 20.00:  60%|██████    | 6/10 [00:09<00:05,  1.38s/it]
Task 10, Epoch 7/10 => Loss 3.390, Train_accy 20.00:  70%|███████   | 7/10 [00:09<00:03,  1.24s/it]
Task 10, Epoch 8/10 => Loss 3.232, Train_accy 20.00:  70%|███████   | 7/10 [00:10<00:03,  1.24s/it]
Task 10, Epoch 8/10 => Loss 3.232, Train_accy 20.00:  80%|████████  | 8/10 [00:10<00:02,  1.26s/it]
Task 10, Epoch 9/10 => Loss 3.375, Train_accy 20.00:  80%|████████  | 8/10 [00:11<00:02,  1.26s/it]
Task 10, Epoch 9/10 => Loss 3.375, Train_accy 20.00:  90%|█████████ | 9/10 [00:11<00:01,  1.32s/it]
Task 10, Epoch 10/10 => Loss 2.900, Train_accy 20.00:  90%|█████████ | 9/10 [00:13<00:01,  1.32s/it]
Task 10, Epoch 10/10 => Loss 2.900, Train_accy 20.00: 100%|██████████| 10/10 [00:13<00:00,  1.25s/it]
Task 10, Epoch 10/10 => Loss 2.900, Train_accy 20.00: 100%|██████████| 10/10 [00:13<00:00,  1.30s/it]
2026-01-07 22:01:49,623 [inflora.py] => Task 10, Epoch 10/10 => Loss 2.900, Train_accy 20.00
Threshold:  0.9738095238095238
Skip Updating DualGPM for layer: 1
Layer 1 - Projection Matrix shape: torch.Size([768, 768])
Layer 2 - Projection Matrix shape: torch.Size([768, 768])
Layer 3 - Projection Matrix shape: torch.Size([768, 768])
Layer 4 - Projection Matrix shape: torch.Size([768, 768])
Layer 5 - Projection Matrix shape: torch.Size([768, 768])
Layer 6 - Projection Matrix shape: torch.Size([768, 768])
Layer 7 - Projection Matrix shape: torch.Size([768, 768])
Layer 8 - Projection Matrix shape: torch.Size([768, 768])
Layer 9 - Projection Matrix shape: torch.Size([768, 768])
Layer 10 - Projection Matrix shape: torch.Size([768, 768])
Layer 11 - Projection Matrix shape: torch.Size([768, 768])
Layer 12 - Projection Matrix shape: torch.Size([768, 768])
2026-01-07 22:02:44,946 [inflora.py] => Exemplar size: 0
2026-01-07 22:02:44,946 [trainer.py] => CNN: {'total': 71.12, '00-59': 94.8, '60-61': 0.0, '62-63': 0.0, '64-65': 0.0, '66-67': 0.0, '68-69': 0.0, '70-71': 0.0, '72-73': 0.0, '74-75': 0.0, '76-77': 0.0, '78-79': 1.0, '80-81': 100.0, '82-83': 100.0, '84-85': 70.0, '86-87': 100.0, '88-89': 90.0, '90-91': 90.0, '92-93': 100.0, '94-95': 80.0, '96-97': 100.0, '98-99': 80.0, 'old': 72.92, 'new': 1.0}
2026-01-07 22:02:44,946 [trainer.py] => CNN top1 curve: [94.92, 91.79, 88.91, 86.23, 83.68, 81.27, 78.96, 76.8, 74.8, 72.91, 71.12]
2026-01-07 22:02:44,946 [trainer.py] => Average Accuracy (CNN): 81.94
2026-01-07 22:02:44,950 [trainer.py] => All params: 101082305
2026-01-07 22:02:44,953 [trainer.py] => Trainable params: 230460
2026-01-07 22:02:44,953 [inflora.py] => Learning on 80-82

  0%|          | 0/10 [00:00<?, ?it/s]
Task 11, Epoch 1/10 => Loss 6.501, Train_accy 0.00:   0%|          | 0/10 [00:01<?, ?it/s]
Task 11, Epoch 1/10 => Loss 6.501, Train_accy 0.00:  10%|█         | 1/10 [00:01<00:13,  1.46s/it]
Task 11, Epoch 2/10 => Loss 6.094, Train_accy 0.00:  10%|█         | 1/10 [00:02<00:13,  1.46s/it]
Task 11, Epoch 2/10 => Loss 6.094, Train_accy 0.00:  20%|██        | 2/10 [00:02<00:11,  1.43s/it]
Task 11, Epoch 3/10 => Loss 6.235, Train_accy 0.00:  20%|██        | 2/10 [00:03<00:11,  1.43s/it]
Task 11, Epoch 3/10 => Loss 6.235, Train_accy 0.00:  30%|███       | 3/10 [00:03<00:08,  1.28s/it]
Task 11, Epoch 4/10 => Loss 5.693, Train_accy 0.00:  30%|███       | 3/10 [00:05<00:08,  1.28s/it]
Task 11, Epoch 4/10 => Loss 5.693, Train_accy 0.00:  40%|████      | 4/10 [00:05<00:07,  1.25s/it]
Task 11, Epoch 5/10 => Loss 5.772, Train_accy 0.00:  40%|████      | 4/10 [00:06<00:07,  1.25s/it]
Task 11, Epoch 5/10 => Loss 5.772, Train_accy 0.00:  50%|█████     | 5/10 [00:06<00:06,  1.28s/it]
Task 11, Epoch 6/10 => Loss 4.947, Train_accy 0.00:  50%|█████     | 5/10 [00:07<00:06,  1.28s/it]
Task 11, Epoch 6/10 => Loss 4.947, Train_accy 0.00:  60%|██████    | 6/10 [00:07<00:05,  1.26s/it]
Task 11, Epoch 7/10 => Loss 4.693, Train_accy 0.00:  60%|██████    | 6/10 [00:08<00:05,  1.26s/it]
Task 11, Epoch 7/10 => Loss 4.693, Train_accy 0.00:  70%|███████   | 7/10 [00:08<00:03,  1.26s/it]
Task 11, Epoch 8/10 => Loss 4.564, Train_accy 0.00:  70%|███████   | 7/10 [00:10<00:03,  1.26s/it]
Task 11, Epoch 8/10 => Loss 4.564, Train_accy 0.00:  80%|████████  | 8/10 [00:10<00:02,  1.30s/it]
Task 11, Epoch 9/10 => Loss 4.279, Train_accy 0.00:  80%|████████  | 8/10 [00:11<00:02,  1.30s/it]
Task 11, Epoch 9/10 => Loss 4.279, Train_accy 0.00:  90%|█████████ | 9/10 [00:11<00:01,  1.29s/it]
Task 11, Epoch 10/10 => Loss 4.742, Train_accy 0.00:  90%|█████████ | 9/10 [00:12<00:01,  1.29s/it]
Task 11, Epoch 10/10 => Loss 4.742, Train_accy 0.00: 100%|██████████| 10/10 [00:12<00:00,  1.31s/it]
Task 11, Epoch 10/10 => Loss 4.742, Train_accy 0.00: 100%|██████████| 10/10 [00:12<00:00,  1.30s/it]
2026-01-07 22:25:53,998 [inflora.py] => Task 11, Epoch 10/10 => Loss 4.742, Train_accy 0.00
Threshold:  0.9761904761904762
Skip Updating DualGPM for layer: 1
Skip Updating DualGPM for layer: 2
Layer 1 - Projection Matrix shape: torch.Size([768, 768])
Layer 2 - Projection Matrix shape: torch.Size([768, 768])
Layer 3 - Projection Matrix shape: torch.Size([768, 768])
Layer 4 - Projection Matrix shape: torch.Size([768, 768])
Layer 5 - Projection Matrix shape: torch.Size([768, 768])
Layer 6 - Projection Matrix shape: torch.Size([768, 768])
Layer 7 - Projection Matrix shape: torch.Size([768, 768])
Layer 8 - Projection Matrix shape: torch.Size([768, 768])
Layer 9 - Projection Matrix shape: torch.Size([768, 768])
Layer 10 - Projection Matrix shape: torch.Size([768, 768])
Layer 11 - Projection Matrix shape: torch.Size([768, 768])
Layer 12 - Projection Matrix shape: torch.Size([768, 768])
2026-01-07 22:26:53,170 [inflora.py] => Exemplar size: 0
2026-01-07 22:26:53,171 [trainer.py] => CNN: {'total': 69.32, '00-59': 94.72, '60-61': 0.0, '62-63': 0.0, '64-65': 0.0, '66-67': 0.0, '68-69': 0.0, '70-71': 0.0, '72-73': 0.0, '74-75': 0.0, '76-77': 0.0, '78-79': 0.5, '80-81': 0.0, '82-83': 70.0, '84-85': 100.0, '86-87': 90.0, '88-89': 100.0, '90-91': 80.0, '92-93': 100.0, '94-95': 80.0, '96-97': 100.0, '98-99': 100.0, 'old': 71.05, 'new': 0.0}
2026-01-07 22:26:53,171 [trainer.py] => CNN top1 curve: [94.92, 91.79, 88.91, 86.23, 83.68, 81.27, 78.96, 76.8, 74.8, 72.91, 71.12, 69.32]
2026-01-07 22:26:53,171 [trainer.py] => Average Accuracy (CNN): 80.89
2026-01-07 22:26:53,174 [trainer.py] => All params: 101082305
2026-01-07 22:26:53,178 [trainer.py] => Trainable params: 230460
2026-01-07 22:26:53,178 [inflora.py] => Learning on 82-84

  0%|          | 0/10 [00:00<?, ?it/s]
Task 12, Epoch 1/10 => Loss 4.674, Train_accy 0.00:   0%|          | 0/10 [00:01<?, ?it/s]
Task 12, Epoch 1/10 => Loss 4.674, Train_accy 0.00:  10%|█         | 1/10 [00:01<00:10,  1.17s/it]
Task 12, Epoch 2/10 => Loss 4.595, Train_accy 10.00:  10%|█         | 1/10 [00:02<00:10,  1.17s/it]
Task 12, Epoch 2/10 => Loss 4.595, Train_accy 10.00:  20%|██        | 2/10 [00:02<00:09,  1.20s/it]
Task 12, Epoch 3/10 => Loss 4.428, Train_accy 0.00:  20%|██        | 2/10 [00:03<00:09,  1.20s/it] 
Task 12, Epoch 3/10 => Loss 4.428, Train_accy 0.00:  30%|███       | 3/10 [00:03<00:08,  1.18s/it]
Task 12, Epoch 4/10 => Loss 4.441, Train_accy 10.00:  30%|███       | 3/10 [00:04<00:08,  1.18s/it]
Task 12, Epoch 4/10 => Loss 4.441, Train_accy 10.00:  40%|████      | 4/10 [00:04<00:07,  1.21s/it]
Task 12, Epoch 5/10 => Loss 4.239, Train_accy 10.00:  40%|████      | 4/10 [00:05<00:07,  1.21s/it]
Task 12, Epoch 5/10 => Loss 4.239, Train_accy 10.00:  50%|█████     | 5/10 [00:05<00:05,  1.17s/it]
Task 12, Epoch 6/10 => Loss 3.698, Train_accy 0.00:  50%|█████     | 5/10 [00:07<00:05,  1.17s/it] 
Task 12, Epoch 6/10 => Loss 3.698, Train_accy 0.00:  60%|██████    | 6/10 [00:07<00:05,  1.30s/it]
Task 12, Epoch 7/10 => Loss 3.757, Train_accy 10.00:  60%|██████    | 6/10 [00:08<00:05,  1.30s/it]
Task 12, Epoch 7/10 => Loss 3.757, Train_accy 10.00:  70%|███████   | 7/10 [00:08<00:03,  1.33s/it]
Task 12, Epoch 8/10 => Loss 3.313, Train_accy 20.00:  70%|███████   | 7/10 [00:10<00:03,  1.33s/it]
Task 12, Epoch 8/10 => Loss 3.313, Train_accy 20.00:  80%|████████  | 8/10 [00:10<00:02,  1.47s/it]
Task 12, Epoch 9/10 => Loss 2.994, Train_accy 20.00:  80%|████████  | 8/10 [00:11<00:02,  1.47s/it]
Task 12, Epoch 9/10 => Loss 2.994, Train_accy 20.00:  90%|█████████ | 9/10 [00:11<00:01,  1.34s/it]
Task 12, Epoch 10/10 => Loss 3.177, Train_accy 20.00:  90%|█████████ | 9/10 [00:12<00:01,  1.34s/it]
Task 12, Epoch 10/10 => Loss 3.177, Train_accy 20.00: 100%|██████████| 10/10 [00:12<00:00,  1.30s/it]
Task 12, Epoch 10/10 => Loss 3.177, Train_accy 20.00: 100%|██████████| 10/10 [00:12<00:00,  1.29s/it]
2026-01-07 22:49:38,775 [inflora.py] => Task 12, Epoch 10/10 => Loss 3.177, Train_accy 20.00
Threshold:  0.9785714285714285
Skip Updating DualGPM for layer: 1
Skip Updating DualGPM for layer: 2
Layer 1 - Projection Matrix shape: torch.Size([768, 768])
Layer 2 - Projection Matrix shape: torch.Size([768, 768])
Layer 3 - Projection Matrix shape: torch.Size([768, 768])
Layer 4 - Projection Matrix shape: torch.Size([768, 768])
Layer 5 - Projection Matrix shape: torch.Size([768, 768])
Layer 6 - Projection Matrix shape: torch.Size([768, 768])
Layer 7 - Projection Matrix shape: torch.Size([768, 768])
Layer 8 - Projection Matrix shape: torch.Size([768, 768])
Layer 9 - Projection Matrix shape: torch.Size([768, 768])
Layer 10 - Projection Matrix shape: torch.Size([768, 768])
Layer 11 - Projection Matrix shape: torch.Size([768, 768])
Layer 12 - Projection Matrix shape: torch.Size([768, 768])
2026-01-07 22:50:58,634 [inflora.py] => Exemplar size: 0
2026-01-07 22:50:58,634 [trainer.py] => CNN: {'total': 67.68, '00-59': 94.75, '60-61': 0.0, '62-63': 0.0, '64-65': 0.0, '66-67': 0.0, '68-69': 0.0, '70-71': 0.0, '72-73': 0.0, '74-75': 0.0, '76-77': 0.0, '78-79': 0.0, '80-81': 0.0, '82-83': 0.0, '84-85': 90.0, '86-87': 90.0, '88-89': 90.0, '90-91': 100.0, '92-93': 90.0, '94-95': 80.0, '96-97': 100.0, '98-99': 100.0, 'old': 69.33, 'new': 0.0}
2026-01-07 22:50:58,634 [trainer.py] => CNN top1 curve: [94.92, 91.79, 88.91, 86.23, 83.68, 81.27, 78.96, 76.8, 74.8, 72.91, 71.12, 69.32, 67.68]
2026-01-07 22:50:58,634 [trainer.py] => Average Accuracy (CNN): 79.88
2026-01-07 22:50:58,638 [trainer.py] => All params: 101082305
2026-01-07 22:50:58,641 [trainer.py] => Trainable params: 230460
2026-01-07 22:50:58,641 [inflora.py] => Learning on 84-86

  0%|          | 0/10 [00:00<?, ?it/s]
Task 13, Epoch 1/10 => Loss 7.332, Train_accy 0.00:   0%|          | 0/10 [00:01<?, ?it/s]
Task 13, Epoch 1/10 => Loss 7.332, Train_accy 0.00:  10%|█         | 1/10 [00:01<00:12,  1.44s/it]
Task 13, Epoch 2/10 => Loss 7.639, Train_accy 0.00:  10%|█         | 1/10 [00:02<00:12,  1.44s/it]
Task 13, Epoch 2/10 => Loss 7.639, Train_accy 0.00:  20%|██        | 2/10 [00:02<00:10,  1.32s/it]
Task 13, Epoch 3/10 => Loss 6.466, Train_accy 0.00:  20%|██        | 2/10 [00:04<00:10,  1.32s/it]
Task 13, Epoch 3/10 => Loss 6.466, Train_accy 0.00:  30%|███       | 3/10 [00:04<00:10,  1.46s/it]
Task 13, Epoch 4/10 => Loss 6.401, Train_accy 0.00:  30%|███       | 3/10 [00:05<00:10,  1.46s/it]
Task 13, Epoch 4/10 => Loss 6.401, Train_accy 0.00:  40%|████      | 4/10 [00:05<00:08,  1.41s/it]
Task 13, Epoch 5/10 => Loss 5.997, Train_accy 0.00:  40%|████      | 4/10 [00:06<00:08,  1.41s/it]
Task 13, Epoch 5/10 => Loss 5.997, Train_accy 0.00:  50%|█████     | 5/10 [00:06<00:06,  1.38s/it]
Task 13, Epoch 6/10 => Loss 5.466, Train_accy 0.00:  50%|█████     | 5/10 [00:08<00:06,  1.38s/it]
Task 13, Epoch 6/10 => Loss 5.466, Train_accy 0.00:  60%|██████    | 6/10 [00:08<00:05,  1.44s/it]
Task 13, Epoch 7/10 => Loss 5.140, Train_accy 0.00:  60%|██████    | 6/10 [00:09<00:05,  1.44s/it]
Task 13, Epoch 7/10 => Loss 5.140, Train_accy 0.00:  70%|███████   | 7/10 [00:09<00:03,  1.31s/it]
Task 13, Epoch 8/10 => Loss 4.948, Train_accy 0.00:  70%|███████   | 7/10 [00:10<00:03,  1.31s/it]
Task 13, Epoch 8/10 => Loss 4.948, Train_accy 0.00:  80%|████████  | 8/10 [00:10<00:02,  1.29s/it]
Task 13, Epoch 9/10 => Loss 4.897, Train_accy 0.00:  80%|████████  | 8/10 [00:11<00:02,  1.29s/it]
Task 13, Epoch 9/10 => Loss 4.897, Train_accy 0.00:  90%|█████████ | 9/10 [00:11<00:01,  1.25s/it]
Task 13, Epoch 10/10 => Loss 4.789, Train_accy 0.00:  90%|█████████ | 9/10 [00:13<00:01,  1.25s/it]
Task 13, Epoch 10/10 => Loss 4.789, Train_accy 0.00: 100%|██████████| 10/10 [00:13<00:00,  1.31s/it]
Task 13, Epoch 10/10 => Loss 4.789, Train_accy 0.00: 100%|██████████| 10/10 [00:13<00:00,  1.34s/it]
2026-01-07 23:13:33,184 [inflora.py] => Task 13, Epoch 10/10 => Loss 4.789, Train_accy 0.00
Threshold:  0.9809523809523809
Skip Updating DualGPM for layer: 1
Skip Updating DualGPM for layer: 2
Layer 1 - Projection Matrix shape: torch.Size([768, 768])
Layer 2 - Projection Matrix shape: torch.Size([768, 768])
Layer 3 - Projection Matrix shape: torch.Size([768, 768])
Layer 4 - Projection Matrix shape: torch.Size([768, 768])
Layer 5 - Projection Matrix shape: torch.Size([768, 768])
Layer 6 - Projection Matrix shape: torch.Size([768, 768])
Layer 7 - Projection Matrix shape: torch.Size([768, 768])
Layer 8 - Projection Matrix shape: torch.Size([768, 768])
Layer 9 - Projection Matrix shape: torch.Size([768, 768])
Layer 10 - Projection Matrix shape: torch.Size([768, 768])
Layer 11 - Projection Matrix shape: torch.Size([768, 768])
Layer 12 - Projection Matrix shape: torch.Size([768, 768])
2026-01-07 23:15:24,899 [inflora.py] => Exemplar size: 0
2026-01-07 23:15:24,899 [trainer.py] => CNN: {'total': 66.07, '00-59': 94.7, '60-61': 0.0, '62-63': 0.0, '64-65': 0.0, '66-67': 0.0, '68-69': 0.0, '70-71': 0.0, '72-73': 0.0, '74-75': 0.0, '76-77': 0.0, '78-79': 0.0, '80-81': 0.0, '82-83': 0.0, '84-85': 0.0, '86-87': 100.0, '88-89': 100.0, '90-91': 90.0, '92-93': 100.0, '94-95': 80.0, '96-97': 90.0, '98-99': 100.0, 'old': 67.64, 'new': 0.0}
2026-01-07 23:15:24,899 [trainer.py] => CNN top1 curve: [94.92, 91.79, 88.91, 86.23, 83.68, 81.27, 78.96, 76.8, 74.8, 72.91, 71.12, 69.32, 67.68, 66.07]
2026-01-07 23:15:24,899 [trainer.py] => Average Accuracy (CNN): 78.89
2026-01-07 23:15:24,903 [trainer.py] => All params: 101082305
2026-01-07 23:15:24,906 [trainer.py] => Trainable params: 230460
2026-01-07 23:15:24,906 [inflora.py] => Learning on 86-88

  0%|          | 0/10 [00:00<?, ?it/s]
Task 14, Epoch 1/10 => Loss 6.253, Train_accy 0.00:   0%|          | 0/10 [00:03<?, ?it/s]
Task 14, Epoch 1/10 => Loss 6.253, Train_accy 0.00:  10%|█         | 1/10 [00:03<00:27,  3.08s/it]
Task 14, Epoch 2/10 => Loss 5.018, Train_accy 0.00:  10%|█         | 1/10 [00:04<00:27,  3.08s/it]
Task 14, Epoch 2/10 => Loss 5.018, Train_accy 0.00:  20%|██        | 2/10 [00:04<00:18,  2.35s/it]
Task 14, Epoch 3/10 => Loss 5.065, Train_accy 0.00:  20%|██        | 2/10 [00:06<00:18,  2.35s/it]
Task 14, Epoch 3/10 => Loss 5.065, Train_accy 0.00:  30%|███       | 3/10 [00:06<00:14,  2.09s/it]
Task 14, Epoch 4/10 => Loss 5.024, Train_accy 0.00:  30%|███       | 3/10 [00:08<00:14,  2.09s/it]
Task 14, Epoch 4/10 => Loss 5.024, Train_accy 0.00:  40%|████      | 4/10 [00:08<00:10,  1.82s/it]
Task 14, Epoch 5/10 => Loss 4.565, Train_accy 0.00:  40%|████      | 4/10 [00:09<00:10,  1.82s/it]
Task 14, Epoch 5/10 => Loss 4.565, Train_accy 0.00:  50%|█████     | 5/10 [00:09<00:08,  1.71s/it]
Task 14, Epoch 6/10 => Loss 4.246, Train_accy 0.00:  50%|█████     | 5/10 [00:11<00:08,  1.71s/it]
Task 14, Epoch 6/10 => Loss 4.246, Train_accy 0.00:  60%|██████    | 6/10 [00:11<00:06,  1.65s/it]
Task 14, Epoch 7/10 => Loss 3.704, Train_accy 0.00:  60%|██████    | 6/10 [00:12<00:06,  1.65s/it]
Task 14, Epoch 7/10 => Loss 3.704, Train_accy 0.00:  70%|███████   | 7/10 [00:12<00:04,  1.66s/it]
Task 14, Epoch 8/10 => Loss 3.714, Train_accy 0.00:  70%|███████   | 7/10 [00:14<00:04,  1.66s/it]
Task 14, Epoch 8/10 => Loss 3.714, Train_accy 0.00:  80%|████████  | 8/10 [00:14<00:03,  1.60s/it]
Task 14, Epoch 9/10 => Loss 3.388, Train_accy 0.00:  80%|████████  | 8/10 [00:15<00:03,  1.60s/it]
Task 14, Epoch 9/10 => Loss 3.388, Train_accy 0.00:  90%|█████████ | 9/10 [00:15<00:01,  1.57s/it]
Task 14, Epoch 10/10 => Loss 3.511, Train_accy 0.00:  90%|█████████ | 9/10 [00:17<00:01,  1.57s/it]
Task 14, Epoch 10/10 => Loss 3.511, Train_accy 0.00: 100%|██████████| 10/10 [00:17<00:00,  1.52s/it]
Task 14, Epoch 10/10 => Loss 3.511, Train_accy 0.00: 100%|██████████| 10/10 [00:17<00:00,  1.72s/it]
2026-01-07 23:39:08,688 [inflora.py] => Task 14, Epoch 10/10 => Loss 3.511, Train_accy 0.00
Threshold:  0.9833333333333333
Skip Updating DualGPM for layer: 1
Layer 1 - Projection Matrix shape: torch.Size([768, 768])
Layer 2 - Projection Matrix shape: torch.Size([768, 768])
Layer 3 - Projection Matrix shape: torch.Size([768, 768])
Layer 4 - Projection Matrix shape: torch.Size([768, 768])
Layer 5 - Projection Matrix shape: torch.Size([768, 768])
Layer 6 - Projection Matrix shape: torch.Size([768, 768])
Layer 7 - Projection Matrix shape: torch.Size([768, 768])
Layer 8 - Projection Matrix shape: torch.Size([768, 768])
Layer 9 - Projection Matrix shape: torch.Size([768, 768])
Layer 10 - Projection Matrix shape: torch.Size([768, 768])
Layer 11 - Projection Matrix shape: torch.Size([768, 768])
Layer 12 - Projection Matrix shape: torch.Size([768, 768])
2026-01-07 23:40:34,159 [inflora.py] => Exemplar size: 0
2026-01-07 23:40:34,159 [trainer.py] => CNN: {'total': 64.55, '00-59': 94.67, '60-61': 0.0, '62-63': 0.0, '64-65': 0.0, '66-67': 0.0, '68-69': 0.0, '70-71': 0.0, '72-73': 0.0, '74-75': 0.0, '76-77': 0.0, '78-79': 0.0, '80-81': 0.0, '82-83': 0.0, '84-85': 0.0, '86-87': 0.0, '88-89': 100.0, '90-91': 100.0, '92-93': 80.0, '94-95': 90.0, '96-97': 100.0, '98-99': 80.0, 'old': 66.05, 'new': 0.0}
2026-01-07 23:40:34,159 [trainer.py] => CNN top1 curve: [94.92, 91.79, 88.91, 86.23, 83.68, 81.27, 78.96, 76.8, 74.8, 72.91, 71.12, 69.32, 67.68, 66.07, 64.55]
2026-01-07 23:40:34,159 [trainer.py] => Average Accuracy (CNN): 77.93
2026-01-07 23:40:34,163 [trainer.py] => All params: 101082305
2026-01-07 23:40:34,166 [trainer.py] => Trainable params: 230460
2026-01-07 23:40:34,166 [inflora.py] => Learning on 88-90

  0%|          | 0/10 [00:00<?, ?it/s]
Task 15, Epoch 1/10 => Loss 5.734, Train_accy 0.00:   0%|          | 0/10 [00:02<?, ?it/s]
Task 15, Epoch 1/10 => Loss 5.734, Train_accy 0.00:  10%|█         | 1/10 [00:02<00:19,  2.22s/it]
Task 15, Epoch 2/10 => Loss 5.359, Train_accy 0.00:  10%|█         | 1/10 [00:03<00:19,  2.22s/it]
Task 15, Epoch 2/10 => Loss 5.359, Train_accy 0.00:  20%|██        | 2/10 [00:03<00:12,  1.62s/it]
Task 15, Epoch 3/10 => Loss 5.548, Train_accy 0.00:  20%|██        | 2/10 [00:04<00:12,  1.62s/it]
Task 15, Epoch 3/10 => Loss 5.548, Train_accy 0.00:  30%|███       | 3/10 [00:04<00:10,  1.52s/it]
Task 15, Epoch 4/10 => Loss 4.871, Train_accy 0.00:  30%|███       | 3/10 [00:06<00:10,  1.52s/it]
Task 15, Epoch 4/10 => Loss 4.871, Train_accy 0.00:  40%|████      | 4/10 [00:06<00:08,  1.46s/it]
Task 15, Epoch 5/10 => Loss 4.902, Train_accy 0.00:  40%|████      | 4/10 [00:07<00:08,  1.46s/it]
Task 15, Epoch 5/10 => Loss 4.902, Train_accy 0.00:  50%|█████     | 5/10 [00:07<00:07,  1.45s/it]
Task 15, Epoch 6/10 => Loss 4.485, Train_accy 0.00:  50%|█████     | 5/10 [00:09<00:07,  1.45s/it]
Task 15, Epoch 6/10 => Loss 4.485, Train_accy 0.00:  60%|██████    | 6/10 [00:09<00:05,  1.43s/it]
Task 15, Epoch 7/10 => Loss 4.042, Train_accy 0.00:  60%|██████    | 6/10 [00:10<00:05,  1.43s/it]
Task 15, Epoch 7/10 => Loss 4.042, Train_accy 0.00:  70%|███████   | 7/10 [00:10<00:04,  1.41s/it]
Task 15, Epoch 8/10 => Loss 4.559, Train_accy 0.00:  70%|███████   | 7/10 [00:11<00:04,  1.41s/it]
Task 15, Epoch 8/10 => Loss 4.559, Train_accy 0.00:  80%|████████  | 8/10 [00:11<00:02,  1.36s/it]
Task 15, Epoch 9/10 => Loss 3.819, Train_accy 0.00:  80%|████████  | 8/10 [00:12<00:02,  1.36s/it]
Task 15, Epoch 9/10 => Loss 3.819, Train_accy 0.00:  90%|█████████ | 9/10 [00:12<00:01,  1.30s/it]
Task 15, Epoch 10/10 => Loss 3.645, Train_accy 0.00:  90%|█████████ | 9/10 [00:14<00:01,  1.30s/it]
Task 15, Epoch 10/10 => Loss 3.645, Train_accy 0.00: 100%|██████████| 10/10 [00:14<00:00,  1.28s/it]
Task 15, Epoch 10/10 => Loss 3.645, Train_accy 0.00: 100%|██████████| 10/10 [00:14<00:00,  1.40s/it]
2026-01-08 00:04:58,120 [inflora.py] => Task 15, Epoch 10/10 => Loss 3.645, Train_accy 0.00
Threshold:  0.9857142857142857
Layer 1 - Projection Matrix shape: torch.Size([768, 768])
Layer 2 - Projection Matrix shape: torch.Size([768, 768])
Layer 3 - Projection Matrix shape: torch.Size([768, 768])
Layer 4 - Projection Matrix shape: torch.Size([768, 768])
Layer 5 - Projection Matrix shape: torch.Size([768, 768])
Layer 6 - Projection Matrix shape: torch.Size([768, 768])
Layer 7 - Projection Matrix shape: torch.Size([768, 768])
Layer 8 - Projection Matrix shape: torch.Size([768, 768])
Layer 9 - Projection Matrix shape: torch.Size([768, 768])
Layer 10 - Projection Matrix shape: torch.Size([768, 768])
Layer 11 - Projection Matrix shape: torch.Size([768, 768])
Layer 12 - Projection Matrix shape: torch.Size([768, 768])
2026-01-08 00:06:38,806 [inflora.py] => Exemplar size: 0
2026-01-08 00:06:38,807 [trainer.py] => CNN: {'total': 63.11, '00-59': 94.65, '60-61': 0.0, '62-63': 0.0, '64-65': 0.0, '66-67': 0.0, '68-69': 0.0, '70-71': 0.0, '72-73': 0.0, '74-75': 0.0, '76-77': 0.0, '78-79': 0.5, '80-81': 0.0, '82-83': 0.0, '84-85': 0.0, '86-87': 0.0, '88-89': 0.0, '90-91': 90.0, '92-93': 100.0, '94-95': 90.0, '96-97': 100.0, '98-99': 90.0, 'old': 64.55, 'new': 0.0}
2026-01-08 00:06:38,807 [trainer.py] => CNN top1 curve: [94.92, 91.79, 88.91, 86.23, 83.68, 81.27, 78.96, 76.8, 74.8, 72.91, 71.12, 69.32, 67.68, 66.07, 64.55, 63.11]
2026-01-08 00:06:38,807 [trainer.py] => Average Accuracy (CNN): 77.01
2026-01-08 00:06:38,811 [trainer.py] => All params: 101082305
2026-01-08 00:06:38,814 [trainer.py] => Trainable params: 230460
2026-01-08 00:06:38,814 [inflora.py] => Learning on 90-92

  0%|          | 0/10 [00:00<?, ?it/s]
Task 16, Epoch 1/10 => Loss 5.645, Train_accy 0.00:   0%|          | 0/10 [00:02<?, ?it/s]
Task 16, Epoch 1/10 => Loss 5.645, Train_accy 0.00:  10%|█         | 1/10 [00:02<00:23,  2.64s/it]
Task 16, Epoch 2/10 => Loss 5.328, Train_accy 10.00:  10%|█         | 1/10 [00:04<00:23,  2.64s/it]
Task 16, Epoch 2/10 => Loss 5.328, Train_accy 10.00:  20%|██        | 2/10 [00:04<00:17,  2.17s/it]
Task 16, Epoch 3/10 => Loss 5.048, Train_accy 0.00:  20%|██        | 2/10 [00:06<00:17,  2.17s/it] 
Task 16, Epoch 3/10 => Loss 5.048, Train_accy 0.00:  30%|███       | 3/10 [00:06<00:13,  1.89s/it]
Task 16, Epoch 4/10 => Loss 5.337, Train_accy 0.00:  30%|███       | 3/10 [00:07<00:13,  1.89s/it]
Task 16, Epoch 4/10 => Loss 5.337, Train_accy 0.00:  40%|████      | 4/10 [00:07<00:10,  1.70s/it]
Task 16, Epoch 5/10 => Loss 4.534, Train_accy 0.00:  40%|████      | 4/10 [00:08<00:10,  1.70s/it]
Task 16, Epoch 5/10 => Loss 4.534, Train_accy 0.00:  50%|█████     | 5/10 [00:08<00:08,  1.61s/it]
Task 16, Epoch 6/10 => Loss 4.175, Train_accy 0.00:  50%|█████     | 5/10 [00:10<00:08,  1.61s/it]
Task 16, Epoch 6/10 => Loss 4.175, Train_accy 0.00:  60%|██████    | 6/10 [00:10<00:06,  1.64s/it]
Task 16, Epoch 7/10 => Loss 3.917, Train_accy 0.00:  60%|██████    | 6/10 [00:11<00:06,  1.64s/it]
Task 16, Epoch 7/10 => Loss 3.917, Train_accy 0.00:  70%|███████   | 7/10 [00:11<00:04,  1.52s/it]
Task 16, Epoch 8/10 => Loss 3.680, Train_accy 0.00:  70%|███████   | 7/10 [00:13<00:04,  1.52s/it]
Task 16, Epoch 8/10 => Loss 3.680, Train_accy 0.00:  80%|████████  | 8/10 [00:13<00:03,  1.56s/it]
Task 16, Epoch 9/10 => Loss 4.145, Train_accy 0.00:  80%|████████  | 8/10 [00:14<00:03,  1.56s/it]
Task 16, Epoch 9/10 => Loss 4.145, Train_accy 0.00:  90%|█████████ | 9/10 [00:14<00:01,  1.50s/it]
Task 16, Epoch 10/10 => Loss 3.427, Train_accy 0.00:  90%|█████████ | 9/10 [00:16<00:01,  1.50s/it]
Task 16, Epoch 10/10 => Loss 3.427, Train_accy 0.00: 100%|██████████| 10/10 [00:16<00:00,  1.46s/it]
Task 16, Epoch 10/10 => Loss 3.427, Train_accy 0.00: 100%|██████████| 10/10 [00:16<00:00,  1.62s/it]
2026-01-08 00:30:43,576 [inflora.py] => Task 16, Epoch 10/10 => Loss 3.427, Train_accy 0.00
Threshold:  0.9880952380952381
Skip Updating DualGPM for layer: 1
Skip Updating DualGPM for layer: 2
Layer 1 - Projection Matrix shape: torch.Size([768, 768])
Layer 2 - Projection Matrix shape: torch.Size([768, 768])
Layer 3 - Projection Matrix shape: torch.Size([768, 768])
Layer 4 - Projection Matrix shape: torch.Size([768, 768])
Layer 5 - Projection Matrix shape: torch.Size([768, 768])
Layer 6 - Projection Matrix shape: torch.Size([768, 768])
Layer 7 - Projection Matrix shape: torch.Size([768, 768])
Layer 8 - Projection Matrix shape: torch.Size([768, 768])
Layer 9 - Projection Matrix shape: torch.Size([768, 768])
Layer 10 - Projection Matrix shape: torch.Size([768, 768])
Layer 11 - Projection Matrix shape: torch.Size([768, 768])
Layer 12 - Projection Matrix shape: torch.Size([768, 768])
2026-01-08 00:32:18,923 [inflora.py] => Exemplar size: 0
2026-01-08 00:32:18,924 [trainer.py] => CNN: {'total': 61.74, '00-59': 94.65, '60-61': 0.0, '62-63': 0.0, '64-65': 0.0, '66-67': 0.0, '68-69': 0.0, '70-71': 0.0, '72-73': 0.0, '74-75': 0.0, '76-77': 0.0, '78-79': 0.5, '80-81': 0.0, '82-83': 0.0, '84-85': 0.0, '86-87': 0.0, '88-89': 0.0, '90-91': 0.0, '92-93': 60.0, '94-95': 100.0, '96-97': 100.0, '98-99': 100.0, 'old': 63.11, 'new': 0.0}
2026-01-08 00:32:18,924 [trainer.py] => CNN top1 curve: [94.92, 91.79, 88.91, 86.23, 83.68, 81.27, 78.96, 76.8, 74.8, 72.91, 71.12, 69.32, 67.68, 66.07, 64.55, 63.11, 61.74]
2026-01-08 00:32:18,924 [trainer.py] => Average Accuracy (CNN): 76.11
2026-01-08 00:32:18,927 [trainer.py] => All params: 101082305
2026-01-08 00:32:18,930 [trainer.py] => Trainable params: 230460
2026-01-08 00:32:18,930 [inflora.py] => Learning on 92-94

  0%|          | 0/10 [00:00<?, ?it/s]
Task 17, Epoch 1/10 => Loss 5.054, Train_accy 0.00:   0%|          | 0/10 [00:02<?, ?it/s]
Task 17, Epoch 1/10 => Loss 5.054, Train_accy 0.00:  10%|█         | 1/10 [00:02<00:21,  2.42s/it]
Task 17, Epoch 2/10 => Loss 4.914, Train_accy 0.00:  10%|█         | 1/10 [00:04<00:21,  2.42s/it]
Task 17, Epoch 2/10 => Loss 4.914, Train_accy 0.00:  20%|██        | 2/10 [00:04<00:15,  1.94s/it]
Task 17, Epoch 3/10 => Loss 3.862, Train_accy 0.00:  20%|██        | 2/10 [00:05<00:15,  1.94s/it]
Task 17, Epoch 3/10 => Loss 3.862, Train_accy 0.00:  30%|███       | 3/10 [00:05<00:11,  1.68s/it]
Task 17, Epoch 4/10 => Loss 3.672, Train_accy 0.00:  30%|███       | 3/10 [00:06<00:11,  1.68s/it]
Task 17, Epoch 4/10 => Loss 3.672, Train_accy 0.00:  40%|████      | 4/10 [00:06<00:09,  1.63s/it]
Task 17, Epoch 5/10 => Loss 3.579, Train_accy 0.00:  40%|████      | 4/10 [00:08<00:09,  1.63s/it]
Task 17, Epoch 5/10 => Loss 3.579, Train_accy 0.00:  50%|█████     | 5/10 [00:08<00:07,  1.46s/it]
Task 17, Epoch 6/10 => Loss 3.542, Train_accy 0.00:  50%|█████     | 5/10 [00:09<00:07,  1.46s/it]
Task 17, Epoch 6/10 => Loss 3.542, Train_accy 0.00:  60%|██████    | 6/10 [00:09<00:05,  1.46s/it]
Task 17, Epoch 7/10 => Loss 2.891, Train_accy 0.00:  60%|██████    | 6/10 [00:10<00:05,  1.46s/it]
Task 17, Epoch 7/10 => Loss 2.891, Train_accy 0.00:  70%|███████   | 7/10 [00:10<00:04,  1.45s/it]
Task 17, Epoch 8/10 => Loss 3.024, Train_accy 10.00:  70%|███████   | 7/10 [00:12<00:04,  1.45s/it]
Task 17, Epoch 8/10 => Loss 3.024, Train_accy 10.00:  80%|████████  | 8/10 [00:12<00:03,  1.51s/it]
Task 17, Epoch 9/10 => Loss 2.719, Train_accy 20.00:  80%|████████  | 8/10 [00:13<00:03,  1.51s/it]
Task 17, Epoch 9/10 => Loss 2.719, Train_accy 20.00:  90%|█████████ | 9/10 [00:13<00:01,  1.46s/it]
Task 17, Epoch 10/10 => Loss 2.676, Train_accy 10.00:  90%|█████████ | 9/10 [00:15<00:01,  1.46s/it]
Task 17, Epoch 10/10 => Loss 2.676, Train_accy 10.00: 100%|██████████| 10/10 [00:15<00:00,  1.37s/it]
Task 17, Epoch 10/10 => Loss 2.676, Train_accy 10.00: 100%|██████████| 10/10 [00:15<00:00,  1.51s/it]
2026-01-08 00:57:08,102 [inflora.py] => Task 17, Epoch 10/10 => Loss 2.676, Train_accy 10.00
Threshold:  0.9904761904761905
Layer 1 - Projection Matrix shape: torch.Size([768, 768])
Layer 2 - Projection Matrix shape: torch.Size([768, 768])
Layer 3 - Projection Matrix shape: torch.Size([768, 768])
Layer 4 - Projection Matrix shape: torch.Size([768, 768])
Layer 5 - Projection Matrix shape: torch.Size([768, 768])
Layer 6 - Projection Matrix shape: torch.Size([768, 768])
Layer 7 - Projection Matrix shape: torch.Size([768, 768])
Layer 8 - Projection Matrix shape: torch.Size([768, 768])
Layer 9 - Projection Matrix shape: torch.Size([768, 768])
Layer 10 - Projection Matrix shape: torch.Size([768, 768])
Layer 11 - Projection Matrix shape: torch.Size([768, 768])
Layer 12 - Projection Matrix shape: torch.Size([768, 768])
2026-01-08 00:58:52,764 [inflora.py] => Exemplar size: 0
2026-01-08 00:58:52,765 [trainer.py] => CNN: {'total': 60.39, '00-59': 94.6, '60-61': 0.0, '62-63': 0.0, '64-65': 0.0, '66-67': 0.0, '68-69': 0.0, '70-71': 0.0, '72-73': 0.0, '74-75': 0.0, '76-77': 0.0, '78-79': 0.5, '80-81': 0.0, '82-83': 0.0, '84-85': 0.0, '86-87': 0.0, '88-89': 0.0, '90-91': 0.0, '92-93': 0.0, '94-95': 90.0, '96-97': 100.0, '98-99': 90.0, 'old': 61.71, 'new': 0.0}
2026-01-08 00:58:52,765 [trainer.py] => CNN top1 curve: [94.92, 91.79, 88.91, 86.23, 83.68, 81.27, 78.96, 76.8, 74.8, 72.91, 71.12, 69.32, 67.68, 66.07, 64.55, 63.11, 61.74, 60.39]
2026-01-08 00:58:52,765 [trainer.py] => Average Accuracy (CNN): 75.24
2026-01-08 00:58:52,768 [trainer.py] => All params: 101082305
2026-01-08 00:58:52,776 [trainer.py] => Trainable params: 230460
2026-01-08 00:58:52,777 [inflora.py] => Learning on 94-96

  0%|          | 0/10 [00:00<?, ?it/s]
Task 18, Epoch 1/10 => Loss 5.364, Train_accy 0.00:   0%|          | 0/10 [00:01<?, ?it/s]
Task 18, Epoch 1/10 => Loss 5.364, Train_accy 0.00:  10%|█         | 1/10 [00:01<00:16,  1.83s/it]
Task 18, Epoch 2/10 => Loss 5.206, Train_accy 0.00:  10%|█         | 1/10 [00:02<00:16,  1.83s/it]
Task 18, Epoch 2/10 => Loss 5.206, Train_accy 0.00:  20%|██        | 2/10 [00:02<00:11,  1.41s/it]
Task 18, Epoch 3/10 => Loss 4.710, Train_accy 0.00:  20%|██        | 2/10 [00:04<00:11,  1.41s/it]
Task 18, Epoch 3/10 => Loss 4.710, Train_accy 0.00:  30%|███       | 3/10 [00:04<00:09,  1.31s/it]
Task 18, Epoch 4/10 => Loss 4.619, Train_accy 10.00:  30%|███       | 3/10 [00:05<00:09,  1.31s/it]
Task 18, Epoch 4/10 => Loss 4.619, Train_accy 10.00:  40%|████      | 4/10 [00:05<00:07,  1.20s/it]
Task 18, Epoch 5/10 => Loss 4.097, Train_accy 20.00:  40%|████      | 4/10 [00:06<00:07,  1.20s/it]
Task 18, Epoch 5/10 => Loss 4.097, Train_accy 20.00:  50%|█████     | 5/10 [00:06<00:05,  1.18s/it]
Task 18, Epoch 6/10 => Loss 3.950, Train_accy 40.00:  50%|█████     | 5/10 [00:07<00:05,  1.18s/it]
Task 18, Epoch 6/10 => Loss 3.950, Train_accy 40.00:  60%|██████    | 6/10 [00:07<00:04,  1.20s/it]
Task 18, Epoch 7/10 => Loss 4.120, Train_accy 10.00:  60%|██████    | 6/10 [00:08<00:04,  1.20s/it]
Task 18, Epoch 7/10 => Loss 4.120, Train_accy 10.00:  70%|███████   | 7/10 [00:08<00:03,  1.15s/it]
Task 18, Epoch 8/10 => Loss 4.034, Train_accy 10.00:  70%|███████   | 7/10 [00:09<00:03,  1.15s/it]
Task 18, Epoch 8/10 => Loss 4.034, Train_accy 10.00:  80%|████████  | 8/10 [00:09<00:02,  1.16s/it]
Task 18, Epoch 9/10 => Loss 3.927, Train_accy 20.00:  80%|████████  | 8/10 [00:10<00:02,  1.16s/it]
Task 18, Epoch 9/10 => Loss 3.927, Train_accy 20.00:  90%|█████████ | 9/10 [00:10<00:01,  1.15s/it]
Task 18, Epoch 10/10 => Loss 3.489, Train_accy 20.00:  90%|█████████ | 9/10 [00:11<00:01,  1.15s/it]
Task 18, Epoch 10/10 => Loss 3.489, Train_accy 20.00: 100%|██████████| 10/10 [00:11<00:00,  1.11s/it]
Task 18, Epoch 10/10 => Loss 3.489, Train_accy 20.00: 100%|██████████| 10/10 [00:11<00:00,  1.19s/it]
2026-01-08 01:20:56,170 [inflora.py] => Task 18, Epoch 10/10 => Loss 3.489, Train_accy 20.00
Threshold:  0.9928571428571429
Skip Updating DualGPM for layer: 1
Skip Updating DualGPM for layer: 2
Layer 1 - Projection Matrix shape: torch.Size([768, 768])
Layer 2 - Projection Matrix shape: torch.Size([768, 768])
Layer 3 - Projection Matrix shape: torch.Size([768, 768])
Layer 4 - Projection Matrix shape: torch.Size([768, 768])
Layer 5 - Projection Matrix shape: torch.Size([768, 768])
Layer 6 - Projection Matrix shape: torch.Size([768, 768])
Layer 7 - Projection Matrix shape: torch.Size([768, 768])
Layer 8 - Projection Matrix shape: torch.Size([768, 768])
Layer 9 - Projection Matrix shape: torch.Size([768, 768])
Layer 10 - Projection Matrix shape: torch.Size([768, 768])
Layer 11 - Projection Matrix shape: torch.Size([768, 768])
Layer 12 - Projection Matrix shape: torch.Size([768, 768])
2026-01-08 01:23:46,925 [inflora.py] => Exemplar size: 0
2026-01-08 01:23:46,925 [trainer.py] => CNN: {'total': 59.11, '00-59': 94.58, '60-61': 0.0, '62-63': 0.0, '64-65': 0.0, '66-67': 0.0, '68-69': 0.0, '70-71': 0.0, '72-73': 0.0, '74-75': 0.0, '76-77': 0.0, '78-79': 0.0, '80-81': 0.0, '82-83': 0.0, '84-85': 0.0, '86-87': 0.0, '88-89': 0.0, '90-91': 0.0, '92-93': 0.0, '94-95': 0.0, '96-97': 100.0, '98-99': 80.0, 'old': 60.37, 'new': 0.0}
2026-01-08 01:23:46,925 [trainer.py] => CNN top1 curve: [94.92, 91.79, 88.91, 86.23, 83.68, 81.27, 78.96, 76.8, 74.8, 72.91, 71.12, 69.32, 67.68, 66.07, 64.55, 63.11, 61.74, 60.39, 59.11]
2026-01-08 01:23:46,925 [trainer.py] => Average Accuracy (CNN): 74.39
2026-01-08 01:23:46,929 [trainer.py] => All params: 101082305
2026-01-08 01:23:46,932 [trainer.py] => Trainable params: 230460
2026-01-08 01:23:46,932 [inflora.py] => Learning on 96-98

  0%|          | 0/10 [00:00<?, ?it/s]
Task 19, Epoch 1/10 => Loss 4.808, Train_accy 0.00:   0%|          | 0/10 [00:02<?, ?it/s]
Task 19, Epoch 1/10 => Loss 4.808, Train_accy 0.00:  10%|█         | 1/10 [00:02<00:20,  2.25s/it]
Task 19, Epoch 2/10 => Loss 4.279, Train_accy 0.00:  10%|█         | 1/10 [00:03<00:20,  2.25s/it]
Task 19, Epoch 2/10 => Loss 4.279, Train_accy 0.00:  20%|██        | 2/10 [00:03<00:13,  1.71s/it]
Task 19, Epoch 3/10 => Loss 4.002, Train_accy 0.00:  20%|██        | 2/10 [00:05<00:13,  1.71s/it]
Task 19, Epoch 3/10 => Loss 4.002, Train_accy 0.00:  30%|███       | 3/10 [00:05<00:12,  1.74s/it]
Task 19, Epoch 4/10 => Loss 3.402, Train_accy 20.00:  30%|███       | 3/10 [00:06<00:12,  1.74s/it]
Task 19, Epoch 4/10 => Loss 3.402, Train_accy 20.00:  40%|████      | 4/10 [00:06<00:09,  1.55s/it]
Task 19, Epoch 5/10 => Loss 3.625, Train_accy 0.00:  40%|████      | 4/10 [00:08<00:09,  1.55s/it] 
Task 19, Epoch 5/10 => Loss 3.625, Train_accy 0.00:  50%|█████     | 5/10 [00:08<00:07,  1.51s/it]
Task 19, Epoch 6/10 => Loss 3.251, Train_accy 0.00:  50%|█████     | 5/10 [00:09<00:07,  1.51s/it]
Task 19, Epoch 6/10 => Loss 3.251, Train_accy 0.00:  60%|██████    | 6/10 [00:09<00:05,  1.43s/it]
Task 19, Epoch 7/10 => Loss 3.075, Train_accy 10.00:  60%|██████    | 6/10 [00:10<00:05,  1.43s/it]
Task 19, Epoch 7/10 => Loss 3.075, Train_accy 10.00:  70%|███████   | 7/10 [00:10<00:04,  1.38s/it]
Task 19, Epoch 8/10 => Loss 2.561, Train_accy 20.00:  70%|███████   | 7/10 [00:12<00:04,  1.38s/it]
Task 19, Epoch 8/10 => Loss 2.561, Train_accy 20.00:  80%|████████  | 8/10 [00:12<00:02,  1.41s/it]
Task 19, Epoch 9/10 => Loss 2.883, Train_accy 30.00:  80%|████████  | 8/10 [00:13<00:02,  1.41s/it]
Task 19, Epoch 9/10 => Loss 2.883, Train_accy 30.00:  90%|█████████ | 9/10 [00:13<00:01,  1.30s/it]
Task 19, Epoch 10/10 => Loss 2.663, Train_accy 20.00:  90%|█████████ | 9/10 [00:14<00:01,  1.30s/it]
Task 19, Epoch 10/10 => Loss 2.663, Train_accy 20.00: 100%|██████████| 10/10 [00:14<00:00,  1.31s/it]
Task 19, Epoch 10/10 => Loss 2.663, Train_accy 20.00: 100%|██████████| 10/10 [00:14<00:00,  1.45s/it]
2026-01-08 01:48:26,557 [inflora.py] => Task 19, Epoch 10/10 => Loss 2.663, Train_accy 20.00
Threshold:  0.9952380952380953
Layer 1 - Projection Matrix shape: torch.Size([768, 768])
Layer 2 - Projection Matrix shape: torch.Size([768, 768])
Layer 3 - Projection Matrix shape: torch.Size([768, 768])
Layer 4 - Projection Matrix shape: torch.Size([768, 768])
Layer 5 - Projection Matrix shape: torch.Size([768, 768])
Layer 6 - Projection Matrix shape: torch.Size([768, 768])
Layer 7 - Projection Matrix shape: torch.Size([768, 768])
Layer 8 - Projection Matrix shape: torch.Size([768, 768])
Layer 9 - Projection Matrix shape: torch.Size([768, 768])
Layer 10 - Projection Matrix shape: torch.Size([768, 768])
Layer 11 - Projection Matrix shape: torch.Size([768, 768])
Layer 12 - Projection Matrix shape: torch.Size([768, 768])
2026-01-08 01:50:15,543 [inflora.py] => Exemplar size: 0
2026-01-08 01:50:15,544 [trainer.py] => CNN: {'total': 57.88, '00-59': 94.53, '60-61': 0.0, '62-63': 0.0, '64-65': 0.0, '66-67': 0.0, '68-69': 0.0, '70-71': 0.0, '72-73': 0.0, '74-75': 0.0, '76-77': 0.0, '78-79': 0.0, '80-81': 0.0, '82-83': 0.0, '84-85': 0.0, '86-87': 0.0, '88-89': 0.0, '90-91': 0.0, '92-93': 0.0, '94-95': 0.0, '96-97': 0.0, '98-99': 80.0, 'old': 59.08, 'new': 0.0}
2026-01-08 01:50:15,544 [trainer.py] => CNN top1 curve: [94.92, 91.79, 88.91, 86.23, 83.68, 81.27, 78.96, 76.8, 74.8, 72.91, 71.12, 69.32, 67.68, 66.07, 64.55, 63.11, 61.74, 60.39, 59.11, 57.88]
2026-01-08 01:50:15,544 [trainer.py] => Average Accuracy (CNN): 73.56
2026-01-08 01:50:15,548 [trainer.py] => All params: 101082305
2026-01-08 01:50:15,556 [trainer.py] => Trainable params: 230460
2026-01-08 01:50:15,556 [inflora.py] => Learning on 98-100

  0%|          | 0/10 [00:00<?, ?it/s]
Task 20, Epoch 1/10 => Loss 5.026, Train_accy 0.00:   0%|          | 0/10 [00:03<?, ?it/s]
Task 20, Epoch 1/10 => Loss 5.026, Train_accy 0.00:  10%|█         | 1/10 [00:03<00:30,  3.39s/it]
Task 20, Epoch 2/10 => Loss 5.033, Train_accy 0.00:  10%|█         | 1/10 [00:04<00:30,  3.39s/it]
Task 20, Epoch 2/10 => Loss 5.033, Train_accy 0.00:  20%|██        | 2/10 [00:04<00:18,  2.25s/it]
Task 20, Epoch 3/10 => Loss 5.119, Train_accy 10.00:  20%|██        | 2/10 [00:06<00:18,  2.25s/it]
Task 20, Epoch 3/10 => Loss 5.119, Train_accy 10.00:  30%|███       | 3/10 [00:06<00:12,  1.85s/it]
Task 20, Epoch 4/10 => Loss 4.334, Train_accy 10.00:  30%|███       | 3/10 [00:07<00:12,  1.85s/it]
Task 20, Epoch 4/10 => Loss 4.334, Train_accy 10.00:  40%|████      | 4/10 [00:07<00:10,  1.68s/it]
Task 20, Epoch 5/10 => Loss 3.940, Train_accy 20.00:  40%|████      | 4/10 [00:09<00:10,  1.68s/it]
Task 20, Epoch 5/10 => Loss 3.940, Train_accy 20.00:  50%|█████     | 5/10 [00:09<00:08,  1.61s/it]
Task 20, Epoch 6/10 => Loss 3.630, Train_accy 20.00:  50%|█████     | 5/10 [00:10<00:08,  1.61s/it]
Task 20, Epoch 6/10 => Loss 3.630, Train_accy 20.00:  60%|██████    | 6/10 [00:10<00:05,  1.45s/it]
Task 20, Epoch 7/10 => Loss 3.949, Train_accy 10.00:  60%|██████    | 6/10 [00:11<00:05,  1.45s/it]
Task 20, Epoch 7/10 => Loss 3.949, Train_accy 10.00:  70%|███████   | 7/10 [00:11<00:04,  1.44s/it]
Task 20, Epoch 8/10 => Loss 3.545, Train_accy 20.00:  70%|███████   | 7/10 [00:13<00:04,  1.44s/it]
Task 20, Epoch 8/10 => Loss 3.545, Train_accy 20.00:  80%|████████  | 8/10 [00:13<00:02,  1.47s/it]
Task 20, Epoch 9/10 => Loss 3.425, Train_accy 20.00:  80%|████████  | 8/10 [00:14<00:02,  1.47s/it]
Task 20, Epoch 9/10 => Loss 3.425, Train_accy 20.00:  90%|█████████ | 9/10 [00:14<00:01,  1.44s/it]
Task 20, Epoch 10/10 => Loss 3.470, Train_accy 20.00:  90%|█████████ | 9/10 [00:16<00:01,  1.44s/it]
Task 20, Epoch 10/10 => Loss 3.470, Train_accy 20.00: 100%|██████████| 10/10 [00:16<00:00,  1.54s/it]
Task 20, Epoch 10/10 => Loss 3.470, Train_accy 20.00: 100%|██████████| 10/10 [00:16<00:00,  1.64s/it]
2026-01-08 02:15:09,732 [inflora.py] => Task 20, Epoch 10/10 => Loss 3.470, Train_accy 20.00
Threshold:  0.9976190476190476
Skip Updating DualGPM for layer: 1
Layer 1 - Projection Matrix shape: torch.Size([768, 768])
Layer 2 - Projection Matrix shape: torch.Size([768, 768])
Layer 3 - Projection Matrix shape: torch.Size([768, 768])
Layer 4 - Projection Matrix shape: torch.Size([768, 768])
Layer 5 - Projection Matrix shape: torch.Size([768, 768])
Layer 6 - Projection Matrix shape: torch.Size([768, 768])
Layer 7 - Projection Matrix shape: torch.Size([768, 768])
Layer 8 - Projection Matrix shape: torch.Size([768, 768])
Layer 9 - Projection Matrix shape: torch.Size([768, 768])
Layer 10 - Projection Matrix shape: torch.Size([768, 768])
Layer 11 - Projection Matrix shape: torch.Size([768, 768])
Layer 12 - Projection Matrix shape: torch.Size([768, 768])
2026-01-08 02:16:44,462 [inflora.py] => Exemplar size: 0
2026-01-08 02:16:44,463 [trainer.py] => CNN: {'total': 56.7, '00-59': 94.5, '60-61': 0.0, '62-63': 0.0, '64-65': 0.0, '66-67': 0.0, '68-69': 0.0, '70-71': 0.0, '72-73': 0.0, '74-75': 0.0, '76-77': 0.0, '78-79': 0.0, '80-81': 0.0, '82-83': 0.0, '84-85': 0.0, '86-87': 0.0, '88-89': 0.0, '90-91': 0.0, '92-93': 0.0, '94-95': 0.0, '96-97': 0.0, '98-99': 0.0, 'old': 57.86, 'new': 0.0}
2026-01-08 02:16:44,463 [trainer.py] => CNN top1 curve: [94.92, 91.79, 88.91, 86.23, 83.68, 81.27, 78.96, 76.8, 74.8, 72.91, 71.12, 69.32, 67.68, 66.07, 64.55, 63.11, 61.74, 60.39, 59.11, 57.88, 56.7]
2026-01-08 02:16:44,463 [trainer.py] => Average Accuracy (CNN): 72.76

================================================================================
Finished cifar100_init60_inc2: InfLoRA  
Base Accuracy: 94.92
Last Accuracy: 56.7
Average Accuracy (Top1): 72.76
PD: 38.22
Backward Transfer (BWT): -0.07
Accuracy Matrix (CNN):
[[ 94.92  90.    80.    80.    90.   100.    80.   100.    90.    80.
   90.    90.    90.   100.    90.    80.   100.   100.    90.   100.
   90.  ]
 [ 94.85   0.    90.    90.    70.   100.    90.   100.    80.    70.
   90.    80.    90.   100.    80.   100.    80.    90.    90.    90.
   90.  ]
 [ 94.83   0.     0.   100.    90.   100.    80.   100.    90.    90.
   90.    90.    80.   100.    90.    90.    80.   100.   100.   100.
   80.  ]
 [ 94.85   0.     0.     0.    90.   100.   100.    80.    90.   100.
  100.    90.    90.   100.    90.   100.   100.   100.   100.    90.
   90.  ]
 [ 94.83   0.     0.     0.     0.    90.   100.    90.    80.    80.
   90.    90.   100.    90.    90.   100.    80.    90.    70.   100.
   80.  ]
 [ 94.82   0.     0.     0.     0.     0.   100.    80.    80.    80.
  100.    90.    90.    90.    90.    90.   100.    80.    90.   100.
   90.  ]
 [ 94.75   0.     0.     0.     0.     0.     0.    70.    80.    80.
  100.    90.    70.    80.    70.   100.    90.   100.   100.   100.
  100.  ]
 [ 94.72   0.     0.     0.     0.     0.     0.     0.    80.    60.
   90.    90.    60.    90.   100.    90.   100.   100.    80.   100.
  100.  ]
 [ 94.75   0.     0.     0.     0.     0.     0.     0.     0.    70.
   90.   100.    50.   100.    90.    90.   100.   100.    90.   100.
   80.  ]
 [ 94.78   0.     0.     0.     0.     0.     0.     0.     0.     0.
   70.    90.    80.   100.   100.   100.    90.    90.    90.    70.
   90.  ]
 [ 94.8    0.     0.     0.     0.     0.     0.     0.     0.     0.
    1.   100.   100.    70.   100.    90.    90.   100.    80.   100.
   80.  ]
 [ 94.72   0.     0.     0.     0.     0.     0.     0.     0.     0.
    0.5    0.    70.   100.    90.   100.    80.   100.    80.   100.
  100.  ]
 [ 94.75   0.     0.     0.     0.     0.     0.     0.     0.     0.
    0.     0.     0.    90.    90.    90.   100.    90.    80.   100.
  100.  ]
 [ 94.7    0.     0.     0.     0.     0.     0.     0.     0.     0.
    0.     0.     0.     0.   100.   100.    90.   100.    80.    90.
  100.  ]
 [ 94.67   0.     0.     0.     0.     0.     0.     0.     0.     0.
    0.     0.     0.     0.     0.   100.   100.    80.    90.   100.
   80.  ]
 [ 94.65   0.     0.     0.     0.     0.     0.     0.     0.     0.
    0.5    0.     0.     0.     0.     0.    90.   100.    90.   100.
   90.  ]
 [ 94.65   0.     0.     0.     0.     0.     0.     0.     0.     0.
    0.5    0.     0.     0.     0.     0.     0.    60.   100.   100.
  100.  ]
 [ 94.6    0.     0.     0.     0.     0.     0.     0.     0.     0.
    0.5    0.     0.     0.     0.     0.     0.     0.    90.   100.
   90.  ]
 [ 94.58   0.     0.     0.     0.     0.     0.     0.     0.     0.
    0.     0.     0.     0.     0.     0.     0.     0.     0.   100.
   80.  ]
 [ 94.53   0.     0.     0.     0.     0.     0.     0.     0.     0.
    0.     0.     0.     0.     0.     0.     0.     0.     0.     0.
   80.  ]
 [ 94.5    0.     0.     0.     0.     0.     0.     0.     0.     0.
    0.     0.     0.     0.     0.     0.     0.     0.     0.     0.
    0.  ]]
================================================================================

logs/ImageNet_R/100_5_sip/InfLoRA/adam/10/0.98_1.0-0.0005/2025
2026-01-03 02:08:15,801 [trainer.py] => config: configs/inflora_inr_B100_Inc5.json
2026-01-03 02:08:15,820 [trainer.py] => device: [device(type='cuda', index=1)]
2026-01-03 02:08:15,820 [trainer.py] => prefix: reproduce
2026-01-03 02:08:15,820 [trainer.py] => dataset: ImageNet_R
2026-01-03 02:08:15,820 [trainer.py] => data_path: /home/team/zhaohongwei/Dataset/imagenet-r
2026-01-03 02:08:15,821 [trainer.py] => memory_size: 0
2026-01-03 02:08:15,821 [trainer.py] => memory_per_class: 0
2026-01-03 02:08:15,821 [trainer.py] => fixed_memory: True
2026-01-03 02:08:15,821 [trainer.py] => shuffle: True
2026-01-03 02:08:15,821 [trainer.py] => init_cls: 100
2026-01-03 02:08:15,821 [trainer.py] => increment: 5
2026-01-03 02:08:15,821 [trainer.py] => model_name: InfLoRA
2026-01-03 02:08:15,821 [trainer.py] => net_type: sip
2026-01-03 02:08:15,821 [trainer.py] => embd_dim: 768
2026-01-03 02:08:15,821 [trainer.py] => num_heads: 12
2026-01-03 02:08:15,821 [trainer.py] => total_sessions: 21
2026-01-03 02:08:15,821 [trainer.py] => seed: 2025
2026-01-03 02:08:15,821 [trainer.py] => kshot: 5
2026-01-03 02:08:15,821 [trainer.py] => EPSILON: 1e-08
2026-01-03 02:08:15,821 [trainer.py] => init_epoch: 50
2026-01-03 02:08:15,821 [trainer.py] => optim: adam
2026-01-03 02:08:15,821 [trainer.py] => init_lr: 0.0005
2026-01-03 02:08:15,821 [trainer.py] => init_lr_decay: 0.1
2026-01-03 02:08:15,821 [trainer.py] => init_weight_decay: 0.0
2026-01-03 02:08:15,821 [trainer.py] => epochs: 10
2026-01-03 02:08:15,821 [trainer.py] => lrate: 0.0005
2026-01-03 02:08:15,821 [trainer.py] => lrate_decay: 0.1
2026-01-03 02:08:15,821 [trainer.py] => batch_size: 128
2026-01-03 02:08:15,821 [trainer.py] => weight_decay: 0.0
2026-01-03 02:08:15,821 [trainer.py] => rank: 10
2026-01-03 02:08:15,821 [trainer.py] => lamb: 0.98
2026-01-03 02:08:15,821 [trainer.py] => lame: 1.0
2026-01-03 02:08:15,821 [trainer.py] => num_workers: 16
2026-01-03 02:08:15,821 [trainer.py] => gpu_models: ['NVIDIA A40']
2026-01-03 02:08:15,908 [data_manager.py] => [30, 0, 32, 34, 5, 49, 56, 154, 143, 82, 19, 165, 58, 106, 196, 126, 178, 80, 192, 1, 44, 31, 197, 150, 132, 149, 112, 141, 54, 104, 26, 46, 20, 156, 23, 83, 47, 129, 9, 84, 187, 130, 48, 138, 191, 108, 139, 158, 4, 66, 146, 2, 113, 142, 194, 109, 102, 166, 176, 167, 162, 131, 134, 122, 107, 96, 135, 45, 93, 136, 70, 81, 51, 17, 172, 29, 71, 57, 184, 148, 179, 43, 161, 100, 182, 37, 8, 14, 180, 189, 11, 53, 6, 24, 7, 88, 175, 183, 35, 128, 75, 186, 99, 78, 123, 133, 74, 125, 120, 89, 39, 63, 155, 65, 77, 116, 171, 114, 105, 170, 12, 121, 195, 60, 185, 110, 91, 68, 198, 59, 38, 174, 87, 28, 157, 193, 86, 147, 16, 98, 36, 61, 137, 18, 21, 103, 25, 15, 118, 72, 50, 168, 152, 190, 199, 55, 181, 92, 163, 85, 69, 177, 95, 52, 159, 169, 188, 127, 79, 42, 164, 124, 41, 90, 115, 13, 27, 73, 33, 173, 119, 145, 153, 3, 117, 64, 144, 111, 101, 151, 40, 97, 10, 22, 160, 140, 67, 76, 94, 62]
2026-01-03 02:08:17,896 [trainer.py] => All params: 102451025
2026-01-03 02:08:17,900 [trainer.py] => Trainable params: 102451025
2026-01-03 02:08:17,900 [inflora.py] => Learning on 0-100

  0%|          | 0/50 [00:00<?, ?it/s]
Task 0, Epoch 1/50 => Loss 2.407, Train_accy 48.45:   0%|          | 0/50 [01:20<?, ?it/s]
Task 0, Epoch 1/50 => Loss 2.407, Train_accy 48.45:   2%|▏         | 1/50 [01:20<1:05:52, 80.66s/it]
Task 0, Epoch 2/50 => Loss 1.126, Train_accy 72.95:   2%|▏         | 1/50 [02:41<1:05:52, 80.66s/it]
Task 0, Epoch 2/50 => Loss 1.126, Train_accy 72.95:   4%|▍         | 2/50 [02:41<1:04:33, 80.70s/it]
Task 0, Epoch 3/50 => Loss 0.939, Train_accy 77.07:   4%|▍         | 2/50 [04:02<1:04:33, 80.70s/it]
Task 0, Epoch 3/50 => Loss 0.939, Train_accy 77.07:   6%|▌         | 3/50 [04:02<1:03:18, 80.82s/it]
Task 0, Epoch 4/50 => Loss 0.825, Train_accy 79.42:   6%|▌         | 3/50 [05:22<1:03:18, 80.82s/it]
Task 0, Epoch 4/50 => Loss 0.825, Train_accy 79.42:   8%|▊         | 4/50 [05:22<1:01:54, 80.75s/it]
Task 0, Epoch 5/50 => Loss 0.749, Train_accy 81.07:   8%|▊         | 4/50 [06:43<1:01:54, 80.75s/it]
Task 0, Epoch 5/50 => Loss 0.749, Train_accy 81.07:  10%|█         | 5/50 [06:43<1:00:30, 80.68s/it]
Task 0, Epoch 6/50 => Loss 0.694, Train_accy 82.06:  10%|█         | 5/50 [08:04<1:00:30, 80.68s/it]
Task 0, Epoch 6/50 => Loss 0.694, Train_accy 82.06:  12%|█▏        | 6/50 [08:04<59:13, 80.75s/it]  
Task 0, Epoch 7/50 => Loss 0.636, Train_accy 83.90:  12%|█▏        | 6/50 [09:25<59:13, 80.75s/it]
Task 0, Epoch 7/50 => Loss 0.636, Train_accy 83.90:  14%|█▍        | 7/50 [09:25<57:51, 80.73s/it]
Task 0, Epoch 8/50 => Loss 0.626, Train_accy 84.80:  14%|█▍        | 7/50 [10:45<57:51, 80.73s/it]
Task 0, Epoch 8/50 => Loss 0.626, Train_accy 84.80:  16%|█▌        | 8/50 [10:45<56:28, 80.67s/it]
Task 0, Epoch 9/50 => Loss 0.549, Train_accy 85.49:  16%|█▌        | 8/50 [12:06<56:28, 80.67s/it]
Task 0, Epoch 9/50 => Loss 0.549, Train_accy 85.49:  18%|█▊        | 9/50 [12:06<55:05, 80.61s/it]
Task 0, Epoch 10/50 => Loss 0.531, Train_accy 86.54:  18%|█▊        | 9/50 [13:26<55:05, 80.61s/it]
Task 0, Epoch 10/50 => Loss 0.531, Train_accy 86.54:  20%|██        | 10/50 [13:26<53:44, 80.62s/it]
Task 0, Epoch 11/50 => Loss 0.502, Train_accy 87.18:  20%|██        | 10/50 [14:47<53:44, 80.62s/it]
Task 0, Epoch 11/50 => Loss 0.502, Train_accy 87.18:  22%|██▏       | 11/50 [14:47<52:25, 80.65s/it]
Task 0, Epoch 12/50 => Loss 0.503, Train_accy 87.38:  22%|██▏       | 11/50 [16:08<52:25, 80.65s/it]
Task 0, Epoch 12/50 => Loss 0.503, Train_accy 87.38:  24%|██▍       | 12/50 [16:08<51:04, 80.65s/it]
Task 0, Epoch 13/50 => Loss 0.473, Train_accy 87.86:  24%|██▍       | 12/50 [17:28<51:04, 80.65s/it]
Task 0, Epoch 13/50 => Loss 0.473, Train_accy 87.86:  26%|██▌       | 13/50 [17:28<49:43, 80.64s/it]
Task 0, Epoch 14/50 => Loss 0.469, Train_accy 88.13:  26%|██▌       | 13/50 [18:49<49:43, 80.64s/it]
Task 0, Epoch 14/50 => Loss 0.469, Train_accy 88.13:  28%|██▊       | 14/50 [18:49<48:23, 80.65s/it]
Task 0, Epoch 15/50 => Loss 0.461, Train_accy 88.52:  28%|██▊       | 14/50 [20:09<48:23, 80.65s/it]
Task 0, Epoch 15/50 => Loss 0.461, Train_accy 88.52:  30%|███       | 15/50 [20:09<47:01, 80.61s/it]
Task 0, Epoch 16/50 => Loss 0.434, Train_accy 88.96:  30%|███       | 15/50 [21:30<47:01, 80.61s/it]
Task 0, Epoch 16/50 => Loss 0.434, Train_accy 88.96:  32%|███▏      | 16/50 [21:30<45:39, 80.58s/it]
Task 0, Epoch 17/50 => Loss 0.439, Train_accy 88.89:  32%|███▏      | 16/50 [22:51<45:39, 80.58s/it]
Task 0, Epoch 17/50 => Loss 0.439, Train_accy 88.89:  34%|███▍      | 17/50 [22:51<44:18, 80.57s/it]
Task 0, Epoch 18/50 => Loss 0.424, Train_accy 89.13:  34%|███▍      | 17/50 [24:11<44:18, 80.57s/it]
Task 0, Epoch 18/50 => Loss 0.424, Train_accy 89.13:  36%|███▌      | 18/50 [24:11<42:58, 80.57s/it]
Task 0, Epoch 19/50 => Loss 0.392, Train_accy 89.99:  36%|███▌      | 18/50 [25:32<42:58, 80.57s/it]
Task 0, Epoch 19/50 => Loss 0.392, Train_accy 89.99:  38%|███▊      | 19/50 [25:32<41:38, 80.60s/it]
Task 0, Epoch 20/50 => Loss 0.397, Train_accy 90.27:  38%|███▊      | 19/50 [26:52<41:38, 80.60s/it]
Task 0, Epoch 20/50 => Loss 0.397, Train_accy 90.27:  40%|████      | 20/50 [26:52<40:17, 80.59s/it]
Task 0, Epoch 21/50 => Loss 0.391, Train_accy 90.15:  40%|████      | 20/50 [28:13<40:17, 80.59s/it]
Task 0, Epoch 21/50 => Loss 0.391, Train_accy 90.15:  42%|████▏     | 21/50 [28:13<38:56, 80.55s/it]
Task 0, Epoch 22/50 => Loss 0.372, Train_accy 90.58:  42%|████▏     | 21/50 [29:33<38:56, 80.55s/it]
Task 0, Epoch 22/50 => Loss 0.372, Train_accy 90.58:  44%|████▍     | 22/50 [29:33<37:35, 80.54s/it]
Task 0, Epoch 23/50 => Loss 0.373, Train_accy 90.87:  44%|████▍     | 22/50 [30:54<37:35, 80.54s/it]
Task 0, Epoch 23/50 => Loss 0.373, Train_accy 90.87:  46%|████▌     | 23/50 [30:54<36:13, 80.51s/it]
Task 0, Epoch 24/50 => Loss 0.365, Train_accy 90.69:  46%|████▌     | 23/50 [32:14<36:13, 80.51s/it]
Task 0, Epoch 24/50 => Loss 0.365, Train_accy 90.69:  48%|████▊     | 24/50 [32:14<34:53, 80.53s/it]
Task 0, Epoch 25/50 => Loss 0.361, Train_accy 91.04:  48%|████▊     | 24/50 [33:35<34:53, 80.53s/it]
Task 0, Epoch 25/50 => Loss 0.361, Train_accy 91.04:  50%|█████     | 25/50 [33:35<33:32, 80.51s/it]
Task 0, Epoch 26/50 => Loss 0.345, Train_accy 91.16:  50%|█████     | 25/50 [34:55<33:32, 80.51s/it]
Task 0, Epoch 26/50 => Loss 0.345, Train_accy 91.16:  52%|█████▏    | 26/50 [34:55<32:13, 80.54s/it]
Task 0, Epoch 27/50 => Loss 0.337, Train_accy 91.21:  52%|█████▏    | 26/50 [36:16<32:13, 80.54s/it]
Task 0, Epoch 27/50 => Loss 0.337, Train_accy 91.21:  54%|█████▍    | 27/50 [36:16<30:51, 80.52s/it]
Task 0, Epoch 28/50 => Loss 0.342, Train_accy 91.16:  54%|█████▍    | 27/50 [37:36<30:51, 80.52s/it]
Task 0, Epoch 28/50 => Loss 0.342, Train_accy 91.16:  56%|█████▌    | 28/50 [37:36<29:31, 80.52s/it]
Task 0, Epoch 29/50 => Loss 0.346, Train_accy 91.10:  56%|█████▌    | 28/50 [38:57<29:31, 80.52s/it]
Task 0, Epoch 29/50 => Loss 0.346, Train_accy 91.10:  58%|█████▊    | 29/50 [38:57<28:11, 80.54s/it]
Task 0, Epoch 30/50 => Loss 0.325, Train_accy 91.57:  58%|█████▊    | 29/50 [40:18<28:11, 80.54s/it]
Task 0, Epoch 30/50 => Loss 0.325, Train_accy 91.57:  60%|██████    | 30/50 [40:18<26:51, 80.58s/it]
Task 0, Epoch 31/50 => Loss 0.328, Train_accy 91.86:  60%|██████    | 30/50 [41:38<26:51, 80.58s/it]
Task 0, Epoch 31/50 => Loss 0.328, Train_accy 91.86:  62%|██████▏   | 31/50 [41:38<25:31, 80.59s/it]
Task 0, Epoch 32/50 => Loss 0.327, Train_accy 91.69:  62%|██████▏   | 31/50 [42:59<25:31, 80.59s/it]
Task 0, Epoch 32/50 => Loss 0.327, Train_accy 91.69:  64%|██████▍   | 32/50 [42:59<24:10, 80.59s/it]
Task 0, Epoch 33/50 => Loss 0.318, Train_accy 91.94:  64%|██████▍   | 32/50 [44:19<24:10, 80.59s/it]
Task 0, Epoch 33/50 => Loss 0.318, Train_accy 91.94:  66%|██████▌   | 33/50 [44:19<22:49, 80.59s/it]
Task 0, Epoch 34/50 => Loss 0.300, Train_accy 92.24:  66%|██████▌   | 33/50 [45:40<22:49, 80.59s/it]
Task 0, Epoch 34/50 => Loss 0.300, Train_accy 92.24:  68%|██████▊   | 34/50 [45:40<21:29, 80.60s/it]
Task 0, Epoch 35/50 => Loss 0.305, Train_accy 92.28:  68%|██████▊   | 34/50 [47:01<21:29, 80.60s/it]
Task 0, Epoch 35/50 => Loss 0.305, Train_accy 92.28:  70%|███████   | 35/50 [47:01<20:08, 80.58s/it]
Task 0, Epoch 36/50 => Loss 0.296, Train_accy 92.60:  70%|███████   | 35/50 [48:21<20:08, 80.58s/it]
Task 0, Epoch 36/50 => Loss 0.296, Train_accy 92.60:  72%|███████▏  | 36/50 [48:21<18:48, 80.59s/it]
Task 0, Epoch 37/50 => Loss 0.301, Train_accy 92.42:  72%|███████▏  | 36/50 [49:42<18:48, 80.59s/it]
Task 0, Epoch 37/50 => Loss 0.301, Train_accy 92.42:  74%|███████▍  | 37/50 [49:42<17:27, 80.60s/it]
Task 0, Epoch 38/50 => Loss 0.285, Train_accy 92.50:  74%|███████▍  | 37/50 [51:02<17:27, 80.60s/it]
Task 0, Epoch 38/50 => Loss 0.285, Train_accy 92.50:  76%|███████▌  | 38/50 [51:02<16:07, 80.60s/it]
Task 0, Epoch 39/50 => Loss 0.285, Train_accy 92.87:  76%|███████▌  | 38/50 [52:23<16:07, 80.60s/it]
Task 0, Epoch 39/50 => Loss 0.285, Train_accy 92.87:  78%|███████▊  | 39/50 [52:23<14:46, 80.58s/it]
Task 0, Epoch 40/50 => Loss 0.276, Train_accy 92.79:  78%|███████▊  | 39/50 [53:43<14:46, 80.58s/it]
Task 0, Epoch 40/50 => Loss 0.276, Train_accy 92.79:  80%|████████  | 40/50 [53:43<13:25, 80.56s/it]
Task 0, Epoch 41/50 => Loss 0.267, Train_accy 93.18:  80%|████████  | 40/50 [55:04<13:25, 80.56s/it]
Task 0, Epoch 41/50 => Loss 0.267, Train_accy 93.18:  82%|████████▏ | 41/50 [55:04<12:05, 80.58s/it]
Task 0, Epoch 42/50 => Loss 0.272, Train_accy 92.94:  82%|████████▏ | 41/50 [56:25<12:05, 80.58s/it]
Task 0, Epoch 42/50 => Loss 0.272, Train_accy 92.94:  84%|████████▍ | 42/50 [56:25<10:44, 80.58s/it]
Task 0, Epoch 43/50 => Loss 0.279, Train_accy 92.96:  84%|████████▍ | 42/50 [57:45<10:44, 80.58s/it]
Task 0, Epoch 43/50 => Loss 0.279, Train_accy 92.96:  86%|████████▌ | 43/50 [57:45<09:24, 80.58s/it]
Task 0, Epoch 44/50 => Loss 0.252, Train_accy 93.60:  86%|████████▌ | 43/50 [59:06<09:24, 80.58s/it]
Task 0, Epoch 44/50 => Loss 0.252, Train_accy 93.60:  88%|████████▊ | 44/50 [59:06<08:03, 80.62s/it]
Task 0, Epoch 45/50 => Loss 0.256, Train_accy 93.38:  88%|████████▊ | 44/50 [1:00:27<08:03, 80.62s/it]
Task 0, Epoch 45/50 => Loss 0.256, Train_accy 93.38:  90%|█████████ | 45/50 [1:00:27<06:43, 80.61s/it]
Task 0, Epoch 46/50 => Loss 0.260, Train_accy 93.22:  90%|█████████ | 45/50 [1:01:47<06:43, 80.61s/it]
Task 0, Epoch 46/50 => Loss 0.260, Train_accy 93.22:  92%|█████████▏| 46/50 [1:01:47<05:22, 80.59s/it]
Task 0, Epoch 47/50 => Loss 0.255, Train_accy 93.68:  92%|█████████▏| 46/50 [1:03:08<05:22, 80.59s/it]
Task 0, Epoch 47/50 => Loss 0.255, Train_accy 93.68:  94%|█████████▍| 47/50 [1:03:08<04:01, 80.58s/it]
Task 0, Epoch 48/50 => Loss 0.248, Train_accy 93.57:  94%|█████████▍| 47/50 [1:04:28<04:01, 80.58s/it]
Task 0, Epoch 48/50 => Loss 0.248, Train_accy 93.57:  96%|█████████▌| 48/50 [1:04:28<02:41, 80.59s/it]
Task 0, Epoch 49/50 => Loss 0.267, Train_accy 93.25:  96%|█████████▌| 48/50 [1:05:49<02:41, 80.59s/it]
Task 0, Epoch 49/50 => Loss 0.267, Train_accy 93.25:  98%|█████████▊| 49/50 [1:05:49<01:20, 80.56s/it]
Task 0, Epoch 50/50 => Loss 0.254, Train_accy 93.63:  98%|█████████▊| 49/50 [1:07:10<01:20, 80.56s/it]
Task 0, Epoch 50/50 => Loss 0.254, Train_accy 93.63: 100%|██████████| 50/50 [1:07:10<00:00, 80.62s/it]
Task 0, Epoch 50/50 => Loss 0.254, Train_accy 93.63: 100%|██████████| 50/50 [1:07:10<00:00, 80.60s/it]
2026-01-03 03:16:08,643 [inflora.py] => Task 0, Epoch 50/50 => Loss 0.254, Train_accy 93.63
Threshold:  0.98
Layer 1 - Projection Matrix shape: torch.Size([768, 768])
Layer 2 - Projection Matrix shape: torch.Size([768, 768])
Layer 3 - Projection Matrix shape: torch.Size([768, 768])
Layer 4 - Projection Matrix shape: torch.Size([768, 768])
Layer 5 - Projection Matrix shape: torch.Size([768, 768])
Layer 6 - Projection Matrix shape: torch.Size([768, 768])
Layer 7 - Projection Matrix shape: torch.Size([768, 768])
Layer 8 - Projection Matrix shape: torch.Size([768, 768])
Layer 9 - Projection Matrix shape: torch.Size([768, 768])
Layer 10 - Projection Matrix shape: torch.Size([768, 768])
Layer 11 - Projection Matrix shape: torch.Size([768, 768])
Layer 12 - Projection Matrix shape: torch.Size([768, 768])
2026-01-03 03:17:43,577 [inflora.py] => Exemplar size: 0
2026-01-03 03:17:43,577 [trainer.py] => CNN: {'total': 84.98, '00-99': 84.98, '100-104': 88.0, '105-109': 92.0, '110-114': 92.0, '115-119': 92.0, '120-124': 92.0, '125-129': 100.0, '130-134': 92.0, '135-139': 88.0, '140-144': 92.0, '145-149': 100.0, '150-154': 92.0, '155-159': 92.0, '160-164': 84.0, '165-169': 88.0, '170-174': 84.0, '175-179': 96.0, '180-184': 96.0, '185-189': 84.0, '190-194': 96.0, '195-199': 92.0, 'old': 0, 'new': 84.98}
2026-01-03 03:17:43,578 [trainer.py] => CNN top1 curve: [84.98]
2026-01-03 03:17:43,578 [trainer.py] => Average Accuracy (CNN): 84.98
2026-01-03 03:17:43,583 [trainer.py] => All params: 102451025
2026-01-03 03:17:43,587 [trainer.py] => Trainable params: 261220
2026-01-03 03:17:43,587 [inflora.py] => Learning on 100-105

  0%|          | 0/10 [00:00<?, ?it/s]
Task 1, Epoch 1/10 => Loss 6.192, Train_accy 4.00:   0%|          | 0/10 [00:01<?, ?it/s]
Task 1, Epoch 1/10 => Loss 6.192, Train_accy 4.00:  10%|█         | 1/10 [00:01<00:10,  1.13s/it]
Task 1, Epoch 2/10 => Loss 5.543, Train_accy 0.00:  10%|█         | 1/10 [00:02<00:10,  1.13s/it]
Task 1, Epoch 2/10 => Loss 5.543, Train_accy 0.00:  20%|██        | 2/10 [00:02<00:08,  1.12s/it]
Task 1, Epoch 3/10 => Loss 4.389, Train_accy 12.00:  20%|██        | 2/10 [00:03<00:08,  1.12s/it]
Task 1, Epoch 3/10 => Loss 4.389, Train_accy 12.00:  30%|███       | 3/10 [00:03<00:07,  1.12s/it]
Task 1, Epoch 4/10 => Loss 3.875, Train_accy 20.00:  30%|███       | 3/10 [00:04<00:07,  1.12s/it]
Task 1, Epoch 4/10 => Loss 3.875, Train_accy 20.00:  40%|████      | 4/10 [00:04<00:06,  1.12s/it]
Task 1, Epoch 5/10 => Loss 3.072, Train_accy 36.00:  40%|████      | 4/10 [00:05<00:06,  1.12s/it]
Task 1, Epoch 5/10 => Loss 3.072, Train_accy 36.00:  50%|█████     | 5/10 [00:05<00:05,  1.11s/it]
Task 1, Epoch 6/10 => Loss 2.462, Train_accy 44.00:  50%|█████     | 5/10 [00:06<00:05,  1.11s/it]
Task 1, Epoch 6/10 => Loss 2.462, Train_accy 44.00:  60%|██████    | 6/10 [00:06<00:04,  1.11s/it]
Task 1, Epoch 7/10 => Loss 2.337, Train_accy 56.00:  60%|██████    | 6/10 [00:07<00:04,  1.11s/it]
Task 1, Epoch 7/10 => Loss 2.337, Train_accy 56.00:  70%|███████   | 7/10 [00:07<00:03,  1.11s/it]
Task 1, Epoch 8/10 => Loss 1.518, Train_accy 76.00:  70%|███████   | 7/10 [00:08<00:03,  1.11s/it]
Task 1, Epoch 8/10 => Loss 1.518, Train_accy 76.00:  80%|████████  | 8/10 [00:08<00:02,  1.11s/it]
Task 1, Epoch 9/10 => Loss 1.374, Train_accy 80.00:  80%|████████  | 8/10 [00:10<00:02,  1.11s/it]
Task 1, Epoch 9/10 => Loss 1.374, Train_accy 80.00:  90%|█████████ | 9/10 [00:10<00:01,  1.12s/it]
Task 1, Epoch 10/10 => Loss 1.084, Train_accy 80.00:  90%|█████████ | 9/10 [00:11<00:01,  1.12s/it]
Task 1, Epoch 10/10 => Loss 1.084, Train_accy 80.00: 100%|██████████| 10/10 [00:11<00:00,  1.13s/it]
Task 1, Epoch 10/10 => Loss 1.084, Train_accy 80.00: 100%|██████████| 10/10 [00:11<00:00,  1.12s/it]
2026-01-03 03:17:56,932 [inflora.py] => Task 1, Epoch 10/10 => Loss 1.084, Train_accy 80.00
Threshold:  0.9809523809523809
Layer 1 - Projection Matrix shape: torch.Size([768, 768])
Layer 2 - Projection Matrix shape: torch.Size([768, 768])
Layer 3 - Projection Matrix shape: torch.Size([768, 768])
Layer 4 - Projection Matrix shape: torch.Size([768, 768])
Layer 5 - Projection Matrix shape: torch.Size([768, 768])
Layer 6 - Projection Matrix shape: torch.Size([768, 768])
Layer 7 - Projection Matrix shape: torch.Size([768, 768])
Layer 8 - Projection Matrix shape: torch.Size([768, 768])
Layer 9 - Projection Matrix shape: torch.Size([768, 768])
Layer 10 - Projection Matrix shape: torch.Size([768, 768])
Layer 11 - Projection Matrix shape: torch.Size([768, 768])
Layer 12 - Projection Matrix shape: torch.Size([768, 768])
2026-01-03 03:18:21,633 [inflora.py] => Exemplar size: 0
2026-01-03 03:18:21,634 [trainer.py] => CNN: {'total': 78.52, '00-99': 84.95, '100-104': 0.83, '105-109': 92.0, '110-114': 92.0, '115-119': 92.0, '120-124': 100.0, '125-129': 96.0, '130-134': 92.0, '135-139': 100.0, '140-144': 88.0, '145-149': 92.0, '150-154': 88.0, '155-159': 96.0, '160-164': 100.0, '165-169': 76.0, '170-174': 92.0, '175-179': 100.0, '180-184': 84.0, '185-189': 88.0, '190-194': 96.0, '195-199': 84.0, 'old': 84.95, 'new': 0.83}
2026-01-03 03:18:21,634 [trainer.py] => CNN top1 curve: [84.98, 78.52]
2026-01-03 03:18:21,634 [trainer.py] => Average Accuracy (CNN): 81.75
2026-01-03 03:18:21,643 [trainer.py] => All params: 102451025
2026-01-03 03:18:21,647 [trainer.py] => Trainable params: 2873420
2026-01-03 03:18:21,647 [inflora.py] => Learning on 105-110

  0%|          | 0/10 [00:00<?, ?it/s]
Task 2, Epoch 1/10 => Loss 5.923, Train_accy 0.00:   0%|          | 0/10 [00:01<?, ?it/s]
Task 2, Epoch 1/10 => Loss 5.923, Train_accy 0.00:  10%|█         | 1/10 [00:01<00:10,  1.17s/it]
Task 2, Epoch 2/10 => Loss 5.196, Train_accy 4.00:  10%|█         | 1/10 [00:02<00:10,  1.17s/it]
Task 2, Epoch 2/10 => Loss 5.196, Train_accy 4.00:  20%|██        | 2/10 [00:02<00:09,  1.18s/it]
Task 2, Epoch 3/10 => Loss 4.242, Train_accy 8.00:  20%|██        | 2/10 [00:03<00:09,  1.18s/it]
Task 2, Epoch 3/10 => Loss 4.242, Train_accy 8.00:  30%|███       | 3/10 [00:03<00:08,  1.19s/it]
Task 2, Epoch 4/10 => Loss 3.021, Train_accy 36.00:  30%|███       | 3/10 [00:04<00:08,  1.19s/it]
Task 2, Epoch 4/10 => Loss 3.021, Train_accy 36.00:  40%|████      | 4/10 [00:04<00:07,  1.23s/it]
Task 2, Epoch 5/10 => Loss 2.292, Train_accy 48.00:  40%|████      | 4/10 [00:06<00:07,  1.23s/it]
Task 2, Epoch 5/10 => Loss 2.292, Train_accy 48.00:  50%|█████     | 5/10 [00:06<00:06,  1.24s/it]
Task 2, Epoch 6/10 => Loss 2.004, Train_accy 52.00:  50%|█████     | 5/10 [00:07<00:06,  1.24s/it]
Task 2, Epoch 6/10 => Loss 2.004, Train_accy 52.00:  60%|██████    | 6/10 [00:07<00:05,  1.26s/it]
Task 2, Epoch 7/10 => Loss 1.328, Train_accy 80.00:  60%|██████    | 6/10 [00:08<00:05,  1.26s/it]
Task 2, Epoch 7/10 => Loss 1.328, Train_accy 80.00:  70%|███████   | 7/10 [00:08<00:03,  1.27s/it]
Task 2, Epoch 8/10 => Loss 1.139, Train_accy 76.00:  70%|███████   | 7/10 [00:09<00:03,  1.27s/it]
Task 2, Epoch 8/10 => Loss 1.139, Train_accy 76.00:  80%|████████  | 8/10 [00:09<00:02,  1.27s/it]
Task 2, Epoch 9/10 => Loss 0.958, Train_accy 84.00:  80%|████████  | 8/10 [00:11<00:02,  1.27s/it]
Task 2, Epoch 9/10 => Loss 0.958, Train_accy 84.00:  90%|█████████ | 9/10 [00:11<00:01,  1.28s/it]
Task 2, Epoch 10/10 => Loss 0.922, Train_accy 92.00:  90%|█████████ | 9/10 [00:12<00:01,  1.28s/it]
Task 2, Epoch 10/10 => Loss 0.922, Train_accy 92.00: 100%|██████████| 10/10 [00:12<00:00,  1.28s/it]
Task 2, Epoch 10/10 => Loss 0.922, Train_accy 92.00: 100%|██████████| 10/10 [00:12<00:00,  1.25s/it]
2026-01-03 03:18:36,583 [inflora.py] => Task 2, Epoch 10/10 => Loss 0.922, Train_accy 92.00
Threshold:  0.9819047619047618
Skip Updating DualGPM for layer: 1
Skip Updating DualGPM for layer: 2
Layer 1 - Projection Matrix shape: torch.Size([768, 768])
Layer 2 - Projection Matrix shape: torch.Size([768, 768])
Layer 3 - Projection Matrix shape: torch.Size([768, 768])
Layer 4 - Projection Matrix shape: torch.Size([768, 768])
Layer 5 - Projection Matrix shape: torch.Size([768, 768])
Layer 6 - Projection Matrix shape: torch.Size([768, 768])
Layer 7 - Projection Matrix shape: torch.Size([768, 768])
Layer 8 - Projection Matrix shape: torch.Size([768, 768])
Layer 9 - Projection Matrix shape: torch.Size([768, 768])
Layer 10 - Projection Matrix shape: torch.Size([768, 768])
Layer 11 - Projection Matrix shape: torch.Size([768, 768])
Layer 12 - Projection Matrix shape: torch.Size([768, 768])
2026-01-03 03:19:01,409 [inflora.py] => Exemplar size: 0
2026-01-03 03:19:01,409 [trainer.py] => CNN: {'total': 74.89, '00-99': 84.81, '100-104': 0.83, '105-109': 0.0, '110-114': 92.0, '115-119': 92.0, '120-124': 88.0, '125-129': 96.0, '130-134': 88.0, '135-139': 92.0, '140-144': 88.0, '145-149': 92.0, '150-154': 92.0, '155-159': 92.0, '160-164': 92.0, '165-169': 96.0, '170-174': 96.0, '175-179': 92.0, '180-184': 100.0, '185-189': 76.0, '190-194': 96.0, '195-199': 100.0, 'old': 78.4, 'new': 0.0}
2026-01-03 03:19:01,409 [trainer.py] => CNN top1 curve: [84.98, 78.52, 74.89]
2026-01-03 03:19:01,409 [trainer.py] => Average Accuracy (CNN): 79.46
2026-01-03 03:19:01,417 [trainer.py] => All params: 102451025
2026-01-03 03:19:01,421 [trainer.py] => Trainable params: 522440
2026-01-03 03:19:01,421 [inflora.py] => Learning on 110-115

  0%|          | 0/10 [00:00<?, ?it/s]
Task 3, Epoch 1/10 => Loss 5.253, Train_accy 0.00:   0%|          | 0/10 [00:01<?, ?it/s]
Task 3, Epoch 1/10 => Loss 5.253, Train_accy 0.00:  10%|█         | 1/10 [00:01<00:11,  1.24s/it]
Task 3, Epoch 2/10 => Loss 4.496, Train_accy 4.00:  10%|█         | 1/10 [00:02<00:11,  1.24s/it]
Task 3, Epoch 2/10 => Loss 4.496, Train_accy 4.00:  20%|██        | 2/10 [00:02<00:09,  1.24s/it]
Task 3, Epoch 3/10 => Loss 3.368, Train_accy 24.00:  20%|██        | 2/10 [00:03<00:09,  1.24s/it]
Task 3, Epoch 3/10 => Loss 3.368, Train_accy 24.00:  30%|███       | 3/10 [00:03<00:08,  1.24s/it]
Task 3, Epoch 4/10 => Loss 2.826, Train_accy 40.00:  30%|███       | 3/10 [00:04<00:08,  1.24s/it]
Task 3, Epoch 4/10 => Loss 2.826, Train_accy 40.00:  40%|████      | 4/10 [00:04<00:07,  1.24s/it]
Task 3, Epoch 5/10 => Loss 1.884, Train_accy 56.00:  40%|████      | 4/10 [00:06<00:07,  1.24s/it]
Task 3, Epoch 5/10 => Loss 1.884, Train_accy 56.00:  50%|█████     | 5/10 [00:06<00:06,  1.23s/it]
Task 3, Epoch 6/10 => Loss 1.389, Train_accy 68.00:  50%|█████     | 5/10 [00:07<00:06,  1.23s/it]
Task 3, Epoch 6/10 => Loss 1.389, Train_accy 68.00:  60%|██████    | 6/10 [00:07<00:05,  1.27s/it]
Task 3, Epoch 7/10 => Loss 1.141, Train_accy 68.00:  60%|██████    | 6/10 [00:08<00:05,  1.27s/it]
Task 3, Epoch 7/10 => Loss 1.141, Train_accy 68.00:  70%|███████   | 7/10 [00:08<00:03,  1.29s/it]
Task 3, Epoch 8/10 => Loss 0.768, Train_accy 88.00:  70%|███████   | 7/10 [00:10<00:03,  1.29s/it]
Task 3, Epoch 8/10 => Loss 0.768, Train_accy 88.00:  80%|████████  | 8/10 [00:10<00:02,  1.31s/it]
Task 3, Epoch 9/10 => Loss 0.572, Train_accy 88.00:  80%|████████  | 8/10 [00:11<00:02,  1.31s/it]
Task 3, Epoch 9/10 => Loss 0.572, Train_accy 88.00:  90%|█████████ | 9/10 [00:11<00:01,  1.32s/it]
Task 3, Epoch 10/10 => Loss 0.630, Train_accy 84.00:  90%|█████████ | 9/10 [00:12<00:01,  1.32s/it]
Task 3, Epoch 10/10 => Loss 0.630, Train_accy 84.00: 100%|██████████| 10/10 [00:12<00:00,  1.33s/it]
Task 3, Epoch 10/10 => Loss 0.630, Train_accy 84.00: 100%|██████████| 10/10 [00:12<00:00,  1.29s/it]
2026-01-03 03:19:16,831 [inflora.py] => Task 3, Epoch 10/10 => Loss 0.630, Train_accy 84.00
Threshold:  0.9828571428571429
Layer 1 - Projection Matrix shape: torch.Size([768, 768])
Layer 2 - Projection Matrix shape: torch.Size([768, 768])
Layer 3 - Projection Matrix shape: torch.Size([768, 768])
Layer 4 - Projection Matrix shape: torch.Size([768, 768])
Layer 5 - Projection Matrix shape: torch.Size([768, 768])
Layer 6 - Projection Matrix shape: torch.Size([768, 768])
Layer 7 - Projection Matrix shape: torch.Size([768, 768])
Layer 8 - Projection Matrix shape: torch.Size([768, 768])
Layer 9 - Projection Matrix shape: torch.Size([768, 768])
Layer 10 - Projection Matrix shape: torch.Size([768, 768])
Layer 11 - Projection Matrix shape: torch.Size([768, 768])
Layer 12 - Projection Matrix shape: torch.Size([768, 768])
2026-01-03 03:19:42,391 [inflora.py] => Exemplar size: 0
2026-01-03 03:19:42,392 [trainer.py] => CNN: {'total': 71.89, '00-99': 84.91, '100-104': 0.83, '105-109': 0.0, '110-114': 0.0, '115-119': 88.0, '120-124': 92.0, '125-129': 92.0, '130-134': 84.0, '135-139': 100.0, '140-144': 96.0, '145-149': 96.0, '150-154': 92.0, '155-159': 92.0, '160-164': 84.0, '165-169': 88.0, '170-174': 100.0, '175-179': 80.0, '180-184': 84.0, '185-189': 88.0, '190-194': 100.0, '195-199': 96.0, 'old': 74.98, 'new': 0.0}
2026-01-03 03:19:42,392 [trainer.py] => CNN top1 curve: [84.98, 78.52, 74.89, 71.89]
2026-01-03 03:19:42,392 [trainer.py] => Average Accuracy (CNN): 77.57
2026-01-03 03:19:42,401 [trainer.py] => All params: 102451025
2026-01-03 03:19:42,405 [trainer.py] => Trainable params: 261220
2026-01-03 03:19:42,406 [inflora.py] => Learning on 115-120

  0%|          | 0/10 [00:00<?, ?it/s]
Task 4, Epoch 1/10 => Loss 6.131, Train_accy 0.00:   0%|          | 0/10 [00:01<?, ?it/s]
Task 4, Epoch 1/10 => Loss 6.131, Train_accy 0.00:  10%|█         | 1/10 [00:01<00:11,  1.32s/it]
Task 4, Epoch 2/10 => Loss 4.879, Train_accy 4.00:  10%|█         | 1/10 [00:02<00:11,  1.32s/it]
Task 4, Epoch 2/10 => Loss 4.879, Train_accy 4.00:  20%|██        | 2/10 [00:02<00:10,  1.31s/it]
Task 4, Epoch 3/10 => Loss 3.822, Train_accy 12.00:  20%|██        | 2/10 [00:03<00:10,  1.31s/it]
Task 4, Epoch 3/10 => Loss 3.822, Train_accy 12.00:  30%|███       | 3/10 [00:03<00:09,  1.32s/it]
Task 4, Epoch 4/10 => Loss 3.070, Train_accy 32.00:  30%|███       | 3/10 [00:05<00:09,  1.32s/it]
Task 4, Epoch 4/10 => Loss 3.070, Train_accy 32.00:  40%|████      | 4/10 [00:05<00:07,  1.32s/it]
Task 4, Epoch 5/10 => Loss 2.528, Train_accy 48.00:  40%|████      | 4/10 [00:06<00:07,  1.32s/it]
Task 4, Epoch 5/10 => Loss 2.528, Train_accy 48.00:  50%|█████     | 5/10 [00:06<00:06,  1.32s/it]
Task 4, Epoch 6/10 => Loss 1.732, Train_accy 68.00:  50%|█████     | 5/10 [00:07<00:06,  1.32s/it]
Task 4, Epoch 6/10 => Loss 1.732, Train_accy 68.00:  60%|██████    | 6/10 [00:07<00:05,  1.32s/it]
Task 4, Epoch 7/10 => Loss 1.492, Train_accy 72.00:  60%|██████    | 6/10 [00:09<00:05,  1.32s/it]
Task 4, Epoch 7/10 => Loss 1.492, Train_accy 72.00:  70%|███████   | 7/10 [00:09<00:03,  1.32s/it]
Task 4, Epoch 8/10 => Loss 1.093, Train_accy 76.00:  70%|███████   | 7/10 [00:10<00:03,  1.32s/it]
Task 4, Epoch 8/10 => Loss 1.093, Train_accy 76.00:  80%|████████  | 8/10 [00:10<00:02,  1.32s/it]
Task 4, Epoch 9/10 => Loss 1.007, Train_accy 80.00:  80%|████████  | 8/10 [00:11<00:02,  1.32s/it]
Task 4, Epoch 9/10 => Loss 1.007, Train_accy 80.00:  90%|█████████ | 9/10 [00:11<00:01,  1.31s/it]
Task 4, Epoch 10/10 => Loss 0.915, Train_accy 88.00:  90%|█████████ | 9/10 [00:13<00:01,  1.31s/it]
Task 4, Epoch 10/10 => Loss 0.915, Train_accy 88.00: 100%|██████████| 10/10 [00:13<00:00,  1.31s/it]
Task 4, Epoch 10/10 => Loss 0.915, Train_accy 88.00: 100%|██████████| 10/10 [00:13<00:00,  1.32s/it]
2026-01-03 03:19:58,236 [inflora.py] => Task 4, Epoch 10/10 => Loss 0.915, Train_accy 88.00
Threshold:  0.9838095238095238
Skip Updating DualGPM for layer: 1
Skip Updating DualGPM for layer: 2
Layer 1 - Projection Matrix shape: torch.Size([768, 768])
Layer 2 - Projection Matrix shape: torch.Size([768, 768])
Layer 3 - Projection Matrix shape: torch.Size([768, 768])
Layer 4 - Projection Matrix shape: torch.Size([768, 768])
Layer 5 - Projection Matrix shape: torch.Size([768, 768])
Layer 6 - Projection Matrix shape: torch.Size([768, 768])
Layer 7 - Projection Matrix shape: torch.Size([768, 768])
Layer 8 - Projection Matrix shape: torch.Size([768, 768])
Layer 9 - Projection Matrix shape: torch.Size([768, 768])
Layer 10 - Projection Matrix shape: torch.Size([768, 768])
Layer 11 - Projection Matrix shape: torch.Size([768, 768])
Layer 12 - Projection Matrix shape: torch.Size([768, 768])
2026-01-03 03:20:24,362 [inflora.py] => Exemplar size: 0
2026-01-03 03:20:24,363 [trainer.py] => CNN: {'total': 68.79, '00-99': 84.84, '100-104': 0.41, '105-109': 0.0, '110-114': 0.0, '115-119': 0.0, '120-124': 92.0, '125-129': 100.0, '130-134': 96.0, '135-139': 100.0, '140-144': 92.0, '145-149': 100.0, '150-154': 88.0, '155-159': 84.0, '160-164': 92.0, '165-169': 96.0, '170-174': 92.0, '175-179': 80.0, '180-184': 92.0, '185-189': 64.0, '190-194': 100.0, '195-199': 88.0, 'old': 71.8, 'new': 0.0}
2026-01-03 03:20:24,363 [trainer.py] => CNN top1 curve: [84.98, 78.52, 74.89, 71.89, 68.79]
2026-01-03 03:20:24,363 [trainer.py] => Average Accuracy (CNN): 75.81
2026-01-03 03:20:24,373 [trainer.py] => All params: 102451025
2026-01-03 03:20:24,380 [trainer.py] => Trainable params: 261220
2026-01-03 03:20:24,380 [inflora.py] => Learning on 120-125

  0%|          | 0/10 [00:00<?, ?it/s]
Task 5, Epoch 1/10 => Loss 6.633, Train_accy 0.00:   0%|          | 0/10 [00:01<?, ?it/s]
Task 5, Epoch 1/10 => Loss 6.633, Train_accy 0.00:  10%|█         | 1/10 [00:01<00:12,  1.35s/it]
Task 5, Epoch 2/10 => Loss 5.233, Train_accy 4.00:  10%|█         | 1/10 [00:02<00:12,  1.35s/it]
Task 5, Epoch 2/10 => Loss 5.233, Train_accy 4.00:  20%|██        | 2/10 [00:02<00:10,  1.36s/it]
Task 5, Epoch 3/10 => Loss 4.397, Train_accy 8.00:  20%|██        | 2/10 [00:04<00:10,  1.36s/it]
Task 5, Epoch 3/10 => Loss 4.397, Train_accy 8.00:  30%|███       | 3/10 [00:04<00:09,  1.36s/it]
Task 5, Epoch 4/10 => Loss 3.196, Train_accy 28.00:  30%|███       | 3/10 [00:05<00:09,  1.36s/it]
Task 5, Epoch 4/10 => Loss 3.196, Train_accy 28.00:  40%|████      | 4/10 [00:05<00:08,  1.35s/it]
Task 5, Epoch 5/10 => Loss 2.093, Train_accy 56.00:  40%|████      | 4/10 [00:06<00:08,  1.35s/it]
Task 5, Epoch 5/10 => Loss 2.093, Train_accy 56.00:  50%|█████     | 5/10 [00:06<00:06,  1.36s/it]
Task 5, Epoch 6/10 => Loss 1.925, Train_accy 68.00:  50%|█████     | 5/10 [00:08<00:06,  1.36s/it]
Task 5, Epoch 6/10 => Loss 1.925, Train_accy 68.00:  60%|██████    | 6/10 [00:08<00:05,  1.36s/it]
Task 5, Epoch 7/10 => Loss 1.509, Train_accy 72.00:  60%|██████    | 6/10 [00:09<00:05,  1.36s/it]
Task 5, Epoch 7/10 => Loss 1.509, Train_accy 72.00:  70%|███████   | 7/10 [00:09<00:04,  1.36s/it]
Task 5, Epoch 8/10 => Loss 1.135, Train_accy 84.00:  70%|███████   | 7/10 [00:10<00:04,  1.36s/it]
Task 5, Epoch 8/10 => Loss 1.135, Train_accy 84.00:  80%|████████  | 8/10 [00:10<00:02,  1.36s/it]
Task 5, Epoch 9/10 => Loss 0.867, Train_accy 84.00:  80%|████████  | 8/10 [00:12<00:02,  1.36s/it]
Task 5, Epoch 9/10 => Loss 0.867, Train_accy 84.00:  90%|█████████ | 9/10 [00:12<00:01,  1.36s/it]
Task 5, Epoch 10/10 => Loss 0.641, Train_accy 88.00:  90%|█████████ | 9/10 [00:13<00:01,  1.36s/it]
Task 5, Epoch 10/10 => Loss 0.641, Train_accy 88.00: 100%|██████████| 10/10 [00:13<00:00,  1.36s/it]
Task 5, Epoch 10/10 => Loss 0.641, Train_accy 88.00: 100%|██████████| 10/10 [00:13<00:00,  1.36s/it]
2026-01-03 03:20:40,638 [inflora.py] => Task 5, Epoch 10/10 => Loss 0.641, Train_accy 88.00
Threshold:  0.9847619047619047
Skip Updating DualGPM for layer: 1
Skip Updating DualGPM for layer: 2
Layer 1 - Projection Matrix shape: torch.Size([768, 768])
Layer 2 - Projection Matrix shape: torch.Size([768, 768])
Layer 3 - Projection Matrix shape: torch.Size([768, 768])
Layer 4 - Projection Matrix shape: torch.Size([768, 768])
Layer 5 - Projection Matrix shape: torch.Size([768, 768])
Layer 6 - Projection Matrix shape: torch.Size([768, 768])
Layer 7 - Projection Matrix shape: torch.Size([768, 768])
Layer 8 - Projection Matrix shape: torch.Size([768, 768])
Layer 9 - Projection Matrix shape: torch.Size([768, 768])
Layer 10 - Projection Matrix shape: torch.Size([768, 768])
Layer 11 - Projection Matrix shape: torch.Size([768, 768])
Layer 12 - Projection Matrix shape: torch.Size([768, 768])
2026-01-03 03:21:07,412 [inflora.py] => Exemplar size: 0
2026-01-03 03:21:07,412 [trainer.py] => CNN: {'total': 66.47, '00-99': 84.6, '100-104': 0.41, '105-109': 0.0, '110-114': 0.0, '115-119': 0.0, '120-124': 0.0, '125-129': 88.0, '130-134': 96.0, '135-139': 96.0, '140-144': 96.0, '145-149': 92.0, '150-154': 92.0, '155-159': 88.0, '160-164': 92.0, '165-169': 92.0, '170-174': 92.0, '175-179': 88.0, '180-184': 92.0, '185-189': 92.0, '190-194': 92.0, '195-199': 96.0, 'old': 68.59, 'new': 0.0}
2026-01-03 03:21:07,413 [trainer.py] => CNN top1 curve: [84.98, 78.52, 74.89, 71.89, 68.79, 66.47]
2026-01-03 03:21:07,413 [trainer.py] => Average Accuracy (CNN): 74.26
2026-01-03 03:21:07,420 [trainer.py] => All params: 102451025
2026-01-03 03:21:07,425 [trainer.py] => Trainable params: 261220
2026-01-03 03:21:07,425 [inflora.py] => Learning on 125-130

  0%|          | 0/10 [00:00<?, ?it/s]
Task 6, Epoch 1/10 => Loss 5.714, Train_accy 8.00:   0%|          | 0/10 [00:01<?, ?it/s]
Task 6, Epoch 1/10 => Loss 5.714, Train_accy 8.00:  10%|█         | 1/10 [00:01<00:12,  1.37s/it]
Task 6, Epoch 2/10 => Loss 4.931, Train_accy 8.00:  10%|█         | 1/10 [00:02<00:12,  1.37s/it]
Task 6, Epoch 2/10 => Loss 4.931, Train_accy 8.00:  20%|██        | 2/10 [00:02<00:11,  1.38s/it]
Task 6, Epoch 3/10 => Loss 4.114, Train_accy 16.00:  20%|██        | 2/10 [00:04<00:11,  1.38s/it]
Task 6, Epoch 3/10 => Loss 4.114, Train_accy 16.00:  30%|███       | 3/10 [00:04<00:09,  1.38s/it]
Task 6, Epoch 4/10 => Loss 3.075, Train_accy 24.00:  30%|███       | 3/10 [00:05<00:09,  1.38s/it]
Task 6, Epoch 4/10 => Loss 3.075, Train_accy 24.00:  40%|████      | 4/10 [00:05<00:08,  1.39s/it]
Task 6, Epoch 5/10 => Loss 2.400, Train_accy 40.00:  40%|████      | 4/10 [00:06<00:08,  1.39s/it]
Task 6, Epoch 5/10 => Loss 2.400, Train_accy 40.00:  50%|█████     | 5/10 [00:06<00:06,  1.39s/it]
Task 6, Epoch 6/10 => Loss 2.312, Train_accy 48.00:  50%|█████     | 5/10 [00:08<00:06,  1.39s/it]
Task 6, Epoch 6/10 => Loss 2.312, Train_accy 48.00:  60%|██████    | 6/10 [00:08<00:05,  1.39s/it]
Task 6, Epoch 7/10 => Loss 1.611, Train_accy 60.00:  60%|██████    | 6/10 [00:09<00:05,  1.39s/it]
Task 6, Epoch 7/10 => Loss 1.611, Train_accy 60.00:  70%|███████   | 7/10 [00:09<00:04,  1.39s/it]
Task 6, Epoch 8/10 => Loss 1.294, Train_accy 68.00:  70%|███████   | 7/10 [00:11<00:04,  1.39s/it]
Task 6, Epoch 8/10 => Loss 1.294, Train_accy 68.00:  80%|████████  | 8/10 [00:11<00:02,  1.39s/it]
Task 6, Epoch 9/10 => Loss 1.079, Train_accy 76.00:  80%|████████  | 8/10 [00:12<00:02,  1.39s/it]
Task 6, Epoch 9/10 => Loss 1.079, Train_accy 76.00:  90%|█████████ | 9/10 [00:12<00:01,  1.40s/it]
Task 6, Epoch 10/10 => Loss 0.942, Train_accy 72.00:  90%|█████████ | 9/10 [00:13<00:01,  1.40s/it]
Task 6, Epoch 10/10 => Loss 0.942, Train_accy 72.00: 100%|██████████| 10/10 [00:13<00:00,  1.39s/it]
Task 6, Epoch 10/10 => Loss 0.942, Train_accy 72.00: 100%|██████████| 10/10 [00:13<00:00,  1.39s/it]
2026-01-03 03:21:23,905 [inflora.py] => Task 6, Epoch 10/10 => Loss 0.942, Train_accy 72.00
Threshold:  0.9857142857142857
Skip Updating DualGPM for layer: 1
Skip Updating DualGPM for layer: 2
Layer 1 - Projection Matrix shape: torch.Size([768, 768])
Layer 2 - Projection Matrix shape: torch.Size([768, 768])
Layer 3 - Projection Matrix shape: torch.Size([768, 768])
Layer 4 - Projection Matrix shape: torch.Size([768, 768])
Layer 5 - Projection Matrix shape: torch.Size([768, 768])
Layer 6 - Projection Matrix shape: torch.Size([768, 768])
Layer 7 - Projection Matrix shape: torch.Size([768, 768])
Layer 8 - Projection Matrix shape: torch.Size([768, 768])
Layer 9 - Projection Matrix shape: torch.Size([768, 768])
Layer 10 - Projection Matrix shape: torch.Size([768, 768])
Layer 11 - Projection Matrix shape: torch.Size([768, 768])
Layer 12 - Projection Matrix shape: torch.Size([768, 768])
2026-01-03 03:21:51,072 [inflora.py] => Exemplar size: 0
2026-01-03 03:21:51,072 [trainer.py] => CNN: {'total': 64.69, '00-99': 84.77, '100-104': 0.41, '105-109': 0.0, '110-114': 0.0, '115-119': 0.0, '120-124': 0.0, '125-129': 0.0, '130-134': 92.0, '135-139': 100.0, '140-144': 100.0, '145-149': 84.0, '150-154': 96.0, '155-159': 72.0, '160-164': 96.0, '165-169': 92.0, '170-174': 88.0, '175-179': 96.0, '180-184': 92.0, '185-189': 84.0, '190-194': 100.0, '195-199': 96.0, 'old': 66.6, 'new': 0.0}
2026-01-03 03:21:51,072 [trainer.py] => CNN top1 curve: [84.98, 78.52, 74.89, 71.89, 68.79, 66.47, 64.69]
2026-01-03 03:21:51,072 [trainer.py] => Average Accuracy (CNN): 72.89
2026-01-03 03:21:51,080 [trainer.py] => All params: 102451025
2026-01-03 03:21:51,086 [trainer.py] => Trainable params: 261220
2026-01-03 03:21:51,086 [inflora.py] => Learning on 130-135

  0%|          | 0/10 [00:00<?, ?it/s]
Task 7, Epoch 1/10 => Loss 6.407, Train_accy 0.00:   0%|          | 0/10 [00:01<?, ?it/s]
Task 7, Epoch 1/10 => Loss 6.407, Train_accy 0.00:  10%|█         | 1/10 [00:01<00:12,  1.42s/it]
Task 7, Epoch 2/10 => Loss 5.359, Train_accy 8.00:  10%|█         | 1/10 [00:02<00:12,  1.42s/it]
Task 7, Epoch 2/10 => Loss 5.359, Train_accy 8.00:  20%|██        | 2/10 [00:02<00:11,  1.42s/it]
Task 7, Epoch 3/10 => Loss 4.607, Train_accy 8.00:  20%|██        | 2/10 [00:04<00:11,  1.42s/it]
Task 7, Epoch 3/10 => Loss 4.607, Train_accy 8.00:  30%|███       | 3/10 [00:04<00:09,  1.42s/it]
Task 7, Epoch 4/10 => Loss 3.981, Train_accy 20.00:  30%|███       | 3/10 [00:05<00:09,  1.42s/it]
Task 7, Epoch 4/10 => Loss 3.981, Train_accy 20.00:  40%|████      | 4/10 [00:05<00:08,  1.42s/it]
Task 7, Epoch 5/10 => Loss 3.242, Train_accy 28.00:  40%|████      | 4/10 [00:07<00:08,  1.42s/it]
Task 7, Epoch 5/10 => Loss 3.242, Train_accy 28.00:  50%|█████     | 5/10 [00:07<00:07,  1.42s/it]
Task 7, Epoch 6/10 => Loss 2.280, Train_accy 44.00:  50%|█████     | 5/10 [00:08<00:07,  1.42s/it]
Task 7, Epoch 6/10 => Loss 2.280, Train_accy 44.00:  60%|██████    | 6/10 [00:08<00:05,  1.43s/it]
Task 7, Epoch 7/10 => Loss 1.983, Train_accy 56.00:  60%|██████    | 6/10 [00:09<00:05,  1.43s/it]
Task 7, Epoch 7/10 => Loss 1.983, Train_accy 56.00:  70%|███████   | 7/10 [00:09<00:04,  1.42s/it]
Task 7, Epoch 8/10 => Loss 1.630, Train_accy 72.00:  70%|███████   | 7/10 [00:11<00:04,  1.42s/it]
Task 7, Epoch 8/10 => Loss 1.630, Train_accy 72.00:  80%|████████  | 8/10 [00:11<00:02,  1.42s/it]
Task 7, Epoch 9/10 => Loss 1.954, Train_accy 56.00:  80%|████████  | 8/10 [00:12<00:02,  1.42s/it]
Task 7, Epoch 9/10 => Loss 1.954, Train_accy 56.00:  90%|█████████ | 9/10 [00:12<00:01,  1.42s/it]
Task 7, Epoch 10/10 => Loss 0.912, Train_accy 88.00:  90%|█████████ | 9/10 [00:14<00:01,  1.42s/it]
Task 7, Epoch 10/10 => Loss 0.912, Train_accy 88.00: 100%|██████████| 10/10 [00:14<00:00,  1.42s/it]
Task 7, Epoch 10/10 => Loss 0.912, Train_accy 88.00: 100%|██████████| 10/10 [00:14<00:00,  1.42s/it]
2026-01-03 03:22:08,016 [inflora.py] => Task 7, Epoch 10/10 => Loss 0.912, Train_accy 88.00
Threshold:  0.9866666666666667
Skip Updating DualGPM for layer: 1
Layer 1 - Projection Matrix shape: torch.Size([768, 768])
Layer 2 - Projection Matrix shape: torch.Size([768, 768])
Layer 3 - Projection Matrix shape: torch.Size([768, 768])
Layer 4 - Projection Matrix shape: torch.Size([768, 768])
Layer 5 - Projection Matrix shape: torch.Size([768, 768])
Layer 6 - Projection Matrix shape: torch.Size([768, 768])
Layer 7 - Projection Matrix shape: torch.Size([768, 768])
Layer 8 - Projection Matrix shape: torch.Size([768, 768])
Layer 9 - Projection Matrix shape: torch.Size([768, 768])
Layer 10 - Projection Matrix shape: torch.Size([768, 768])
Layer 11 - Projection Matrix shape: torch.Size([768, 768])
Layer 12 - Projection Matrix shape: torch.Size([768, 768])
2026-01-03 03:22:35,418 [inflora.py] => Exemplar size: 0
2026-01-03 03:22:35,419 [trainer.py] => CNN: {'total': 61.81, '00-99': 84.64, '100-104': 0.83, '105-109': 0.0, '110-114': 0.0, '115-119': 0.0, '120-124': 0.0, '125-129': 0.0, '130-134': 0.0, '135-139': 88.0, '140-144': 80.0, '145-149': 96.0, '150-154': 84.0, '155-159': 84.0, '160-164': 96.0, '165-169': 100.0, '170-174': 96.0, '175-179': 84.0, '180-184': 92.0, '185-189': 92.0, '190-194': 92.0, '195-199': 96.0, 'old': 64.61, 'new': 0.0}
2026-01-03 03:22:35,419 [trainer.py] => CNN top1 curve: [84.98, 78.52, 74.89, 71.89, 68.79, 66.47, 64.69, 61.81]
2026-01-03 03:22:35,419 [trainer.py] => Average Accuracy (CNN): 71.50
2026-01-03 03:22:35,427 [trainer.py] => All params: 102451025
2026-01-03 03:22:35,431 [trainer.py] => Trainable params: 261220
2026-01-03 03:22:35,432 [inflora.py] => Learning on 135-140

  0%|          | 0/10 [00:00<?, ?it/s]
Task 8, Epoch 1/10 => Loss 5.761, Train_accy 0.00:   0%|          | 0/10 [00:01<?, ?it/s]
Task 8, Epoch 1/10 => Loss 5.761, Train_accy 0.00:  10%|█         | 1/10 [00:01<00:12,  1.44s/it]
Task 8, Epoch 2/10 => Loss 5.075, Train_accy 0.00:  10%|█         | 1/10 [00:02<00:12,  1.44s/it]
Task 8, Epoch 2/10 => Loss 5.075, Train_accy 0.00:  20%|██        | 2/10 [00:02<00:11,  1.45s/it]
Task 8, Epoch 3/10 => Loss 4.360, Train_accy 12.00:  20%|██        | 2/10 [00:04<00:11,  1.45s/it]
Task 8, Epoch 3/10 => Loss 4.360, Train_accy 12.00:  30%|███       | 3/10 [00:04<00:10,  1.45s/it]
Task 8, Epoch 4/10 => Loss 3.485, Train_accy 16.00:  30%|███       | 3/10 [00:05<00:10,  1.45s/it]
Task 8, Epoch 4/10 => Loss 3.485, Train_accy 16.00:  40%|████      | 4/10 [00:05<00:08,  1.46s/it]
Task 8, Epoch 5/10 => Loss 2.593, Train_accy 48.00:  40%|████      | 4/10 [00:07<00:08,  1.46s/it]
Task 8, Epoch 5/10 => Loss 2.593, Train_accy 48.00:  50%|█████     | 5/10 [00:07<00:07,  1.46s/it]
Task 8, Epoch 6/10 => Loss 1.993, Train_accy 56.00:  50%|█████     | 5/10 [00:08<00:07,  1.46s/it]
Task 8, Epoch 6/10 => Loss 1.993, Train_accy 56.00:  60%|██████    | 6/10 [00:08<00:05,  1.46s/it]
Task 8, Epoch 7/10 => Loss 1.516, Train_accy 68.00:  60%|██████    | 6/10 [00:10<00:05,  1.46s/it]
Task 8, Epoch 7/10 => Loss 1.516, Train_accy 68.00:  70%|███████   | 7/10 [00:10<00:04,  1.46s/it]
Task 8, Epoch 8/10 => Loss 1.300, Train_accy 80.00:  70%|███████   | 7/10 [00:11<00:04,  1.46s/it]
Task 8, Epoch 8/10 => Loss 1.300, Train_accy 80.00:  80%|████████  | 8/10 [00:11<00:02,  1.46s/it]
Task 8, Epoch 9/10 => Loss 0.955, Train_accy 88.00:  80%|████████  | 8/10 [00:13<00:02,  1.46s/it]
Task 8, Epoch 9/10 => Loss 0.955, Train_accy 88.00:  90%|█████████ | 9/10 [00:13<00:01,  1.50s/it]
Task 8, Epoch 10/10 => Loss 1.150, Train_accy 76.00:  90%|█████████ | 9/10 [00:14<00:01,  1.50s/it]
Task 8, Epoch 10/10 => Loss 1.150, Train_accy 76.00: 100%|██████████| 10/10 [00:14<00:00,  1.53s/it]
Task 8, Epoch 10/10 => Loss 1.150, Train_accy 76.00: 100%|██████████| 10/10 [00:14<00:00,  1.49s/it]
2026-01-03 03:22:53,049 [inflora.py] => Task 8, Epoch 10/10 => Loss 1.150, Train_accy 76.00
Threshold:  0.9876190476190476
Skip Updating DualGPM for layer: 1
Layer 1 - Projection Matrix shape: torch.Size([768, 768])
Layer 2 - Projection Matrix shape: torch.Size([768, 768])
Layer 3 - Projection Matrix shape: torch.Size([768, 768])
Layer 4 - Projection Matrix shape: torch.Size([768, 768])
Layer 5 - Projection Matrix shape: torch.Size([768, 768])
Layer 6 - Projection Matrix shape: torch.Size([768, 768])
Layer 7 - Projection Matrix shape: torch.Size([768, 768])
Layer 8 - Projection Matrix shape: torch.Size([768, 768])
Layer 9 - Projection Matrix shape: torch.Size([768, 768])
Layer 10 - Projection Matrix shape: torch.Size([768, 768])
Layer 11 - Projection Matrix shape: torch.Size([768, 768])
Layer 12 - Projection Matrix shape: torch.Size([768, 768])
2026-01-03 03:23:21,306 [inflora.py] => Exemplar size: 0
2026-01-03 03:23:21,306 [trainer.py] => CNN: {'total': 58.96, '00-99': 84.64, '100-104': 0.83, '105-109': 0.0, '110-114': 0.0, '115-119': 0.0, '120-124': 0.0, '125-129': 0.0, '130-134': 0.0, '135-139': 0.0, '140-144': 88.0, '145-149': 88.0, '150-154': 100.0, '155-159': 96.0, '160-164': 96.0, '165-169': 96.0, '170-174': 96.0, '175-179': 96.0, '180-184': 88.0, '185-189': 84.0, '190-194': 96.0, '195-199': 80.0, 'old': 61.81, 'new': 0.0}
2026-01-03 03:23:21,307 [trainer.py] => CNN top1 curve: [84.98, 78.52, 74.89, 71.89, 68.79, 66.47, 64.69, 61.81, 58.96]
2026-01-03 03:23:21,307 [trainer.py] => Average Accuracy (CNN): 70.11
2026-01-03 03:23:21,315 [trainer.py] => All params: 102451025
2026-01-03 03:23:21,321 [trainer.py] => Trainable params: 261220
2026-01-03 03:23:21,321 [inflora.py] => Learning on 140-145

  0%|          | 0/10 [00:00<?, ?it/s]
Task 9, Epoch 1/10 => Loss 4.669, Train_accy 16.00:   0%|          | 0/10 [00:01<?, ?it/s]
Task 9, Epoch 1/10 => Loss 4.669, Train_accy 16.00:  10%|█         | 1/10 [00:01<00:13,  1.46s/it]
Task 9, Epoch 2/10 => Loss 3.779, Train_accy 20.00:  10%|█         | 1/10 [00:02<00:13,  1.46s/it]
Task 9, Epoch 2/10 => Loss 3.779, Train_accy 20.00:  20%|██        | 2/10 [00:02<00:11,  1.47s/it]
Task 9, Epoch 3/10 => Loss 2.919, Train_accy 36.00:  20%|██        | 2/10 [00:04<00:11,  1.47s/it]
Task 9, Epoch 3/10 => Loss 2.919, Train_accy 36.00:  30%|███       | 3/10 [00:04<00:10,  1.47s/it]
Task 9, Epoch 4/10 => Loss 2.007, Train_accy 52.00:  30%|███       | 3/10 [00:05<00:10,  1.47s/it]
Task 9, Epoch 4/10 => Loss 2.007, Train_accy 52.00:  40%|████      | 4/10 [00:05<00:08,  1.48s/it]
Task 9, Epoch 5/10 => Loss 1.587, Train_accy 64.00:  40%|████      | 4/10 [00:07<00:08,  1.48s/it]
Task 9, Epoch 5/10 => Loss 1.587, Train_accy 64.00:  50%|█████     | 5/10 [00:07<00:07,  1.49s/it]
Task 9, Epoch 6/10 => Loss 1.220, Train_accy 76.00:  50%|█████     | 5/10 [00:08<00:07,  1.49s/it]
Task 9, Epoch 6/10 => Loss 1.220, Train_accy 76.00:  60%|██████    | 6/10 [00:08<00:05,  1.49s/it]
Task 9, Epoch 7/10 => Loss 1.213, Train_accy 72.00:  60%|██████    | 6/10 [00:10<00:05,  1.49s/it]
Task 9, Epoch 7/10 => Loss 1.213, Train_accy 72.00:  70%|███████   | 7/10 [00:10<00:04,  1.48s/it]
Task 9, Epoch 8/10 => Loss 0.944, Train_accy 84.00:  70%|███████   | 7/10 [00:11<00:04,  1.48s/it]
Task 9, Epoch 8/10 => Loss 0.944, Train_accy 84.00:  80%|████████  | 8/10 [00:11<00:02,  1.47s/it]
Task 9, Epoch 9/10 => Loss 0.765, Train_accy 80.00:  80%|████████  | 8/10 [00:13<00:02,  1.47s/it]
Task 9, Epoch 9/10 => Loss 0.765, Train_accy 80.00:  90%|█████████ | 9/10 [00:13<00:01,  1.47s/it]
Task 9, Epoch 10/10 => Loss 0.668, Train_accy 92.00:  90%|█████████ | 9/10 [00:14<00:01,  1.47s/it]
Task 9, Epoch 10/10 => Loss 0.668, Train_accy 92.00: 100%|██████████| 10/10 [00:14<00:00,  1.47s/it]
Task 9, Epoch 10/10 => Loss 0.668, Train_accy 92.00: 100%|██████████| 10/10 [00:14<00:00,  1.48s/it]
2026-01-03 03:23:38,894 [inflora.py] => Task 9, Epoch 10/10 => Loss 0.668, Train_accy 92.00
Threshold:  0.9885714285714285
Skip Updating DualGPM for layer: 1
Layer 1 - Projection Matrix shape: torch.Size([768, 768])
Layer 2 - Projection Matrix shape: torch.Size([768, 768])
Layer 3 - Projection Matrix shape: torch.Size([768, 768])
Layer 4 - Projection Matrix shape: torch.Size([768, 768])
Layer 5 - Projection Matrix shape: torch.Size([768, 768])
Layer 6 - Projection Matrix shape: torch.Size([768, 768])
Layer 7 - Projection Matrix shape: torch.Size([768, 768])
Layer 8 - Projection Matrix shape: torch.Size([768, 768])
Layer 9 - Projection Matrix shape: torch.Size([768, 768])
Layer 10 - Projection Matrix shape: torch.Size([768, 768])
Layer 11 - Projection Matrix shape: torch.Size([768, 768])
Layer 12 - Projection Matrix shape: torch.Size([768, 768])
2026-01-03 03:24:08,426 [inflora.py] => Exemplar size: 0
2026-01-03 03:24:08,426 [trainer.py] => CNN: {'total': 56.29, '00-99': 84.5, '100-104': 0.83, '105-109': 0.0, '110-114': 0.0, '115-119': 0.0, '120-124': 0.0, '125-129': 0.0, '130-134': 0.0, '135-139': 0.0, '140-144': 0.0, '145-149': 88.0, '150-154': 92.0, '155-159': 84.0, '160-164': 88.0, '165-169': 88.0, '170-174': 88.0, '175-179': 84.0, '180-184': 92.0, '185-189': 84.0, '190-194': 96.0, '195-199': 96.0, 'old': 58.87, 'new': 0.0}
2026-01-03 03:24:08,426 [trainer.py] => CNN top1 curve: [84.98, 78.52, 74.89, 71.89, 68.79, 66.47, 64.69, 61.81, 58.96, 56.29]
2026-01-03 03:24:08,427 [trainer.py] => Average Accuracy (CNN): 68.73
2026-01-03 03:24:08,437 [trainer.py] => All params: 102451025
2026-01-03 03:24:08,443 [trainer.py] => Trainable params: 261220
2026-01-03 03:24:08,443 [inflora.py] => Learning on 145-150

  0%|          | 0/10 [00:00<?, ?it/s]
Task 10, Epoch 1/10 => Loss 5.790, Train_accy 0.00:   0%|          | 0/10 [00:01<?, ?it/s]
Task 10, Epoch 1/10 => Loss 5.790, Train_accy 0.00:  10%|█         | 1/10 [00:01<00:13,  1.49s/it]
Task 10, Epoch 2/10 => Loss 4.792, Train_accy 4.00:  10%|█         | 1/10 [00:02<00:13,  1.49s/it]
Task 10, Epoch 2/10 => Loss 4.792, Train_accy 4.00:  20%|██        | 2/10 [00:02<00:11,  1.49s/it]
Task 10, Epoch 3/10 => Loss 4.112, Train_accy 8.00:  20%|██        | 2/10 [00:04<00:11,  1.49s/it]
Task 10, Epoch 3/10 => Loss 4.112, Train_accy 8.00:  30%|███       | 3/10 [00:04<00:10,  1.48s/it]
Task 10, Epoch 4/10 => Loss 3.655, Train_accy 20.00:  30%|███       | 3/10 [00:05<00:10,  1.48s/it]
Task 10, Epoch 4/10 => Loss 3.655, Train_accy 20.00:  40%|████      | 4/10 [00:05<00:08,  1.48s/it]
Task 10, Epoch 5/10 => Loss 2.674, Train_accy 28.00:  40%|████      | 4/10 [00:07<00:08,  1.48s/it]
Task 10, Epoch 5/10 => Loss 2.674, Train_accy 28.00:  50%|█████     | 5/10 [00:07<00:07,  1.49s/it]
Task 10, Epoch 6/10 => Loss 2.415, Train_accy 48.00:  50%|█████     | 5/10 [00:08<00:07,  1.49s/it]
Task 10, Epoch 6/10 => Loss 2.415, Train_accy 48.00:  60%|██████    | 6/10 [00:08<00:05,  1.49s/it]
Task 10, Epoch 7/10 => Loss 1.911, Train_accy 48.00:  60%|██████    | 6/10 [00:10<00:05,  1.49s/it]
Task 10, Epoch 7/10 => Loss 1.911, Train_accy 48.00:  70%|███████   | 7/10 [00:10<00:04,  1.53s/it]
Task 10, Epoch 8/10 => Loss 1.552, Train_accy 84.00:  70%|███████   | 7/10 [00:12<00:04,  1.53s/it]
Task 10, Epoch 8/10 => Loss 1.552, Train_accy 84.00:  80%|████████  | 8/10 [00:12<00:03,  1.56s/it]
Task 10, Epoch 9/10 => Loss 1.076, Train_accy 84.00:  80%|████████  | 8/10 [00:13<00:03,  1.56s/it]
Task 10, Epoch 9/10 => Loss 1.076, Train_accy 84.00:  90%|█████████ | 9/10 [00:13<00:01,  1.58s/it]
Task 10, Epoch 10/10 => Loss 1.187, Train_accy 76.00:  90%|█████████ | 9/10 [00:15<00:01,  1.58s/it]
Task 10, Epoch 10/10 => Loss 1.187, Train_accy 76.00: 100%|██████████| 10/10 [00:15<00:00,  1.60s/it]
Task 10, Epoch 10/10 => Loss 1.187, Train_accy 76.00: 100%|██████████| 10/10 [00:15<00:00,  1.54s/it]
2026-01-03 03:24:26,593 [inflora.py] => Task 10, Epoch 10/10 => Loss 1.187, Train_accy 76.00
Threshold:  0.9895238095238095
Layer 1 - Projection Matrix shape: torch.Size([768, 768])
Layer 2 - Projection Matrix shape: torch.Size([768, 768])
Layer 3 - Projection Matrix shape: torch.Size([768, 768])
Layer 4 - Projection Matrix shape: torch.Size([768, 768])
Layer 5 - Projection Matrix shape: torch.Size([768, 768])
Layer 6 - Projection Matrix shape: torch.Size([768, 768])
Layer 7 - Projection Matrix shape: torch.Size([768, 768])
Layer 8 - Projection Matrix shape: torch.Size([768, 768])
Layer 9 - Projection Matrix shape: torch.Size([768, 768])
Layer 10 - Projection Matrix shape: torch.Size([768, 768])
Layer 11 - Projection Matrix shape: torch.Size([768, 768])
Layer 12 - Projection Matrix shape: torch.Size([768, 768])
2026-01-03 03:24:56,702 [inflora.py] => Exemplar size: 0
2026-01-03 03:24:56,702 [trainer.py] => CNN: {'total': 54.6, '00-99': 84.6, '100-104': 0.83, '105-109': 0.0, '110-114': 0.0, '115-119': 0.0, '120-124': 0.0, '125-129': 0.0, '130-134': 0.0, '135-139': 0.0, '140-144': 0.0, '145-149': 0.0, '150-154': 88.0, '155-159': 96.0, '160-164': 92.0, '165-169': 96.0, '170-174': 96.0, '175-179': 92.0, '180-184': 92.0, '185-189': 92.0, '190-194': 96.0, '195-199': 92.0, 'old': 56.36, 'new': 0.0}
2026-01-03 03:24:56,702 [trainer.py] => CNN top1 curve: [84.98, 78.52, 74.89, 71.89, 68.79, 66.47, 64.69, 61.81, 58.96, 56.29, 54.6]
2026-01-03 03:24:56,702 [trainer.py] => Average Accuracy (CNN): 67.44
2026-01-03 03:24:56,707 [trainer.py] => All params: 102451025
2026-01-03 03:24:56,711 [trainer.py] => Trainable params: 261220
2026-01-03 03:24:56,711 [inflora.py] => Learning on 150-155

  0%|          | 0/10 [00:00<?, ?it/s]
Task 11, Epoch 1/10 => Loss 6.282, Train_accy 0.00:   0%|          | 0/10 [00:01<?, ?it/s]
Task 11, Epoch 1/10 => Loss 6.282, Train_accy 0.00:  10%|█         | 1/10 [00:01<00:13,  1.48s/it]
Task 11, Epoch 2/10 => Loss 5.475, Train_accy 0.00:  10%|█         | 1/10 [00:02<00:13,  1.48s/it]
Task 11, Epoch 2/10 => Loss 5.475, Train_accy 0.00:  20%|██        | 2/10 [00:02<00:11,  1.50s/it]
Task 11, Epoch 3/10 => Loss 4.440, Train_accy 12.00:  20%|██        | 2/10 [00:04<00:11,  1.50s/it]
Task 11, Epoch 3/10 => Loss 4.440, Train_accy 12.00:  30%|███       | 3/10 [00:04<00:10,  1.50s/it]
Task 11, Epoch 4/10 => Loss 3.826, Train_accy 12.00:  30%|███       | 3/10 [00:05<00:10,  1.50s/it]
Task 11, Epoch 4/10 => Loss 3.826, Train_accy 12.00:  40%|████      | 4/10 [00:05<00:08,  1.50s/it]
Task 11, Epoch 5/10 => Loss 3.056, Train_accy 44.00:  40%|████      | 4/10 [00:07<00:08,  1.50s/it]
Task 11, Epoch 5/10 => Loss 3.056, Train_accy 44.00:  50%|█████     | 5/10 [00:07<00:07,  1.50s/it]
Task 11, Epoch 6/10 => Loss 2.553, Train_accy 40.00:  50%|█████     | 5/10 [00:08<00:07,  1.50s/it]
Task 11, Epoch 6/10 => Loss 2.553, Train_accy 40.00:  60%|██████    | 6/10 [00:08<00:05,  1.50s/it]
Task 11, Epoch 7/10 => Loss 1.983, Train_accy 52.00:  60%|██████    | 6/10 [00:10<00:05,  1.50s/it]
Task 11, Epoch 7/10 => Loss 1.983, Train_accy 52.00:  70%|███████   | 7/10 [00:10<00:04,  1.50s/it]
Task 11, Epoch 8/10 => Loss 1.879, Train_accy 48.00:  70%|███████   | 7/10 [00:11<00:04,  1.50s/it]
Task 11, Epoch 8/10 => Loss 1.879, Train_accy 48.00:  80%|████████  | 8/10 [00:11<00:03,  1.50s/it]
Task 11, Epoch 9/10 => Loss 1.051, Train_accy 76.00:  80%|████████  | 8/10 [00:13<00:03,  1.50s/it]
Task 11, Epoch 9/10 => Loss 1.051, Train_accy 76.00:  90%|█████████ | 9/10 [00:13<00:01,  1.50s/it]
Task 11, Epoch 10/10 => Loss 1.209, Train_accy 68.00:  90%|█████████ | 9/10 [00:14<00:01,  1.50s/it]
Task 11, Epoch 10/10 => Loss 1.209, Train_accy 68.00: 100%|██████████| 10/10 [00:14<00:00,  1.50s/it]
Task 11, Epoch 10/10 => Loss 1.209, Train_accy 68.00: 100%|██████████| 10/10 [00:14<00:00,  1.50s/it]
2026-01-03 03:25:14,374 [inflora.py] => Task 11, Epoch 10/10 => Loss 1.209, Train_accy 68.00
Threshold:  0.9904761904761905
Skip Updating DualGPM for layer: 1
Skip Updating DualGPM for layer: 2
Layer 1 - Projection Matrix shape: torch.Size([768, 768])
Layer 2 - Projection Matrix shape: torch.Size([768, 768])
Layer 3 - Projection Matrix shape: torch.Size([768, 768])
Layer 4 - Projection Matrix shape: torch.Size([768, 768])
Layer 5 - Projection Matrix shape: torch.Size([768, 768])
Layer 6 - Projection Matrix shape: torch.Size([768, 768])
Layer 7 - Projection Matrix shape: torch.Size([768, 768])
Layer 8 - Projection Matrix shape: torch.Size([768, 768])
Layer 9 - Projection Matrix shape: torch.Size([768, 768])
Layer 10 - Projection Matrix shape: torch.Size([768, 768])
Layer 11 - Projection Matrix shape: torch.Size([768, 768])
Layer 12 - Projection Matrix shape: torch.Size([768, 768])
2026-01-03 03:25:44,786 [inflora.py] => Exemplar size: 0
2026-01-03 03:25:44,786 [trainer.py] => CNN: {'total': 52.8, '00-99': 84.57, '100-104': 0.83, '105-109': 0.0, '110-114': 0.0, '115-119': 0.0, '120-124': 0.0, '125-129': 0.0, '130-134': 0.0, '135-139': 0.0, '140-144': 0.0, '145-149': 0.0, '150-154': 0.0, '155-159': 84.0, '160-164': 100.0, '165-169': 96.0, '170-174': 92.0, '175-179': 88.0, '180-184': 88.0, '185-189': 88.0, '190-194': 88.0, '195-199': 100.0, 'old': 54.58, 'new': 0.0}
2026-01-03 03:25:44,786 [trainer.py] => CNN top1 curve: [84.98, 78.52, 74.89, 71.89, 68.79, 66.47, 64.69, 61.81, 58.96, 56.29, 54.6, 52.8]
2026-01-03 03:25:44,786 [trainer.py] => Average Accuracy (CNN): 66.22
2026-01-03 03:25:44,792 [trainer.py] => All params: 102451025
2026-01-03 03:25:44,796 [trainer.py] => Trainable params: 261220
2026-01-03 03:25:44,797 [inflora.py] => Learning on 155-160

  0%|          | 0/10 [00:00<?, ?it/s]
Task 12, Epoch 1/10 => Loss 6.345, Train_accy 0.00:   0%|          | 0/10 [00:01<?, ?it/s]
Task 12, Epoch 1/10 => Loss 6.345, Train_accy 0.00:  10%|█         | 1/10 [00:01<00:14,  1.57s/it]
Task 12, Epoch 2/10 => Loss 5.873, Train_accy 0.00:  10%|█         | 1/10 [00:03<00:14,  1.57s/it]
Task 12, Epoch 2/10 => Loss 5.873, Train_accy 0.00:  20%|██        | 2/10 [00:03<00:12,  1.58s/it]
Task 12, Epoch 3/10 => Loss 4.687, Train_accy 4.00:  20%|██        | 2/10 [00:04<00:12,  1.58s/it]
Task 12, Epoch 3/10 => Loss 4.687, Train_accy 4.00:  30%|███       | 3/10 [00:04<00:10,  1.56s/it]
Task 12, Epoch 4/10 => Loss 4.145, Train_accy 8.00:  30%|███       | 3/10 [00:06<00:10,  1.56s/it]
Task 12, Epoch 4/10 => Loss 4.145, Train_accy 8.00:  40%|████      | 4/10 [00:06<00:09,  1.57s/it]
Task 12, Epoch 5/10 => Loss 3.325, Train_accy 20.00:  40%|████      | 4/10 [00:07<00:09,  1.57s/it]
Task 12, Epoch 5/10 => Loss 3.325, Train_accy 20.00:  50%|█████     | 5/10 [00:07<00:07,  1.56s/it]
Task 12, Epoch 6/10 => Loss 2.646, Train_accy 48.00:  50%|█████     | 5/10 [00:09<00:07,  1.56s/it]
Task 12, Epoch 6/10 => Loss 2.646, Train_accy 48.00:  60%|██████    | 6/10 [00:09<00:06,  1.57s/it]
Task 12, Epoch 7/10 => Loss 2.383, Train_accy 52.00:  60%|██████    | 6/10 [00:10<00:06,  1.57s/it]
Task 12, Epoch 7/10 => Loss 2.383, Train_accy 52.00:  70%|███████   | 7/10 [00:10<00:04,  1.56s/it]
Task 12, Epoch 8/10 => Loss 2.089, Train_accy 60.00:  70%|███████   | 7/10 [00:12<00:04,  1.56s/it]
Task 12, Epoch 8/10 => Loss 2.089, Train_accy 60.00:  80%|████████  | 8/10 [00:12<00:03,  1.56s/it]
Task 12, Epoch 9/10 => Loss 1.850, Train_accy 56.00:  80%|████████  | 8/10 [00:14<00:03,  1.56s/it]
Task 12, Epoch 9/10 => Loss 1.850, Train_accy 56.00:  90%|█████████ | 9/10 [00:14<00:01,  1.56s/it]
Task 12, Epoch 10/10 => Loss 1.305, Train_accy 76.00:  90%|█████████ | 9/10 [00:15<00:01,  1.56s/it]
Task 12, Epoch 10/10 => Loss 1.305, Train_accy 76.00: 100%|██████████| 10/10 [00:15<00:00,  1.56s/it]
Task 12, Epoch 10/10 => Loss 1.305, Train_accy 76.00: 100%|██████████| 10/10 [00:15<00:00,  1.56s/it]
2026-01-03 03:26:03,308 [inflora.py] => Task 12, Epoch 10/10 => Loss 1.305, Train_accy 76.00
Threshold:  0.9914285714285714
Skip Updating DualGPM for layer: 1
Skip Updating DualGPM for layer: 2
Layer 1 - Projection Matrix shape: torch.Size([768, 768])
Layer 2 - Projection Matrix shape: torch.Size([768, 768])
Layer 3 - Projection Matrix shape: torch.Size([768, 768])
Layer 4 - Projection Matrix shape: torch.Size([768, 768])
Layer 5 - Projection Matrix shape: torch.Size([768, 768])
Layer 6 - Projection Matrix shape: torch.Size([768, 768])
Layer 7 - Projection Matrix shape: torch.Size([768, 768])
Layer 8 - Projection Matrix shape: torch.Size([768, 768])
Layer 9 - Projection Matrix shape: torch.Size([768, 768])
Layer 10 - Projection Matrix shape: torch.Size([768, 768])
Layer 11 - Projection Matrix shape: torch.Size([768, 768])
Layer 12 - Projection Matrix shape: torch.Size([768, 768])
2026-01-03 03:26:34,644 [inflora.py] => Exemplar size: 0
2026-01-03 03:26:34,644 [trainer.py] => CNN: {'total': 51.53, '00-99': 84.6, '100-104': 0.83, '105-109': 0.0, '110-114': 0.0, '115-119': 0.0, '120-124': 0.0, '125-129': 0.0, '130-134': 0.0, '135-139': 0.0, '140-144': 0.0, '145-149': 0.0, '150-154': 0.0, '155-159': 0.0, '160-164': 92.0, '165-169': 100.0, '170-174': 84.0, '175-179': 84.0, '180-184': 100.0, '185-189': 92.0, '190-194': 92.0, '195-199': 88.0, 'old': 52.82, 'new': 0.0}
2026-01-03 03:26:34,644 [trainer.py] => CNN top1 curve: [84.98, 78.52, 74.89, 71.89, 68.79, 66.47, 64.69, 61.81, 58.96, 56.29, 54.6, 52.8, 51.53]
2026-01-03 03:26:34,644 [trainer.py] => Average Accuracy (CNN): 65.09
2026-01-03 03:26:34,648 [trainer.py] => All params: 102451025
2026-01-03 03:26:34,651 [trainer.py] => Trainable params: 261220
2026-01-03 03:26:34,652 [inflora.py] => Learning on 160-165

  0%|          | 0/10 [00:00<?, ?it/s]
Task 13, Epoch 1/10 => Loss 6.124, Train_accy 0.00:   0%|          | 0/10 [00:01<?, ?it/s]
Task 13, Epoch 1/10 => Loss 6.124, Train_accy 0.00:  10%|█         | 1/10 [00:01<00:13,  1.52s/it]
Task 13, Epoch 2/10 => Loss 5.162, Train_accy 0.00:  10%|█         | 1/10 [00:03<00:13,  1.52s/it]
Task 13, Epoch 2/10 => Loss 5.162, Train_accy 0.00:  20%|██        | 2/10 [00:03<00:12,  1.53s/it]
Task 13, Epoch 3/10 => Loss 3.885, Train_accy 8.00:  20%|██        | 2/10 [00:04<00:12,  1.53s/it]
Task 13, Epoch 3/10 => Loss 3.885, Train_accy 8.00:  30%|███       | 3/10 [00:04<00:10,  1.53s/it]
Task 13, Epoch 4/10 => Loss 3.204, Train_accy 36.00:  30%|███       | 3/10 [00:06<00:10,  1.53s/it]
Task 13, Epoch 4/10 => Loss 3.204, Train_accy 36.00:  40%|████      | 4/10 [00:06<00:09,  1.53s/it]
Task 13, Epoch 5/10 => Loss 3.343, Train_accy 32.00:  40%|████      | 4/10 [00:07<00:09,  1.53s/it]
Task 13, Epoch 5/10 => Loss 3.343, Train_accy 32.00:  50%|█████     | 5/10 [00:07<00:07,  1.58s/it]
Task 13, Epoch 6/10 => Loss 2.062, Train_accy 72.00:  50%|█████     | 5/10 [00:09<00:07,  1.58s/it]
Task 13, Epoch 6/10 => Loss 2.062, Train_accy 72.00:  60%|██████    | 6/10 [00:09<00:06,  1.61s/it]
Task 13, Epoch 7/10 => Loss 1.710, Train_accy 76.00:  60%|██████    | 6/10 [00:11<00:06,  1.61s/it]
Task 13, Epoch 7/10 => Loss 1.710, Train_accy 76.00:  70%|███████   | 7/10 [00:11<00:04,  1.62s/it]
Task 13, Epoch 8/10 => Loss 1.641, Train_accy 72.00:  70%|███████   | 7/10 [00:12<00:04,  1.62s/it]
Task 13, Epoch 8/10 => Loss 1.641, Train_accy 72.00:  80%|████████  | 8/10 [00:12<00:03,  1.63s/it]
Task 13, Epoch 9/10 => Loss 1.560, Train_accy 72.00:  80%|████████  | 8/10 [00:14<00:03,  1.63s/it]
Task 13, Epoch 9/10 => Loss 1.560, Train_accy 72.00:  90%|█████████ | 9/10 [00:14<00:01,  1.64s/it]
Task 13, Epoch 10/10 => Loss 1.086, Train_accy 88.00:  90%|█████████ | 9/10 [00:16<00:01,  1.64s/it]
Task 13, Epoch 10/10 => Loss 1.086, Train_accy 88.00: 100%|██████████| 10/10 [00:16<00:00,  1.66s/it]
Task 13, Epoch 10/10 => Loss 1.086, Train_accy 88.00: 100%|██████████| 10/10 [00:16<00:00,  1.61s/it]
2026-01-03 03:26:53,640 [inflora.py] => Task 13, Epoch 10/10 => Loss 1.086, Train_accy 88.00
Threshold:  0.9923809523809524
Skip Updating DualGPM for layer: 1
Layer 1 - Projection Matrix shape: torch.Size([768, 768])
Layer 2 - Projection Matrix shape: torch.Size([768, 768])
Layer 3 - Projection Matrix shape: torch.Size([768, 768])
Layer 4 - Projection Matrix shape: torch.Size([768, 768])
Layer 5 - Projection Matrix shape: torch.Size([768, 768])
Layer 6 - Projection Matrix shape: torch.Size([768, 768])
Layer 7 - Projection Matrix shape: torch.Size([768, 768])
Layer 8 - Projection Matrix shape: torch.Size([768, 768])
Layer 9 - Projection Matrix shape: torch.Size([768, 768])
Layer 10 - Projection Matrix shape: torch.Size([768, 768])
Layer 11 - Projection Matrix shape: torch.Size([768, 768])
Layer 12 - Projection Matrix shape: torch.Size([768, 768])
2026-01-03 03:27:25,004 [inflora.py] => Exemplar size: 0
2026-01-03 03:27:25,005 [trainer.py] => CNN: {'total': 49.78, '00-99': 84.67, '100-104': 0.83, '105-109': 0.0, '110-114': 0.0, '115-119': 0.0, '120-124': 0.0, '125-129': 0.0, '130-134': 0.0, '135-139': 0.0, '140-144': 0.0, '145-149': 0.0, '150-154': 0.0, '155-159': 0.0, '160-164': 0.0, '165-169': 92.0, '170-174': 88.0, '175-179': 76.0, '180-184': 92.0, '185-189': 92.0, '190-194': 96.0, '195-199': 100.0, 'old': 51.58, 'new': 0.0}
2026-01-03 03:27:25,005 [trainer.py] => CNN top1 curve: [84.98, 78.52, 74.89, 71.89, 68.79, 66.47, 64.69, 61.81, 58.96, 56.29, 54.6, 52.8, 51.53, 49.78]
2026-01-03 03:27:25,005 [trainer.py] => Average Accuracy (CNN): 64.00
2026-01-03 03:27:25,012 [trainer.py] => All params: 102451025
2026-01-03 03:27:25,017 [trainer.py] => Trainable params: 261220
2026-01-03 03:27:25,017 [inflora.py] => Learning on 165-170

  0%|          | 0/10 [00:00<?, ?it/s]
Task 14, Epoch 1/10 => Loss 5.579, Train_accy 0.00:   0%|          | 0/10 [00:02<?, ?it/s]
Task 14, Epoch 1/10 => Loss 5.579, Train_accy 0.00:  10%|█         | 1/10 [00:02<00:18,  2.05s/it]
Task 14, Epoch 2/10 => Loss 4.823, Train_accy 8.00:  10%|█         | 1/10 [00:03<00:18,  2.05s/it]
Task 14, Epoch 2/10 => Loss 4.823, Train_accy 8.00:  20%|██        | 2/10 [00:03<00:15,  1.98s/it]
Task 14, Epoch 3/10 => Loss 3.874, Train_accy 16.00:  20%|██        | 2/10 [00:05<00:15,  1.98s/it]
Task 14, Epoch 3/10 => Loss 3.874, Train_accy 16.00:  30%|███       | 3/10 [00:05<00:13,  1.98s/it]
Task 14, Epoch 4/10 => Loss 2.962, Train_accy 32.00:  30%|███       | 3/10 [00:07<00:13,  1.98s/it]
Task 14, Epoch 4/10 => Loss 2.962, Train_accy 32.00:  40%|████      | 4/10 [00:07<00:11,  1.94s/it]
Task 14, Epoch 5/10 => Loss 2.296, Train_accy 44.00:  40%|████      | 4/10 [00:09<00:11,  1.94s/it]
Task 14, Epoch 5/10 => Loss 2.296, Train_accy 44.00:  50%|█████     | 5/10 [00:09<00:09,  1.94s/it]
Task 14, Epoch 6/10 => Loss 2.204, Train_accy 56.00:  50%|█████     | 5/10 [00:11<00:09,  1.94s/it]
Task 14, Epoch 6/10 => Loss 2.204, Train_accy 56.00:  60%|██████    | 6/10 [00:11<00:08,  2.00s/it]
Task 14, Epoch 7/10 => Loss 1.700, Train_accy 60.00:  60%|██████    | 6/10 [00:14<00:08,  2.00s/it]
Task 14, Epoch 7/10 => Loss 1.700, Train_accy 60.00:  70%|███████   | 7/10 [00:14<00:06,  2.04s/it]
Task 14, Epoch 8/10 => Loss 1.288, Train_accy 64.00:  70%|███████   | 7/10 [00:16<00:06,  2.04s/it]
Task 14, Epoch 8/10 => Loss 1.288, Train_accy 64.00:  80%|████████  | 8/10 [00:16<00:04,  2.06s/it]
Task 14, Epoch 9/10 => Loss 1.278, Train_accy 80.00:  80%|████████  | 8/10 [00:18<00:04,  2.06s/it]
Task 14, Epoch 9/10 => Loss 1.278, Train_accy 80.00:  90%|█████████ | 9/10 [00:18<00:02,  2.05s/it]
Task 14, Epoch 10/10 => Loss 0.996, Train_accy 84.00:  90%|█████████ | 9/10 [00:20<00:02,  2.05s/it]
Task 14, Epoch 10/10 => Loss 0.996, Train_accy 84.00: 100%|██████████| 10/10 [00:20<00:00,  2.04s/it]
Task 14, Epoch 10/10 => Loss 0.996, Train_accy 84.00: 100%|██████████| 10/10 [00:20<00:00,  2.02s/it]
2026-01-03 03:27:48,506 [inflora.py] => Task 14, Epoch 10/10 => Loss 0.996, Train_accy 84.00
Threshold:  0.9933333333333333
Skip Updating DualGPM for layer: 1
Layer 1 - Projection Matrix shape: torch.Size([768, 768])
Layer 2 - Projection Matrix shape: torch.Size([768, 768])
Layer 3 - Projection Matrix shape: torch.Size([768, 768])
Layer 4 - Projection Matrix shape: torch.Size([768, 768])
Layer 5 - Projection Matrix shape: torch.Size([768, 768])
Layer 6 - Projection Matrix shape: torch.Size([768, 768])
Layer 7 - Projection Matrix shape: torch.Size([768, 768])
Layer 8 - Projection Matrix shape: torch.Size([768, 768])
Layer 9 - Projection Matrix shape: torch.Size([768, 768])
Layer 10 - Projection Matrix shape: torch.Size([768, 768])
Layer 11 - Projection Matrix shape: torch.Size([768, 768])
Layer 12 - Projection Matrix shape: torch.Size([768, 768])
2026-01-03 03:28:20,049 [inflora.py] => Exemplar size: 0
2026-01-03 03:28:20,050 [trainer.py] => CNN: {'total': 47.87, '00-99': 84.64, '100-104': 0.83, '105-109': 0.0, '110-114': 0.0, '115-119': 0.0, '120-124': 0.0, '125-129': 0.0, '130-134': 0.0, '135-139': 0.0, '140-144': 0.0, '145-149': 0.0, '150-154': 0.0, '155-159': 0.0, '160-164': 0.0, '165-169': 0.0, '170-174': 96.0, '175-179': 92.0, '180-184': 96.0, '185-189': 88.0, '190-194': 84.0, '195-199': 92.0, 'old': 49.76, 'new': 0.0}
2026-01-03 03:28:20,050 [trainer.py] => CNN top1 curve: [84.98, 78.52, 74.89, 71.89, 68.79, 66.47, 64.69, 61.81, 58.96, 56.29, 54.6, 52.8, 51.53, 49.78, 47.87]
2026-01-03 03:28:20,050 [trainer.py] => Average Accuracy (CNN): 62.92
2026-01-03 03:28:20,058 [trainer.py] => All params: 102451025
2026-01-03 03:28:20,063 [trainer.py] => Trainable params: 261220
2026-01-03 03:28:20,063 [inflora.py] => Learning on 170-175

  0%|          | 0/10 [00:00<?, ?it/s]
Task 15, Epoch 1/10 => Loss 6.109, Train_accy 0.00:   0%|          | 0/10 [00:01<?, ?it/s]
Task 15, Epoch 1/10 => Loss 6.109, Train_accy 0.00:  10%|█         | 1/10 [00:01<00:13,  1.56s/it]
Task 15, Epoch 2/10 => Loss 5.454, Train_accy 0.00:  10%|█         | 1/10 [00:03<00:13,  1.56s/it]
Task 15, Epoch 2/10 => Loss 5.454, Train_accy 0.00:  20%|██        | 2/10 [00:03<00:12,  1.56s/it]
Task 15, Epoch 3/10 => Loss 4.692, Train_accy 8.00:  20%|██        | 2/10 [00:04<00:12,  1.56s/it]
Task 15, Epoch 3/10 => Loss 4.692, Train_accy 8.00:  30%|███       | 3/10 [00:04<00:10,  1.55s/it]
Task 15, Epoch 4/10 => Loss 4.186, Train_accy 24.00:  30%|███       | 3/10 [00:06<00:10,  1.55s/it]
Task 15, Epoch 4/10 => Loss 4.186, Train_accy 24.00:  40%|████      | 4/10 [00:06<00:09,  1.55s/it]
Task 15, Epoch 5/10 => Loss 3.226, Train_accy 28.00:  40%|████      | 4/10 [00:07<00:09,  1.55s/it]
Task 15, Epoch 5/10 => Loss 3.226, Train_accy 28.00:  50%|█████     | 5/10 [00:07<00:07,  1.56s/it]
Task 15, Epoch 6/10 => Loss 2.476, Train_accy 48.00:  50%|█████     | 5/10 [00:09<00:07,  1.56s/it]
Task 15, Epoch 6/10 => Loss 2.476, Train_accy 48.00:  60%|██████    | 6/10 [00:09<00:06,  1.55s/it]
Task 15, Epoch 7/10 => Loss 2.112, Train_accy 52.00:  60%|██████    | 6/10 [00:10<00:06,  1.55s/it]
Task 15, Epoch 7/10 => Loss 2.112, Train_accy 52.00:  70%|███████   | 7/10 [00:10<00:04,  1.55s/it]
Task 15, Epoch 8/10 => Loss 2.084, Train_accy 52.00:  70%|███████   | 7/10 [00:12<00:04,  1.55s/it]
Task 15, Epoch 8/10 => Loss 2.084, Train_accy 52.00:  80%|████████  | 8/10 [00:12<00:03,  1.55s/it]
Task 15, Epoch 9/10 => Loss 1.563, Train_accy 64.00:  80%|████████  | 8/10 [00:13<00:03,  1.55s/it]
Task 15, Epoch 9/10 => Loss 1.563, Train_accy 64.00:  90%|█████████ | 9/10 [00:13<00:01,  1.55s/it]
Task 15, Epoch 10/10 => Loss 1.463, Train_accy 64.00:  90%|█████████ | 9/10 [00:15<00:01,  1.55s/it]
Task 15, Epoch 10/10 => Loss 1.463, Train_accy 64.00: 100%|██████████| 10/10 [00:15<00:00,  1.55s/it]
Task 15, Epoch 10/10 => Loss 1.463, Train_accy 64.00: 100%|██████████| 10/10 [00:15<00:00,  1.55s/it]
2026-01-03 03:28:38,430 [inflora.py] => Task 15, Epoch 10/10 => Loss 1.463, Train_accy 64.00
Threshold:  0.9942857142857143
Skip Updating DualGPM for layer: 1
Layer 1 - Projection Matrix shape: torch.Size([768, 768])
Layer 2 - Projection Matrix shape: torch.Size([768, 768])
Layer 3 - Projection Matrix shape: torch.Size([768, 768])
Layer 4 - Projection Matrix shape: torch.Size([768, 768])
Layer 5 - Projection Matrix shape: torch.Size([768, 768])
Layer 6 - Projection Matrix shape: torch.Size([768, 768])
Layer 7 - Projection Matrix shape: torch.Size([768, 768])
Layer 8 - Projection Matrix shape: torch.Size([768, 768])
Layer 9 - Projection Matrix shape: torch.Size([768, 768])
Layer 10 - Projection Matrix shape: torch.Size([768, 768])
Layer 11 - Projection Matrix shape: torch.Size([768, 768])
Layer 12 - Projection Matrix shape: torch.Size([768, 768])
2026-01-03 03:29:09,723 [inflora.py] => Exemplar size: 0
2026-01-03 03:29:09,723 [trainer.py] => CNN: {'total': 46.58, '00-99': 84.6, '100-104': 0.83, '105-109': 0.0, '110-114': 0.0, '115-119': 0.0, '120-124': 0.0, '125-129': 0.0, '130-134': 0.0, '135-139': 0.0, '140-144': 0.0, '145-149': 0.0, '150-154': 0.0, '155-159': 0.0, '160-164': 0.0, '165-169': 0.0, '170-174': 0.0, '175-179': 84.0, '180-184': 100.0, '185-189': 96.0, '190-194': 92.0, '195-199': 92.0, 'old': 47.85, 'new': 0.0}
2026-01-03 03:29:09,723 [trainer.py] => CNN top1 curve: [84.98, 78.52, 74.89, 71.89, 68.79, 66.47, 64.69, 61.81, 58.96, 56.29, 54.6, 52.8, 51.53, 49.78, 47.87, 46.58]
2026-01-03 03:29:09,723 [trainer.py] => Average Accuracy (CNN): 61.90
2026-01-03 03:29:09,728 [trainer.py] => All params: 102451025
2026-01-03 03:29:09,732 [trainer.py] => Trainable params: 261220
2026-01-03 03:29:09,732 [inflora.py] => Learning on 175-180

  0%|          | 0/10 [00:00<?, ?it/s]
Task 16, Epoch 1/10 => Loss 5.968, Train_accy 0.00:   0%|          | 0/10 [00:01<?, ?it/s]
Task 16, Epoch 1/10 => Loss 5.968, Train_accy 0.00:  10%|█         | 1/10 [00:01<00:13,  1.54s/it]
Task 16, Epoch 2/10 => Loss 5.321, Train_accy 4.00:  10%|█         | 1/10 [00:03<00:13,  1.54s/it]
Task 16, Epoch 2/10 => Loss 5.321, Train_accy 4.00:  20%|██        | 2/10 [00:03<00:12,  1.56s/it]
Task 16, Epoch 3/10 => Loss 4.800, Train_accy 4.00:  20%|██        | 2/10 [00:04<00:12,  1.56s/it]
Task 16, Epoch 3/10 => Loss 4.800, Train_accy 4.00:  30%|███       | 3/10 [00:04<00:10,  1.55s/it]
Task 16, Epoch 4/10 => Loss 3.799, Train_accy 20.00:  30%|███       | 3/10 [00:06<00:10,  1.55s/it]
Task 16, Epoch 4/10 => Loss 3.799, Train_accy 20.00:  40%|████      | 4/10 [00:06<00:09,  1.57s/it]
Task 16, Epoch 5/10 => Loss 2.984, Train_accy 24.00:  40%|████      | 4/10 [00:07<00:09,  1.57s/it]
Task 16, Epoch 5/10 => Loss 2.984, Train_accy 24.00:  50%|█████     | 5/10 [00:07<00:07,  1.56s/it]
Task 16, Epoch 6/10 => Loss 2.540, Train_accy 32.00:  50%|█████     | 5/10 [00:09<00:07,  1.56s/it]
Task 16, Epoch 6/10 => Loss 2.540, Train_accy 32.00:  60%|██████    | 6/10 [00:09<00:06,  1.57s/it]
Task 16, Epoch 7/10 => Loss 2.111, Train_accy 56.00:  60%|██████    | 6/10 [00:10<00:06,  1.57s/it]
Task 16, Epoch 7/10 => Loss 2.111, Train_accy 56.00:  70%|███████   | 7/10 [00:10<00:04,  1.56s/it]
Task 16, Epoch 8/10 => Loss 1.534, Train_accy 52.00:  70%|███████   | 7/10 [00:12<00:04,  1.56s/it]
Task 16, Epoch 8/10 => Loss 1.534, Train_accy 52.00:  80%|████████  | 8/10 [00:12<00:03,  1.56s/it]
Task 16, Epoch 9/10 => Loss 1.507, Train_accy 72.00:  80%|████████  | 8/10 [00:14<00:03,  1.56s/it]
Task 16, Epoch 9/10 => Loss 1.507, Train_accy 72.00:  90%|█████████ | 9/10 [00:14<00:01,  1.56s/it]
Task 16, Epoch 10/10 => Loss 1.108, Train_accy 84.00:  90%|█████████ | 9/10 [00:15<00:01,  1.56s/it]
Task 16, Epoch 10/10 => Loss 1.108, Train_accy 84.00: 100%|██████████| 10/10 [00:15<00:00,  1.56s/it]
Task 16, Epoch 10/10 => Loss 1.108, Train_accy 84.00: 100%|██████████| 10/10 [00:15<00:00,  1.56s/it]
2026-01-03 03:29:28,267 [inflora.py] => Task 16, Epoch 10/10 => Loss 1.108, Train_accy 84.00
Threshold:  0.9952380952380953
Layer 1 - Projection Matrix shape: torch.Size([768, 768])
Layer 2 - Projection Matrix shape: torch.Size([768, 768])
Layer 3 - Projection Matrix shape: torch.Size([768, 768])
Layer 4 - Projection Matrix shape: torch.Size([768, 768])
Layer 5 - Projection Matrix shape: torch.Size([768, 768])
Layer 6 - Projection Matrix shape: torch.Size([768, 768])
Layer 7 - Projection Matrix shape: torch.Size([768, 768])
Layer 8 - Projection Matrix shape: torch.Size([768, 768])
Layer 9 - Projection Matrix shape: torch.Size([768, 768])
Layer 10 - Projection Matrix shape: torch.Size([768, 768])
Layer 11 - Projection Matrix shape: torch.Size([768, 768])
Layer 12 - Projection Matrix shape: torch.Size([768, 768])
2026-01-03 03:29:59,396 [inflora.py] => Exemplar size: 0
2026-01-03 03:29:59,396 [trainer.py] => CNN: {'total': 45.28, '00-99': 84.74, '100-104': 0.83, '105-109': 0.0, '110-114': 0.0, '115-119': 0.0, '120-124': 0.0, '125-129': 0.0, '130-134': 0.0, '135-139': 0.0, '140-144': 0.0, '145-149': 0.0, '150-154': 0.0, '155-159': 0.0, '160-164': 0.0, '165-169': 0.0, '170-174': 0.0, '175-179': 0.0, '180-184': 92.0, '185-189': 84.0, '190-194': 96.0, '195-199': 88.0, 'old': 46.66, 'new': 0.0}
2026-01-03 03:29:59,396 [trainer.py] => CNN top1 curve: [84.98, 78.52, 74.89, 71.89, 68.79, 66.47, 64.69, 61.81, 58.96, 56.29, 54.6, 52.8, 51.53, 49.78, 47.87, 46.58, 45.28]
2026-01-03 03:29:59,396 [trainer.py] => Average Accuracy (CNN): 60.93
2026-01-03 03:29:59,403 [trainer.py] => All params: 102451025
2026-01-03 03:29:59,409 [trainer.py] => Trainable params: 261220
2026-01-03 03:29:59,409 [inflora.py] => Learning on 180-185

  0%|          | 0/10 [00:00<?, ?it/s]
Task 17, Epoch 1/10 => Loss 6.158, Train_accy 0.00:   0%|          | 0/10 [00:01<?, ?it/s]
Task 17, Epoch 1/10 => Loss 6.158, Train_accy 0.00:  10%|█         | 1/10 [00:01<00:15,  1.74s/it]
Task 17, Epoch 2/10 => Loss 5.287, Train_accy 0.00:  10%|█         | 1/10 [00:03<00:15,  1.74s/it]
Task 17, Epoch 2/10 => Loss 5.287, Train_accy 0.00:  20%|██        | 2/10 [00:03<00:13,  1.65s/it]
Task 17, Epoch 3/10 => Loss 3.976, Train_accy 4.00:  20%|██        | 2/10 [00:04<00:13,  1.65s/it]
Task 17, Epoch 3/10 => Loss 3.976, Train_accy 4.00:  30%|███       | 3/10 [00:04<00:11,  1.61s/it]
Task 17, Epoch 4/10 => Loss 3.681, Train_accy 8.00:  30%|███       | 3/10 [00:06<00:11,  1.61s/it]
Task 17, Epoch 4/10 => Loss 3.681, Train_accy 8.00:  40%|████      | 4/10 [00:06<00:09,  1.60s/it]
Task 17, Epoch 5/10 => Loss 3.115, Train_accy 32.00:  40%|████      | 4/10 [00:08<00:09,  1.60s/it]
Task 17, Epoch 5/10 => Loss 3.115, Train_accy 32.00:  50%|█████     | 5/10 [00:08<00:08,  1.60s/it]
Task 17, Epoch 6/10 => Loss 2.651, Train_accy 44.00:  50%|█████     | 5/10 [00:09<00:08,  1.60s/it]
Task 17, Epoch 6/10 => Loss 2.651, Train_accy 44.00:  60%|██████    | 6/10 [00:09<00:06,  1.59s/it]
Task 17, Epoch 7/10 => Loss 1.978, Train_accy 60.00:  60%|██████    | 6/10 [00:11<00:06,  1.59s/it]
Task 17, Epoch 7/10 => Loss 1.978, Train_accy 60.00:  70%|███████   | 7/10 [00:11<00:04,  1.59s/it]
Task 17, Epoch 8/10 => Loss 2.154, Train_accy 56.00:  70%|███████   | 7/10 [00:12<00:04,  1.59s/it]
Task 17, Epoch 8/10 => Loss 2.154, Train_accy 56.00:  80%|████████  | 8/10 [00:12<00:03,  1.59s/it]
Task 17, Epoch 9/10 => Loss 1.787, Train_accy 56.00:  80%|████████  | 8/10 [00:14<00:03,  1.59s/it]
Task 17, Epoch 9/10 => Loss 1.787, Train_accy 56.00:  90%|█████████ | 9/10 [00:14<00:01,  1.58s/it]
Task 17, Epoch 10/10 => Loss 1.645, Train_accy 72.00:  90%|█████████ | 9/10 [00:15<00:01,  1.58s/it]
Task 17, Epoch 10/10 => Loss 1.645, Train_accy 72.00: 100%|██████████| 10/10 [00:15<00:00,  1.58s/it]
Task 17, Epoch 10/10 => Loss 1.645, Train_accy 72.00: 100%|██████████| 10/10 [00:15<00:00,  1.60s/it]
2026-01-03 03:30:18,250 [inflora.py] => Task 17, Epoch 10/10 => Loss 1.645, Train_accy 72.00
Threshold:  0.9961904761904762
Layer 1 - Projection Matrix shape: torch.Size([768, 768])
Layer 2 - Projection Matrix shape: torch.Size([768, 768])
Layer 3 - Projection Matrix shape: torch.Size([768, 768])
Layer 4 - Projection Matrix shape: torch.Size([768, 768])
Layer 5 - Projection Matrix shape: torch.Size([768, 768])
Layer 6 - Projection Matrix shape: torch.Size([768, 768])
Layer 7 - Projection Matrix shape: torch.Size([768, 768])
Layer 8 - Projection Matrix shape: torch.Size([768, 768])
Layer 9 - Projection Matrix shape: torch.Size([768, 768])
Layer 10 - Projection Matrix shape: torch.Size([768, 768])
Layer 11 - Projection Matrix shape: torch.Size([768, 768])
Layer 12 - Projection Matrix shape: torch.Size([768, 768])
2026-01-03 03:30:49,493 [inflora.py] => Exemplar size: 0
2026-01-03 03:30:49,494 [trainer.py] => CNN: {'total': 44.29, '00-99': 84.71, '100-104': 0.83, '105-109': 0.0, '110-114': 0.0, '115-119': 0.0, '120-124': 0.0, '125-129': 0.0, '130-134': 0.0, '135-139': 0.0, '140-144': 0.0, '145-149': 0.0, '150-154': 0.0, '155-159': 0.0, '160-164': 0.0, '165-169': 0.0, '170-174': 0.0, '175-179': 0.0, '180-184': 0.0, '185-189': 84.0, '190-194': 92.0, '195-199': 88.0, 'old': 45.26, 'new': 0.0}
2026-01-03 03:30:49,494 [trainer.py] => CNN top1 curve: [84.98, 78.52, 74.89, 71.89, 68.79, 66.47, 64.69, 61.81, 58.96, 56.29, 54.6, 52.8, 51.53, 49.78, 47.87, 46.58, 45.28, 44.29]
2026-01-03 03:30:49,494 [trainer.py] => Average Accuracy (CNN): 60.00
2026-01-03 03:30:49,500 [trainer.py] => All params: 102451025
2026-01-03 03:30:49,505 [trainer.py] => Trainable params: 261220
2026-01-03 03:30:49,505 [inflora.py] => Learning on 185-190

  0%|          | 0/10 [00:00<?, ?it/s]
Task 18, Epoch 1/10 => Loss 6.276, Train_accy 0.00:   0%|          | 0/10 [00:01<?, ?it/s]
Task 18, Epoch 1/10 => Loss 6.276, Train_accy 0.00:  10%|█         | 1/10 [00:01<00:14,  1.60s/it]
Task 18, Epoch 2/10 => Loss 5.337, Train_accy 0.00:  10%|█         | 1/10 [00:03<00:14,  1.60s/it]
Task 18, Epoch 2/10 => Loss 5.337, Train_accy 0.00:  20%|██        | 2/10 [00:03<00:12,  1.59s/it]
Task 18, Epoch 3/10 => Loss 4.560, Train_accy 4.00:  20%|██        | 2/10 [00:04<00:12,  1.59s/it]
Task 18, Epoch 3/10 => Loss 4.560, Train_accy 4.00:  30%|███       | 3/10 [00:04<00:11,  1.60s/it]
Task 18, Epoch 4/10 => Loss 3.682, Train_accy 8.00:  30%|███       | 3/10 [00:06<00:11,  1.60s/it]
Task 18, Epoch 4/10 => Loss 3.682, Train_accy 8.00:  40%|████      | 4/10 [00:06<00:09,  1.60s/it]
Task 18, Epoch 5/10 => Loss 3.122, Train_accy 28.00:  40%|████      | 4/10 [00:08<00:09,  1.60s/it]
Task 18, Epoch 5/10 => Loss 3.122, Train_accy 28.00:  50%|█████     | 5/10 [00:08<00:08,  1.61s/it]
Task 18, Epoch 6/10 => Loss 2.688, Train_accy 36.00:  50%|█████     | 5/10 [00:09<00:08,  1.61s/it]
Task 18, Epoch 6/10 => Loss 2.688, Train_accy 36.00:  60%|██████    | 6/10 [00:09<00:06,  1.60s/it]
Task 18, Epoch 7/10 => Loss 2.016, Train_accy 64.00:  60%|██████    | 6/10 [00:11<00:06,  1.60s/it]
Task 18, Epoch 7/10 => Loss 2.016, Train_accy 64.00:  70%|███████   | 7/10 [00:11<00:04,  1.61s/it]
Task 18, Epoch 8/10 => Loss 1.733, Train_accy 68.00:  70%|███████   | 7/10 [00:12<00:04,  1.61s/it]
Task 18, Epoch 8/10 => Loss 1.733, Train_accy 68.00:  80%|████████  | 8/10 [00:12<00:03,  1.60s/it]
Task 18, Epoch 9/10 => Loss 1.443, Train_accy 84.00:  80%|████████  | 8/10 [00:14<00:03,  1.60s/it]
Task 18, Epoch 9/10 => Loss 1.443, Train_accy 84.00:  90%|█████████ | 9/10 [00:14<00:01,  1.60s/it]
Task 18, Epoch 10/10 => Loss 1.376, Train_accy 76.00:  90%|█████████ | 9/10 [00:16<00:01,  1.60s/it]
Task 18, Epoch 10/10 => Loss 1.376, Train_accy 76.00: 100%|██████████| 10/10 [00:16<00:00,  1.61s/it]
Task 18, Epoch 10/10 => Loss 1.376, Train_accy 76.00: 100%|██████████| 10/10 [00:16<00:00,  1.60s/it]
2026-01-03 03:31:08,278 [inflora.py] => Task 18, Epoch 10/10 => Loss 1.376, Train_accy 76.00
Threshold:  0.9971428571428571
Layer 1 - Projection Matrix shape: torch.Size([768, 768])
Layer 2 - Projection Matrix shape: torch.Size([768, 768])
Layer 3 - Projection Matrix shape: torch.Size([768, 768])
Layer 4 - Projection Matrix shape: torch.Size([768, 768])
Layer 5 - Projection Matrix shape: torch.Size([768, 768])
Layer 6 - Projection Matrix shape: torch.Size([768, 768])
Layer 7 - Projection Matrix shape: torch.Size([768, 768])
Layer 8 - Projection Matrix shape: torch.Size([768, 768])
Layer 9 - Projection Matrix shape: torch.Size([768, 768])
Layer 10 - Projection Matrix shape: torch.Size([768, 768])
Layer 11 - Projection Matrix shape: torch.Size([768, 768])
Layer 12 - Projection Matrix shape: torch.Size([768, 768])
2026-01-03 03:31:40,406 [inflora.py] => Exemplar size: 0
2026-01-03 03:31:40,406 [trainer.py] => CNN: {'total': 43.37, '00-99': 84.71, '100-104': 0.41, '105-109': 0.0, '110-114': 0.0, '115-119': 0.0, '120-124': 0.0, '125-129': 0.0, '130-134': 0.0, '135-139': 0.0, '140-144': 0.0, '145-149': 0.0, '150-154': 0.0, '155-159': 0.0, '160-164': 0.0, '165-169': 0.0, '170-174': 0.0, '175-179': 0.0, '180-184': 0.0, '185-189': 0.0, '190-194': 100.0, '195-199': 100.0, 'old': 44.28, 'new': 0.0}
2026-01-03 03:31:40,406 [trainer.py] => CNN top1 curve: [84.98, 78.52, 74.89, 71.89, 68.79, 66.47, 64.69, 61.81, 58.96, 56.29, 54.6, 52.8, 51.53, 49.78, 47.87, 46.58, 45.28, 44.29, 43.37]
2026-01-03 03:31:40,407 [trainer.py] => Average Accuracy (CNN): 59.13
2026-01-03 03:31:40,413 [trainer.py] => All params: 102451025
2026-01-03 03:31:40,418 [trainer.py] => Trainable params: 261220
2026-01-03 03:31:40,418 [inflora.py] => Learning on 190-195

  0%|          | 0/10 [00:00<?, ?it/s]
Task 19, Epoch 1/10 => Loss 5.772, Train_accy 4.00:   0%|          | 0/10 [00:01<?, ?it/s]
Task 19, Epoch 1/10 => Loss 5.772, Train_accy 4.00:  10%|█         | 1/10 [00:01<00:14,  1.62s/it]
Task 19, Epoch 2/10 => Loss 5.011, Train_accy 4.00:  10%|█         | 1/10 [00:03<00:14,  1.62s/it]
Task 19, Epoch 2/10 => Loss 5.011, Train_accy 4.00:  20%|██        | 2/10 [00:03<00:13,  1.63s/it]
Task 19, Epoch 3/10 => Loss 4.017, Train_accy 12.00:  20%|██        | 2/10 [00:04<00:13,  1.63s/it]
Task 19, Epoch 3/10 => Loss 4.017, Train_accy 12.00:  30%|███       | 3/10 [00:04<00:11,  1.62s/it]
Task 19, Epoch 4/10 => Loss 3.149, Train_accy 40.00:  30%|███       | 3/10 [00:06<00:11,  1.62s/it]
Task 19, Epoch 4/10 => Loss 3.149, Train_accy 40.00:  40%|████      | 4/10 [00:06<00:09,  1.62s/it]
Task 19, Epoch 5/10 => Loss 2.463, Train_accy 40.00:  40%|████      | 4/10 [00:08<00:09,  1.62s/it]
Task 19, Epoch 5/10 => Loss 2.463, Train_accy 40.00:  50%|█████     | 5/10 [00:08<00:08,  1.62s/it]
Task 19, Epoch 6/10 => Loss 2.020, Train_accy 64.00:  50%|█████     | 5/10 [00:09<00:08,  1.62s/it]
Task 19, Epoch 6/10 => Loss 2.020, Train_accy 64.00:  60%|██████    | 6/10 [00:09<00:06,  1.62s/it]
Task 19, Epoch 7/10 => Loss 1.832, Train_accy 68.00:  60%|██████    | 6/10 [00:11<00:06,  1.62s/it]
Task 19, Epoch 7/10 => Loss 1.832, Train_accy 68.00:  70%|███████   | 7/10 [00:11<00:04,  1.62s/it]
Task 19, Epoch 8/10 => Loss 1.338, Train_accy 72.00:  70%|███████   | 7/10 [00:12<00:04,  1.62s/it]
Task 19, Epoch 8/10 => Loss 1.338, Train_accy 72.00:  80%|████████  | 8/10 [00:12<00:03,  1.62s/it]
Task 19, Epoch 9/10 => Loss 1.346, Train_accy 76.00:  80%|████████  | 8/10 [00:14<00:03,  1.62s/it]
Task 19, Epoch 9/10 => Loss 1.346, Train_accy 76.00:  90%|█████████ | 9/10 [00:14<00:01,  1.61s/it]
Task 19, Epoch 10/10 => Loss 1.260, Train_accy 80.00:  90%|█████████ | 9/10 [00:16<00:01,  1.61s/it]
Task 19, Epoch 10/10 => Loss 1.260, Train_accy 80.00: 100%|██████████| 10/10 [00:16<00:00,  1.62s/it]
Task 19, Epoch 10/10 => Loss 1.260, Train_accy 80.00: 100%|██████████| 10/10 [00:16<00:00,  1.62s/it]
2026-01-03 03:31:59,488 [inflora.py] => Task 19, Epoch 10/10 => Loss 1.260, Train_accy 80.00
Threshold:  0.9980952380952381
Layer 1 - Projection Matrix shape: torch.Size([768, 768])
Layer 2 - Projection Matrix shape: torch.Size([768, 768])
Layer 3 - Projection Matrix shape: torch.Size([768, 768])
Layer 4 - Projection Matrix shape: torch.Size([768, 768])
Layer 5 - Projection Matrix shape: torch.Size([768, 768])
Layer 6 - Projection Matrix shape: torch.Size([768, 768])
Layer 7 - Projection Matrix shape: torch.Size([768, 768])
Layer 8 - Projection Matrix shape: torch.Size([768, 768])
Layer 9 - Projection Matrix shape: torch.Size([768, 768])
Layer 10 - Projection Matrix shape: torch.Size([768, 768])
Layer 11 - Projection Matrix shape: torch.Size([768, 768])
Layer 12 - Projection Matrix shape: torch.Size([768, 768])
2026-01-03 03:32:31,472 [inflora.py] => Exemplar size: 0
2026-01-03 03:32:31,472 [trainer.py] => CNN: {'total': 42.09, '00-99': 84.53, '100-104': 0.41, '105-109': 0.0, '110-114': 0.0, '115-119': 0.0, '120-124': 0.0, '125-129': 0.0, '130-134': 0.0, '135-139': 0.0, '140-144': 0.0, '145-149': 0.0, '150-154': 0.0, '155-159': 0.0, '160-164': 0.0, '165-169': 0.0, '170-174': 0.0, '175-179': 0.0, '180-184': 0.0, '185-189': 0.0, '190-194': 0.0, '195-199': 92.0, 'old': 43.28, 'new': 0.0}
2026-01-03 03:32:31,472 [trainer.py] => CNN top1 curve: [84.98, 78.52, 74.89, 71.89, 68.79, 66.47, 64.69, 61.81, 58.96, 56.29, 54.6, 52.8, 51.53, 49.78, 47.87, 46.58, 45.28, 44.29, 43.37, 42.09]
2026-01-03 03:32:31,472 [trainer.py] => Average Accuracy (CNN): 58.27
2026-01-03 03:32:31,480 [trainer.py] => All params: 102451025
2026-01-03 03:32:31,487 [trainer.py] => Trainable params: 261220
2026-01-03 03:32:31,487 [inflora.py] => Learning on 195-200

  0%|          | 0/10 [00:00<?, ?it/s]
Task 20, Epoch 1/10 => Loss 5.939, Train_accy 4.00:   0%|          | 0/10 [00:01<?, ?it/s]
Task 20, Epoch 1/10 => Loss 5.939, Train_accy 4.00:  10%|█         | 1/10 [00:01<00:14,  1.66s/it]
Task 20, Epoch 2/10 => Loss 4.960, Train_accy 4.00:  10%|█         | 1/10 [00:03<00:14,  1.66s/it]
Task 20, Epoch 2/10 => Loss 4.960, Train_accy 4.00:  20%|██        | 2/10 [00:03<00:13,  1.68s/it]
Task 20, Epoch 3/10 => Loss 4.189, Train_accy 8.00:  20%|██        | 2/10 [00:05<00:13,  1.68s/it]
Task 20, Epoch 3/10 => Loss 4.189, Train_accy 8.00:  30%|███       | 3/10 [00:05<00:11,  1.69s/it]
Task 20, Epoch 4/10 => Loss 3.470, Train_accy 24.00:  30%|███       | 3/10 [00:06<00:11,  1.69s/it]
Task 20, Epoch 4/10 => Loss 3.470, Train_accy 24.00:  40%|████      | 4/10 [00:06<00:10,  1.69s/it]
Task 20, Epoch 5/10 => Loss 2.451, Train_accy 48.00:  40%|████      | 4/10 [00:08<00:10,  1.69s/it]
Task 20, Epoch 5/10 => Loss 2.451, Train_accy 48.00:  50%|█████     | 5/10 [00:08<00:08,  1.68s/it]
Task 20, Epoch 6/10 => Loss 2.387, Train_accy 48.00:  50%|█████     | 5/10 [00:10<00:08,  1.68s/it]
Task 20, Epoch 6/10 => Loss 2.387, Train_accy 48.00:  60%|██████    | 6/10 [00:10<00:06,  1.68s/it]
Task 20, Epoch 7/10 => Loss 2.093, Train_accy 44.00:  60%|██████    | 6/10 [00:11<00:06,  1.68s/it]
Task 20, Epoch 7/10 => Loss 2.093, Train_accy 44.00:  70%|███████   | 7/10 [00:11<00:05,  1.68s/it]
Task 20, Epoch 8/10 => Loss 1.430, Train_accy 68.00:  70%|███████   | 7/10 [00:13<00:05,  1.68s/it]
Task 20, Epoch 8/10 => Loss 1.430, Train_accy 68.00:  80%|████████  | 8/10 [00:13<00:03,  1.68s/it]
Task 20, Epoch 9/10 => Loss 1.263, Train_accy 76.00:  80%|████████  | 8/10 [00:15<00:03,  1.68s/it]
Task 20, Epoch 9/10 => Loss 1.263, Train_accy 76.00:  90%|█████████ | 9/10 [00:15<00:01,  1.67s/it]
Task 20, Epoch 10/10 => Loss 1.578, Train_accy 60.00:  90%|█████████ | 9/10 [00:16<00:01,  1.67s/it]
Task 20, Epoch 10/10 => Loss 1.578, Train_accy 60.00: 100%|██████████| 10/10 [00:16<00:00,  1.66s/it]
Task 20, Epoch 10/10 => Loss 1.578, Train_accy 60.00: 100%|██████████| 10/10 [00:16<00:00,  1.67s/it]
2026-01-03 03:32:51,247 [inflora.py] => Task 20, Epoch 10/10 => Loss 1.578, Train_accy 60.00
Threshold:  0.9990476190476191
Layer 1 - Projection Matrix shape: torch.Size([768, 768])
Layer 2 - Projection Matrix shape: torch.Size([768, 768])
Layer 3 - Projection Matrix shape: torch.Size([768, 768])
Layer 4 - Projection Matrix shape: torch.Size([768, 768])
Layer 5 - Projection Matrix shape: torch.Size([768, 768])
Layer 6 - Projection Matrix shape: torch.Size([768, 768])
Layer 7 - Projection Matrix shape: torch.Size([768, 768])
Layer 8 - Projection Matrix shape: torch.Size([768, 768])
Layer 9 - Projection Matrix shape: torch.Size([768, 768])
Layer 10 - Projection Matrix shape: torch.Size([768, 768])
Layer 11 - Projection Matrix shape: torch.Size([768, 768])
Layer 12 - Projection Matrix shape: torch.Size([768, 768])
2026-01-03 03:33:20,620 [inflora.py] => Exemplar size: 0
2026-01-03 03:33:20,621 [trainer.py] => CNN: {'total': 41.1, '00-99': 84.53, '100-104': 0.41, '105-109': 0.0, '110-114': 0.0, '115-119': 0.0, '120-124': 0.0, '125-129': 0.0, '130-134': 0.0, '135-139': 0.0, '140-144': 0.0, '145-149': 0.0, '150-154': 0.0, '155-159': 0.0, '160-164': 0.0, '165-169': 0.0, '170-174': 0.0, '175-179': 0.0, '180-184': 0.0, '185-189': 0.0, '190-194': 0.0, '195-199': 0.0, 'old': 42.09, 'new': 0.0}
2026-01-03 03:33:20,621 [trainer.py] => CNN top1 curve: [84.98, 78.52, 74.89, 71.89, 68.79, 66.47, 64.69, 61.81, 58.96, 56.29, 54.6, 52.8, 51.53, 49.78, 47.87, 46.58, 45.28, 44.29, 43.37, 42.09, 41.1]
2026-01-03 03:33:20,621 [trainer.py] => Average Accuracy (CNN): 57.46

================================================================================
Finished ImageNet_R_init100_inc5: InfLoRA  
Base Accuracy: 84.98
Last Accuracy: 41.1
Average Accuracy (Top1): 57.46
PD: 43.88
Backward Transfer (BWT): -0.04
Traceback (most recent call last):
  File "/home/team/zhaohongwei/Code/Research/Awesome-FSCIL/CIL_Model/InfLoRA-main/main.py", line 33, in <module>
    main()
  File "/home/team/zhaohongwei/Code/Research/Awesome-FSCIL/CIL_Model/InfLoRA-main/main.py", line 11, in main
    train(args)
  File "/home/team/zhaohongwei/Code/Research/Awesome-FSCIL/CIL_Model/InfLoRA-main/trainer.py", line 31, in train
    _train(args)
  File "/home/team/zhaohongwei/Code/Research/Awesome-FSCIL/CIL_Model/InfLoRA-main/trainer.py", line 116, in _train
    print("Forward Transfer (FWT):", forward_transfer(args["dataset"], np.array(cnn_matrix)))
  File "/home/team/zhaohongwei/Code/Research/Awesome-FSCIL/CIL_Model/InfLoRA-main/trainer.py", line 200, in forward_transfer
    fwt_diffs = fwt_accs - rand_init_acc_for_fwt
ValueError: operands could not be broadcast together with shapes (20,) (10,) 
logs/ImageNet_R/100_10_sip/InfLoRA/adam/10/0.98_1.0-0.0005/2025
2026-01-03 03:33:25,049 [trainer.py] => config: configs/inflora_inr_B100_Inc10.json
2026-01-03 03:33:25,049 [trainer.py] => device: [device(type='cuda', index=1)]
2026-01-03 03:33:25,049 [trainer.py] => prefix: reproduce
2026-01-03 03:33:25,049 [trainer.py] => dataset: ImageNet_R
2026-01-03 03:33:25,049 [trainer.py] => data_path: /home/team/zhaohongwei/Dataset/imagenet-r
2026-01-03 03:33:25,049 [trainer.py] => memory_size: 0
2026-01-03 03:33:25,049 [trainer.py] => memory_per_class: 0
2026-01-03 03:33:25,049 [trainer.py] => fixed_memory: True
2026-01-03 03:33:25,049 [trainer.py] => shuffle: True
2026-01-03 03:33:25,049 [trainer.py] => init_cls: 100
2026-01-03 03:33:25,049 [trainer.py] => increment: 10
2026-01-03 03:33:25,049 [trainer.py] => model_name: InfLoRA
2026-01-03 03:33:25,049 [trainer.py] => net_type: sip
2026-01-03 03:33:25,049 [trainer.py] => embd_dim: 768
2026-01-03 03:33:25,049 [trainer.py] => num_heads: 12
2026-01-03 03:33:25,049 [trainer.py] => total_sessions: 11
2026-01-03 03:33:25,050 [trainer.py] => seed: 2025
2026-01-03 03:33:25,050 [trainer.py] => kshot: 5
2026-01-03 03:33:25,050 [trainer.py] => EPSILON: 1e-08
2026-01-03 03:33:25,050 [trainer.py] => init_epoch: 50
2026-01-03 03:33:25,050 [trainer.py] => optim: adam
2026-01-03 03:33:25,050 [trainer.py] => init_lr: 0.0005
2026-01-03 03:33:25,050 [trainer.py] => init_lr_decay: 0.1
2026-01-03 03:33:25,050 [trainer.py] => init_weight_decay: 0.0
2026-01-03 03:33:25,050 [trainer.py] => epochs: 10
2026-01-03 03:33:25,050 [trainer.py] => lrate: 0.0005
2026-01-03 03:33:25,050 [trainer.py] => lrate_decay: 0.1
2026-01-03 03:33:25,050 [trainer.py] => batch_size: 128
2026-01-03 03:33:25,050 [trainer.py] => weight_decay: 0.0
2026-01-03 03:33:25,050 [trainer.py] => rank: 10
2026-01-03 03:33:25,050 [trainer.py] => lamb: 0.98
2026-01-03 03:33:25,050 [trainer.py] => lame: 1.0
2026-01-03 03:33:25,050 [trainer.py] => num_workers: 16
2026-01-03 03:33:25,050 [trainer.py] => gpu_models: ['NVIDIA A40']
2026-01-03 03:33:25,132 [data_manager.py] => [30, 0, 32, 34, 5, 49, 56, 154, 143, 82, 19, 165, 58, 106, 196, 126, 178, 80, 192, 1, 44, 31, 197, 150, 132, 149, 112, 141, 54, 104, 26, 46, 20, 156, 23, 83, 47, 129, 9, 84, 187, 130, 48, 138, 191, 108, 139, 158, 4, 66, 146, 2, 113, 142, 194, 109, 102, 166, 176, 167, 162, 131, 134, 122, 107, 96, 135, 45, 93, 136, 70, 81, 51, 17, 172, 29, 71, 57, 184, 148, 179, 43, 161, 100, 182, 37, 8, 14, 180, 189, 11, 53, 6, 24, 7, 88, 175, 183, 35, 128, 75, 186, 99, 78, 123, 133, 74, 125, 120, 89, 39, 63, 155, 65, 77, 116, 171, 114, 105, 170, 12, 121, 195, 60, 185, 110, 91, 68, 198, 59, 38, 174, 87, 28, 157, 193, 86, 147, 16, 98, 36, 61, 137, 18, 21, 103, 25, 15, 118, 72, 50, 168, 152, 190, 199, 55, 181, 92, 163, 85, 69, 177, 95, 52, 159, 169, 188, 127, 79, 42, 164, 124, 41, 90, 115, 13, 27, 73, 33, 173, 119, 145, 153, 3, 117, 64, 144, 111, 101, 151, 40, 97, 10, 22, 160, 140, 67, 76, 94, 62]
2026-01-03 03:33:26,999 [trainer.py] => All params: 97226625
2026-01-03 03:33:27,001 [trainer.py] => Trainable params: 97226625
2026-01-03 03:33:27,001 [inflora.py] => Learning on 0-100

  0%|          | 0/50 [00:00<?, ?it/s]
Task 0, Epoch 1/50 => Loss 2.515, Train_accy 47.42:   0%|          | 0/50 [01:20<?, ?it/s]
Task 0, Epoch 1/50 => Loss 2.515, Train_accy 47.42:   2%|▏         | 1/50 [01:20<1:05:45, 80.53s/it]
Task 0, Epoch 2/50 => Loss 1.130, Train_accy 73.04:   2%|▏         | 1/50 [02:41<1:05:45, 80.53s/it]
Task 0, Epoch 2/50 => Loss 1.130, Train_accy 73.04:   4%|▍         | 2/50 [02:41<1:04:31, 80.65s/it]
Task 0, Epoch 3/50 => Loss 0.972, Train_accy 76.43:   4%|▍         | 2/50 [04:02<1:04:31, 80.65s/it]
Task 0, Epoch 3/50 => Loss 0.972, Train_accy 76.43:   6%|▌         | 3/50 [04:02<1:03:13, 80.70s/it]
Task 0, Epoch 4/50 => Loss 0.861, Train_accy 79.14:   6%|▌         | 3/50 [05:22<1:03:13, 80.70s/it]
Task 0, Epoch 4/50 => Loss 0.861, Train_accy 79.14:   8%|▊         | 4/50 [05:22<1:01:53, 80.72s/it]
Task 0, Epoch 5/50 => Loss 0.756, Train_accy 80.97:   8%|▊         | 4/50 [06:43<1:01:53, 80.72s/it]
Task 0, Epoch 5/50 => Loss 0.756, Train_accy 80.97:  10%|█         | 5/50 [06:43<1:00:37, 80.84s/it]
Task 0, Epoch 6/50 => Loss 0.679, Train_accy 82.91:  10%|█         | 5/50 [08:04<1:00:37, 80.84s/it]
Task 0, Epoch 6/50 => Loss 0.679, Train_accy 82.91:  12%|█▏        | 6/50 [08:04<59:14, 80.79s/it]  
Task 0, Epoch 7/50 => Loss 0.651, Train_accy 83.59:  12%|█▏        | 6/50 [09:25<59:14, 80.79s/it]
Task 0, Epoch 7/50 => Loss 0.651, Train_accy 83.59:  14%|█▍        | 7/50 [09:25<57:52, 80.76s/it]
Task 0, Epoch 8/50 => Loss 0.607, Train_accy 84.56:  14%|█▍        | 7/50 [10:45<57:52, 80.76s/it]
Task 0, Epoch 8/50 => Loss 0.607, Train_accy 84.56:  16%|█▌        | 8/50 [10:45<56:29, 80.70s/it]
Task 0, Epoch 9/50 => Loss 0.574, Train_accy 85.54:  16%|█▌        | 8/50 [12:06<56:29, 80.70s/it]
Task 0, Epoch 9/50 => Loss 0.574, Train_accy 85.54:  18%|█▊        | 9/50 [12:06<55:08, 80.69s/it]
Task 0, Epoch 10/50 => Loss 0.563, Train_accy 85.84:  18%|█▊        | 9/50 [13:27<55:08, 80.69s/it]
Task 0, Epoch 10/50 => Loss 0.563, Train_accy 85.84:  20%|██        | 10/50 [13:27<53:46, 80.66s/it]
Task 0, Epoch 11/50 => Loss 0.532, Train_accy 86.50:  20%|██        | 10/50 [14:47<53:46, 80.66s/it]
Task 0, Epoch 11/50 => Loss 0.532, Train_accy 86.50:  22%|██▏       | 11/50 [14:48<52:29, 80.75s/it]
Task 0, Epoch 12/50 => Loss 0.493, Train_accy 87.42:  22%|██▏       | 11/50 [16:08<52:29, 80.75s/it]
Task 0, Epoch 12/50 => Loss 0.493, Train_accy 87.42:  24%|██▍       | 12/50 [16:08<51:06, 80.70s/it]
Task 0, Epoch 13/50 => Loss 0.482, Train_accy 87.82:  24%|██▍       | 12/50 [17:29<51:06, 80.70s/it]
Task 0, Epoch 13/50 => Loss 0.482, Train_accy 87.82:  26%|██▌       | 13/50 [17:29<49:46, 80.70s/it]
Task 0, Epoch 14/50 => Loss 0.460, Train_accy 88.07:  26%|██▌       | 13/50 [18:50<49:46, 80.70s/it]
Task 0, Epoch 14/50 => Loss 0.460, Train_accy 88.07:  28%|██▊       | 14/50 [18:50<48:25, 80.70s/it]
Task 0, Epoch 15/50 => Loss 0.448, Train_accy 88.82:  28%|██▊       | 14/50 [20:10<48:25, 80.70s/it]
Task 0, Epoch 15/50 => Loss 0.448, Train_accy 88.82:  30%|███       | 15/50 [20:10<47:05, 80.72s/it]
Task 0, Epoch 16/50 => Loss 0.426, Train_accy 89.32:  30%|███       | 15/50 [21:31<47:05, 80.72s/it]
Task 0, Epoch 16/50 => Loss 0.426, Train_accy 89.32:  32%|███▏      | 16/50 [21:31<45:43, 80.70s/it]
Task 0, Epoch 17/50 => Loss 0.419, Train_accy 89.40:  32%|███▏      | 16/50 [22:52<45:43, 80.70s/it]
Task 0, Epoch 17/50 => Loss 0.419, Train_accy 89.40:  34%|███▍      | 17/50 [22:52<44:22, 80.69s/it]
Task 0, Epoch 18/50 => Loss 0.412, Train_accy 89.57:  34%|███▍      | 17/50 [24:12<44:22, 80.69s/it]
Task 0, Epoch 18/50 => Loss 0.412, Train_accy 89.57:  36%|███▌      | 18/50 [24:12<43:01, 80.67s/it]
Task 0, Epoch 19/50 => Loss 0.405, Train_accy 89.61:  36%|███▌      | 18/50 [25:33<43:01, 80.67s/it]
Task 0, Epoch 19/50 => Loss 0.405, Train_accy 89.61:  38%|███▊      | 19/50 [25:33<41:40, 80.67s/it]
Task 0, Epoch 20/50 => Loss 0.400, Train_accy 89.72:  38%|███▊      | 19/50 [26:54<41:40, 80.67s/it]
Task 0, Epoch 20/50 => Loss 0.400, Train_accy 89.72:  40%|████      | 20/50 [26:54<40:20, 80.69s/it]
Task 0, Epoch 21/50 => Loss 0.380, Train_accy 90.19:  40%|████      | 20/50 [28:14<40:20, 80.69s/it]
Task 0, Epoch 21/50 => Loss 0.380, Train_accy 90.19:  42%|████▏     | 21/50 [28:14<38:58, 80.65s/it]
Task 0, Epoch 22/50 => Loss 0.365, Train_accy 90.63:  42%|████▏     | 21/50 [29:35<38:58, 80.65s/it]
Task 0, Epoch 22/50 => Loss 0.365, Train_accy 90.63:  44%|████▍     | 22/50 [29:35<37:38, 80.68s/it]
Task 0, Epoch 23/50 => Loss 0.380, Train_accy 90.35:  44%|████▍     | 22/50 [30:55<37:38, 80.68s/it]
Task 0, Epoch 23/50 => Loss 0.380, Train_accy 90.35:  46%|████▌     | 23/50 [30:55<36:17, 80.63s/it]
Task 0, Epoch 24/50 => Loss 0.368, Train_accy 90.72:  46%|████▌     | 23/50 [32:16<36:17, 80.63s/it]
Task 0, Epoch 24/50 => Loss 0.368, Train_accy 90.72:  48%|████▊     | 24/50 [32:16<34:55, 80.61s/it]
Task 0, Epoch 25/50 => Loss 0.361, Train_accy 90.69:  48%|████▊     | 24/50 [33:37<34:55, 80.61s/it]
Task 0, Epoch 25/50 => Loss 0.361, Train_accy 90.69:  50%|█████     | 25/50 [33:37<33:37, 80.71s/it]
Task 0, Epoch 26/50 => Loss 0.355, Train_accy 91.08:  50%|█████     | 25/50 [34:58<33:37, 80.71s/it]
Task 0, Epoch 26/50 => Loss 0.355, Train_accy 91.08:  52%|█████▏    | 26/50 [34:58<32:16, 80.71s/it]
Task 0, Epoch 27/50 => Loss 0.347, Train_accy 91.30:  52%|█████▏    | 26/50 [36:19<32:16, 80.71s/it]
Task 0, Epoch 27/50 => Loss 0.347, Train_accy 91.30:  54%|█████▍    | 27/50 [36:19<30:57, 80.75s/it]
Task 0, Epoch 28/50 => Loss 0.346, Train_accy 91.09:  54%|█████▍    | 27/50 [37:39<30:57, 80.75s/it]
Task 0, Epoch 28/50 => Loss 0.346, Train_accy 91.09:  56%|█████▌    | 28/50 [37:39<29:37, 80.82s/it]
Task 0, Epoch 29/50 => Loss 0.321, Train_accy 91.87:  56%|█████▌    | 28/50 [39:00<29:37, 80.82s/it]
Task 0, Epoch 29/50 => Loss 0.321, Train_accy 91.87:  58%|█████▊    | 29/50 [39:00<28:15, 80.75s/it]
Task 0, Epoch 30/50 => Loss 0.338, Train_accy 91.25:  58%|█████▊    | 29/50 [40:21<28:15, 80.75s/it]
Task 0, Epoch 30/50 => Loss 0.338, Train_accy 91.25:  60%|██████    | 30/50 [40:21<26:54, 80.70s/it]
Task 0, Epoch 31/50 => Loss 0.305, Train_accy 92.00:  60%|██████    | 30/50 [41:41<26:54, 80.70s/it]
Task 0, Epoch 31/50 => Loss 0.305, Train_accy 92.00:  62%|██████▏   | 31/50 [41:41<25:32, 80.65s/it]
Task 0, Epoch 32/50 => Loss 0.312, Train_accy 91.93:  62%|██████▏   | 31/50 [43:02<25:32, 80.65s/it]
Task 0, Epoch 32/50 => Loss 0.312, Train_accy 91.93:  64%|██████▍   | 32/50 [43:02<24:12, 80.70s/it]
Task 0, Epoch 33/50 => Loss 0.292, Train_accy 92.60:  64%|██████▍   | 32/50 [44:23<24:12, 80.70s/it]
Task 0, Epoch 33/50 => Loss 0.292, Train_accy 92.60:  66%|██████▌   | 33/50 [44:23<22:52, 80.71s/it]
Task 0, Epoch 34/50 => Loss 0.306, Train_accy 92.09:  66%|██████▌   | 33/50 [45:43<22:52, 80.71s/it]
Task 0, Epoch 34/50 => Loss 0.306, Train_accy 92.09:  68%|██████▊   | 34/50 [45:43<21:30, 80.66s/it]
Task 0, Epoch 35/50 => Loss 0.331, Train_accy 91.81:  68%|██████▊   | 34/50 [47:04<21:30, 80.66s/it]
Task 0, Epoch 35/50 => Loss 0.331, Train_accy 91.81:  70%|███████   | 35/50 [47:04<20:10, 80.69s/it]
Task 0, Epoch 36/50 => Loss 0.298, Train_accy 92.28:  70%|███████   | 35/50 [48:25<20:10, 80.69s/it]
Task 0, Epoch 36/50 => Loss 0.298, Train_accy 92.28:  72%|███████▏  | 36/50 [48:25<18:50, 80.73s/it]
Task 0, Epoch 37/50 => Loss 0.276, Train_accy 92.98:  72%|███████▏  | 36/50 [49:46<18:50, 80.73s/it]
Task 0, Epoch 37/50 => Loss 0.276, Train_accy 92.98:  74%|███████▍  | 37/50 [49:46<17:29, 80.71s/it]
Task 0, Epoch 38/50 => Loss 0.275, Train_accy 93.12:  74%|███████▍  | 37/50 [51:06<17:29, 80.71s/it]
Task 0, Epoch 38/50 => Loss 0.275, Train_accy 93.12:  76%|███████▌  | 38/50 [51:06<16:08, 80.74s/it]
Task 0, Epoch 39/50 => Loss 0.292, Train_accy 92.61:  76%|███████▌  | 38/50 [52:27<16:08, 80.74s/it]
Task 0, Epoch 39/50 => Loss 0.292, Train_accy 92.61:  78%|███████▊  | 39/50 [52:27<14:47, 80.71s/it]
Task 0, Epoch 40/50 => Loss 0.285, Train_accy 92.75:  78%|███████▊  | 39/50 [53:48<14:47, 80.71s/it]
Task 0, Epoch 40/50 => Loss 0.285, Train_accy 92.75:  80%|████████  | 40/50 [53:48<13:27, 80.77s/it]
Task 0, Epoch 41/50 => Loss 0.278, Train_accy 93.02:  80%|████████  | 40/50 [55:09<13:27, 80.77s/it]
Task 0, Epoch 41/50 => Loss 0.278, Train_accy 93.02:  82%|████████▏ | 41/50 [55:09<12:06, 80.76s/it]
Task 0, Epoch 42/50 => Loss 0.265, Train_accy 93.15:  82%|████████▏ | 41/50 [56:29<12:06, 80.76s/it]
Task 0, Epoch 42/50 => Loss 0.265, Train_accy 93.15:  84%|████████▍ | 42/50 [56:29<10:46, 80.75s/it]
Task 0, Epoch 43/50 => Loss 0.282, Train_accy 92.97:  84%|████████▍ | 42/50 [57:50<10:46, 80.75s/it]
Task 0, Epoch 43/50 => Loss 0.282, Train_accy 92.97:  86%|████████▌ | 43/50 [57:50<09:25, 80.75s/it]
Task 0, Epoch 44/50 => Loss 0.279, Train_accy 93.05:  86%|████████▌ | 43/50 [59:11<09:25, 80.75s/it]
Task 0, Epoch 44/50 => Loss 0.279, Train_accy 93.05:  88%|████████▊ | 44/50 [59:11<08:04, 80.70s/it]
Task 0, Epoch 45/50 => Loss 0.273, Train_accy 92.98:  88%|████████▊ | 44/50 [1:00:31<08:04, 80.70s/it]
Task 0, Epoch 45/50 => Loss 0.273, Train_accy 92.98:  90%|█████████ | 45/50 [1:00:31<06:43, 80.70s/it]
Task 0, Epoch 46/50 => Loss 0.248, Train_accy 93.60:  90%|█████████ | 45/50 [1:01:52<06:43, 80.70s/it]
Task 0, Epoch 46/50 => Loss 0.248, Train_accy 93.60:  92%|█████████▏| 46/50 [1:01:52<05:23, 80.77s/it]
Task 0, Epoch 47/50 => Loss 0.258, Train_accy 93.55:  92%|█████████▏| 46/50 [1:03:13<05:23, 80.77s/it]
Task 0, Epoch 47/50 => Loss 0.258, Train_accy 93.55:  94%|█████████▍| 47/50 [1:03:13<04:02, 80.71s/it]
Task 0, Epoch 48/50 => Loss 0.251, Train_accy 93.55:  94%|█████████▍| 47/50 [1:04:34<04:02, 80.71s/it]
Task 0, Epoch 48/50 => Loss 0.251, Train_accy 93.55:  96%|█████████▌| 48/50 [1:04:34<02:41, 80.69s/it]
Task 0, Epoch 49/50 => Loss 0.260, Train_accy 93.37:  96%|█████████▌| 48/50 [1:05:54<02:41, 80.69s/it]
Task 0, Epoch 49/50 => Loss 0.260, Train_accy 93.37:  98%|█████████▊| 49/50 [1:05:54<01:20, 80.69s/it]
Task 0, Epoch 50/50 => Loss 0.250, Train_accy 93.63:  98%|█████████▊| 49/50 [1:07:15<01:20, 80.69s/it]
Task 0, Epoch 50/50 => Loss 0.250, Train_accy 93.63: 100%|██████████| 50/50 [1:07:15<00:00, 80.73s/it]
Task 0, Epoch 50/50 => Loss 0.250, Train_accy 93.63: 100%|██████████| 50/50 [1:07:15<00:00, 80.71s/it]
2026-01-03 04:41:23,500 [inflora.py] => Task 0, Epoch 50/50 => Loss 0.250, Train_accy 93.63
Threshold:  0.98
Layer 1 - Projection Matrix shape: torch.Size([768, 768])
Layer 2 - Projection Matrix shape: torch.Size([768, 768])
Layer 3 - Projection Matrix shape: torch.Size([768, 768])
Layer 4 - Projection Matrix shape: torch.Size([768, 768])
Layer 5 - Projection Matrix shape: torch.Size([768, 768])
Layer 6 - Projection Matrix shape: torch.Size([768, 768])
Layer 7 - Projection Matrix shape: torch.Size([768, 768])
Layer 8 - Projection Matrix shape: torch.Size([768, 768])
Layer 9 - Projection Matrix shape: torch.Size([768, 768])
Layer 10 - Projection Matrix shape: torch.Size([768, 768])
Layer 11 - Projection Matrix shape: torch.Size([768, 768])
Layer 12 - Projection Matrix shape: torch.Size([768, 768])
2026-01-03 04:42:59,157 [inflora.py] => Exemplar size: 0
2026-01-03 04:42:59,157 [trainer.py] => CNN: {'total': 84.84, '00-99': 84.84, '100-109': 98.0, '110-119': 94.0, '120-129': 94.0, '130-139': 92.0, '140-149': 90.0, '150-159': 90.0, '160-169': 90.0, '170-179': 88.0, '180-189': 88.0, '190-199': 92.0, 'old': 0, 'new': 84.84}
2026-01-03 04:42:59,157 [trainer.py] => CNN top1 curve: [84.84]
2026-01-03 04:42:59,157 [trainer.py] => Average Accuracy (CNN): 84.84
2026-01-03 04:42:59,159 [trainer.py] => All params: 97226625
2026-01-03 04:42:59,161 [trainer.py] => Trainable params: 261220
2026-01-03 04:42:59,161 [inflora.py] => Learning on 100-110

  0%|          | 0/10 [00:00<?, ?it/s]
Task 1, Epoch 1/10 => Loss 6.048, Train_accy 2.00:   0%|          | 0/10 [00:01<?, ?it/s]
Task 1, Epoch 1/10 => Loss 6.048, Train_accy 2.00:  10%|█         | 1/10 [00:01<00:12,  1.37s/it]
Task 1, Epoch 2/10 => Loss 5.276, Train_accy 6.00:  10%|█         | 1/10 [00:02<00:12,  1.37s/it]
Task 1, Epoch 2/10 => Loss 5.276, Train_accy 6.00:  20%|██        | 2/10 [00:02<00:11,  1.42s/it]
Task 1, Epoch 3/10 => Loss 4.615, Train_accy 8.00:  20%|██        | 2/10 [00:04<00:11,  1.42s/it]
Task 1, Epoch 3/10 => Loss 4.615, Train_accy 8.00:  30%|███       | 3/10 [00:04<00:10,  1.43s/it]
Task 1, Epoch 4/10 => Loss 3.798, Train_accy 24.00:  30%|███       | 3/10 [00:05<00:10,  1.43s/it]
Task 1, Epoch 4/10 => Loss 3.798, Train_accy 24.00:  40%|████      | 4/10 [00:05<00:08,  1.46s/it]
Task 1, Epoch 5/10 => Loss 3.259, Train_accy 26.00:  40%|████      | 4/10 [00:07<00:08,  1.46s/it]
Task 1, Epoch 5/10 => Loss 3.259, Train_accy 26.00:  50%|█████     | 5/10 [00:07<00:07,  1.43s/it]
Task 1, Epoch 6/10 => Loss 2.538, Train_accy 36.00:  50%|█████     | 5/10 [00:08<00:07,  1.43s/it]
Task 1, Epoch 6/10 => Loss 2.538, Train_accy 36.00:  60%|██████    | 6/10 [00:08<00:05,  1.41s/it]
Task 1, Epoch 7/10 => Loss 2.256, Train_accy 44.00:  60%|██████    | 6/10 [00:09<00:05,  1.41s/it]
Task 1, Epoch 7/10 => Loss 2.256, Train_accy 44.00:  70%|███████   | 7/10 [00:09<00:04,  1.39s/it]
Task 1, Epoch 8/10 => Loss 1.796, Train_accy 60.00:  70%|███████   | 7/10 [00:11<00:04,  1.39s/it]
Task 1, Epoch 8/10 => Loss 1.796, Train_accy 60.00:  80%|████████  | 8/10 [00:11<00:02,  1.39s/it]
Task 1, Epoch 9/10 => Loss 1.555, Train_accy 62.00:  80%|████████  | 8/10 [00:12<00:02,  1.39s/it]
Task 1, Epoch 9/10 => Loss 1.555, Train_accy 62.00:  90%|█████████ | 9/10 [00:12<00:01,  1.39s/it]
Task 1, Epoch 10/10 => Loss 1.475, Train_accy 70.00:  90%|█████████ | 9/10 [00:14<00:01,  1.39s/it]
Task 1, Epoch 10/10 => Loss 1.475, Train_accy 70.00: 100%|██████████| 10/10 [00:14<00:00,  1.38s/it]
Task 1, Epoch 10/10 => Loss 1.475, Train_accy 70.00: 100%|██████████| 10/10 [00:14<00:00,  1.40s/it]
2026-01-03 04:43:15,676 [inflora.py] => Task 1, Epoch 10/10 => Loss 1.475, Train_accy 70.00
Threshold:  0.9818181818181818
Layer 1 - Projection Matrix shape: torch.Size([768, 768])
Layer 2 - Projection Matrix shape: torch.Size([768, 768])
Layer 3 - Projection Matrix shape: torch.Size([768, 768])
Layer 4 - Projection Matrix shape: torch.Size([768, 768])
Layer 5 - Projection Matrix shape: torch.Size([768, 768])
Layer 6 - Projection Matrix shape: torch.Size([768, 768])
Layer 7 - Projection Matrix shape: torch.Size([768, 768])
Layer 8 - Projection Matrix shape: torch.Size([768, 768])
Layer 9 - Projection Matrix shape: torch.Size([768, 768])
Layer 10 - Projection Matrix shape: torch.Size([768, 768])
Layer 11 - Projection Matrix shape: torch.Size([768, 768])
Layer 12 - Projection Matrix shape: torch.Size([768, 768])
2026-01-03 04:43:40,243 [inflora.py] => Exemplar size: 0
2026-01-03 04:43:40,243 [trainer.py] => CNN: {'total': 75.37, '00-99': 84.95, '100-109': 3.6, '110-119': 96.0, '120-129': 96.0, '130-139': 94.0, '140-149': 84.0, '150-159': 92.0, '160-169': 100.0, '170-179': 96.0, '180-189': 88.0, '190-199': 96.0, 'old': 84.95, 'new': 3.6}
2026-01-03 04:43:40,244 [trainer.py] => CNN top1 curve: [84.84, 75.37]
2026-01-03 04:43:40,244 [trainer.py] => Average Accuracy (CNN): 80.11
2026-01-03 04:43:40,248 [trainer.py] => All params: 97226625
2026-01-03 04:43:40,251 [trainer.py] => Trainable params: 522440
2026-01-03 04:43:40,251 [inflora.py] => Learning on 110-120

  0%|          | 0/10 [00:00<?, ?it/s]
Task 2, Epoch 1/10 => Loss 5.849, Train_accy 2.00:   0%|          | 0/10 [00:01<?, ?it/s]
Task 2, Epoch 1/10 => Loss 5.849, Train_accy 2.00:  10%|█         | 1/10 [00:01<00:13,  1.53s/it]
Task 2, Epoch 2/10 => Loss 4.910, Train_accy 4.00:  10%|█         | 1/10 [00:03<00:13,  1.53s/it]
Task 2, Epoch 2/10 => Loss 4.910, Train_accy 4.00:  20%|██        | 2/10 [00:03<00:12,  1.54s/it]
Task 2, Epoch 3/10 => Loss 4.254, Train_accy 10.00:  20%|██        | 2/10 [00:04<00:12,  1.54s/it]
Task 2, Epoch 3/10 => Loss 4.254, Train_accy 10.00:  30%|███       | 3/10 [00:04<00:10,  1.54s/it]
Task 2, Epoch 4/10 => Loss 3.332, Train_accy 24.00:  30%|███       | 3/10 [00:06<00:10,  1.54s/it]
Task 2, Epoch 4/10 => Loss 3.332, Train_accy 24.00:  40%|████      | 4/10 [00:06<00:09,  1.54s/it]
Task 2, Epoch 5/10 => Loss 2.886, Train_accy 32.00:  40%|████      | 4/10 [00:07<00:09,  1.54s/it]
Task 2, Epoch 5/10 => Loss 2.886, Train_accy 32.00:  50%|█████     | 5/10 [00:07<00:07,  1.52s/it]
Task 2, Epoch 6/10 => Loss 2.187, Train_accy 44.00:  50%|█████     | 5/10 [00:09<00:07,  1.52s/it]
Task 2, Epoch 6/10 => Loss 2.187, Train_accy 44.00:  60%|██████    | 6/10 [00:09<00:05,  1.50s/it]
Task 2, Epoch 7/10 => Loss 2.213, Train_accy 48.00:  60%|██████    | 6/10 [00:10<00:05,  1.50s/it]
Task 2, Epoch 7/10 => Loss 2.213, Train_accy 48.00:  70%|███████   | 7/10 [00:10<00:04,  1.49s/it]
Task 2, Epoch 8/10 => Loss 1.647, Train_accy 60.00:  70%|███████   | 7/10 [00:12<00:04,  1.49s/it]
Task 2, Epoch 8/10 => Loss 1.647, Train_accy 60.00:  80%|████████  | 8/10 [00:12<00:02,  1.48s/it]
Task 2, Epoch 9/10 => Loss 1.343, Train_accy 68.00:  80%|████████  | 8/10 [00:13<00:02,  1.48s/it]
Task 2, Epoch 9/10 => Loss 1.343, Train_accy 68.00:  90%|█████████ | 9/10 [00:13<00:01,  1.47s/it]
Task 2, Epoch 10/10 => Loss 1.100, Train_accy 74.00:  90%|█████████ | 9/10 [00:14<00:01,  1.47s/it]
Task 2, Epoch 10/10 => Loss 1.100, Train_accy 74.00: 100%|██████████| 10/10 [00:14<00:00,  1.48s/it]
Task 2, Epoch 10/10 => Loss 1.100, Train_accy 74.00: 100%|██████████| 10/10 [00:14<00:00,  1.50s/it]
2026-01-03 04:43:57,854 [inflora.py] => Task 2, Epoch 10/10 => Loss 1.100, Train_accy 74.00
Threshold:  0.9836363636363636
Layer 1 - Projection Matrix shape: torch.Size([768, 768])
Layer 2 - Projection Matrix shape: torch.Size([768, 768])
Layer 3 - Projection Matrix shape: torch.Size([768, 768])
Layer 4 - Projection Matrix shape: torch.Size([768, 768])
Layer 5 - Projection Matrix shape: torch.Size([768, 768])
Layer 6 - Projection Matrix shape: torch.Size([768, 768])
Layer 7 - Projection Matrix shape: torch.Size([768, 768])
Layer 8 - Projection Matrix shape: torch.Size([768, 768])
Layer 9 - Projection Matrix shape: torch.Size([768, 768])
Layer 10 - Projection Matrix shape: torch.Size([768, 768])
Layer 11 - Projection Matrix shape: torch.Size([768, 768])
Layer 12 - Projection Matrix shape: torch.Size([768, 768])
2026-01-03 04:44:23,706 [inflora.py] => Exemplar size: 0
2026-01-03 04:44:23,706 [trainer.py] => CNN: {'total': 69.26, '00-99': 84.98, '100-109': 3.6, '110-119': 0.0, '120-129': 94.0, '130-139': 96.0, '140-149': 92.0, '150-159': 94.0, '160-169': 94.0, '170-179': 94.0, '180-189': 86.0, '190-199': 94.0, 'old': 75.4, 'new': 0.0}
2026-01-03 04:44:23,706 [trainer.py] => CNN top1 curve: [84.84, 75.37, 69.26]
2026-01-03 04:44:23,707 [trainer.py] => Average Accuracy (CNN): 76.49
2026-01-03 04:44:23,712 [trainer.py] => All params: 97226625
2026-01-03 04:44:23,716 [trainer.py] => Trainable params: 261220
2026-01-03 04:44:23,716 [inflora.py] => Learning on 120-130

  0%|          | 0/10 [00:00<?, ?it/s]
Task 3, Epoch 1/10 => Loss 5.885, Train_accy 0.00:   0%|          | 0/10 [00:01<?, ?it/s]
Task 3, Epoch 1/10 => Loss 5.885, Train_accy 0.00:  10%|█         | 1/10 [00:01<00:13,  1.50s/it]
Task 3, Epoch 2/10 => Loss 4.953, Train_accy 2.00:  10%|█         | 1/10 [00:03<00:13,  1.50s/it]
Task 3, Epoch 2/10 => Loss 4.953, Train_accy 2.00:  20%|██        | 2/10 [00:03<00:12,  1.56s/it]
Task 3, Epoch 3/10 => Loss 4.042, Train_accy 10.00:  20%|██        | 2/10 [00:04<00:12,  1.56s/it]
Task 3, Epoch 3/10 => Loss 4.042, Train_accy 10.00:  30%|███       | 3/10 [00:04<00:11,  1.59s/it]
Task 3, Epoch 4/10 => Loss 3.095, Train_accy 32.00:  30%|███       | 3/10 [00:06<00:11,  1.59s/it]
Task 3, Epoch 4/10 => Loss 3.095, Train_accy 32.00:  40%|████      | 4/10 [00:06<00:09,  1.60s/it]
Task 3, Epoch 5/10 => Loss 2.578, Train_accy 40.00:  40%|████      | 4/10 [00:07<00:09,  1.60s/it]
Task 3, Epoch 5/10 => Loss 2.578, Train_accy 40.00:  50%|█████     | 5/10 [00:07<00:08,  1.61s/it]
Task 3, Epoch 6/10 => Loss 2.039, Train_accy 50.00:  50%|█████     | 5/10 [00:09<00:08,  1.61s/it]
Task 3, Epoch 6/10 => Loss 2.039, Train_accy 50.00:  60%|██████    | 6/10 [00:09<00:06,  1.61s/it]
Task 3, Epoch 7/10 => Loss 1.797, Train_accy 64.00:  60%|██████    | 6/10 [00:11<00:06,  1.61s/it]
Task 3, Epoch 7/10 => Loss 1.797, Train_accy 64.00:  70%|███████   | 7/10 [00:11<00:04,  1.61s/it]
Task 3, Epoch 8/10 => Loss 1.462, Train_accy 76.00:  70%|███████   | 7/10 [00:12<00:04,  1.61s/it]
Task 3, Epoch 8/10 => Loss 1.462, Train_accy 76.00:  80%|████████  | 8/10 [00:12<00:03,  1.61s/it]
Task 3, Epoch 9/10 => Loss 0.961, Train_accy 86.00:  80%|████████  | 8/10 [00:14<00:03,  1.61s/it]
Task 3, Epoch 9/10 => Loss 0.961, Train_accy 86.00:  90%|█████████ | 9/10 [00:14<00:01,  1.61s/it]
Task 3, Epoch 10/10 => Loss 1.013, Train_accy 84.00:  90%|█████████ | 9/10 [00:16<00:01,  1.61s/it]
Task 3, Epoch 10/10 => Loss 1.013, Train_accy 84.00: 100%|██████████| 10/10 [00:16<00:00,  1.62s/it]
Task 3, Epoch 10/10 => Loss 1.013, Train_accy 84.00: 100%|██████████| 10/10 [00:16<00:00,  1.61s/it]
2026-01-03 04:44:42,395 [inflora.py] => Task 3, Epoch 10/10 => Loss 1.013, Train_accy 84.00
Threshold:  0.9854545454545455
Skip Updating DualGPM for layer: 1
Layer 1 - Projection Matrix shape: torch.Size([768, 768])
Layer 2 - Projection Matrix shape: torch.Size([768, 768])
Layer 3 - Projection Matrix shape: torch.Size([768, 768])
Layer 4 - Projection Matrix shape: torch.Size([768, 768])
Layer 5 - Projection Matrix shape: torch.Size([768, 768])
Layer 6 - Projection Matrix shape: torch.Size([768, 768])
Layer 7 - Projection Matrix shape: torch.Size([768, 768])
Layer 8 - Projection Matrix shape: torch.Size([768, 768])
Layer 9 - Projection Matrix shape: torch.Size([768, 768])
Layer 10 - Projection Matrix shape: torch.Size([768, 768])
Layer 11 - Projection Matrix shape: torch.Size([768, 768])
Layer 12 - Projection Matrix shape: torch.Size([768, 768])
2026-01-03 04:45:08,940 [inflora.py] => Exemplar size: 0
2026-01-03 04:45:08,940 [trainer.py] => CNN: {'total': 65.13, '00-99': 84.91, '100-109': 3.6, '110-119': 0.0, '120-129': 0.0, '130-139': 96.0, '140-149': 92.0, '150-159': 90.0, '160-169': 92.0, '170-179': 96.0, '180-189': 92.0, '190-199': 96.0, 'old': 69.21, 'new': 0.0}
2026-01-03 04:45:08,940 [trainer.py] => CNN top1 curve: [84.84, 75.37, 69.26, 65.13]
2026-01-03 04:45:08,940 [trainer.py] => Average Accuracy (CNN): 73.65
2026-01-03 04:45:08,944 [trainer.py] => All params: 97226625
2026-01-03 04:45:08,946 [trainer.py] => Trainable params: 261220
2026-01-03 04:45:08,947 [inflora.py] => Learning on 130-140

  0%|          | 0/10 [00:00<?, ?it/s]
Task 4, Epoch 1/10 => Loss 6.360, Train_accy 0.00:   0%|          | 0/10 [00:01<?, ?it/s]
Task 4, Epoch 1/10 => Loss 6.360, Train_accy 0.00:  10%|█         | 1/10 [00:01<00:13,  1.56s/it]
Task 4, Epoch 2/10 => Loss 5.372, Train_accy 0.00:  10%|█         | 1/10 [00:03<00:13,  1.56s/it]
Task 4, Epoch 2/10 => Loss 5.372, Train_accy 0.00:  20%|██        | 2/10 [00:03<00:12,  1.57s/it]
Task 4, Epoch 3/10 => Loss 4.495, Train_accy 8.00:  20%|██        | 2/10 [00:04<00:12,  1.57s/it]
Task 4, Epoch 3/10 => Loss 4.495, Train_accy 8.00:  30%|███       | 3/10 [00:04<00:10,  1.57s/it]
Task 4, Epoch 4/10 => Loss 3.663, Train_accy 20.00:  30%|███       | 3/10 [00:06<00:10,  1.57s/it]
Task 4, Epoch 4/10 => Loss 3.663, Train_accy 20.00:  40%|████      | 4/10 [00:06<00:09,  1.57s/it]
Task 4, Epoch 5/10 => Loss 3.047, Train_accy 32.00:  40%|████      | 4/10 [00:07<00:09,  1.57s/it]
Task 4, Epoch 5/10 => Loss 3.047, Train_accy 32.00:  50%|█████     | 5/10 [00:07<00:07,  1.57s/it]
Task 4, Epoch 6/10 => Loss 2.932, Train_accy 32.00:  50%|█████     | 5/10 [00:09<00:07,  1.57s/it]
Task 4, Epoch 6/10 => Loss 2.932, Train_accy 32.00:  60%|██████    | 6/10 [00:09<00:06,  1.61s/it]
Task 4, Epoch 7/10 => Loss 2.114, Train_accy 52.00:  60%|██████    | 6/10 [00:11<00:06,  1.61s/it]
Task 4, Epoch 7/10 => Loss 2.114, Train_accy 52.00:  70%|███████   | 7/10 [00:11<00:04,  1.62s/it]
Task 4, Epoch 8/10 => Loss 1.935, Train_accy 56.00:  70%|███████   | 7/10 [00:12<00:04,  1.62s/it]
Task 4, Epoch 8/10 => Loss 1.935, Train_accy 56.00:  80%|████████  | 8/10 [00:12<00:03,  1.64s/it]
Task 4, Epoch 9/10 => Loss 1.694, Train_accy 60.00:  80%|████████  | 8/10 [00:14<00:03,  1.64s/it]
Task 4, Epoch 9/10 => Loss 1.694, Train_accy 60.00:  90%|█████████ | 9/10 [00:14<00:01,  1.65s/it]
Task 4, Epoch 10/10 => Loss 1.761, Train_accy 56.00:  90%|█████████ | 9/10 [00:16<00:01,  1.65s/it]
Task 4, Epoch 10/10 => Loss 1.761, Train_accy 56.00: 100%|██████████| 10/10 [00:16<00:00,  1.66s/it]
Task 4, Epoch 10/10 => Loss 1.761, Train_accy 56.00: 100%|██████████| 10/10 [00:16<00:00,  1.62s/it]
2026-01-03 04:45:27,912 [inflora.py] => Task 4, Epoch 10/10 => Loss 1.761, Train_accy 56.00
Threshold:  0.9872727272727273
Skip Updating DualGPM for layer: 1
Layer 1 - Projection Matrix shape: torch.Size([768, 768])
Layer 2 - Projection Matrix shape: torch.Size([768, 768])
Layer 3 - Projection Matrix shape: torch.Size([768, 768])
Layer 4 - Projection Matrix shape: torch.Size([768, 768])
Layer 5 - Projection Matrix shape: torch.Size([768, 768])
Layer 6 - Projection Matrix shape: torch.Size([768, 768])
Layer 7 - Projection Matrix shape: torch.Size([768, 768])
Layer 8 - Projection Matrix shape: torch.Size([768, 768])
Layer 9 - Projection Matrix shape: torch.Size([768, 768])
Layer 10 - Projection Matrix shape: torch.Size([768, 768])
Layer 11 - Projection Matrix shape: torch.Size([768, 768])
Layer 12 - Projection Matrix shape: torch.Size([768, 768])
2026-01-03 04:45:55,572 [inflora.py] => Exemplar size: 0
2026-01-03 04:45:55,572 [trainer.py] => CNN: {'total': 59.2, '00-99': 84.57, '100-109': 3.6, '110-119': 0.0, '120-129': 0.0, '130-139': 0.0, '140-149': 92.0, '150-159': 90.0, '160-169': 100.0, '170-179': 86.0, '180-189': 88.0, '190-199': 88.0, 'old': 64.87, 'new': 0.0}
2026-01-03 04:45:55,572 [trainer.py] => CNN top1 curve: [84.84, 75.37, 69.26, 65.13, 59.2]
2026-01-03 04:45:55,572 [trainer.py] => Average Accuracy (CNN): 70.76
2026-01-03 04:45:55,574 [trainer.py] => All params: 97226625
2026-01-03 04:45:55,576 [trainer.py] => Trainable params: 261220
2026-01-03 04:45:55,576 [inflora.py] => Learning on 140-150

  0%|          | 0/10 [00:00<?, ?it/s]
Task 5, Epoch 1/10 => Loss 6.210, Train_accy 0.00:   0%|          | 0/10 [00:01<?, ?it/s]
Task 5, Epoch 1/10 => Loss 6.210, Train_accy 0.00:  10%|█         | 1/10 [00:01<00:14,  1.61s/it]
Task 5, Epoch 2/10 => Loss 5.282, Train_accy 2.00:  10%|█         | 1/10 [00:03<00:14,  1.61s/it]
Task 5, Epoch 2/10 => Loss 5.282, Train_accy 2.00:  20%|██        | 2/10 [00:03<00:12,  1.60s/it]
Task 5, Epoch 3/10 => Loss 4.617, Train_accy 10.00:  20%|██        | 2/10 [00:04<00:12,  1.60s/it]
Task 5, Epoch 3/10 => Loss 4.617, Train_accy 10.00:  30%|███       | 3/10 [00:04<00:11,  1.60s/it]
Task 5, Epoch 4/10 => Loss 3.828, Train_accy 22.00:  30%|███       | 3/10 [00:06<00:11,  1.60s/it]
Task 5, Epoch 4/10 => Loss 3.828, Train_accy 22.00:  40%|████      | 4/10 [00:06<00:09,  1.61s/it]
Task 5, Epoch 5/10 => Loss 3.165, Train_accy 30.00:  40%|████      | 4/10 [00:08<00:09,  1.61s/it]
Task 5, Epoch 5/10 => Loss 3.165, Train_accy 30.00:  50%|█████     | 5/10 [00:08<00:08,  1.61s/it]
Task 5, Epoch 6/10 => Loss 2.810, Train_accy 40.00:  50%|█████     | 5/10 [00:09<00:08,  1.61s/it]
Task 5, Epoch 6/10 => Loss 2.810, Train_accy 40.00:  60%|██████    | 6/10 [00:09<00:06,  1.61s/it]
Task 5, Epoch 7/10 => Loss 2.174, Train_accy 58.00:  60%|██████    | 6/10 [00:11<00:06,  1.61s/it]
Task 5, Epoch 7/10 => Loss 2.174, Train_accy 58.00:  70%|███████   | 7/10 [00:11<00:04,  1.61s/it]
Task 5, Epoch 8/10 => Loss 1.891, Train_accy 60.00:  70%|███████   | 7/10 [00:12<00:04,  1.61s/it]
Task 5, Epoch 8/10 => Loss 1.891, Train_accy 60.00:  80%|████████  | 8/10 [00:12<00:03,  1.61s/it]
Task 5, Epoch 9/10 => Loss 1.778, Train_accy 66.00:  80%|████████  | 8/10 [00:14<00:03,  1.61s/it]
Task 5, Epoch 9/10 => Loss 1.778, Train_accy 66.00:  90%|█████████ | 9/10 [00:14<00:01,  1.60s/it]
Task 5, Epoch 10/10 => Loss 1.464, Train_accy 72.00:  90%|█████████ | 9/10 [00:16<00:01,  1.60s/it]
Task 5, Epoch 10/10 => Loss 1.464, Train_accy 72.00: 100%|██████████| 10/10 [00:16<00:00,  1.60s/it]
Task 5, Epoch 10/10 => Loss 1.464, Train_accy 72.00: 100%|██████████| 10/10 [00:16<00:00,  1.60s/it]
2026-01-03 04:46:14,435 [inflora.py] => Task 5, Epoch 10/10 => Loss 1.464, Train_accy 72.00
Threshold:  0.9890909090909091
Layer 1 - Projection Matrix shape: torch.Size([768, 768])
Layer 2 - Projection Matrix shape: torch.Size([768, 768])
Layer 3 - Projection Matrix shape: torch.Size([768, 768])
Layer 4 - Projection Matrix shape: torch.Size([768, 768])
Layer 5 - Projection Matrix shape: torch.Size([768, 768])
Layer 6 - Projection Matrix shape: torch.Size([768, 768])
Layer 7 - Projection Matrix shape: torch.Size([768, 768])
Layer 8 - Projection Matrix shape: torch.Size([768, 768])
Layer 9 - Projection Matrix shape: torch.Size([768, 768])
Layer 10 - Projection Matrix shape: torch.Size([768, 768])
Layer 11 - Projection Matrix shape: torch.Size([768, 768])
Layer 12 - Projection Matrix shape: torch.Size([768, 768])
2026-01-03 04:46:43,346 [inflora.py] => Exemplar size: 0
2026-01-03 04:46:43,347 [trainer.py] => CNN: {'total': 54.82, '00-99': 84.53, '100-109': 3.6, '110-119': 0.0, '120-129': 0.0, '130-139': 0.0, '140-149': 0.0, '150-159': 94.0, '160-169': 94.0, '170-179': 84.0, '180-189': 94.0, '190-199': 90.0, 'old': 59.18, 'new': 0.0}
2026-01-03 04:46:43,347 [trainer.py] => CNN top1 curve: [84.84, 75.37, 69.26, 65.13, 59.2, 54.82]
2026-01-03 04:46:43,347 [trainer.py] => Average Accuracy (CNN): 68.10
2026-01-03 04:46:43,349 [trainer.py] => All params: 97226625
2026-01-03 04:46:43,352 [trainer.py] => Trainable params: 261220
2026-01-03 04:46:43,352 [inflora.py] => Learning on 150-160

  0%|          | 0/10 [00:00<?, ?it/s]
Task 6, Epoch 1/10 => Loss 5.459, Train_accy 0.00:   0%|          | 0/10 [00:01<?, ?it/s]
Task 6, Epoch 1/10 => Loss 5.459, Train_accy 0.00:  10%|█         | 1/10 [00:01<00:14,  1.65s/it]
Task 6, Epoch 2/10 => Loss 4.451, Train_accy 6.00:  10%|█         | 1/10 [00:03<00:14,  1.65s/it]
Task 6, Epoch 2/10 => Loss 4.451, Train_accy 6.00:  20%|██        | 2/10 [00:03<00:13,  1.65s/it]
Task 6, Epoch 3/10 => Loss 3.899, Train_accy 16.00:  20%|██        | 2/10 [00:04<00:13,  1.65s/it]
Task 6, Epoch 3/10 => Loss 3.899, Train_accy 16.00:  30%|███       | 3/10 [00:04<00:11,  1.65s/it]
Task 6, Epoch 4/10 => Loss 3.298, Train_accy 24.00:  30%|███       | 3/10 [00:06<00:11,  1.65s/it]
Task 6, Epoch 4/10 => Loss 3.298, Train_accy 24.00:  40%|████      | 4/10 [00:06<00:09,  1.65s/it]
Task 6, Epoch 5/10 => Loss 2.572, Train_accy 44.00:  40%|████      | 4/10 [00:08<00:09,  1.65s/it]
Task 6, Epoch 5/10 => Loss 2.572, Train_accy 44.00:  50%|█████     | 5/10 [00:08<00:08,  1.65s/it]
Task 6, Epoch 6/10 => Loss 2.041, Train_accy 58.00:  50%|█████     | 5/10 [00:09<00:08,  1.65s/it]
Task 6, Epoch 6/10 => Loss 2.041, Train_accy 58.00:  60%|██████    | 6/10 [00:09<00:06,  1.65s/it]
Task 6, Epoch 7/10 => Loss 1.638, Train_accy 64.00:  60%|██████    | 6/10 [00:11<00:06,  1.65s/it]
Task 6, Epoch 7/10 => Loss 1.638, Train_accy 64.00:  70%|███████   | 7/10 [00:11<00:04,  1.65s/it]
Task 6, Epoch 8/10 => Loss 1.416, Train_accy 74.00:  70%|███████   | 7/10 [00:13<00:04,  1.65s/it]
Task 6, Epoch 8/10 => Loss 1.416, Train_accy 74.00:  80%|████████  | 8/10 [00:13<00:03,  1.65s/it]
Task 6, Epoch 9/10 => Loss 1.424, Train_accy 66.00:  80%|████████  | 8/10 [00:14<00:03,  1.65s/it]
Task 6, Epoch 9/10 => Loss 1.424, Train_accy 66.00:  90%|█████████ | 9/10 [00:14<00:01,  1.65s/it]
Task 6, Epoch 10/10 => Loss 1.176, Train_accy 80.00:  90%|█████████ | 9/10 [00:16<00:01,  1.65s/it]
Task 6, Epoch 10/10 => Loss 1.176, Train_accy 80.00: 100%|██████████| 10/10 [00:16<00:00,  1.65s/it]
Task 6, Epoch 10/10 => Loss 1.176, Train_accy 80.00: 100%|██████████| 10/10 [00:16<00:00,  1.65s/it]
2026-01-03 04:47:02,568 [inflora.py] => Task 6, Epoch 10/10 => Loss 1.176, Train_accy 80.00
Threshold:  0.9909090909090909
Skip Updating DualGPM for layer: 1
Layer 1 - Projection Matrix shape: torch.Size([768, 768])
Layer 2 - Projection Matrix shape: torch.Size([768, 768])
Layer 3 - Projection Matrix shape: torch.Size([768, 768])
Layer 4 - Projection Matrix shape: torch.Size([768, 768])
Layer 5 - Projection Matrix shape: torch.Size([768, 768])
Layer 6 - Projection Matrix shape: torch.Size([768, 768])
Layer 7 - Projection Matrix shape: torch.Size([768, 768])
Layer 8 - Projection Matrix shape: torch.Size([768, 768])
Layer 9 - Projection Matrix shape: torch.Size([768, 768])
Layer 10 - Projection Matrix shape: torch.Size([768, 768])
Layer 11 - Projection Matrix shape: torch.Size([768, 768])
Layer 12 - Projection Matrix shape: torch.Size([768, 768])
2026-01-03 04:47:32,325 [inflora.py] => Exemplar size: 0
2026-01-03 04:47:32,325 [trainer.py] => CNN: {'total': 51.83, '00-99': 84.67, '100-109': 3.6, '110-119': 0.0, '120-129': 0.0, '130-139': 0.0, '140-149': 0.0, '150-159': 0.0, '160-169': 94.0, '170-179': 86.0, '180-189': 90.0, '190-199': 88.0, 'old': 54.91, 'new': 0.0}
2026-01-03 04:47:32,326 [trainer.py] => CNN top1 curve: [84.84, 75.37, 69.26, 65.13, 59.2, 54.82, 51.83]
2026-01-03 04:47:32,326 [trainer.py] => Average Accuracy (CNN): 65.78
2026-01-03 04:47:32,329 [trainer.py] => All params: 97226625
2026-01-03 04:47:32,332 [trainer.py] => Trainable params: 261220
2026-01-03 04:47:32,332 [inflora.py] => Learning on 160-170

  0%|          | 0/10 [00:00<?, ?it/s]
Task 7, Epoch 1/10 => Loss 5.751, Train_accy 2.00:   0%|          | 0/10 [00:02<?, ?it/s]
Task 7, Epoch 1/10 => Loss 5.751, Train_accy 2.00:  10%|█         | 1/10 [00:02<00:19,  2.12s/it]
Task 7, Epoch 2/10 => Loss 4.749, Train_accy 4.00:  10%|█         | 1/10 [00:04<00:19,  2.12s/it]
Task 7, Epoch 2/10 => Loss 4.749, Train_accy 4.00:  20%|██        | 2/10 [00:04<00:16,  2.08s/it]
Task 7, Epoch 3/10 => Loss 4.113, Train_accy 8.00:  20%|██        | 2/10 [00:06<00:16,  2.08s/it]
Task 7, Epoch 3/10 => Loss 4.113, Train_accy 8.00:  30%|███       | 3/10 [00:06<00:14,  2.10s/it]
Task 7, Epoch 4/10 => Loss 3.334, Train_accy 28.00:  30%|███       | 3/10 [00:08<00:14,  2.10s/it]
Task 7, Epoch 4/10 => Loss 3.334, Train_accy 28.00:  40%|████      | 4/10 [00:08<00:12,  2.11s/it]
Task 7, Epoch 5/10 => Loss 2.835, Train_accy 40.00:  40%|████      | 4/10 [00:10<00:12,  2.11s/it]
Task 7, Epoch 5/10 => Loss 2.835, Train_accy 40.00:  50%|█████     | 5/10 [00:10<00:10,  2.11s/it]
Task 7, Epoch 6/10 => Loss 2.184, Train_accy 58.00:  50%|█████     | 5/10 [00:12<00:10,  2.11s/it]
Task 7, Epoch 6/10 => Loss 2.184, Train_accy 58.00:  60%|██████    | 6/10 [00:12<00:08,  2.11s/it]
Task 7, Epoch 7/10 => Loss 1.975, Train_accy 54.00:  60%|██████    | 6/10 [00:14<00:08,  2.11s/it]
Task 7, Epoch 7/10 => Loss 1.975, Train_accy 54.00:  70%|███████   | 7/10 [00:14<00:06,  2.09s/it]
Task 7, Epoch 8/10 => Loss 1.513, Train_accy 70.00:  70%|███████   | 7/10 [00:16<00:06,  2.09s/it]
Task 7, Epoch 8/10 => Loss 1.513, Train_accy 70.00:  80%|████████  | 8/10 [00:16<00:04,  2.11s/it]
Task 7, Epoch 9/10 => Loss 1.543, Train_accy 66.00:  80%|████████  | 8/10 [00:18<00:04,  2.11s/it]
Task 7, Epoch 9/10 => Loss 1.543, Train_accy 66.00:  90%|█████████ | 9/10 [00:18<00:02,  2.10s/it]
Task 7, Epoch 10/10 => Loss 1.197, Train_accy 84.00:  90%|█████████ | 9/10 [00:21<00:02,  2.10s/it]
Task 7, Epoch 10/10 => Loss 1.197, Train_accy 84.00: 100%|██████████| 10/10 [00:21<00:00,  2.10s/it]
Task 7, Epoch 10/10 => Loss 1.197, Train_accy 84.00: 100%|██████████| 10/10 [00:21<00:00,  2.10s/it]
2026-01-03 04:47:56,684 [inflora.py] => Task 7, Epoch 10/10 => Loss 1.197, Train_accy 84.00
Threshold:  0.9927272727272727
Skip Updating DualGPM for layer: 1
Layer 1 - Projection Matrix shape: torch.Size([768, 768])
Layer 2 - Projection Matrix shape: torch.Size([768, 768])
Layer 3 - Projection Matrix shape: torch.Size([768, 768])
Layer 4 - Projection Matrix shape: torch.Size([768, 768])
Layer 5 - Projection Matrix shape: torch.Size([768, 768])
Layer 6 - Projection Matrix shape: torch.Size([768, 768])
Layer 7 - Projection Matrix shape: torch.Size([768, 768])
Layer 8 - Projection Matrix shape: torch.Size([768, 768])
Layer 9 - Projection Matrix shape: torch.Size([768, 768])
Layer 10 - Projection Matrix shape: torch.Size([768, 768])
Layer 11 - Projection Matrix shape: torch.Size([768, 768])
Layer 12 - Projection Matrix shape: torch.Size([768, 768])
2026-01-03 04:48:28,195 [inflora.py] => Exemplar size: 0
2026-01-03 04:48:28,196 [trainer.py] => CNN: {'total': 48.08, '00-99': 84.6, '100-109': 3.6, '110-119': 0.0, '120-129': 0.0, '130-139': 0.0, '140-149': 0.0, '150-159': 0.0, '160-169': 0.0, '170-179': 96.0, '180-189': 94.0, '190-199': 96.0, 'old': 51.78, 'new': 0.0}
2026-01-03 04:48:28,196 [trainer.py] => CNN top1 curve: [84.84, 75.37, 69.26, 65.13, 59.2, 54.82, 51.83, 48.08]
2026-01-03 04:48:28,196 [trainer.py] => Average Accuracy (CNN): 63.57
2026-01-03 04:48:28,202 [trainer.py] => All params: 97226625
2026-01-03 04:48:28,206 [trainer.py] => Trainable params: 261220
2026-01-03 04:48:28,206 [inflora.py] => Learning on 170-180

  0%|          | 0/10 [00:00<?, ?it/s]
Task 8, Epoch 1/10 => Loss 6.179, Train_accy 0.00:   0%|          | 0/10 [00:01<?, ?it/s]
Task 8, Epoch 1/10 => Loss 6.179, Train_accy 0.00:  10%|█         | 1/10 [00:01<00:15,  1.69s/it]
Task 8, Epoch 2/10 => Loss 5.145, Train_accy 0.00:  10%|█         | 1/10 [00:03<00:15,  1.69s/it]
Task 8, Epoch 2/10 => Loss 5.145, Train_accy 0.00:  20%|██        | 2/10 [00:03<00:13,  1.69s/it]
Task 8, Epoch 3/10 => Loss 4.426, Train_accy 4.00:  20%|██        | 2/10 [00:05<00:13,  1.69s/it]
Task 8, Epoch 3/10 => Loss 4.426, Train_accy 4.00:  30%|███       | 3/10 [00:05<00:11,  1.69s/it]
Task 8, Epoch 4/10 => Loss 3.711, Train_accy 18.00:  30%|███       | 3/10 [00:06<00:11,  1.69s/it]
Task 8, Epoch 4/10 => Loss 3.711, Train_accy 18.00:  40%|████      | 4/10 [00:06<00:10,  1.69s/it]
Task 8, Epoch 5/10 => Loss 3.170, Train_accy 32.00:  40%|████      | 4/10 [00:08<00:10,  1.69s/it]
Task 8, Epoch 5/10 => Loss 3.170, Train_accy 32.00:  50%|█████     | 5/10 [00:08<00:08,  1.74s/it]
Task 8, Epoch 6/10 => Loss 2.811, Train_accy 28.00:  50%|█████     | 5/10 [00:10<00:08,  1.74s/it]
Task 8, Epoch 6/10 => Loss 2.811, Train_accy 28.00:  60%|██████    | 6/10 [00:10<00:07,  1.76s/it]
Task 8, Epoch 7/10 => Loss 2.402, Train_accy 42.00:  60%|██████    | 6/10 [00:12<00:07,  1.76s/it]
Task 8, Epoch 7/10 => Loss 2.402, Train_accy 42.00:  70%|███████   | 7/10 [00:12<00:05,  1.78s/it]
Task 8, Epoch 8/10 => Loss 2.087, Train_accy 48.00:  70%|███████   | 7/10 [00:14<00:05,  1.78s/it]
Task 8, Epoch 8/10 => Loss 2.087, Train_accy 48.00:  80%|████████  | 8/10 [00:14<00:03,  1.79s/it]
Task 8, Epoch 9/10 => Loss 1.621, Train_accy 60.00:  80%|████████  | 8/10 [00:15<00:03,  1.79s/it]
Task 8, Epoch 9/10 => Loss 1.621, Train_accy 60.00:  90%|█████████ | 9/10 [00:15<00:01,  1.79s/it]
Task 8, Epoch 10/10 => Loss 1.705, Train_accy 58.00:  90%|█████████ | 9/10 [00:17<00:01,  1.79s/it]
Task 8, Epoch 10/10 => Loss 1.705, Train_accy 58.00: 100%|██████████| 10/10 [00:17<00:00,  1.80s/it]
Task 8, Epoch 10/10 => Loss 1.705, Train_accy 58.00: 100%|██████████| 10/10 [00:17<00:00,  1.76s/it]
2026-01-03 04:48:48,727 [inflora.py] => Task 8, Epoch 10/10 => Loss 1.705, Train_accy 58.00
Threshold:  0.9945454545454545
Layer 1 - Projection Matrix shape: torch.Size([768, 768])
Layer 2 - Projection Matrix shape: torch.Size([768, 768])
Layer 3 - Projection Matrix shape: torch.Size([768, 768])
Layer 4 - Projection Matrix shape: torch.Size([768, 768])
Layer 5 - Projection Matrix shape: torch.Size([768, 768])
Layer 6 - Projection Matrix shape: torch.Size([768, 768])
Layer 7 - Projection Matrix shape: torch.Size([768, 768])
Layer 8 - Projection Matrix shape: torch.Size([768, 768])
Layer 9 - Projection Matrix shape: torch.Size([768, 768])
Layer 10 - Projection Matrix shape: torch.Size([768, 768])
Layer 11 - Projection Matrix shape: torch.Size([768, 768])
Layer 12 - Projection Matrix shape: torch.Size([768, 768])
2026-01-03 04:49:19,267 [inflora.py] => Exemplar size: 0
2026-01-03 04:49:19,268 [trainer.py] => CNN: {'total': 45.42, '00-99': 84.6, '100-109': 3.6, '110-119': 0.0, '120-129': 0.0, '130-139': 0.0, '140-149': 0.0, '150-159': 0.0, '160-169': 0.0, '170-179': 0.0, '180-189': 90.0, '190-199': 92.0, 'old': 48.08, 'new': 0.0}
2026-01-03 04:49:19,268 [trainer.py] => CNN top1 curve: [84.84, 75.37, 69.26, 65.13, 59.2, 54.82, 51.83, 48.08, 45.42]
2026-01-03 04:49:19,268 [trainer.py] => Average Accuracy (CNN): 61.55
2026-01-03 04:49:19,271 [trainer.py] => All params: 97226625
2026-01-03 04:49:19,274 [trainer.py] => Trainable params: 261220
2026-01-03 04:49:19,274 [inflora.py] => Learning on 180-190

  0%|          | 0/10 [00:00<?, ?it/s]
Task 9, Epoch 1/10 => Loss 6.233, Train_accy 2.00:   0%|          | 0/10 [00:01<?, ?it/s]
Task 9, Epoch 1/10 => Loss 6.233, Train_accy 2.00:  10%|█         | 1/10 [00:01<00:15,  1.74s/it]
Task 9, Epoch 2/10 => Loss 5.488, Train_accy 0.00:  10%|█         | 1/10 [00:03<00:15,  1.74s/it]
Task 9, Epoch 2/10 => Loss 5.488, Train_accy 0.00:  20%|██        | 2/10 [00:03<00:13,  1.74s/it]
Task 9, Epoch 3/10 => Loss 4.843, Train_accy 6.00:  20%|██        | 2/10 [00:05<00:13,  1.74s/it]
Task 9, Epoch 3/10 => Loss 4.843, Train_accy 6.00:  30%|███       | 3/10 [00:05<00:12,  1.80s/it]
Task 9, Epoch 4/10 => Loss 4.044, Train_accy 18.00:  30%|███       | 3/10 [00:07<00:12,  1.80s/it]
Task 9, Epoch 4/10 => Loss 4.044, Train_accy 18.00:  40%|████      | 4/10 [00:07<00:10,  1.82s/it]
Task 9, Epoch 5/10 => Loss 3.179, Train_accy 24.00:  40%|████      | 4/10 [00:09<00:10,  1.82s/it]
Task 9, Epoch 5/10 => Loss 3.179, Train_accy 24.00:  50%|█████     | 5/10 [00:09<00:09,  1.84s/it]
Task 9, Epoch 6/10 => Loss 3.274, Train_accy 26.00:  50%|█████     | 5/10 [00:10<00:09,  1.84s/it]
Task 9, Epoch 6/10 => Loss 3.274, Train_accy 26.00:  60%|██████    | 6/10 [00:10<00:07,  1.85s/it]
Task 9, Epoch 7/10 => Loss 2.862, Train_accy 36.00:  60%|██████    | 6/10 [00:12<00:07,  1.85s/it]
Task 9, Epoch 7/10 => Loss 2.862, Train_accy 36.00:  70%|███████   | 7/10 [00:12<00:05,  1.85s/it]
Task 9, Epoch 8/10 => Loss 2.342, Train_accy 46.00:  70%|███████   | 7/10 [00:14<00:05,  1.85s/it]
Task 9, Epoch 8/10 => Loss 2.342, Train_accy 46.00:  80%|████████  | 8/10 [00:14<00:03,  1.86s/it]
Task 9, Epoch 9/10 => Loss 2.140, Train_accy 50.00:  80%|████████  | 8/10 [00:16<00:03,  1.86s/it]
Task 9, Epoch 9/10 => Loss 2.140, Train_accy 50.00:  90%|█████████ | 9/10 [00:16<00:01,  1.86s/it]
Task 9, Epoch 10/10 => Loss 1.961, Train_accy 58.00:  90%|█████████ | 9/10 [00:18<00:01,  1.86s/it]
Task 9, Epoch 10/10 => Loss 1.961, Train_accy 58.00: 100%|██████████| 10/10 [00:18<00:00,  1.86s/it]
Task 9, Epoch 10/10 => Loss 1.961, Train_accy 58.00: 100%|██████████| 10/10 [00:18<00:00,  1.84s/it]
2026-01-03 04:49:40,511 [inflora.py] => Task 9, Epoch 10/10 => Loss 1.961, Train_accy 58.00
Threshold:  0.9963636363636363
Layer 1 - Projection Matrix shape: torch.Size([768, 768])
Layer 2 - Projection Matrix shape: torch.Size([768, 768])
Layer 3 - Projection Matrix shape: torch.Size([768, 768])
Layer 4 - Projection Matrix shape: torch.Size([768, 768])
Layer 5 - Projection Matrix shape: torch.Size([768, 768])
Layer 6 - Projection Matrix shape: torch.Size([768, 768])
Layer 7 - Projection Matrix shape: torch.Size([768, 768])
Layer 8 - Projection Matrix shape: torch.Size([768, 768])
Layer 9 - Projection Matrix shape: torch.Size([768, 768])
Layer 10 - Projection Matrix shape: torch.Size([768, 768])
Layer 11 - Projection Matrix shape: torch.Size([768, 768])
Layer 12 - Projection Matrix shape: torch.Size([768, 768])
2026-01-03 04:50:11,623 [inflora.py] => Exemplar size: 0
2026-01-03 04:50:11,624 [trainer.py] => CNN: {'total': 43.52, '00-99': 84.6, '100-109': 3.34, '110-119': 0.0, '120-129': 0.0, '130-139': 0.0, '140-149': 0.0, '150-159': 0.0, '160-169': 0.0, '170-179': 0.0, '180-189': 0.0, '190-199': 92.0, 'old': 45.4, 'new': 0.0}
2026-01-03 04:50:11,624 [trainer.py] => CNN top1 curve: [84.84, 75.37, 69.26, 65.13, 59.2, 54.82, 51.83, 48.08, 45.42, 43.52]
2026-01-03 04:50:11,624 [trainer.py] => Average Accuracy (CNN): 59.75
2026-01-03 04:50:11,629 [trainer.py] => All params: 97226625
2026-01-03 04:50:11,632 [trainer.py] => Trainable params: 261220
2026-01-03 04:50:11,632 [inflora.py] => Learning on 190-200

  0%|          | 0/10 [00:00<?, ?it/s]
Task 10, Epoch 1/10 => Loss 6.006, Train_accy 0.00:   0%|          | 0/10 [00:01<?, ?it/s]
Task 10, Epoch 1/10 => Loss 6.006, Train_accy 0.00:  10%|█         | 1/10 [00:01<00:16,  1.86s/it]
Task 10, Epoch 2/10 => Loss 5.371, Train_accy 0.00:  10%|█         | 1/10 [00:03<00:16,  1.86s/it]
Task 10, Epoch 2/10 => Loss 5.371, Train_accy 0.00:  20%|██        | 2/10 [00:03<00:14,  1.84s/it]
Task 10, Epoch 3/10 => Loss 4.539, Train_accy 6.00:  20%|██        | 2/10 [00:05<00:14,  1.84s/it]
Task 10, Epoch 3/10 => Loss 4.539, Train_accy 6.00:  30%|███       | 3/10 [00:05<00:12,  1.84s/it]
Task 10, Epoch 4/10 => Loss 3.750, Train_accy 24.00:  30%|███       | 3/10 [00:07<00:12,  1.84s/it]
Task 10, Epoch 4/10 => Loss 3.750, Train_accy 24.00:  40%|████      | 4/10 [00:07<00:11,  1.84s/it]
Task 10, Epoch 5/10 => Loss 2.976, Train_accy 34.00:  40%|████      | 4/10 [00:09<00:11,  1.84s/it]
Task 10, Epoch 5/10 => Loss 2.976, Train_accy 34.00:  50%|█████     | 5/10 [00:09<00:09,  1.82s/it]
Task 10, Epoch 6/10 => Loss 2.562, Train_accy 40.00:  50%|█████     | 5/10 [00:10<00:09,  1.82s/it]
Task 10, Epoch 6/10 => Loss 2.562, Train_accy 40.00:  60%|██████    | 6/10 [00:10<00:07,  1.83s/it]
Task 10, Epoch 7/10 => Loss 1.967, Train_accy 56.00:  60%|██████    | 6/10 [00:12<00:07,  1.83s/it]
Task 10, Epoch 7/10 => Loss 1.967, Train_accy 56.00:  70%|███████   | 7/10 [00:12<00:05,  1.82s/it]
Task 10, Epoch 8/10 => Loss 1.946, Train_accy 58.00:  70%|███████   | 7/10 [00:14<00:05,  1.82s/it]
Task 10, Epoch 8/10 => Loss 1.946, Train_accy 58.00:  80%|████████  | 8/10 [00:14<00:03,  1.82s/it]
Task 10, Epoch 9/10 => Loss 1.922, Train_accy 56.00:  80%|████████  | 8/10 [00:16<00:03,  1.82s/it]
Task 10, Epoch 9/10 => Loss 1.922, Train_accy 56.00:  90%|█████████ | 9/10 [00:16<00:01,  1.81s/it]
Task 10, Epoch 10/10 => Loss 1.535, Train_accy 70.00:  90%|█████████ | 9/10 [00:18<00:01,  1.81s/it]
Task 10, Epoch 10/10 => Loss 1.535, Train_accy 70.00: 100%|██████████| 10/10 [00:18<00:00,  1.81s/it]
Task 10, Epoch 10/10 => Loss 1.535, Train_accy 70.00: 100%|██████████| 10/10 [00:18<00:00,  1.82s/it]
2026-01-03 04:50:32,881 [inflora.py] => Task 10, Epoch 10/10 => Loss 1.535, Train_accy 70.00
Threshold:  0.9981818181818182
Layer 1 - Projection Matrix shape: torch.Size([768, 768])
Layer 2 - Projection Matrix shape: torch.Size([768, 768])
Layer 3 - Projection Matrix shape: torch.Size([768, 768])
Layer 4 - Projection Matrix shape: torch.Size([768, 768])
Layer 5 - Projection Matrix shape: torch.Size([768, 768])
Layer 6 - Projection Matrix shape: torch.Size([768, 768])
Layer 7 - Projection Matrix shape: torch.Size([768, 768])
Layer 8 - Projection Matrix shape: torch.Size([768, 768])
Layer 9 - Projection Matrix shape: torch.Size([768, 768])
Layer 10 - Projection Matrix shape: torch.Size([768, 768])
Layer 11 - Projection Matrix shape: torch.Size([768, 768])
Layer 12 - Projection Matrix shape: torch.Size([768, 768])
2026-01-03 04:51:01,563 [inflora.py] => Exemplar size: 0
2026-01-03 04:51:01,564 [trainer.py] => CNN: {'total': 41.32, '00-99': 84.57, '100-109': 3.34, '110-119': 0.0, '120-129': 0.0, '130-139': 0.0, '140-149': 0.0, '150-159': 0.0, '160-169': 0.0, '170-179': 0.0, '180-189': 0.0, '190-199': 0.0, 'old': 43.51, 'new': 0.0}
2026-01-03 04:51:01,564 [trainer.py] => CNN top1 curve: [84.84, 75.37, 69.26, 65.13, 59.2, 54.82, 51.83, 48.08, 45.42, 43.52, 41.32]
2026-01-03 04:51:01,564 [trainer.py] => Average Accuracy (CNN): 58.07

================================================================================
Finished ImageNet_R_init100_inc10: InfLoRA  
Base Accuracy: 84.84
Last Accuracy: 41.32
Average Accuracy (Top1): 58.07
PD: 43.52
Backward Transfer (BWT): -0.05
Forward Transfer (FWT): 47.69
Accuracy Matrix (CNN):
[[ 84.84  98.    94.    94.    92.    90.    90.    90.    88.    88.
   92.  ]
 [ 84.95   3.6   96.    96.    94.    84.    92.   100.    96.    88.
   96.  ]
 [ 84.98   3.6    0.    94.    96.    92.    94.    94.    94.    86.
   94.  ]
 [ 84.91   3.6    0.     0.    96.    92.    90.    92.    96.    92.
   96.  ]
 [ 84.57   3.6    0.     0.     0.    92.    90.   100.    86.    88.
   88.  ]
 [ 84.53   3.6    0.     0.     0.     0.    94.    94.    84.    94.
   90.  ]
 [ 84.67   3.6    0.     0.     0.     0.     0.    94.    86.    90.
   88.  ]
 [ 84.6    3.6    0.     0.     0.     0.     0.     0.    96.    94.
   96.  ]
 [ 84.6    3.6    0.     0.     0.     0.     0.     0.     0.    90.
   92.  ]
 [ 84.6    3.34   0.     0.     0.     0.     0.     0.     0.     0.
   92.  ]
 [ 84.57   3.34   0.     0.     0.     0.     0.     0.     0.     0.
    0.  ]]
================================================================================


logs/mini_imagenet/60_2_sip/InfLoRA/adam/10/0.95_1.0-0.0001/2025
2026-01-02 23:13:54,195 [trainer.py] => config: configs/inflora_mini_B60_Inc2.json
2026-01-02 23:13:54,220 [trainer.py] => device: [device(type='cuda', index=1)]
2026-01-02 23:13:54,220 [trainer.py] => prefix: reproduce
2026-01-02 23:13:54,220 [trainer.py] => dataset: mini_imagenet
2026-01-02 23:13:54,220 [trainer.py] => data_path: data/
2026-01-02 23:13:54,220 [trainer.py] => memory_size: 0
2026-01-02 23:13:54,220 [trainer.py] => memory_per_class: 0
2026-01-02 23:13:54,220 [trainer.py] => fixed_memory: True
2026-01-02 23:13:54,220 [trainer.py] => shuffle: True
2026-01-02 23:13:54,220 [trainer.py] => init_cls: 60
2026-01-02 23:13:54,220 [trainer.py] => increment: 2
2026-01-02 23:13:54,220 [trainer.py] => model_name: InfLoRA
2026-01-02 23:13:54,220 [trainer.py] => net_type: sip
2026-01-02 23:13:54,220 [trainer.py] => embd_dim: 768
2026-01-02 23:13:54,220 [trainer.py] => num_heads: 12
2026-01-02 23:13:54,220 [trainer.py] => total_sessions: 21
2026-01-02 23:13:54,220 [trainer.py] => seed: 2025
2026-01-02 23:13:54,220 [trainer.py] => kshot: 5
2026-01-02 23:13:54,221 [trainer.py] => EPSILON: 1e-08
2026-01-02 23:13:54,221 [trainer.py] => init_epoch: 20
2026-01-02 23:13:54,221 [trainer.py] => optim: adam
2026-01-02 23:13:54,221 [trainer.py] => init_lr: 0.0001
2026-01-02 23:13:54,221 [trainer.py] => init_lr_decay: 0.1
2026-01-02 23:13:54,221 [trainer.py] => init_weight_decay: 0.0
2026-01-02 23:13:54,221 [trainer.py] => epochs: 10
2026-01-02 23:13:54,221 [trainer.py] => lrate: 0.0001
2026-01-02 23:13:54,221 [trainer.py] => lrate_decay: 0.1
2026-01-02 23:13:54,221 [trainer.py] => batch_size: 128
2026-01-02 23:13:54,221 [trainer.py] => weight_decay: 0.0
2026-01-02 23:13:54,221 [trainer.py] => rank: 10
2026-01-02 23:13:54,221 [trainer.py] => lamb: 0.95
2026-01-02 23:13:54,221 [trainer.py] => lame: 1.0
2026-01-02 23:13:54,221 [trainer.py] => num_workers: 16
2026-01-02 23:13:54,221 [trainer.py] => gpu_models: ['NVIDIA A40']
2026-01-02 23:13:54,476 [data_manager.py] => [49, 77, 61, 69, 6, 95, 68, 19, 2, 5, 96, 89, 57, 63, 72, 99, 59, 1, 79, 20, 26, 47, 46, 48, 92, 29, 0, 14, 30, 43, 74, 97, 11, 86, 35, 28, 4, 58, 90, 51, 85, 44, 60, 71, 34, 91, 9, 18, 21, 39, 81, 54, 8, 50, 15, 24, 88, 87, 38, 7, 56, 65, 37, 55, 80, 66, 52, 31, 70, 53, 42, 36, 41, 13, 27, 73, 33, 93, 45, 75, 17, 25, 3, 64, 16, 84, 23, 40, 78, 10, 22, 32, 12, 83, 67, 76, 98, 82, 94, 62]
2026-01-02 23:13:56,519 [trainer.py] => All params: 101082305
2026-01-02 23:13:56,524 [trainer.py] => Trainable params: 101082305
2026-01-02 23:13:56,524 [inflora.py] => Learning on 0-60

  0%|          | 0/20 [00:00<?, ?it/s]
Task 0, Epoch 1/20 => Loss 2.081, Train_accy 52.73:   0%|          | 0/20 [03:26<?, ?it/s]
Task 0, Epoch 1/20 => Loss 2.081, Train_accy 52.73:   5%|▌         | 1/20 [03:26<1:05:17, 206.16s/it]
Task 0, Epoch 2/20 => Loss 0.558, Train_accy 85.47:   5%|▌         | 1/20 [06:51<1:05:17, 206.16s/it]
Task 0, Epoch 2/20 => Loss 0.558, Train_accy 85.47:  10%|█         | 2/20 [06:51<1:01:45, 205.84s/it]
Task 0, Epoch 3/20 => Loss 0.413, Train_accy 88.93:  10%|█         | 2/20 [10:17<1:01:45, 205.84s/it]
Task 0, Epoch 3/20 => Loss 0.413, Train_accy 88.93:  15%|█▌        | 3/20 [10:17<58:21, 205.96s/it]  
Task 0, Epoch 4/20 => Loss 0.348, Train_accy 90.51:  15%|█▌        | 3/20 [13:43<58:21, 205.96s/it]
Task 0, Epoch 4/20 => Loss 0.348, Train_accy 90.51:  20%|██        | 4/20 [13:43<54:54, 205.94s/it]
Task 0, Epoch 5/20 => Loss 0.319, Train_accy 91.24:  20%|██        | 4/20 [17:09<54:54, 205.94s/it]
Task 0, Epoch 5/20 => Loss 0.319, Train_accy 91.24:  25%|██▌       | 5/20 [17:09<51:27, 205.86s/it]
Task 0, Epoch 6/20 => Loss 0.285, Train_accy 91.86:  25%|██▌       | 5/20 [20:35<51:27, 205.86s/it]
Task 0, Epoch 6/20 => Loss 0.285, Train_accy 91.86:  30%|███       | 6/20 [20:35<48:01, 205.82s/it]
Task 0, Epoch 7/20 => Loss 0.279, Train_accy 92.13:  30%|███       | 6/20 [24:01<48:01, 205.82s/it]
Task 0, Epoch 7/20 => Loss 0.279, Train_accy 92.13:  35%|███▌      | 7/20 [24:01<44:35, 205.80s/it]
Task 0, Epoch 8/20 => Loss 0.261, Train_accy 92.46:  35%|███▌      | 7/20 [27:26<44:35, 205.80s/it]
Task 0, Epoch 8/20 => Loss 0.261, Train_accy 92.46:  40%|████      | 8/20 [27:26<41:09, 205.80s/it]
Task 0, Epoch 9/20 => Loss 0.241, Train_accy 93.14:  40%|████      | 8/20 [30:52<41:09, 205.80s/it]
Task 0, Epoch 9/20 => Loss 0.241, Train_accy 93.14:  45%|████▌     | 9/20 [30:52<37:42, 205.72s/it]
Task 0, Epoch 10/20 => Loss 0.234, Train_accy 93.27:  45%|████▌     | 9/20 [34:17<37:42, 205.72s/it]
Task 0, Epoch 10/20 => Loss 0.234, Train_accy 93.27:  50%|█████     | 10/20 [34:17<34:15, 205.51s/it]
Task 0, Epoch 11/20 => Loss 0.233, Train_accy 93.35:  50%|█████     | 10/20 [37:43<34:15, 205.51s/it]
Task 0, Epoch 11/20 => Loss 0.233, Train_accy 93.35:  55%|█████▌    | 11/20 [37:43<30:50, 205.57s/it]
Task 0, Epoch 12/20 => Loss 0.226, Train_accy 93.42:  55%|█████▌    | 11/20 [41:10<30:50, 205.57s/it]
Task 0, Epoch 12/20 => Loss 0.226, Train_accy 93.42:  60%|██████    | 12/20 [41:10<27:27, 205.98s/it]
Task 0, Epoch 13/20 => Loss 0.226, Train_accy 93.41:  60%|██████    | 12/20 [44:35<27:27, 205.98s/it]
Task 0, Epoch 13/20 => Loss 0.226, Train_accy 93.41:  65%|██████▌   | 13/20 [44:35<24:00, 205.73s/it]
Task 0, Epoch 14/20 => Loss 0.214, Train_accy 93.69:  65%|██████▌   | 13/20 [48:00<24:00, 205.73s/it]
Task 0, Epoch 14/20 => Loss 0.214, Train_accy 93.69:  70%|███████   | 14/20 [48:00<20:34, 205.72s/it]
Task 0, Epoch 15/20 => Loss 0.203, Train_accy 94.01:  70%|███████   | 14/20 [51:27<20:34, 205.72s/it]
Task 0, Epoch 15/20 => Loss 0.203, Train_accy 94.01:  75%|███████▌  | 15/20 [51:27<17:09, 205.86s/it]
Task 0, Epoch 16/20 => Loss 0.205, Train_accy 94.08:  75%|███████▌  | 15/20 [54:52<17:09, 205.86s/it]
Task 0, Epoch 16/20 => Loss 0.205, Train_accy 94.08:  80%|████████  | 16/20 [54:52<13:42, 205.67s/it]
Task 0, Epoch 17/20 => Loss 0.206, Train_accy 94.02:  80%|████████  | 16/20 [58:17<13:42, 205.67s/it]
Task 0, Epoch 17/20 => Loss 0.206, Train_accy 94.02:  85%|████████▌ | 17/20 [58:17<10:17, 205.68s/it]
Task 0, Epoch 18/20 => Loss 0.208, Train_accy 93.89:  85%|████████▌ | 17/20 [1:01:43<10:17, 205.68s/it]
Task 0, Epoch 18/20 => Loss 0.208, Train_accy 93.89:  90%|█████████ | 18/20 [1:01:43<06:51, 205.72s/it]
Task 0, Epoch 19/20 => Loss 0.200, Train_accy 94.12:  90%|█████████ | 18/20 [1:05:09<06:51, 205.72s/it]
Task 0, Epoch 19/20 => Loss 0.200, Train_accy 94.12:  95%|█████████▌| 19/20 [1:05:09<03:25, 205.63s/it]
Task 0, Epoch 20/20 => Loss 0.198, Train_accy 94.29:  95%|█████████▌| 19/20 [1:08:34<03:25, 205.63s/it]
Task 0, Epoch 20/20 => Loss 0.198, Train_accy 94.29: 100%|██████████| 20/20 [1:08:34<00:00, 205.56s/it]
Task 0, Epoch 20/20 => Loss 0.198, Train_accy 94.29: 100%|██████████| 20/20 [1:08:34<00:00, 205.73s/it]
2026-01-03 00:24:15,076 [inflora.py] => Task 0, Epoch 20/20 => Loss 0.198, Train_accy 94.29
Threshold:  0.95
Layer 1 - Projection Matrix shape: torch.Size([768, 768])
Layer 2 - Projection Matrix shape: torch.Size([768, 768])
Layer 3 - Projection Matrix shape: torch.Size([768, 768])
Layer 4 - Projection Matrix shape: torch.Size([768, 768])
Layer 5 - Projection Matrix shape: torch.Size([768, 768])
Layer 6 - Projection Matrix shape: torch.Size([768, 768])
Layer 7 - Projection Matrix shape: torch.Size([768, 768])
Layer 8 - Projection Matrix shape: torch.Size([768, 768])
Layer 9 - Projection Matrix shape: torch.Size([768, 768])
Layer 10 - Projection Matrix shape: torch.Size([768, 768])
Layer 11 - Projection Matrix shape: torch.Size([768, 768])
Layer 12 - Projection Matrix shape: torch.Size([768, 768])
2026-01-03 00:28:01,707 [inflora.py] => Exemplar size: 0
2026-01-03 00:28:01,707 [trainer.py] => CNN: {'total': 98.08, '00-59': 98.08, '60-61': 100.0, '62-63': 100.0, '64-65': 100.0, '66-67': 100.0, '68-69': 100.0, '70-71': 100.0, '72-73': 90.0, '74-75': 100.0, '76-77': 100.0, '78-79': 100.0, '80-81': 100.0, '82-83': 100.0, '84-85': 100.0, '86-87': 100.0, '88-89': 80.0, '90-91': 90.0, '92-93': 60.0, '94-95': 100.0, '96-97': 90.0, '98-99': 80.0, 'old': 0, 'new': 98.08}
2026-01-03 00:28:01,708 [trainer.py] => CNN top1 curve: [98.08]
2026-01-03 00:28:01,708 [trainer.py] => Average Accuracy (CNN): 98.08
2026-01-03 00:28:01,714 [trainer.py] => All params: 101082305
2026-01-03 00:28:01,718 [trainer.py] => Trainable params: 230460
2026-01-03 00:28:01,718 [inflora.py] => Learning on 60-62

  0%|          | 0/10 [00:00<?, ?it/s]
Task 1, Epoch 1/10 => Loss 5.910, Train_accy 0.00:   0%|          | 0/10 [00:00<?, ?it/s]
Task 1, Epoch 1/10 => Loss 5.910, Train_accy 0.00:  10%|█         | 1/10 [00:00<00:08,  1.11it/s]
Task 1, Epoch 2/10 => Loss 6.545, Train_accy 10.00:  10%|█         | 1/10 [00:01<00:08,  1.11it/s]
Task 1, Epoch 2/10 => Loss 6.545, Train_accy 10.00:  20%|██        | 2/10 [00:01<00:07,  1.11it/s]
Task 1, Epoch 3/10 => Loss 6.243, Train_accy 0.00:  20%|██        | 2/10 [00:02<00:07,  1.11it/s] 
Task 1, Epoch 3/10 => Loss 6.243, Train_accy 0.00:  30%|███       | 3/10 [00:02<00:06,  1.10it/s]
Task 1, Epoch 4/10 => Loss 5.540, Train_accy 0.00:  30%|███       | 3/10 [00:03<00:06,  1.10it/s]
Task 1, Epoch 4/10 => Loss 5.540, Train_accy 0.00:  40%|████      | 4/10 [00:03<00:05,  1.11it/s]
Task 1, Epoch 5/10 => Loss 5.810, Train_accy 10.00:  40%|████      | 4/10 [00:04<00:05,  1.11it/s]
Task 1, Epoch 5/10 => Loss 5.810, Train_accy 10.00:  50%|█████     | 5/10 [00:04<00:04,  1.11it/s]
Task 1, Epoch 6/10 => Loss 5.095, Train_accy 10.00:  50%|█████     | 5/10 [00:05<00:04,  1.11it/s]
Task 1, Epoch 6/10 => Loss 5.095, Train_accy 10.00:  60%|██████    | 6/10 [00:05<00:03,  1.10it/s]
Task 1, Epoch 7/10 => Loss 5.231, Train_accy 10.00:  60%|██████    | 6/10 [00:06<00:03,  1.10it/s]
Task 1, Epoch 7/10 => Loss 5.231, Train_accy 10.00:  70%|███████   | 7/10 [00:06<00:02,  1.10it/s]
Task 1, Epoch 8/10 => Loss 4.730, Train_accy 10.00:  70%|███████   | 7/10 [00:07<00:02,  1.10it/s]
Task 1, Epoch 8/10 => Loss 4.730, Train_accy 10.00:  80%|████████  | 8/10 [00:07<00:01,  1.10it/s]
Task 1, Epoch 9/10 => Loss 5.130, Train_accy 0.00:  80%|████████  | 8/10 [00:08<00:01,  1.10it/s] 
Task 1, Epoch 9/10 => Loss 5.130, Train_accy 0.00:  90%|█████████ | 9/10 [00:08<00:00,  1.10it/s]
Task 1, Epoch 10/10 => Loss 4.050, Train_accy 10.00:  90%|█████████ | 9/10 [00:09<00:00,  1.10it/s]
Task 1, Epoch 10/10 => Loss 4.050, Train_accy 10.00: 100%|██████████| 10/10 [00:09<00:00,  1.09it/s]
Task 1, Epoch 10/10 => Loss 4.050, Train_accy 10.00: 100%|██████████| 10/10 [00:09<00:00,  1.10it/s]
2026-01-03 00:28:12,791 [inflora.py] => Task 1, Epoch 10/10 => Loss 4.050, Train_accy 10.00
Threshold:  0.9523809523809523
Layer 1 - Projection Matrix shape: torch.Size([768, 768])
Layer 2 - Projection Matrix shape: torch.Size([768, 768])
Layer 3 - Projection Matrix shape: torch.Size([768, 768])
Layer 4 - Projection Matrix shape: torch.Size([768, 768])
Layer 5 - Projection Matrix shape: torch.Size([768, 768])
Layer 6 - Projection Matrix shape: torch.Size([768, 768])
Layer 7 - Projection Matrix shape: torch.Size([768, 768])
Layer 8 - Projection Matrix shape: torch.Size([768, 768])
Layer 9 - Projection Matrix shape: torch.Size([768, 768])
Layer 10 - Projection Matrix shape: torch.Size([768, 768])
Layer 11 - Projection Matrix shape: torch.Size([768, 768])
Layer 12 - Projection Matrix shape: torch.Size([768, 768])
2026-01-03 00:28:45,961 [inflora.py] => Exemplar size: 0
2026-01-03 00:28:45,961 [trainer.py] => CNN: {'total': 94.94, '00-59': 98.1, '60-61': 0.0, '62-63': 100.0, '64-65': 80.0, '66-67': 100.0, '68-69': 100.0, '70-71': 100.0, '72-73': 90.0, '74-75': 100.0, '76-77': 100.0, '78-79': 100.0, '80-81': 90.0, '82-83': 90.0, '84-85': 90.0, '86-87': 90.0, '88-89': 100.0, '90-91': 90.0, '92-93': 90.0, '94-95': 80.0, '96-97': 90.0, '98-99': 90.0, 'old': 98.1, 'new': 0.0}
2026-01-03 00:28:45,961 [trainer.py] => CNN top1 curve: [98.08, 94.94]
2026-01-03 00:28:45,961 [trainer.py] => Average Accuracy (CNN): 96.51
2026-01-03 00:28:45,968 [trainer.py] => All params: 101082305
2026-01-03 00:28:45,973 [trainer.py] => Trainable params: 2535060
2026-01-03 00:28:45,973 [inflora.py] => Learning on 62-64

  0%|          | 0/10 [00:00<?, ?it/s]
Task 2, Epoch 1/10 => Loss 5.173, Train_accy 0.00:   0%|          | 0/10 [00:00<?, ?it/s]
Task 2, Epoch 1/10 => Loss 5.173, Train_accy 0.00:  10%|█         | 1/10 [00:00<00:08,  1.02it/s]
Task 2, Epoch 2/10 => Loss 5.049, Train_accy 0.00:  10%|█         | 1/10 [00:01<00:08,  1.02it/s]
Task 2, Epoch 2/10 => Loss 5.049, Train_accy 0.00:  20%|██        | 2/10 [00:01<00:07,  1.00it/s]
Task 2, Epoch 3/10 => Loss 3.971, Train_accy 10.00:  20%|██        | 2/10 [00:02<00:07,  1.00it/s]
Task 2, Epoch 3/10 => Loss 3.971, Train_accy 10.00:  30%|███       | 3/10 [00:02<00:07,  1.00s/it]
Task 2, Epoch 4/10 => Loss 3.970, Train_accy 0.00:  30%|███       | 3/10 [00:04<00:07,  1.00s/it] 
Task 2, Epoch 4/10 => Loss 3.970, Train_accy 0.00:  40%|████      | 4/10 [00:04<00:06,  1.00s/it]
Task 2, Epoch 5/10 => Loss 4.356, Train_accy 0.00:  40%|████      | 4/10 [00:05<00:06,  1.00s/it]
Task 2, Epoch 5/10 => Loss 4.356, Train_accy 0.00:  50%|█████     | 5/10 [00:05<00:05,  1.00s/it]
Task 2, Epoch 6/10 => Loss 3.773, Train_accy 10.00:  50%|█████     | 5/10 [00:06<00:05,  1.00s/it]
Task 2, Epoch 6/10 => Loss 3.773, Train_accy 10.00:  60%|██████    | 6/10 [00:06<00:04,  1.01s/it]
Task 2, Epoch 7/10 => Loss 3.820, Train_accy 10.00:  60%|██████    | 6/10 [00:07<00:04,  1.01s/it]
Task 2, Epoch 7/10 => Loss 3.820, Train_accy 10.00:  70%|███████   | 7/10 [00:07<00:03,  1.01s/it]
Task 2, Epoch 8/10 => Loss 2.807, Train_accy 30.00:  70%|███████   | 7/10 [00:08<00:03,  1.01s/it]
Task 2, Epoch 8/10 => Loss 2.807, Train_accy 30.00:  80%|████████  | 8/10 [00:08<00:02,  1.01s/it]
Task 2, Epoch 9/10 => Loss 3.488, Train_accy 10.00:  80%|████████  | 8/10 [00:09<00:02,  1.01s/it]
Task 2, Epoch 9/10 => Loss 3.488, Train_accy 10.00:  90%|█████████ | 9/10 [00:09<00:01,  1.01s/it]
Task 2, Epoch 10/10 => Loss 2.678, Train_accy 30.00:  90%|█████████ | 9/10 [00:10<00:01,  1.01s/it]
Task 2, Epoch 10/10 => Loss 2.678, Train_accy 30.00: 100%|██████████| 10/10 [00:10<00:00,  1.01s/it]
Task 2, Epoch 10/10 => Loss 2.678, Train_accy 30.00: 100%|██████████| 10/10 [00:10<00:00,  1.01s/it]
2026-01-03 00:28:58,335 [inflora.py] => Task 2, Epoch 10/10 => Loss 2.678, Train_accy 30.00
Threshold:  0.9547619047619047
Skip Updating DualGPM for layer: 1
Layer 1 - Projection Matrix shape: torch.Size([768, 768])
Layer 2 - Projection Matrix shape: torch.Size([768, 768])
Layer 3 - Projection Matrix shape: torch.Size([768, 768])
Layer 4 - Projection Matrix shape: torch.Size([768, 768])
Layer 5 - Projection Matrix shape: torch.Size([768, 768])
Layer 6 - Projection Matrix shape: torch.Size([768, 768])
Layer 7 - Projection Matrix shape: torch.Size([768, 768])
Layer 8 - Projection Matrix shape: torch.Size([768, 768])
Layer 9 - Projection Matrix shape: torch.Size([768, 768])
Layer 10 - Projection Matrix shape: torch.Size([768, 768])
Layer 11 - Projection Matrix shape: torch.Size([768, 768])
Layer 12 - Projection Matrix shape: torch.Size([768, 768])
2026-01-03 00:29:32,993 [inflora.py] => Exemplar size: 0
2026-01-03 00:29:32,994 [trainer.py] => CNN: {'total': 91.88, '00-59': 98.0, '60-61': 0.0, '62-63': 0.0, '64-65': 100.0, '66-67': 100.0, '68-69': 100.0, '70-71': 90.0, '72-73': 80.0, '74-75': 100.0, '76-77': 100.0, '78-79': 100.0, '80-81': 100.0, '82-83': 100.0, '84-85': 100.0, '86-87': 100.0, '88-89': 100.0, '90-91': 100.0, '92-93': 90.0, '94-95': 80.0, '96-97': 90.0, '98-99': 100.0, 'old': 94.84, 'new': 0.0}
2026-01-03 00:29:32,994 [trainer.py] => CNN top1 curve: [98.08, 94.94, 91.88]
2026-01-03 00:29:32,994 [trainer.py] => Average Accuracy (CNN): 94.97
2026-01-03 00:29:33,001 [trainer.py] => All params: 101082305
2026-01-03 00:29:33,006 [trainer.py] => Trainable params: 460920
2026-01-03 00:29:33,007 [inflora.py] => Learning on 64-66

  0%|          | 0/10 [00:00<?, ?it/s]
Task 3, Epoch 1/10 => Loss 4.778, Train_accy 10.00:   0%|          | 0/10 [00:01<?, ?it/s]
Task 3, Epoch 1/10 => Loss 4.778, Train_accy 10.00:  10%|█         | 1/10 [00:01<00:09,  1.08s/it]
Task 3, Epoch 2/10 => Loss 3.878, Train_accy 10.00:  10%|█         | 1/10 [00:02<00:09,  1.08s/it]
Task 3, Epoch 2/10 => Loss 3.878, Train_accy 10.00:  20%|██        | 2/10 [00:02<00:08,  1.07s/it]
Task 3, Epoch 3/10 => Loss 3.977, Train_accy 0.00:  20%|██        | 2/10 [00:03<00:08,  1.07s/it] 
Task 3, Epoch 3/10 => Loss 3.977, Train_accy 0.00:  30%|███       | 3/10 [00:03<00:07,  1.08s/it]
Task 3, Epoch 4/10 => Loss 4.025, Train_accy 10.00:  30%|███       | 3/10 [00:04<00:07,  1.08s/it]
Task 3, Epoch 4/10 => Loss 4.025, Train_accy 10.00:  40%|████      | 4/10 [00:04<00:06,  1.08s/it]
Task 3, Epoch 5/10 => Loss 3.889, Train_accy 0.00:  40%|████      | 4/10 [00:05<00:06,  1.08s/it] 
Task 3, Epoch 5/10 => Loss 3.889, Train_accy 0.00:  50%|█████     | 5/10 [00:05<00:05,  1.08s/it]
Task 3, Epoch 6/10 => Loss 3.489, Train_accy 10.00:  50%|█████     | 5/10 [00:06<00:05,  1.08s/it]
Task 3, Epoch 6/10 => Loss 3.489, Train_accy 10.00:  60%|██████    | 6/10 [00:06<00:04,  1.08s/it]
Task 3, Epoch 7/10 => Loss 3.280, Train_accy 20.00:  60%|██████    | 6/10 [00:07<00:04,  1.08s/it]
Task 3, Epoch 7/10 => Loss 3.280, Train_accy 20.00:  70%|███████   | 7/10 [00:07<00:03,  1.07s/it]
Task 3, Epoch 8/10 => Loss 2.775, Train_accy 20.00:  70%|███████   | 7/10 [00:08<00:03,  1.07s/it]
Task 3, Epoch 8/10 => Loss 2.775, Train_accy 20.00:  80%|████████  | 8/10 [00:08<00:02,  1.08s/it]
Task 3, Epoch 9/10 => Loss 2.780, Train_accy 40.00:  80%|████████  | 8/10 [00:09<00:02,  1.08s/it]
Task 3, Epoch 9/10 => Loss 2.780, Train_accy 40.00:  90%|█████████ | 9/10 [00:09<00:01,  1.10s/it]
Task 3, Epoch 10/10 => Loss 2.421, Train_accy 10.00:  90%|█████████ | 9/10 [00:10<00:01,  1.10s/it]
Task 3, Epoch 10/10 => Loss 2.421, Train_accy 10.00: 100%|██████████| 10/10 [00:10<00:00,  1.10s/it]
Task 3, Epoch 10/10 => Loss 2.421, Train_accy 10.00: 100%|██████████| 10/10 [00:10<00:00,  1.09s/it]
2026-01-03 00:29:46,306 [inflora.py] => Task 3, Epoch 10/10 => Loss 2.421, Train_accy 10.00
Threshold:  0.9571428571428571
Layer 1 - Projection Matrix shape: torch.Size([768, 768])
Layer 2 - Projection Matrix shape: torch.Size([768, 768])
Layer 3 - Projection Matrix shape: torch.Size([768, 768])
Layer 4 - Projection Matrix shape: torch.Size([768, 768])
Layer 5 - Projection Matrix shape: torch.Size([768, 768])
Layer 6 - Projection Matrix shape: torch.Size([768, 768])
Layer 7 - Projection Matrix shape: torch.Size([768, 768])
Layer 8 - Projection Matrix shape: torch.Size([768, 768])
Layer 9 - Projection Matrix shape: torch.Size([768, 768])
Layer 10 - Projection Matrix shape: torch.Size([768, 768])
Layer 11 - Projection Matrix shape: torch.Size([768, 768])
Layer 12 - Projection Matrix shape: torch.Size([768, 768])
2026-01-03 00:30:20,842 [inflora.py] => Exemplar size: 0
2026-01-03 00:30:20,843 [trainer.py] => CNN: {'total': 89.11, '00-59': 98.02, '60-61': 0.0, '62-63': 0.0, '64-65': 0.0, '66-67': 100.0, '68-69': 100.0, '70-71': 90.0, '72-73': 90.0, '74-75': 100.0, '76-77': 100.0, '78-79': 100.0, '80-81': 100.0, '82-83': 90.0, '84-85': 100.0, '86-87': 100.0, '88-89': 100.0, '90-91': 90.0, '92-93': 100.0, '94-95': 100.0, '96-97': 90.0, '98-99': 80.0, 'old': 91.89, 'new': 0.0}
2026-01-03 00:30:20,843 [trainer.py] => CNN top1 curve: [98.08, 94.94, 91.88, 89.11]
2026-01-03 00:30:20,843 [trainer.py] => Average Accuracy (CNN): 93.50
2026-01-03 00:30:20,849 [trainer.py] => All params: 101082305
2026-01-03 00:30:20,855 [trainer.py] => Trainable params: 230460
2026-01-03 00:30:20,855 [inflora.py] => Learning on 66-68

  0%|          | 0/10 [00:00<?, ?it/s]
Task 4, Epoch 1/10 => Loss 5.131, Train_accy 0.00:   0%|          | 0/10 [00:01<?, ?it/s]
Task 4, Epoch 1/10 => Loss 5.131, Train_accy 0.00:  10%|█         | 1/10 [00:01<00:10,  1.20s/it]
Task 4, Epoch 2/10 => Loss 4.783, Train_accy 0.00:  10%|█         | 1/10 [00:02<00:10,  1.20s/it]
Task 4, Epoch 2/10 => Loss 4.783, Train_accy 0.00:  20%|██        | 2/10 [00:02<00:09,  1.18s/it]
Task 4, Epoch 3/10 => Loss 4.523, Train_accy 0.00:  20%|██        | 2/10 [00:03<00:09,  1.18s/it]
Task 4, Epoch 3/10 => Loss 4.523, Train_accy 0.00:  30%|███       | 3/10 [00:03<00:08,  1.17s/it]
Task 4, Epoch 4/10 => Loss 4.165, Train_accy 0.00:  30%|███       | 3/10 [00:04<00:08,  1.17s/it]
Task 4, Epoch 4/10 => Loss 4.165, Train_accy 0.00:  40%|████      | 4/10 [00:04<00:06,  1.16s/it]
Task 4, Epoch 5/10 => Loss 3.521, Train_accy 0.00:  40%|████      | 4/10 [00:05<00:06,  1.16s/it]
Task 4, Epoch 5/10 => Loss 3.521, Train_accy 0.00:  50%|█████     | 5/10 [00:05<00:05,  1.16s/it]
Task 4, Epoch 6/10 => Loss 3.509, Train_accy 10.00:  50%|█████     | 5/10 [00:06<00:05,  1.16s/it]
Task 4, Epoch 6/10 => Loss 3.509, Train_accy 10.00:  60%|██████    | 6/10 [00:06<00:04,  1.15s/it]
Task 4, Epoch 7/10 => Loss 3.850, Train_accy 10.00:  60%|██████    | 6/10 [00:08<00:04,  1.15s/it]
Task 4, Epoch 7/10 => Loss 3.850, Train_accy 10.00:  70%|███████   | 7/10 [00:08<00:03,  1.15s/it]
Task 4, Epoch 8/10 => Loss 2.664, Train_accy 10.00:  70%|███████   | 7/10 [00:09<00:03,  1.15s/it]
Task 4, Epoch 8/10 => Loss 2.664, Train_accy 10.00:  80%|████████  | 8/10 [00:09<00:02,  1.15s/it]
Task 4, Epoch 9/10 => Loss 3.027, Train_accy 20.00:  80%|████████  | 8/10 [00:10<00:02,  1.15s/it]
Task 4, Epoch 9/10 => Loss 3.027, Train_accy 20.00:  90%|█████████ | 9/10 [00:10<00:01,  1.15s/it]
Task 4, Epoch 10/10 => Loss 3.303, Train_accy 20.00:  90%|█████████ | 9/10 [00:11<00:01,  1.15s/it]
Task 4, Epoch 10/10 => Loss 3.303, Train_accy 20.00: 100%|██████████| 10/10 [00:11<00:00,  1.15s/it]
Task 4, Epoch 10/10 => Loss 3.303, Train_accy 20.00: 100%|██████████| 10/10 [00:11<00:00,  1.16s/it]
2026-01-03 00:30:34,963 [inflora.py] => Task 4, Epoch 10/10 => Loss 3.303, Train_accy 20.00
Threshold:  0.9595238095238094
Layer 1 - Projection Matrix shape: torch.Size([768, 768])
Layer 2 - Projection Matrix shape: torch.Size([768, 768])
Layer 3 - Projection Matrix shape: torch.Size([768, 768])
Layer 4 - Projection Matrix shape: torch.Size([768, 768])
Layer 5 - Projection Matrix shape: torch.Size([768, 768])
Layer 6 - Projection Matrix shape: torch.Size([768, 768])
Layer 7 - Projection Matrix shape: torch.Size([768, 768])
Layer 8 - Projection Matrix shape: torch.Size([768, 768])
Layer 9 - Projection Matrix shape: torch.Size([768, 768])
Layer 10 - Projection Matrix shape: torch.Size([768, 768])
Layer 11 - Projection Matrix shape: torch.Size([768, 768])
Layer 12 - Projection Matrix shape: torch.Size([768, 768])
2026-01-03 00:31:11,032 [inflora.py] => Exemplar size: 0
2026-01-03 00:31:11,033 [trainer.py] => CNN: {'total': 86.59, '00-59': 98.0, '60-61': 0.0, '62-63': 0.0, '64-65': 0.0, '66-67': 4.0, '68-69': 90.0, '70-71': 90.0, '72-73': 90.0, '74-75': 90.0, '76-77': 100.0, '78-79': 100.0, '80-81': 90.0, '82-83': 80.0, '84-85': 100.0, '86-87': 100.0, '88-89': 100.0, '90-91': 90.0, '92-93': 100.0, '94-95': 100.0, '96-97': 100.0, '98-99': 80.0, 'old': 89.09, 'new': 4.0}
2026-01-03 00:31:11,033 [trainer.py] => CNN top1 curve: [98.08, 94.94, 91.88, 89.11, 86.59]
2026-01-03 00:31:11,033 [trainer.py] => Average Accuracy (CNN): 92.12
2026-01-03 00:31:11,041 [trainer.py] => All params: 101082305
2026-01-03 00:31:11,047 [trainer.py] => Trainable params: 230460
2026-01-03 00:31:11,047 [inflora.py] => Learning on 68-70

  0%|          | 0/10 [00:00<?, ?it/s]
Task 5, Epoch 1/10 => Loss 6.376, Train_accy 0.00:   0%|          | 0/10 [00:01<?, ?it/s]
Task 5, Epoch 1/10 => Loss 6.376, Train_accy 0.00:  10%|█         | 1/10 [00:01<00:10,  1.18s/it]
Task 5, Epoch 2/10 => Loss 5.884, Train_accy 0.00:  10%|█         | 1/10 [00:02<00:10,  1.18s/it]
Task 5, Epoch 2/10 => Loss 5.884, Train_accy 0.00:  20%|██        | 2/10 [00:02<00:09,  1.19s/it]
Task 5, Epoch 3/10 => Loss 5.091, Train_accy 0.00:  20%|██        | 2/10 [00:03<00:09,  1.19s/it]
Task 5, Epoch 3/10 => Loss 5.091, Train_accy 0.00:  30%|███       | 3/10 [00:03<00:08,  1.19s/it]
Task 5, Epoch 4/10 => Loss 5.723, Train_accy 0.00:  30%|███       | 3/10 [00:04<00:08,  1.19s/it]
Task 5, Epoch 4/10 => Loss 5.723, Train_accy 0.00:  40%|████      | 4/10 [00:04<00:07,  1.19s/it]
Task 5, Epoch 5/10 => Loss 5.233, Train_accy 0.00:  40%|████      | 4/10 [00:05<00:07,  1.19s/it]
Task 5, Epoch 5/10 => Loss 5.233, Train_accy 0.00:  50%|█████     | 5/10 [00:05<00:05,  1.19s/it]
Task 5, Epoch 6/10 => Loss 5.310, Train_accy 0.00:  50%|█████     | 5/10 [00:07<00:05,  1.19s/it]
Task 5, Epoch 6/10 => Loss 5.310, Train_accy 0.00:  60%|██████    | 6/10 [00:07<00:04,  1.19s/it]
Task 5, Epoch 7/10 => Loss 4.761, Train_accy 0.00:  60%|██████    | 6/10 [00:08<00:04,  1.19s/it]
Task 5, Epoch 7/10 => Loss 4.761, Train_accy 0.00:  70%|███████   | 7/10 [00:08<00:03,  1.19s/it]
Task 5, Epoch 8/10 => Loss 4.469, Train_accy 0.00:  70%|███████   | 7/10 [00:09<00:03,  1.19s/it]
Task 5, Epoch 8/10 => Loss 4.469, Train_accy 0.00:  80%|████████  | 8/10 [00:09<00:02,  1.19s/it]
Task 5, Epoch 9/10 => Loss 4.618, Train_accy 0.00:  80%|████████  | 8/10 [00:10<00:02,  1.19s/it]
Task 5, Epoch 9/10 => Loss 4.618, Train_accy 0.00:  90%|█████████ | 9/10 [00:10<00:01,  1.19s/it]
Task 5, Epoch 10/10 => Loss 4.350, Train_accy 10.00:  90%|█████████ | 9/10 [00:11<00:01,  1.19s/it]
Task 5, Epoch 10/10 => Loss 4.350, Train_accy 10.00: 100%|██████████| 10/10 [00:11<00:00,  1.19s/it]
Task 5, Epoch 10/10 => Loss 4.350, Train_accy 10.00: 100%|██████████| 10/10 [00:11<00:00,  1.19s/it]
2026-01-03 00:31:25,309 [inflora.py] => Task 5, Epoch 10/10 => Loss 4.350, Train_accy 10.00
Threshold:  0.9619047619047618
Skip Updating DualGPM for layer: 1
Skip Updating DualGPM for layer: 2
Layer 1 - Projection Matrix shape: torch.Size([768, 768])
Layer 2 - Projection Matrix shape: torch.Size([768, 768])
Layer 3 - Projection Matrix shape: torch.Size([768, 768])
Layer 4 - Projection Matrix shape: torch.Size([768, 768])
Layer 5 - Projection Matrix shape: torch.Size([768, 768])
Layer 6 - Projection Matrix shape: torch.Size([768, 768])
Layer 7 - Projection Matrix shape: torch.Size([768, 768])
Layer 8 - Projection Matrix shape: torch.Size([768, 768])
Layer 9 - Projection Matrix shape: torch.Size([768, 768])
Layer 10 - Projection Matrix shape: torch.Size([768, 768])
Layer 11 - Projection Matrix shape: torch.Size([768, 768])
Layer 12 - Projection Matrix shape: torch.Size([768, 768])
2026-01-03 00:32:01,564 [inflora.py] => Exemplar size: 0
2026-01-03 00:32:01,565 [trainer.py] => CNN: {'total': 84.06, '00-59': 97.97, '60-61': 0.0, '62-63': 0.0, '64-65': 0.0, '66-67': 3.0, '68-69': 0.0, '70-71': 80.0, '72-73': 100.0, '74-75': 90.0, '76-77': 100.0, '78-79': 100.0, '80-81': 100.0, '82-83': 80.0, '84-85': 100.0, '86-87': 100.0, '88-89': 100.0, '90-91': 100.0, '92-93': 100.0, '94-95': 100.0, '96-97': 100.0, '98-99': 100.0, 'old': 86.53, 'new': 0.0}
2026-01-03 00:32:01,565 [trainer.py] => CNN top1 curve: [98.08, 94.94, 91.88, 89.11, 86.59, 84.06]
2026-01-03 00:32:01,565 [trainer.py] => Average Accuracy (CNN): 90.78
2026-01-03 00:32:01,573 [trainer.py] => All params: 101082305
2026-01-03 00:32:01,579 [trainer.py] => Trainable params: 230460
2026-01-03 00:32:01,579 [inflora.py] => Learning on 70-72

  0%|          | 0/10 [00:00<?, ?it/s]
Task 6, Epoch 1/10 => Loss 4.796, Train_accy 0.00:   0%|          | 0/10 [00:01<?, ?it/s]
Task 6, Epoch 1/10 => Loss 4.796, Train_accy 0.00:  10%|█         | 1/10 [00:01<00:10,  1.21s/it]
Task 6, Epoch 2/10 => Loss 4.079, Train_accy 10.00:  10%|█         | 1/10 [00:02<00:10,  1.21s/it]
Task 6, Epoch 2/10 => Loss 4.079, Train_accy 10.00:  20%|██        | 2/10 [00:02<00:09,  1.22s/it]
Task 6, Epoch 3/10 => Loss 4.033, Train_accy 30.00:  20%|██        | 2/10 [00:03<00:09,  1.22s/it]
Task 6, Epoch 3/10 => Loss 4.033, Train_accy 30.00:  30%|███       | 3/10 [00:03<00:08,  1.23s/it]
Task 6, Epoch 4/10 => Loss 4.266, Train_accy 10.00:  30%|███       | 3/10 [00:04<00:08,  1.23s/it]
Task 6, Epoch 4/10 => Loss 4.266, Train_accy 10.00:  40%|████      | 4/10 [00:04<00:07,  1.23s/it]
Task 6, Epoch 5/10 => Loss 4.115, Train_accy 0.00:  40%|████      | 4/10 [00:06<00:07,  1.23s/it] 
Task 6, Epoch 5/10 => Loss 4.115, Train_accy 0.00:  50%|█████     | 5/10 [00:06<00:06,  1.27s/it]
Task 6, Epoch 6/10 => Loss 3.314, Train_accy 20.00:  50%|█████     | 5/10 [00:07<00:06,  1.27s/it]
Task 6, Epoch 6/10 => Loss 3.314, Train_accy 20.00:  60%|██████    | 6/10 [00:07<00:05,  1.27s/it]
Task 6, Epoch 7/10 => Loss 3.333, Train_accy 30.00:  60%|██████    | 6/10 [00:08<00:05,  1.27s/it]
Task 6, Epoch 7/10 => Loss 3.333, Train_accy 30.00:  70%|███████   | 7/10 [00:08<00:03,  1.26s/it]
Task 6, Epoch 8/10 => Loss 3.015, Train_accy 30.00:  70%|███████   | 7/10 [00:10<00:03,  1.26s/it]
Task 6, Epoch 8/10 => Loss 3.015, Train_accy 30.00:  80%|████████  | 8/10 [00:10<00:02,  1.26s/it]
Task 6, Epoch 9/10 => Loss 3.627, Train_accy 30.00:  80%|████████  | 8/10 [00:11<00:02,  1.26s/it]
Task 6, Epoch 9/10 => Loss 3.627, Train_accy 30.00:  90%|█████████ | 9/10 [00:11<00:01,  1.25s/it]
Task 6, Epoch 10/10 => Loss 3.254, Train_accy 40.00:  90%|█████████ | 9/10 [00:12<00:01,  1.25s/it]
Task 6, Epoch 10/10 => Loss 3.254, Train_accy 40.00: 100%|██████████| 10/10 [00:12<00:00,  1.25s/it]
Task 6, Epoch 10/10 => Loss 3.254, Train_accy 40.00: 100%|██████████| 10/10 [00:12<00:00,  1.25s/it]
2026-01-03 00:32:16,628 [inflora.py] => Task 6, Epoch 10/10 => Loss 3.254, Train_accy 40.00
Threshold:  0.9642857142857143
Layer 1 - Projection Matrix shape: torch.Size([768, 768])
Layer 2 - Projection Matrix shape: torch.Size([768, 768])
Layer 3 - Projection Matrix shape: torch.Size([768, 768])
Layer 4 - Projection Matrix shape: torch.Size([768, 768])
Layer 5 - Projection Matrix shape: torch.Size([768, 768])
Layer 6 - Projection Matrix shape: torch.Size([768, 768])
Layer 7 - Projection Matrix shape: torch.Size([768, 768])
Layer 8 - Projection Matrix shape: torch.Size([768, 768])
Layer 9 - Projection Matrix shape: torch.Size([768, 768])
Layer 10 - Projection Matrix shape: torch.Size([768, 768])
Layer 11 - Projection Matrix shape: torch.Size([768, 768])
Layer 12 - Projection Matrix shape: torch.Size([768, 768])
2026-01-03 00:32:54,194 [inflora.py] => Exemplar size: 0
2026-01-03 00:32:54,194 [trainer.py] => CNN: {'total': 81.71, '00-59': 97.95, '60-61': 0.0, '62-63': 0.0, '64-65': 0.0, '66-67': 2.5, '68-69': 0.0, '70-71': 0.5, '72-73': 90.0, '74-75': 100.0, '76-77': 100.0, '78-79': 100.0, '80-81': 100.0, '82-83': 100.0, '84-85': 100.0, '86-87': 100.0, '88-89': 90.0, '90-91': 100.0, '92-93': 80.0, '94-95': 80.0, '96-97': 90.0, '98-99': 100.0, 'old': 84.03, 'new': 0.5}
2026-01-03 00:32:54,195 [trainer.py] => CNN top1 curve: [98.08, 94.94, 91.88, 89.11, 86.59, 84.06, 81.71]
2026-01-03 00:32:54,195 [trainer.py] => Average Accuracy (CNN): 89.48
2026-01-03 00:32:54,204 [trainer.py] => All params: 101082305
2026-01-03 00:32:54,210 [trainer.py] => Trainable params: 230460
2026-01-03 00:32:54,210 [inflora.py] => Learning on 72-74

  0%|          | 0/10 [00:00<?, ?it/s]
Task 7, Epoch 1/10 => Loss 4.347, Train_accy 0.00:   0%|          | 0/10 [00:01<?, ?it/s]
Task 7, Epoch 1/10 => Loss 4.347, Train_accy 0.00:  10%|█         | 1/10 [00:01<00:11,  1.27s/it]
Task 7, Epoch 2/10 => Loss 3.705, Train_accy 10.00:  10%|█         | 1/10 [00:02<00:11,  1.27s/it]
Task 7, Epoch 2/10 => Loss 3.705, Train_accy 10.00:  20%|██        | 2/10 [00:02<00:10,  1.27s/it]
Task 7, Epoch 3/10 => Loss 3.874, Train_accy 10.00:  20%|██        | 2/10 [00:03<00:10,  1.27s/it]
Task 7, Epoch 3/10 => Loss 3.874, Train_accy 10.00:  30%|███       | 3/10 [00:03<00:08,  1.26s/it]
Task 7, Epoch 4/10 => Loss 3.278, Train_accy 0.00:  30%|███       | 3/10 [00:05<00:08,  1.26s/it] 
Task 7, Epoch 4/10 => Loss 3.278, Train_accy 0.00:  40%|████      | 4/10 [00:05<00:07,  1.26s/it]
Task 7, Epoch 5/10 => Loss 3.350, Train_accy 10.00:  40%|████      | 4/10 [00:06<00:07,  1.26s/it]
Task 7, Epoch 5/10 => Loss 3.350, Train_accy 10.00:  50%|█████     | 5/10 [00:06<00:06,  1.27s/it]
Task 7, Epoch 6/10 => Loss 2.579, Train_accy 20.00:  50%|█████     | 5/10 [00:07<00:06,  1.27s/it]
Task 7, Epoch 6/10 => Loss 2.579, Train_accy 20.00:  60%|██████    | 6/10 [00:07<00:05,  1.26s/it]
Task 7, Epoch 7/10 => Loss 2.987, Train_accy 20.00:  60%|██████    | 6/10 [00:08<00:05,  1.26s/it]
Task 7, Epoch 7/10 => Loss 2.987, Train_accy 20.00:  70%|███████   | 7/10 [00:08<00:03,  1.26s/it]
Task 7, Epoch 8/10 => Loss 2.431, Train_accy 40.00:  70%|███████   | 7/10 [00:10<00:03,  1.26s/it]
Task 7, Epoch 8/10 => Loss 2.431, Train_accy 40.00:  80%|████████  | 8/10 [00:10<00:02,  1.27s/it]
Task 7, Epoch 9/10 => Loss 2.360, Train_accy 30.00:  80%|████████  | 8/10 [00:11<00:02,  1.27s/it]
Task 7, Epoch 9/10 => Loss 2.360, Train_accy 30.00:  90%|█████████ | 9/10 [00:11<00:01,  1.27s/it]
Task 7, Epoch 10/10 => Loss 2.385, Train_accy 20.00:  90%|█████████ | 9/10 [00:12<00:01,  1.27s/it]
Task 7, Epoch 10/10 => Loss 2.385, Train_accy 20.00: 100%|██████████| 10/10 [00:12<00:00,  1.27s/it]
Task 7, Epoch 10/10 => Loss 2.385, Train_accy 20.00: 100%|██████████| 10/10 [00:12<00:00,  1.27s/it]
2026-01-03 00:33:09,488 [inflora.py] => Task 7, Epoch 10/10 => Loss 2.385, Train_accy 20.00
Threshold:  0.9666666666666667
Layer 1 - Projection Matrix shape: torch.Size([768, 768])
Layer 2 - Projection Matrix shape: torch.Size([768, 768])
Layer 3 - Projection Matrix shape: torch.Size([768, 768])
Layer 4 - Projection Matrix shape: torch.Size([768, 768])
Layer 5 - Projection Matrix shape: torch.Size([768, 768])
Layer 6 - Projection Matrix shape: torch.Size([768, 768])
Layer 7 - Projection Matrix shape: torch.Size([768, 768])
Layer 8 - Projection Matrix shape: torch.Size([768, 768])
Layer 9 - Projection Matrix shape: torch.Size([768, 768])
Layer 10 - Projection Matrix shape: torch.Size([768, 768])
Layer 11 - Projection Matrix shape: torch.Size([768, 768])
Layer 12 - Projection Matrix shape: torch.Size([768, 768])
2026-01-03 00:33:47,815 [inflora.py] => Exemplar size: 0
2026-01-03 00:33:47,815 [trainer.py] => CNN: {'total': 79.47, '00-59': 97.92, '60-61': 0.0, '62-63': 0.0, '64-65': 0.0, '66-67': 2.5, '68-69': 0.0, '70-71': 0.5, '72-73': 0.0, '74-75': 90.0, '76-77': 100.0, '78-79': 90.0, '80-81': 100.0, '82-83': 100.0, '84-85': 100.0, '86-87': 100.0, '88-89': 80.0, '90-91': 100.0, '92-93': 90.0, '94-95': 90.0, '96-97': 100.0, '98-99': 100.0, 'old': 81.68, 'new': 0.0}
2026-01-03 00:33:47,815 [trainer.py] => CNN top1 curve: [98.08, 94.94, 91.88, 89.11, 86.59, 84.06, 81.71, 79.47]
2026-01-03 00:33:47,815 [trainer.py] => Average Accuracy (CNN): 88.23
2026-01-03 00:33:47,819 [trainer.py] => All params: 101082305
2026-01-03 00:33:47,822 [trainer.py] => Trainable params: 230460
2026-01-03 00:33:47,823 [inflora.py] => Learning on 74-76

  0%|          | 0/10 [00:00<?, ?it/s]
Task 8, Epoch 1/10 => Loss 6.431, Train_accy 0.00:   0%|          | 0/10 [00:01<?, ?it/s]
Task 8, Epoch 1/10 => Loss 6.431, Train_accy 0.00:  10%|█         | 1/10 [00:01<00:11,  1.29s/it]
Task 8, Epoch 2/10 => Loss 5.566, Train_accy 0.00:  10%|█         | 1/10 [00:02<00:11,  1.29s/it]
Task 8, Epoch 2/10 => Loss 5.566, Train_accy 0.00:  20%|██        | 2/10 [00:02<00:10,  1.30s/it]
Task 8, Epoch 3/10 => Loss 5.287, Train_accy 0.00:  20%|██        | 2/10 [00:03<00:10,  1.30s/it]
Task 8, Epoch 3/10 => Loss 5.287, Train_accy 0.00:  30%|███       | 3/10 [00:03<00:09,  1.30s/it]
Task 8, Epoch 4/10 => Loss 5.423, Train_accy 0.00:  30%|███       | 3/10 [00:05<00:09,  1.30s/it]
Task 8, Epoch 4/10 => Loss 5.423, Train_accy 0.00:  40%|████      | 4/10 [00:05<00:07,  1.30s/it]
Task 8, Epoch 5/10 => Loss 4.606, Train_accy 0.00:  40%|████      | 4/10 [00:06<00:07,  1.30s/it]
Task 8, Epoch 5/10 => Loss 4.606, Train_accy 0.00:  50%|█████     | 5/10 [00:06<00:06,  1.29s/it]
Task 8, Epoch 6/10 => Loss 5.103, Train_accy 0.00:  50%|█████     | 5/10 [00:07<00:06,  1.29s/it]
Task 8, Epoch 6/10 => Loss 5.103, Train_accy 0.00:  60%|██████    | 6/10 [00:07<00:05,  1.29s/it]
Task 8, Epoch 7/10 => Loss 4.631, Train_accy 0.00:  60%|██████    | 6/10 [00:09<00:05,  1.29s/it]
Task 8, Epoch 7/10 => Loss 4.631, Train_accy 0.00:  70%|███████   | 7/10 [00:09<00:03,  1.29s/it]
Task 8, Epoch 8/10 => Loss 4.430, Train_accy 0.00:  70%|███████   | 7/10 [00:10<00:03,  1.29s/it]
Task 8, Epoch 8/10 => Loss 4.430, Train_accy 0.00:  80%|████████  | 8/10 [00:10<00:02,  1.29s/it]
Task 8, Epoch 9/10 => Loss 4.678, Train_accy 10.00:  80%|████████  | 8/10 [00:11<00:02,  1.29s/it]
Task 8, Epoch 9/10 => Loss 4.678, Train_accy 10.00:  90%|█████████ | 9/10 [00:11<00:01,  1.30s/it]
Task 8, Epoch 10/10 => Loss 4.521, Train_accy 0.00:  90%|█████████ | 9/10 [00:12<00:01,  1.30s/it]
Task 8, Epoch 10/10 => Loss 4.521, Train_accy 0.00: 100%|██████████| 10/10 [00:12<00:00,  1.31s/it]
Task 8, Epoch 10/10 => Loss 4.521, Train_accy 0.00: 100%|██████████| 10/10 [00:12<00:00,  1.30s/it]
2026-01-03 00:34:03,472 [inflora.py] => Task 8, Epoch 10/10 => Loss 4.521, Train_accy 0.00
Threshold:  0.969047619047619
Skip Updating DualGPM for layer: 1
Skip Updating DualGPM for layer: 2
Layer 1 - Projection Matrix shape: torch.Size([768, 768])
Layer 2 - Projection Matrix shape: torch.Size([768, 768])
Layer 3 - Projection Matrix shape: torch.Size([768, 768])
Layer 4 - Projection Matrix shape: torch.Size([768, 768])
Layer 5 - Projection Matrix shape: torch.Size([768, 768])
Layer 6 - Projection Matrix shape: torch.Size([768, 768])
Layer 7 - Projection Matrix shape: torch.Size([768, 768])
Layer 8 - Projection Matrix shape: torch.Size([768, 768])
Layer 9 - Projection Matrix shape: torch.Size([768, 768])
Layer 10 - Projection Matrix shape: torch.Size([768, 768])
Layer 11 - Projection Matrix shape: torch.Size([768, 768])
Layer 12 - Projection Matrix shape: torch.Size([768, 768])
2026-01-03 00:34:41,901 [inflora.py] => Exemplar size: 0
2026-01-03 00:34:41,902 [trainer.py] => CNN: {'total': 77.38, '00-59': 97.95, '60-61': 0.0, '62-63': 0.0, '64-65': 0.0, '66-67': 1.5, '68-69': 0.0, '70-71': 0.5, '72-73': 0.0, '74-75': 0.0, '76-77': 100.0, '78-79': 100.0, '80-81': 90.0, '82-83': 100.0, '84-85': 90.0, '86-87': 100.0, '88-89': 100.0, '90-91': 100.0, '92-93': 90.0, '94-95': 90.0, '96-97': 100.0, '98-99': 100.0, 'old': 79.47, 'new': 0.0}
2026-01-03 00:34:41,902 [trainer.py] => CNN top1 curve: [98.08, 94.94, 91.88, 89.11, 86.59, 84.06, 81.71, 79.47, 77.38]
2026-01-03 00:34:41,902 [trainer.py] => Average Accuracy (CNN): 87.02
2026-01-03 00:34:41,907 [trainer.py] => All params: 101082305
2026-01-03 00:34:41,910 [trainer.py] => Trainable params: 230460
2026-01-03 00:34:41,910 [inflora.py] => Learning on 76-78

  0%|          | 0/10 [00:00<?, ?it/s]
Task 9, Epoch 1/10 => Loss 5.372, Train_accy 10.00:   0%|          | 0/10 [00:01<?, ?it/s]
Task 9, Epoch 1/10 => Loss 5.372, Train_accy 10.00:  10%|█         | 1/10 [00:01<00:11,  1.30s/it]
Task 9, Epoch 2/10 => Loss 4.803, Train_accy 0.00:  10%|█         | 1/10 [00:02<00:11,  1.30s/it] 
Task 9, Epoch 2/10 => Loss 4.803, Train_accy 0.00:  20%|██        | 2/10 [00:02<00:10,  1.32s/it]
Task 9, Epoch 3/10 => Loss 4.929, Train_accy 0.00:  20%|██        | 2/10 [00:03<00:10,  1.32s/it]
Task 9, Epoch 3/10 => Loss 4.929, Train_accy 0.00:  30%|███       | 3/10 [00:03<00:09,  1.33s/it]
Task 9, Epoch 4/10 => Loss 4.775, Train_accy 0.00:  30%|███       | 3/10 [00:05<00:09,  1.33s/it]
Task 9, Epoch 4/10 => Loss 4.775, Train_accy 0.00:  40%|████      | 4/10 [00:05<00:08,  1.34s/it]
Task 9, Epoch 5/10 => Loss 3.255, Train_accy 10.00:  40%|████      | 4/10 [00:06<00:08,  1.34s/it]
Task 9, Epoch 5/10 => Loss 3.255, Train_accy 10.00:  50%|█████     | 5/10 [00:06<00:06,  1.34s/it]
Task 9, Epoch 6/10 => Loss 3.684, Train_accy 0.00:  50%|█████     | 5/10 [00:07<00:06,  1.34s/it] 
Task 9, Epoch 6/10 => Loss 3.684, Train_accy 0.00:  60%|██████    | 6/10 [00:07<00:05,  1.34s/it]
Task 9, Epoch 7/10 => Loss 3.397, Train_accy 20.00:  60%|██████    | 6/10 [00:09<00:05,  1.34s/it]
Task 9, Epoch 7/10 => Loss 3.397, Train_accy 20.00:  70%|███████   | 7/10 [00:09<00:03,  1.33s/it]
Task 9, Epoch 8/10 => Loss 3.114, Train_accy 20.00:  70%|███████   | 7/10 [00:10<00:03,  1.33s/it]
Task 9, Epoch 8/10 => Loss 3.114, Train_accy 20.00:  80%|████████  | 8/10 [00:10<00:02,  1.34s/it]
Task 9, Epoch 9/10 => Loss 3.336, Train_accy 10.00:  80%|████████  | 8/10 [00:11<00:02,  1.34s/it]
Task 9, Epoch 9/10 => Loss 3.336, Train_accy 10.00:  90%|█████████ | 9/10 [00:11<00:01,  1.33s/it]
Task 9, Epoch 10/10 => Loss 3.097, Train_accy 30.00:  90%|█████████ | 9/10 [00:13<00:01,  1.33s/it]
Task 9, Epoch 10/10 => Loss 3.097, Train_accy 30.00: 100%|██████████| 10/10 [00:13<00:00,  1.33s/it]
Task 9, Epoch 10/10 => Loss 3.097, Train_accy 30.00: 100%|██████████| 10/10 [00:13<00:00,  1.33s/it]
2026-01-03 00:34:57,900 [inflora.py] => Task 9, Epoch 10/10 => Loss 3.097, Train_accy 30.00
Threshold:  0.9714285714285714
Skip Updating DualGPM for layer: 1
Skip Updating DualGPM for layer: 2
Layer 1 - Projection Matrix shape: torch.Size([768, 768])
Layer 2 - Projection Matrix shape: torch.Size([768, 768])
Layer 3 - Projection Matrix shape: torch.Size([768, 768])
Layer 4 - Projection Matrix shape: torch.Size([768, 768])
Layer 5 - Projection Matrix shape: torch.Size([768, 768])
Layer 6 - Projection Matrix shape: torch.Size([768, 768])
Layer 7 - Projection Matrix shape: torch.Size([768, 768])
Layer 8 - Projection Matrix shape: torch.Size([768, 768])
Layer 9 - Projection Matrix shape: torch.Size([768, 768])
Layer 10 - Projection Matrix shape: torch.Size([768, 768])
Layer 11 - Projection Matrix shape: torch.Size([768, 768])
Layer 12 - Projection Matrix shape: torch.Size([768, 768])
2026-01-03 00:35:37,074 [inflora.py] => Exemplar size: 0
2026-01-03 00:35:37,074 [trainer.py] => CNN: {'total': 75.33, '00-59': 97.87, '60-61': 0.0, '62-63': 0.0, '64-65': 0.0, '66-67': 1.5, '68-69': 0.0, '70-71': 0.5, '72-73': 0.0, '74-75': 0.0, '76-77': 0.0, '78-79': 100.0, '80-81': 90.0, '82-83': 80.0, '84-85': 100.0, '86-87': 90.0, '88-89': 100.0, '90-91': 100.0, '92-93': 90.0, '94-95': 100.0, '96-97': 100.0, '98-99': 90.0, 'old': 77.32, 'new': 0.0}
2026-01-03 00:35:37,074 [trainer.py] => CNN top1 curve: [98.08, 94.94, 91.88, 89.11, 86.59, 84.06, 81.71, 79.47, 77.38, 75.33]
2026-01-03 00:35:37,074 [trainer.py] => Average Accuracy (CNN): 85.86
2026-01-03 00:35:37,078 [trainer.py] => All params: 101082305
2026-01-03 00:35:37,082 [trainer.py] => Trainable params: 230460
2026-01-03 00:35:37,083 [inflora.py] => Learning on 78-80

  0%|          | 0/10 [00:00<?, ?it/s]
Task 10, Epoch 1/10 => Loss 5.717, Train_accy 0.00:   0%|          | 0/10 [00:01<?, ?it/s]
Task 10, Epoch 1/10 => Loss 5.717, Train_accy 0.00:  10%|█         | 1/10 [00:01<00:12,  1.34s/it]
Task 10, Epoch 2/10 => Loss 5.677, Train_accy 10.00:  10%|█         | 1/10 [00:02<00:12,  1.34s/it]
Task 10, Epoch 2/10 => Loss 5.677, Train_accy 10.00:  20%|██        | 2/10 [00:02<00:10,  1.34s/it]
Task 10, Epoch 3/10 => Loss 5.371, Train_accy 0.00:  20%|██        | 2/10 [00:04<00:10,  1.34s/it] 
Task 10, Epoch 3/10 => Loss 5.371, Train_accy 0.00:  30%|███       | 3/10 [00:04<00:09,  1.34s/it]
Task 10, Epoch 4/10 => Loss 5.007, Train_accy 0.00:  30%|███       | 3/10 [00:05<00:09,  1.34s/it]
Task 10, Epoch 4/10 => Loss 5.007, Train_accy 0.00:  40%|████      | 4/10 [00:05<00:08,  1.34s/it]
Task 10, Epoch 5/10 => Loss 4.348, Train_accy 10.00:  40%|████      | 4/10 [00:06<00:08,  1.34s/it]
Task 10, Epoch 5/10 => Loss 4.348, Train_accy 10.00:  50%|█████     | 5/10 [00:06<00:06,  1.34s/it]
Task 10, Epoch 6/10 => Loss 4.277, Train_accy 10.00:  50%|█████     | 5/10 [00:08<00:06,  1.34s/it]
Task 10, Epoch 6/10 => Loss 4.277, Train_accy 10.00:  60%|██████    | 6/10 [00:08<00:05,  1.33s/it]
Task 10, Epoch 7/10 => Loss 4.073, Train_accy 20.00:  60%|██████    | 6/10 [00:09<00:05,  1.33s/it]
Task 10, Epoch 7/10 => Loss 4.073, Train_accy 20.00:  70%|███████   | 7/10 [00:09<00:04,  1.34s/it]
Task 10, Epoch 8/10 => Loss 4.663, Train_accy 0.00:  70%|███████   | 7/10 [00:10<00:04,  1.34s/it] 
Task 10, Epoch 8/10 => Loss 4.663, Train_accy 0.00:  80%|████████  | 8/10 [00:10<00:02,  1.34s/it]
Task 10, Epoch 9/10 => Loss 3.572, Train_accy 10.00:  80%|████████  | 8/10 [00:12<00:02,  1.34s/it]
Task 10, Epoch 9/10 => Loss 3.572, Train_accy 10.00:  90%|█████████ | 9/10 [00:12<00:01,  1.34s/it]
Task 10, Epoch 10/10 => Loss 3.640, Train_accy 10.00:  90%|█████████ | 9/10 [00:13<00:01,  1.34s/it]
Task 10, Epoch 10/10 => Loss 3.640, Train_accy 10.00: 100%|██████████| 10/10 [00:13<00:00,  1.34s/it]
Task 10, Epoch 10/10 => Loss 3.640, Train_accy 10.00: 100%|██████████| 10/10 [00:13<00:00,  1.34s/it]
2026-01-03 00:35:53,132 [inflora.py] => Task 10, Epoch 10/10 => Loss 3.640, Train_accy 10.00
Threshold:  0.9738095238095238
Layer 1 - Projection Matrix shape: torch.Size([768, 768])
Layer 2 - Projection Matrix shape: torch.Size([768, 768])
Layer 3 - Projection Matrix shape: torch.Size([768, 768])
Layer 4 - Projection Matrix shape: torch.Size([768, 768])
Layer 5 - Projection Matrix shape: torch.Size([768, 768])
Layer 6 - Projection Matrix shape: torch.Size([768, 768])
Layer 7 - Projection Matrix shape: torch.Size([768, 768])
Layer 8 - Projection Matrix shape: torch.Size([768, 768])
Layer 9 - Projection Matrix shape: torch.Size([768, 768])
Layer 10 - Projection Matrix shape: torch.Size([768, 768])
Layer 11 - Projection Matrix shape: torch.Size([768, 768])
Layer 12 - Projection Matrix shape: torch.Size([768, 768])
2026-01-03 00:36:32,605 [inflora.py] => Exemplar size: 0
2026-01-03 00:36:32,606 [trainer.py] => CNN: {'total': 73.45, '00-59': 97.87, '60-61': 0.0, '62-63': 0.0, '64-65': 0.0, '66-67': 1.5, '68-69': 0.0, '70-71': 0.5, '72-73': 0.0, '74-75': 0.0, '76-77': 0.0, '78-79': 0.0, '80-81': 100.0, '82-83': 100.0, '84-85': 100.0, '86-87': 100.0, '88-89': 100.0, '90-91': 100.0, '92-93': 100.0, '94-95': 90.0, '96-97': 100.0, '98-99': 90.0, 'old': 75.33, 'new': 0.0}
2026-01-03 00:36:32,606 [trainer.py] => CNN top1 curve: [98.08, 94.94, 91.88, 89.11, 86.59, 84.06, 81.71, 79.47, 77.38, 75.33, 73.45]
2026-01-03 00:36:32,606 [trainer.py] => Average Accuracy (CNN): 84.73
2026-01-03 00:36:32,611 [trainer.py] => All params: 101082305
2026-01-03 00:36:32,616 [trainer.py] => Trainable params: 230460
2026-01-03 00:36:32,616 [inflora.py] => Learning on 80-82

  0%|          | 0/10 [00:00<?, ?it/s]
Task 11, Epoch 1/10 => Loss 5.869, Train_accy 0.00:   0%|          | 0/10 [00:01<?, ?it/s]
Task 11, Epoch 1/10 => Loss 5.869, Train_accy 0.00:  10%|█         | 1/10 [00:01<00:12,  1.38s/it]
Task 11, Epoch 2/10 => Loss 5.155, Train_accy 0.00:  10%|█         | 1/10 [00:02<00:12,  1.38s/it]
Task 11, Epoch 2/10 => Loss 5.155, Train_accy 0.00:  20%|██        | 2/10 [00:02<00:11,  1.38s/it]
Task 11, Epoch 3/10 => Loss 5.077, Train_accy 0.00:  20%|██        | 2/10 [00:04<00:11,  1.38s/it]
Task 11, Epoch 3/10 => Loss 5.077, Train_accy 0.00:  30%|███       | 3/10 [00:04<00:09,  1.37s/it]
Task 11, Epoch 4/10 => Loss 4.571, Train_accy 0.00:  30%|███       | 3/10 [00:05<00:09,  1.37s/it]
Task 11, Epoch 4/10 => Loss 4.571, Train_accy 0.00:  40%|████      | 4/10 [00:05<00:08,  1.37s/it]
Task 11, Epoch 5/10 => Loss 4.499, Train_accy 0.00:  40%|████      | 4/10 [00:06<00:08,  1.37s/it]
Task 11, Epoch 5/10 => Loss 4.499, Train_accy 0.00:  50%|█████     | 5/10 [00:06<00:06,  1.37s/it]
Task 11, Epoch 6/10 => Loss 4.293, Train_accy 10.00:  50%|█████     | 5/10 [00:08<00:06,  1.37s/it]
Task 11, Epoch 6/10 => Loss 4.293, Train_accy 10.00:  60%|██████    | 6/10 [00:08<00:05,  1.37s/it]
Task 11, Epoch 7/10 => Loss 4.485, Train_accy 10.00:  60%|██████    | 6/10 [00:09<00:05,  1.37s/it]
Task 11, Epoch 7/10 => Loss 4.485, Train_accy 10.00:  70%|███████   | 7/10 [00:09<00:04,  1.37s/it]
Task 11, Epoch 8/10 => Loss 3.781, Train_accy 0.00:  70%|███████   | 7/10 [00:10<00:04,  1.37s/it] 
Task 11, Epoch 8/10 => Loss 3.781, Train_accy 0.00:  80%|████████  | 8/10 [00:10<00:02,  1.37s/it]
Task 11, Epoch 9/10 => Loss 3.863, Train_accy 0.00:  80%|████████  | 8/10 [00:12<00:02,  1.37s/it]
Task 11, Epoch 9/10 => Loss 3.863, Train_accy 0.00:  90%|█████████ | 9/10 [00:12<00:01,  1.37s/it]
Task 11, Epoch 10/10 => Loss 3.613, Train_accy 0.00:  90%|█████████ | 9/10 [00:13<00:01,  1.37s/it]
Task 11, Epoch 10/10 => Loss 3.613, Train_accy 0.00: 100%|██████████| 10/10 [00:13<00:00,  1.37s/it]
Task 11, Epoch 10/10 => Loss 3.613, Train_accy 0.00: 100%|██████████| 10/10 [00:13<00:00,  1.37s/it]
2026-01-03 00:36:49,107 [inflora.py] => Task 11, Epoch 10/10 => Loss 3.613, Train_accy 0.00
Threshold:  0.9761904761904762
Skip Updating DualGPM for layer: 1
Layer 1 - Projection Matrix shape: torch.Size([768, 768])
Layer 2 - Projection Matrix shape: torch.Size([768, 768])
Layer 3 - Projection Matrix shape: torch.Size([768, 768])
Layer 4 - Projection Matrix shape: torch.Size([768, 768])
Layer 5 - Projection Matrix shape: torch.Size([768, 768])
Layer 6 - Projection Matrix shape: torch.Size([768, 768])
Layer 7 - Projection Matrix shape: torch.Size([768, 768])
Layer 8 - Projection Matrix shape: torch.Size([768, 768])
Layer 9 - Projection Matrix shape: torch.Size([768, 768])
Layer 10 - Projection Matrix shape: torch.Size([768, 768])
Layer 11 - Projection Matrix shape: torch.Size([768, 768])
Layer 12 - Projection Matrix shape: torch.Size([768, 768])
2026-01-03 00:37:29,418 [inflora.py] => Exemplar size: 0
2026-01-03 00:37:29,419 [trainer.py] => CNN: {'total': 71.65, '00-59': 97.85, '60-61': 0.0, '62-63': 0.0, '64-65': 0.0, '66-67': 1.5, '68-69': 0.0, '70-71': 0.5, '72-73': 0.0, '74-75': 0.0, '76-77': 0.0, '78-79': 0.0, '80-81': 0.0, '82-83': 80.0, '84-85': 100.0, '86-87': 100.0, '88-89': 100.0, '90-91': 100.0, '92-93': 90.0, '94-95': 90.0, '96-97': 90.0, '98-99': 100.0, 'old': 73.44, 'new': 0.0}
2026-01-03 00:37:29,419 [trainer.py] => CNN top1 curve: [98.08, 94.94, 91.88, 89.11, 86.59, 84.06, 81.71, 79.47, 77.38, 75.33, 73.45, 71.65]
2026-01-03 00:37:29,419 [trainer.py] => Average Accuracy (CNN): 83.64
2026-01-03 00:37:29,424 [trainer.py] => All params: 101082305
2026-01-03 00:37:29,429 [trainer.py] => Trainable params: 230460
2026-01-03 00:37:29,429 [inflora.py] => Learning on 82-84

  0%|          | 0/10 [00:00<?, ?it/s]
Task 12, Epoch 1/10 => Loss 5.510, Train_accy 0.00:   0%|          | 0/10 [00:01<?, ?it/s]
Task 12, Epoch 1/10 => Loss 5.510, Train_accy 0.00:  10%|█         | 1/10 [00:01<00:12,  1.44s/it]
Task 12, Epoch 2/10 => Loss 4.819, Train_accy 0.00:  10%|█         | 1/10 [00:02<00:12,  1.44s/it]
Task 12, Epoch 2/10 => Loss 4.819, Train_accy 0.00:  20%|██        | 2/10 [00:02<00:11,  1.45s/it]
Task 12, Epoch 3/10 => Loss 4.741, Train_accy 0.00:  20%|██        | 2/10 [00:04<00:11,  1.45s/it]
Task 12, Epoch 3/10 => Loss 4.741, Train_accy 0.00:  30%|███       | 3/10 [00:04<00:10,  1.45s/it]
Task 12, Epoch 4/10 => Loss 4.512, Train_accy 0.00:  30%|███       | 3/10 [00:05<00:10,  1.45s/it]
Task 12, Epoch 4/10 => Loss 4.512, Train_accy 0.00:  40%|████      | 4/10 [00:05<00:08,  1.44s/it]
Task 12, Epoch 5/10 => Loss 4.678, Train_accy 0.00:  40%|████      | 4/10 [00:07<00:08,  1.44s/it]
Task 12, Epoch 5/10 => Loss 4.678, Train_accy 0.00:  50%|█████     | 5/10 [00:07<00:07,  1.44s/it]
Task 12, Epoch 6/10 => Loss 4.148, Train_accy 0.00:  50%|█████     | 5/10 [00:08<00:07,  1.44s/it]
Task 12, Epoch 6/10 => Loss 4.148, Train_accy 0.00:  60%|██████    | 6/10 [00:08<00:05,  1.44s/it]
Task 12, Epoch 7/10 => Loss 3.920, Train_accy 0.00:  60%|██████    | 6/10 [00:10<00:05,  1.44s/it]
Task 12, Epoch 7/10 => Loss 3.920, Train_accy 0.00:  70%|███████   | 7/10 [00:10<00:04,  1.44s/it]
Task 12, Epoch 8/10 => Loss 3.960, Train_accy 0.00:  70%|███████   | 7/10 [00:11<00:04,  1.44s/it]
Task 12, Epoch 8/10 => Loss 3.960, Train_accy 0.00:  80%|████████  | 8/10 [00:11<00:02,  1.44s/it]
Task 12, Epoch 9/10 => Loss 2.825, Train_accy 0.00:  80%|████████  | 8/10 [00:12<00:02,  1.44s/it]
Task 12, Epoch 9/10 => Loss 2.825, Train_accy 0.00:  90%|█████████ | 9/10 [00:12<00:01,  1.44s/it]
Task 12, Epoch 10/10 => Loss 3.360, Train_accy 0.00:  90%|█████████ | 9/10 [00:14<00:01,  1.44s/it]
Task 12, Epoch 10/10 => Loss 3.360, Train_accy 0.00: 100%|██████████| 10/10 [00:14<00:00,  1.44s/it]
Task 12, Epoch 10/10 => Loss 3.360, Train_accy 0.00: 100%|██████████| 10/10 [00:14<00:00,  1.44s/it]
2026-01-03 00:37:46,508 [inflora.py] => Task 12, Epoch 10/10 => Loss 3.360, Train_accy 0.00
Threshold:  0.9785714285714285
Skip Updating DualGPM for layer: 1
Skip Updating DualGPM for layer: 2
Layer 1 - Projection Matrix shape: torch.Size([768, 768])
Layer 2 - Projection Matrix shape: torch.Size([768, 768])
Layer 3 - Projection Matrix shape: torch.Size([768, 768])
Layer 4 - Projection Matrix shape: torch.Size([768, 768])
Layer 5 - Projection Matrix shape: torch.Size([768, 768])
Layer 6 - Projection Matrix shape: torch.Size([768, 768])
Layer 7 - Projection Matrix shape: torch.Size([768, 768])
Layer 8 - Projection Matrix shape: torch.Size([768, 768])
Layer 9 - Projection Matrix shape: torch.Size([768, 768])
Layer 10 - Projection Matrix shape: torch.Size([768, 768])
Layer 11 - Projection Matrix shape: torch.Size([768, 768])
Layer 12 - Projection Matrix shape: torch.Size([768, 768])
2026-01-03 00:38:27,276 [inflora.py] => Exemplar size: 0
2026-01-03 00:38:27,276 [trainer.py] => CNN: {'total': 69.92, '00-59': 97.82, '60-61': 0.0, '62-63': 0.0, '64-65': 0.0, '66-67': 1.5, '68-69': 0.0, '70-71': 0.5, '72-73': 0.0, '74-75': 0.0, '76-77': 0.0, '78-79': 0.0, '80-81': 0.0, '82-83': 0.0, '84-85': 100.0, '86-87': 100.0, '88-89': 90.0, '90-91': 100.0, '92-93': 90.0, '94-95': 100.0, '96-97': 100.0, '98-99': 100.0, 'old': 71.62, 'new': 0.0}
2026-01-03 00:38:27,276 [trainer.py] => CNN top1 curve: [98.08, 94.94, 91.88, 89.11, 86.59, 84.06, 81.71, 79.47, 77.38, 75.33, 73.45, 71.65, 69.92]
2026-01-03 00:38:27,276 [trainer.py] => Average Accuracy (CNN): 82.58
2026-01-03 00:38:27,283 [trainer.py] => All params: 101082305
2026-01-03 00:38:27,289 [trainer.py] => Trainable params: 230460
2026-01-03 00:38:27,289 [inflora.py] => Learning on 84-86

  0%|          | 0/10 [00:00<?, ?it/s]
Task 13, Epoch 1/10 => Loss 7.238, Train_accy 0.00:   0%|          | 0/10 [00:01<?, ?it/s]
Task 13, Epoch 1/10 => Loss 7.238, Train_accy 0.00:  10%|█         | 1/10 [00:01<00:12,  1.40s/it]
Task 13, Epoch 2/10 => Loss 7.038, Train_accy 0.00:  10%|█         | 1/10 [00:03<00:12,  1.40s/it]
Task 13, Epoch 2/10 => Loss 7.038, Train_accy 0.00:  20%|██        | 2/10 [00:03<00:12,  1.60s/it]
Task 13, Epoch 3/10 => Loss 7.031, Train_accy 0.00:  20%|██        | 2/10 [00:04<00:12,  1.60s/it]
Task 13, Epoch 3/10 => Loss 7.031, Train_accy 0.00:  30%|███       | 3/10 [00:04<00:10,  1.50s/it]
Task 13, Epoch 4/10 => Loss 6.607, Train_accy 0.00:  30%|███       | 3/10 [00:05<00:10,  1.50s/it]
Task 13, Epoch 4/10 => Loss 6.607, Train_accy 0.00:  40%|████      | 4/10 [00:05<00:08,  1.47s/it]
Task 13, Epoch 5/10 => Loss 6.136, Train_accy 0.00:  40%|████      | 4/10 [00:07<00:08,  1.47s/it]
Task 13, Epoch 5/10 => Loss 6.136, Train_accy 0.00:  50%|█████     | 5/10 [00:07<00:07,  1.44s/it]
Task 13, Epoch 6/10 => Loss 6.046, Train_accy 0.00:  50%|█████     | 5/10 [00:08<00:07,  1.44s/it]
Task 13, Epoch 6/10 => Loss 6.046, Train_accy 0.00:  60%|██████    | 6/10 [00:08<00:05,  1.42s/it]
Task 13, Epoch 7/10 => Loss 5.437, Train_accy 0.00:  60%|██████    | 6/10 [00:10<00:05,  1.42s/it]
Task 13, Epoch 7/10 => Loss 5.437, Train_accy 0.00:  70%|███████   | 7/10 [00:10<00:04,  1.42s/it]
Task 13, Epoch 8/10 => Loss 5.582, Train_accy 10.00:  70%|███████   | 7/10 [00:11<00:04,  1.42s/it]
Task 13, Epoch 8/10 => Loss 5.582, Train_accy 10.00:  80%|████████  | 8/10 [00:11<00:02,  1.42s/it]
Task 13, Epoch 9/10 => Loss 5.923, Train_accy 0.00:  80%|████████  | 8/10 [00:12<00:02,  1.42s/it] 
Task 13, Epoch 9/10 => Loss 5.923, Train_accy 0.00:  90%|█████████ | 9/10 [00:12<00:01,  1.42s/it]
Task 13, Epoch 10/10 => Loss 5.991, Train_accy 0.00:  90%|█████████ | 9/10 [00:14<00:01,  1.42s/it]
Task 13, Epoch 10/10 => Loss 5.991, Train_accy 0.00: 100%|██████████| 10/10 [00:14<00:00,  1.41s/it]
Task 13, Epoch 10/10 => Loss 5.991, Train_accy 0.00: 100%|██████████| 10/10 [00:14<00:00,  1.44s/it]
2026-01-03 00:38:44,329 [inflora.py] => Task 13, Epoch 10/10 => Loss 5.991, Train_accy 0.00
Threshold:  0.9809523809523809
Layer 1 - Projection Matrix shape: torch.Size([768, 768])
Layer 2 - Projection Matrix shape: torch.Size([768, 768])
Layer 3 - Projection Matrix shape: torch.Size([768, 768])
Layer 4 - Projection Matrix shape: torch.Size([768, 768])
Layer 5 - Projection Matrix shape: torch.Size([768, 768])
Layer 6 - Projection Matrix shape: torch.Size([768, 768])
Layer 7 - Projection Matrix shape: torch.Size([768, 768])
Layer 8 - Projection Matrix shape: torch.Size([768, 768])
Layer 9 - Projection Matrix shape: torch.Size([768, 768])
Layer 10 - Projection Matrix shape: torch.Size([768, 768])
Layer 11 - Projection Matrix shape: torch.Size([768, 768])
Layer 12 - Projection Matrix shape: torch.Size([768, 768])
2026-01-03 00:39:25,767 [inflora.py] => Exemplar size: 0
2026-01-03 00:39:25,768 [trainer.py] => CNN: {'total': 68.28, '00-59': 97.8, '60-61': 0.0, '62-63': 0.0, '64-65': 0.0, '66-67': 1.5, '68-69': 0.0, '70-71': 0.5, '72-73': 0.0, '74-75': 0.0, '76-77': 0.0, '78-79': 0.0, '80-81': 0.0, '82-83': 0.0, '84-85': 0.0, '86-87': 100.0, '88-89': 90.0, '90-91': 100.0, '92-93': 90.0, '94-95': 100.0, '96-97': 100.0, '98-99': 100.0, 'old': 69.9, 'new': 0.0}
2026-01-03 00:39:25,768 [trainer.py] => CNN top1 curve: [98.08, 94.94, 91.88, 89.11, 86.59, 84.06, 81.71, 79.47, 77.38, 75.33, 73.45, 71.65, 69.92, 68.28]
2026-01-03 00:39:25,768 [trainer.py] => Average Accuracy (CNN): 81.56
2026-01-03 00:39:25,772 [trainer.py] => All params: 101082305
2026-01-03 00:39:25,776 [trainer.py] => Trainable params: 230460
2026-01-03 00:39:25,777 [inflora.py] => Learning on 86-88

  0%|          | 0/10 [00:00<?, ?it/s]
Task 14, Epoch 1/10 => Loss 8.288, Train_accy 0.00:   0%|          | 0/10 [00:01<?, ?it/s]
Task 14, Epoch 1/10 => Loss 8.288, Train_accy 0.00:  10%|█         | 1/10 [00:01<00:13,  1.47s/it]
Task 14, Epoch 2/10 => Loss 7.578, Train_accy 0.00:  10%|█         | 1/10 [00:02<00:13,  1.47s/it]
Task 14, Epoch 2/10 => Loss 7.578, Train_accy 0.00:  20%|██        | 2/10 [00:02<00:11,  1.47s/it]
Task 14, Epoch 3/10 => Loss 7.377, Train_accy 0.00:  20%|██        | 2/10 [00:04<00:11,  1.47s/it]
Task 14, Epoch 3/10 => Loss 7.377, Train_accy 0.00:  30%|███       | 3/10 [00:04<00:10,  1.45s/it]
Task 14, Epoch 4/10 => Loss 6.765, Train_accy 0.00:  30%|███       | 3/10 [00:05<00:10,  1.45s/it]
Task 14, Epoch 4/10 => Loss 6.765, Train_accy 0.00:  40%|████      | 4/10 [00:05<00:08,  1.45s/it]
Task 14, Epoch 5/10 => Loss 6.788, Train_accy 0.00:  40%|████      | 4/10 [00:07<00:08,  1.45s/it]
Task 14, Epoch 5/10 => Loss 6.788, Train_accy 0.00:  50%|█████     | 5/10 [00:07<00:07,  1.44s/it]
Task 14, Epoch 6/10 => Loss 6.730, Train_accy 0.00:  50%|█████     | 5/10 [00:08<00:07,  1.44s/it]
Task 14, Epoch 6/10 => Loss 6.730, Train_accy 0.00:  60%|██████    | 6/10 [00:08<00:05,  1.45s/it]
Task 14, Epoch 7/10 => Loss 6.470, Train_accy 0.00:  60%|██████    | 6/10 [00:10<00:05,  1.45s/it]
Task 14, Epoch 7/10 => Loss 6.470, Train_accy 0.00:  70%|███████   | 7/10 [00:10<00:04,  1.45s/it]
Task 14, Epoch 8/10 => Loss 6.179, Train_accy 0.00:  70%|███████   | 7/10 [00:11<00:04,  1.45s/it]
Task 14, Epoch 8/10 => Loss 6.179, Train_accy 0.00:  80%|████████  | 8/10 [00:11<00:02,  1.44s/it]
Task 14, Epoch 9/10 => Loss 6.347, Train_accy 0.00:  80%|████████  | 8/10 [00:13<00:02,  1.44s/it]
Task 14, Epoch 9/10 => Loss 6.347, Train_accy 0.00:  90%|█████████ | 9/10 [00:13<00:01,  1.44s/it]
Task 14, Epoch 10/10 => Loss 6.018, Train_accy 0.00:  90%|█████████ | 9/10 [00:14<00:01,  1.44s/it]
Task 14, Epoch 10/10 => Loss 6.018, Train_accy 0.00: 100%|██████████| 10/10 [00:14<00:00,  1.44s/it]
Task 14, Epoch 10/10 => Loss 6.018, Train_accy 0.00: 100%|██████████| 10/10 [00:14<00:00,  1.44s/it]
2026-01-03 00:39:43,069 [inflora.py] => Task 14, Epoch 10/10 => Loss 6.018, Train_accy 0.00
Threshold:  0.9833333333333333
Skip Updating DualGPM for layer: 1
Skip Updating DualGPM for layer: 2
Layer 1 - Projection Matrix shape: torch.Size([768, 768])
Layer 2 - Projection Matrix shape: torch.Size([768, 768])
Layer 3 - Projection Matrix shape: torch.Size([768, 768])
Layer 4 - Projection Matrix shape: torch.Size([768, 768])
Layer 5 - Projection Matrix shape: torch.Size([768, 768])
Layer 6 - Projection Matrix shape: torch.Size([768, 768])
Layer 7 - Projection Matrix shape: torch.Size([768, 768])
Layer 8 - Projection Matrix shape: torch.Size([768, 768])
Layer 9 - Projection Matrix shape: torch.Size([768, 768])
Layer 10 - Projection Matrix shape: torch.Size([768, 768])
Layer 11 - Projection Matrix shape: torch.Size([768, 768])
Layer 12 - Projection Matrix shape: torch.Size([768, 768])
2026-01-03 00:40:24,599 [inflora.py] => Exemplar size: 0
2026-01-03 00:40:24,600 [trainer.py] => CNN: {'total': 66.73, '00-59': 97.8, '60-61': 0.0, '62-63': 0.0, '64-65': 0.0, '66-67': 1.5, '68-69': 0.0, '70-71': 0.5, '72-73': 0.0, '74-75': 0.0, '76-77': 0.0, '78-79': 0.0, '80-81': 0.0, '82-83': 0.0, '84-85': 0.0, '86-87': 0.0, '88-89': 100.0, '90-91': 90.0, '92-93': 100.0, '94-95': 90.0, '96-97': 90.0, '98-99': 100.0, 'old': 68.28, 'new': 0.0}
2026-01-03 00:40:24,600 [trainer.py] => CNN top1 curve: [98.08, 94.94, 91.88, 89.11, 86.59, 84.06, 81.71, 79.47, 77.38, 75.33, 73.45, 71.65, 69.92, 68.28, 66.73]
2026-01-03 00:40:24,600 [trainer.py] => Average Accuracy (CNN): 80.57
2026-01-03 00:40:24,607 [trainer.py] => All params: 101082305
2026-01-03 00:40:24,614 [trainer.py] => Trainable params: 230460
2026-01-03 00:40:24,614 [inflora.py] => Learning on 88-90

  0%|          | 0/10 [00:00<?, ?it/s]
Task 15, Epoch 1/10 => Loss 4.493, Train_accy 0.00:   0%|          | 0/10 [00:01<?, ?it/s]
Task 15, Epoch 1/10 => Loss 4.493, Train_accy 0.00:  10%|█         | 1/10 [00:01<00:12,  1.44s/it]
Task 15, Epoch 2/10 => Loss 4.185, Train_accy 20.00:  10%|█         | 1/10 [00:02<00:12,  1.44s/it]
Task 15, Epoch 2/10 => Loss 4.185, Train_accy 20.00:  20%|██        | 2/10 [00:02<00:11,  1.45s/it]
Task 15, Epoch 3/10 => Loss 3.630, Train_accy 10.00:  20%|██        | 2/10 [00:04<00:11,  1.45s/it]
Task 15, Epoch 3/10 => Loss 3.630, Train_accy 10.00:  30%|███       | 3/10 [00:04<00:10,  1.44s/it]
Task 15, Epoch 4/10 => Loss 3.373, Train_accy 30.00:  30%|███       | 3/10 [00:05<00:10,  1.44s/it]
Task 15, Epoch 4/10 => Loss 3.373, Train_accy 30.00:  40%|████      | 4/10 [00:05<00:08,  1.43s/it]
Task 15, Epoch 5/10 => Loss 3.346, Train_accy 30.00:  40%|████      | 4/10 [00:07<00:08,  1.43s/it]
Task 15, Epoch 5/10 => Loss 3.346, Train_accy 30.00:  50%|█████     | 5/10 [00:07<00:07,  1.43s/it]
Task 15, Epoch 6/10 => Loss 3.288, Train_accy 40.00:  50%|█████     | 5/10 [00:08<00:07,  1.43s/it]
Task 15, Epoch 6/10 => Loss 3.288, Train_accy 40.00:  60%|██████    | 6/10 [00:08<00:05,  1.43s/it]
Task 15, Epoch 7/10 => Loss 2.919, Train_accy 30.00:  60%|██████    | 6/10 [00:10<00:05,  1.43s/it]
Task 15, Epoch 7/10 => Loss 2.919, Train_accy 30.00:  70%|███████   | 7/10 [00:10<00:04,  1.43s/it]
Task 15, Epoch 8/10 => Loss 2.831, Train_accy 40.00:  70%|███████   | 7/10 [00:11<00:04,  1.43s/it]
Task 15, Epoch 8/10 => Loss 2.831, Train_accy 40.00:  80%|████████  | 8/10 [00:11<00:02,  1.43s/it]
Task 15, Epoch 9/10 => Loss 2.839, Train_accy 30.00:  80%|████████  | 8/10 [00:12<00:02,  1.43s/it]
Task 15, Epoch 9/10 => Loss 2.839, Train_accy 30.00:  90%|█████████ | 9/10 [00:12<00:01,  1.43s/it]
Task 15, Epoch 10/10 => Loss 2.426, Train_accy 50.00:  90%|█████████ | 9/10 [00:14<00:01,  1.43s/it]
Task 15, Epoch 10/10 => Loss 2.426, Train_accy 50.00: 100%|██████████| 10/10 [00:14<00:00,  1.43s/it]
Task 15, Epoch 10/10 => Loss 2.426, Train_accy 50.00: 100%|██████████| 10/10 [00:14<00:00,  1.43s/it]
2026-01-03 00:40:41,692 [inflora.py] => Task 15, Epoch 10/10 => Loss 2.426, Train_accy 50.00
Threshold:  0.9857142857142857
Layer 1 - Projection Matrix shape: torch.Size([768, 768])
Layer 2 - Projection Matrix shape: torch.Size([768, 768])
Layer 3 - Projection Matrix shape: torch.Size([768, 768])
Layer 4 - Projection Matrix shape: torch.Size([768, 768])
Layer 5 - Projection Matrix shape: torch.Size([768, 768])
Layer 6 - Projection Matrix shape: torch.Size([768, 768])
Layer 7 - Projection Matrix shape: torch.Size([768, 768])
Layer 8 - Projection Matrix shape: torch.Size([768, 768])
Layer 9 - Projection Matrix shape: torch.Size([768, 768])
Layer 10 - Projection Matrix shape: torch.Size([768, 768])
Layer 11 - Projection Matrix shape: torch.Size([768, 768])
Layer 12 - Projection Matrix shape: torch.Size([768, 768])
2026-01-03 00:41:23,542 [inflora.py] => Exemplar size: 0
2026-01-03 00:41:23,542 [trainer.py] => CNN: {'total': 65.23, '00-59': 97.78, '60-61': 0.0, '62-63': 0.0, '64-65': 0.0, '66-67': 1.5, '68-69': 0.0, '70-71': 0.5, '72-73': 0.0, '74-75': 0.0, '76-77': 0.0, '78-79': 0.0, '80-81': 0.0, '82-83': 0.0, '84-85': 0.0, '86-87': 0.0, '88-89': 0.0, '90-91': 90.0, '92-93': 90.0, '94-95': 100.0, '96-97': 90.0, '98-99': 100.0, 'old': 66.72, 'new': 0.0}
2026-01-03 00:41:23,542 [trainer.py] => CNN top1 curve: [98.08, 94.94, 91.88, 89.11, 86.59, 84.06, 81.71, 79.47, 77.38, 75.33, 73.45, 71.65, 69.92, 68.28, 66.73, 65.23]
2026-01-03 00:41:23,543 [trainer.py] => Average Accuracy (CNN): 79.61
2026-01-03 00:41:23,549 [trainer.py] => All params: 101082305
2026-01-03 00:41:23,554 [trainer.py] => Trainable params: 230460
2026-01-03 00:41:23,554 [inflora.py] => Learning on 90-92

  0%|          | 0/10 [00:00<?, ?it/s]
Task 16, Epoch 1/10 => Loss 4.984, Train_accy 0.00:   0%|          | 0/10 [00:01<?, ?it/s]
Task 16, Epoch 1/10 => Loss 4.984, Train_accy 0.00:  10%|█         | 1/10 [00:01<00:12,  1.44s/it]
Task 16, Epoch 2/10 => Loss 5.461, Train_accy 0.00:  10%|█         | 1/10 [00:02<00:12,  1.44s/it]
Task 16, Epoch 2/10 => Loss 5.461, Train_accy 0.00:  20%|██        | 2/10 [00:02<00:11,  1.46s/it]
Task 16, Epoch 3/10 => Loss 4.937, Train_accy 0.00:  20%|██        | 2/10 [00:04<00:11,  1.46s/it]
Task 16, Epoch 3/10 => Loss 4.937, Train_accy 0.00:  30%|███       | 3/10 [00:04<00:10,  1.46s/it]
Task 16, Epoch 4/10 => Loss 4.548, Train_accy 0.00:  30%|███       | 3/10 [00:05<00:10,  1.46s/it]
Task 16, Epoch 4/10 => Loss 4.548, Train_accy 0.00:  40%|████      | 4/10 [00:05<00:08,  1.46s/it]
Task 16, Epoch 5/10 => Loss 4.653, Train_accy 0.00:  40%|████      | 4/10 [00:07<00:08,  1.46s/it]
Task 16, Epoch 5/10 => Loss 4.653, Train_accy 0.00:  50%|█████     | 5/10 [00:07<00:07,  1.47s/it]
Task 16, Epoch 6/10 => Loss 4.562, Train_accy 0.00:  50%|█████     | 5/10 [00:08<00:07,  1.47s/it]
Task 16, Epoch 6/10 => Loss 4.562, Train_accy 0.00:  60%|██████    | 6/10 [00:08<00:05,  1.46s/it]
Task 16, Epoch 7/10 => Loss 4.274, Train_accy 0.00:  60%|██████    | 6/10 [00:10<00:05,  1.46s/it]
Task 16, Epoch 7/10 => Loss 4.274, Train_accy 0.00:  70%|███████   | 7/10 [00:10<00:04,  1.46s/it]
Task 16, Epoch 8/10 => Loss 4.215, Train_accy 10.00:  70%|███████   | 7/10 [00:11<00:04,  1.46s/it]
Task 16, Epoch 8/10 => Loss 4.215, Train_accy 10.00:  80%|████████  | 8/10 [00:11<00:02,  1.46s/it]
Task 16, Epoch 9/10 => Loss 4.003, Train_accy 0.00:  80%|████████  | 8/10 [00:13<00:02,  1.46s/it] 
Task 16, Epoch 9/10 => Loss 4.003, Train_accy 0.00:  90%|█████████ | 9/10 [00:13<00:01,  1.46s/it]
Task 16, Epoch 10/10 => Loss 4.274, Train_accy 0.00:  90%|█████████ | 9/10 [00:14<00:01,  1.46s/it]
Task 16, Epoch 10/10 => Loss 4.274, Train_accy 0.00: 100%|██████████| 10/10 [00:14<00:00,  1.46s/it]
Task 16, Epoch 10/10 => Loss 4.274, Train_accy 0.00: 100%|██████████| 10/10 [00:14<00:00,  1.46s/it]
2026-01-03 00:41:40,915 [inflora.py] => Task 16, Epoch 10/10 => Loss 4.274, Train_accy 0.00
Threshold:  0.9880952380952381
Skip Updating DualGPM for layer: 1
Layer 1 - Projection Matrix shape: torch.Size([768, 768])
Layer 2 - Projection Matrix shape: torch.Size([768, 768])
Layer 3 - Projection Matrix shape: torch.Size([768, 768])
Layer 4 - Projection Matrix shape: torch.Size([768, 768])
Layer 5 - Projection Matrix shape: torch.Size([768, 768])
Layer 6 - Projection Matrix shape: torch.Size([768, 768])
Layer 7 - Projection Matrix shape: torch.Size([768, 768])
Layer 8 - Projection Matrix shape: torch.Size([768, 768])
Layer 9 - Projection Matrix shape: torch.Size([768, 768])
Layer 10 - Projection Matrix shape: torch.Size([768, 768])
Layer 11 - Projection Matrix shape: torch.Size([768, 768])
Layer 12 - Projection Matrix shape: torch.Size([768, 768])
2026-01-03 00:42:23,405 [inflora.py] => Exemplar size: 0
2026-01-03 00:42:23,406 [trainer.py] => CNN: {'total': 63.82, '00-59': 97.78, '60-61': 0.0, '62-63': 0.0, '64-65': 0.0, '66-67': 1.5, '68-69': 0.0, '70-71': 0.5, '72-73': 0.0, '74-75': 0.0, '76-77': 0.0, '78-79': 0.0, '80-81': 0.0, '82-83': 0.0, '84-85': 0.0, '86-87': 0.0, '88-89': 0.0, '90-91': 0.0, '92-93': 70.0, '94-95': 90.0, '96-97': 100.0, '98-99': 100.0, 'old': 65.23, 'new': 0.0}
2026-01-03 00:42:23,406 [trainer.py] => CNN top1 curve: [98.08, 94.94, 91.88, 89.11, 86.59, 84.06, 81.71, 79.47, 77.38, 75.33, 73.45, 71.65, 69.92, 68.28, 66.73, 65.23, 63.82]
2026-01-03 00:42:23,406 [trainer.py] => Average Accuracy (CNN): 78.68
2026-01-03 00:42:23,413 [trainer.py] => All params: 101082305
2026-01-03 00:42:23,418 [trainer.py] => Trainable params: 230460
2026-01-03 00:42:23,418 [inflora.py] => Learning on 92-94

  0%|          | 0/10 [00:00<?, ?it/s]
Task 17, Epoch 1/10 => Loss 4.735, Train_accy 0.00:   0%|          | 0/10 [00:01<?, ?it/s]
Task 17, Epoch 1/10 => Loss 4.735, Train_accy 0.00:  10%|█         | 1/10 [00:01<00:13,  1.46s/it]
Task 17, Epoch 2/10 => Loss 4.110, Train_accy 10.00:  10%|█         | 1/10 [00:02<00:13,  1.46s/it]
Task 17, Epoch 2/10 => Loss 4.110, Train_accy 10.00:  20%|██        | 2/10 [00:02<00:11,  1.47s/it]
Task 17, Epoch 3/10 => Loss 3.995, Train_accy 0.00:  20%|██        | 2/10 [00:04<00:11,  1.47s/it] 
Task 17, Epoch 3/10 => Loss 3.995, Train_accy 0.00:  30%|███       | 3/10 [00:04<00:10,  1.47s/it]
Task 17, Epoch 4/10 => Loss 3.056, Train_accy 30.00:  30%|███       | 3/10 [00:05<00:10,  1.47s/it]
Task 17, Epoch 4/10 => Loss 3.056, Train_accy 30.00:  40%|████      | 4/10 [00:05<00:08,  1.46s/it]
Task 17, Epoch 5/10 => Loss 3.237, Train_accy 10.00:  40%|████      | 4/10 [00:07<00:08,  1.46s/it]
Task 17, Epoch 5/10 => Loss 3.237, Train_accy 10.00:  50%|█████     | 5/10 [00:07<00:07,  1.46s/it]
Task 17, Epoch 6/10 => Loss 3.858, Train_accy 10.00:  50%|█████     | 5/10 [00:08<00:07,  1.46s/it]
Task 17, Epoch 6/10 => Loss 3.858, Train_accy 10.00:  60%|██████    | 6/10 [00:08<00:05,  1.46s/it]
Task 17, Epoch 7/10 => Loss 3.161, Train_accy 40.00:  60%|██████    | 6/10 [00:10<00:05,  1.46s/it]
Task 17, Epoch 7/10 => Loss 3.161, Train_accy 40.00:  70%|███████   | 7/10 [00:10<00:04,  1.47s/it]
Task 17, Epoch 8/10 => Loss 2.755, Train_accy 30.00:  70%|███████   | 7/10 [00:11<00:04,  1.47s/it]
Task 17, Epoch 8/10 => Loss 2.755, Train_accy 30.00:  80%|████████  | 8/10 [00:11<00:02,  1.47s/it]
Task 17, Epoch 9/10 => Loss 3.301, Train_accy 20.00:  80%|████████  | 8/10 [00:13<00:02,  1.47s/it]
Task 17, Epoch 9/10 => Loss 3.301, Train_accy 20.00:  90%|█████████ | 9/10 [00:13<00:01,  1.47s/it]
Task 17, Epoch 10/10 => Loss 2.948, Train_accy 20.00:  90%|█████████ | 9/10 [00:14<00:01,  1.47s/it]
Task 17, Epoch 10/10 => Loss 2.948, Train_accy 20.00: 100%|██████████| 10/10 [00:14<00:00,  1.47s/it]
Task 17, Epoch 10/10 => Loss 2.948, Train_accy 20.00: 100%|██████████| 10/10 [00:14<00:00,  1.47s/it]
2026-01-03 00:42:40,877 [inflora.py] => Task 17, Epoch 10/10 => Loss 2.948, Train_accy 20.00
Threshold:  0.9904761904761905
Layer 1 - Projection Matrix shape: torch.Size([768, 768])
Layer 2 - Projection Matrix shape: torch.Size([768, 768])
Layer 3 - Projection Matrix shape: torch.Size([768, 768])
Layer 4 - Projection Matrix shape: torch.Size([768, 768])
Layer 5 - Projection Matrix shape: torch.Size([768, 768])
Layer 6 - Projection Matrix shape: torch.Size([768, 768])
Layer 7 - Projection Matrix shape: torch.Size([768, 768])
Layer 8 - Projection Matrix shape: torch.Size([768, 768])
Layer 9 - Projection Matrix shape: torch.Size([768, 768])
Layer 10 - Projection Matrix shape: torch.Size([768, 768])
Layer 11 - Projection Matrix shape: torch.Size([768, 768])
Layer 12 - Projection Matrix shape: torch.Size([768, 768])
2026-01-03 00:43:24,255 [inflora.py] => Exemplar size: 0
2026-01-03 00:43:24,256 [trainer.py] => CNN: {'total': 62.46, '00-59': 97.78, '60-61': 0.0, '62-63': 0.0, '64-65': 0.0, '66-67': 1.5, '68-69': 0.0, '70-71': 0.5, '72-73': 0.0, '74-75': 0.0, '76-77': 0.0, '78-79': 0.0, '80-81': 0.0, '82-83': 0.0, '84-85': 0.0, '86-87': 0.0, '88-89': 0.0, '90-91': 0.0, '92-93': 0.0, '94-95': 100.0, '96-97': 90.0, '98-99': 80.0, 'old': 63.82, 'new': 0.0}
2026-01-03 00:43:24,256 [trainer.py] => CNN top1 curve: [98.08, 94.94, 91.88, 89.11, 86.59, 84.06, 81.71, 79.47, 77.38, 75.33, 73.45, 71.65, 69.92, 68.28, 66.73, 65.23, 63.82, 62.46]
2026-01-03 00:43:24,256 [trainer.py] => Average Accuracy (CNN): 77.78
2026-01-03 00:43:24,263 [trainer.py] => All params: 101082305
2026-01-03 00:43:24,269 [trainer.py] => Trainable params: 230460
2026-01-03 00:43:24,269 [inflora.py] => Learning on 94-96

  0%|          | 0/10 [00:00<?, ?it/s]
Task 18, Epoch 1/10 => Loss 5.214, Train_accy 20.00:   0%|          | 0/10 [00:01<?, ?it/s]
Task 18, Epoch 1/10 => Loss 5.214, Train_accy 20.00:  10%|█         | 1/10 [00:01<00:13,  1.50s/it]
Task 18, Epoch 2/10 => Loss 4.512, Train_accy 20.00:  10%|█         | 1/10 [00:02<00:13,  1.50s/it]
Task 18, Epoch 2/10 => Loss 4.512, Train_accy 20.00:  20%|██        | 2/10 [00:02<00:11,  1.49s/it]
Task 18, Epoch 3/10 => Loss 4.733, Train_accy 40.00:  20%|██        | 2/10 [00:04<00:11,  1.49s/it]
Task 18, Epoch 3/10 => Loss 4.733, Train_accy 40.00:  30%|███       | 3/10 [00:04<00:10,  1.50s/it]
Task 18, Epoch 4/10 => Loss 4.179, Train_accy 40.00:  30%|███       | 3/10 [00:05<00:10,  1.50s/it]
Task 18, Epoch 4/10 => Loss 4.179, Train_accy 40.00:  40%|████      | 4/10 [00:05<00:08,  1.50s/it]
Task 18, Epoch 5/10 => Loss 4.065, Train_accy 20.00:  40%|████      | 4/10 [00:07<00:08,  1.50s/it]
Task 18, Epoch 5/10 => Loss 4.065, Train_accy 20.00:  50%|█████     | 5/10 [00:07<00:07,  1.50s/it]
Task 18, Epoch 6/10 => Loss 3.902, Train_accy 40.00:  50%|█████     | 5/10 [00:08<00:07,  1.50s/it]
Task 18, Epoch 6/10 => Loss 3.902, Train_accy 40.00:  60%|██████    | 6/10 [00:08<00:05,  1.49s/it]
Task 18, Epoch 7/10 => Loss 3.874, Train_accy 40.00:  60%|██████    | 6/10 [00:10<00:05,  1.49s/it]
Task 18, Epoch 7/10 => Loss 3.874, Train_accy 40.00:  70%|███████   | 7/10 [00:10<00:04,  1.49s/it]
Task 18, Epoch 8/10 => Loss 3.550, Train_accy 30.00:  70%|███████   | 7/10 [00:11<00:04,  1.49s/it]
Task 18, Epoch 8/10 => Loss 3.550, Train_accy 30.00:  80%|████████  | 8/10 [00:11<00:02,  1.49s/it]
Task 18, Epoch 9/10 => Loss 3.402, Train_accy 50.00:  80%|████████  | 8/10 [00:13<00:02,  1.49s/it]
Task 18, Epoch 9/10 => Loss 3.402, Train_accy 50.00:  90%|█████████ | 9/10 [00:13<00:01,  1.49s/it]
Task 18, Epoch 10/10 => Loss 2.906, Train_accy 50.00:  90%|█████████ | 9/10 [00:14<00:01,  1.49s/it]
Task 18, Epoch 10/10 => Loss 2.906, Train_accy 50.00: 100%|██████████| 10/10 [00:14<00:00,  1.49s/it]
Task 18, Epoch 10/10 => Loss 2.906, Train_accy 50.00: 100%|██████████| 10/10 [00:14<00:00,  1.49s/it]
2026-01-03 00:43:41,996 [inflora.py] => Task 18, Epoch 10/10 => Loss 2.906, Train_accy 50.00
Threshold:  0.9928571428571429
Layer 1 - Projection Matrix shape: torch.Size([768, 768])
Layer 2 - Projection Matrix shape: torch.Size([768, 768])
Layer 3 - Projection Matrix shape: torch.Size([768, 768])
Layer 4 - Projection Matrix shape: torch.Size([768, 768])
Layer 5 - Projection Matrix shape: torch.Size([768, 768])
Layer 6 - Projection Matrix shape: torch.Size([768, 768])
Layer 7 - Projection Matrix shape: torch.Size([768, 768])
Layer 8 - Projection Matrix shape: torch.Size([768, 768])
Layer 9 - Projection Matrix shape: torch.Size([768, 768])
Layer 10 - Projection Matrix shape: torch.Size([768, 768])
Layer 11 - Projection Matrix shape: torch.Size([768, 768])
Layer 12 - Projection Matrix shape: torch.Size([768, 768])
2026-01-03 00:44:25,320 [inflora.py] => Exemplar size: 0
2026-01-03 00:44:25,320 [trainer.py] => CNN: {'total': 61.16, '00-59': 97.78, '60-61': 0.0, '62-63': 0.0, '64-65': 0.0, '66-67': 1.5, '68-69': 0.0, '70-71': 0.5, '72-73': 0.0, '74-75': 0.0, '76-77': 0.0, '78-79': 0.0, '80-81': 0.0, '82-83': 0.0, '84-85': 0.0, '86-87': 0.0, '88-89': 0.0, '90-91': 0.0, '92-93': 0.0, '94-95': 0.0, '96-97': 90.0, '98-99': 90.0, 'old': 62.46, 'new': 0.0}
2026-01-03 00:44:25,320 [trainer.py] => CNN top1 curve: [98.08, 94.94, 91.88, 89.11, 86.59, 84.06, 81.71, 79.47, 77.38, 75.33, 73.45, 71.65, 69.92, 68.28, 66.73, 65.23, 63.82, 62.46, 61.16]
2026-01-03 00:44:25,320 [trainer.py] => Average Accuracy (CNN): 76.91
2026-01-03 00:44:25,326 [trainer.py] => All params: 101082305
2026-01-03 00:44:25,331 [trainer.py] => Trainable params: 230460
2026-01-03 00:44:25,332 [inflora.py] => Learning on 96-98

  0%|          | 0/10 [00:00<?, ?it/s]
Task 19, Epoch 1/10 => Loss 7.960, Train_accy 0.00:   0%|          | 0/10 [00:01<?, ?it/s]
Task 19, Epoch 1/10 => Loss 7.960, Train_accy 0.00:  10%|█         | 1/10 [00:01<00:13,  1.48s/it]
Task 19, Epoch 2/10 => Loss 7.735, Train_accy 0.00:  10%|█         | 1/10 [00:02<00:13,  1.48s/it]
Task 19, Epoch 2/10 => Loss 7.735, Train_accy 0.00:  20%|██        | 2/10 [00:02<00:11,  1.48s/it]
Task 19, Epoch 3/10 => Loss 6.785, Train_accy 0.00:  20%|██        | 2/10 [00:04<00:11,  1.48s/it]
Task 19, Epoch 3/10 => Loss 6.785, Train_accy 0.00:  30%|███       | 3/10 [00:04<00:10,  1.47s/it]
Task 19, Epoch 4/10 => Loss 6.220, Train_accy 0.00:  30%|███       | 3/10 [00:05<00:10,  1.47s/it]
Task 19, Epoch 4/10 => Loss 6.220, Train_accy 0.00:  40%|████      | 4/10 [00:05<00:08,  1.48s/it]
Task 19, Epoch 5/10 => Loss 6.761, Train_accy 0.00:  40%|████      | 4/10 [00:07<00:08,  1.48s/it]
Task 19, Epoch 5/10 => Loss 6.761, Train_accy 0.00:  50%|█████     | 5/10 [00:07<00:07,  1.48s/it]
Task 19, Epoch 6/10 => Loss 6.930, Train_accy 0.00:  50%|█████     | 5/10 [00:08<00:07,  1.48s/it]
Task 19, Epoch 6/10 => Loss 6.930, Train_accy 0.00:  60%|██████    | 6/10 [00:08<00:05,  1.48s/it]
Task 19, Epoch 7/10 => Loss 6.003, Train_accy 0.00:  60%|██████    | 6/10 [00:10<00:05,  1.48s/it]
Task 19, Epoch 7/10 => Loss 6.003, Train_accy 0.00:  70%|███████   | 7/10 [00:10<00:04,  1.48s/it]
Task 19, Epoch 8/10 => Loss 5.664, Train_accy 0.00:  70%|███████   | 7/10 [00:11<00:04,  1.48s/it]
Task 19, Epoch 8/10 => Loss 5.664, Train_accy 0.00:  80%|████████  | 8/10 [00:11<00:02,  1.49s/it]
Task 19, Epoch 9/10 => Loss 5.864, Train_accy 0.00:  80%|████████  | 8/10 [00:13<00:02,  1.49s/it]
Task 19, Epoch 9/10 => Loss 5.864, Train_accy 0.00:  90%|█████████ | 9/10 [00:13<00:01,  1.49s/it]
Task 19, Epoch 10/10 => Loss 5.481, Train_accy 0.00:  90%|█████████ | 9/10 [00:14<00:01,  1.49s/it]
Task 19, Epoch 10/10 => Loss 5.481, Train_accy 0.00: 100%|██████████| 10/10 [00:14<00:00,  1.49s/it]
Task 19, Epoch 10/10 => Loss 5.481, Train_accy 0.00: 100%|██████████| 10/10 [00:14<00:00,  1.49s/it]
2026-01-03 00:44:43,026 [inflora.py] => Task 19, Epoch 10/10 => Loss 5.481, Train_accy 0.00
Threshold:  0.9952380952380953
Layer 1 - Projection Matrix shape: torch.Size([768, 768])
Layer 2 - Projection Matrix shape: torch.Size([768, 768])
Layer 3 - Projection Matrix shape: torch.Size([768, 768])
Layer 4 - Projection Matrix shape: torch.Size([768, 768])
Layer 5 - Projection Matrix shape: torch.Size([768, 768])
Layer 6 - Projection Matrix shape: torch.Size([768, 768])
Layer 7 - Projection Matrix shape: torch.Size([768, 768])
Layer 8 - Projection Matrix shape: torch.Size([768, 768])
Layer 9 - Projection Matrix shape: torch.Size([768, 768])
Layer 10 - Projection Matrix shape: torch.Size([768, 768])
Layer 11 - Projection Matrix shape: torch.Size([768, 768])
Layer 12 - Projection Matrix shape: torch.Size([768, 768])
2026-01-03 00:45:27,250 [inflora.py] => Exemplar size: 0
2026-01-03 00:45:27,250 [trainer.py] => CNN: {'total': 59.91, '00-59': 97.78, '60-61': 0.0, '62-63': 0.0, '64-65': 0.0, '66-67': 1.5, '68-69': 0.0, '70-71': 0.5, '72-73': 0.0, '74-75': 0.0, '76-77': 0.0, '78-79': 0.0, '80-81': 0.0, '82-83': 0.0, '84-85': 0.0, '86-87': 0.0, '88-89': 0.0, '90-91': 0.0, '92-93': 0.0, '94-95': 0.0, '96-97': 0.0, '98-99': 100.0, 'old': 61.16, 'new': 0.0}
2026-01-03 00:45:27,251 [trainer.py] => CNN top1 curve: [98.08, 94.94, 91.88, 89.11, 86.59, 84.06, 81.71, 79.47, 77.38, 75.33, 73.45, 71.65, 69.92, 68.28, 66.73, 65.23, 63.82, 62.46, 61.16, 59.91]
2026-01-03 00:45:27,251 [trainer.py] => Average Accuracy (CNN): 76.06
2026-01-03 00:45:27,258 [trainer.py] => All params: 101082305
2026-01-03 00:45:27,265 [trainer.py] => Trainable params: 230460
2026-01-03 00:45:27,265 [inflora.py] => Learning on 98-100

  0%|          | 0/10 [00:00<?, ?it/s]
Task 20, Epoch 1/10 => Loss 6.417, Train_accy 0.00:   0%|          | 0/10 [00:01<?, ?it/s]
Task 20, Epoch 1/10 => Loss 6.417, Train_accy 0.00:  10%|█         | 1/10 [00:01<00:13,  1.50s/it]
Task 20, Epoch 2/10 => Loss 6.533, Train_accy 0.00:  10%|█         | 1/10 [00:03<00:13,  1.50s/it]
Task 20, Epoch 2/10 => Loss 6.533, Train_accy 0.00:  20%|██        | 2/10 [00:03<00:12,  1.50s/it]
Task 20, Epoch 3/10 => Loss 6.481, Train_accy 0.00:  20%|██        | 2/10 [00:04<00:12,  1.50s/it]
Task 20, Epoch 3/10 => Loss 6.481, Train_accy 0.00:  30%|███       | 3/10 [00:04<00:10,  1.50s/it]
Task 20, Epoch 4/10 => Loss 5.977, Train_accy 10.00:  30%|███       | 3/10 [00:05<00:10,  1.50s/it]
Task 20, Epoch 4/10 => Loss 5.977, Train_accy 10.00:  40%|████      | 4/10 [00:05<00:08,  1.49s/it]
Task 20, Epoch 5/10 => Loss 5.798, Train_accy 10.00:  40%|████      | 4/10 [00:07<00:08,  1.49s/it]
Task 20, Epoch 5/10 => Loss 5.798, Train_accy 10.00:  50%|█████     | 5/10 [00:07<00:07,  1.50s/it]
Task 20, Epoch 6/10 => Loss 5.336, Train_accy 0.00:  50%|█████     | 5/10 [00:08<00:07,  1.50s/it] 
Task 20, Epoch 6/10 => Loss 5.336, Train_accy 0.00:  60%|██████    | 6/10 [00:08<00:05,  1.49s/it]
Task 20, Epoch 7/10 => Loss 5.456, Train_accy 10.00:  60%|██████    | 6/10 [00:10<00:05,  1.49s/it]
Task 20, Epoch 7/10 => Loss 5.456, Train_accy 10.00:  70%|███████   | 7/10 [00:10<00:04,  1.49s/it]
Task 20, Epoch 8/10 => Loss 5.299, Train_accy 0.00:  70%|███████   | 7/10 [00:11<00:04,  1.49s/it] 
Task 20, Epoch 8/10 => Loss 5.299, Train_accy 0.00:  80%|████████  | 8/10 [00:11<00:02,  1.48s/it]
Task 20, Epoch 9/10 => Loss 5.186, Train_accy 0.00:  80%|████████  | 8/10 [00:13<00:02,  1.48s/it]
Task 20, Epoch 9/10 => Loss 5.186, Train_accy 0.00:  90%|█████████ | 9/10 [00:13<00:01,  1.49s/it]
Task 20, Epoch 10/10 => Loss 5.338, Train_accy 10.00:  90%|█████████ | 9/10 [00:14<00:01,  1.49s/it]
Task 20, Epoch 10/10 => Loss 5.338, Train_accy 10.00: 100%|██████████| 10/10 [00:14<00:00,  1.49s/it]
Task 20, Epoch 10/10 => Loss 5.338, Train_accy 10.00: 100%|██████████| 10/10 [00:14<00:00,  1.49s/it]
2026-01-03 00:45:45,036 [inflora.py] => Task 20, Epoch 10/10 => Loss 5.338, Train_accy 10.00
Threshold:  0.9976190476190476
Skip Updating DualGPM for layer: 1
Layer 1 - Projection Matrix shape: torch.Size([768, 768])
Layer 2 - Projection Matrix shape: torch.Size([768, 768])
Layer 3 - Projection Matrix shape: torch.Size([768, 768])
Layer 4 - Projection Matrix shape: torch.Size([768, 768])
Layer 5 - Projection Matrix shape: torch.Size([768, 768])
Layer 6 - Projection Matrix shape: torch.Size([768, 768])
Layer 7 - Projection Matrix shape: torch.Size([768, 768])
Layer 8 - Projection Matrix shape: torch.Size([768, 768])
Layer 9 - Projection Matrix shape: torch.Size([768, 768])
Layer 10 - Projection Matrix shape: torch.Size([768, 768])
Layer 11 - Projection Matrix shape: torch.Size([768, 768])
Layer 12 - Projection Matrix shape: torch.Size([768, 768])
2026-01-03 00:46:27,353 [inflora.py] => Exemplar size: 0
2026-01-03 00:46:27,354 [trainer.py] => CNN: {'total': 58.7, '00-59': 97.78, '60-61': 0.0, '62-63': 0.0, '64-65': 0.0, '66-67': 1.0, '68-69': 0.0, '70-71': 0.5, '72-73': 0.0, '74-75': 0.0, '76-77': 0.0, '78-79': 0.0, '80-81': 0.0, '82-83': 0.0, '84-85': 0.0, '86-87': 0.0, '88-89': 0.0, '90-91': 0.0, '92-93': 0.0, '94-95': 0.0, '96-97': 0.0, '98-99': 0.0, 'old': 59.9, 'new': 0.0}
2026-01-03 00:46:27,354 [trainer.py] => CNN top1 curve: [98.08, 94.94, 91.88, 89.11, 86.59, 84.06, 81.71, 79.47, 77.38, 75.33, 73.45, 71.65, 69.92, 68.28, 66.73, 65.23, 63.82, 62.46, 61.16, 59.91, 58.7]
2026-01-03 00:46:27,354 [trainer.py] => Average Accuracy (CNN): 75.23

================================================================================
Finished mini_imagenet_init60_inc2: InfLoRA  
Base Accuracy: 98.08
Last Accuracy: 58.7
Average Accuracy (Top1): 75.23
PD: 39.38
Backward Transfer (BWT): -0.16
Traceback (most recent call last):
  File "/home/team/zhaohongwei/Code/Research/Awesome-FSCIL/CIL_Model/InfLoRA-main/main.py", line 33, in <module>
    main()
  File "/home/team/zhaohongwei/Code/Research/Awesome-FSCIL/CIL_Model/InfLoRA-main/main.py", line 11, in main
    train(args)
  File "/home/team/zhaohongwei/Code/Research/Awesome-FSCIL/CIL_Model/InfLoRA-main/trainer.py", line 31, in train
    _train(args)
  File "/home/team/zhaohongwei/Code/Research/Awesome-FSCIL/CIL_Model/InfLoRA-main/trainer.py", line 116, in _train
    print("Forward Transfer (FWT):", forward_transfer(args["dataset"], np.array(cnn_matrix)))
  File "/home/team/zhaohongwei/Code/Research/Awesome-FSCIL/CIL_Model/InfLoRA-main/trainer.py", line 200, in forward_transfer
    fwt_diffs = fwt_accs - rand_init_acc_for_fwt
ValueError: operands could not be broadcast together with shapes (20,) (8,) 
logs/mini_imagenet/60_5_sip/InfLoRA/adam/10/0.95_1.0-0.0001/2025
2026-01-03 00:46:31,715 [trainer.py] => config: configs/inflora_mini_B60_Inc5.json
2026-01-03 00:46:31,715 [trainer.py] => device: [device(type='cuda', index=1)]
2026-01-03 00:46:31,715 [trainer.py] => prefix: reproduce
2026-01-03 00:46:31,715 [trainer.py] => dataset: mini_imagenet
2026-01-03 00:46:31,715 [trainer.py] => data_path: data/
2026-01-03 00:46:31,715 [trainer.py] => memory_size: 0
2026-01-03 00:46:31,715 [trainer.py] => memory_per_class: 0
2026-01-03 00:46:31,715 [trainer.py] => fixed_memory: True
2026-01-03 00:46:31,715 [trainer.py] => shuffle: True
2026-01-03 00:46:31,715 [trainer.py] => init_cls: 60
2026-01-03 00:46:31,715 [trainer.py] => increment: 5
2026-01-03 00:46:31,715 [trainer.py] => model_name: InfLoRA
2026-01-03 00:46:31,715 [trainer.py] => net_type: sip
2026-01-03 00:46:31,715 [trainer.py] => embd_dim: 768
2026-01-03 00:46:31,715 [trainer.py] => num_heads: 12
2026-01-03 00:46:31,715 [trainer.py] => total_sessions: 11
2026-01-03 00:46:31,715 [trainer.py] => seed: 2025
2026-01-03 00:46:31,715 [trainer.py] => kshot: 5
2026-01-03 00:46:31,715 [trainer.py] => EPSILON: 1e-08
2026-01-03 00:46:31,716 [trainer.py] => init_epoch: 20
2026-01-03 00:46:31,716 [trainer.py] => optim: adam
2026-01-03 00:46:31,716 [trainer.py] => init_lr: 0.0001
2026-01-03 00:46:31,716 [trainer.py] => init_lr_decay: 0.1
2026-01-03 00:46:31,716 [trainer.py] => init_weight_decay: 0.0
2026-01-03 00:46:31,716 [trainer.py] => epochs: 10
2026-01-03 00:46:31,716 [trainer.py] => lrate: 0.0001
2026-01-03 00:46:31,716 [trainer.py] => lrate_decay: 0.1
2026-01-03 00:46:31,716 [trainer.py] => batch_size: 128
2026-01-03 00:46:31,716 [trainer.py] => weight_decay: 0.0
2026-01-03 00:46:31,716 [trainer.py] => rank: 10
2026-01-03 00:46:31,716 [trainer.py] => lamb: 0.95
2026-01-03 00:46:31,716 [trainer.py] => lame: 1.0
2026-01-03 00:46:31,716 [trainer.py] => num_workers: 16
2026-01-03 00:46:31,716 [trainer.py] => gpu_models: ['NVIDIA A40']
2026-01-03 00:46:31,849 [data_manager.py] => [49, 77, 61, 69, 6, 95, 68, 19, 2, 5, 96, 89, 57, 63, 72, 99, 59, 1, 79, 20, 26, 47, 46, 48, 92, 29, 0, 14, 30, 43, 74, 97, 11, 86, 35, 28, 4, 58, 90, 51, 85, 44, 60, 71, 34, 91, 9, 18, 21, 39, 81, 54, 8, 50, 15, 24, 88, 87, 38, 7, 56, 65, 37, 55, 80, 66, 52, 31, 70, 53, 42, 36, 41, 13, 27, 73, 33, 93, 45, 75, 17, 25, 3, 64, 16, 84, 23, 40, 78, 10, 22, 32, 12, 83, 67, 76, 98, 82, 94, 62]
2026-01-03 00:46:33,642 [trainer.py] => All params: 96473105
2026-01-03 00:46:33,645 [trainer.py] => Trainable params: 96473105
2026-01-03 00:46:33,645 [inflora.py] => Learning on 0-60

  0%|          | 0/20 [00:00<?, ?it/s]
Task 0, Epoch 1/20 => Loss 2.072, Train_accy 53.79:   0%|          | 0/20 [03:27<?, ?it/s]
Task 0, Epoch 1/20 => Loss 2.072, Train_accy 53.79:   5%|▌         | 1/20 [03:27<1:05:37, 207.21s/it]
Task 0, Epoch 2/20 => Loss 0.548, Train_accy 86.03:   5%|▌         | 1/20 [06:55<1:05:37, 207.21s/it]
Task 0, Epoch 2/20 => Loss 0.548, Train_accy 86.03:  10%|█         | 2/20 [06:55<1:02:17, 207.62s/it]
Task 0, Epoch 3/20 => Loss 0.417, Train_accy 88.83:  10%|█         | 2/20 [10:21<1:02:17, 207.62s/it]
Task 0, Epoch 3/20 => Loss 0.417, Train_accy 88.83:  15%|█▌        | 3/20 [10:21<58:38, 206.94s/it]  
Task 0, Epoch 4/20 => Loss 0.341, Train_accy 90.67:  15%|█▌        | 3/20 [13:48<58:38, 206.94s/it]
Task 0, Epoch 4/20 => Loss 0.341, Train_accy 90.67:  20%|██        | 4/20 [13:48<55:11, 206.98s/it]
Task 0, Epoch 5/20 => Loss 0.314, Train_accy 91.35:  20%|██        | 4/20 [17:15<55:11, 206.98s/it]
Task 0, Epoch 5/20 => Loss 0.314, Train_accy 91.35:  25%|██▌       | 5/20 [17:15<51:45, 207.05s/it]
Task 0, Epoch 6/20 => Loss 0.285, Train_accy 92.08:  25%|██▌       | 5/20 [20:41<51:45, 207.05s/it]
Task 0, Epoch 6/20 => Loss 0.285, Train_accy 92.08:  30%|███       | 6/20 [20:41<48:14, 206.75s/it]
Task 0, Epoch 7/20 => Loss 0.266, Train_accy 92.43:  30%|███       | 6/20 [24:08<48:14, 206.75s/it]
Task 0, Epoch 7/20 => Loss 0.266, Train_accy 92.43:  35%|███▌      | 7/20 [24:08<44:49, 206.87s/it]
Task 0, Epoch 8/20 => Loss 0.264, Train_accy 92.59:  35%|███▌      | 7/20 [27:34<44:49, 206.87s/it]
Task 0, Epoch 8/20 => Loss 0.264, Train_accy 92.59:  40%|████      | 8/20 [27:34<41:19, 206.62s/it]
Task 0, Epoch 9/20 => Loss 0.253, Train_accy 92.77:  40%|████      | 8/20 [31:00<41:19, 206.62s/it]
Task 0, Epoch 9/20 => Loss 0.253, Train_accy 92.77:  45%|████▌     | 9/20 [31:00<37:47, 206.18s/it]
Task 0, Epoch 10/20 => Loss 0.238, Train_accy 93.09:  45%|████▌     | 9/20 [34:25<37:47, 206.18s/it]
Task 0, Epoch 10/20 => Loss 0.238, Train_accy 93.09:  50%|█████     | 10/20 [34:25<34:20, 206.08s/it]
Task 0, Epoch 11/20 => Loss 0.229, Train_accy 93.39:  50%|█████     | 10/20 [37:51<34:20, 206.08s/it]
Task 0, Epoch 11/20 => Loss 0.229, Train_accy 93.39:  55%|█████▌    | 11/20 [37:51<30:53, 205.99s/it]
Task 0, Epoch 12/20 => Loss 0.228, Train_accy 93.44:  55%|█████▌    | 11/20 [41:17<30:53, 205.99s/it]
Task 0, Epoch 12/20 => Loss 0.228, Train_accy 93.44:  60%|██████    | 12/20 [41:17<27:26, 205.87s/it]
Task 0, Epoch 13/20 => Loss 0.226, Train_accy 93.46:  60%|██████    | 12/20 [44:43<27:26, 205.87s/it]
Task 0, Epoch 13/20 => Loss 0.226, Train_accy 93.46:  65%|██████▌   | 13/20 [44:43<24:00, 205.85s/it]
Task 0, Epoch 14/20 => Loss 0.212, Train_accy 93.81:  65%|██████▌   | 13/20 [48:09<24:00, 205.85s/it]
Task 0, Epoch 14/20 => Loss 0.212, Train_accy 93.81:  70%|███████   | 14/20 [48:09<20:35, 205.89s/it]
Task 0, Epoch 15/20 => Loss 0.210, Train_accy 93.82:  70%|███████   | 14/20 [51:34<20:35, 205.89s/it]
Task 0, Epoch 15/20 => Loss 0.210, Train_accy 93.82:  75%|███████▌  | 15/20 [51:34<17:08, 205.67s/it]
Task 0, Epoch 16/20 => Loss 0.211, Train_accy 93.81:  75%|███████▌  | 15/20 [54:59<17:08, 205.67s/it]
Task 0, Epoch 16/20 => Loss 0.211, Train_accy 93.81:  80%|████████  | 16/20 [54:59<13:42, 205.58s/it]
Task 0, Epoch 17/20 => Loss 0.203, Train_accy 94.06:  80%|████████  | 16/20 [58:26<13:42, 205.58s/it]
Task 0, Epoch 17/20 => Loss 0.203, Train_accy 94.06:  85%|████████▌ | 17/20 [58:26<10:17, 205.82s/it]
Task 0, Epoch 18/20 => Loss 0.204, Train_accy 94.16:  85%|████████▌ | 17/20 [1:01:51<10:17, 205.82s/it]
Task 0, Epoch 18/20 => Loss 0.204, Train_accy 94.16:  90%|█████████ | 18/20 [1:01:51<06:51, 205.74s/it]
Task 0, Epoch 19/20 => Loss 0.203, Train_accy 94.01:  90%|█████████ | 18/20 [1:05:17<06:51, 205.74s/it]
Task 0, Epoch 19/20 => Loss 0.203, Train_accy 94.01:  95%|█████████▌| 19/20 [1:05:17<03:25, 205.71s/it]
Task 0, Epoch 20/20 => Loss 0.207, Train_accy 93.93:  95%|█████████▌| 19/20 [1:08:43<03:25, 205.71s/it]
Task 0, Epoch 20/20 => Loss 0.207, Train_accy 93.93: 100%|██████████| 20/20 [1:08:43<00:00, 205.80s/it]
Task 0, Epoch 20/20 => Loss 0.207, Train_accy 93.93: 100%|██████████| 20/20 [1:08:43<00:00, 206.16s/it]
2026-01-03 01:56:57,249 [inflora.py] => Task 0, Epoch 20/20 => Loss 0.207, Train_accy 93.93
Threshold:  0.95
Layer 1 - Projection Matrix shape: torch.Size([768, 768])
Layer 2 - Projection Matrix shape: torch.Size([768, 768])
Layer 3 - Projection Matrix shape: torch.Size([768, 768])
Layer 4 - Projection Matrix shape: torch.Size([768, 768])
Layer 5 - Projection Matrix shape: torch.Size([768, 768])
Layer 6 - Projection Matrix shape: torch.Size([768, 768])
Layer 7 - Projection Matrix shape: torch.Size([768, 768])
Layer 8 - Projection Matrix shape: torch.Size([768, 768])
Layer 9 - Projection Matrix shape: torch.Size([768, 768])
Layer 10 - Projection Matrix shape: torch.Size([768, 768])
Layer 11 - Projection Matrix shape: torch.Size([768, 768])
Layer 12 - Projection Matrix shape: torch.Size([768, 768])
2026-01-03 02:00:37,958 [inflora.py] => Exemplar size: 0
2026-01-03 02:00:37,958 [trainer.py] => CNN: {'total': 97.95, '00-59': 97.95, '60-64': 88.0, '65-69': 100.0, '70-74': 88.0, '75-79': 100.0, '80-84': 96.0, '85-89': 96.0, '90-94': 88.0, '95-99': 96.0, 'old': 0, 'new': 97.95}
2026-01-03 02:00:37,959 [trainer.py] => CNN top1 curve: [97.95]
2026-01-03 02:00:37,959 [trainer.py] => Average Accuracy (CNN): 97.95
2026-01-03 02:00:37,962 [trainer.py] => All params: 96473105
2026-01-03 02:00:37,965 [trainer.py] => Trainable params: 230460
2026-01-03 02:00:37,965 [inflora.py] => Learning on 60-65

  0%|          | 0/10 [00:00<?, ?it/s]
Task 1, Epoch 1/10 => Loss 5.519, Train_accy 8.00:   0%|          | 0/10 [00:01<?, ?it/s]
Task 1, Epoch 1/10 => Loss 5.519, Train_accy 8.00:  10%|█         | 1/10 [00:01<00:10,  1.19s/it]
Task 1, Epoch 2/10 => Loss 4.866, Train_accy 8.00:  10%|█         | 1/10 [00:02<00:10,  1.19s/it]
Task 1, Epoch 2/10 => Loss 4.866, Train_accy 8.00:  20%|██        | 2/10 [00:02<00:09,  1.20s/it]
Task 1, Epoch 3/10 => Loss 5.097, Train_accy 0.00:  20%|██        | 2/10 [00:03<00:09,  1.20s/it]
Task 1, Epoch 3/10 => Loss 5.097, Train_accy 0.00:  30%|███       | 3/10 [00:03<00:08,  1.19s/it]
Task 1, Epoch 4/10 => Loss 4.947, Train_accy 4.00:  30%|███       | 3/10 [00:04<00:08,  1.19s/it]
Task 1, Epoch 4/10 => Loss 4.947, Train_accy 4.00:  40%|████      | 4/10 [00:04<00:07,  1.19s/it]
Task 1, Epoch 5/10 => Loss 4.487, Train_accy 4.00:  40%|████      | 4/10 [00:05<00:07,  1.19s/it]
Task 1, Epoch 5/10 => Loss 4.487, Train_accy 4.00:  50%|█████     | 5/10 [00:05<00:05,  1.20s/it]
Task 1, Epoch 6/10 => Loss 4.153, Train_accy 4.00:  50%|█████     | 5/10 [00:07<00:05,  1.20s/it]
Task 1, Epoch 6/10 => Loss 4.153, Train_accy 4.00:  60%|██████    | 6/10 [00:07<00:04,  1.19s/it]
Task 1, Epoch 7/10 => Loss 4.364, Train_accy 4.00:  60%|██████    | 6/10 [00:08<00:04,  1.19s/it]
Task 1, Epoch 7/10 => Loss 4.364, Train_accy 4.00:  70%|███████   | 7/10 [00:08<00:03,  1.19s/it]
Task 1, Epoch 8/10 => Loss 3.914, Train_accy 12.00:  70%|███████   | 7/10 [00:09<00:03,  1.19s/it]
Task 1, Epoch 8/10 => Loss 3.914, Train_accy 12.00:  80%|████████  | 8/10 [00:09<00:02,  1.19s/it]
Task 1, Epoch 9/10 => Loss 3.884, Train_accy 8.00:  80%|████████  | 8/10 [00:10<00:02,  1.19s/it] 
Task 1, Epoch 9/10 => Loss 3.884, Train_accy 8.00:  90%|█████████ | 9/10 [00:10<00:01,  1.19s/it]
Task 1, Epoch 10/10 => Loss 3.862, Train_accy 4.00:  90%|█████████ | 9/10 [00:11<00:01,  1.19s/it]
Task 1, Epoch 10/10 => Loss 3.862, Train_accy 4.00: 100%|██████████| 10/10 [00:11<00:00,  1.19s/it]
Task 1, Epoch 10/10 => Loss 3.862, Train_accy 4.00: 100%|██████████| 10/10 [00:11<00:00,  1.19s/it]
2026-01-03 02:00:52,124 [inflora.py] => Task 1, Epoch 10/10 => Loss 3.862, Train_accy 4.00
Threshold:  0.9545454545454545
Layer 1 - Projection Matrix shape: torch.Size([768, 768])
Layer 2 - Projection Matrix shape: torch.Size([768, 768])
Layer 3 - Projection Matrix shape: torch.Size([768, 768])
Layer 4 - Projection Matrix shape: torch.Size([768, 768])
Layer 5 - Projection Matrix shape: torch.Size([768, 768])
Layer 6 - Projection Matrix shape: torch.Size([768, 768])
Layer 7 - Projection Matrix shape: torch.Size([768, 768])
Layer 8 - Projection Matrix shape: torch.Size([768, 768])
Layer 9 - Projection Matrix shape: torch.Size([768, 768])
Layer 10 - Projection Matrix shape: torch.Size([768, 768])
Layer 11 - Projection Matrix shape: torch.Size([768, 768])
Layer 12 - Projection Matrix shape: torch.Size([768, 768])
2026-01-03 02:01:25,697 [inflora.py] => Exemplar size: 0
2026-01-03 02:01:25,697 [trainer.py] => CNN: {'total': 90.38, '00-59': 97.88, '60-64': 0.4, '65-69': 96.0, '70-74': 96.0, '75-79': 96.0, '80-84': 100.0, '85-89': 100.0, '90-94': 96.0, '95-99': 92.0, 'old': 97.88, 'new': 0.4}
2026-01-03 02:01:25,698 [trainer.py] => CNN top1 curve: [97.95, 90.38]
2026-01-03 02:01:25,698 [trainer.py] => Average Accuracy (CNN): 94.16
2026-01-03 02:01:25,700 [trainer.py] => All params: 96473105
2026-01-03 02:01:25,702 [trainer.py] => Trainable params: 460920
2026-01-03 02:01:25,702 [inflora.py] => Learning on 65-70

  0%|          | 0/10 [00:00<?, ?it/s]
Task 2, Epoch 1/10 => Loss 5.126, Train_accy 4.00:   0%|          | 0/10 [00:01<?, ?it/s]
Task 2, Epoch 1/10 => Loss 5.126, Train_accy 4.00:  10%|█         | 1/10 [00:01<00:11,  1.30s/it]
Task 2, Epoch 2/10 => Loss 4.961, Train_accy 0.00:  10%|█         | 1/10 [00:02<00:11,  1.30s/it]
Task 2, Epoch 2/10 => Loss 4.961, Train_accy 0.00:  20%|██        | 2/10 [00:02<00:10,  1.31s/it]
Task 2, Epoch 3/10 => Loss 4.634, Train_accy 4.00:  20%|██        | 2/10 [00:03<00:10,  1.31s/it]
Task 2, Epoch 3/10 => Loss 4.634, Train_accy 4.00:  30%|███       | 3/10 [00:03<00:09,  1.31s/it]
Task 2, Epoch 4/10 => Loss 4.674, Train_accy 8.00:  30%|███       | 3/10 [00:05<00:09,  1.31s/it]
Task 2, Epoch 4/10 => Loss 4.674, Train_accy 8.00:  40%|████      | 4/10 [00:05<00:07,  1.31s/it]
Task 2, Epoch 5/10 => Loss 4.468, Train_accy 12.00:  40%|████      | 4/10 [00:06<00:07,  1.31s/it]
Task 2, Epoch 5/10 => Loss 4.468, Train_accy 12.00:  50%|█████     | 5/10 [00:06<00:06,  1.31s/it]
Task 2, Epoch 6/10 => Loss 4.110, Train_accy 12.00:  50%|█████     | 5/10 [00:07<00:06,  1.31s/it]
Task 2, Epoch 6/10 => Loss 4.110, Train_accy 12.00:  60%|██████    | 6/10 [00:07<00:05,  1.31s/it]
Task 2, Epoch 7/10 => Loss 3.952, Train_accy 12.00:  60%|██████    | 6/10 [00:09<00:05,  1.31s/it]
Task 2, Epoch 7/10 => Loss 3.952, Train_accy 12.00:  70%|███████   | 7/10 [00:09<00:03,  1.31s/it]
Task 2, Epoch 8/10 => Loss 3.972, Train_accy 16.00:  70%|███████   | 7/10 [00:10<00:03,  1.31s/it]
Task 2, Epoch 8/10 => Loss 3.972, Train_accy 16.00:  80%|████████  | 8/10 [00:10<00:02,  1.31s/it]
Task 2, Epoch 9/10 => Loss 4.015, Train_accy 20.00:  80%|████████  | 8/10 [00:11<00:02,  1.31s/it]
Task 2, Epoch 9/10 => Loss 4.015, Train_accy 20.00:  90%|█████████ | 9/10 [00:11<00:01,  1.31s/it]
Task 2, Epoch 10/10 => Loss 3.531, Train_accy 24.00:  90%|█████████ | 9/10 [00:13<00:01,  1.31s/it]
Task 2, Epoch 10/10 => Loss 3.531, Train_accy 24.00: 100%|██████████| 10/10 [00:13<00:00,  1.30s/it]
Task 2, Epoch 10/10 => Loss 3.531, Train_accy 24.00: 100%|██████████| 10/10 [00:13<00:00,  1.31s/it]
2026-01-03 02:01:41,306 [inflora.py] => Task 2, Epoch 10/10 => Loss 3.531, Train_accy 24.00
Threshold:  0.9590909090909091
Skip Updating DualGPM for layer: 1
Skip Updating DualGPM for layer: 2
Layer 1 - Projection Matrix shape: torch.Size([768, 768])
Layer 2 - Projection Matrix shape: torch.Size([768, 768])
Layer 3 - Projection Matrix shape: torch.Size([768, 768])
Layer 4 - Projection Matrix shape: torch.Size([768, 768])
Layer 5 - Projection Matrix shape: torch.Size([768, 768])
Layer 6 - Projection Matrix shape: torch.Size([768, 768])
Layer 7 - Projection Matrix shape: torch.Size([768, 768])
Layer 8 - Projection Matrix shape: torch.Size([768, 768])
Layer 9 - Projection Matrix shape: torch.Size([768, 768])
Layer 10 - Projection Matrix shape: torch.Size([768, 768])
Layer 11 - Projection Matrix shape: torch.Size([768, 768])
Layer 12 - Projection Matrix shape: torch.Size([768, 768])
2026-01-03 02:02:17,441 [inflora.py] => Exemplar size: 0
2026-01-03 02:02:17,441 [trainer.py] => CNN: {'total': 83.9, '00-59': 97.85, '60-64': 0.4, '65-69': 0.0, '70-74': 88.0, '75-79': 96.0, '80-84': 88.0, '85-89': 100.0, '90-94': 96.0, '95-99': 96.0, 'old': 90.35, 'new': 0.0}
2026-01-03 02:02:17,442 [trainer.py] => CNN top1 curve: [97.95, 90.38, 83.9]
2026-01-03 02:02:17,442 [trainer.py] => Average Accuracy (CNN): 90.74
2026-01-03 02:02:17,447 [trainer.py] => All params: 96473105
2026-01-03 02:02:17,451 [trainer.py] => Trainable params: 230460
2026-01-03 02:02:17,451 [inflora.py] => Learning on 70-75

  0%|          | 0/10 [00:00<?, ?it/s]
Task 3, Epoch 1/10 => Loss 5.013, Train_accy 0.00:   0%|          | 0/10 [00:01<?, ?it/s]
Task 3, Epoch 1/10 => Loss 5.013, Train_accy 0.00:  10%|█         | 1/10 [00:01<00:12,  1.39s/it]
Task 3, Epoch 2/10 => Loss 4.537, Train_accy 0.00:  10%|█         | 1/10 [00:02<00:12,  1.39s/it]
Task 3, Epoch 2/10 => Loss 4.537, Train_accy 0.00:  20%|██        | 2/10 [00:02<00:11,  1.38s/it]
Task 3, Epoch 3/10 => Loss 4.471, Train_accy 0.00:  20%|██        | 2/10 [00:04<00:11,  1.38s/it]
Task 3, Epoch 3/10 => Loss 4.471, Train_accy 0.00:  30%|███       | 3/10 [00:04<00:09,  1.38s/it]
Task 3, Epoch 4/10 => Loss 3.929, Train_accy 4.00:  30%|███       | 3/10 [00:05<00:09,  1.38s/it]
Task 3, Epoch 4/10 => Loss 3.929, Train_accy 4.00:  40%|████      | 4/10 [00:05<00:08,  1.38s/it]
Task 3, Epoch 5/10 => Loss 3.692, Train_accy 4.00:  40%|████      | 4/10 [00:06<00:08,  1.38s/it]
Task 3, Epoch 5/10 => Loss 3.692, Train_accy 4.00:  50%|█████     | 5/10 [00:06<00:06,  1.38s/it]
Task 3, Epoch 6/10 => Loss 3.582, Train_accy 8.00:  50%|█████     | 5/10 [00:08<00:06,  1.38s/it]
Task 3, Epoch 6/10 => Loss 3.582, Train_accy 8.00:  60%|██████    | 6/10 [00:08<00:05,  1.37s/it]
Task 3, Epoch 7/10 => Loss 3.440, Train_accy 8.00:  60%|██████    | 6/10 [00:09<00:05,  1.37s/it]
Task 3, Epoch 7/10 => Loss 3.440, Train_accy 8.00:  70%|███████   | 7/10 [00:09<00:04,  1.38s/it]
Task 3, Epoch 8/10 => Loss 3.067, Train_accy 20.00:  70%|███████   | 7/10 [00:11<00:04,  1.38s/it]
Task 3, Epoch 8/10 => Loss 3.067, Train_accy 20.00:  80%|████████  | 8/10 [00:11<00:02,  1.39s/it]
Task 3, Epoch 9/10 => Loss 3.311, Train_accy 4.00:  80%|████████  | 8/10 [00:12<00:02,  1.39s/it] 
Task 3, Epoch 9/10 => Loss 3.311, Train_accy 4.00:  90%|█████████ | 9/10 [00:12<00:01,  1.39s/it]
Task 3, Epoch 10/10 => Loss 3.197, Train_accy 12.00:  90%|█████████ | 9/10 [00:13<00:01,  1.39s/it]
Task 3, Epoch 10/10 => Loss 3.197, Train_accy 12.00: 100%|██████████| 10/10 [00:13<00:00,  1.39s/it]
Task 3, Epoch 10/10 => Loss 3.197, Train_accy 12.00: 100%|██████████| 10/10 [00:13<00:00,  1.39s/it]
2026-01-03 02:02:34,018 [inflora.py] => Task 3, Epoch 10/10 => Loss 3.197, Train_accy 12.00
Threshold:  0.9636363636363636
Layer 1 - Projection Matrix shape: torch.Size([768, 768])
Layer 2 - Projection Matrix shape: torch.Size([768, 768])
Layer 3 - Projection Matrix shape: torch.Size([768, 768])
Layer 4 - Projection Matrix shape: torch.Size([768, 768])
Layer 5 - Projection Matrix shape: torch.Size([768, 768])
Layer 6 - Projection Matrix shape: torch.Size([768, 768])
Layer 7 - Projection Matrix shape: torch.Size([768, 768])
Layer 8 - Projection Matrix shape: torch.Size([768, 768])
Layer 9 - Projection Matrix shape: torch.Size([768, 768])
Layer 10 - Projection Matrix shape: torch.Size([768, 768])
Layer 11 - Projection Matrix shape: torch.Size([768, 768])
Layer 12 - Projection Matrix shape: torch.Size([768, 768])
2026-01-03 02:03:11,979 [inflora.py] => Exemplar size: 0
2026-01-03 02:03:11,979 [trainer.py] => CNN: {'total': 78.27, '00-59': 97.82, '60-64': 0.2, '65-69': 0.0, '70-74': 0.0, '75-79': 96.0, '80-84': 100.0, '85-89': 96.0, '90-94': 92.0, '95-99': 92.0, 'old': 83.86, 'new': 0.0}
2026-01-03 02:03:11,979 [trainer.py] => CNN top1 curve: [97.95, 90.38, 83.9, 78.27]
2026-01-03 02:03:11,979 [trainer.py] => Average Accuracy (CNN): 87.62
2026-01-03 02:03:11,982 [trainer.py] => All params: 96473105
2026-01-03 02:03:11,985 [trainer.py] => Trainable params: 230460
2026-01-03 02:03:11,985 [inflora.py] => Learning on 75-80

  0%|          | 0/10 [00:00<?, ?it/s]
Task 4, Epoch 1/10 => Loss 5.593, Train_accy 0.00:   0%|          | 0/10 [00:01<?, ?it/s]
Task 4, Epoch 1/10 => Loss 5.593, Train_accy 0.00:  10%|█         | 1/10 [00:01<00:12,  1.44s/it]
Task 4, Epoch 2/10 => Loss 4.912, Train_accy 4.00:  10%|█         | 1/10 [00:02<00:12,  1.44s/it]
Task 4, Epoch 2/10 => Loss 4.912, Train_accy 4.00:  20%|██        | 2/10 [00:02<00:11,  1.43s/it]
Task 4, Epoch 3/10 => Loss 4.933, Train_accy 0.00:  20%|██        | 2/10 [00:04<00:11,  1.43s/it]
Task 4, Epoch 3/10 => Loss 4.933, Train_accy 0.00:  30%|███       | 3/10 [00:04<00:10,  1.44s/it]
Task 4, Epoch 4/10 => Loss 4.572, Train_accy 0.00:  30%|███       | 3/10 [00:05<00:10,  1.44s/it]
Task 4, Epoch 4/10 => Loss 4.572, Train_accy 0.00:  40%|████      | 4/10 [00:05<00:08,  1.44s/it]
Task 4, Epoch 5/10 => Loss 4.414, Train_accy 4.00:  40%|████      | 4/10 [00:07<00:08,  1.44s/it]
Task 4, Epoch 5/10 => Loss 4.414, Train_accy 4.00:  50%|█████     | 5/10 [00:07<00:07,  1.43s/it]
Task 4, Epoch 6/10 => Loss 4.294, Train_accy 8.00:  50%|█████     | 5/10 [00:08<00:07,  1.43s/it]
Task 4, Epoch 6/10 => Loss 4.294, Train_accy 8.00:  60%|██████    | 6/10 [00:08<00:05,  1.43s/it]
Task 4, Epoch 7/10 => Loss 4.320, Train_accy 8.00:  60%|██████    | 6/10 [00:10<00:05,  1.43s/it]
Task 4, Epoch 7/10 => Loss 4.320, Train_accy 8.00:  70%|███████   | 7/10 [00:10<00:04,  1.43s/it]
Task 4, Epoch 8/10 => Loss 4.211, Train_accy 12.00:  70%|███████   | 7/10 [00:11<00:04,  1.43s/it]
Task 4, Epoch 8/10 => Loss 4.211, Train_accy 12.00:  80%|████████  | 8/10 [00:11<00:02,  1.43s/it]
Task 4, Epoch 9/10 => Loss 4.045, Train_accy 8.00:  80%|████████  | 8/10 [00:12<00:02,  1.43s/it] 
Task 4, Epoch 9/10 => Loss 4.045, Train_accy 8.00:  90%|█████████ | 9/10 [00:12<00:01,  1.43s/it]
Task 4, Epoch 10/10 => Loss 3.804, Train_accy 12.00:  90%|█████████ | 9/10 [00:14<00:01,  1.43s/it]
Task 4, Epoch 10/10 => Loss 3.804, Train_accy 12.00: 100%|██████████| 10/10 [00:14<00:00,  1.43s/it]
Task 4, Epoch 10/10 => Loss 3.804, Train_accy 12.00: 100%|██████████| 10/10 [00:14<00:00,  1.43s/it]
2026-01-03 02:03:29,082 [inflora.py] => Task 4, Epoch 10/10 => Loss 3.804, Train_accy 12.00
Threshold:  0.9681818181818181
Layer 1 - Projection Matrix shape: torch.Size([768, 768])
Layer 2 - Projection Matrix shape: torch.Size([768, 768])
Layer 3 - Projection Matrix shape: torch.Size([768, 768])
Layer 4 - Projection Matrix shape: torch.Size([768, 768])
Layer 5 - Projection Matrix shape: torch.Size([768, 768])
Layer 6 - Projection Matrix shape: torch.Size([768, 768])
Layer 7 - Projection Matrix shape: torch.Size([768, 768])
Layer 8 - Projection Matrix shape: torch.Size([768, 768])
Layer 9 - Projection Matrix shape: torch.Size([768, 768])
Layer 10 - Projection Matrix shape: torch.Size([768, 768])
Layer 11 - Projection Matrix shape: torch.Size([768, 768])
Layer 12 - Projection Matrix shape: torch.Size([768, 768])
2026-01-03 02:04:09,013 [inflora.py] => Exemplar size: 0
2026-01-03 02:04:09,013 [trainer.py] => CNN: {'total': 73.38, '00-59': 97.8, '60-64': 0.4, '65-69': 0.0, '70-74': 0.0, '75-79': 0.0, '80-84': 92.0, '85-89': 100.0, '90-94': 92.0, '95-99': 84.0, 'old': 78.27, 'new': 0.0}
2026-01-03 02:04:09,013 [trainer.py] => CNN top1 curve: [97.95, 90.38, 83.9, 78.27, 73.38]
2026-01-03 02:04:09,013 [trainer.py] => Average Accuracy (CNN): 84.78
2026-01-03 02:04:09,017 [trainer.py] => All params: 96473105
2026-01-03 02:04:09,019 [trainer.py] => Trainable params: 230460
2026-01-03 02:04:09,020 [inflora.py] => Learning on 80-85

  0%|          | 0/10 [00:00<?, ?it/s]
Task 5, Epoch 1/10 => Loss 6.193, Train_accy 0.00:   0%|          | 0/10 [00:01<?, ?it/s]
Task 5, Epoch 1/10 => Loss 6.193, Train_accy 0.00:  10%|█         | 1/10 [00:01<00:13,  1.54s/it]
Task 5, Epoch 2/10 => Loss 5.633, Train_accy 0.00:  10%|█         | 1/10 [00:03<00:13,  1.54s/it]
Task 5, Epoch 2/10 => Loss 5.633, Train_accy 0.00:  20%|██        | 2/10 [00:03<00:12,  1.52s/it]
Task 5, Epoch 3/10 => Loss 5.487, Train_accy 0.00:  20%|██        | 2/10 [00:04<00:12,  1.52s/it]
Task 5, Epoch 3/10 => Loss 5.487, Train_accy 0.00:  30%|███       | 3/10 [00:04<00:10,  1.53s/it]
Task 5, Epoch 4/10 => Loss 5.352, Train_accy 0.00:  30%|███       | 3/10 [00:06<00:10,  1.53s/it]
Task 5, Epoch 4/10 => Loss 5.352, Train_accy 0.00:  40%|████      | 4/10 [00:06<00:09,  1.53s/it]
Task 5, Epoch 5/10 => Loss 5.235, Train_accy 0.00:  40%|████      | 4/10 [00:07<00:09,  1.53s/it]
Task 5, Epoch 5/10 => Loss 5.235, Train_accy 0.00:  50%|█████     | 5/10 [00:07<00:07,  1.53s/it]
Task 5, Epoch 6/10 => Loss 5.135, Train_accy 0.00:  50%|█████     | 5/10 [00:09<00:07,  1.53s/it]
Task 5, Epoch 6/10 => Loss 5.135, Train_accy 0.00:  60%|██████    | 6/10 [00:09<00:06,  1.53s/it]
Task 5, Epoch 7/10 => Loss 4.584, Train_accy 0.00:  60%|██████    | 6/10 [00:10<00:06,  1.53s/it]
Task 5, Epoch 7/10 => Loss 4.584, Train_accy 0.00:  70%|███████   | 7/10 [00:10<00:04,  1.54s/it]
Task 5, Epoch 8/10 => Loss 4.383, Train_accy 0.00:  70%|███████   | 7/10 [00:12<00:04,  1.54s/it]
Task 5, Epoch 8/10 => Loss 4.383, Train_accy 0.00:  80%|████████  | 8/10 [00:12<00:03,  1.57s/it]
Task 5, Epoch 9/10 => Loss 4.599, Train_accy 0.00:  80%|████████  | 8/10 [00:14<00:03,  1.57s/it]
Task 5, Epoch 9/10 => Loss 4.599, Train_accy 0.00:  90%|█████████ | 9/10 [00:14<00:01,  1.59s/it]
Task 5, Epoch 10/10 => Loss 4.680, Train_accy 0.00:  90%|█████████ | 9/10 [00:15<00:01,  1.59s/it]
Task 5, Epoch 10/10 => Loss 4.680, Train_accy 0.00: 100%|██████████| 10/10 [00:15<00:00,  1.61s/it]
Task 5, Epoch 10/10 => Loss 4.680, Train_accy 0.00: 100%|██████████| 10/10 [00:15<00:00,  1.57s/it]
2026-01-03 02:04:27,540 [inflora.py] => Task 5, Epoch 10/10 => Loss 4.680, Train_accy 0.00
Threshold:  0.9727272727272727
Skip Updating DualGPM for layer: 1
Skip Updating DualGPM for layer: 2
Layer 1 - Projection Matrix shape: torch.Size([768, 768])
Layer 2 - Projection Matrix shape: torch.Size([768, 768])
Layer 3 - Projection Matrix shape: torch.Size([768, 768])
Layer 4 - Projection Matrix shape: torch.Size([768, 768])
Layer 5 - Projection Matrix shape: torch.Size([768, 768])
Layer 6 - Projection Matrix shape: torch.Size([768, 768])
Layer 7 - Projection Matrix shape: torch.Size([768, 768])
Layer 8 - Projection Matrix shape: torch.Size([768, 768])
Layer 9 - Projection Matrix shape: torch.Size([768, 768])
Layer 10 - Projection Matrix shape: torch.Size([768, 768])
Layer 11 - Projection Matrix shape: torch.Size([768, 768])
Layer 12 - Projection Matrix shape: torch.Size([768, 768])
2026-01-03 02:05:08,377 [inflora.py] => Exemplar size: 0
2026-01-03 02:05:08,377 [trainer.py] => CNN: {'total': 69.05, '00-59': 97.8, '60-64': 0.2, '65-69': 0.0, '70-74': 0.0, '75-79': 0.0, '80-84': 0.0, '85-89': 100.0, '90-94': 88.0, '95-99': 96.0, 'old': 73.36, 'new': 0.0}
2026-01-03 02:05:08,377 [trainer.py] => CNN top1 curve: [97.95, 90.38, 83.9, 78.27, 73.38, 69.05]
2026-01-03 02:05:08,377 [trainer.py] => Average Accuracy (CNN): 82.16
2026-01-03 02:05:08,380 [trainer.py] => All params: 96473105
2026-01-03 02:05:08,382 [trainer.py] => Trainable params: 230460
2026-01-03 02:05:08,382 [inflora.py] => Learning on 85-90

  0%|          | 0/10 [00:00<?, ?it/s]
Task 6, Epoch 1/10 => Loss 5.646, Train_accy 0.00:   0%|          | 0/10 [00:01<?, ?it/s]
Task 6, Epoch 1/10 => Loss 5.646, Train_accy 0.00:  10%|█         | 1/10 [00:01<00:13,  1.52s/it]
Task 6, Epoch 2/10 => Loss 5.449, Train_accy 0.00:  10%|█         | 1/10 [00:03<00:13,  1.52s/it]
Task 6, Epoch 2/10 => Loss 5.449, Train_accy 0.00:  20%|██        | 2/10 [00:03<00:11,  1.50s/it]
Task 6, Epoch 3/10 => Loss 5.568, Train_accy 0.00:  20%|██        | 2/10 [00:04<00:11,  1.50s/it]
Task 6, Epoch 3/10 => Loss 5.568, Train_accy 0.00:  30%|███       | 3/10 [00:04<00:10,  1.50s/it]
Task 6, Epoch 4/10 => Loss 5.099, Train_accy 0.00:  30%|███       | 3/10 [00:06<00:10,  1.50s/it]
Task 6, Epoch 4/10 => Loss 5.099, Train_accy 0.00:  40%|████      | 4/10 [00:06<00:09,  1.51s/it]
Task 6, Epoch 5/10 => Loss 4.728, Train_accy 4.00:  40%|████      | 4/10 [00:07<00:09,  1.51s/it]
Task 6, Epoch 5/10 => Loss 4.728, Train_accy 4.00:  50%|█████     | 5/10 [00:07<00:07,  1.52s/it]
Task 6, Epoch 6/10 => Loss 4.517, Train_accy 0.00:  50%|█████     | 5/10 [00:09<00:07,  1.52s/it]
Task 6, Epoch 6/10 => Loss 4.517, Train_accy 0.00:  60%|██████    | 6/10 [00:09<00:06,  1.51s/it]
Task 6, Epoch 7/10 => Loss 4.450, Train_accy 4.00:  60%|██████    | 6/10 [00:10<00:06,  1.51s/it]
Task 6, Epoch 7/10 => Loss 4.450, Train_accy 4.00:  70%|███████   | 7/10 [00:10<00:04,  1.51s/it]
Task 6, Epoch 8/10 => Loss 4.464, Train_accy 0.00:  70%|███████   | 7/10 [00:12<00:04,  1.51s/it]
Task 6, Epoch 8/10 => Loss 4.464, Train_accy 0.00:  80%|████████  | 8/10 [00:12<00:03,  1.51s/it]
Task 6, Epoch 9/10 => Loss 4.367, Train_accy 0.00:  80%|████████  | 8/10 [00:13<00:03,  1.51s/it]
Task 6, Epoch 9/10 => Loss 4.367, Train_accy 0.00:  90%|█████████ | 9/10 [00:13<00:01,  1.50s/it]
Task 6, Epoch 10/10 => Loss 4.082, Train_accy 8.00:  90%|█████████ | 9/10 [00:15<00:01,  1.50s/it]
Task 6, Epoch 10/10 => Loss 4.082, Train_accy 8.00: 100%|██████████| 10/10 [00:15<00:00,  1.49s/it]
Task 6, Epoch 10/10 => Loss 4.082, Train_accy 8.00: 100%|██████████| 10/10 [00:15<00:00,  1.50s/it]
2026-01-03 02:05:26,216 [inflora.py] => Task 6, Epoch 10/10 => Loss 4.082, Train_accy 8.00
Threshold:  0.9772727272727273
Skip Updating DualGPM for layer: 1
Layer 1 - Projection Matrix shape: torch.Size([768, 768])
Layer 2 - Projection Matrix shape: torch.Size([768, 768])
Layer 3 - Projection Matrix shape: torch.Size([768, 768])
Layer 4 - Projection Matrix shape: torch.Size([768, 768])
Layer 5 - Projection Matrix shape: torch.Size([768, 768])
Layer 6 - Projection Matrix shape: torch.Size([768, 768])
Layer 7 - Projection Matrix shape: torch.Size([768, 768])
Layer 8 - Projection Matrix shape: torch.Size([768, 768])
Layer 9 - Projection Matrix shape: torch.Size([768, 768])
Layer 10 - Projection Matrix shape: torch.Size([768, 768])
Layer 11 - Projection Matrix shape: torch.Size([768, 768])
Layer 12 - Projection Matrix shape: torch.Size([768, 768])
2026-01-03 02:06:07,548 [inflora.py] => Exemplar size: 0
2026-01-03 02:06:07,548 [trainer.py] => CNN: {'total': 65.2, '00-59': 97.78, '60-64': 0.2, '65-69': 0.0, '70-74': 0.0, '75-79': 0.0, '80-84': 0.0, '85-89': 0.0, '90-94': 84.0, '95-99': 96.0, 'old': 69.04, 'new': 0.0}
2026-01-03 02:06:07,549 [trainer.py] => CNN top1 curve: [97.95, 90.38, 83.9, 78.27, 73.38, 69.05, 65.2]
2026-01-03 02:06:07,549 [trainer.py] => Average Accuracy (CNN): 79.73
2026-01-03 02:06:07,553 [trainer.py] => All params: 96473105
2026-01-03 02:06:07,556 [trainer.py] => Trainable params: 230460
2026-01-03 02:06:07,556 [inflora.py] => Learning on 90-95

  0%|          | 0/10 [00:00<?, ?it/s]
Task 7, Epoch 1/10 => Loss 4.993, Train_accy 8.00:   0%|          | 0/10 [00:01<?, ?it/s]
Task 7, Epoch 1/10 => Loss 4.993, Train_accy 8.00:  10%|█         | 1/10 [00:01<00:14,  1.61s/it]
Task 7, Epoch 2/10 => Loss 4.969, Train_accy 8.00:  10%|█         | 1/10 [00:03<00:14,  1.61s/it]
Task 7, Epoch 2/10 => Loss 4.969, Train_accy 8.00:  20%|██        | 2/10 [00:03<00:12,  1.59s/it]
Task 7, Epoch 3/10 => Loss 4.712, Train_accy 8.00:  20%|██        | 2/10 [00:04<00:12,  1.59s/it]
Task 7, Epoch 3/10 => Loss 4.712, Train_accy 8.00:  30%|███       | 3/10 [00:04<00:11,  1.59s/it]
Task 7, Epoch 4/10 => Loss 4.555, Train_accy 8.00:  30%|███       | 3/10 [00:06<00:11,  1.59s/it]
Task 7, Epoch 4/10 => Loss 4.555, Train_accy 8.00:  40%|████      | 4/10 [00:06<00:09,  1.59s/it]
Task 7, Epoch 5/10 => Loss 4.400, Train_accy 12.00:  40%|████      | 4/10 [00:08<00:09,  1.59s/it]
Task 7, Epoch 5/10 => Loss 4.400, Train_accy 12.00:  50%|█████     | 5/10 [00:08<00:08,  1.64s/it]
Task 7, Epoch 6/10 => Loss 4.153, Train_accy 8.00:  50%|█████     | 5/10 [00:09<00:08,  1.64s/it] 
Task 7, Epoch 6/10 => Loss 4.153, Train_accy 8.00:  60%|██████    | 6/10 [00:09<00:06,  1.68s/it]
Task 7, Epoch 7/10 => Loss 3.933, Train_accy 20.00:  60%|██████    | 6/10 [00:11<00:06,  1.68s/it]
Task 7, Epoch 7/10 => Loss 3.933, Train_accy 20.00:  70%|███████   | 7/10 [00:11<00:05,  1.70s/it]
Task 7, Epoch 8/10 => Loss 4.019, Train_accy 16.00:  70%|███████   | 7/10 [00:13<00:05,  1.70s/it]
Task 7, Epoch 8/10 => Loss 4.019, Train_accy 16.00:  80%|████████  | 8/10 [00:13<00:03,  1.70s/it]
Task 7, Epoch 9/10 => Loss 3.722, Train_accy 20.00:  80%|████████  | 8/10 [00:15<00:03,  1.70s/it]
Task 7, Epoch 9/10 => Loss 3.722, Train_accy 20.00:  90%|█████████ | 9/10 [00:15<00:01,  1.71s/it]
Task 7, Epoch 10/10 => Loss 3.504, Train_accy 20.00:  90%|█████████ | 9/10 [00:16<00:01,  1.71s/it]
Task 7, Epoch 10/10 => Loss 3.504, Train_accy 20.00: 100%|██████████| 10/10 [00:16<00:00,  1.72s/it]
Task 7, Epoch 10/10 => Loss 3.504, Train_accy 20.00: 100%|██████████| 10/10 [00:16<00:00,  1.68s/it]
2026-01-03 02:06:27,247 [inflora.py] => Task 7, Epoch 10/10 => Loss 3.504, Train_accy 20.00
Threshold:  0.9818181818181818
Layer 1 - Projection Matrix shape: torch.Size([768, 768])
Layer 2 - Projection Matrix shape: torch.Size([768, 768])
Layer 3 - Projection Matrix shape: torch.Size([768, 768])
Layer 4 - Projection Matrix shape: torch.Size([768, 768])
Layer 5 - Projection Matrix shape: torch.Size([768, 768])
Layer 6 - Projection Matrix shape: torch.Size([768, 768])
Layer 7 - Projection Matrix shape: torch.Size([768, 768])
Layer 8 - Projection Matrix shape: torch.Size([768, 768])
Layer 9 - Projection Matrix shape: torch.Size([768, 768])
Layer 10 - Projection Matrix shape: torch.Size([768, 768])
Layer 11 - Projection Matrix shape: torch.Size([768, 768])
Layer 12 - Projection Matrix shape: torch.Size([768, 768])
2026-01-03 02:07:10,414 [inflora.py] => Exemplar size: 0
2026-01-03 02:07:10,415 [trainer.py] => CNN: {'total': 61.76, '00-59': 97.77, '60-64': 0.2, '65-69': 0.0, '70-74': 0.0, '75-79': 0.0, '80-84': 0.0, '85-89': 0.0, '90-94': 0.0, '95-99': 96.0, 'old': 65.19, 'new': 0.0}
2026-01-03 02:07:10,415 [trainer.py] => CNN top1 curve: [97.95, 90.38, 83.9, 78.27, 73.38, 69.05, 65.2, 61.76]
2026-01-03 02:07:10,415 [trainer.py] => Average Accuracy (CNN): 77.49
2026-01-03 02:07:10,420 [trainer.py] => All params: 96473105
2026-01-03 02:07:10,424 [trainer.py] => Trainable params: 230460
2026-01-03 02:07:10,424 [inflora.py] => Learning on 95-100

  0%|          | 0/10 [00:00<?, ?it/s]
Task 8, Epoch 1/10 => Loss 6.781, Train_accy 0.00:   0%|          | 0/10 [00:01<?, ?it/s]
Task 8, Epoch 1/10 => Loss 6.781, Train_accy 0.00:  10%|█         | 1/10 [00:01<00:14,  1.58s/it]
Task 8, Epoch 2/10 => Loss 6.407, Train_accy 0.00:  10%|█         | 1/10 [00:03<00:14,  1.58s/it]
Task 8, Epoch 2/10 => Loss 6.407, Train_accy 0.00:  20%|██        | 2/10 [00:03<00:12,  1.59s/it]
Task 8, Epoch 3/10 => Loss 6.482, Train_accy 0.00:  20%|██        | 2/10 [00:04<00:12,  1.59s/it]
Task 8, Epoch 3/10 => Loss 6.482, Train_accy 0.00:  30%|███       | 3/10 [00:04<00:11,  1.59s/it]
Task 8, Epoch 4/10 => Loss 6.203, Train_accy 0.00:  30%|███       | 3/10 [00:06<00:11,  1.59s/it]
Task 8, Epoch 4/10 => Loss 6.203, Train_accy 0.00:  40%|████      | 4/10 [00:06<00:09,  1.59s/it]
Task 8, Epoch 5/10 => Loss 5.749, Train_accy 0.00:  40%|████      | 4/10 [00:07<00:09,  1.59s/it]
Task 8, Epoch 5/10 => Loss 5.749, Train_accy 0.00:  50%|█████     | 5/10 [00:07<00:07,  1.60s/it]
Task 8, Epoch 6/10 => Loss 5.452, Train_accy 4.00:  50%|█████     | 5/10 [00:09<00:07,  1.60s/it]
Task 8, Epoch 6/10 => Loss 5.452, Train_accy 4.00:  60%|██████    | 6/10 [00:09<00:06,  1.59s/it]
Task 8, Epoch 7/10 => Loss 5.600, Train_accy 0.00:  60%|██████    | 6/10 [00:11<00:06,  1.59s/it]
Task 8, Epoch 7/10 => Loss 5.600, Train_accy 0.00:  70%|███████   | 7/10 [00:11<00:04,  1.62s/it]
Task 8, Epoch 8/10 => Loss 5.443, Train_accy 0.00:  70%|███████   | 7/10 [00:12<00:04,  1.62s/it]
Task 8, Epoch 8/10 => Loss 5.443, Train_accy 0.00:  80%|████████  | 8/10 [00:12<00:03,  1.64s/it]
Task 8, Epoch 9/10 => Loss 5.141, Train_accy 4.00:  80%|████████  | 8/10 [00:14<00:03,  1.64s/it]
Task 8, Epoch 9/10 => Loss 5.141, Train_accy 4.00:  90%|█████████ | 9/10 [00:14<00:01,  1.67s/it]
Task 8, Epoch 10/10 => Loss 5.272, Train_accy 0.00:  90%|█████████ | 9/10 [00:16<00:01,  1.67s/it]
Task 8, Epoch 10/10 => Loss 5.272, Train_accy 0.00: 100%|██████████| 10/10 [00:16<00:00,  1.69s/it]
Task 8, Epoch 10/10 => Loss 5.272, Train_accy 0.00: 100%|██████████| 10/10 [00:16<00:00,  1.64s/it]
2026-01-03 02:07:29,673 [inflora.py] => Task 8, Epoch 10/10 => Loss 5.272, Train_accy 0.00
Threshold:  0.9863636363636363
Skip Updating DualGPM for layer: 1
Layer 1 - Projection Matrix shape: torch.Size([768, 768])
Layer 2 - Projection Matrix shape: torch.Size([768, 768])
Layer 3 - Projection Matrix shape: torch.Size([768, 768])
Layer 4 - Projection Matrix shape: torch.Size([768, 768])
Layer 5 - Projection Matrix shape: torch.Size([768, 768])
Layer 6 - Projection Matrix shape: torch.Size([768, 768])
Layer 7 - Projection Matrix shape: torch.Size([768, 768])
Layer 8 - Projection Matrix shape: torch.Size([768, 768])
Layer 9 - Projection Matrix shape: torch.Size([768, 768])
Layer 10 - Projection Matrix shape: torch.Size([768, 768])
Layer 11 - Projection Matrix shape: torch.Size([768, 768])
Layer 12 - Projection Matrix shape: torch.Size([768, 768])
2026-01-03 02:08:11,318 [inflora.py] => Exemplar size: 0
2026-01-03 02:08:11,318 [trainer.py] => CNN: {'total': 58.65, '00-59': 97.75, '60-64': 0.0, '65-69': 0.0, '70-74': 0.0, '75-79': 0.0, '80-84': 0.0, '85-89': 0.0, '90-94': 0.0, '95-99': 0.0, 'old': 61.74, 'new': 0.0}
2026-01-03 02:08:11,319 [trainer.py] => CNN top1 curve: [97.95, 90.38, 83.9, 78.27, 73.38, 69.05, 65.2, 61.76, 58.65]
2026-01-03 02:08:11,319 [trainer.py] => Average Accuracy (CNN): 75.39

================================================================================
Finished mini_imagenet_init60_inc5: InfLoRA  
Base Accuracy: 97.95
Last Accuracy: 58.65
Average Accuracy (Top1): 75.39
PD: 39.30
Backward Transfer (BWT): -0.08
Forward Transfer (FWT): 11.52
Accuracy Matrix (CNN):
[[ 97.95  88.   100.    88.   100.    96.    96.    88.    96.  ]
 [ 97.88   0.4   96.    96.    96.   100.   100.    96.    92.  ]
 [ 97.85   0.4    0.    88.    96.    88.   100.    96.    96.  ]
 [ 97.82   0.2    0.     0.    96.   100.    96.    92.    92.  ]
 [ 97.8    0.4    0.     0.     0.    92.   100.    92.    84.  ]
 [ 97.8    0.2    0.     0.     0.     0.   100.    88.    96.  ]
 [ 97.78   0.2    0.     0.     0.     0.     0.    84.    96.  ]
 [ 97.77   0.2    0.     0.     0.     0.     0.     0.    96.  ]
 [ 97.75   0.     0.     0.     0.     0.     0.     0.     0.  ]]
================================================================================



