nohup: 忽略输入
2025-12-14 10:45:02,969 [trainer.py] => config: ./scripts/l2p/l2p_cub_B100_Inc5.json
2025-12-14 10:45:02,969 [trainer.py] => prefix:  
2025-12-14 10:45:02,969 [trainer.py] => dataset: cub
2025-12-14 10:45:02,969 [trainer.py] => memory_size: 0
2025-12-14 10:45:02,969 [trainer.py] => memory_per_class: 0
2025-12-14 10:45:02,969 [trainer.py] => fixed_memory: False
2025-12-14 10:45:02,969 [trainer.py] => shuffle: True
2025-12-14 10:45:02,969 [trainer.py] => init_cls: 100
2025-12-14 10:45:02,969 [trainer.py] => increment: 5
2025-12-14 10:45:02,969 [trainer.py] => model_name: l2p
2025-12-14 10:45:02,969 [trainer.py] => backbone_type: vit_base_patch16_224_l2p
2025-12-14 10:45:02,969 [trainer.py] => get_original_backbone: True
2025-12-14 10:45:02,969 [trainer.py] => device: [device(type='cuda', index=7)]
2025-12-14 10:45:02,969 [trainer.py] => seed: 2025
2025-12-14 10:45:02,969 [trainer.py] => kshot: 5
2025-12-14 10:45:02,969 [trainer.py] => tuned_epoch: 20
2025-12-14 10:45:02,969 [trainer.py] => init_lr: 0.001875
2025-12-14 10:45:02,970 [trainer.py] => batch_size: 48
2025-12-14 10:45:02,970 [trainer.py] => weight_decay: 0
2025-12-14 10:45:02,970 [trainer.py] => min_lr: 1e-05
2025-12-14 10:45:02,970 [trainer.py] => optimizer: adam
2025-12-14 10:45:02,970 [trainer.py] => scheduler: constant
2025-12-14 10:45:02,970 [trainer.py] => reinit_optimizer: True
2025-12-14 10:45:02,970 [trainer.py] => global_pool: token
2025-12-14 10:45:02,970 [trainer.py] => head_type: prompt
2025-12-14 10:45:02,970 [trainer.py] => freeze: ['blocks', 'patch_embed', 'cls_token', 'norm', 'pos_embed']
2025-12-14 10:45:02,970 [trainer.py] => pretrained: True
2025-12-14 10:45:02,970 [trainer.py] => drop: 0.0
2025-12-14 10:45:02,970 [trainer.py] => drop_path: 0.0
2025-12-14 10:45:02,970 [trainer.py] => prompt_pool: True
2025-12-14 10:45:02,970 [trainer.py] => size: 10
2025-12-14 10:45:02,970 [trainer.py] => length: 5
2025-12-14 10:45:02,970 [trainer.py] => top_k: 5
2025-12-14 10:45:02,970 [trainer.py] => initializer: uniform
2025-12-14 10:45:02,970 [trainer.py] => prompt_key: True
2025-12-14 10:45:02,970 [trainer.py] => prompt_key_init: uniform
2025-12-14 10:45:02,970 [trainer.py] => use_prompt_mask: False
2025-12-14 10:45:02,970 [trainer.py] => shared_prompt_pool: False
2025-12-14 10:45:02,970 [trainer.py] => shared_prompt_key: False
2025-12-14 10:45:02,970 [trainer.py] => batchwise_prompt: True
2025-12-14 10:45:02,970 [trainer.py] => embedding_key: cls
2025-12-14 10:45:02,970 [trainer.py] => predefined_key: 
2025-12-14 10:45:02,970 [trainer.py] => pull_constraint: True
2025-12-14 10:45:02,970 [trainer.py] => pull_constraint_coeff: 0.1
2025-12-14 10:45:02,970 [trainer.py] => gpu_models: ['NVIDIA A40']
2025-12-14 10:45:03,008 [data_manager.py] => [30, 0, 32, 34, 5, 49, 56, 154, 143, 82, 19, 165, 58, 106, 196, 126, 178, 80, 192, 1, 44, 31, 197, 150, 132, 149, 112, 141, 54, 104, 26, 46, 20, 156, 23, 83, 47, 129, 9, 84, 187, 130, 48, 138, 191, 108, 139, 158, 4, 66, 146, 2, 113, 142, 194, 109, 102, 166, 176, 167, 162, 131, 134, 122, 107, 96, 135, 45, 93, 136, 70, 81, 51, 17, 172, 29, 71, 57, 184, 148, 179, 43, 161, 100, 182, 37, 8, 14, 180, 189, 11, 53, 6, 24, 7, 88, 175, 183, 35, 128, 75, 186, 99, 78, 123, 133, 74, 125, 120, 89, 39, 63, 155, 65, 77, 116, 171, 114, 105, 170, 12, 121, 195, 60, 185, 110, 91, 68, 198, 59, 38, 174, 87, 28, 157, 193, 86, 147, 16, 98, 36, 61, 137, 18, 21, 103, 25, 15, 118, 72, 50, 168, 152, 190, 199, 55, 181, 92, 163, 85, 69, 177, 95, 52, 159, 169, 188, 127, 79, 42, 164, 124, 41, 90, 115, 13, 27, 73, 33, 173, 119, 145, 153, 3, 117, 64, 144, 111, 101, 151, 40, 97, 10, 22, 160, 140, 67, 76, 94, 62]
2025-12-14 10:45:05,038 [vit_l2p.py] => Resized position embedding: torch.Size([1, 197, 768]) to torch.Size([1, 222, 768])
2025-12-14 10:45:05,039 [vit_l2p.py] => Position embedding grid-size from [14, 14] to (14, 14)
2025-12-14 10:45:07,000 [l2p.py] => 86,017,736 model total parameters.
2025-12-14 10:45:07,000 [l2p.py] => 199,880 model training parameters.
2025-12-14 10:45:07,001 [l2p.py] => prompt.prompt: 38400
2025-12-14 10:45:07,001 [l2p.py] => prompt.prompt_key: 7680
2025-12-14 10:45:07,001 [l2p.py] => head.weight: 153600
2025-12-14 10:45:07,001 [l2p.py] => head.bias: 200
2025-12-14 10:45:07,002 [trainer.py] => All params: 172123793
2025-12-14 10:45:07,003 [trainer.py] => Trainable params: 353481
2025-12-14 10:45:07,003 [l2p.py] => Learning on 0-100

  0%|          | 0/20 [00:00<?, ?it/s]
Task 0, Epoch 1/20 => Loss 1.757, Train_accy 58.93:   0%|          | 0/20 [00:42<?, ?it/s]
Task 0, Epoch 1/20 => Loss 1.757, Train_accy 58.93:   5%|▌         | 1/20 [00:42<13:28, 42.53s/it]
Task 0, Epoch 2/20 => Loss 0.724, Train_accy 78.54:   5%|▌         | 1/20 [02:06<13:28, 42.53s/it]
Task 0, Epoch 2/20 => Loss 0.724, Train_accy 78.54:  10%|█         | 2/20 [02:06<20:07, 67.09s/it]
Task 0, Epoch 3/20 => Loss 0.548, Train_accy 82.55:  10%|█         | 2/20 [04:07<20:07, 67.09s/it]
Task 0, Epoch 3/20 => Loss 0.548, Train_accy 82.55:  15%|█▌        | 3/20 [04:07<25:53, 91.39s/it]
Task 0, Epoch 4/20 => Loss 0.423, Train_accy 85.01:  15%|█▌        | 3/20 [06:10<25:53, 91.39s/it]
Task 0, Epoch 4/20 => Loss 0.423, Train_accy 85.01:  20%|██        | 4/20 [06:10<27:42, 103.89s/it]
Task 0, Epoch 5/20 => Loss 0.388, Train_accy 85.04, Test_accy 90.65:  20%|██        | 4/20 [08:36<27:42, 103.89s/it]
Task 0, Epoch 5/20 => Loss 0.388, Train_accy 85.04, Test_accy 90.65:  25%|██▌       | 5/20 [08:36<29:45, 119.06s/it]
Task 0, Epoch 6/20 => Loss 0.333, Train_accy 86.31:  25%|██▌       | 5/20 [10:40<29:45, 119.06s/it]                 
Task 0, Epoch 6/20 => Loss 0.333, Train_accy 86.31:  30%|███       | 6/20 [10:40<28:13, 120.98s/it]
Task 0, Epoch 7/20 => Loss 0.295, Train_accy 86.35:  30%|███       | 6/20 [12:43<28:13, 120.98s/it]
Task 0, Epoch 7/20 => Loss 0.295, Train_accy 86.35:  35%|███▌      | 7/20 [12:43<26:19, 121.50s/it]
Task 0, Epoch 8/20 => Loss 0.235, Train_accy 87.18:  35%|███▌      | 7/20 [14:49<26:19, 121.50s/it]
Task 0, Epoch 8/20 => Loss 0.235, Train_accy 87.18:  40%|████      | 8/20 [14:49<24:36, 123.08s/it]
Task 0, Epoch 9/20 => Loss 0.219, Train_accy 87.09:  40%|████      | 8/20 [17:04<24:36, 123.08s/it]
Task 0, Epoch 9/20 => Loss 0.219, Train_accy 87.09:  45%|████▌     | 9/20 [17:04<23:12, 126.56s/it]
Task 0, Epoch 10/20 => Loss 0.169, Train_accy 88.92, Test_accy 91.27:  45%|████▌     | 9/20 [19:39<23:12, 126.56s/it]
Task 0, Epoch 10/20 => Loss 0.169, Train_accy 88.92, Test_accy 91.27:  50%|█████     | 10/20 [19:39<22:33, 135.35s/it]
Task 0, Epoch 11/20 => Loss 0.164, Train_accy 88.98:  50%|█████     | 10/20 [21:52<22:33, 135.35s/it]                 
Task 0, Epoch 11/20 => Loss 0.164, Train_accy 88.98:  55%|█████▌    | 11/20 [21:52<20:12, 134.78s/it]
Task 0, Epoch 12/20 => Loss 0.177, Train_accy 88.60:  55%|█████▌    | 11/20 [24:06<20:12, 134.78s/it]
Task 0, Epoch 12/20 => Loss 0.177, Train_accy 88.60:  60%|██████    | 12/20 [24:06<17:56, 134.53s/it]
Task 0, Epoch 13/20 => Loss 0.113, Train_accy 90.62:  60%|██████    | 12/20 [26:20<17:56, 134.53s/it]
Task 0, Epoch 13/20 => Loss 0.113, Train_accy 90.62:  65%|██████▌   | 13/20 [26:20<15:39, 134.24s/it]
Task 0, Epoch 14/20 => Loss 0.094, Train_accy 90.38:  65%|██████▌   | 13/20 [28:34<15:39, 134.24s/it]
Task 0, Epoch 14/20 => Loss 0.094, Train_accy 90.38:  70%|███████   | 14/20 [28:34<13:24, 134.13s/it]
Task 0, Epoch 15/20 => Loss 0.137, Train_accy 89.83, Test_accy 91.89:  70%|███████   | 14/20 [31:08<13:24, 134.13s/it]
Task 0, Epoch 15/20 => Loss 0.137, Train_accy 89.83, Test_accy 91.89:  75%|███████▌  | 15/20 [31:08<11:41, 140.39s/it]
Task 0, Epoch 16/20 => Loss 0.120, Train_accy 90.30:  75%|███████▌  | 15/20 [33:22<11:41, 140.39s/it]                 
Task 0, Epoch 16/20 => Loss 0.120, Train_accy 90.30:  80%|████████  | 16/20 [33:22<09:13, 138.36s/it]
Task 0, Epoch 17/20 => Loss 0.089, Train_accy 90.81:  80%|████████  | 16/20 [35:36<09:13, 138.36s/it]
Task 0, Epoch 17/20 => Loss 0.089, Train_accy 90.81:  85%|████████▌ | 17/20 [35:36<06:51, 137.04s/it]
Task 0, Epoch 18/20 => Loss 0.130, Train_accy 90.36:  85%|████████▌ | 17/20 [37:46<06:51, 137.04s/it]
Task 0, Epoch 18/20 => Loss 0.130, Train_accy 90.36:  90%|█████████ | 18/20 [37:46<04:29, 134.86s/it]
Task 0, Epoch 19/20 => Loss 0.083, Train_accy 90.75:  90%|█████████ | 18/20 [39:48<04:29, 134.86s/it]
Task 0, Epoch 19/20 => Loss 0.083, Train_accy 90.75:  95%|█████████▌| 19/20 [39:48<02:11, 131.11s/it]
Task 0, Epoch 20/20 => Loss 0.069, Train_accy 91.19, Test_accy 92.50:  95%|█████████▌| 19/20 [42:08<02:11, 131.11s/it]
Task 0, Epoch 20/20 => Loss 0.069, Train_accy 91.19, Test_accy 92.50: 100%|██████████| 20/20 [42:08<00:00, 133.62s/it]
Task 0, Epoch 20/20 => Loss 0.069, Train_accy 91.19, Test_accy 92.50: 100%|██████████| 20/20 [42:08<00:00, 126.41s/it]
2025-12-14 11:27:15,474 [l2p.py] => Task 0, Epoch 20/20 => Loss 0.069, Train_accy 91.19, Test_accy 92.50
2025-12-14 11:27:51,247 [trainer.py] => CNN: {'total': 92.5, '00-99': 92.5, '100-104': 84.0, '105-109': 92.0, '110-114': 76.0, '115-119': 80.0, '120-124': 88.0, '125-129': 84.0, '130-134': 84.0, '135-139': 100.0, '140-144': 68.0, '145-149': 88.0, '150-154': 72.0, '155-159': 96.0, '160-164': 88.0, '165-169': 72.0, '170-174': 84.0, '175-179': 92.0, '180-184': 88.0, '185-189': 84.0, '190-194': 96.0, '195-199': 88.0, 'old': 0, 'new': 92.5}
2025-12-14 11:27:51,247 [trainer.py] => CNN top1 curve: [92.5]
2025-12-14 11:27:51,247 [trainer.py] => Average Accuracy (CNN): 92.5 

2025-12-14 11:27:51,250 [trainer.py] => All params: 172123793
2025-12-14 11:27:51,252 [trainer.py] => Trainable params: 353481
2025-12-14 11:27:51,253 [l2p.py] => Learning on 100-105

  0%|          | 0/20 [00:00<?, ?it/s]
Task 1, Epoch 1/20 => Loss 1.766, Train_accy 20.00:   0%|          | 0/20 [00:00<?, ?it/s]
Task 1, Epoch 1/20 => Loss 1.766, Train_accy 20.00:   5%|▌         | 1/20 [00:00<00:13,  1.46it/s]
Task 1, Epoch 2/20 => Loss 0.791, Train_accy 72.00:   5%|▌         | 1/20 [00:01<00:13,  1.46it/s]
Task 1, Epoch 2/20 => Loss 0.791, Train_accy 72.00:  10%|█         | 2/20 [00:01<00:12,  1.46it/s]
Task 1, Epoch 3/20 => Loss 0.339, Train_accy 88.00:  10%|█         | 2/20 [00:01<00:12,  1.46it/s]
Task 1, Epoch 3/20 => Loss 0.339, Train_accy 88.00:  15%|█▌        | 3/20 [00:01<00:11,  1.52it/s]
Task 1, Epoch 4/20 => Loss 0.151, Train_accy 96.00:  15%|█▌        | 3/20 [00:02<00:11,  1.52it/s]
Task 1, Epoch 4/20 => Loss 0.151, Train_accy 96.00:  20%|██        | 4/20 [00:02<00:11,  1.43it/s]
Task 1, Epoch 5/20 => Loss -0.169, Train_accy 100.00, Test_accy 88.25:  20%|██        | 4/20 [00:21<00:11,  1.43it/s]
Task 1, Epoch 5/20 => Loss -0.169, Train_accy 100.00, Test_accy 88.25:  25%|██▌       | 5/20 [00:21<01:50,  7.36s/it]
Task 1, Epoch 6/20 => Loss -0.176, Train_accy 100.00:  25%|██▌       | 5/20 [00:22<01:50,  7.36s/it]                 
Task 1, Epoch 6/20 => Loss -0.176, Train_accy 100.00:  30%|███       | 6/20 [00:22<01:12,  5.15s/it]
Task 1, Epoch 7/20 => Loss -0.154, Train_accy 96.00:  30%|███       | 6/20 [00:23<01:12,  5.15s/it] 
Task 1, Epoch 7/20 => Loss -0.154, Train_accy 96.00:  35%|███▌      | 7/20 [00:23<00:49,  3.80s/it]
Task 1, Epoch 8/20 => Loss -0.023, Train_accy 92.00:  35%|███▌      | 7/20 [00:24<00:49,  3.80s/it]
Task 1, Epoch 8/20 => Loss -0.023, Train_accy 92.00:  40%|████      | 8/20 [00:24<00:34,  2.90s/it]
Task 1, Epoch 9/20 => Loss -0.065, Train_accy 92.00:  40%|████      | 8/20 [00:25<00:34,  2.90s/it]
Task 1, Epoch 9/20 => Loss -0.065, Train_accy 92.00:  45%|████▌     | 9/20 [00:25<00:24,  2.27s/it]
Task 1, Epoch 10/20 => Loss -0.235, Train_accy 100.00, Test_accy 88.16:  45%|████▌     | 9/20 [00:48<00:24,  2.27s/it]
Task 1, Epoch 10/20 => Loss -0.235, Train_accy 100.00, Test_accy 88.16:  50%|█████     | 10/20 [00:48<01:25,  8.55s/it]
Task 1, Epoch 11/20 => Loss -0.235, Train_accy 100.00:  50%|█████     | 10/20 [00:49<01:25,  8.55s/it]                 
Task 1, Epoch 11/20 => Loss -0.235, Train_accy 100.00:  55%|█████▌    | 11/20 [00:49<00:56,  6.28s/it]
Task 1, Epoch 12/20 => Loss -0.184, Train_accy 100.00:  55%|█████▌    | 11/20 [00:50<00:56,  6.28s/it]
Task 1, Epoch 12/20 => Loss -0.184, Train_accy 100.00:  60%|██████    | 12/20 [00:50<00:37,  4.72s/it]
Task 1, Epoch 13/20 => Loss -0.229, Train_accy 100.00:  60%|██████    | 12/20 [00:51<00:37,  4.72s/it]
Task 1, Epoch 13/20 => Loss -0.229, Train_accy 100.00:  65%|██████▌   | 13/20 [00:51<00:25,  3.64s/it]
Task 1, Epoch 14/20 => Loss -0.195, Train_accy 100.00:  65%|██████▌   | 13/20 [00:52<00:25,  3.64s/it]
Task 1, Epoch 14/20 => Loss -0.195, Train_accy 100.00:  70%|███████   | 14/20 [00:52<00:17,  2.88s/it]
Task 1, Epoch 15/20 => Loss -0.249, Train_accy 100.00, Test_accy 88.41:  70%|███████   | 14/20 [01:12<00:17,  2.88s/it]
Task 1, Epoch 15/20 => Loss -0.249, Train_accy 100.00, Test_accy 88.41:  75%|███████▌  | 15/20 [01:12<00:40,  8.08s/it]
Task 1, Epoch 16/20 => Loss -0.270, Train_accy 100.00:  75%|███████▌  | 15/20 [01:14<00:40,  8.08s/it]                 
Task 1, Epoch 16/20 => Loss -0.270, Train_accy 100.00:  80%|████████  | 16/20 [01:14<00:23,  5.96s/it]
Task 1, Epoch 17/20 => Loss -0.166, Train_accy 96.00:  80%|████████  | 16/20 [01:15<00:23,  5.96s/it] 
Task 1, Epoch 17/20 => Loss -0.166, Train_accy 96.00:  85%|████████▌ | 17/20 [01:15<00:13,  4.50s/it]
Task 1, Epoch 18/20 => Loss -0.220, Train_accy 100.00:  85%|████████▌ | 17/20 [01:16<00:13,  4.50s/it]
Task 1, Epoch 18/20 => Loss -0.220, Train_accy 100.00:  90%|█████████ | 18/20 [01:16<00:07,  3.51s/it]
Task 1, Epoch 19/20 => Loss -0.272, Train_accy 100.00:  90%|█████████ | 18/20 [01:17<00:07,  3.51s/it]
Task 1, Epoch 19/20 => Loss -0.272, Train_accy 100.00:  95%|█████████▌| 19/20 [01:17<00:02,  2.81s/it]
Task 1, Epoch 20/20 => Loss -0.130, Train_accy 92.00, Test_accy 88.66:  95%|█████████▌| 19/20 [01:38<00:02,  2.81s/it]
Task 1, Epoch 20/20 => Loss -0.130, Train_accy 92.00, Test_accy 88.66: 100%|██████████| 20/20 [01:38<00:00,  8.22s/it]
Task 1, Epoch 20/20 => Loss -0.130, Train_accy 92.00, Test_accy 88.66: 100%|██████████| 20/20 [01:38<00:00,  4.92s/it]
2025-12-14 11:29:29,618 [l2p.py] => Task 1, Epoch 20/20 => Loss -0.130, Train_accy 92.00, Test_accy 88.66
2025-12-14 11:30:07,279 [trainer.py] => CNN: {'total': 88.66, '00-99': 92.42, '100-104': 14.04, '105-109': 92.0, '110-114': 92.0, '115-119': 84.0, '120-124': 88.0, '125-129': 72.0, '130-134': 84.0, '135-139': 96.0, '140-144': 68.0, '145-149': 88.0, '150-154': 72.0, '155-159': 92.0, '160-164': 76.0, '165-169': 80.0, '170-174': 92.0, '175-179': 88.0, '180-184': 80.0, '185-189': 76.0, '190-194': 92.0, '195-199': 92.0, 'old': 92.42, 'new': 14.04}
2025-12-14 11:30:07,279 [trainer.py] => CNN top1 curve: [92.5, 88.66]
2025-12-14 11:30:07,279 [trainer.py] => Average Accuracy (CNN): 90.58 

2025-12-14 11:30:07,282 [trainer.py] => All params: 172123793
2025-12-14 11:30:07,284 [trainer.py] => Trainable params: 353481
2025-12-14 11:30:07,284 [l2p.py] => Learning on 105-110

  0%|          | 0/20 [00:00<?, ?it/s]
Task 2, Epoch 1/20 => Loss 1.641, Train_accy 24.00:   0%|          | 0/20 [00:01<?, ?it/s]
Task 2, Epoch 1/20 => Loss 1.641, Train_accy 24.00:   5%|▌         | 1/20 [00:01<00:21,  1.11s/it]
Task 2, Epoch 2/20 => Loss 0.955, Train_accy 56.00:   5%|▌         | 1/20 [00:02<00:21,  1.11s/it]
Task 2, Epoch 2/20 => Loss 0.955, Train_accy 56.00:  10%|█         | 2/20 [00:02<00:19,  1.11s/it]
Task 2, Epoch 3/20 => Loss 0.468, Train_accy 76.00:  10%|█         | 2/20 [00:03<00:19,  1.11s/it]
Task 2, Epoch 3/20 => Loss 0.468, Train_accy 76.00:  15%|█▌        | 3/20 [00:03<00:19,  1.13s/it]
Task 2, Epoch 4/20 => Loss 0.171, Train_accy 96.00:  15%|█▌        | 3/20 [00:04<00:19,  1.13s/it]
Task 2, Epoch 4/20 => Loss 0.171, Train_accy 96.00:  20%|██        | 4/20 [00:04<00:18,  1.15s/it]
Task 2, Epoch 5/20 => Loss 0.066, Train_accy 88.00, Test_accy 84.41:  20%|██        | 4/20 [00:26<00:18,  1.15s/it]
Task 2, Epoch 5/20 => Loss 0.066, Train_accy 88.00, Test_accy 84.41:  25%|██▌       | 5/20 [00:26<02:07,  8.51s/it]
Task 2, Epoch 6/20 => Loss -0.043, Train_accy 96.00:  25%|██▌       | 5/20 [00:27<02:07,  8.51s/it]                
Task 2, Epoch 6/20 => Loss -0.043, Train_accy 96.00:  30%|███       | 6/20 [00:27<01:24,  6.05s/it]
Task 2, Epoch 7/20 => Loss -0.057, Train_accy 92.00:  30%|███       | 6/20 [00:28<01:24,  6.05s/it]
Task 2, Epoch 7/20 => Loss -0.057, Train_accy 92.00:  35%|███▌      | 7/20 [00:28<00:58,  4.49s/it]
Task 2, Epoch 8/20 => Loss -0.033, Train_accy 92.00:  35%|███▌      | 7/20 [00:29<00:58,  4.49s/it]
Task 2, Epoch 8/20 => Loss -0.033, Train_accy 92.00:  40%|████      | 8/20 [00:29<00:41,  3.45s/it]
Task 2, Epoch 9/20 => Loss -0.090, Train_accy 92.00:  40%|████      | 8/20 [00:31<00:41,  3.45s/it]
Task 2, Epoch 9/20 => Loss -0.090, Train_accy 92.00:  45%|████▌     | 9/20 [00:31<00:30,  2.77s/it]
Task 2, Epoch 10/20 => Loss -0.179, Train_accy 100.00, Test_accy 84.41:  45%|████▌     | 9/20 [00:53<00:30,  2.77s/it]
Task 2, Epoch 10/20 => Loss -0.179, Train_accy 100.00, Test_accy 84.41:  50%|█████     | 10/20 [00:53<01:28,  8.85s/it]
Task 2, Epoch 11/20 => Loss -0.184, Train_accy 96.00:  50%|█████     | 10/20 [00:54<01:28,  8.85s/it]                  
Task 2, Epoch 11/20 => Loss -0.184, Train_accy 96.00:  55%|█████▌    | 11/20 [00:54<00:58,  6.49s/it]
Task 2, Epoch 12/20 => Loss -0.248, Train_accy 100.00:  55%|█████▌    | 11/20 [00:55<00:58,  6.49s/it]
Task 2, Epoch 12/20 => Loss -0.248, Train_accy 100.00:  60%|██████    | 12/20 [00:55<00:38,  4.86s/it]
Task 2, Epoch 13/20 => Loss -0.182, Train_accy 100.00:  60%|██████    | 12/20 [00:56<00:38,  4.86s/it]
Task 2, Epoch 13/20 => Loss -0.182, Train_accy 100.00:  65%|██████▌   | 13/20 [00:56<00:25,  3.64s/it]
Task 2, Epoch 14/20 => Loss -0.261, Train_accy 100.00:  65%|██████▌   | 13/20 [00:57<00:25,  3.64s/it]
Task 2, Epoch 14/20 => Loss -0.261, Train_accy 100.00:  70%|███████   | 14/20 [00:57<00:17,  2.84s/it]
Task 2, Epoch 15/20 => Loss -0.227, Train_accy 100.00, Test_accy 84.65:  70%|███████   | 14/20 [01:21<00:17,  2.84s/it]
Task 2, Epoch 15/20 => Loss -0.227, Train_accy 100.00, Test_accy 84.65:  75%|███████▌  | 15/20 [01:21<00:45,  9.06s/it]
Task 2, Epoch 16/20 => Loss -0.237, Train_accy 100.00:  75%|███████▌  | 15/20 [01:22<00:45,  9.06s/it]                 
Task 2, Epoch 16/20 => Loss -0.237, Train_accy 100.00:  80%|████████  | 16/20 [01:22<00:26,  6.67s/it]
Task 2, Epoch 17/20 => Loss -0.244, Train_accy 96.00:  80%|████████  | 16/20 [01:23<00:26,  6.67s/it] 
Task 2, Epoch 17/20 => Loss -0.244, Train_accy 96.00:  85%|████████▌ | 17/20 [01:23<00:14,  4.91s/it]
Task 2, Epoch 18/20 => Loss -0.260, Train_accy 100.00:  85%|████████▌ | 17/20 [01:24<00:14,  4.91s/it]
Task 2, Epoch 18/20 => Loss -0.260, Train_accy 100.00:  90%|█████████ | 18/20 [01:24<00:07,  3.71s/it]
Task 2, Epoch 19/20 => Loss -0.213, Train_accy 96.00:  90%|█████████ | 18/20 [01:24<00:07,  3.71s/it] 
Task 2, Epoch 19/20 => Loss -0.213, Train_accy 96.00:  95%|█████████▌| 19/20 [01:24<00:02,  2.87s/it]
Task 2, Epoch 20/20 => Loss -0.154, Train_accy 96.00, Test_accy 84.65:  95%|█████████▌| 19/20 [01:47<00:02,  2.87s/it]
Task 2, Epoch 20/20 => Loss -0.154, Train_accy 96.00, Test_accy 84.65: 100%|██████████| 20/20 [01:47<00:00,  8.65s/it]
Task 2, Epoch 20/20 => Loss -0.154, Train_accy 96.00, Test_accy 84.65: 100%|██████████| 20/20 [01:47<00:00,  5.35s/it]
2025-12-14 11:31:54,389 [l2p.py] => Task 2, Epoch 20/20 => Loss -0.154, Train_accy 96.00, Test_accy 84.65
2025-12-14 11:32:30,003 [trainer.py] => CNN: {'total': 84.65, '00-99': 92.5, '100-104': 15.79, '105-109': 1.67, '110-114': 76.0, '115-119': 92.0, '120-124': 92.0, '125-129': 64.0, '130-134': 80.0, '135-139': 92.0, '140-144': 84.0, '145-149': 84.0, '150-154': 96.0, '155-159': 92.0, '160-164': 88.0, '165-169': 72.0, '170-174': 88.0, '175-179': 100.0, '180-184': 80.0, '185-189': 76.0, '190-194': 84.0, '195-199': 84.0, 'old': 88.83, 'new': 1.67}
2025-12-14 11:32:30,003 [trainer.py] => CNN top1 curve: [92.5, 88.66, 84.65]
2025-12-14 11:32:30,004 [trainer.py] => Average Accuracy (CNN): 88.6 

2025-12-14 11:32:30,007 [trainer.py] => All params: 172123793
2025-12-14 11:32:30,009 [trainer.py] => Trainable params: 353481
2025-12-14 11:32:30,010 [l2p.py] => Learning on 110-115

  0%|          | 0/20 [00:00<?, ?it/s]
Task 3, Epoch 1/20 => Loss 1.636, Train_accy 20.00:   0%|          | 0/20 [00:00<?, ?it/s]
Task 3, Epoch 1/20 => Loss 1.636, Train_accy 20.00:   5%|▌         | 1/20 [00:00<00:18,  1.02it/s]
Task 3, Epoch 2/20 => Loss 0.966, Train_accy 44.00:   5%|▌         | 1/20 [00:01<00:18,  1.02it/s]
Task 3, Epoch 2/20 => Loss 0.966, Train_accy 44.00:  10%|█         | 2/20 [00:01<00:17,  1.02it/s]
Task 3, Epoch 3/20 => Loss 0.503, Train_accy 64.00:  10%|█         | 2/20 [00:02<00:17,  1.02it/s]
Task 3, Epoch 3/20 => Loss 0.503, Train_accy 64.00:  15%|█▌        | 3/20 [00:02<00:15,  1.08it/s]
Task 3, Epoch 4/20 => Loss 0.122, Train_accy 92.00:  15%|█▌        | 3/20 [00:03<00:15,  1.08it/s]
Task 3, Epoch 4/20 => Loss 0.122, Train_accy 92.00:  20%|██        | 4/20 [00:03<00:14,  1.09it/s]
Task 3, Epoch 5/20 => Loss 0.121, Train_accy 92.00, Test_accy 81.04:  20%|██        | 4/20 [00:27<00:14,  1.09it/s]
Task 3, Epoch 5/20 => Loss 0.121, Train_accy 92.00, Test_accy 81.04:  25%|██▌       | 5/20 [00:27<02:18,  9.21s/it]
Task 3, Epoch 6/20 => Loss 0.116, Train_accy 88.00:  25%|██▌       | 5/20 [00:28<02:18,  9.21s/it]                 
Task 3, Epoch 6/20 => Loss 0.116, Train_accy 88.00:  30%|███       | 6/20 [00:28<01:29,  6.37s/it]
Task 3, Epoch 7/20 => Loss 0.020, Train_accy 92.00:  30%|███       | 6/20 [00:29<01:29,  6.37s/it]
Task 3, Epoch 7/20 => Loss 0.020, Train_accy 92.00:  35%|███▌      | 7/20 [00:29<01:00,  4.62s/it]
Task 3, Epoch 8/20 => Loss -0.008, Train_accy 92.00:  35%|███▌      | 7/20 [00:30<01:00,  4.62s/it]
Task 3, Epoch 8/20 => Loss -0.008, Train_accy 92.00:  40%|████      | 8/20 [00:30<00:42,  3.53s/it]
Task 3, Epoch 9/20 => Loss -0.195, Train_accy 100.00:  40%|████      | 8/20 [00:31<00:42,  3.53s/it]
Task 3, Epoch 9/20 => Loss -0.195, Train_accy 100.00:  45%|████▌     | 9/20 [00:31<00:30,  2.80s/it]
Task 3, Epoch 10/20 => Loss -0.217, Train_accy 100.00, Test_accy 80.97:  45%|████▌     | 9/20 [00:54<00:30,  2.80s/it]
Task 3, Epoch 10/20 => Loss -0.217, Train_accy 100.00, Test_accy 80.97:  50%|█████     | 10/20 [00:54<01:28,  8.81s/it]
Task 3, Epoch 11/20 => Loss -0.065, Train_accy 88.00:  50%|█████     | 10/20 [00:55<01:28,  8.81s/it]                  
Task 3, Epoch 11/20 => Loss -0.065, Train_accy 88.00:  55%|█████▌    | 11/20 [00:55<00:57,  6.42s/it]
Task 3, Epoch 12/20 => Loss -0.063, Train_accy 92.00:  55%|█████▌    | 11/20 [00:56<00:57,  6.42s/it]
Task 3, Epoch 12/20 => Loss -0.063, Train_accy 92.00:  60%|██████    | 12/20 [00:56<00:39,  4.89s/it]
Task 3, Epoch 13/20 => Loss -0.106, Train_accy 96.00:  60%|██████    | 12/20 [00:57<00:39,  4.89s/it]
Task 3, Epoch 13/20 => Loss -0.106, Train_accy 96.00:  65%|██████▌   | 13/20 [00:57<00:25,  3.69s/it]
Task 3, Epoch 14/20 => Loss -0.128, Train_accy 96.00:  65%|██████▌   | 13/20 [00:58<00:25,  3.69s/it]
Task 3, Epoch 14/20 => Loss -0.128, Train_accy 96.00:  70%|███████   | 14/20 [00:58<00:17,  2.91s/it]
Task 3, Epoch 15/20 => Loss -0.115, Train_accy 92.00, Test_accy 80.97:  70%|███████   | 14/20 [01:23<00:17,  2.91s/it]
Task 3, Epoch 15/20 => Loss -0.115, Train_accy 92.00, Test_accy 80.97:  75%|███████▌  | 15/20 [01:23<00:47,  9.56s/it]
Task 3, Epoch 16/20 => Loss -0.213, Train_accy 100.00:  75%|███████▌  | 15/20 [01:24<00:47,  9.56s/it]                
Task 3, Epoch 16/20 => Loss -0.213, Train_accy 100.00:  80%|████████  | 16/20 [01:24<00:28,  7.02s/it]
Task 3, Epoch 17/20 => Loss -0.256, Train_accy 100.00:  80%|████████  | 16/20 [01:25<00:28,  7.02s/it]
Task 3, Epoch 17/20 => Loss -0.256, Train_accy 100.00:  85%|████████▌ | 17/20 [01:25<00:15,  5.25s/it]
Task 3, Epoch 18/20 => Loss -0.280, Train_accy 100.00:  85%|████████▌ | 17/20 [01:27<00:15,  5.25s/it]
Task 3, Epoch 18/20 => Loss -0.280, Train_accy 100.00:  90%|█████████ | 18/20 [01:27<00:08,  4.05s/it]
Task 3, Epoch 19/20 => Loss -0.181, Train_accy 96.00:  90%|█████████ | 18/20 [01:28<00:08,  4.05s/it] 
Task 3, Epoch 19/20 => Loss -0.181, Train_accy 96.00:  95%|█████████▌| 19/20 [01:28<00:03,  3.19s/it]
Task 3, Epoch 20/20 => Loss -0.237, Train_accy 100.00, Test_accy 81.04:  95%|█████████▌| 19/20 [01:48<00:03,  3.19s/it]
Task 3, Epoch 20/20 => Loss -0.237, Train_accy 100.00, Test_accy 81.04: 100%|██████████| 20/20 [01:48<00:00,  8.18s/it]
Task 3, Epoch 20/20 => Loss -0.237, Train_accy 100.00, Test_accy 81.04: 100%|██████████| 20/20 [01:48<00:00,  5.40s/it]
2025-12-14 11:34:18,090 [l2p.py] => Task 3, Epoch 20/20 => Loss -0.237, Train_accy 100.00, Test_accy 81.04
2025-12-14 11:34:55,847 [trainer.py] => CNN: {'total': 81.04, '00-99': 92.33, '100-104': 14.04, '105-109': 1.67, '110-114': 0.0, '115-119': 92.0, '120-124': 88.0, '125-129': 80.0, '130-134': 92.0, '135-139': 100.0, '140-144': 72.0, '145-149': 88.0, '150-154': 92.0, '155-159': 92.0, '160-164': 88.0, '165-169': 84.0, '170-174': 88.0, '175-179': 96.0, '180-184': 92.0, '185-189': 80.0, '190-194': 84.0, '195-199': 88.0, 'old': 84.41, 'new': 0.0}
2025-12-14 11:34:55,847 [trainer.py] => CNN top1 curve: [92.5, 88.66, 84.65, 81.04]
2025-12-14 11:34:55,847 [trainer.py] => Average Accuracy (CNN): 86.71 

2025-12-14 11:34:55,849 [trainer.py] => All params: 172123793
2025-12-14 11:34:55,850 [trainer.py] => Trainable params: 353481
2025-12-14 11:34:55,850 [l2p.py] => Learning on 115-120

  0%|          | 0/20 [00:00<?, ?it/s]
Task 4, Epoch 1/20 => Loss 1.446, Train_accy 36.00:   0%|          | 0/20 [00:01<?, ?it/s]
Task 4, Epoch 1/20 => Loss 1.446, Train_accy 36.00:   5%|▌         | 1/20 [00:01<00:23,  1.23s/it]
Task 4, Epoch 2/20 => Loss 0.776, Train_accy 64.00:   5%|▌         | 1/20 [00:02<00:23,  1.23s/it]
Task 4, Epoch 2/20 => Loss 0.776, Train_accy 64.00:  10%|█         | 2/20 [00:02<00:22,  1.23s/it]
Task 4, Epoch 3/20 => Loss 0.317, Train_accy 88.00:  10%|█         | 2/20 [00:03<00:22,  1.23s/it]
Task 4, Epoch 3/20 => Loss 0.317, Train_accy 88.00:  15%|█▌        | 3/20 [00:03<00:20,  1.23s/it]
Task 4, Epoch 4/20 => Loss 0.133, Train_accy 84.00:  15%|█▌        | 3/20 [00:04<00:20,  1.23s/it]
Task 4, Epoch 4/20 => Loss 0.133, Train_accy 84.00:  20%|██        | 4/20 [00:04<00:19,  1.21s/it]
Task 4, Epoch 5/20 => Loss -0.026, Train_accy 96.00, Test_accy 76.34:  20%|██        | 4/20 [00:26<00:19,  1.21s/it]
Task 4, Epoch 5/20 => Loss -0.026, Train_accy 96.00, Test_accy 76.34:  25%|██▌       | 5/20 [00:26<02:07,  8.52s/it]
Task 4, Epoch 6/20 => Loss -0.075, Train_accy 96.00:  25%|██▌       | 5/20 [00:27<02:07,  8.52s/it]                 
Task 4, Epoch 6/20 => Loss -0.075, Train_accy 96.00:  30%|███       | 6/20 [00:27<01:25,  6.07s/it]
Task 4, Epoch 7/20 => Loss -0.086, Train_accy 92.00:  30%|███       | 6/20 [00:28<01:25,  6.07s/it]
Task 4, Epoch 7/20 => Loss -0.086, Train_accy 92.00:  35%|███▌      | 7/20 [00:28<00:58,  4.49s/it]
Task 4, Epoch 8/20 => Loss -0.186, Train_accy 96.00:  35%|███▌      | 7/20 [00:30<00:58,  4.49s/it]
Task 4, Epoch 8/20 => Loss -0.186, Train_accy 96.00:  40%|████      | 8/20 [00:30<00:41,  3.46s/it]
Task 4, Epoch 9/20 => Loss -0.180, Train_accy 100.00:  40%|████      | 8/20 [00:31<00:41,  3.46s/it]
Task 4, Epoch 9/20 => Loss -0.180, Train_accy 100.00:  45%|████▌     | 9/20 [00:31<00:30,  2.73s/it]
Task 4, Epoch 10/20 => Loss -0.223, Train_accy 100.00, Test_accy 76.56:  45%|████▌     | 9/20 [00:55<00:30,  2.73s/it]
Task 4, Epoch 10/20 => Loss -0.223, Train_accy 100.00, Test_accy 76.56:  50%|█████     | 10/20 [00:55<01:33,  9.31s/it]
Task 4, Epoch 11/20 => Loss -0.180, Train_accy 96.00:  50%|█████     | 10/20 [00:56<01:33,  9.31s/it]                  
Task 4, Epoch 11/20 => Loss -0.180, Train_accy 96.00:  55%|█████▌    | 11/20 [00:56<01:01,  6.82s/it]
Task 4, Epoch 12/20 => Loss -0.019, Train_accy 92.00:  55%|█████▌    | 11/20 [00:57<01:01,  6.82s/it]
Task 4, Epoch 12/20 => Loss -0.019, Train_accy 92.00:  60%|██████    | 12/20 [00:57<00:41,  5.14s/it]
Task 4, Epoch 13/20 => Loss -0.159, Train_accy 96.00:  60%|██████    | 12/20 [00:59<00:41,  5.14s/it]
Task 4, Epoch 13/20 => Loss -0.159, Train_accy 96.00:  65%|██████▌   | 13/20 [00:59<00:27,  3.98s/it]
Task 4, Epoch 14/20 => Loss -0.251, Train_accy 100.00:  65%|██████▌   | 13/20 [01:00<00:27,  3.98s/it]
Task 4, Epoch 14/20 => Loss -0.251, Train_accy 100.00:  70%|███████   | 14/20 [01:00<00:19,  3.24s/it]
Task 4, Epoch 15/20 => Loss -0.228, Train_accy 96.00, Test_accy 76.34:  70%|███████   | 14/20 [01:24<00:19,  3.24s/it]
Task 4, Epoch 15/20 => Loss -0.228, Train_accy 96.00, Test_accy 76.34:  75%|███████▌  | 15/20 [01:24<00:47,  9.56s/it]
Task 4, Epoch 16/20 => Loss -0.220, Train_accy 100.00:  75%|███████▌  | 15/20 [01:25<00:47,  9.56s/it]                
Task 4, Epoch 16/20 => Loss -0.220, Train_accy 100.00:  80%|████████  | 16/20 [01:25<00:27,  6.99s/it]
Task 4, Epoch 17/20 => Loss -0.218, Train_accy 96.00:  80%|████████  | 16/20 [01:26<00:27,  6.99s/it] 
Task 4, Epoch 17/20 => Loss -0.218, Train_accy 96.00:  85%|████████▌ | 17/20 [01:26<00:15,  5.20s/it]
Task 4, Epoch 18/20 => Loss -0.279, Train_accy 100.00:  85%|████████▌ | 17/20 [01:27<00:15,  5.20s/it]
Task 4, Epoch 18/20 => Loss -0.279, Train_accy 100.00:  90%|█████████ | 18/20 [01:27<00:07,  3.91s/it]
Task 4, Epoch 19/20 => Loss -0.276, Train_accy 100.00:  90%|█████████ | 18/20 [01:29<00:07,  3.91s/it]
Task 4, Epoch 19/20 => Loss -0.276, Train_accy 100.00:  95%|█████████▌| 19/20 [01:29<00:03,  3.10s/it]
Task 4, Epoch 20/20 => Loss -0.231, Train_accy 96.00, Test_accy 76.34:  95%|█████████▌| 19/20 [01:55<00:03,  3.10s/it]
Task 4, Epoch 20/20 => Loss -0.231, Train_accy 96.00, Test_accy 76.34: 100%|██████████| 20/20 [01:55<00:00, 10.10s/it]
Task 4, Epoch 20/20 => Loss -0.231, Train_accy 96.00, Test_accy 76.34: 100%|██████████| 20/20 [01:55<00:00,  5.77s/it]
2025-12-14 11:36:51,334 [l2p.py] => Task 4, Epoch 20/20 => Loss -0.231, Train_accy 96.00, Test_accy 76.34
2025-12-14 11:37:27,301 [trainer.py] => CNN: {'total': 76.34, '00-99': 92.15, '100-104': 14.04, '105-109': 1.67, '110-114': 1.92, '115-119': 0.0, '120-124': 100.0, '125-129': 84.0, '130-134': 88.0, '135-139': 92.0, '140-144': 76.0, '145-149': 88.0, '150-154': 88.0, '155-159': 92.0, '160-164': 84.0, '165-169': 80.0, '170-174': 92.0, '175-179': 92.0, '180-184': 80.0, '185-189': 76.0, '190-194': 84.0, '195-199': 88.0, 'old': 80.97, 'new': 0.0}
2025-12-14 11:37:27,301 [trainer.py] => CNN top1 curve: [92.5, 88.66, 84.65, 81.04, 76.34]
2025-12-14 11:37:27,301 [trainer.py] => Average Accuracy (CNN): 84.64 

2025-12-14 11:37:27,303 [trainer.py] => All params: 172123793
2025-12-14 11:37:27,304 [trainer.py] => Trainable params: 353481
2025-12-14 11:37:27,304 [l2p.py] => Learning on 120-125

  0%|          | 0/20 [00:00<?, ?it/s]
Task 5, Epoch 1/20 => Loss 1.656, Train_accy 24.00:   0%|          | 0/20 [00:01<?, ?it/s]
Task 5, Epoch 1/20 => Loss 1.656, Train_accy 24.00:   5%|▌         | 1/20 [00:01<00:21,  1.12s/it]
Task 5, Epoch 2/20 => Loss 0.639, Train_accy 76.00:   5%|▌         | 1/20 [00:02<00:21,  1.12s/it]
Task 5, Epoch 2/20 => Loss 0.639, Train_accy 76.00:  10%|█         | 2/20 [00:02<00:20,  1.13s/it]
Task 5, Epoch 3/20 => Loss 0.297, Train_accy 84.00:  10%|█         | 2/20 [00:03<00:20,  1.13s/it]
Task 5, Epoch 3/20 => Loss 0.297, Train_accy 84.00:  15%|█▌        | 3/20 [00:03<00:19,  1.12s/it]
Task 5, Epoch 4/20 => Loss -0.038, Train_accy 96.00:  15%|█▌        | 3/20 [00:04<00:19,  1.12s/it]
Task 5, Epoch 4/20 => Loss -0.038, Train_accy 96.00:  20%|██        | 4/20 [00:04<00:18,  1.14s/it]
Task 5, Epoch 5/20 => Loss -0.187, Train_accy 100.00, Test_accy 73.11:  20%|██        | 4/20 [00:28<00:18,  1.14s/it]
Task 5, Epoch 5/20 => Loss -0.187, Train_accy 100.00, Test_accy 73.11:  25%|██▌       | 5/20 [00:28<02:19,  9.31s/it]
Task 5, Epoch 6/20 => Loss 0.057, Train_accy 88.00:  25%|██▌       | 5/20 [00:29<02:19,  9.31s/it]                   
Task 5, Epoch 6/20 => Loss 0.057, Train_accy 88.00:  30%|███       | 6/20 [00:29<01:31,  6.54s/it]
Task 5, Epoch 7/20 => Loss -0.035, Train_accy 92.00:  30%|███       | 6/20 [00:30<01:31,  6.54s/it]
Task 5, Epoch 7/20 => Loss -0.035, Train_accy 92.00:  35%|███▌      | 7/20 [00:30<01:02,  4.79s/it]
Task 5, Epoch 8/20 => Loss -0.251, Train_accy 100.00:  35%|███▌      | 7/20 [00:31<01:02,  4.79s/it]
Task 5, Epoch 8/20 => Loss -0.251, Train_accy 100.00:  40%|████      | 8/20 [00:31<00:43,  3.62s/it]
Task 5, Epoch 9/20 => Loss -0.243, Train_accy 100.00:  40%|████      | 8/20 [00:32<00:43,  3.62s/it]
Task 5, Epoch 9/20 => Loss -0.243, Train_accy 100.00:  45%|████▌     | 9/20 [00:32<00:31,  2.84s/it]
Task 5, Epoch 10/20 => Loss -0.205, Train_accy 96.00, Test_accy 73.25:  45%|████▌     | 9/20 [00:57<00:31,  2.84s/it]
Task 5, Epoch 10/20 => Loss -0.205, Train_accy 96.00, Test_accy 73.25:  50%|█████     | 10/20 [00:57<01:34,  9.45s/it]
Task 5, Epoch 11/20 => Loss -0.244, Train_accy 100.00:  50%|█████     | 10/20 [00:58<01:34,  9.45s/it]                
Task 5, Epoch 11/20 => Loss -0.244, Train_accy 100.00:  55%|█████▌    | 11/20 [00:58<01:01,  6.88s/it]
Task 5, Epoch 12/20 => Loss -0.278, Train_accy 100.00:  55%|█████▌    | 11/20 [00:59<01:01,  6.88s/it]
Task 5, Epoch 12/20 => Loss -0.278, Train_accy 100.00:  60%|██████    | 12/20 [00:59<00:40,  5.03s/it]
Task 5, Epoch 13/20 => Loss -0.271, Train_accy 100.00:  60%|██████    | 12/20 [00:59<00:40,  5.03s/it]
Task 5, Epoch 13/20 => Loss -0.271, Train_accy 100.00:  65%|██████▌   | 13/20 [00:59<00:25,  3.71s/it]
Task 5, Epoch 14/20 => Loss -0.273, Train_accy 100.00:  65%|██████▌   | 13/20 [01:00<00:25,  3.71s/it]
Task 5, Epoch 14/20 => Loss -0.273, Train_accy 100.00:  70%|███████   | 14/20 [01:00<00:17,  2.94s/it]
Task 5, Epoch 15/20 => Loss -0.218, Train_accy 100.00, Test_accy 73.18:  70%|███████   | 14/20 [01:27<00:17,  2.94s/it]
Task 5, Epoch 15/20 => Loss -0.218, Train_accy 100.00, Test_accy 73.18:  75%|███████▌  | 15/20 [01:27<00:50, 10.03s/it]
Task 5, Epoch 16/20 => Loss -0.258, Train_accy 100.00:  75%|███████▌  | 15/20 [01:28<00:50, 10.03s/it]                 
Task 5, Epoch 16/20 => Loss -0.258, Train_accy 100.00:  80%|████████  | 16/20 [01:28<00:29,  7.28s/it]
Task 5, Epoch 17/20 => Loss -0.270, Train_accy 100.00:  80%|████████  | 16/20 [01:29<00:29,  7.28s/it]
Task 5, Epoch 17/20 => Loss -0.270, Train_accy 100.00:  85%|████████▌ | 17/20 [01:29<00:16,  5.42s/it]
Task 5, Epoch 18/20 => Loss -0.116, Train_accy 92.00:  85%|████████▌ | 17/20 [01:30<00:16,  5.42s/it] 
Task 5, Epoch 18/20 => Loss -0.116, Train_accy 92.00:  90%|█████████ | 18/20 [01:30<00:08,  4.06s/it]
Task 5, Epoch 19/20 => Loss -0.270, Train_accy 100.00:  90%|█████████ | 18/20 [01:31<00:08,  4.06s/it]
Task 5, Epoch 19/20 => Loss -0.270, Train_accy 100.00:  95%|█████████▌| 19/20 [01:31<00:03,  3.15s/it]
Task 5, Epoch 20/20 => Loss -0.281, Train_accy 100.00, Test_accy 73.25:  95%|█████████▌| 19/20 [01:58<00:03,  3.15s/it]
Task 5, Epoch 20/20 => Loss -0.281, Train_accy 100.00, Test_accy 73.25: 100%|██████████| 20/20 [01:58<00:00, 10.25s/it]
Task 5, Epoch 20/20 => Loss -0.281, Train_accy 100.00, Test_accy 73.25: 100%|██████████| 20/20 [01:58<00:00,  5.90s/it]
2025-12-14 11:39:25,324 [l2p.py] => Task 5, Epoch 20/20 => Loss -0.281, Train_accy 100.00, Test_accy 73.25
2025-12-14 11:40:03,065 [trainer.py] => CNN: {'total': 73.25, '00-99': 92.24, '100-104': 14.04, '105-109': 1.67, '110-114': 1.92, '115-119': 0.0, '120-124': 1.64, '125-129': 88.0, '130-134': 84.0, '135-139': 100.0, '140-144': 88.0, '145-149': 84.0, '150-154': 76.0, '155-159': 92.0, '160-164': 88.0, '165-169': 76.0, '170-174': 84.0, '175-179': 92.0, '180-184': 84.0, '185-189': 64.0, '190-194': 72.0, '195-199': 88.0, 'old': 76.41, 'new': 1.64}
2025-12-14 11:40:03,065 [trainer.py] => CNN top1 curve: [92.5, 88.66, 84.65, 81.04, 76.34, 73.25]
2025-12-14 11:40:03,065 [trainer.py] => Average Accuracy (CNN): 82.74 

2025-12-14 11:40:03,068 [trainer.py] => All params: 172123793
2025-12-14 11:40:03,070 [trainer.py] => Trainable params: 353481
2025-12-14 11:40:03,070 [l2p.py] => Learning on 125-130

  0%|          | 0/20 [00:00<?, ?it/s]
Task 6, Epoch 1/20 => Loss 1.722, Train_accy 12.00:   0%|          | 0/20 [00:01<?, ?it/s]
Task 6, Epoch 1/20 => Loss 1.722, Train_accy 12.00:   5%|▌         | 1/20 [00:01<00:20,  1.09s/it]
Task 6, Epoch 2/20 => Loss 0.669, Train_accy 80.00:   5%|▌         | 1/20 [00:02<00:20,  1.09s/it]
Task 6, Epoch 2/20 => Loss 0.669, Train_accy 80.00:  10%|█         | 2/20 [00:02<00:19,  1.11s/it]
Task 6, Epoch 3/20 => Loss 0.371, Train_accy 84.00:  10%|█         | 2/20 [00:03<00:19,  1.11s/it]
Task 6, Epoch 3/20 => Loss 0.371, Train_accy 84.00:  15%|█▌        | 3/20 [00:03<00:18,  1.11s/it]
Task 6, Epoch 4/20 => Loss 0.035, Train_accy 92.00:  15%|█▌        | 3/20 [00:04<00:18,  1.11s/it]
Task 6, Epoch 4/20 => Loss 0.035, Train_accy 92.00:  20%|██        | 4/20 [00:04<00:16,  1.03s/it]
Task 6, Epoch 5/20 => Loss -0.054, Train_accy 96.00, Test_accy 70.40:  20%|██        | 4/20 [00:28<00:16,  1.03s/it]
Task 6, Epoch 5/20 => Loss -0.054, Train_accy 96.00, Test_accy 70.40:  25%|██▌       | 5/20 [00:28<02:23,  9.57s/it]
Task 6, Epoch 6/20 => Loss -0.136, Train_accy 96.00:  25%|██▌       | 5/20 [00:30<02:23,  9.57s/it]                 
Task 6, Epoch 6/20 => Loss -0.136, Train_accy 96.00:  30%|███       | 6/20 [00:30<01:34,  6.72s/it]
Task 6, Epoch 7/20 => Loss -0.161, Train_accy 96.00:  30%|███       | 6/20 [00:31<01:34,  6.72s/it]
Task 6, Epoch 7/20 => Loss -0.161, Train_accy 96.00:  35%|███▌      | 7/20 [00:31<01:03,  4.90s/it]
Task 6, Epoch 8/20 => Loss -0.161, Train_accy 100.00:  35%|███▌      | 7/20 [00:32<01:03,  4.90s/it]
Task 6, Epoch 8/20 => Loss -0.161, Train_accy 100.00:  40%|████      | 8/20 [00:32<00:44,  3.72s/it]
Task 6, Epoch 9/20 => Loss -0.124, Train_accy 92.00:  40%|████      | 8/20 [00:33<00:44,  3.72s/it] 
Task 6, Epoch 9/20 => Loss -0.124, Train_accy 92.00:  45%|████▌     | 9/20 [00:33<00:32,  2.92s/it]
Task 6, Epoch 10/20 => Loss -0.239, Train_accy 100.00, Test_accy 70.93:  45%|████▌     | 9/20 [00:56<00:32,  2.92s/it]
Task 6, Epoch 10/20 => Loss -0.239, Train_accy 100.00, Test_accy 70.93:  50%|█████     | 10/20 [00:56<01:30,  9.10s/it]
Task 6, Epoch 11/20 => Loss -0.095, Train_accy 92.00:  50%|█████     | 10/20 [00:57<01:30,  9.10s/it]                  
Task 6, Epoch 11/20 => Loss -0.095, Train_accy 92.00:  55%|█████▌    | 11/20 [00:57<00:58,  6.53s/it]
Task 6, Epoch 12/20 => Loss -0.112, Train_accy 92.00:  55%|█████▌    | 11/20 [00:57<00:58,  6.53s/it]
Task 6, Epoch 12/20 => Loss -0.112, Train_accy 92.00:  60%|██████    | 12/20 [00:57<00:37,  4.73s/it]
Task 6, Epoch 13/20 => Loss -0.260, Train_accy 100.00:  60%|██████    | 12/20 [00:58<00:37,  4.73s/it]
Task 6, Epoch 13/20 => Loss -0.260, Train_accy 100.00:  65%|██████▌   | 13/20 [00:58<00:24,  3.49s/it]
Task 6, Epoch 14/20 => Loss -0.233, Train_accy 100.00:  65%|██████▌   | 13/20 [00:59<00:24,  3.49s/it]
Task 6, Epoch 14/20 => Loss -0.233, Train_accy 100.00:  70%|███████   | 14/20 [00:59<00:16,  2.72s/it]
Task 6, Epoch 15/20 => Loss -0.260, Train_accy 100.00, Test_accy 71.33:  70%|███████   | 14/20 [01:25<00:16,  2.72s/it]
Task 6, Epoch 15/20 => Loss -0.260, Train_accy 100.00, Test_accy 71.33:  75%|███████▌  | 15/20 [01:25<00:49,  9.86s/it]
Task 6, Epoch 16/20 => Loss -0.126, Train_accy 96.00:  75%|███████▌  | 15/20 [01:27<00:49,  9.86s/it]                  
Task 6, Epoch 16/20 => Loss -0.126, Train_accy 96.00:  80%|████████  | 16/20 [01:27<00:28,  7.23s/it]
Task 6, Epoch 17/20 => Loss -0.242, Train_accy 100.00:  80%|████████  | 16/20 [01:27<00:28,  7.23s/it]
Task 6, Epoch 17/20 => Loss -0.242, Train_accy 100.00:  85%|████████▌ | 17/20 [01:27<00:15,  5.33s/it]
Task 6, Epoch 18/20 => Loss -0.271, Train_accy 100.00:  85%|████████▌ | 17/20 [01:29<00:15,  5.33s/it]
Task 6, Epoch 18/20 => Loss -0.271, Train_accy 100.00:  90%|█████████ | 18/20 [01:29<00:08,  4.05s/it]
Task 6, Epoch 19/20 => Loss -0.208, Train_accy 100.00:  90%|█████████ | 18/20 [01:30<00:08,  4.05s/it]
Task 6, Epoch 19/20 => Loss -0.208, Train_accy 100.00:  95%|█████████▌| 19/20 [01:30<00:03,  3.16s/it]
Task 6, Epoch 20/20 => Loss -0.267, Train_accy 100.00, Test_accy 71.33:  95%|█████████▌| 19/20 [01:58<00:03,  3.16s/it]
Task 6, Epoch 20/20 => Loss -0.267, Train_accy 100.00, Test_accy 71.33: 100%|██████████| 20/20 [01:58<00:00, 10.68s/it]
Task 6, Epoch 20/20 => Loss -0.267, Train_accy 100.00, Test_accy 71.33: 100%|██████████| 20/20 [01:58<00:00,  5.91s/it]
2025-12-14 11:42:01,357 [l2p.py] => Task 6, Epoch 20/20 => Loss -0.267, Train_accy 100.00, Test_accy 71.33
2025-12-14 11:42:38,820 [trainer.py] => CNN: {'total': 71.33, '00-99': 92.24, '100-104': 15.79, '105-109': 1.67, '110-114': 1.92, '115-119': 0.0, '120-124': 1.64, '125-129': 21.05, '130-134': 88.0, '135-139': 96.0, '140-144': 96.0, '145-149': 84.0, '150-154': 80.0, '155-159': 88.0, '160-164': 88.0, '165-169': 72.0, '170-174': 100.0, '175-179': 88.0, '180-184': 84.0, '185-189': 80.0, '190-194': 88.0, '195-199': 88.0, 'old': 73.32, 'new': 21.05}
2025-12-14 11:42:38,820 [trainer.py] => CNN top1 curve: [92.5, 88.66, 84.65, 81.04, 76.34, 73.25, 71.33]
2025-12-14 11:42:38,820 [trainer.py] => Average Accuracy (CNN): 81.11 

2025-12-14 11:42:38,821 [trainer.py] => All params: 172123793
2025-12-14 11:42:38,822 [trainer.py] => Trainable params: 353481
2025-12-14 11:42:38,823 [l2p.py] => Learning on 130-135

  0%|          | 0/20 [00:00<?, ?it/s]
Task 7, Epoch 1/20 => Loss 1.961, Train_accy 16.00:   0%|          | 0/20 [00:00<?, ?it/s]
Task 7, Epoch 1/20 => Loss 1.961, Train_accy 16.00:   5%|▌         | 1/20 [00:00<00:16,  1.17it/s]
Task 7, Epoch 2/20 => Loss 0.936, Train_accy 48.00:   5%|▌         | 1/20 [00:01<00:16,  1.17it/s]
Task 7, Epoch 2/20 => Loss 0.936, Train_accy 48.00:  10%|█         | 2/20 [00:01<00:18,  1.01s/it]
Task 7, Epoch 3/20 => Loss 0.347, Train_accy 88.00:  10%|█         | 2/20 [00:02<00:18,  1.01s/it]
Task 7, Epoch 3/20 => Loss 0.347, Train_accy 88.00:  15%|█▌        | 3/20 [00:02<00:15,  1.07it/s]
Task 7, Epoch 4/20 => Loss 0.176, Train_accy 84.00:  15%|█▌        | 3/20 [00:03<00:15,  1.07it/s]
Task 7, Epoch 4/20 => Loss 0.176, Train_accy 84.00:  20%|██        | 4/20 [00:03<00:15,  1.00it/s]
Task 7, Epoch 5/20 => Loss -0.027, Train_accy 92.00, Test_accy 68.85:  20%|██        | 4/20 [00:32<00:15,  1.00it/s]
Task 7, Epoch 5/20 => Loss -0.027, Train_accy 92.00, Test_accy 68.85:  25%|██▌       | 5/20 [00:32<02:43, 10.91s/it]
Task 7, Epoch 6/20 => Loss -0.015, Train_accy 92.00:  25%|██▌       | 5/20 [00:33<02:43, 10.91s/it]                 
Task 7, Epoch 6/20 => Loss -0.015, Train_accy 92.00:  30%|███       | 6/20 [00:33<01:46,  7.61s/it]
Task 7, Epoch 7/20 => Loss -0.130, Train_accy 96.00:  30%|███       | 6/20 [00:34<01:46,  7.61s/it]
Task 7, Epoch 7/20 => Loss -0.130, Train_accy 96.00:  35%|███▌      | 7/20 [00:34<01:11,  5.50s/it]
Task 7, Epoch 8/20 => Loss -0.167, Train_accy 100.00:  35%|███▌      | 7/20 [00:35<01:11,  5.50s/it]
Task 7, Epoch 8/20 => Loss -0.167, Train_accy 100.00:  40%|████      | 8/20 [00:35<00:49,  4.12s/it]
Task 7, Epoch 9/20 => Loss -0.264, Train_accy 100.00:  40%|████      | 8/20 [00:37<00:49,  4.12s/it]
Task 7, Epoch 9/20 => Loss -0.264, Train_accy 100.00:  45%|████▌     | 9/20 [00:37<00:35,  3.21s/it]
Task 7, Epoch 10/20 => Loss -0.165, Train_accy 92.00, Test_accy 69.11:  45%|████▌     | 9/20 [01:02<00:35,  3.21s/it]
Task 7, Epoch 10/20 => Loss -0.165, Train_accy 92.00, Test_accy 69.11:  50%|█████     | 10/20 [01:02<01:41, 10.16s/it]
Task 7, Epoch 11/20 => Loss -0.272, Train_accy 100.00:  50%|█████     | 10/20 [01:03<01:41, 10.16s/it]                
Task 7, Epoch 11/20 => Loss -0.272, Train_accy 100.00:  55%|█████▌    | 11/20 [01:03<01:06,  7.37s/it]
Task 7, Epoch 12/20 => Loss -0.084, Train_accy 92.00:  55%|█████▌    | 11/20 [01:04<01:06,  7.37s/it] 
Task 7, Epoch 12/20 => Loss -0.084, Train_accy 92.00:  60%|██████    | 12/20 [01:04<00:43,  5.42s/it]
Task 7, Epoch 13/20 => Loss -0.163, Train_accy 96.00:  60%|██████    | 12/20 [01:06<00:43,  5.42s/it]
Task 7, Epoch 13/20 => Loss -0.163, Train_accy 96.00:  65%|██████▌   | 13/20 [01:06<00:29,  4.17s/it]
Task 7, Epoch 14/20 => Loss -0.266, Train_accy 100.00:  65%|██████▌   | 13/20 [01:07<00:29,  4.17s/it]
Task 7, Epoch 14/20 => Loss -0.266, Train_accy 100.00:  70%|███████   | 14/20 [01:07<00:19,  3.25s/it]
Task 7, Epoch 15/20 => Loss -0.141, Train_accy 92.00, Test_accy 69.24:  70%|███████   | 14/20 [01:35<00:19,  3.25s/it]
Task 7, Epoch 15/20 => Loss -0.141, Train_accy 92.00, Test_accy 69.24:  75%|███████▌  | 15/20 [01:35<00:54, 10.90s/it]
Task 7, Epoch 16/20 => Loss -0.242, Train_accy 100.00:  75%|███████▌  | 15/20 [01:36<00:54, 10.90s/it]                
Task 7, Epoch 16/20 => Loss -0.242, Train_accy 100.00:  80%|████████  | 16/20 [01:36<00:31,  7.89s/it]
Task 7, Epoch 17/20 => Loss -0.230, Train_accy 100.00:  80%|████████  | 16/20 [01:37<00:31,  7.89s/it]
Task 7, Epoch 17/20 => Loss -0.230, Train_accy 100.00:  85%|████████▌ | 17/20 [01:37<00:17,  5.84s/it]
Task 7, Epoch 18/20 => Loss -0.062, Train_accy 92.00:  85%|████████▌ | 17/20 [01:38<00:17,  5.84s/it] 
Task 7, Epoch 18/20 => Loss -0.062, Train_accy 92.00:  90%|█████████ | 18/20 [01:38<00:08,  4.38s/it]
Task 7, Epoch 19/20 => Loss -0.293, Train_accy 100.00:  90%|█████████ | 18/20 [01:39<00:08,  4.38s/it]
Task 7, Epoch 19/20 => Loss -0.293, Train_accy 100.00:  95%|█████████▌| 19/20 [01:39<00:03,  3.40s/it]
Task 7, Epoch 20/20 => Loss -0.232, Train_accy 100.00, Test_accy 69.17:  95%|█████████▌| 19/20 [02:08<00:03,  3.40s/it]
Task 7, Epoch 20/20 => Loss -0.232, Train_accy 100.00, Test_accy 69.17: 100%|██████████| 20/20 [02:08<00:00, 11.08s/it]
Task 7, Epoch 20/20 => Loss -0.232, Train_accy 100.00, Test_accy 69.17: 100%|██████████| 20/20 [02:08<00:00,  6.45s/it]
2025-12-14 11:44:47,800 [l2p.py] => Task 7, Epoch 20/20 => Loss -0.232, Train_accy 100.00, Test_accy 69.17
2025-12-14 11:45:25,184 [trainer.py] => CNN: {'total': 69.17, '00-99': 92.24, '100-104': 14.04, '105-109': 1.67, '110-114': 1.92, '115-119': 0.0, '120-124': 1.64, '125-129': 21.05, '130-134': 14.04, '135-139': 96.0, '140-144': 88.0, '145-149': 88.0, '150-154': 92.0, '155-159': 92.0, '160-164': 88.0, '165-169': 68.0, '170-174': 72.0, '175-179': 92.0, '180-184': 96.0, '185-189': 80.0, '190-194': 80.0, '195-199': 80.0, 'old': 71.27, 'new': 14.04}
2025-12-14 11:45:25,185 [trainer.py] => CNN top1 curve: [92.5, 88.66, 84.65, 81.04, 76.34, 73.25, 71.33, 69.17]
2025-12-14 11:45:25,185 [trainer.py] => Average Accuracy (CNN): 79.62 

2025-12-14 11:45:25,187 [trainer.py] => All params: 172123793
2025-12-14 11:45:25,189 [trainer.py] => Trainable params: 353481
2025-12-14 11:45:25,190 [l2p.py] => Learning on 135-140

  0%|          | 0/20 [00:00<?, ?it/s]
Task 8, Epoch 1/20 => Loss 1.687, Train_accy 8.00:   0%|          | 0/20 [00:01<?, ?it/s]
Task 8, Epoch 1/20 => Loss 1.687, Train_accy 8.00:   5%|▌         | 1/20 [00:01<00:21,  1.15s/it]
Task 8, Epoch 2/20 => Loss 0.629, Train_accy 80.00:   5%|▌         | 1/20 [00:02<00:21,  1.15s/it]
Task 8, Epoch 2/20 => Loss 0.629, Train_accy 80.00:  10%|█         | 2/20 [00:02<00:19,  1.09s/it]
Task 8, Epoch 3/20 => Loss -0.001, Train_accy 100.00:  10%|█         | 2/20 [00:03<00:19,  1.09s/it]
Task 8, Epoch 3/20 => Loss -0.001, Train_accy 100.00:  15%|█▌        | 3/20 [00:03<00:16,  1.01it/s]
Task 8, Epoch 4/20 => Loss -0.015, Train_accy 96.00:  15%|█▌        | 3/20 [00:04<00:16,  1.01it/s] 
Task 8, Epoch 4/20 => Loss -0.015, Train_accy 96.00:  20%|██        | 4/20 [00:04<00:16,  1.03s/it]
Task 8, Epoch 5/20 => Loss -0.202, Train_accy 100.00, Test_accy 67.08:  20%|██        | 4/20 [00:28<00:16,  1.03s/it]
Task 8, Epoch 5/20 => Loss -0.202, Train_accy 100.00, Test_accy 67.08:  25%|██▌       | 5/20 [00:28<02:23,  9.55s/it]
Task 8, Epoch 6/20 => Loss -0.220, Train_accy 100.00:  25%|██▌       | 5/20 [00:29<02:23,  9.55s/it]                 
Task 8, Epoch 6/20 => Loss -0.220, Train_accy 100.00:  30%|███       | 6/20 [00:29<01:33,  6.69s/it]
Task 8, Epoch 7/20 => Loss -0.115, Train_accy 96.00:  30%|███       | 6/20 [00:31<01:33,  6.69s/it] 
Task 8, Epoch 7/20 => Loss -0.115, Train_accy 96.00:  35%|███▌      | 7/20 [00:31<01:03,  4.87s/it]
Task 8, Epoch 8/20 => Loss -0.230, Train_accy 100.00:  35%|███▌      | 7/20 [00:32<01:03,  4.87s/it]
Task 8, Epoch 8/20 => Loss -0.230, Train_accy 100.00:  40%|████      | 8/20 [00:32<00:44,  3.71s/it]
Task 8, Epoch 9/20 => Loss -0.251, Train_accy 100.00:  40%|████      | 8/20 [00:33<00:44,  3.71s/it]
Task 8, Epoch 9/20 => Loss -0.251, Train_accy 100.00:  45%|████▌     | 9/20 [00:33<00:32,  2.92s/it]
Task 8, Epoch 10/20 => Loss -0.078, Train_accy 96.00, Test_accy 67.14:  45%|████▌     | 9/20 [01:00<00:32,  2.92s/it]
Task 8, Epoch 10/20 => Loss -0.078, Train_accy 96.00, Test_accy 67.14:  50%|█████     | 10/20 [01:00<01:44, 10.47s/it]
Task 8, Epoch 11/20 => Loss -0.184, Train_accy 96.00:  50%|█████     | 10/20 [01:02<01:44, 10.47s/it]                 
Task 8, Epoch 11/20 => Loss -0.184, Train_accy 96.00:  55%|█████▌    | 11/20 [01:02<01:08,  7.62s/it]
Task 8, Epoch 12/20 => Loss -0.242, Train_accy 100.00:  55%|█████▌    | 11/20 [01:03<01:08,  7.62s/it]
Task 8, Epoch 12/20 => Loss -0.242, Train_accy 100.00:  60%|██████    | 12/20 [01:03<00:45,  5.64s/it]
Task 8, Epoch 13/20 => Loss -0.172, Train_accy 96.00:  60%|██████    | 12/20 [01:04<00:45,  5.64s/it] 
Task 8, Epoch 13/20 => Loss -0.172, Train_accy 96.00:  65%|██████▌   | 13/20 [01:04<00:29,  4.27s/it]
Task 8, Epoch 14/20 => Loss -0.257, Train_accy 100.00:  65%|██████▌   | 13/20 [01:05<00:29,  4.27s/it]
Task 8, Epoch 14/20 => Loss -0.257, Train_accy 100.00:  70%|███████   | 14/20 [01:05<00:19,  3.28s/it]
Task 8, Epoch 15/20 => Loss -0.193, Train_accy 100.00, Test_accy 67.14:  70%|███████   | 14/20 [01:34<00:19,  3.28s/it]
Task 8, Epoch 15/20 => Loss -0.193, Train_accy 100.00, Test_accy 67.14:  75%|███████▌  | 15/20 [01:34<00:54, 10.99s/it]
Task 8, Epoch 16/20 => Loss -0.207, Train_accy 96.00:  75%|███████▌  | 15/20 [01:35<00:54, 10.99s/it]                  
Task 8, Epoch 16/20 => Loss -0.207, Train_accy 96.00:  80%|████████  | 16/20 [01:35<00:32,  8.04s/it]
Task 8, Epoch 17/20 => Loss -0.243, Train_accy 100.00:  80%|████████  | 16/20 [01:36<00:32,  8.04s/it]
Task 8, Epoch 17/20 => Loss -0.243, Train_accy 100.00:  85%|████████▌ | 17/20 [01:36<00:17,  5.98s/it]
Task 8, Epoch 18/20 => Loss -0.176, Train_accy 96.00:  85%|████████▌ | 17/20 [01:37<00:17,  5.98s/it] 
Task 8, Epoch 18/20 => Loss -0.176, Train_accy 96.00:  90%|█████████ | 18/20 [01:37<00:09,  4.55s/it]
Task 8, Epoch 19/20 => Loss -0.268, Train_accy 100.00:  90%|█████████ | 18/20 [01:38<00:09,  4.55s/it]
Task 8, Epoch 19/20 => Loss -0.268, Train_accy 100.00:  95%|█████████▌| 19/20 [01:38<00:03,  3.46s/it]
Task 8, Epoch 20/20 => Loss -0.203, Train_accy 100.00, Test_accy 67.33:  95%|█████████▌| 19/20 [02:05<00:03,  3.46s/it]
Task 8, Epoch 20/20 => Loss -0.203, Train_accy 100.00, Test_accy 67.33: 100%|██████████| 20/20 [02:05<00:00, 10.41s/it]
Task 8, Epoch 20/20 => Loss -0.203, Train_accy 100.00, Test_accy 67.33: 100%|██████████| 20/20 [02:05<00:00,  6.26s/it]
2025-12-14 11:47:30,453 [l2p.py] => Task 8, Epoch 20/20 => Loss -0.203, Train_accy 100.00, Test_accy 67.33
2025-12-14 11:48:08,300 [trainer.py] => CNN: {'total': 67.33, '00-99': 92.06, '100-104': 15.79, '105-109': 1.67, '110-114': 1.92, '115-119': 0.0, '120-124': 1.64, '125-129': 21.05, '130-134': 12.28, '135-139': 14.0, '140-144': 84.0, '145-149': 92.0, '150-154': 88.0, '155-159': 80.0, '160-164': 84.0, '165-169': 76.0, '170-174': 76.0, '175-179': 84.0, '180-184': 92.0, '185-189': 76.0, '190-194': 92.0, '195-199': 96.0, 'old': 69.04, 'new': 14.0}
2025-12-14 11:48:08,301 [trainer.py] => CNN top1 curve: [92.5, 88.66, 84.65, 81.04, 76.34, 73.25, 71.33, 69.17, 67.33]
2025-12-14 11:48:08,301 [trainer.py] => Average Accuracy (CNN): 78.25 

2025-12-14 11:48:08,304 [trainer.py] => All params: 172123793
2025-12-14 11:48:08,307 [trainer.py] => Trainable params: 353481
2025-12-14 11:48:08,307 [l2p.py] => Learning on 140-145

  0%|          | 0/20 [00:00<?, ?it/s]
Task 9, Epoch 1/20 => Loss 1.321, Train_accy 28.00:   0%|          | 0/20 [00:01<?, ?it/s]
Task 9, Epoch 1/20 => Loss 1.321, Train_accy 28.00:   5%|▌         | 1/20 [00:01<00:21,  1.11s/it]
Task 9, Epoch 2/20 => Loss 0.572, Train_accy 84.00:   5%|▌         | 1/20 [00:02<00:21,  1.11s/it]
Task 9, Epoch 2/20 => Loss 0.572, Train_accy 84.00:  10%|█         | 2/20 [00:02<00:19,  1.10s/it]
Task 9, Epoch 3/20 => Loss 0.237, Train_accy 88.00:  10%|█         | 2/20 [00:03<00:19,  1.10s/it]
Task 9, Epoch 3/20 => Loss 0.237, Train_accy 88.00:  15%|█▌        | 3/20 [00:03<00:18,  1.11s/it]
Task 9, Epoch 4/20 => Loss 0.010, Train_accy 92.00:  15%|█▌        | 3/20 [00:04<00:18,  1.11s/it]
Task 9, Epoch 4/20 => Loss 0.010, Train_accy 92.00:  20%|██        | 4/20 [00:04<00:18,  1.13s/it]
Task 9, Epoch 5/20 => Loss -0.239, Train_accy 100.00, Test_accy 65.12:  20%|██        | 4/20 [00:30<00:18,  1.13s/it]
Task 9, Epoch 5/20 => Loss -0.239, Train_accy 100.00, Test_accy 65.12:  25%|██▌       | 5/20 [00:30<02:32, 10.14s/it]
Task 9, Epoch 6/20 => Loss -0.212, Train_accy 100.00:  25%|██▌       | 5/20 [00:31<02:32, 10.14s/it]                 
Task 9, Epoch 6/20 => Loss -0.212, Train_accy 100.00:  30%|███       | 6/20 [00:31<01:39,  7.09s/it]
Task 9, Epoch 7/20 => Loss -0.079, Train_accy 92.00:  30%|███       | 6/20 [00:32<01:39,  7.09s/it] 
Task 9, Epoch 7/20 => Loss -0.079, Train_accy 92.00:  35%|███▌      | 7/20 [00:32<01:06,  5.14s/it]
Task 9, Epoch 8/20 => Loss -0.246, Train_accy 100.00:  35%|███▌      | 7/20 [00:34<01:06,  5.14s/it]
Task 9, Epoch 8/20 => Loss -0.246, Train_accy 100.00:  40%|████      | 8/20 [00:34<00:46,  3.86s/it]
Task 9, Epoch 9/20 => Loss -0.254, Train_accy 100.00:  40%|████      | 8/20 [00:35<00:46,  3.86s/it]
Task 9, Epoch 9/20 => Loss -0.254, Train_accy 100.00:  45%|████▌     | 9/20 [00:35<00:33,  3.00s/it]
Task 9, Epoch 10/20 => Loss -0.216, Train_accy 100.00, Test_accy 65.18:  45%|████▌     | 9/20 [01:04<00:33,  3.00s/it]
Task 9, Epoch 10/20 => Loss -0.216, Train_accy 100.00, Test_accy 65.18:  50%|█████     | 10/20 [01:04<01:51, 11.15s/it]
Task 9, Epoch 11/20 => Loss -0.170, Train_accy 96.00:  50%|█████     | 10/20 [01:05<01:51, 11.15s/it]                  
Task 9, Epoch 11/20 => Loss -0.170, Train_accy 96.00:  55%|█████▌    | 11/20 [01:05<01:12,  8.04s/it]
Task 9, Epoch 12/20 => Loss -0.203, Train_accy 100.00:  55%|█████▌    | 11/20 [01:06<01:12,  8.04s/it]
Task 9, Epoch 12/20 => Loss -0.203, Train_accy 100.00:  60%|██████    | 12/20 [01:06<00:46,  5.81s/it]
Task 9, Epoch 13/20 => Loss -0.162, Train_accy 96.00:  60%|██████    | 12/20 [01:07<00:46,  5.81s/it] 
Task 9, Epoch 13/20 => Loss -0.162, Train_accy 96.00:  65%|██████▌   | 13/20 [01:07<00:30,  4.34s/it]
Task 9, Epoch 14/20 => Loss -0.270, Train_accy 100.00:  65%|██████▌   | 13/20 [01:07<00:30,  4.34s/it]
Task 9, Epoch 14/20 => Loss -0.270, Train_accy 100.00:  70%|███████   | 14/20 [01:07<00:19,  3.25s/it]
Task 9, Epoch 15/20 => Loss -0.249, Train_accy 100.00, Test_accy 65.30:  70%|███████   | 14/20 [01:39<00:19,  3.25s/it]
Task 9, Epoch 15/20 => Loss -0.249, Train_accy 100.00, Test_accy 65.30:  75%|███████▌  | 15/20 [01:39<00:58, 11.73s/it]
Task 9, Epoch 16/20 => Loss -0.128, Train_accy 96.00:  75%|███████▌  | 15/20 [01:40<00:58, 11.73s/it]                  
Task 9, Epoch 16/20 => Loss -0.128, Train_accy 96.00:  80%|████████  | 16/20 [01:40<00:34,  8.52s/it]
Task 9, Epoch 17/20 => Loss -0.266, Train_accy 100.00:  80%|████████  | 16/20 [01:41<00:34,  8.52s/it]
Task 9, Epoch 17/20 => Loss -0.266, Train_accy 100.00:  85%|████████▌ | 17/20 [01:41<00:18,  6.23s/it]
Task 9, Epoch 18/20 => Loss -0.276, Train_accy 100.00:  85%|████████▌ | 17/20 [01:42<00:18,  6.23s/it]
Task 9, Epoch 18/20 => Loss -0.276, Train_accy 100.00:  90%|█████████ | 18/20 [01:42<00:09,  4.69s/it]
Task 9, Epoch 19/20 => Loss -0.252, Train_accy 100.00:  90%|█████████ | 18/20 [01:43<00:09,  4.69s/it]
Task 9, Epoch 19/20 => Loss -0.252, Train_accy 100.00:  95%|█████████▌| 19/20 [01:43<00:03,  3.54s/it]
Task 9, Epoch 20/20 => Loss -0.238, Train_accy 100.00, Test_accy 65.36:  95%|█████████▌| 19/20 [02:12<00:03,  3.54s/it]
Task 9, Epoch 20/20 => Loss -0.238, Train_accy 100.00, Test_accy 65.36: 100%|██████████| 20/20 [02:12<00:00, 11.34s/it]
Task 9, Epoch 20/20 => Loss -0.238, Train_accy 100.00, Test_accy 65.36: 100%|██████████| 20/20 [02:12<00:00,  6.64s/it]
2025-12-14 11:50:21,060 [l2p.py] => Task 9, Epoch 20/20 => Loss -0.238, Train_accy 100.00, Test_accy 65.36
2025-12-14 11:50:58,247 [trainer.py] => CNN: {'total': 65.36, '00-99': 91.98, '100-104': 17.54, '105-109': 1.67, '110-114': 1.92, '115-119': 0.0, '120-124': 1.64, '125-129': 21.05, '130-134': 12.28, '135-139': 14.0, '140-144': 8.93, '145-149': 84.0, '150-154': 92.0, '155-159': 84.0, '160-164': 88.0, '165-169': 80.0, '170-174': 76.0, '175-179': 88.0, '180-184': 84.0, '185-189': 84.0, '190-194': 92.0, '195-199': 88.0, 'old': 67.33, 'new': 8.93}
2025-12-14 11:50:58,248 [trainer.py] => CNN top1 curve: [92.5, 88.66, 84.65, 81.04, 76.34, 73.25, 71.33, 69.17, 67.33, 65.36]
2025-12-14 11:50:58,248 [trainer.py] => Average Accuracy (CNN): 76.96 

2025-12-14 11:50:58,250 [trainer.py] => All params: 172123793
2025-12-14 11:50:58,252 [trainer.py] => Trainable params: 353481
2025-12-14 11:50:58,252 [l2p.py] => Learning on 145-150

  0%|          | 0/20 [00:00<?, ?it/s]
Task 10, Epoch 1/20 => Loss 1.644, Train_accy 24.00:   0%|          | 0/20 [00:01<?, ?it/s]
Task 10, Epoch 1/20 => Loss 1.644, Train_accy 24.00:   5%|▌         | 1/20 [00:01<00:22,  1.18s/it]
Task 10, Epoch 2/20 => Loss 0.911, Train_accy 60.00:   5%|▌         | 1/20 [00:02<00:22,  1.18s/it]
Task 10, Epoch 2/20 => Loss 0.911, Train_accy 60.00:  10%|█         | 2/20 [00:02<00:21,  1.20s/it]
Task 10, Epoch 3/20 => Loss 0.096, Train_accy 96.00:  10%|█         | 2/20 [00:03<00:21,  1.20s/it]
Task 10, Epoch 3/20 => Loss 0.096, Train_accy 96.00:  15%|█▌        | 3/20 [00:03<00:20,  1.18s/it]
Task 10, Epoch 4/20 => Loss -0.028, Train_accy 96.00:  15%|█▌        | 3/20 [00:04<00:20,  1.18s/it]
Task 10, Epoch 4/20 => Loss -0.028, Train_accy 96.00:  20%|██        | 4/20 [00:04<00:18,  1.18s/it]
Task 10, Epoch 5/20 => Loss -0.095, Train_accy 100.00, Test_accy 62.85:  20%|██        | 4/20 [00:34<00:18,  1.18s/it]
Task 10, Epoch 5/20 => Loss -0.095, Train_accy 100.00, Test_accy 62.85:  25%|██▌       | 5/20 [00:34<02:54, 11.64s/it]
Task 10, Epoch 6/20 => Loss -0.062, Train_accy 96.00:  25%|██▌       | 5/20 [00:36<02:54, 11.64s/it]                  
Task 10, Epoch 6/20 => Loss -0.062, Train_accy 96.00:  30%|███       | 6/20 [00:36<01:53,  8.09s/it]
Task 10, Epoch 7/20 => Loss -0.180, Train_accy 96.00:  30%|███       | 6/20 [00:36<01:53,  8.09s/it]
Task 10, Epoch 7/20 => Loss -0.180, Train_accy 96.00:  35%|███▌      | 7/20 [00:37<01:14,  5.73s/it]
Task 10, Epoch 8/20 => Loss -0.219, Train_accy 100.00:  35%|███▌      | 7/20 [00:38<01:14,  5.73s/it]
Task 10, Epoch 8/20 => Loss -0.219, Train_accy 100.00:  40%|████      | 8/20 [00:38<00:51,  4.28s/it]
Task 10, Epoch 9/20 => Loss -0.040, Train_accy 88.00:  40%|████      | 8/20 [00:39<00:51,  4.28s/it] 
Task 10, Epoch 9/20 => Loss -0.040, Train_accy 88.00:  45%|████▌     | 9/20 [00:39<00:35,  3.23s/it]
Task 10, Epoch 10/20 => Loss -0.197, Train_accy 100.00, Test_accy 63.08:  45%|████▌     | 9/20 [01:11<00:35,  3.23s/it]
Task 10, Epoch 10/20 => Loss -0.197, Train_accy 100.00, Test_accy 63.08:  50%|█████     | 10/20 [01:11<02:01, 12.20s/it]
Task 10, Epoch 11/20 => Loss -0.204, Train_accy 100.00:  50%|█████     | 10/20 [01:12<02:01, 12.20s/it]                 
Task 10, Epoch 11/20 => Loss -0.204, Train_accy 100.00:  55%|█████▌    | 11/20 [01:12<01:19,  8.79s/it]
Task 10, Epoch 12/20 => Loss -0.224, Train_accy 100.00:  55%|█████▌    | 11/20 [01:13<01:19,  8.79s/it]
Task 10, Epoch 12/20 => Loss -0.224, Train_accy 100.00:  60%|██████    | 12/20 [01:13<00:50,  6.32s/it]
Task 10, Epoch 13/20 => Loss -0.260, Train_accy 100.00:  60%|██████    | 12/20 [01:13<00:50,  6.32s/it]
Task 10, Epoch 13/20 => Loss -0.260, Train_accy 100.00:  65%|██████▌   | 13/20 [01:13<00:32,  4.66s/it]
Task 10, Epoch 14/20 => Loss -0.253, Train_accy 100.00:  65%|██████▌   | 13/20 [01:14<00:32,  4.66s/it]
Task 10, Epoch 14/20 => Loss -0.253, Train_accy 100.00:  70%|███████   | 14/20 [01:14<00:20,  3.44s/it]
Task 10, Epoch 15/20 => Loss -0.167, Train_accy 96.00, Test_accy 63.19:  70%|███████   | 14/20 [01:44<00:20,  3.44s/it]
Task 10, Epoch 15/20 => Loss -0.167, Train_accy 96.00, Test_accy 63.19:  75%|███████▌  | 15/20 [01:44<00:56, 11.29s/it]
Task 10, Epoch 16/20 => Loss -0.271, Train_accy 100.00:  75%|███████▌  | 15/20 [01:45<00:56, 11.29s/it]                
Task 10, Epoch 16/20 => Loss -0.271, Train_accy 100.00:  80%|████████  | 16/20 [01:45<00:32,  8.24s/it]
Task 10, Epoch 17/20 => Loss -0.242, Train_accy 100.00:  80%|████████  | 16/20 [01:46<00:32,  8.24s/it]
Task 10, Epoch 17/20 => Loss -0.242, Train_accy 100.00:  85%|████████▌ | 17/20 [01:46<00:18,  6.09s/it]
Task 10, Epoch 18/20 => Loss -0.170, Train_accy 92.00:  85%|████████▌ | 17/20 [01:47<00:18,  6.09s/it] 
Task 10, Epoch 18/20 => Loss -0.170, Train_accy 92.00:  90%|█████████ | 18/20 [01:47<00:09,  4.62s/it]
Task 10, Epoch 19/20 => Loss -0.137, Train_accy 92.00:  90%|█████████ | 18/20 [01:48<00:09,  4.62s/it]
Task 10, Epoch 19/20 => Loss -0.137, Train_accy 92.00:  95%|█████████▌| 19/20 [01:48<00:03,  3.58s/it]
Task 10, Epoch 20/20 => Loss -0.272, Train_accy 100.00, Test_accy 63.25:  95%|█████████▌| 19/20 [02:14<00:03,  3.58s/it]
Task 10, Epoch 20/20 => Loss -0.272, Train_accy 100.00, Test_accy 63.25: 100%|██████████| 20/20 [02:14<00:00, 10.34s/it]
Task 10, Epoch 20/20 => Loss -0.272, Train_accy 100.00, Test_accy 63.25: 100%|██████████| 20/20 [02:14<00:00,  6.74s/it]
2025-12-14 11:53:13,008 [l2p.py] => Task 10, Epoch 20/20 => Loss -0.272, Train_accy 100.00, Test_accy 63.25
2025-12-14 11:53:51,949 [trainer.py] => CNN: {'total': 63.25, '00-99': 91.89, '100-104': 15.79, '105-109': 1.67, '110-114': 1.92, '115-119': 0.0, '120-124': 1.64, '125-129': 21.05, '130-134': 12.28, '135-139': 14.0, '140-144': 8.93, '145-149': 12.31, '150-154': 92.0, '155-159': 96.0, '160-164': 84.0, '165-169': 84.0, '170-174': 76.0, '175-179': 96.0, '180-184': 92.0, '185-189': 88.0, '190-194': 84.0, '195-199': 92.0, 'old': 65.24, 'new': 12.31}
2025-12-14 11:53:51,950 [trainer.py] => CNN top1 curve: [92.5, 88.66, 84.65, 81.04, 76.34, 73.25, 71.33, 69.17, 67.33, 65.36, 63.25]
2025-12-14 11:53:51,950 [trainer.py] => Average Accuracy (CNN): 75.72 

2025-12-14 11:53:51,952 [trainer.py] => All params: 172123793
2025-12-14 11:53:51,953 [trainer.py] => Trainable params: 353481
2025-12-14 11:53:51,953 [l2p.py] => Learning on 150-155

  0%|          | 0/20 [00:00<?, ?it/s]
Task 11, Epoch 1/20 => Loss 1.795, Train_accy 8.00:   0%|          | 0/20 [00:01<?, ?it/s]
Task 11, Epoch 1/20 => Loss 1.795, Train_accy 8.00:   5%|▌         | 1/20 [00:01<00:21,  1.12s/it]
Task 11, Epoch 2/20 => Loss 0.712, Train_accy 80.00:   5%|▌         | 1/20 [00:02<00:21,  1.12s/it]
Task 11, Epoch 2/20 => Loss 0.712, Train_accy 80.00:  10%|█         | 2/20 [00:02<00:20,  1.12s/it]
Task 11, Epoch 3/20 => Loss 0.185, Train_accy 96.00:  10%|█         | 2/20 [00:03<00:20,  1.12s/it]
Task 11, Epoch 3/20 => Loss 0.185, Train_accy 96.00:  15%|█▌        | 3/20 [00:03<00:19,  1.16s/it]
Task 11, Epoch 4/20 => Loss 0.062, Train_accy 92.00:  15%|█▌        | 3/20 [00:04<00:19,  1.16s/it]
Task 11, Epoch 4/20 => Loss 0.062, Train_accy 92.00:  20%|██        | 4/20 [00:04<00:18,  1.16s/it]
Task 11, Epoch 5/20 => Loss -0.128, Train_accy 96.00, Test_accy 60.85:  20%|██        | 4/20 [00:36<00:18,  1.16s/it]
Task 11, Epoch 5/20 => Loss -0.128, Train_accy 96.00, Test_accy 60.85:  25%|██▌       | 5/20 [00:36<03:06, 12.40s/it]
Task 11, Epoch 6/20 => Loss -0.173, Train_accy 100.00:  25%|██▌       | 5/20 [00:38<03:06, 12.40s/it]                
Task 11, Epoch 6/20 => Loss -0.173, Train_accy 100.00:  30%|███       | 6/20 [00:38<01:59,  8.56s/it]
Task 11, Epoch 7/20 => Loss -0.101, Train_accy 96.00:  30%|███       | 6/20 [00:39<01:59,  8.56s/it] 
Task 11, Epoch 7/20 => Loss -0.101, Train_accy 96.00:  35%|███▌      | 7/20 [00:39<01:19,  6.15s/it]
Task 11, Epoch 8/20 => Loss -0.156, Train_accy 96.00:  35%|███▌      | 7/20 [00:40<01:19,  6.15s/it]
Task 11, Epoch 8/20 => Loss -0.156, Train_accy 96.00:  40%|████      | 8/20 [00:40<00:54,  4.55s/it]
Task 11, Epoch 9/20 => Loss -0.120, Train_accy 92.00:  40%|████      | 8/20 [00:41<00:54,  4.55s/it]
Task 11, Epoch 9/20 => Loss -0.120, Train_accy 92.00:  45%|████▌     | 9/20 [00:41<00:37,  3.41s/it]
Task 11, Epoch 10/20 => Loss -0.040, Train_accy 88.00, Test_accy 60.90:  45%|████▌     | 9/20 [01:10<00:37,  3.41s/it]
Task 11, Epoch 10/20 => Loss -0.040, Train_accy 88.00, Test_accy 60.90:  50%|█████     | 10/20 [01:10<01:55, 11.53s/it]
Task 11, Epoch 11/20 => Loss -0.146, Train_accy 96.00:  50%|█████     | 10/20 [01:12<01:55, 11.53s/it]                 
Task 11, Epoch 11/20 => Loss -0.146, Train_accy 96.00:  55%|█████▌    | 11/20 [01:12<01:15,  8.37s/it]
Task 11, Epoch 12/20 => Loss -0.248, Train_accy 100.00:  55%|█████▌    | 11/20 [01:13<01:15,  8.37s/it]
Task 11, Epoch 12/20 => Loss -0.248, Train_accy 100.00:  60%|██████    | 12/20 [01:13<00:49,  6.18s/it]
Task 11, Epoch 13/20 => Loss -0.212, Train_accy 100.00:  60%|██████    | 12/20 [01:14<00:49,  6.18s/it]
Task 11, Epoch 13/20 => Loss -0.212, Train_accy 100.00:  65%|██████▌   | 13/20 [01:14<00:32,  4.66s/it]
Task 11, Epoch 14/20 => Loss -0.214, Train_accy 96.00:  65%|██████▌   | 13/20 [01:15<00:32,  4.66s/it] 
Task 11, Epoch 14/20 => Loss -0.214, Train_accy 96.00:  70%|███████   | 14/20 [01:15<00:21,  3.59s/it]
Task 11, Epoch 15/20 => Loss -0.244, Train_accy 100.00, Test_accy 60.90:  70%|███████   | 14/20 [01:45<00:21,  3.59s/it]
Task 11, Epoch 15/20 => Loss -0.244, Train_accy 100.00, Test_accy 60.90:  75%|███████▌  | 15/20 [01:45<00:56, 11.40s/it]
Task 11, Epoch 16/20 => Loss -0.186, Train_accy 96.00:  75%|███████▌  | 15/20 [01:46<00:56, 11.40s/it]                  
Task 11, Epoch 16/20 => Loss -0.186, Train_accy 96.00:  80%|████████  | 16/20 [01:46<00:32,  8.24s/it]
Task 11, Epoch 17/20 => Loss -0.237, Train_accy 96.00:  80%|████████  | 16/20 [01:47<00:32,  8.24s/it]
Task 11, Epoch 17/20 => Loss -0.237, Train_accy 96.00:  85%|████████▌ | 17/20 [01:47<00:18,  6.10s/it]
Task 11, Epoch 18/20 => Loss -0.249, Train_accy 100.00:  85%|████████▌ | 17/20 [01:47<00:18,  6.10s/it]
Task 11, Epoch 18/20 => Loss -0.249, Train_accy 100.00:  90%|█████████ | 18/20 [01:47<00:09,  4.52s/it]
Task 11, Epoch 19/20 => Loss -0.277, Train_accy 100.00:  90%|█████████ | 18/20 [01:49<00:09,  4.52s/it]
Task 11, Epoch 19/20 => Loss -0.277, Train_accy 100.00:  95%|█████████▌| 19/20 [01:49<00:03,  3.47s/it]
Task 11, Epoch 20/20 => Loss -0.190, Train_accy 96.00, Test_accy 60.90:  95%|█████████▌| 19/20 [02:22<00:03,  3.47s/it]
Task 11, Epoch 20/20 => Loss -0.190, Train_accy 96.00, Test_accy 60.90: 100%|██████████| 20/20 [02:22<00:00, 12.62s/it]
Task 11, Epoch 20/20 => Loss -0.190, Train_accy 96.00, Test_accy 60.90: 100%|██████████| 20/20 [02:22<00:00,  7.15s/it]
2025-12-14 11:56:14,941 [l2p.py] => Task 11, Epoch 20/20 => Loss -0.190, Train_accy 96.00, Test_accy 60.90
2025-12-14 11:56:51,066 [trainer.py] => CNN: {'total': 60.9, '00-99': 91.98, '100-104': 17.54, '105-109': 1.67, '110-114': 1.92, '115-119': 0.0, '120-124': 1.64, '125-129': 21.05, '130-134': 12.28, '135-139': 14.0, '140-144': 8.93, '145-149': 12.31, '150-154': 0.0, '155-159': 96.0, '160-164': 80.0, '165-169': 76.0, '170-174': 88.0, '175-179': 100.0, '180-184': 88.0, '185-189': 84.0, '190-194': 88.0, '195-199': 80.0, 'old': 63.37, 'new': 0.0}
2025-12-14 11:56:51,067 [trainer.py] => CNN top1 curve: [92.5, 88.66, 84.65, 81.04, 76.34, 73.25, 71.33, 69.17, 67.33, 65.36, 63.25, 60.9]
2025-12-14 11:56:51,067 [trainer.py] => Average Accuracy (CNN): 74.48 

2025-12-14 11:56:51,070 [trainer.py] => All params: 172123793
2025-12-14 11:56:51,073 [trainer.py] => Trainable params: 353481
2025-12-14 11:56:51,073 [l2p.py] => Learning on 155-160

  0%|          | 0/20 [00:00<?, ?it/s]
Task 12, Epoch 1/20 => Loss 1.748, Train_accy 20.00:   0%|          | 0/20 [00:01<?, ?it/s]
Task 12, Epoch 1/20 => Loss 1.748, Train_accy 20.00:   5%|▌         | 1/20 [00:01<00:23,  1.22s/it]
Task 12, Epoch 2/20 => Loss 0.820, Train_accy 64.00:   5%|▌         | 1/20 [00:02<00:23,  1.22s/it]
Task 12, Epoch 2/20 => Loss 0.820, Train_accy 64.00:  10%|█         | 2/20 [00:02<00:21,  1.20s/it]
Task 12, Epoch 3/20 => Loss 0.142, Train_accy 96.00:  10%|█         | 2/20 [00:03<00:21,  1.20s/it]
Task 12, Epoch 3/20 => Loss 0.142, Train_accy 96.00:  15%|█▌        | 3/20 [00:03<00:19,  1.17s/it]
Task 12, Epoch 4/20 => Loss -0.130, Train_accy 100.00:  15%|█▌        | 3/20 [00:04<00:19,  1.17s/it]
Task 12, Epoch 4/20 => Loss -0.130, Train_accy 100.00:  20%|██        | 4/20 [00:04<00:18,  1.16s/it]
Task 12, Epoch 5/20 => Loss -0.183, Train_accy 100.00, Test_accy 59.04:  20%|██        | 4/20 [00:35<00:18,  1.16s/it]
Task 12, Epoch 5/20 => Loss -0.183, Train_accy 100.00, Test_accy 59.04:  25%|██▌       | 5/20 [00:35<02:56, 11.75s/it]
Task 12, Epoch 6/20 => Loss -0.127, Train_accy 96.00:  25%|██▌       | 5/20 [00:36<02:56, 11.75s/it]                  
Task 12, Epoch 6/20 => Loss -0.127, Train_accy 96.00:  30%|███       | 6/20 [00:36<01:54,  8.16s/it]
Task 12, Epoch 7/20 => Loss -0.183, Train_accy 96.00:  30%|███       | 6/20 [00:37<01:54,  8.16s/it]
Task 12, Epoch 7/20 => Loss -0.183, Train_accy 96.00:  35%|███▌      | 7/20 [00:37<01:16,  5.86s/it]
Task 12, Epoch 8/20 => Loss -0.187, Train_accy 100.00:  35%|███▌      | 7/20 [00:38<01:16,  5.86s/it]
Task 12, Epoch 8/20 => Loss -0.187, Train_accy 100.00:  40%|████      | 8/20 [00:38<00:51,  4.28s/it]
Task 12, Epoch 9/20 => Loss -0.240, Train_accy 100.00:  40%|████      | 8/20 [00:39<00:51,  4.28s/it]
Task 12, Epoch 9/20 => Loss -0.240, Train_accy 100.00:  45%|████▌     | 9/20 [00:39<00:35,  3.24s/it]
Task 12, Epoch 10/20 => Loss -0.218, Train_accy 100.00, Test_accy 59.36:  45%|████▌     | 9/20 [01:10<00:35,  3.24s/it]
Task 12, Epoch 10/20 => Loss -0.218, Train_accy 100.00, Test_accy 59.36:  50%|█████     | 10/20 [01:10<01:58, 11.86s/it]
Task 12, Epoch 11/20 => Loss -0.270, Train_accy 100.00:  50%|█████     | 10/20 [01:11<01:58, 11.86s/it]                 
Task 12, Epoch 11/20 => Loss -0.270, Train_accy 100.00:  55%|█████▌    | 11/20 [01:11<01:17,  8.61s/it]
Task 12, Epoch 12/20 => Loss -0.270, Train_accy 100.00:  55%|█████▌    | 11/20 [01:12<01:17,  8.61s/it]
Task 12, Epoch 12/20 => Loss -0.270, Train_accy 100.00:  60%|██████    | 12/20 [01:12<00:50,  6.35s/it]
Task 12, Epoch 13/20 => Loss -0.268, Train_accy 100.00:  60%|██████    | 12/20 [01:14<00:50,  6.35s/it]
Task 12, Epoch 13/20 => Loss -0.268, Train_accy 100.00:  65%|██████▌   | 13/20 [01:14<00:33,  4.78s/it]
Task 12, Epoch 14/20 => Loss -0.260, Train_accy 100.00:  65%|██████▌   | 13/20 [01:15<00:33,  4.78s/it]
Task 12, Epoch 14/20 => Loss -0.260, Train_accy 100.00:  70%|███████   | 14/20 [01:15<00:22,  3.69s/it]
Task 12, Epoch 15/20 => Loss -0.230, Train_accy 100.00, Test_accy 59.58:  70%|███████   | 14/20 [01:49<00:22,  3.69s/it]
Task 12, Epoch 15/20 => Loss -0.230, Train_accy 100.00, Test_accy 59.58:  75%|███████▌  | 15/20 [01:49<01:04, 12.81s/it]
Task 12, Epoch 16/20 => Loss -0.242, Train_accy 100.00:  75%|███████▌  | 15/20 [01:50<01:04, 12.81s/it]                 
Task 12, Epoch 16/20 => Loss -0.242, Train_accy 100.00:  80%|████████  | 16/20 [01:50<00:36,  9.25s/it]
Task 12, Epoch 17/20 => Loss -0.259, Train_accy 100.00:  80%|████████  | 16/20 [01:51<00:36,  9.25s/it]
Task 12, Epoch 17/20 => Loss -0.259, Train_accy 100.00:  85%|████████▌ | 17/20 [01:51<00:20,  6.74s/it]
Task 12, Epoch 18/20 => Loss -0.260, Train_accy 100.00:  85%|████████▌ | 17/20 [01:52<00:20,  6.74s/it]
Task 12, Epoch 18/20 => Loss -0.260, Train_accy 100.00:  90%|█████████ | 18/20 [01:52<00:09,  4.99s/it]
Task 12, Epoch 19/20 => Loss -0.206, Train_accy 96.00:  90%|█████████ | 18/20 [01:53<00:09,  4.99s/it] 
Task 12, Epoch 19/20 => Loss -0.206, Train_accy 96.00:  95%|█████████▌| 19/20 [01:53<00:03,  3.84s/it]
Task 12, Epoch 20/20 => Loss -0.258, Train_accy 100.00, Test_accy 59.63:  95%|█████████▌| 19/20 [02:24<00:03,  3.84s/it]
Task 12, Epoch 20/20 => Loss -0.258, Train_accy 100.00, Test_accy 59.63: 100%|██████████| 20/20 [02:24<00:00, 11.98s/it]
Task 12, Epoch 20/20 => Loss -0.258, Train_accy 100.00, Test_accy 59.63: 100%|██████████| 20/20 [02:24<00:00,  7.21s/it]
2025-12-14 11:59:15,253 [l2p.py] => Task 12, Epoch 20/20 => Loss -0.258, Train_accy 100.00, Test_accy 59.63
2025-12-14 11:59:52,519 [trainer.py] => CNN: {'total': 59.63, '00-99': 91.8, '100-104': 15.79, '105-109': 1.67, '110-114': 1.92, '115-119': 0.0, '120-124': 1.64, '125-129': 21.05, '130-134': 12.28, '135-139': 14.0, '140-144': 8.93, '145-149': 12.31, '150-154': 0.0, '155-159': 26.67, '160-164': 100.0, '165-169': 96.0, '170-174': 80.0, '175-179': 100.0, '180-184': 76.0, '185-189': 88.0, '190-194': 80.0, '195-199': 96.0, 'old': 60.73, 'new': 26.67}
2025-12-14 11:59:52,519 [trainer.py] => CNN top1 curve: [92.5, 88.66, 84.65, 81.04, 76.34, 73.25, 71.33, 69.17, 67.33, 65.36, 63.25, 60.9, 59.63]
2025-12-14 11:59:52,519 [trainer.py] => Average Accuracy (CNN): 73.34 

2025-12-14 11:59:52,521 [trainer.py] => All params: 172123793
2025-12-14 11:59:52,522 [trainer.py] => Trainable params: 353481
2025-12-14 11:59:52,522 [l2p.py] => Learning on 160-165

  0%|          | 0/20 [00:00<?, ?it/s]
Task 13, Epoch 1/20 => Loss 2.290, Train_accy 20.00:   0%|          | 0/20 [00:00<?, ?it/s]
Task 13, Epoch 1/20 => Loss 2.290, Train_accy 20.00:   5%|▌         | 1/20 [00:00<00:17,  1.08it/s]
Task 13, Epoch 2/20 => Loss 1.271, Train_accy 40.00:   5%|▌         | 1/20 [00:02<00:17,  1.08it/s]
Task 13, Epoch 2/20 => Loss 1.271, Train_accy 40.00:  10%|█         | 2/20 [00:02<00:19,  1.11s/it]
Task 13, Epoch 3/20 => Loss 0.388, Train_accy 76.00:  10%|█         | 2/20 [00:03<00:19,  1.11s/it]
Task 13, Epoch 3/20 => Loss 0.388, Train_accy 76.00:  15%|█▌        | 3/20 [00:03<00:18,  1.12s/it]
Task 13, Epoch 4/20 => Loss 0.082, Train_accy 88.00:  15%|█▌        | 3/20 [00:04<00:18,  1.12s/it]
Task 13, Epoch 4/20 => Loss 0.082, Train_accy 88.00:  20%|██        | 4/20 [00:04<00:18,  1.14s/it]
Task 13, Epoch 5/20 => Loss -0.091, Train_accy 96.00, Test_accy 57.96:  20%|██        | 4/20 [00:39<00:18,  1.14s/it]
Task 13, Epoch 5/20 => Loss -0.091, Train_accy 96.00, Test_accy 57.96:  25%|██▌       | 5/20 [00:39<03:22, 13.51s/it]
Task 13, Epoch 6/20 => Loss -0.133, Train_accy 96.00:  25%|██▌       | 5/20 [00:40<03:22, 13.51s/it]                 
Task 13, Epoch 6/20 => Loss -0.133, Train_accy 96.00:  30%|███       | 6/20 [00:40<02:09,  9.24s/it]
Task 13, Epoch 7/20 => Loss -0.129, Train_accy 96.00:  30%|███       | 6/20 [00:42<02:09,  9.24s/it]
Task 13, Epoch 7/20 => Loss -0.129, Train_accy 96.00:  35%|███▌      | 7/20 [00:42<01:25,  6.61s/it]
Task 13, Epoch 8/20 => Loss -0.115, Train_accy 92.00:  35%|███▌      | 7/20 [00:42<01:25,  6.61s/it]
Task 13, Epoch 8/20 => Loss -0.115, Train_accy 92.00:  40%|████      | 8/20 [00:42<00:57,  4.80s/it]
Task 13, Epoch 9/20 => Loss -0.224, Train_accy 100.00:  40%|████      | 8/20 [00:44<00:57,  4.80s/it]
Task 13, Epoch 9/20 => Loss -0.224, Train_accy 100.00:  45%|████▌     | 9/20 [00:44<00:40,  3.67s/it]
Task 13, Epoch 10/20 => Loss -0.177, Train_accy 96.00, Test_accy 57.96:  45%|████▌     | 9/20 [01:17<00:40,  3.67s/it]
Task 13, Epoch 10/20 => Loss -0.177, Train_accy 96.00, Test_accy 57.96:  50%|█████     | 10/20 [01:17<02:08, 12.86s/it]
Task 13, Epoch 11/20 => Loss -0.243, Train_accy 100.00:  50%|█████     | 10/20 [01:18<02:08, 12.86s/it]                
Task 13, Epoch 11/20 => Loss -0.243, Train_accy 100.00:  55%|█████▌    | 11/20 [01:18<01:23,  9.28s/it]
Task 13, Epoch 12/20 => Loss -0.226, Train_accy 100.00:  55%|█████▌    | 11/20 [01:19<01:23,  9.28s/it]
Task 13, Epoch 12/20 => Loss -0.226, Train_accy 100.00:  60%|██████    | 12/20 [01:19<00:54,  6.81s/it]
Task 13, Epoch 13/20 => Loss -0.223, Train_accy 100.00:  60%|██████    | 12/20 [01:21<00:54,  6.81s/it]
Task 13, Epoch 13/20 => Loss -0.223, Train_accy 100.00:  65%|██████▌   | 13/20 [01:21<00:35,  5.09s/it]
Task 13, Epoch 14/20 => Loss -0.283, Train_accy 100.00:  65%|██████▌   | 13/20 [01:22<00:35,  5.09s/it]
Task 13, Epoch 14/20 => Loss -0.283, Train_accy 100.00:  70%|███████   | 14/20 [01:22<00:23,  3.91s/it]
Task 13, Epoch 15/20 => Loss -0.269, Train_accy 100.00, Test_accy 58.07:  70%|███████   | 14/20 [01:53<00:23,  3.91s/it]
Task 13, Epoch 15/20 => Loss -0.269, Train_accy 100.00, Test_accy 58.07:  75%|███████▌  | 15/20 [01:53<01:00, 12.15s/it]
Task 13, Epoch 16/20 => Loss -0.286, Train_accy 100.00:  75%|███████▌  | 15/20 [01:54<01:00, 12.15s/it]                 
Task 13, Epoch 16/20 => Loss -0.286, Train_accy 100.00:  80%|████████  | 16/20 [01:54<00:35,  8.87s/it]
Task 13, Epoch 17/20 => Loss -0.281, Train_accy 100.00:  80%|████████  | 16/20 [01:55<00:35,  8.87s/it]
Task 13, Epoch 17/20 => Loss -0.281, Train_accy 100.00:  85%|████████▌ | 17/20 [01:55<00:19,  6.57s/it]
Task 13, Epoch 18/20 => Loss -0.058, Train_accy 92.00:  85%|████████▌ | 17/20 [01:57<00:19,  6.57s/it] 
Task 13, Epoch 18/20 => Loss -0.058, Train_accy 92.00:  90%|█████████ | 18/20 [01:57<00:09,  4.94s/it]
Task 13, Epoch 19/20 => Loss -0.284, Train_accy 100.00:  90%|█████████ | 18/20 [01:58<00:09,  4.94s/it]
Task 13, Epoch 19/20 => Loss -0.284, Train_accy 100.00:  95%|█████████▌| 19/20 [01:58<00:03,  3.81s/it]
Task 13, Epoch 20/20 => Loss -0.270, Train_accy 100.00, Test_accy 58.12:  95%|█████████▌| 19/20 [02:28<00:03,  3.81s/it]
Task 13, Epoch 20/20 => Loss -0.270, Train_accy 100.00, Test_accy 58.12: 100%|██████████| 20/20 [02:28<00:00, 11.83s/it]
Task 13, Epoch 20/20 => Loss -0.270, Train_accy 100.00, Test_accy 58.12: 100%|██████████| 20/20 [02:28<00:00,  7.44s/it]
2025-12-14 12:02:21,343 [l2p.py] => Task 13, Epoch 20/20 => Loss -0.270, Train_accy 100.00, Test_accy 58.12
2025-12-14 12:03:03,324 [trainer.py] => CNN: {'total': 58.12, '00-99': 91.98, '100-104': 15.79, '105-109': 1.67, '110-114': 1.92, '115-119': 0.0, '120-124': 1.64, '125-129': 21.05, '130-134': 12.28, '135-139': 14.0, '140-144': 10.71, '145-149': 12.31, '150-154': 0.0, '155-159': 26.67, '160-164': 3.51, '165-169': 84.0, '170-174': 80.0, '175-179': 100.0, '180-184': 92.0, '185-189': 84.0, '190-194': 96.0, '195-199': 92.0, 'old': 59.8, 'new': 3.51}
2025-12-14 12:03:03,325 [trainer.py] => CNN top1 curve: [92.5, 88.66, 84.65, 81.04, 76.34, 73.25, 71.33, 69.17, 67.33, 65.36, 63.25, 60.9, 59.63, 58.12]
2025-12-14 12:03:03,325 [trainer.py] => Average Accuracy (CNN): 72.25 

2025-12-14 12:03:03,327 [trainer.py] => All params: 172123793
2025-12-14 12:03:03,328 [trainer.py] => Trainable params: 353481
2025-12-14 12:03:03,328 [l2p.py] => Learning on 165-170

  0%|          | 0/20 [00:00<?, ?it/s]
Task 14, Epoch 1/20 => Loss 1.807, Train_accy 20.00:   0%|          | 0/20 [00:01<?, ?it/s]
Task 14, Epoch 1/20 => Loss 1.807, Train_accy 20.00:   5%|▌         | 1/20 [00:01<00:21,  1.13s/it]
Task 14, Epoch 2/20 => Loss 0.759, Train_accy 56.00:   5%|▌         | 1/20 [00:02<00:21,  1.13s/it]
Task 14, Epoch 2/20 => Loss 0.759, Train_accy 56.00:  10%|█         | 2/20 [00:02<00:19,  1.11s/it]
Task 14, Epoch 3/20 => Loss 0.316, Train_accy 84.00:  10%|█         | 2/20 [00:03<00:19,  1.11s/it]
Task 14, Epoch 3/20 => Loss 0.316, Train_accy 84.00:  15%|█▌        | 3/20 [00:03<00:18,  1.09s/it]
Task 14, Epoch 4/20 => Loss 0.009, Train_accy 96.00:  15%|█▌        | 3/20 [00:04<00:18,  1.09s/it]
Task 14, Epoch 4/20 => Loss 0.009, Train_accy 96.00:  20%|██        | 4/20 [00:04<00:17,  1.11s/it]
Task 14, Epoch 5/20 => Loss -0.142, Train_accy 100.00, Test_accy 56.30:  20%|██        | 4/20 [00:35<00:17,  1.11s/it]
Task 14, Epoch 5/20 => Loss -0.142, Train_accy 100.00, Test_accy 56.30:  25%|██▌       | 5/20 [00:35<02:58, 11.89s/it]
Task 14, Epoch 6/20 => Loss -0.008, Train_accy 92.00:  25%|██▌       | 5/20 [00:36<02:58, 11.89s/it]                  
Task 14, Epoch 6/20 => Loss -0.008, Train_accy 92.00:  30%|███       | 6/20 [00:36<01:55,  8.24s/it]
Task 14, Epoch 7/20 => Loss -0.216, Train_accy 100.00:  30%|███       | 6/20 [00:37<01:55,  8.24s/it]
Task 14, Epoch 7/20 => Loss -0.216, Train_accy 100.00:  35%|███▌      | 7/20 [00:37<01:16,  5.90s/it]
Task 14, Epoch 8/20 => Loss -0.159, Train_accy 92.00:  35%|███▌      | 7/20 [00:38<01:16,  5.90s/it] 
Task 14, Epoch 8/20 => Loss -0.159, Train_accy 92.00:  40%|████      | 8/20 [00:38<00:52,  4.38s/it]
Task 14, Epoch 9/20 => Loss -0.241, Train_accy 100.00:  40%|████      | 8/20 [00:39<00:52,  4.38s/it]
Task 14, Epoch 9/20 => Loss -0.241, Train_accy 100.00:  45%|████▌     | 9/20 [00:39<00:36,  3.35s/it]
Task 14, Epoch 10/20 => Loss -0.280, Train_accy 100.00, Test_accy 56.35:  45%|████▌     | 9/20 [01:13<00:36,  3.35s/it]
Task 14, Epoch 10/20 => Loss -0.280, Train_accy 100.00, Test_accy 56.35:  50%|█████     | 10/20 [01:13<02:05, 12.60s/it]
Task 14, Epoch 11/20 => Loss -0.307, Train_accy 100.00:  50%|█████     | 10/20 [01:14<02:05, 12.60s/it]                 
Task 14, Epoch 11/20 => Loss -0.307, Train_accy 100.00:  55%|█████▌    | 11/20 [01:14<01:21,  9.03s/it]
Task 14, Epoch 12/20 => Loss -0.247, Train_accy 96.00:  55%|█████▌    | 11/20 [01:15<01:21,  9.03s/it] 
Task 14, Epoch 12/20 => Loss -0.247, Train_accy 96.00:  60%|██████    | 12/20 [01:15<00:52,  6.60s/it]
Task 14, Epoch 13/20 => Loss -0.271, Train_accy 100.00:  60%|██████    | 12/20 [01:16<00:52,  6.60s/it]
Task 14, Epoch 13/20 => Loss -0.271, Train_accy 100.00:  65%|██████▌   | 13/20 [01:16<00:34,  4.88s/it]
Task 14, Epoch 14/20 => Loss -0.278, Train_accy 100.00:  65%|██████▌   | 13/20 [01:16<00:34,  4.88s/it]
Task 14, Epoch 14/20 => Loss -0.278, Train_accy 100.00:  70%|███████   | 14/20 [01:16<00:21,  3.66s/it]
Task 14, Epoch 15/20 => Loss -0.224, Train_accy 100.00, Test_accy 56.35:  70%|███████   | 14/20 [01:53<00:21,  3.66s/it]
Task 14, Epoch 15/20 => Loss -0.224, Train_accy 100.00, Test_accy 56.35:  75%|███████▌  | 15/20 [01:53<01:08, 13.60s/it]
Task 14, Epoch 16/20 => Loss -0.243, Train_accy 96.00:  75%|███████▌  | 15/20 [01:54<01:08, 13.60s/it]                  
Task 14, Epoch 16/20 => Loss -0.243, Train_accy 96.00:  80%|████████  | 16/20 [01:54<00:39,  9.83s/it]
Task 14, Epoch 17/20 => Loss -0.215, Train_accy 96.00:  80%|████████  | 16/20 [01:55<00:39,  9.83s/it]
Task 14, Epoch 17/20 => Loss -0.215, Train_accy 96.00:  85%|████████▌ | 17/20 [01:55<00:21,  7.15s/it]
Task 14, Epoch 18/20 => Loss -0.216, Train_accy 96.00:  85%|████████▌ | 17/20 [01:56<00:21,  7.15s/it]
Task 14, Epoch 18/20 => Loss -0.216, Train_accy 96.00:  90%|█████████ | 18/20 [01:56<00:10,  5.31s/it]
Task 14, Epoch 19/20 => Loss -0.263, Train_accy 96.00:  90%|█████████ | 18/20 [01:57<00:10,  5.31s/it]
Task 14, Epoch 19/20 => Loss -0.263, Train_accy 96.00:  95%|█████████▌| 19/20 [01:57<00:04,  4.02s/it]
Task 14, Epoch 20/20 => Loss -0.322, Train_accy 100.00, Test_accy 56.30:  95%|█████████▌| 19/20 [02:31<00:04,  4.02s/it]
Task 14, Epoch 20/20 => Loss -0.322, Train_accy 100.00, Test_accy 56.30: 100%|██████████| 20/20 [02:31<00:00, 12.88s/it]
Task 14, Epoch 20/20 => Loss -0.322, Train_accy 100.00, Test_accy 56.30: 100%|██████████| 20/20 [02:31<00:00,  7.56s/it]
2025-12-14 12:05:34,487 [l2p.py] => Task 14, Epoch 20/20 => Loss -0.322, Train_accy 100.00, Test_accy 56.30
2025-12-14 12:06:11,624 [trainer.py] => CNN: {'total': 56.3, '00-99': 91.98, '100-104': 15.79, '105-109': 1.67, '110-114': 1.92, '115-119': 0.0, '120-124': 1.64, '125-129': 21.05, '130-134': 12.28, '135-139': 14.0, '140-144': 8.93, '145-149': 12.31, '150-154': 0.0, '155-159': 26.67, '160-164': 3.51, '165-169': 0.0, '170-174': 92.0, '175-179': 96.0, '180-184': 88.0, '185-189': 84.0, '190-194': 100.0, '195-199': 80.0, 'old': 58.07, 'new': 0.0}
2025-12-14 12:06:11,624 [trainer.py] => CNN top1 curve: [92.5, 88.66, 84.65, 81.04, 76.34, 73.25, 71.33, 69.17, 67.33, 65.36, 63.25, 60.9, 59.63, 58.12, 56.3]
2025-12-14 12:06:11,624 [trainer.py] => Average Accuracy (CNN): 71.19 

2025-12-14 12:06:11,629 [trainer.py] => All params: 172123793
2025-12-14 12:06:11,632 [trainer.py] => Trainable params: 353481
2025-12-14 12:06:11,632 [l2p.py] => Learning on 170-175

  0%|          | 0/20 [00:00<?, ?it/s]
Task 15, Epoch 1/20 => Loss 1.981, Train_accy 12.00:   0%|          | 0/20 [00:01<?, ?it/s]
Task 15, Epoch 1/20 => Loss 1.981, Train_accy 12.00:   5%|▌         | 1/20 [00:01<00:21,  1.12s/it]
Task 15, Epoch 2/20 => Loss 1.033, Train_accy 48.00:   5%|▌         | 1/20 [00:02<00:21,  1.12s/it]
Task 15, Epoch 2/20 => Loss 1.033, Train_accy 48.00:  10%|█         | 2/20 [00:02<00:19,  1.11s/it]
Task 15, Epoch 3/20 => Loss 0.301, Train_accy 88.00:  10%|█         | 2/20 [00:03<00:19,  1.11s/it]
Task 15, Epoch 3/20 => Loss 0.301, Train_accy 88.00:  15%|█▌        | 3/20 [00:03<00:19,  1.12s/it]
Task 15, Epoch 4/20 => Loss 0.242, Train_accy 84.00:  15%|█▌        | 3/20 [00:04<00:19,  1.12s/it]
Task 15, Epoch 4/20 => Loss 0.242, Train_accy 84.00:  20%|██        | 4/20 [00:04<00:18,  1.13s/it]
Task 15, Epoch 5/20 => Loss -0.092, Train_accy 100.00, Test_accy 54.75:  20%|██        | 4/20 [00:41<00:18,  1.13s/it]
Task 15, Epoch 5/20 => Loss -0.092, Train_accy 100.00, Test_accy 54.75:  25%|██▌       | 5/20 [00:41<03:28, 13.89s/it]
Task 15, Epoch 6/20 => Loss -0.134, Train_accy 96.00:  25%|██▌       | 5/20 [00:42<03:28, 13.89s/it]                  
Task 15, Epoch 6/20 => Loss -0.134, Train_accy 96.00:  30%|███       | 6/20 [00:42<02:13,  9.56s/it]
Task 15, Epoch 7/20 => Loss -0.053, Train_accy 92.00:  30%|███       | 6/20 [00:43<02:13,  9.56s/it]
Task 15, Epoch 7/20 => Loss -0.053, Train_accy 92.00:  35%|███▌      | 7/20 [00:43<01:27,  6.75s/it]
Task 15, Epoch 8/20 => Loss -0.160, Train_accy 96.00:  35%|███▌      | 7/20 [00:44<01:27,  6.75s/it]
Task 15, Epoch 8/20 => Loss -0.160, Train_accy 96.00:  40%|████      | 8/20 [00:44<00:59,  4.98s/it]
Task 15, Epoch 9/20 => Loss -0.259, Train_accy 100.00:  40%|████      | 8/20 [00:45<00:59,  4.98s/it]
Task 15, Epoch 9/20 => Loss -0.259, Train_accy 100.00:  45%|████▌     | 9/20 [00:45<00:40,  3.70s/it]
Task 15, Epoch 10/20 => Loss -0.179, Train_accy 96.00, Test_accy 54.75:  45%|████▌     | 9/20 [01:18<00:40,  3.70s/it]
Task 15, Epoch 10/20 => Loss -0.179, Train_accy 96.00, Test_accy 54.75:  50%|█████     | 10/20 [01:18<02:08, 12.86s/it]
Task 15, Epoch 11/20 => Loss -0.164, Train_accy 96.00:  50%|█████     | 10/20 [01:19<02:08, 12.86s/it]                 
Task 15, Epoch 11/20 => Loss -0.164, Train_accy 96.00:  55%|█████▌    | 11/20 [01:19<01:23,  9.27s/it]
Task 15, Epoch 12/20 => Loss -0.270, Train_accy 100.00:  55%|█████▌    | 11/20 [01:20<01:23,  9.27s/it]
Task 15, Epoch 12/20 => Loss -0.270, Train_accy 100.00:  60%|██████    | 12/20 [01:20<00:54,  6.81s/it]
Task 15, Epoch 13/20 => Loss -0.202, Train_accy 96.00:  60%|██████    | 12/20 [01:22<00:54,  6.81s/it] 
Task 15, Epoch 13/20 => Loss -0.202, Train_accy 96.00:  65%|██████▌   | 13/20 [01:22<00:35,  5.13s/it]
Task 15, Epoch 14/20 => Loss -0.152, Train_accy 96.00:  65%|██████▌   | 13/20 [01:23<00:35,  5.13s/it]
Task 15, Epoch 14/20 => Loss -0.152, Train_accy 96.00:  70%|███████   | 14/20 [01:23<00:23,  3.86s/it]
Task 15, Epoch 15/20 => Loss -0.296, Train_accy 100.00, Test_accy 54.70:  70%|███████   | 14/20 [01:54<00:23,  3.86s/it]
Task 15, Epoch 15/20 => Loss -0.296, Train_accy 100.00, Test_accy 54.70:  75%|███████▌  | 15/20 [01:54<01:01, 12.29s/it]
Task 15, Epoch 16/20 => Loss -0.280, Train_accy 100.00:  75%|███████▌  | 15/20 [01:56<01:01, 12.29s/it]                 
Task 15, Epoch 16/20 => Loss -0.280, Train_accy 100.00:  80%|████████  | 16/20 [01:56<00:35,  8.93s/it]
Task 15, Epoch 17/20 => Loss -0.175, Train_accy 96.00:  80%|████████  | 16/20 [01:57<00:35,  8.93s/it] 
Task 15, Epoch 17/20 => Loss -0.175, Train_accy 96.00:  85%|████████▌ | 17/20 [01:57<00:19,  6.61s/it]
Task 15, Epoch 18/20 => Loss -0.276, Train_accy 100.00:  85%|████████▌ | 17/20 [01:58<00:19,  6.61s/it]
Task 15, Epoch 18/20 => Loss -0.276, Train_accy 100.00:  90%|█████████ | 18/20 [01:58<00:09,  4.95s/it]
Task 15, Epoch 19/20 => Loss -0.222, Train_accy 96.00:  90%|█████████ | 18/20 [01:59<00:09,  4.95s/it] 
Task 15, Epoch 19/20 => Loss -0.222, Train_accy 96.00:  95%|█████████▌| 19/20 [01:59<00:03,  3.82s/it]
Task 15, Epoch 20/20 => Loss -0.234, Train_accy 100.00, Test_accy 54.65:  95%|█████████▌| 19/20 [02:36<00:03,  3.82s/it]
Task 15, Epoch 20/20 => Loss -0.234, Train_accy 100.00, Test_accy 54.65: 100%|██████████| 20/20 [02:36<00:00, 13.72s/it]
Task 15, Epoch 20/20 => Loss -0.234, Train_accy 100.00, Test_accy 54.65: 100%|██████████| 20/20 [02:36<00:00,  7.82s/it]
2025-12-14 12:08:47,958 [l2p.py] => Task 15, Epoch 20/20 => Loss -0.234, Train_accy 100.00, Test_accy 54.65
2025-12-14 12:09:27,033 [trainer.py] => CNN: {'total': 54.65, '00-99': 91.8, '100-104': 15.79, '105-109': 3.33, '110-114': 1.92, '115-119': 0.0, '120-124': 1.64, '125-129': 21.05, '130-134': 12.28, '135-139': 14.0, '140-144': 8.93, '145-149': 12.31, '150-154': 0.0, '155-159': 26.67, '160-164': 3.51, '165-169': 0.0, '170-174': 0.0, '175-179': 92.0, '180-184': 88.0, '185-189': 88.0, '190-194': 84.0, '195-199': 80.0, 'old': 56.25, 'new': 0.0}
2025-12-14 12:09:27,033 [trainer.py] => CNN top1 curve: [92.5, 88.66, 84.65, 81.04, 76.34, 73.25, 71.33, 69.17, 67.33, 65.36, 63.25, 60.9, 59.63, 58.12, 56.3, 54.65]
2025-12-14 12:09:27,033 [trainer.py] => Average Accuracy (CNN): 70.16 

2025-12-14 12:09:27,036 [trainer.py] => All params: 172123793
2025-12-14 12:09:27,037 [trainer.py] => Trainable params: 353481
2025-12-14 12:09:27,037 [l2p.py] => Learning on 175-180

  0%|          | 0/20 [00:00<?, ?it/s]
Task 16, Epoch 1/20 => Loss 1.815, Train_accy 12.00:   0%|          | 0/20 [00:01<?, ?it/s]
Task 16, Epoch 1/20 => Loss 1.815, Train_accy 12.00:   5%|▌         | 1/20 [00:01<00:22,  1.16s/it]
Task 16, Epoch 2/20 => Loss 0.685, Train_accy 68.00:   5%|▌         | 1/20 [00:02<00:22,  1.16s/it]
Task 16, Epoch 2/20 => Loss 0.685, Train_accy 68.00:  10%|█         | 2/20 [00:02<00:21,  1.17s/it]
Task 16, Epoch 3/20 => Loss 0.223, Train_accy 88.00:  10%|█         | 2/20 [00:03<00:21,  1.17s/it]
Task 16, Epoch 3/20 => Loss 0.223, Train_accy 88.00:  15%|█▌        | 3/20 [00:03<00:19,  1.14s/it]
Task 16, Epoch 4/20 => Loss 0.006, Train_accy 96.00:  15%|█▌        | 3/20 [00:04<00:19,  1.14s/it]
Task 16, Epoch 4/20 => Loss 0.006, Train_accy 96.00:  20%|██        | 4/20 [00:04<00:18,  1.14s/it]
Task 16, Epoch 5/20 => Loss -0.154, Train_accy 96.00, Test_accy 52.81:  20%|██        | 4/20 [00:38<00:18,  1.14s/it]
Task 16, Epoch 5/20 => Loss -0.154, Train_accy 96.00, Test_accy 52.81:  25%|██▌       | 5/20 [00:38<03:14, 12.94s/it]
Task 16, Epoch 6/20 => Loss -0.086, Train_accy 92.00:  25%|██▌       | 5/20 [00:39<03:14, 12.94s/it]                 
Task 16, Epoch 6/20 => Loss -0.086, Train_accy 92.00:  30%|███       | 6/20 [00:39<02:05,  8.94s/it]
Task 16, Epoch 7/20 => Loss -0.111, Train_accy 92.00:  30%|███       | 6/20 [00:40<02:05,  8.94s/it]
Task 16, Epoch 7/20 => Loss -0.111, Train_accy 92.00:  35%|███▌      | 7/20 [00:40<01:23,  6.39s/it]
Task 16, Epoch 8/20 => Loss -0.127, Train_accy 92.00:  35%|███▌      | 7/20 [00:41<01:23,  6.39s/it]
Task 16, Epoch 8/20 => Loss -0.127, Train_accy 92.00:  40%|████      | 8/20 [00:41<00:56,  4.75s/it]
Task 16, Epoch 9/20 => Loss -0.078, Train_accy 92.00:  40%|████      | 8/20 [00:43<00:56,  4.75s/it]
Task 16, Epoch 9/20 => Loss -0.078, Train_accy 92.00:  45%|████▌     | 9/20 [00:43<00:39,  3.61s/it]
Task 16, Epoch 10/20 => Loss -0.176, Train_accy 96.00, Test_accy 53.00:  45%|████▌     | 9/20 [01:20<00:39,  3.61s/it]
Task 16, Epoch 10/20 => Loss -0.176, Train_accy 96.00, Test_accy 53.00:  50%|█████     | 10/20 [01:20<02:19, 13.96s/it]
Task 16, Epoch 11/20 => Loss -0.245, Train_accy 100.00:  50%|█████     | 10/20 [01:21<02:19, 13.96s/it]                
Task 16, Epoch 11/20 => Loss -0.245, Train_accy 100.00:  55%|█████▌    | 11/20 [01:21<01:30, 10.04s/it]
Task 16, Epoch 12/20 => Loss -0.251, Train_accy 100.00:  55%|█████▌    | 11/20 [01:22<01:30, 10.04s/it]
Task 16, Epoch 12/20 => Loss -0.251, Train_accy 100.00:  60%|██████    | 12/20 [01:22<00:58,  7.28s/it]
Task 16, Epoch 13/20 => Loss -0.118, Train_accy 96.00:  60%|██████    | 12/20 [01:23<00:58,  7.28s/it] 
Task 16, Epoch 13/20 => Loss -0.118, Train_accy 96.00:  65%|██████▌   | 13/20 [01:23<00:37,  5.41s/it]
Task 16, Epoch 14/20 => Loss -0.168, Train_accy 96.00:  65%|██████▌   | 13/20 [01:24<00:37,  5.41s/it]
Task 16, Epoch 14/20 => Loss -0.168, Train_accy 96.00:  70%|███████   | 14/20 [01:24<00:24,  4.05s/it]
Task 16, Epoch 15/20 => Loss -0.273, Train_accy 100.00, Test_accy 53.38:  70%|███████   | 14/20 [02:02<00:24,  4.05s/it]
Task 16, Epoch 15/20 => Loss -0.273, Train_accy 100.00, Test_accy 53.38:  75%|███████▌  | 15/20 [02:02<01:12, 14.40s/it]
Task 16, Epoch 16/20 => Loss -0.198, Train_accy 96.00:  75%|███████▌  | 15/20 [02:03<01:12, 14.40s/it]                  
Task 16, Epoch 16/20 => Loss -0.198, Train_accy 96.00:  80%|████████  | 16/20 [02:03<00:41, 10.40s/it]
Task 16, Epoch 17/20 => Loss -0.286, Train_accy 100.00:  80%|████████  | 16/20 [02:05<00:41, 10.40s/it]
Task 16, Epoch 17/20 => Loss -0.286, Train_accy 100.00:  85%|████████▌ | 17/20 [02:05<00:22,  7.63s/it]
Task 16, Epoch 18/20 => Loss -0.292, Train_accy 100.00:  85%|████████▌ | 17/20 [02:06<00:22,  7.63s/it]
Task 16, Epoch 18/20 => Loss -0.292, Train_accy 100.00:  90%|█████████ | 18/20 [02:06<00:11,  5.68s/it]
Task 16, Epoch 19/20 => Loss -0.249, Train_accy 96.00:  90%|█████████ | 18/20 [02:07<00:11,  5.68s/it] 
Task 16, Epoch 19/20 => Loss -0.249, Train_accy 96.00:  95%|█████████▌| 19/20 [02:07<00:04,  4.31s/it]
Task 16, Epoch 20/20 => Loss -0.291, Train_accy 100.00, Test_accy 53.95:  95%|█████████▌| 19/20 [02:40<00:04,  4.31s/it]
Task 16, Epoch 20/20 => Loss -0.291, Train_accy 100.00, Test_accy 53.95: 100%|██████████| 20/20 [02:40<00:00, 13.02s/it]
Task 16, Epoch 20/20 => Loss -0.291, Train_accy 100.00, Test_accy 53.95: 100%|██████████| 20/20 [02:40<00:00,  8.03s/it]
2025-12-14 12:12:07,686 [l2p.py] => Task 16, Epoch 20/20 => Loss -0.291, Train_accy 100.00, Test_accy 53.95
2025-12-14 12:12:47,580 [trainer.py] => CNN: {'total': 53.95, '00-99': 91.8, '100-104': 17.54, '105-109': 1.67, '110-114': 1.92, '115-119': 0.0, '120-124': 0.0, '125-129': 21.05, '130-134': 12.28, '135-139': 14.0, '140-144': 8.93, '145-149': 12.31, '150-154': 0.0, '155-159': 26.67, '160-164': 3.51, '165-169': 0.0, '170-174': 0.0, '175-179': 34.78, '180-184': 80.0, '185-189': 88.0, '190-194': 96.0, '195-199': 100.0, 'old': 54.6, 'new': 34.78}
2025-12-14 12:12:47,580 [trainer.py] => CNN top1 curve: [92.5, 88.66, 84.65, 81.04, 76.34, 73.25, 71.33, 69.17, 67.33, 65.36, 63.25, 60.9, 59.63, 58.12, 56.3, 54.65, 53.95]
2025-12-14 12:12:47,580 [trainer.py] => Average Accuracy (CNN): 69.2 

2025-12-14 12:12:47,582 [trainer.py] => All params: 172123793
2025-12-14 12:12:47,583 [trainer.py] => Trainable params: 353481
2025-12-14 12:12:47,583 [l2p.py] => Learning on 180-185

  0%|          | 0/20 [00:00<?, ?it/s]
Task 17, Epoch 1/20 => Loss 2.054, Train_accy 0.00:   0%|          | 0/20 [00:00<?, ?it/s]
Task 17, Epoch 1/20 => Loss 2.054, Train_accy 0.00:   5%|▌         | 1/20 [00:00<00:15,  1.22it/s]
Task 17, Epoch 2/20 => Loss 1.000, Train_accy 64.00:   5%|▌         | 1/20 [00:01<00:15,  1.22it/s]
Task 17, Epoch 2/20 => Loss 1.000, Train_accy 64.00:  10%|█         | 2/20 [00:01<00:12,  1.39it/s]
Task 17, Epoch 3/20 => Loss 0.203, Train_accy 96.00:  10%|█         | 2/20 [00:02<00:12,  1.39it/s]
Task 17, Epoch 3/20 => Loss 0.203, Train_accy 96.00:  15%|█▌        | 3/20 [00:02<00:12,  1.33it/s]
Task 17, Epoch 4/20 => Loss -0.020, Train_accy 96.00:  15%|█▌        | 3/20 [00:03<00:12,  1.33it/s]
Task 17, Epoch 4/20 => Loss -0.020, Train_accy 96.00:  20%|██        | 4/20 [00:03<00:12,  1.25it/s]
Task 17, Epoch 5/20 => Loss -0.167, Train_accy 100.00, Test_accy 52.61:  20%|██        | 4/20 [00:42<00:12,  1.25it/s]
Task 17, Epoch 5/20 => Loss -0.167, Train_accy 100.00, Test_accy 52.61:  25%|██▌       | 5/20 [00:42<03:42, 14.87s/it]
Task 17, Epoch 6/20 => Loss -0.095, Train_accy 96.00:  25%|██▌       | 5/20 [00:44<03:42, 14.87s/it]                  
Task 17, Epoch 6/20 => Loss -0.095, Train_accy 96.00:  30%|███       | 6/20 [00:44<02:22, 10.21s/it]
Task 17, Epoch 7/20 => Loss -0.061, Train_accy 96.00:  30%|███       | 6/20 [00:45<02:22, 10.21s/it]
Task 17, Epoch 7/20 => Loss -0.061, Train_accy 96.00:  35%|███▌      | 7/20 [00:45<01:34,  7.24s/it]
Task 17, Epoch 8/20 => Loss -0.256, Train_accy 100.00:  35%|███▌      | 7/20 [00:46<01:34,  7.24s/it]
Task 17, Epoch 8/20 => Loss -0.256, Train_accy 100.00:  40%|████      | 8/20 [00:46<01:03,  5.30s/it]
Task 17, Epoch 9/20 => Loss -0.211, Train_accy 100.00:  40%|████      | 8/20 [00:47<01:03,  5.30s/it]
Task 17, Epoch 9/20 => Loss -0.211, Train_accy 100.00:  45%|████▌     | 9/20 [00:47<00:43,  4.00s/it]
Task 17, Epoch 10/20 => Loss -0.250, Train_accy 100.00, Test_accy 52.61:  45%|████▌     | 9/20 [01:20<00:43,  4.00s/it]
Task 17, Epoch 10/20 => Loss -0.250, Train_accy 100.00, Test_accy 52.61:  50%|█████     | 10/20 [01:20<02:09, 12.99s/it]
Task 17, Epoch 11/20 => Loss -0.255, Train_accy 100.00:  50%|█████     | 10/20 [01:21<02:09, 12.99s/it]                 
Task 17, Epoch 11/20 => Loss -0.255, Train_accy 100.00:  55%|█████▌    | 11/20 [01:21<01:24,  9.37s/it]
Task 17, Epoch 12/20 => Loss -0.274, Train_accy 100.00:  55%|█████▌    | 11/20 [01:22<01:24,  9.37s/it]
Task 17, Epoch 12/20 => Loss -0.274, Train_accy 100.00:  60%|██████    | 12/20 [01:22<00:54,  6.86s/it]
Task 17, Epoch 13/20 => Loss -0.256, Train_accy 100.00:  60%|██████    | 12/20 [01:23<00:54,  6.86s/it]
Task 17, Epoch 13/20 => Loss -0.256, Train_accy 100.00:  65%|██████▌   | 13/20 [01:23<00:35,  5.10s/it]
Task 17, Epoch 14/20 => Loss -0.229, Train_accy 100.00:  65%|██████▌   | 13/20 [01:25<00:35,  5.10s/it]
Task 17, Epoch 14/20 => Loss -0.229, Train_accy 100.00:  70%|███████   | 14/20 [01:25<00:23,  3.89s/it]
Task 17, Epoch 15/20 => Loss -0.242, Train_accy 100.00, Test_accy 52.61:  70%|███████   | 14/20 [02:01<00:23,  3.89s/it]
Task 17, Epoch 15/20 => Loss -0.242, Train_accy 100.00, Test_accy 52.61:  75%|███████▌  | 15/20 [02:01<01:07, 13.57s/it]
Task 17, Epoch 16/20 => Loss -0.252, Train_accy 100.00:  75%|███████▌  | 15/20 [02:01<01:07, 13.57s/it]                 
Task 17, Epoch 16/20 => Loss -0.252, Train_accy 100.00:  80%|████████  | 16/20 [02:01<00:38,  9.75s/it]
Task 17, Epoch 17/20 => Loss -0.249, Train_accy 100.00:  80%|████████  | 16/20 [02:02<00:38,  9.75s/it]
Task 17, Epoch 17/20 => Loss -0.249, Train_accy 100.00:  85%|████████▌ | 17/20 [02:02<00:21,  7.12s/it]
Task 17, Epoch 18/20 => Loss -0.216, Train_accy 96.00:  85%|████████▌ | 17/20 [02:03<00:21,  7.12s/it] 
Task 17, Epoch 18/20 => Loss -0.216, Train_accy 96.00:  90%|█████████ | 18/20 [02:03<00:10,  5.28s/it]
Task 17, Epoch 19/20 => Loss -0.262, Train_accy 100.00:  90%|█████████ | 18/20 [02:04<00:10,  5.28s/it]
Task 17, Epoch 19/20 => Loss -0.262, Train_accy 100.00:  95%|█████████▌| 19/20 [02:04<00:03,  3.98s/it]
Task 17, Epoch 20/20 => Loss -0.239, Train_accy 100.00, Test_accy 52.66:  95%|█████████▌| 19/20 [02:45<00:03,  3.98s/it]
Task 17, Epoch 20/20 => Loss -0.239, Train_accy 100.00, Test_accy 52.66: 100%|██████████| 20/20 [02:45<00:00, 14.89s/it]
Task 17, Epoch 20/20 => Loss -0.239, Train_accy 100.00, Test_accy 52.66: 100%|██████████| 20/20 [02:45<00:00,  8.26s/it]
2025-12-14 12:15:32,784 [l2p.py] => Task 17, Epoch 20/20 => Loss -0.239, Train_accy 100.00, Test_accy 52.66
2025-12-14 12:16:08,260 [trainer.py] => CNN: {'total': 52.66, '00-99': 91.98, '100-104': 17.54, '105-109': 1.67, '110-114': 1.92, '115-119': 0.0, '120-124': 0.0, '125-129': 21.05, '130-134': 12.28, '135-139': 14.0, '140-144': 8.93, '145-149': 12.31, '150-154': 0.0, '155-159': 26.67, '160-164': 3.51, '165-169': 0.0, '170-174': 0.0, '175-179': 36.23, '180-184': 3.28, '185-189': 96.0, '190-194': 96.0, '195-199': 100.0, 'old': 54.09, 'new': 3.28}
2025-12-14 12:16:08,261 [trainer.py] => CNN top1 curve: [92.5, 88.66, 84.65, 81.04, 76.34, 73.25, 71.33, 69.17, 67.33, 65.36, 63.25, 60.9, 59.63, 58.12, 56.3, 54.65, 53.95, 52.66]
2025-12-14 12:16:08,261 [trainer.py] => Average Accuracy (CNN): 68.28 

2025-12-14 12:16:08,264 [trainer.py] => All params: 172123793
2025-12-14 12:16:08,266 [trainer.py] => Trainable params: 353481
2025-12-14 12:16:08,266 [l2p.py] => Learning on 185-190

  0%|          | 0/20 [00:00<?, ?it/s]
Task 18, Epoch 1/20 => Loss 1.975, Train_accy 20.00:   0%|          | 0/20 [00:01<?, ?it/s]
Task 18, Epoch 1/20 => Loss 1.975, Train_accy 20.00:   5%|▌         | 1/20 [00:01<00:20,  1.11s/it]
Task 18, Epoch 2/20 => Loss 1.054, Train_accy 52.00:   5%|▌         | 1/20 [00:02<00:20,  1.11s/it]
Task 18, Epoch 2/20 => Loss 1.054, Train_accy 52.00:  10%|█         | 2/20 [00:02<00:19,  1.09s/it]
Task 18, Epoch 3/20 => Loss 0.458, Train_accy 68.00:  10%|█         | 2/20 [00:03<00:19,  1.09s/it]
Task 18, Epoch 3/20 => Loss 0.458, Train_accy 68.00:  15%|█▌        | 3/20 [00:03<00:18,  1.11s/it]
Task 18, Epoch 4/20 => Loss 0.310, Train_accy 76.00:  15%|█▌        | 3/20 [00:04<00:18,  1.11s/it]
Task 18, Epoch 4/20 => Loss 0.310, Train_accy 76.00:  20%|██        | 4/20 [00:04<00:17,  1.11s/it]
Task 18, Epoch 5/20 => Loss -0.122, Train_accy 100.00, Test_accy 51.35:  20%|██        | 4/20 [00:43<00:17,  1.11s/it]
Task 18, Epoch 5/20 => Loss -0.122, Train_accy 100.00, Test_accy 51.35:  25%|██▌       | 5/20 [00:43<03:40, 14.70s/it]
Task 18, Epoch 6/20 => Loss -0.078, Train_accy 92.00:  25%|██▌       | 5/20 [00:44<03:40, 14.70s/it]                  
Task 18, Epoch 6/20 => Loss -0.078, Train_accy 92.00:  30%|███       | 6/20 [00:44<02:20, 10.00s/it]
Task 18, Epoch 7/20 => Loss -0.091, Train_accy 96.00:  30%|███       | 6/20 [00:45<02:20, 10.00s/it]
Task 18, Epoch 7/20 => Loss -0.091, Train_accy 96.00:  35%|███▌      | 7/20 [00:45<01:31,  7.06s/it]
Task 18, Epoch 8/20 => Loss -0.234, Train_accy 100.00:  35%|███▌      | 7/20 [00:46<01:31,  7.06s/it]
Task 18, Epoch 8/20 => Loss -0.234, Train_accy 100.00:  40%|████      | 8/20 [00:46<01:01,  5.13s/it]
Task 18, Epoch 9/20 => Loss -0.150, Train_accy 96.00:  40%|████      | 8/20 [00:46<01:01,  5.13s/it] 
Task 18, Epoch 9/20 => Loss -0.150, Train_accy 96.00:  45%|████▌     | 9/20 [00:46<00:41,  3.79s/it]
Task 18, Epoch 10/20 => Loss -0.049, Train_accy 96.00, Test_accy 51.22:  45%|████▌     | 9/20 [01:27<00:41,  3.79s/it]
Task 18, Epoch 10/20 => Loss -0.049, Train_accy 96.00, Test_accy 51.22:  50%|█████     | 10/20 [01:27<02:30, 15.04s/it]
Task 18, Epoch 11/20 => Loss -0.030, Train_accy 92.00:  50%|█████     | 10/20 [01:28<02:30, 15.04s/it]                 
Task 18, Epoch 11/20 => Loss -0.030, Train_accy 92.00:  55%|█████▌    | 11/20 [01:28<01:36, 10.78s/it]
Task 18, Epoch 12/20 => Loss -0.181, Train_accy 100.00:  55%|█████▌    | 11/20 [01:29<01:36, 10.78s/it]
Task 18, Epoch 12/20 => Loss -0.181, Train_accy 100.00:  60%|██████    | 12/20 [01:29<01:02,  7.84s/it]
Task 18, Epoch 13/20 => Loss -0.258, Train_accy 100.00:  60%|██████    | 12/20 [01:30<01:02,  7.84s/it]
Task 18, Epoch 13/20 => Loss -0.258, Train_accy 100.00:  65%|██████▌   | 13/20 [01:30<00:40,  5.75s/it]
Task 18, Epoch 14/20 => Loss -0.212, Train_accy 100.00:  65%|██████▌   | 13/20 [01:31<00:40,  5.75s/it]
Task 18, Epoch 14/20 => Loss -0.212, Train_accy 100.00:  70%|███████   | 14/20 [01:31<00:25,  4.26s/it]
Task 18, Epoch 15/20 => Loss -0.232, Train_accy 100.00, Test_accy 51.17:  70%|███████   | 14/20 [02:06<00:25,  4.26s/it]
Task 18, Epoch 15/20 => Loss -0.232, Train_accy 100.00, Test_accy 51.17:  75%|███████▌  | 15/20 [02:06<01:07, 13.49s/it]
Task 18, Epoch 16/20 => Loss -0.211, Train_accy 96.00:  75%|███████▌  | 15/20 [02:07<01:07, 13.49s/it]                  
Task 18, Epoch 16/20 => Loss -0.211, Train_accy 96.00:  80%|████████  | 16/20 [02:07<00:39,  9.76s/it]
Task 18, Epoch 17/20 => Loss -0.208, Train_accy 96.00:  80%|████████  | 16/20 [02:08<00:39,  9.76s/it]
Task 18, Epoch 17/20 => Loss -0.208, Train_accy 96.00:  85%|████████▌ | 17/20 [02:08<00:21,  7.16s/it]
Task 18, Epoch 18/20 => Loss -0.279, Train_accy 100.00:  85%|████████▌ | 17/20 [02:09<00:21,  7.16s/it]
Task 18, Epoch 18/20 => Loss -0.279, Train_accy 100.00:  90%|█████████ | 18/20 [02:09<00:10,  5.35s/it]
Task 18, Epoch 19/20 => Loss -0.269, Train_accy 100.00:  90%|█████████ | 18/20 [02:10<00:10,  5.35s/it]
Task 18, Epoch 19/20 => Loss -0.269, Train_accy 100.00:  95%|█████████▌| 19/20 [02:10<00:04,  4.07s/it]
Task 18, Epoch 20/20 => Loss -0.173, Train_accy 96.00, Test_accy 51.22:  95%|█████████▌| 19/20 [02:49<00:04,  4.07s/it]
Task 18, Epoch 20/20 => Loss -0.173, Train_accy 96.00, Test_accy 51.22: 100%|██████████| 20/20 [02:49<00:00, 14.51s/it]
Task 18, Epoch 20/20 => Loss -0.173, Train_accy 96.00, Test_accy 51.22: 100%|██████████| 20/20 [02:49<00:00,  8.47s/it]
2025-12-14 12:18:57,603 [l2p.py] => Task 18, Epoch 20/20 => Loss -0.173, Train_accy 96.00, Test_accy 51.22
2025-12-14 12:19:37,067 [trainer.py] => CNN: {'total': 51.22, '00-99': 91.98, '100-104': 15.79, '105-109': 1.67, '110-114': 1.92, '115-119': 0.0, '120-124': 0.0, '125-129': 21.05, '130-134': 12.28, '135-139': 14.0, '140-144': 8.93, '145-149': 12.31, '150-154': 0.0, '155-159': 26.67, '160-164': 3.51, '165-169': 0.0, '170-174': 0.0, '175-179': 34.78, '180-184': 3.28, '185-189': 0.0, '190-194': 100.0, '195-199': 100.0, 'old': 52.57, 'new': 0.0}
2025-12-14 12:19:37,068 [trainer.py] => CNN top1 curve: [92.5, 88.66, 84.65, 81.04, 76.34, 73.25, 71.33, 69.17, 67.33, 65.36, 63.25, 60.9, 59.63, 58.12, 56.3, 54.65, 53.95, 52.66, 51.22]
2025-12-14 12:19:37,068 [trainer.py] => Average Accuracy (CNN): 67.38 

2025-12-14 12:19:37,069 [trainer.py] => All params: 172123793
2025-12-14 12:19:37,071 [trainer.py] => Trainable params: 353481
2025-12-14 12:19:37,071 [l2p.py] => Learning on 190-195

  0%|          | 0/20 [00:00<?, ?it/s]
Task 19, Epoch 1/20 => Loss 1.792, Train_accy 36.00:   0%|          | 0/20 [00:01<?, ?it/s]
Task 19, Epoch 1/20 => Loss 1.792, Train_accy 36.00:   5%|▌         | 1/20 [00:01<00:20,  1.10s/it]
Task 19, Epoch 2/20 => Loss 0.791, Train_accy 68.00:   5%|▌         | 1/20 [00:02<00:20,  1.10s/it]
Task 19, Epoch 2/20 => Loss 0.791, Train_accy 68.00:  10%|█         | 2/20 [00:02<00:19,  1.09s/it]
Task 19, Epoch 3/20 => Loss 0.253, Train_accy 92.00:  10%|█         | 2/20 [00:03<00:19,  1.09s/it]
Task 19, Epoch 3/20 => Loss 0.253, Train_accy 92.00:  15%|█▌        | 3/20 [00:03<00:18,  1.09s/it]
Task 19, Epoch 4/20 => Loss 0.045, Train_accy 100.00:  15%|█▌        | 3/20 [00:04<00:18,  1.09s/it]
Task 19, Epoch 4/20 => Loss 0.045, Train_accy 100.00:  20%|██        | 4/20 [00:04<00:17,  1.10s/it]
Task 19, Epoch 5/20 => Loss -0.117, Train_accy 96.00, Test_accy 49.65:  20%|██        | 4/20 [00:40<00:17,  1.10s/it]
Task 19, Epoch 5/20 => Loss -0.117, Train_accy 96.00, Test_accy 49.65:  25%|██▌       | 5/20 [00:40<03:27, 13.83s/it]
Task 19, Epoch 6/20 => Loss -0.156, Train_accy 100.00:  25%|██▌       | 5/20 [00:41<03:27, 13.83s/it]                
Task 19, Epoch 6/20 => Loss -0.156, Train_accy 100.00:  30%|███       | 6/20 [00:41<02:13,  9.50s/it]
Task 19, Epoch 7/20 => Loss -0.122, Train_accy 100.00:  30%|███       | 6/20 [00:42<02:13,  9.50s/it]
Task 19, Epoch 7/20 => Loss -0.122, Train_accy 100.00:  35%|███▌      | 7/20 [00:42<01:27,  6.75s/it]
Task 19, Epoch 8/20 => Loss -0.147, Train_accy 100.00:  35%|███▌      | 7/20 [00:44<01:27,  6.75s/it]
Task 19, Epoch 8/20 => Loss -0.147, Train_accy 100.00:  40%|████      | 8/20 [00:44<00:59,  4.96s/it]
Task 19, Epoch 9/20 => Loss -0.161, Train_accy 96.00:  40%|████      | 8/20 [00:45<00:59,  4.96s/it] 
Task 19, Epoch 9/20 => Loss -0.161, Train_accy 96.00:  45%|████▌     | 9/20 [00:45<00:41,  3.76s/it]
Task 19, Epoch 10/20 => Loss -0.069, Train_accy 92.00, Test_accy 49.74:  45%|████▌     | 9/20 [01:22<00:41,  3.76s/it]
Task 19, Epoch 10/20 => Loss -0.069, Train_accy 92.00, Test_accy 49.74:  50%|█████     | 10/20 [01:22<02:22, 14.20s/it]
Task 19, Epoch 11/20 => Loss -0.236, Train_accy 96.00:  50%|█████     | 10/20 [01:23<02:22, 14.20s/it]                 
Task 19, Epoch 11/20 => Loss -0.236, Train_accy 96.00:  55%|█████▌    | 11/20 [01:23<01:31, 10.12s/it]
Task 19, Epoch 12/20 => Loss -0.249, Train_accy 100.00:  55%|█████▌    | 11/20 [01:24<01:31, 10.12s/it]
Task 19, Epoch 12/20 => Loss -0.249, Train_accy 100.00:  60%|██████    | 12/20 [01:24<00:58,  7.32s/it]
Task 19, Epoch 13/20 => Loss -0.258, Train_accy 100.00:  60%|██████    | 12/20 [01:25<00:58,  7.32s/it]
Task 19, Epoch 13/20 => Loss -0.258, Train_accy 100.00:  65%|██████▌   | 13/20 [01:25<00:38,  5.46s/it]
Task 19, Epoch 14/20 => Loss -0.251, Train_accy 100.00:  65%|██████▌   | 13/20 [01:26<00:38,  5.46s/it]
Task 19, Epoch 14/20 => Loss -0.251, Train_accy 100.00:  70%|███████   | 14/20 [01:26<00:24,  4.10s/it]
Task 19, Epoch 15/20 => Loss -0.235, Train_accy 100.00, Test_accy 49.74:  70%|███████   | 14/20 [02:06<00:24,  4.10s/it]
Task 19, Epoch 15/20 => Loss -0.235, Train_accy 100.00, Test_accy 49.74:  75%|███████▌  | 15/20 [02:06<01:14, 14.92s/it]
Task 19, Epoch 16/20 => Loss -0.262, Train_accy 100.00:  75%|███████▌  | 15/20 [02:07<01:14, 14.92s/it]                 
Task 19, Epoch 16/20 => Loss -0.262, Train_accy 100.00:  80%|████████  | 16/20 [02:07<00:43, 10.77s/it]
Task 19, Epoch 17/20 => Loss -0.252, Train_accy 100.00:  80%|████████  | 16/20 [02:09<00:43, 10.77s/it]
Task 19, Epoch 17/20 => Loss -0.252, Train_accy 100.00:  85%|████████▌ | 17/20 [02:09<00:23,  7.89s/it]
Task 19, Epoch 18/20 => Loss -0.282, Train_accy 100.00:  85%|████████▌ | 17/20 [02:10<00:23,  7.89s/it]
Task 19, Epoch 18/20 => Loss -0.282, Train_accy 100.00:  90%|█████████ | 18/20 [02:10<00:11,  5.87s/it]
Task 19, Epoch 19/20 => Loss -0.275, Train_accy 100.00:  90%|█████████ | 18/20 [02:11<00:11,  5.87s/it]
Task 19, Epoch 19/20 => Loss -0.275, Train_accy 100.00:  95%|█████████▌| 19/20 [02:11<00:04,  4.46s/it]
Task 19, Epoch 20/20 => Loss -0.278, Train_accy 100.00, Test_accy 49.78:  95%|█████████▌| 19/20 [02:48<00:04,  4.46s/it]
Task 19, Epoch 20/20 => Loss -0.278, Train_accy 100.00, Test_accy 49.78: 100%|██████████| 20/20 [02:48<00:00, 14.22s/it]
Task 19, Epoch 20/20 => Loss -0.278, Train_accy 100.00, Test_accy 49.78: 100%|██████████| 20/20 [02:48<00:00,  8.42s/it]
2025-12-14 12:22:25,441 [l2p.py] => Task 19, Epoch 20/20 => Loss -0.278, Train_accy 100.00, Test_accy 49.78
2025-12-14 12:23:07,082 [trainer.py] => CNN: {'total': 49.78, '00-99': 92.15, '100-104': 15.79, '105-109': 1.67, '110-114': 1.92, '115-119': 0.0, '120-124': 0.0, '125-129': 21.05, '130-134': 12.28, '135-139': 14.0, '140-144': 8.93, '145-149': 12.31, '150-154': 0.0, '155-159': 28.33, '160-164': 1.75, '165-169': 0.0, '170-174': 0.0, '175-179': 36.23, '180-184': 3.28, '185-189': 0.0, '190-194': 1.39, '195-199': 100.0, 'old': 51.35, 'new': 1.39}
2025-12-14 12:23:07,082 [trainer.py] => CNN top1 curve: [92.5, 88.66, 84.65, 81.04, 76.34, 73.25, 71.33, 69.17, 67.33, 65.36, 63.25, 60.9, 59.63, 58.12, 56.3, 54.65, 53.95, 52.66, 51.22, 49.78]
2025-12-14 12:23:07,082 [trainer.py] => Average Accuracy (CNN): 66.5 

2025-12-14 12:23:07,085 [trainer.py] => All params: 172123793
2025-12-14 12:23:07,087 [trainer.py] => Trainable params: 353481
2025-12-14 12:23:07,087 [l2p.py] => Learning on 195-200

  0%|          | 0/20 [00:00<?, ?it/s]
Task 20, Epoch 1/20 => Loss 1.339, Train_accy 28.00:   0%|          | 0/20 [00:01<?, ?it/s]
Task 20, Epoch 1/20 => Loss 1.339, Train_accy 28.00:   5%|▌         | 1/20 [00:01<00:22,  1.17s/it]
Task 20, Epoch 2/20 => Loss 0.735, Train_accy 60.00:   5%|▌         | 1/20 [00:02<00:22,  1.17s/it]
Task 20, Epoch 2/20 => Loss 0.735, Train_accy 60.00:  10%|█         | 2/20 [00:02<00:18,  1.03s/it]
Task 20, Epoch 3/20 => Loss 0.009, Train_accy 100.00:  10%|█         | 2/20 [00:02<00:18,  1.03s/it]
Task 20, Epoch 3/20 => Loss 0.009, Train_accy 100.00:  15%|█▌        | 3/20 [00:02<00:16,  1.04it/s]
Task 20, Epoch 4/20 => Loss -0.088, Train_accy 96.00:  15%|█▌        | 3/20 [00:04<00:16,  1.04it/s]
Task 20, Epoch 4/20 => Loss -0.088, Train_accy 96.00:  20%|██        | 4/20 [00:04<00:16,  1.01s/it]
Task 20, Epoch 5/20 => Loss -0.103, Train_accy 96.00, Test_accy 48.56:  20%|██        | 4/20 [00:41<00:16,  1.01s/it]
Task 20, Epoch 5/20 => Loss -0.103, Train_accy 96.00, Test_accy 48.56:  25%|██▌       | 5/20 [00:41<03:31, 14.09s/it]
Task 20, Epoch 6/20 => Loss -0.182, Train_accy 100.00:  25%|██▌       | 5/20 [00:42<03:31, 14.09s/it]                
Task 20, Epoch 6/20 => Loss -0.182, Train_accy 100.00:  30%|███       | 6/20 [00:42<02:15,  9.69s/it]
Task 20, Epoch 7/20 => Loss -0.069, Train_accy 92.00:  30%|███       | 6/20 [00:43<02:15,  9.69s/it] 
Task 20, Epoch 7/20 => Loss -0.069, Train_accy 92.00:  35%|███▌      | 7/20 [00:43<01:29,  6.88s/it]
Task 20, Epoch 8/20 => Loss -0.057, Train_accy 92.00:  35%|███▌      | 7/20 [00:44<01:29,  6.88s/it]
Task 20, Epoch 8/20 => Loss -0.057, Train_accy 92.00:  40%|████      | 8/20 [00:44<01:00,  5.05s/it]
Task 20, Epoch 9/20 => Loss -0.195, Train_accy 100.00:  40%|████      | 8/20 [00:45<01:00,  5.05s/it]
Task 20, Epoch 9/20 => Loss -0.195, Train_accy 100.00:  45%|████▌     | 9/20 [00:45<00:42,  3.83s/it]
Task 20, Epoch 10/20 => Loss -0.204, Train_accy 96.00, Test_accy 48.60:  45%|████▌     | 9/20 [01:22<00:42,  3.83s/it]
Task 20, Epoch 10/20 => Loss -0.204, Train_accy 96.00, Test_accy 48.60:  50%|█████     | 10/20 [01:22<02:20, 14.01s/it]
Task 20, Epoch 11/20 => Loss -0.244, Train_accy 100.00:  50%|█████     | 10/20 [01:23<02:20, 14.01s/it]                
Task 20, Epoch 11/20 => Loss -0.244, Train_accy 100.00:  55%|█████▌    | 11/20 [01:23<01:30, 10.06s/it]
Task 20, Epoch 12/20 => Loss -0.223, Train_accy 96.00:  55%|█████▌    | 11/20 [01:24<01:30, 10.06s/it] 
Task 20, Epoch 12/20 => Loss -0.223, Train_accy 96.00:  60%|██████    | 12/20 [01:24<00:57,  7.20s/it]
Task 20, Epoch 13/20 => Loss -0.213, Train_accy 96.00:  60%|██████    | 12/20 [01:25<00:57,  7.20s/it]
Task 20, Epoch 13/20 => Loss -0.213, Train_accy 96.00:  65%|██████▌   | 13/20 [01:25<00:37,  5.35s/it]
Task 20, Epoch 14/20 => Loss -0.159, Train_accy 92.00:  65%|██████▌   | 13/20 [01:26<00:37,  5.35s/it]
Task 20, Epoch 14/20 => Loss -0.159, Train_accy 92.00:  70%|███████   | 14/20 [01:26<00:24,  4.12s/it]
Task 20, Epoch 15/20 => Loss -0.219, Train_accy 100.00, Test_accy 48.60:  70%|███████   | 14/20 [02:09<00:24,  4.12s/it]
Task 20, Epoch 15/20 => Loss -0.219, Train_accy 100.00, Test_accy 48.60:  75%|███████▌  | 15/20 [02:09<01:19, 15.82s/it]
Task 20, Epoch 16/20 => Loss -0.260, Train_accy 100.00:  75%|███████▌  | 15/20 [02:10<01:19, 15.82s/it]                 
Task 20, Epoch 16/20 => Loss -0.260, Train_accy 100.00:  80%|████████  | 16/20 [02:10<00:45, 11.40s/it]
Task 20, Epoch 17/20 => Loss -0.266, Train_accy 100.00:  80%|████████  | 16/20 [02:12<00:45, 11.40s/it]
Task 20, Epoch 17/20 => Loss -0.266, Train_accy 100.00:  85%|████████▌ | 17/20 [02:12<00:25,  8.33s/it]
Task 20, Epoch 18/20 => Loss -0.163, Train_accy 96.00:  85%|████████▌ | 17/20 [02:13<00:25,  8.33s/it] 
Task 20, Epoch 18/20 => Loss -0.163, Train_accy 96.00:  90%|█████████ | 18/20 [02:13<00:12,  6.19s/it]
Task 20, Epoch 19/20 => Loss -0.236, Train_accy 100.00:  90%|█████████ | 18/20 [02:14<00:12,  6.19s/it]
Task 20, Epoch 19/20 => Loss -0.236, Train_accy 100.00:  95%|█████████▌| 19/20 [02:14<00:04,  4.61s/it]
Task 20, Epoch 20/20 => Loss -0.250, Train_accy 100.00, Test_accy 48.56:  95%|█████████▌| 19/20 [02:50<00:04,  4.61s/it]
Task 20, Epoch 20/20 => Loss -0.250, Train_accy 100.00, Test_accy 48.56: 100%|██████████| 20/20 [02:50<00:00, 14.23s/it]
Task 20, Epoch 20/20 => Loss -0.250, Train_accy 100.00, Test_accy 48.56: 100%|██████████| 20/20 [02:50<00:00,  8.54s/it]
2025-12-14 12:25:57,970 [l2p.py] => Task 20, Epoch 20/20 => Loss -0.250, Train_accy 100.00, Test_accy 48.56
2025-12-14 12:26:37,475 [trainer.py] => CNN: {'total': 48.56, '00-99': 92.15, '100-104': 15.79, '105-109': 1.67, '110-114': 1.92, '115-119': 0.0, '120-124': 0.0, '125-129': 21.05, '130-134': 12.28, '135-139': 14.0, '140-144': 8.93, '145-149': 12.31, '150-154': 0.0, '155-159': 28.33, '160-164': 1.75, '165-169': 0.0, '170-174': 0.0, '175-179': 36.23, '180-184': 3.28, '185-189': 3.51, '190-194': 1.39, '195-199': 3.03, 'old': 49.87, 'new': 3.03}
2025-12-14 12:26:37,475 [trainer.py] => CNN top1 curve: [92.5, 88.66, 84.65, 81.04, 76.34, 73.25, 71.33, 69.17, 67.33, 65.36, 63.25, 60.9, 59.63, 58.12, 56.3, 54.65, 53.95, 52.66, 51.22, 49.78, 48.56]
2025-12-14 12:26:37,475 [trainer.py] => Average Accuracy (CNN): 65.65 


================================================================================
Finished cub_init100_inc5: vit_base_patch16_224_l2p  
Base Accuracy: 92.5
Lase Accuracy: 48.56
Average Accuracy (Top1): 65.65
PD: 43.94
Backward Transfer (BWT): 0.24
Traceback (most recent call last):
  File "/home/team/zhaohongwei/Code/Research/Awesome-FSCIL/CIL_Model/main.py", line 24, in <module>
    main()
  File "/home/team/zhaohongwei/Code/Research/Awesome-FSCIL/CIL_Model/main.py", line 11, in main
    train(args)
  File "/home/team/zhaohongwei/Code/Research/Awesome-FSCIL/CIL_Model/trainer.py", line 29, in train
    _train(args)
  File "/home/team/zhaohongwei/Code/Research/Awesome-FSCIL/CIL_Model/trainer.py", line 123, in _train
    print("Forward Transfer (FWT):", forward_transfer(args["dataset"], np.array(cnn_matrix)))
  File "/home/team/zhaohongwei/Code/Research/Awesome-FSCIL/CIL_Model/trainer.py", line 209, in forward_transfer
    fwt_diffs = fwt_accs - rand_init_acc_for_fwt
ValueError: operands could not be broadcast together with shapes (20,) (10,) 
2025-12-14 12:26:40,908 [trainer.py] => config: ./scripts/l2p/l2p_cub_B100_Inc10.json
2025-12-14 12:26:40,909 [trainer.py] => prefix:  
2025-12-14 12:26:40,909 [trainer.py] => dataset: cub
2025-12-14 12:26:40,909 [trainer.py] => memory_size: 0
2025-12-14 12:26:40,909 [trainer.py] => memory_per_class: 0
2025-12-14 12:26:40,909 [trainer.py] => fixed_memory: False
2025-12-14 12:26:40,909 [trainer.py] => shuffle: True
2025-12-14 12:26:40,909 [trainer.py] => init_cls: 100
2025-12-14 12:26:40,909 [trainer.py] => increment: 10
2025-12-14 12:26:40,909 [trainer.py] => model_name: l2p
2025-12-14 12:26:40,909 [trainer.py] => backbone_type: vit_base_patch16_224_l2p
2025-12-14 12:26:40,909 [trainer.py] => get_original_backbone: True
2025-12-14 12:26:40,909 [trainer.py] => device: [device(type='cuda', index=7)]
2025-12-14 12:26:40,909 [trainer.py] => seed: 2025
2025-12-14 12:26:40,909 [trainer.py] => kshot: 5
2025-12-14 12:26:40,909 [trainer.py] => tuned_epoch: 20
2025-12-14 12:26:40,909 [trainer.py] => init_lr: 0.001875
2025-12-14 12:26:40,909 [trainer.py] => batch_size: 48
2025-12-14 12:26:40,909 [trainer.py] => weight_decay: 0
2025-12-14 12:26:40,909 [trainer.py] => min_lr: 1e-05
2025-12-14 12:26:40,909 [trainer.py] => optimizer: adam
2025-12-14 12:26:40,909 [trainer.py] => scheduler: constant
2025-12-14 12:26:40,909 [trainer.py] => reinit_optimizer: True
2025-12-14 12:26:40,909 [trainer.py] => global_pool: token
2025-12-14 12:26:40,909 [trainer.py] => head_type: prompt
2025-12-14 12:26:40,909 [trainer.py] => freeze: ['blocks', 'patch_embed', 'cls_token', 'norm', 'pos_embed']
2025-12-14 12:26:40,909 [trainer.py] => pretrained: True
2025-12-14 12:26:40,909 [trainer.py] => drop: 0.0
2025-12-14 12:26:40,909 [trainer.py] => drop_path: 0.0
2025-12-14 12:26:40,909 [trainer.py] => prompt_pool: True
2025-12-14 12:26:40,910 [trainer.py] => size: 10
2025-12-14 12:26:40,910 [trainer.py] => length: 5
2025-12-14 12:26:40,910 [trainer.py] => top_k: 5
2025-12-14 12:26:40,910 [trainer.py] => initializer: uniform
2025-12-14 12:26:40,910 [trainer.py] => prompt_key: True
2025-12-14 12:26:40,910 [trainer.py] => prompt_key_init: uniform
2025-12-14 12:26:40,910 [trainer.py] => use_prompt_mask: False
2025-12-14 12:26:40,910 [trainer.py] => shared_prompt_pool: False
2025-12-14 12:26:40,910 [trainer.py] => shared_prompt_key: False
2025-12-14 12:26:40,910 [trainer.py] => batchwise_prompt: True
2025-12-14 12:26:40,910 [trainer.py] => embedding_key: cls
2025-12-14 12:26:40,910 [trainer.py] => predefined_key: 
2025-12-14 12:26:40,910 [trainer.py] => pull_constraint: True
2025-12-14 12:26:40,910 [trainer.py] => pull_constraint_coeff: 0.1
2025-12-14 12:26:40,910 [trainer.py] => gpu_models: ['NVIDIA A40']
2025-12-14 12:26:40,948 [data_manager.py] => [30, 0, 32, 34, 5, 49, 56, 154, 143, 82, 19, 165, 58, 106, 196, 126, 178, 80, 192, 1, 44, 31, 197, 150, 132, 149, 112, 141, 54, 104, 26, 46, 20, 156, 23, 83, 47, 129, 9, 84, 187, 130, 48, 138, 191, 108, 139, 158, 4, 66, 146, 2, 113, 142, 194, 109, 102, 166, 176, 167, 162, 131, 134, 122, 107, 96, 135, 45, 93, 136, 70, 81, 51, 17, 172, 29, 71, 57, 184, 148, 179, 43, 161, 100, 182, 37, 8, 14, 180, 189, 11, 53, 6, 24, 7, 88, 175, 183, 35, 128, 75, 186, 99, 78, 123, 133, 74, 125, 120, 89, 39, 63, 155, 65, 77, 116, 171, 114, 105, 170, 12, 121, 195, 60, 185, 110, 91, 68, 198, 59, 38, 174, 87, 28, 157, 193, 86, 147, 16, 98, 36, 61, 137, 18, 21, 103, 25, 15, 118, 72, 50, 168, 152, 190, 199, 55, 181, 92, 163, 85, 69, 177, 95, 52, 159, 169, 188, 127, 79, 42, 164, 124, 41, 90, 115, 13, 27, 73, 33, 173, 119, 145, 153, 3, 117, 64, 144, 111, 101, 151, 40, 97, 10, 22, 160, 140, 67, 76, 94, 62]
2025-12-14 12:26:43,321 [vit_l2p.py] => Resized position embedding: torch.Size([1, 197, 768]) to torch.Size([1, 222, 768])
2025-12-14 12:26:43,322 [vit_l2p.py] => Position embedding grid-size from [14, 14] to (14, 14)
2025-12-14 12:26:46,213 [l2p.py] => 86,017,736 model total parameters.
2025-12-14 12:26:46,214 [l2p.py] => 199,880 model training parameters.
2025-12-14 12:26:46,214 [l2p.py] => prompt.prompt: 38400
2025-12-14 12:26:46,214 [l2p.py] => prompt.prompt_key: 7680
2025-12-14 12:26:46,214 [l2p.py] => head.weight: 153600
2025-12-14 12:26:46,215 [l2p.py] => head.bias: 200
2025-12-14 12:26:46,218 [trainer.py] => All params: 172123793
2025-12-14 12:26:46,219 [trainer.py] => Trainable params: 353481
2025-12-14 12:26:46,219 [l2p.py] => Learning on 0-100

  0%|          | 0/20 [00:00<?, ?it/s]
Task 0, Epoch 1/20 => Loss 1.757, Train_accy 58.93:   0%|          | 0/20 [02:03<?, ?it/s]
Task 0, Epoch 1/20 => Loss 1.757, Train_accy 58.93:   5%|▌         | 1/20 [02:03<38:57, 123.04s/it]
Task 0, Epoch 2/20 => Loss 0.724, Train_accy 78.54:   5%|▌         | 1/20 [04:00<38:57, 123.04s/it]
Task 0, Epoch 2/20 => Loss 0.724, Train_accy 78.54:  10%|█         | 2/20 [04:00<35:57, 119.89s/it]
Task 0, Epoch 3/20 => Loss 0.548, Train_accy 82.55:  10%|█         | 2/20 [05:57<35:57, 119.89s/it]
Task 0, Epoch 3/20 => Loss 0.548, Train_accy 82.55:  15%|█▌        | 3/20 [05:57<33:33, 118.43s/it]
Task 0, Epoch 4/20 => Loss 0.423, Train_accy 85.01:  15%|█▌        | 3/20 [08:04<33:33, 118.43s/it]
Task 0, Epoch 4/20 => Loss 0.423, Train_accy 85.01:  20%|██        | 4/20 [08:04<32:26, 121.67s/it]
Task 0, Epoch 5/20 => Loss 0.388, Train_accy 85.04, Test_accy 90.65:  20%|██        | 4/20 [10:19<32:26, 121.67s/it]
Task 0, Epoch 5/20 => Loss 0.388, Train_accy 85.04, Test_accy 90.65:  25%|██▌       | 5/20 [10:19<31:36, 126.46s/it]
Task 0, Epoch 6/20 => Loss 0.333, Train_accy 86.31:  25%|██▌       | 5/20 [12:16<31:36, 126.46s/it]                 
Task 0, Epoch 6/20 => Loss 0.333, Train_accy 86.31:  30%|███       | 6/20 [12:16<28:47, 123.39s/it]
Task 0, Epoch 7/20 => Loss 0.295, Train_accy 86.35:  30%|███       | 6/20 [14:22<28:47, 123.39s/it]
Task 0, Epoch 7/20 => Loss 0.295, Train_accy 86.35:  35%|███▌      | 7/20 [14:22<26:54, 124.18s/it]
Task 0, Epoch 8/20 => Loss 0.235, Train_accy 87.18:  35%|███▌      | 7/20 [16:27<26:54, 124.18s/it]
Task 0, Epoch 8/20 => Loss 0.235, Train_accy 87.18:  40%|████      | 8/20 [16:27<24:54, 124.51s/it]
Task 0, Epoch 9/20 => Loss 0.219, Train_accy 87.09:  40%|████      | 8/20 [18:39<24:54, 124.51s/it]
Task 0, Epoch 9/20 => Loss 0.219, Train_accy 87.09:  45%|████▌     | 9/20 [18:39<23:15, 126.87s/it]
Task 0, Epoch 10/20 => Loss 0.169, Train_accy 88.92, Test_accy 91.27:  45%|████▌     | 9/20 [20:38<23:15, 126.87s/it]
Task 0, Epoch 10/20 => Loss 0.169, Train_accy 88.92, Test_accy 91.27:  50%|█████     | 10/20 [20:38<20:43, 124.36s/it]
Task 0, Epoch 11/20 => Loss 0.164, Train_accy 88.98:  50%|█████     | 10/20 [22:07<20:43, 124.36s/it]                 
Task 0, Epoch 11/20 => Loss 0.164, Train_accy 88.98:  55%|█████▌    | 11/20 [22:07<17:03, 113.70s/it]
Task 0, Epoch 12/20 => Loss 0.177, Train_accy 88.60:  55%|█████▌    | 11/20 [23:34<17:03, 113.70s/it]
Task 0, Epoch 12/20 => Loss 0.177, Train_accy 88.60:  60%|██████    | 12/20 [23:34<14:04, 105.61s/it]
Task 0, Epoch 13/20 => Loss 0.113, Train_accy 90.62:  60%|██████    | 12/20 [25:03<14:04, 105.61s/it]
Task 0, Epoch 13/20 => Loss 0.113, Train_accy 90.62:  65%|██████▌   | 13/20 [25:03<11:43, 100.51s/it]
Task 0, Epoch 14/20 => Loss 0.094, Train_accy 90.38:  65%|██████▌   | 13/20 [26:32<11:43, 100.51s/it]
Task 0, Epoch 14/20 => Loss 0.094, Train_accy 90.38:  70%|███████   | 14/20 [26:32<09:42, 97.04s/it] 
Task 0, Epoch 15/20 => Loss 0.137, Train_accy 89.83, Test_accy 91.89:  70%|███████   | 14/20 [28:15<09:42, 97.04s/it]
Task 0, Epoch 15/20 => Loss 0.137, Train_accy 89.83, Test_accy 91.89:  75%|███████▌  | 15/20 [28:15<08:13, 98.80s/it]
Task 0, Epoch 16/20 => Loss 0.120, Train_accy 90.30:  75%|███████▌  | 15/20 [29:43<08:13, 98.80s/it]                 
Task 0, Epoch 16/20 => Loss 0.120, Train_accy 90.30:  80%|████████  | 16/20 [29:43<06:22, 95.54s/it]
Task 0, Epoch 17/20 => Loss 0.089, Train_accy 90.81:  80%|████████  | 16/20 [31:12<06:22, 95.54s/it]
Task 0, Epoch 17/20 => Loss 0.089, Train_accy 90.81:  85%|████████▌ | 17/20 [31:12<04:40, 93.56s/it]
Task 0, Epoch 18/20 => Loss 0.130, Train_accy 90.36:  85%|████████▌ | 17/20 [32:41<04:40, 93.56s/it]
Task 0, Epoch 18/20 => Loss 0.130, Train_accy 90.36:  90%|█████████ | 18/20 [32:41<03:04, 92.20s/it]
Task 0, Epoch 19/20 => Loss 0.083, Train_accy 90.75:  90%|█████████ | 18/20 [34:10<03:04, 92.20s/it]
Task 0, Epoch 19/20 => Loss 0.083, Train_accy 90.75:  95%|█████████▌| 19/20 [34:10<01:31, 91.26s/it]
Task 0, Epoch 20/20 => Loss 0.069, Train_accy 91.19, Test_accy 92.50:  95%|█████████▌| 19/20 [35:51<01:31, 91.26s/it]
Task 0, Epoch 20/20 => Loss 0.069, Train_accy 91.19, Test_accy 92.50: 100%|██████████| 20/20 [35:51<00:00, 94.29s/it]
Task 0, Epoch 20/20 => Loss 0.069, Train_accy 91.19, Test_accy 92.50: 100%|██████████| 20/20 [35:51<00:00, 107.60s/it]
2025-12-14 13:02:39,453 [l2p.py] => Task 0, Epoch 20/20 => Loss 0.069, Train_accy 91.19, Test_accy 92.50
2025-12-14 13:03:06,927 [trainer.py] => CNN: {'total': 92.5, '00-99': 92.5, '100-109': 88.0, '110-119': 78.0, '120-129': 86.0, '130-139': 92.0, '140-149': 78.0, '150-159': 84.0, '160-169': 80.0, '170-179': 88.0, '180-189': 86.0, '190-199': 92.0, 'old': 0, 'new': 92.5}
2025-12-14 13:03:06,927 [trainer.py] => CNN top1 curve: [92.5]
2025-12-14 13:03:06,928 [trainer.py] => Average Accuracy (CNN): 92.5 

2025-12-14 13:03:06,930 [trainer.py] => All params: 172123793
2025-12-14 13:03:06,932 [trainer.py] => Trainable params: 353481
2025-12-14 13:03:06,932 [l2p.py] => Learning on 100-110

  0%|          | 0/20 [00:00<?, ?it/s]
Task 1, Epoch 1/20 => Loss 2.438, Train_accy 2.00:   0%|          | 0/20 [00:01<?, ?it/s]
Task 1, Epoch 1/20 => Loss 2.438, Train_accy 2.00:   5%|▌         | 1/20 [00:01<00:28,  1.48s/it]
Task 1, Epoch 2/20 => Loss 1.175, Train_accy 62.00:   5%|▌         | 1/20 [00:02<00:28,  1.48s/it]
Task 1, Epoch 2/20 => Loss 1.175, Train_accy 62.00:  10%|█         | 2/20 [00:02<00:26,  1.47s/it]
Task 1, Epoch 3/20 => Loss 0.804, Train_accy 60.00:  10%|█         | 2/20 [00:04<00:26,  1.47s/it]
Task 1, Epoch 3/20 => Loss 0.804, Train_accy 60.00:  15%|█▌        | 3/20 [00:04<00:24,  1.47s/it]
Task 1, Epoch 4/20 => Loss 0.362, Train_accy 78.00:  15%|█▌        | 3/20 [00:05<00:24,  1.47s/it]
Task 1, Epoch 4/20 => Loss 0.362, Train_accy 78.00:  20%|██        | 4/20 [00:05<00:23,  1.48s/it]
Task 1, Epoch 5/20 => Loss 0.159, Train_accy 78.00, Test_accy 83.85:  20%|██        | 4/20 [00:22<00:23,  1.48s/it]
Task 1, Epoch 5/20 => Loss 0.159, Train_accy 78.00, Test_accy 83.85:  25%|██▌       | 5/20 [00:22<01:46,  7.07s/it]
Task 1, Epoch 6/20 => Loss 0.031, Train_accy 78.00:  25%|██▌       | 5/20 [00:24<01:46,  7.07s/it]                 
Task 1, Epoch 6/20 => Loss 0.031, Train_accy 78.00:  30%|███       | 6/20 [00:24<01:12,  5.15s/it]
Task 1, Epoch 7/20 => Loss 0.213, Train_accy 74.00:  30%|███       | 6/20 [00:25<01:12,  5.15s/it]
Task 1, Epoch 7/20 => Loss 0.213, Train_accy 74.00:  35%|███▌      | 7/20 [00:25<00:51,  3.92s/it]
Task 1, Epoch 8/20 => Loss 0.142, Train_accy 80.00:  35%|███▌      | 7/20 [00:26<00:51,  3.92s/it]
Task 1, Epoch 8/20 => Loss 0.142, Train_accy 80.00:  40%|████      | 8/20 [00:26<00:35,  2.99s/it]
Task 1, Epoch 9/20 => Loss -0.081, Train_accy 96.00:  40%|████      | 8/20 [00:28<00:35,  2.99s/it]
Task 1, Epoch 9/20 => Loss -0.081, Train_accy 96.00:  45%|████▌     | 9/20 [00:28<00:27,  2.52s/it]
Task 1, Epoch 10/20 => Loss 0.019, Train_accy 90.00, Test_accy 83.69:  45%|████▌     | 9/20 [00:45<00:27,  2.52s/it]
Task 1, Epoch 10/20 => Loss 0.019, Train_accy 90.00, Test_accy 83.69:  50%|█████     | 10/20 [00:45<01:10,  7.04s/it]
Task 1, Epoch 11/20 => Loss -0.166, Train_accy 96.00:  50%|█████     | 10/20 [00:46<01:10,  7.04s/it]                
Task 1, Epoch 11/20 => Loss -0.166, Train_accy 96.00:  55%|█████▌    | 11/20 [00:46<00:47,  5.31s/it]
Task 1, Epoch 12/20 => Loss -0.174, Train_accy 96.00:  55%|█████▌    | 11/20 [00:48<00:47,  5.31s/it]
Task 1, Epoch 12/20 => Loss -0.174, Train_accy 96.00:  60%|██████    | 12/20 [00:48<00:33,  4.13s/it]
Task 1, Epoch 13/20 => Loss -0.075, Train_accy 98.00:  60%|██████    | 12/20 [00:49<00:33,  4.13s/it]
Task 1, Epoch 13/20 => Loss -0.075, Train_accy 98.00:  65%|██████▌   | 13/20 [00:49<00:23,  3.30s/it]
Task 1, Epoch 14/20 => Loss -0.190, Train_accy 96.00:  65%|██████▌   | 13/20 [00:51<00:23,  3.30s/it]
Task 1, Epoch 14/20 => Loss -0.190, Train_accy 96.00:  70%|███████   | 14/20 [00:51<00:16,  2.75s/it]
Task 1, Epoch 15/20 => Loss -0.211, Train_accy 96.00, Test_accy 83.85:  70%|███████   | 14/20 [01:08<00:16,  2.75s/it]
Task 1, Epoch 15/20 => Loss -0.211, Train_accy 96.00, Test_accy 83.85:  75%|███████▌  | 15/20 [01:08<00:35,  7.06s/it]
Task 1, Epoch 16/20 => Loss -0.155, Train_accy 98.00:  75%|███████▌  | 15/20 [01:09<00:35,  7.06s/it]                 
Task 1, Epoch 16/20 => Loss -0.155, Train_accy 98.00:  80%|████████  | 16/20 [01:09<00:21,  5.36s/it]
Task 1, Epoch 17/20 => Loss -0.122, Train_accy 92.00:  80%|████████  | 16/20 [01:10<00:21,  5.36s/it]
Task 1, Epoch 17/20 => Loss -0.122, Train_accy 92.00:  85%|████████▌ | 17/20 [01:10<00:12,  4.18s/it]
Task 1, Epoch 18/20 => Loss -0.147, Train_accy 92.00:  85%|████████▌ | 17/20 [01:12<00:12,  4.18s/it]
Task 1, Epoch 18/20 => Loss -0.147, Train_accy 92.00:  90%|█████████ | 18/20 [01:12<00:06,  3.35s/it]
Task 1, Epoch 19/20 => Loss -0.247, Train_accy 98.00:  90%|█████████ | 18/20 [01:13<00:06,  3.35s/it]
Task 1, Epoch 19/20 => Loss -0.247, Train_accy 98.00:  95%|█████████▌| 19/20 [01:13<00:02,  2.79s/it]
Task 1, Epoch 20/20 => Loss -0.233, Train_accy 98.00, Test_accy 84.25:  95%|█████████▌| 19/20 [01:30<00:02,  2.79s/it]
Task 1, Epoch 20/20 => Loss -0.233, Train_accy 98.00, Test_accy 84.25: 100%|██████████| 20/20 [01:30<00:00,  7.00s/it]
Task 1, Epoch 20/20 => Loss -0.233, Train_accy 98.00, Test_accy 84.25: 100%|██████████| 20/20 [01:30<00:00,  4.53s/it]
2025-12-14 13:04:37,584 [l2p.py] => Task 1, Epoch 20/20 => Loss -0.233, Train_accy 98.00, Test_accy 84.25
2025-12-14 13:05:05,564 [trainer.py] => CNN: {'total': 84.25, '00-99': 92.33, '100-109': 5.98, '110-119': 86.0, '120-129': 82.0, '130-139': 82.0, '140-149': 92.0, '150-159': 90.0, '160-169': 78.0, '170-179': 88.0, '180-189': 72.0, '190-199': 82.0, 'old': 92.33, 'new': 5.98}
2025-12-14 13:05:05,564 [trainer.py] => CNN top1 curve: [92.5, 84.25]
2025-12-14 13:05:05,565 [trainer.py] => Average Accuracy (CNN): 88.38 

2025-12-14 13:05:05,568 [trainer.py] => All params: 172123793
2025-12-14 13:05:05,570 [trainer.py] => Trainable params: 353481
2025-12-14 13:05:05,570 [l2p.py] => Learning on 110-120

  0%|          | 0/20 [00:00<?, ?it/s]
Task 2, Epoch 1/20 => Loss 1.970, Train_accy 14.00:   0%|          | 0/20 [00:01<?, ?it/s]
Task 2, Epoch 1/20 => Loss 1.970, Train_accy 14.00:   5%|▌         | 1/20 [00:01<00:27,  1.46s/it]
Task 2, Epoch 2/20 => Loss 1.068, Train_accy 62.00:   5%|▌         | 1/20 [00:02<00:27,  1.46s/it]
Task 2, Epoch 2/20 => Loss 1.068, Train_accy 62.00:  10%|█         | 2/20 [00:02<00:25,  1.44s/it]
Task 2, Epoch 3/20 => Loss 0.623, Train_accy 70.00:  10%|█         | 2/20 [00:04<00:25,  1.44s/it]
Task 2, Epoch 3/20 => Loss 0.623, Train_accy 70.00:  15%|█▌        | 3/20 [00:04<00:24,  1.45s/it]
Task 2, Epoch 4/20 => Loss 0.394, Train_accy 82.00:  15%|█▌        | 3/20 [00:05<00:24,  1.45s/it]
Task 2, Epoch 4/20 => Loss 0.394, Train_accy 82.00:  20%|██        | 4/20 [00:05<00:22,  1.42s/it]
Task 2, Epoch 5/20 => Loss 0.130, Train_accy 86.00, Test_accy 76.12:  20%|██        | 4/20 [00:24<00:22,  1.42s/it]
Task 2, Epoch 5/20 => Loss 0.130, Train_accy 86.00, Test_accy 76.12:  25%|██▌       | 5/20 [00:24<01:54,  7.66s/it]
Task 2, Epoch 6/20 => Loss -0.032, Train_accy 84.00:  25%|██▌       | 5/20 [00:25<01:54,  7.66s/it]                
Task 2, Epoch 6/20 => Loss -0.032, Train_accy 84.00:  30%|███       | 6/20 [00:25<01:17,  5.55s/it]
Task 2, Epoch 7/20 => Loss -0.041, Train_accy 90.00:  30%|███       | 6/20 [00:27<01:17,  5.55s/it]
Task 2, Epoch 7/20 => Loss -0.041, Train_accy 90.00:  35%|███▌      | 7/20 [00:27<00:54,  4.20s/it]
Task 2, Epoch 8/20 => Loss -0.076, Train_accy 84.00:  35%|███▌      | 7/20 [00:28<00:54,  4.20s/it]
Task 2, Epoch 8/20 => Loss -0.076, Train_accy 84.00:  40%|████      | 8/20 [00:28<00:39,  3.30s/it]
Task 2, Epoch 9/20 => Loss -0.108, Train_accy 90.00:  40%|████      | 8/20 [00:30<00:39,  3.30s/it]
Task 2, Epoch 9/20 => Loss -0.108, Train_accy 90.00:  45%|████▌     | 9/20 [00:30<00:29,  2.71s/it]
Task 2, Epoch 10/20 => Loss 0.313, Train_accy 86.00, Test_accy 76.19:  45%|████▌     | 9/20 [00:47<00:29,  2.71s/it]
Task 2, Epoch 10/20 => Loss 0.313, Train_accy 86.00, Test_accy 76.19:  50%|█████     | 10/20 [00:47<01:13,  7.37s/it]
Task 2, Epoch 11/20 => Loss -0.187, Train_accy 96.00:  50%|█████     | 10/20 [00:49<01:13,  7.37s/it]                
Task 2, Epoch 11/20 => Loss -0.187, Train_accy 96.00:  55%|█████▌    | 11/20 [00:49<00:49,  5.54s/it]
Task 2, Epoch 12/20 => Loss -0.183, Train_accy 96.00:  55%|█████▌    | 11/20 [00:50<00:49,  5.54s/it]
Task 2, Epoch 12/20 => Loss -0.183, Train_accy 96.00:  60%|██████    | 12/20 [00:50<00:34,  4.28s/it]
Task 2, Epoch 13/20 => Loss -0.122, Train_accy 94.00:  60%|██████    | 12/20 [00:52<00:34,  4.28s/it]
Task 2, Epoch 13/20 => Loss -0.122, Train_accy 94.00:  65%|██████▌   | 13/20 [00:52<00:23,  3.42s/it]
Task 2, Epoch 14/20 => Loss -0.096, Train_accy 88.00:  65%|██████▌   | 13/20 [00:53<00:23,  3.42s/it]
Task 2, Epoch 14/20 => Loss -0.096, Train_accy 88.00:  70%|███████   | 14/20 [00:53<00:16,  2.80s/it]
Task 2, Epoch 15/20 => Loss -0.204, Train_accy 98.00, Test_accy 76.27:  70%|███████   | 14/20 [01:12<00:16,  2.80s/it]
Task 2, Epoch 15/20 => Loss -0.204, Train_accy 98.00, Test_accy 76.27:  75%|███████▌  | 15/20 [01:12<00:38,  7.61s/it]
Task 2, Epoch 16/20 => Loss -0.165, Train_accy 90.00:  75%|███████▌  | 15/20 [01:13<00:38,  7.61s/it]                 
Task 2, Epoch 16/20 => Loss -0.165, Train_accy 90.00:  80%|████████  | 16/20 [01:13<00:22,  5.74s/it]
Task 2, Epoch 17/20 => Loss -0.263, Train_accy 96.00:  80%|████████  | 16/20 [01:15<00:22,  5.74s/it]
Task 2, Epoch 17/20 => Loss -0.263, Train_accy 96.00:  85%|████████▌ | 17/20 [01:15<00:13,  4.44s/it]
Task 2, Epoch 18/20 => Loss -0.193, Train_accy 96.00:  85%|████████▌ | 17/20 [01:16<00:13,  4.44s/it]
Task 2, Epoch 18/20 => Loss -0.193, Train_accy 96.00:  90%|█████████ | 18/20 [01:16<00:07,  3.53s/it]
Task 2, Epoch 19/20 => Loss -0.262, Train_accy 98.00:  90%|█████████ | 18/20 [01:17<00:07,  3.53s/it]
Task 2, Epoch 19/20 => Loss -0.262, Train_accy 98.00:  95%|█████████▌| 19/20 [01:17<00:02,  2.90s/it]
Task 2, Epoch 20/20 => Loss -0.238, Train_accy 96.00, Test_accy 76.34:  95%|█████████▌| 19/20 [01:36<00:02,  2.90s/it]
Task 2, Epoch 20/20 => Loss -0.238, Train_accy 96.00, Test_accy 76.34: 100%|██████████| 20/20 [01:36<00:00,  7.64s/it]
Task 2, Epoch 20/20 => Loss -0.238, Train_accy 96.00, Test_accy 76.34: 100%|██████████| 20/20 [01:36<00:00,  4.83s/it]
2025-12-14 13:06:42,218 [l2p.py] => Task 2, Epoch 20/20 => Loss -0.238, Train_accy 96.00, Test_accy 76.34
2025-12-14 13:07:06,789 [trainer.py] => CNN: {'total': 76.34, '00-99': 92.33, '100-109': 5.98, '110-119': 0.76, '120-129': 84.0, '130-139': 88.0, '140-149': 84.0, '150-159': 84.0, '160-169': 82.0, '170-179': 94.0, '180-189': 82.0, '190-199': 90.0, 'old': 84.25, 'new': 0.76}
2025-12-14 13:07:06,790 [trainer.py] => CNN top1 curve: [92.5, 84.25, 76.34]
2025-12-14 13:07:06,790 [trainer.py] => Average Accuracy (CNN): 84.36 

2025-12-14 13:07:06,791 [trainer.py] => All params: 172123793
2025-12-14 13:07:06,792 [trainer.py] => Trainable params: 353481
2025-12-14 13:07:06,793 [l2p.py] => Learning on 120-130

  0%|          | 0/20 [00:00<?, ?it/s]
Task 3, Epoch 1/20 => Loss 1.920, Train_accy 12.00:   0%|          | 0/20 [00:01<?, ?it/s]
Task 3, Epoch 1/20 => Loss 1.920, Train_accy 12.00:   5%|▌         | 1/20 [00:01<00:26,  1.39s/it]
Task 3, Epoch 2/20 => Loss 1.321, Train_accy 62.00:   5%|▌         | 1/20 [00:02<00:26,  1.39s/it]
Task 3, Epoch 2/20 => Loss 1.321, Train_accy 62.00:  10%|█         | 2/20 [00:02<00:25,  1.42s/it]
Task 3, Epoch 3/20 => Loss 0.397, Train_accy 68.00:  10%|█         | 2/20 [00:03<00:25,  1.42s/it]
Task 3, Epoch 3/20 => Loss 0.397, Train_accy 68.00:  15%|█▌        | 3/20 [00:03<00:20,  1.19s/it]
Task 3, Epoch 4/20 => Loss 0.159, Train_accy 68.00:  15%|█▌        | 3/20 [00:04<00:20,  1.19s/it]
Task 3, Epoch 4/20 => Loss 0.159, Train_accy 68.00:  20%|██        | 4/20 [00:04<00:17,  1.08s/it]
Task 3, Epoch 5/20 => Loss -0.031, Train_accy 90.00, Test_accy 70.27:  20%|██        | 4/20 [00:20<00:17,  1.08s/it]
Task 3, Epoch 5/20 => Loss -0.031, Train_accy 90.00, Test_accy 70.27:  25%|██▌       | 5/20 [00:20<01:35,  6.34s/it]
Task 3, Epoch 6/20 => Loss -0.003, Train_accy 94.00:  25%|██▌       | 5/20 [00:21<01:35,  6.34s/it]                 
Task 3, Epoch 6/20 => Loss -0.003, Train_accy 94.00:  30%|███       | 6/20 [00:21<01:03,  4.55s/it]
Task 3, Epoch 7/20 => Loss -0.120, Train_accy 96.00:  30%|███       | 6/20 [00:22<01:03,  4.55s/it]
Task 3, Epoch 7/20 => Loss -0.120, Train_accy 96.00:  35%|███▌      | 7/20 [00:22<00:44,  3.44s/it]
Task 3, Epoch 8/20 => Loss 0.107, Train_accy 92.00:  35%|███▌      | 7/20 [00:23<00:44,  3.44s/it] 
Task 3, Epoch 8/20 => Loss 0.107, Train_accy 92.00:  40%|████      | 8/20 [00:23<00:31,  2.64s/it]
Task 3, Epoch 9/20 => Loss -0.043, Train_accy 96.00:  40%|████      | 8/20 [00:24<00:31,  2.64s/it]
Task 3, Epoch 9/20 => Loss -0.043, Train_accy 96.00:  45%|████▌     | 9/20 [00:24<00:24,  2.26s/it]
Task 3, Epoch 10/20 => Loss -0.059, Train_accy 92.00, Test_accy 70.67:  45%|████▌     | 9/20 [00:40<00:24,  2.26s/it]
Task 3, Epoch 10/20 => Loss -0.059, Train_accy 92.00, Test_accy 70.67:  50%|█████     | 10/20 [00:40<01:02,  6.25s/it]
Task 3, Epoch 11/20 => Loss 0.694, Train_accy 90.00:  50%|█████     | 10/20 [00:41<01:02,  6.25s/it]                  
Task 3, Epoch 11/20 => Loss 0.694, Train_accy 90.00:  55%|█████▌    | 11/20 [00:41<00:42,  4.77s/it]
Task 3, Epoch 12/20 => Loss -0.173, Train_accy 96.00:  55%|█████▌    | 11/20 [00:42<00:42,  4.77s/it]
Task 3, Epoch 12/20 => Loss -0.173, Train_accy 96.00:  60%|██████    | 12/20 [00:42<00:29,  3.74s/it]
Task 3, Epoch 13/20 => Loss -0.153, Train_accy 94.00:  60%|██████    | 12/20 [00:44<00:29,  3.74s/it]
Task 3, Epoch 13/20 => Loss -0.153, Train_accy 94.00:  65%|██████▌   | 13/20 [00:44<00:21,  3.04s/it]
Task 3, Epoch 14/20 => Loss -0.253, Train_accy 100.00:  65%|██████▌   | 13/20 [00:45<00:21,  3.04s/it]
Task 3, Epoch 14/20 => Loss -0.253, Train_accy 100.00:  70%|███████   | 14/20 [00:45<00:14,  2.43s/it]
Task 3, Epoch 15/20 => Loss -0.143, Train_accy 94.00, Test_accy 70.67:  70%|███████   | 14/20 [01:01<00:14,  2.43s/it]
Task 3, Epoch 15/20 => Loss -0.143, Train_accy 94.00, Test_accy 70.67:  75%|███████▌  | 15/20 [01:01<00:32,  6.56s/it]
Task 3, Epoch 16/20 => Loss -0.216, Train_accy 94.00:  75%|███████▌  | 15/20 [01:02<00:32,  6.56s/it]                 
Task 3, Epoch 16/20 => Loss -0.216, Train_accy 94.00:  80%|████████  | 16/20 [01:02<00:19,  4.93s/it]
Task 3, Epoch 17/20 => Loss -0.091, Train_accy 90.00:  80%|████████  | 16/20 [01:03<00:19,  4.93s/it]
Task 3, Epoch 17/20 => Loss -0.091, Train_accy 90.00:  85%|████████▌ | 17/20 [01:03<00:11,  3.80s/it]
Task 3, Epoch 18/20 => Loss -0.232, Train_accy 98.00:  85%|████████▌ | 17/20 [01:04<00:11,  3.80s/it]
Task 3, Epoch 18/20 => Loss -0.232, Train_accy 98.00:  90%|█████████ | 18/20 [01:04<00:06,  3.02s/it]
Task 3, Epoch 19/20 => Loss -0.180, Train_accy 94.00:  90%|█████████ | 18/20 [01:06<00:06,  3.02s/it]
Task 3, Epoch 19/20 => Loss -0.180, Train_accy 94.00:  95%|█████████▌| 19/20 [01:06<00:02,  2.49s/it]
Task 3, Epoch 20/20 => Loss 0.253, Train_accy 94.00, Test_accy 70.67:  95%|█████████▌| 19/20 [01:23<00:02,  2.49s/it]
Task 3, Epoch 20/20 => Loss 0.253, Train_accy 94.00, Test_accy 70.67: 100%|██████████| 20/20 [01:23<00:00,  7.05s/it]
Task 3, Epoch 20/20 => Loss 0.253, Train_accy 94.00, Test_accy 70.67: 100%|██████████| 20/20 [01:23<00:00,  4.20s/it]
2025-12-14 13:08:30,719 [l2p.py] => Task 3, Epoch 20/20 => Loss 0.253, Train_accy 94.00, Test_accy 70.67
2025-12-14 13:08:53,649 [trainer.py] => CNN: {'total': 70.67, '00-99': 92.15, '100-109': 5.98, '110-119': 0.76, '120-129': 5.93, '130-139': 94.0, '140-149': 80.0, '150-159': 86.0, '160-169': 86.0, '170-179': 96.0, '180-189': 86.0, '190-199': 76.0, 'old': 76.19, 'new': 5.93}
2025-12-14 13:08:53,649 [trainer.py] => CNN top1 curve: [92.5, 84.25, 76.34, 70.67]
2025-12-14 13:08:53,649 [trainer.py] => Average Accuracy (CNN): 80.94 

2025-12-14 13:08:53,651 [trainer.py] => All params: 172123793
2025-12-14 13:08:53,652 [trainer.py] => Trainable params: 353481
2025-12-14 13:08:53,653 [l2p.py] => Learning on 130-140

  0%|          | 0/20 [00:00<?, ?it/s]
Task 4, Epoch 1/20 => Loss 2.242, Train_accy 2.00:   0%|          | 0/20 [00:01<?, ?it/s]
Task 4, Epoch 1/20 => Loss 2.242, Train_accy 2.00:   5%|▌         | 1/20 [00:01<00:25,  1.35s/it]
Task 4, Epoch 2/20 => Loss 0.488, Train_accy 74.00:   5%|▌         | 1/20 [00:02<00:25,  1.35s/it]
Task 4, Epoch 2/20 => Loss 0.488, Train_accy 74.00:  10%|█         | 2/20 [00:02<00:25,  1.39s/it]
Task 4, Epoch 3/20 => Loss 0.346, Train_accy 90.00:  10%|█         | 2/20 [00:03<00:25,  1.39s/it]
Task 4, Epoch 3/20 => Loss 0.346, Train_accy 90.00:  15%|█▌        | 3/20 [00:03<00:20,  1.22s/it]
Task 4, Epoch 4/20 => Loss 0.035, Train_accy 94.00:  15%|█▌        | 3/20 [00:04<00:20,  1.22s/it]
Task 4, Epoch 4/20 => Loss 0.035, Train_accy 94.00:  20%|██        | 4/20 [00:04<00:17,  1.11s/it]
Task 4, Epoch 5/20 => Loss 0.142, Train_accy 84.00, Test_accy 66.15:  20%|██        | 4/20 [00:21<00:17,  1.11s/it]
Task 4, Epoch 5/20 => Loss 0.142, Train_accy 84.00, Test_accy 66.15:  25%|██▌       | 5/20 [00:21<01:42,  6.87s/it]
Task 4, Epoch 6/20 => Loss -0.102, Train_accy 92.00:  25%|██▌       | 5/20 [00:22<01:42,  6.87s/it]                
Task 4, Epoch 6/20 => Loss -0.102, Train_accy 92.00:  30%|███       | 6/20 [00:22<01:08,  4.86s/it]
Task 4, Epoch 7/20 => Loss -0.219, Train_accy 98.00:  30%|███       | 6/20 [00:23<01:08,  4.86s/it]
Task 4, Epoch 7/20 => Loss -0.219, Train_accy 98.00:  35%|███▌      | 7/20 [00:23<00:46,  3.59s/it]
Task 4, Epoch 8/20 => Loss -0.216, Train_accy 98.00:  35%|███▌      | 7/20 [00:24<00:46,  3.59s/it]
Task 4, Epoch 8/20 => Loss -0.216, Train_accy 98.00:  40%|████      | 8/20 [00:24<00:33,  2.77s/it]
Task 4, Epoch 9/20 => Loss -0.202, Train_accy 98.00:  40%|████      | 8/20 [00:25<00:33,  2.77s/it]
Task 4, Epoch 9/20 => Loss -0.202, Train_accy 98.00:  45%|████▌     | 9/20 [00:25<00:24,  2.26s/it]
Task 4, Epoch 10/20 => Loss -0.162, Train_accy 94.00, Test_accy 66.58:  45%|████▌     | 9/20 [00:42<00:24,  2.26s/it]
Task 4, Epoch 10/20 => Loss -0.162, Train_accy 94.00, Test_accy 66.58:  50%|█████     | 10/20 [00:42<01:07,  6.79s/it]
Task 4, Epoch 11/20 => Loss -0.135, Train_accy 94.00:  50%|█████     | 10/20 [00:43<01:07,  6.79s/it]                 
Task 4, Epoch 11/20 => Loss -0.135, Train_accy 94.00:  55%|█████▌    | 11/20 [00:43<00:45,  5.07s/it]
Task 4, Epoch 12/20 => Loss -0.245, Train_accy 98.00:  55%|█████▌    | 11/20 [00:45<00:45,  5.07s/it]
Task 4, Epoch 12/20 => Loss -0.245, Train_accy 98.00:  60%|██████    | 12/20 [00:45<00:31,  3.96s/it]
Task 4, Epoch 13/20 => Loss -0.153, Train_accy 94.00:  60%|██████    | 12/20 [00:46<00:31,  3.96s/it]
Task 4, Epoch 13/20 => Loss -0.153, Train_accy 94.00:  65%|██████▌   | 13/20 [00:46<00:22,  3.18s/it]
Task 4, Epoch 14/20 => Loss -0.209, Train_accy 96.00:  65%|██████▌   | 13/20 [00:48<00:22,  3.18s/it]
Task 4, Epoch 14/20 => Loss -0.209, Train_accy 96.00:  70%|███████   | 14/20 [00:48<00:15,  2.64s/it]
Task 4, Epoch 15/20 => Loss -0.005, Train_accy 100.00, Test_accy 66.83:  70%|███████   | 14/20 [01:05<00:15,  2.64s/it]
Task 4, Epoch 15/20 => Loss -0.005, Train_accy 100.00, Test_accy 66.83:  75%|███████▌  | 15/20 [01:05<00:34,  6.95s/it]
Task 4, Epoch 16/20 => Loss 0.016, Train_accy 96.00:  75%|███████▌  | 15/20 [01:06<00:34,  6.95s/it]                   
Task 4, Epoch 16/20 => Loss 0.016, Train_accy 96.00:  80%|████████  | 16/20 [01:06<00:21,  5.29s/it]
Task 4, Epoch 17/20 => Loss -0.227, Train_accy 100.00:  80%|████████  | 16/20 [01:07<00:21,  5.29s/it]
Task 4, Epoch 17/20 => Loss -0.227, Train_accy 100.00:  85%|████████▌ | 17/20 [01:07<00:12,  4.00s/it]
Task 4, Epoch 18/20 => Loss -0.183, Train_accy 94.00:  85%|████████▌ | 17/20 [01:08<00:12,  4.00s/it] 
Task 4, Epoch 18/20 => Loss -0.183, Train_accy 94.00:  90%|█████████ | 18/20 [01:08<00:06,  3.08s/it]
Task 4, Epoch 19/20 => Loss -0.226, Train_accy 96.00:  90%|█████████ | 18/20 [01:09<00:06,  3.08s/it]
Task 4, Epoch 19/20 => Loss -0.226, Train_accy 96.00:  95%|█████████▌| 19/20 [01:09<00:02,  2.57s/it]
Task 4, Epoch 20/20 => Loss -0.238, Train_accy 100.00, Test_accy 66.96:  95%|█████████▌| 19/20 [01:26<00:02,  2.57s/it]
Task 4, Epoch 20/20 => Loss -0.238, Train_accy 100.00, Test_accy 66.96: 100%|██████████| 20/20 [01:26<00:00,  6.75s/it]
Task 4, Epoch 20/20 => Loss -0.238, Train_accy 100.00, Test_accy 66.96: 100%|██████████| 20/20 [01:26<00:00,  4.32s/it]
2025-12-14 13:10:20,067 [l2p.py] => Task 4, Epoch 20/20 => Loss -0.238, Train_accy 100.00, Test_accy 66.96
2025-12-14 13:10:42,272 [trainer.py] => CNN: {'total': 66.96, '00-99': 92.33, '100-109': 5.98, '110-119': 1.53, '120-129': 6.78, '130-139': 11.21, '140-149': 90.0, '150-159': 80.0, '160-169': 78.0, '170-179': 92.0, '180-189': 76.0, '190-199': 86.0, 'old': 70.93, 'new': 11.21}
2025-12-14 13:10:42,272 [trainer.py] => CNN top1 curve: [92.5, 84.25, 76.34, 70.67, 66.96]
2025-12-14 13:10:42,272 [trainer.py] => Average Accuracy (CNN): 78.14 

2025-12-14 13:10:42,276 [trainer.py] => All params: 172123793
2025-12-14 13:10:42,279 [trainer.py] => Trainable params: 353481
2025-12-14 13:10:42,279 [l2p.py] => Learning on 140-150

  0%|          | 0/20 [00:00<?, ?it/s]
Task 5, Epoch 1/20 => Loss 1.628, Train_accy 14.00:   0%|          | 0/20 [00:01<?, ?it/s]
Task 5, Epoch 1/20 => Loss 1.628, Train_accy 14.00:   5%|▌         | 1/20 [00:01<00:26,  1.41s/it]
Task 5, Epoch 2/20 => Loss 0.356, Train_accy 82.00:   5%|▌         | 1/20 [00:02<00:26,  1.41s/it]
Task 5, Epoch 2/20 => Loss 0.356, Train_accy 82.00:  10%|█         | 2/20 [00:02<00:25,  1.40s/it]
Task 5, Epoch 3/20 => Loss 0.145, Train_accy 84.00:  10%|█         | 2/20 [00:04<00:25,  1.40s/it]
Task 5, Epoch 3/20 => Loss 0.145, Train_accy 84.00:  15%|█▌        | 3/20 [00:04<00:23,  1.40s/it]
Task 5, Epoch 4/20 => Loss -0.067, Train_accy 90.00:  15%|█▌        | 3/20 [00:05<00:23,  1.40s/it]
Task 5, Epoch 4/20 => Loss -0.067, Train_accy 90.00:  20%|██        | 4/20 [00:05<00:22,  1.40s/it]
Task 5, Epoch 5/20 => Loss 0.081, Train_accy 94.00, Test_accy 62.38:  20%|██        | 4/20 [00:23<00:22,  1.40s/it]
Task 5, Epoch 5/20 => Loss 0.081, Train_accy 94.00, Test_accy 62.38:  25%|██▌       | 5/20 [00:23<01:48,  7.23s/it]
Task 5, Epoch 6/20 => Loss -0.087, Train_accy 94.00:  25%|██▌       | 5/20 [00:24<01:48,  7.23s/it]                
Task 5, Epoch 6/20 => Loss -0.087, Train_accy 94.00:  30%|███       | 6/20 [00:24<01:13,  5.26s/it]
Task 5, Epoch 7/20 => Loss -0.143, Train_accy 96.00:  30%|███       | 6/20 [00:26<01:13,  5.26s/it]
Task 5, Epoch 7/20 => Loss -0.143, Train_accy 96.00:  35%|███▌      | 7/20 [00:26<00:52,  4.01s/it]
Task 5, Epoch 8/20 => Loss -0.163, Train_accy 94.00:  35%|███▌      | 7/20 [00:27<00:52,  4.01s/it]
Task 5, Epoch 8/20 => Loss -0.163, Train_accy 94.00:  40%|████      | 8/20 [00:27<00:37,  3.16s/it]
Task 5, Epoch 9/20 => Loss -0.205, Train_accy 96.00:  40%|████      | 8/20 [00:28<00:37,  3.16s/it]
Task 5, Epoch 9/20 => Loss -0.205, Train_accy 96.00:  45%|████▌     | 9/20 [00:28<00:27,  2.54s/it]
Task 5, Epoch 10/20 => Loss 0.714, Train_accy 94.00, Test_accy 62.96:  45%|████▌     | 9/20 [00:47<00:27,  2.54s/it]
Task 5, Epoch 10/20 => Loss 0.714, Train_accy 94.00, Test_accy 62.96:  50%|█████     | 10/20 [00:47<01:14,  7.50s/it]
Task 5, Epoch 11/20 => Loss -0.269, Train_accy 100.00:  50%|█████     | 10/20 [00:48<01:14,  7.50s/it]               
Task 5, Epoch 11/20 => Loss -0.269, Train_accy 100.00:  55%|█████▌    | 11/20 [00:48<00:49,  5.48s/it]
Task 5, Epoch 12/20 => Loss -0.176, Train_accy 96.00:  55%|█████▌    | 11/20 [00:49<00:49,  5.48s/it] 
Task 5, Epoch 12/20 => Loss -0.176, Train_accy 96.00:  60%|██████    | 12/20 [00:49<00:32,  4.12s/it]
Task 5, Epoch 13/20 => Loss -0.279, Train_accy 98.00:  60%|██████    | 12/20 [00:50<00:32,  4.12s/it]
Task 5, Epoch 13/20 => Loss -0.279, Train_accy 98.00:  65%|██████▌   | 13/20 [00:50<00:22,  3.26s/it]
Task 5, Epoch 14/20 => Loss -0.194, Train_accy 94.00:  65%|██████▌   | 13/20 [00:51<00:22,  3.26s/it]
Task 5, Epoch 14/20 => Loss -0.194, Train_accy 94.00:  70%|███████   | 14/20 [00:51<00:15,  2.65s/it]
Task 5, Epoch 15/20 => Loss -0.201, Train_accy 96.00, Test_accy 62.91:  70%|███████   | 14/20 [01:11<00:15,  2.65s/it]
Task 5, Epoch 15/20 => Loss -0.201, Train_accy 96.00, Test_accy 62.91:  75%|███████▌  | 15/20 [01:11<00:38,  7.73s/it]
Task 5, Epoch 16/20 => Loss -0.162, Train_accy 88.00:  75%|███████▌  | 15/20 [01:12<00:38,  7.73s/it]                 
Task 5, Epoch 16/20 => Loss -0.162, Train_accy 88.00:  80%|████████  | 16/20 [01:12<00:23,  5.84s/it]
Task 5, Epoch 17/20 => Loss -0.199, Train_accy 94.00:  80%|████████  | 16/20 [01:13<00:23,  5.84s/it]
Task 5, Epoch 17/20 => Loss -0.199, Train_accy 94.00:  85%|████████▌ | 17/20 [01:13<00:13,  4.37s/it]
Task 5, Epoch 18/20 => Loss -0.048, Train_accy 94.00:  85%|████████▌ | 17/20 [01:14<00:13,  4.37s/it]
Task 5, Epoch 18/20 => Loss -0.048, Train_accy 94.00:  90%|█████████ | 18/20 [01:14<00:06,  3.48s/it]
Task 5, Epoch 19/20 => Loss 0.134, Train_accy 94.00:  90%|█████████ | 18/20 [01:16<00:06,  3.48s/it] 
Task 5, Epoch 19/20 => Loss 0.134, Train_accy 94.00:  95%|█████████▌| 19/20 [01:16<00:02,  2.85s/it]
Task 5, Epoch 20/20 => Loss -0.209, Train_accy 98.00, Test_accy 62.91:  95%|█████████▌| 19/20 [01:33<00:02,  2.85s/it]
Task 5, Epoch 20/20 => Loss -0.209, Train_accy 98.00, Test_accy 62.91: 100%|██████████| 20/20 [01:33<00:00,  7.29s/it]
Task 5, Epoch 20/20 => Loss -0.209, Train_accy 98.00, Test_accy 62.91: 100%|██████████| 20/20 [01:33<00:00,  4.70s/it]
2025-12-14 13:12:16,211 [l2p.py] => Task 5, Epoch 20/20 => Loss -0.209, Train_accy 98.00, Test_accy 62.91
2025-12-14 13:12:39,136 [trainer.py] => CNN: {'total': 62.91, '00-99': 92.06, '100-109': 5.98, '110-119': 2.29, '120-129': 4.24, '130-139': 11.21, '140-149': 13.22, '150-159': 88.0, '160-169': 88.0, '170-179': 88.0, '180-189': 86.0, '190-199': 96.0, 'old': 66.65, 'new': 13.22}
2025-12-14 13:12:39,137 [trainer.py] => CNN top1 curve: [92.5, 84.25, 76.34, 70.67, 66.96, 62.91]
2025-12-14 13:12:39,137 [trainer.py] => Average Accuracy (CNN): 75.6 

2025-12-14 13:12:39,140 [trainer.py] => All params: 172123793
2025-12-14 13:12:39,143 [trainer.py] => Trainable params: 353481
2025-12-14 13:12:39,143 [l2p.py] => Learning on 150-160

  0%|          | 0/20 [00:00<?, ?it/s]
Task 6, Epoch 1/20 => Loss 2.106, Train_accy 8.00:   0%|          | 0/20 [00:01<?, ?it/s]
Task 6, Epoch 1/20 => Loss 2.106, Train_accy 8.00:   5%|▌         | 1/20 [00:01<00:27,  1.44s/it]
Task 6, Epoch 2/20 => Loss 1.236, Train_accy 62.00:   5%|▌         | 1/20 [00:02<00:27,  1.44s/it]
Task 6, Epoch 2/20 => Loss 1.236, Train_accy 62.00:  10%|█         | 2/20 [00:02<00:20,  1.14s/it]
Task 6, Epoch 3/20 => Loss 0.201, Train_accy 84.00:  10%|█         | 2/20 [00:03<00:20,  1.14s/it]
Task 6, Epoch 3/20 => Loss 0.201, Train_accy 84.00:  15%|█▌        | 3/20 [00:03<00:18,  1.08s/it]
Task 6, Epoch 4/20 => Loss 0.327, Train_accy 86.00:  15%|█▌        | 3/20 [00:04<00:18,  1.08s/it]
Task 6, Epoch 4/20 => Loss 0.327, Train_accy 86.00:  20%|██        | 4/20 [00:04<00:18,  1.15s/it]
Task 6, Epoch 5/20 => Loss 0.052, Train_accy 80.00, Test_accy 58.88:  20%|██        | 4/20 [00:24<00:18,  1.15s/it]
Task 6, Epoch 5/20 => Loss 0.052, Train_accy 80.00, Test_accy 58.88:  25%|██▌       | 5/20 [00:24<01:59,  7.99s/it]
Task 6, Epoch 6/20 => Loss 0.175, Train_accy 86.00:  25%|██▌       | 5/20 [00:25<01:59,  7.99s/it]                 
Task 6, Epoch 6/20 => Loss 0.175, Train_accy 86.00:  30%|███       | 6/20 [00:25<01:18,  5.59s/it]
Task 6, Epoch 7/20 => Loss -0.163, Train_accy 88.00:  30%|███       | 6/20 [00:26<01:18,  5.59s/it]
Task 6, Epoch 7/20 => Loss -0.163, Train_accy 88.00:  35%|███▌      | 7/20 [00:26<00:54,  4.16s/it]
Task 6, Epoch 8/20 => Loss -0.117, Train_accy 92.00:  35%|███▌      | 7/20 [00:28<00:54,  4.16s/it]
Task 6, Epoch 8/20 => Loss -0.117, Train_accy 92.00:  40%|████      | 8/20 [00:28<00:39,  3.30s/it]
Task 6, Epoch 9/20 => Loss -0.143, Train_accy 96.00:  40%|████      | 8/20 [00:29<00:39,  3.30s/it]
Task 6, Epoch 9/20 => Loss -0.143, Train_accy 96.00:  45%|████▌     | 9/20 [00:29<00:29,  2.65s/it]
Task 6, Epoch 10/20 => Loss -0.243, Train_accy 98.00, Test_accy 59.69:  45%|████▌     | 9/20 [00:49<00:29,  2.65s/it]
Task 6, Epoch 10/20 => Loss -0.243, Train_accy 98.00, Test_accy 59.69:  50%|█████     | 10/20 [00:49<01:20,  8.07s/it]
Task 6, Epoch 11/20 => Loss -0.223, Train_accy 96.00:  50%|█████     | 10/20 [00:50<01:20,  8.07s/it]                 
Task 6, Epoch 11/20 => Loss -0.223, Train_accy 96.00:  55%|█████▌    | 11/20 [00:50<00:53,  5.89s/it]
Task 6, Epoch 12/20 => Loss 1.140, Train_accy 94.00:  55%|█████▌    | 11/20 [00:51<00:53,  5.89s/it] 
Task 6, Epoch 12/20 => Loss 1.140, Train_accy 94.00:  60%|██████    | 12/20 [00:51<00:35,  4.40s/it]
Task 6, Epoch 13/20 => Loss -0.227, Train_accy 96.00:  60%|██████    | 12/20 [00:52<00:35,  4.40s/it]
Task 6, Epoch 13/20 => Loss -0.227, Train_accy 96.00:  65%|██████▌   | 13/20 [00:52<00:24,  3.44s/it]
Task 6, Epoch 14/20 => Loss -0.214, Train_accy 98.00:  65%|██████▌   | 13/20 [00:54<00:24,  3.44s/it]
Task 6, Epoch 14/20 => Loss -0.214, Train_accy 98.00:  70%|███████   | 14/20 [00:54<00:17,  2.84s/it]
Task 6, Epoch 15/20 => Loss -0.238, Train_accy 98.00, Test_accy 59.85:  70%|███████   | 14/20 [01:16<00:17,  2.84s/it]
Task 6, Epoch 15/20 => Loss -0.238, Train_accy 98.00, Test_accy 59.85:  75%|███████▌  | 15/20 [01:16<00:42,  8.51s/it]
Task 6, Epoch 16/20 => Loss -0.128, Train_accy 96.00:  75%|███████▌  | 15/20 [01:17<00:42,  8.51s/it]                 
Task 6, Epoch 16/20 => Loss -0.128, Train_accy 96.00:  80%|████████  | 16/20 [01:17<00:25,  6.38s/it]
Task 6, Epoch 17/20 => Loss -0.209, Train_accy 98.00:  80%|████████  | 16/20 [01:18<00:25,  6.38s/it]
Task 6, Epoch 17/20 => Loss -0.209, Train_accy 98.00:  85%|████████▌ | 17/20 [01:18<00:14,  4.76s/it]
Task 6, Epoch 18/20 => Loss -0.135, Train_accy 96.00:  85%|████████▌ | 17/20 [01:19<00:14,  4.76s/it]
Task 6, Epoch 18/20 => Loss -0.135, Train_accy 96.00:  90%|█████████ | 18/20 [01:19<00:07,  3.62s/it]
Task 6, Epoch 19/20 => Loss -0.126, Train_accy 92.00:  90%|█████████ | 18/20 [01:20<00:07,  3.62s/it]
Task 6, Epoch 19/20 => Loss -0.126, Train_accy 92.00:  95%|█████████▌| 19/20 [01:20<00:02,  2.82s/it]
Task 6, Epoch 20/20 => Loss -0.122, Train_accy 90.00, Test_accy 59.85:  95%|█████████▌| 19/20 [01:41<00:02,  2.82s/it]
Task 6, Epoch 20/20 => Loss -0.122, Train_accy 90.00, Test_accy 59.85: 100%|██████████| 20/20 [01:41<00:00,  8.27s/it]
Task 6, Epoch 20/20 => Loss -0.122, Train_accy 90.00, Test_accy 59.85: 100%|██████████| 20/20 [01:41<00:00,  5.07s/it]
2025-12-14 13:14:20,542 [l2p.py] => Task 6, Epoch 20/20 => Loss -0.122, Train_accy 90.00, Test_accy 59.85
2025-12-14 13:14:44,806 [trainer.py] => CNN: {'total': 59.85, '00-99': 92.24, '100-109': 5.98, '110-119': 2.29, '120-129': 6.78, '130-139': 11.21, '140-149': 13.22, '150-159': 15.38, '160-169': 86.0, '170-179': 94.0, '180-189': 80.0, '190-199': 92.0, 'old': 63.19, 'new': 15.38}
2025-12-14 13:14:44,807 [trainer.py] => CNN top1 curve: [92.5, 84.25, 76.34, 70.67, 66.96, 62.91, 59.85]
2025-12-14 13:14:44,807 [trainer.py] => Average Accuracy (CNN): 73.35 

2025-12-14 13:14:44,808 [trainer.py] => All params: 172123793
2025-12-14 13:14:44,809 [trainer.py] => Trainable params: 353481
2025-12-14 13:14:44,809 [l2p.py] => Learning on 160-170

  0%|          | 0/20 [00:00<?, ?it/s]
Task 7, Epoch 1/20 => Loss 1.980, Train_accy 18.00:   0%|          | 0/20 [00:01<?, ?it/s]
Task 7, Epoch 1/20 => Loss 1.980, Train_accy 18.00:   5%|▌         | 1/20 [00:01<00:25,  1.34s/it]
Task 7, Epoch 2/20 => Loss 0.721, Train_accy 70.00:   5%|▌         | 1/20 [00:02<00:25,  1.34s/it]
Task 7, Epoch 2/20 => Loss 0.721, Train_accy 70.00:  10%|█         | 2/20 [00:02<00:22,  1.27s/it]
Task 7, Epoch 3/20 => Loss 0.902, Train_accy 78.00:  10%|█         | 2/20 [00:03<00:22,  1.27s/it]
Task 7, Epoch 3/20 => Loss 0.902, Train_accy 78.00:  15%|█▌        | 3/20 [00:03<00:19,  1.12s/it]
Task 7, Epoch 4/20 => Loss 0.023, Train_accy 90.00:  15%|█▌        | 3/20 [00:04<00:19,  1.12s/it]
Task 7, Epoch 4/20 => Loss 0.023, Train_accy 90.00:  20%|██        | 4/20 [00:04<00:17,  1.10s/it]
Task 7, Epoch 5/20 => Loss -0.092, Train_accy 92.00, Test_accy 56.30:  20%|██        | 4/20 [00:26<00:17,  1.10s/it]
Task 7, Epoch 5/20 => Loss -0.092, Train_accy 92.00, Test_accy 56.30:  25%|██▌       | 5/20 [00:26<02:11,  8.75s/it]
Task 7, Epoch 6/20 => Loss -0.086, Train_accy 90.00:  25%|██▌       | 5/20 [00:27<02:11,  8.75s/it]                 
Task 7, Epoch 6/20 => Loss -0.086, Train_accy 90.00:  30%|███       | 6/20 [00:27<01:25,  6.10s/it]
Task 7, Epoch 7/20 => Loss 0.688, Train_accy 88.00:  30%|███       | 6/20 [00:29<01:25,  6.10s/it] 
Task 7, Epoch 7/20 => Loss 0.688, Train_accy 88.00:  35%|███▌      | 7/20 [00:29<00:58,  4.52s/it]
Task 7, Epoch 8/20 => Loss -0.116, Train_accy 94.00:  35%|███▌      | 7/20 [00:30<00:58,  4.52s/it]
Task 7, Epoch 8/20 => Loss -0.116, Train_accy 94.00:  40%|████      | 8/20 [00:30<00:42,  3.55s/it]
Task 7, Epoch 9/20 => Loss -0.209, Train_accy 94.00:  40%|████      | 8/20 [00:31<00:42,  3.55s/it]
Task 7, Epoch 9/20 => Loss -0.209, Train_accy 94.00:  45%|████▌     | 9/20 [00:31<00:29,  2.72s/it]
Task 7, Epoch 10/20 => Loss -0.127, Train_accy 88.00, Test_accy 56.25:  45%|████▌     | 9/20 [00:53<00:29,  2.72s/it]
Task 7, Epoch 10/20 => Loss -0.127, Train_accy 88.00, Test_accy 56.25:  50%|█████     | 10/20 [00:53<01:27,  8.71s/it]
Task 7, Epoch 11/20 => Loss -0.107, Train_accy 88.00:  50%|█████     | 10/20 [00:54<01:27,  8.71s/it]                 
Task 7, Epoch 11/20 => Loss -0.107, Train_accy 88.00:  55%|█████▌    | 11/20 [00:54<00:56,  6.32s/it]
Task 7, Epoch 12/20 => Loss -0.135, Train_accy 90.00:  55%|█████▌    | 11/20 [00:55<00:56,  6.32s/it]
Task 7, Epoch 12/20 => Loss -0.135, Train_accy 90.00:  60%|██████    | 12/20 [00:55<00:38,  4.81s/it]
Task 7, Epoch 13/20 => Loss -0.220, Train_accy 94.00:  60%|██████    | 12/20 [00:57<00:38,  4.81s/it]
Task 7, Epoch 13/20 => Loss -0.220, Train_accy 94.00:  65%|██████▌   | 13/20 [00:57<00:26,  3.78s/it]
Task 7, Epoch 14/20 => Loss -0.240, Train_accy 96.00:  65%|██████▌   | 13/20 [00:58<00:26,  3.78s/it]
Task 7, Epoch 14/20 => Loss -0.240, Train_accy 96.00:  70%|███████   | 14/20 [00:58<00:18,  3.06s/it]
Task 7, Epoch 15/20 => Loss -0.036, Train_accy 94.00, Test_accy 56.25:  70%|███████   | 14/20 [01:21<00:18,  3.06s/it]
Task 7, Epoch 15/20 => Loss -0.036, Train_accy 94.00, Test_accy 56.25:  75%|███████▌  | 15/20 [01:21<00:44,  8.99s/it]
Task 7, Epoch 16/20 => Loss -0.230, Train_accy 96.00:  75%|███████▌  | 15/20 [01:22<00:44,  8.99s/it]                 
Task 7, Epoch 16/20 => Loss -0.230, Train_accy 96.00:  80%|████████  | 16/20 [01:22<00:26,  6.56s/it]
Task 7, Epoch 17/20 => Loss -0.205, Train_accy 96.00:  80%|████████  | 16/20 [01:23<00:26,  6.56s/it]
Task 7, Epoch 17/20 => Loss -0.205, Train_accy 96.00:  85%|████████▌ | 17/20 [01:23<00:14,  4.88s/it]
Task 7, Epoch 18/20 => Loss -0.189, Train_accy 94.00:  85%|████████▌ | 17/20 [01:24<00:14,  4.88s/it]
Task 7, Epoch 18/20 => Loss -0.189, Train_accy 94.00:  90%|█████████ | 18/20 [01:24<00:07,  3.68s/it]
Task 7, Epoch 19/20 => Loss 0.058, Train_accy 92.00:  90%|█████████ | 18/20 [01:25<00:07,  3.68s/it] 
Task 7, Epoch 19/20 => Loss 0.058, Train_accy 92.00:  95%|█████████▌| 19/20 [01:25<00:02,  2.87s/it]
Task 7, Epoch 20/20 => Loss -0.234, Train_accy 96.00, Test_accy 56.15:  95%|█████████▌| 19/20 [01:47<00:02,  2.87s/it]
Task 7, Epoch 20/20 => Loss -0.234, Train_accy 96.00, Test_accy 56.15: 100%|██████████| 20/20 [01:47<00:00,  8.78s/it]
Task 7, Epoch 20/20 => Loss -0.234, Train_accy 96.00, Test_accy 56.15: 100%|██████████| 20/20 [01:47<00:00,  5.39s/it]
2025-12-14 13:16:32,532 [l2p.py] => Task 7, Epoch 20/20 => Loss -0.234, Train_accy 96.00, Test_accy 56.15
2025-12-14 13:16:56,852 [trainer.py] => CNN: {'total': 56.15, '00-99': 91.98, '100-109': 5.98, '110-119': 2.29, '120-129': 5.93, '130-139': 11.21, '140-149': 13.22, '150-159': 15.38, '160-169': 0.85, '170-179': 92.0, '180-189': 90.0, '190-199': 96.0, 'old': 59.63, 'new': 0.85}
2025-12-14 13:16:56,852 [trainer.py] => CNN top1 curve: [92.5, 84.25, 76.34, 70.67, 66.96, 62.91, 59.85, 56.15]
2025-12-14 13:16:56,852 [trainer.py] => Average Accuracy (CNN): 71.2 

2025-12-14 13:16:56,853 [trainer.py] => All params: 172123793
2025-12-14 13:16:56,855 [trainer.py] => Trainable params: 353481
2025-12-14 13:16:56,855 [l2p.py] => Learning on 170-180

  0%|          | 0/20 [00:00<?, ?it/s]
Task 8, Epoch 1/20 => Loss 2.231, Train_accy 6.00:   0%|          | 0/20 [00:00<?, ?it/s]
Task 8, Epoch 1/20 => Loss 2.231, Train_accy 6.00:   5%|▌         | 1/20 [00:00<00:18,  1.04it/s]
Task 8, Epoch 2/20 => Loss 1.043, Train_accy 48.00:   5%|▌         | 1/20 [00:02<00:18,  1.04it/s]
Task 8, Epoch 2/20 => Loss 1.043, Train_accy 48.00:  10%|█         | 2/20 [00:02<00:21,  1.22s/it]
Task 8, Epoch 3/20 => Loss 0.381, Train_accy 76.00:  10%|█         | 2/20 [00:03<00:21,  1.22s/it]
Task 8, Epoch 3/20 => Loss 0.381, Train_accy 76.00:  15%|█▌        | 3/20 [00:03<00:20,  1.19s/it]
Task 8, Epoch 4/20 => Loss 0.135, Train_accy 82.00:  15%|█▌        | 3/20 [00:04<00:20,  1.19s/it]
Task 8, Epoch 4/20 => Loss 0.135, Train_accy 82.00:  20%|██        | 4/20 [00:04<00:17,  1.10s/it]
Task 8, Epoch 5/20 => Loss -0.031, Train_accy 92.00, Test_accy 52.90:  20%|██        | 4/20 [00:28<00:17,  1.10s/it]
Task 8, Epoch 5/20 => Loss -0.031, Train_accy 92.00, Test_accy 52.90:  25%|██▌       | 5/20 [00:28<02:22,  9.48s/it]
Task 8, Epoch 6/20 => Loss 0.094, Train_accy 82.00:  25%|██▌       | 5/20 [00:29<02:22,  9.48s/it]                  
Task 8, Epoch 6/20 => Loss 0.094, Train_accy 82.00:  30%|███       | 6/20 [00:29<01:32,  6.64s/it]
Task 8, Epoch 7/20 => Loss -0.146, Train_accy 90.00:  30%|███       | 6/20 [00:30<01:32,  6.64s/it]
Task 8, Epoch 7/20 => Loss -0.146, Train_accy 90.00:  35%|███▌      | 7/20 [00:30<01:02,  4.77s/it]
Task 8, Epoch 8/20 => Loss -0.226, Train_accy 98.00:  35%|███▌      | 7/20 [00:32<01:02,  4.77s/it]
Task 8, Epoch 8/20 => Loss -0.226, Train_accy 98.00:  40%|████      | 8/20 [00:32<00:44,  3.69s/it]
Task 8, Epoch 9/20 => Loss -0.105, Train_accy 90.00:  40%|████      | 8/20 [00:33<00:44,  3.69s/it]
Task 8, Epoch 9/20 => Loss -0.105, Train_accy 90.00:  45%|████▌     | 9/20 [00:33<00:31,  2.85s/it]
Task 8, Epoch 10/20 => Loss 0.571, Train_accy 94.00, Test_accy 53.14:  45%|████▌     | 9/20 [00:56<00:31,  2.85s/it]
Task 8, Epoch 10/20 => Loss 0.571, Train_accy 94.00, Test_accy 53.14:  50%|█████     | 10/20 [00:56<01:32,  9.25s/it]
Task 8, Epoch 11/20 => Loss -0.195, Train_accy 100.00:  50%|█████     | 10/20 [00:57<01:32,  9.25s/it]               
Task 8, Epoch 11/20 => Loss -0.195, Train_accy 100.00:  55%|█████▌    | 11/20 [00:57<01:00,  6.76s/it]
Task 8, Epoch 12/20 => Loss -0.188, Train_accy 92.00:  55%|█████▌    | 11/20 [00:59<01:00,  6.76s/it] 
Task 8, Epoch 12/20 => Loss -0.188, Train_accy 92.00:  60%|██████    | 12/20 [00:59<00:41,  5.15s/it]
Task 8, Epoch 13/20 => Loss -0.240, Train_accy 96.00:  60%|██████    | 12/20 [01:00<00:41,  5.15s/it]
Task 8, Epoch 13/20 => Loss -0.240, Train_accy 96.00:  65%|██████▌   | 13/20 [01:00<00:27,  3.87s/it]
Task 8, Epoch 14/20 => Loss -0.175, Train_accy 96.00:  65%|██████▌   | 13/20 [01:01<00:27,  3.87s/it]
Task 8, Epoch 14/20 => Loss -0.175, Train_accy 96.00:  70%|███████   | 14/20 [01:01<00:18,  3.13s/it]
Task 8, Epoch 15/20 => Loss -0.231, Train_accy 98.00, Test_accy 53.52:  70%|███████   | 14/20 [01:26<00:18,  3.13s/it]
Task 8, Epoch 15/20 => Loss -0.231, Train_accy 98.00, Test_accy 53.52:  75%|███████▌  | 15/20 [01:26<00:47,  9.58s/it]
Task 8, Epoch 16/20 => Loss -0.160, Train_accy 94.00:  75%|███████▌  | 15/20 [01:27<00:47,  9.58s/it]                 
Task 8, Epoch 16/20 => Loss -0.160, Train_accy 94.00:  80%|████████  | 16/20 [01:27<00:28,  7.06s/it]
Task 8, Epoch 17/20 => Loss -0.248, Train_accy 96.00:  80%|████████  | 16/20 [01:28<00:28,  7.06s/it]
Task 8, Epoch 17/20 => Loss -0.248, Train_accy 96.00:  85%|████████▌ | 17/20 [01:28<00:15,  5.23s/it]
Task 8, Epoch 18/20 => Loss -0.136, Train_accy 98.00:  85%|████████▌ | 17/20 [01:29<00:15,  5.23s/it]
Task 8, Epoch 18/20 => Loss -0.136, Train_accy 98.00:  90%|█████████ | 18/20 [01:29<00:07,  3.96s/it]
Task 8, Epoch 19/20 => Loss -0.172, Train_accy 90.00:  90%|█████████ | 18/20 [01:30<00:07,  3.96s/it]
Task 8, Epoch 19/20 => Loss -0.172, Train_accy 90.00:  95%|█████████▌| 19/20 [01:30<00:03,  3.06s/it]
Task 8, Epoch 20/20 => Loss -0.150, Train_accy 92.00, Test_accy 53.66:  95%|█████████▌| 19/20 [01:54<00:03,  3.06s/it]
Task 8, Epoch 20/20 => Loss -0.150, Train_accy 92.00, Test_accy 53.66: 100%|██████████| 20/20 [01:54<00:00,  9.50s/it]
Task 8, Epoch 20/20 => Loss -0.150, Train_accy 92.00, Test_accy 53.66: 100%|██████████| 20/20 [01:54<00:00,  5.75s/it]
2025-12-14 13:18:51,806 [l2p.py] => Task 8, Epoch 20/20 => Loss -0.150, Train_accy 92.00, Test_accy 53.66
2025-12-14 13:19:16,829 [trainer.py] => CNN: {'total': 53.66, '00-99': 92.24, '100-109': 5.13, '110-119': 2.29, '120-129': 6.78, '130-139': 12.15, '140-149': 13.22, '150-159': 14.62, '160-169': 0.85, '170-179': 12.6, '180-189': 86.0, '190-199': 90.0, 'old': 56.3, 'new': 12.6}
2025-12-14 13:19:16,829 [trainer.py] => CNN top1 curve: [92.5, 84.25, 76.34, 70.67, 66.96, 62.91, 59.85, 56.15, 53.66]
2025-12-14 13:19:16,829 [trainer.py] => Average Accuracy (CNN): 69.25 

2025-12-14 13:19:16,830 [trainer.py] => All params: 172123793
2025-12-14 13:19:16,831 [trainer.py] => Trainable params: 353481
2025-12-14 13:19:16,831 [l2p.py] => Learning on 180-190

  0%|          | 0/20 [00:00<?, ?it/s]
Task 9, Epoch 1/20 => Loss 2.756, Train_accy 0.00:   0%|          | 0/20 [00:00<?, ?it/s]
Task 9, Epoch 1/20 => Loss 2.756, Train_accy 0.00:   5%|▌         | 1/20 [00:00<00:17,  1.06it/s]
Task 9, Epoch 2/20 => Loss 1.091, Train_accy 62.00:   5%|▌         | 1/20 [00:02<00:17,  1.06it/s]
Task 9, Epoch 2/20 => Loss 1.091, Train_accy 62.00:  10%|█         | 2/20 [00:02<00:22,  1.24s/it]
Task 9, Epoch 3/20 => Loss 0.905, Train_accy 74.00:  10%|█         | 2/20 [00:03<00:22,  1.24s/it]
Task 9, Epoch 3/20 => Loss 0.905, Train_accy 74.00:  15%|█▌        | 3/20 [00:03<00:19,  1.14s/it]
Task 9, Epoch 4/20 => Loss 0.147, Train_accy 82.00:  15%|█▌        | 3/20 [00:04<00:19,  1.14s/it]
Task 9, Epoch 4/20 => Loss 0.147, Train_accy 82.00:  20%|██        | 4/20 [00:04<00:17,  1.08s/it]
Task 9, Epoch 5/20 => Loss -0.022, Train_accy 82.00, Test_accy 50.81:  20%|██        | 4/20 [00:30<00:17,  1.08s/it]
Task 9, Epoch 5/20 => Loss -0.022, Train_accy 82.00, Test_accy 50.81:  25%|██▌       | 5/20 [00:30<02:30, 10.04s/it]
Task 9, Epoch 6/20 => Loss -0.098, Train_accy 86.00:  25%|██▌       | 5/20 [00:31<02:30, 10.04s/it]                 
Task 9, Epoch 6/20 => Loss -0.098, Train_accy 86.00:  30%|███       | 6/20 [00:31<01:37,  6.95s/it]
Task 9, Epoch 7/20 => Loss 0.151, Train_accy 78.00:  30%|███       | 6/20 [00:32<01:37,  6.95s/it] 
Task 9, Epoch 7/20 => Loss 0.151, Train_accy 78.00:  35%|███▌      | 7/20 [00:32<01:05,  5.00s/it]
Task 9, Epoch 8/20 => Loss 0.035, Train_accy 88.00:  35%|███▌      | 7/20 [00:33<01:05,  5.00s/it]
Task 9, Epoch 8/20 => Loss 0.035, Train_accy 88.00:  40%|████      | 8/20 [00:33<00:46,  3.87s/it]
Task 9, Epoch 9/20 => Loss -0.199, Train_accy 98.00:  40%|████      | 8/20 [00:34<00:46,  3.87s/it]
Task 9, Epoch 9/20 => Loss -0.199, Train_accy 98.00:  45%|████▌     | 9/20 [00:34<00:33,  3.00s/it]
Task 9, Epoch 10/20 => Loss -0.042, Train_accy 92.00, Test_accy 50.90:  45%|████▌     | 9/20 [01:00<00:33,  3.00s/it]
Task 9, Epoch 10/20 => Loss -0.042, Train_accy 92.00, Test_accy 50.90:  50%|█████     | 10/20 [01:00<01:38,  9.88s/it]
Task 9, Epoch 11/20 => Loss -0.157, Train_accy 92.00:  50%|█████     | 10/20 [01:01<01:38,  9.88s/it]                 
Task 9, Epoch 11/20 => Loss -0.157, Train_accy 92.00:  55%|█████▌    | 11/20 [01:01<01:04,  7.22s/it]
Task 9, Epoch 12/20 => Loss 0.026, Train_accy 90.00:  55%|█████▌    | 11/20 [01:02<01:04,  7.22s/it] 
Task 9, Epoch 12/20 => Loss 0.026, Train_accy 90.00:  60%|██████    | 12/20 [01:02<00:42,  5.37s/it]
Task 9, Epoch 13/20 => Loss -0.172, Train_accy 94.00:  60%|██████    | 12/20 [01:03<00:42,  5.37s/it]
Task 9, Epoch 13/20 => Loss -0.172, Train_accy 94.00:  65%|██████▌   | 13/20 [01:03<00:28,  4.03s/it]
Task 9, Epoch 14/20 => Loss -0.233, Train_accy 98.00:  65%|██████▌   | 13/20 [01:04<00:28,  4.03s/it]
Task 9, Epoch 14/20 => Loss -0.233, Train_accy 98.00:  70%|███████   | 14/20 [01:04<00:19,  3.17s/it]
Task 9, Epoch 15/20 => Loss 0.020, Train_accy 98.00, Test_accy 50.90:  70%|███████   | 14/20 [01:29<00:19,  3.17s/it]
Task 9, Epoch 15/20 => Loss 0.020, Train_accy 98.00, Test_accy 50.90:  75%|███████▌  | 15/20 [01:29<00:49,  9.89s/it]
Task 9, Epoch 16/20 => Loss -0.089, Train_accy 94.00:  75%|███████▌  | 15/20 [01:31<00:49,  9.89s/it]                
Task 9, Epoch 16/20 => Loss -0.089, Train_accy 94.00:  80%|████████  | 16/20 [01:31<00:29,  7.27s/it]
Task 9, Epoch 17/20 => Loss -0.178, Train_accy 96.00:  80%|████████  | 16/20 [01:32<00:29,  7.27s/it]
Task 9, Epoch 17/20 => Loss -0.178, Train_accy 96.00:  85%|████████▌ | 17/20 [01:32<00:16,  5.38s/it]
Task 9, Epoch 18/20 => Loss -0.162, Train_accy 94.00:  85%|████████▌ | 17/20 [01:33<00:16,  5.38s/it]
Task 9, Epoch 18/20 => Loss -0.162, Train_accy 94.00:  90%|█████████ | 18/20 [01:33<00:08,  4.19s/it]
Task 9, Epoch 19/20 => Loss -0.183, Train_accy 96.00:  90%|█████████ | 18/20 [01:34<00:08,  4.19s/it]
Task 9, Epoch 19/20 => Loss -0.183, Train_accy 96.00:  95%|█████████▌| 19/20 [01:34<00:03,  3.35s/it]
Task 9, Epoch 20/20 => Loss -0.195, Train_accy 98.00, Test_accy 50.81:  95%|█████████▌| 19/20 [01:58<00:03,  3.35s/it]
Task 9, Epoch 20/20 => Loss -0.195, Train_accy 98.00, Test_accy 50.81: 100%|██████████| 20/20 [01:58<00:00,  9.54s/it]
Task 9, Epoch 20/20 => Loss -0.195, Train_accy 98.00, Test_accy 50.81: 100%|██████████| 20/20 [01:58<00:00,  5.95s/it]
2025-12-14 13:21:15,788 [l2p.py] => Task 9, Epoch 20/20 => Loss -0.195, Train_accy 98.00, Test_accy 50.81
2025-12-14 13:21:38,818 [trainer.py] => CNN: {'total': 50.81, '00-99': 92.33, '100-109': 5.13, '110-119': 2.29, '120-129': 5.08, '130-139': 10.28, '140-149': 13.22, '150-159': 14.62, '160-169': 0.85, '170-179': 13.39, '180-189': 1.69, '190-199': 98.0, 'old': 53.57, 'new': 1.69}
2025-12-14 13:21:38,819 [trainer.py] => CNN top1 curve: [92.5, 84.25, 76.34, 70.67, 66.96, 62.91, 59.85, 56.15, 53.66, 50.81]
2025-12-14 13:21:38,819 [trainer.py] => Average Accuracy (CNN): 67.41 

2025-12-14 13:21:38,820 [trainer.py] => All params: 172123793
2025-12-14 13:21:38,822 [trainer.py] => Trainable params: 353481
2025-12-14 13:21:38,822 [l2p.py] => Learning on 190-200

  0%|          | 0/20 [00:00<?, ?it/s]
Task 10, Epoch 1/20 => Loss 2.314, Train_accy 24.00:   0%|          | 0/20 [00:01<?, ?it/s]
Task 10, Epoch 1/20 => Loss 2.314, Train_accy 24.00:   5%|▌         | 1/20 [00:01<00:26,  1.37s/it]
Task 10, Epoch 2/20 => Loss 1.444, Train_accy 58.00:   5%|▌         | 1/20 [00:02<00:26,  1.37s/it]
Task 10, Epoch 2/20 => Loss 1.444, Train_accy 58.00:  10%|█         | 2/20 [00:02<00:25,  1.41s/it]
Task 10, Epoch 3/20 => Loss 0.134, Train_accy 82.00:  10%|█         | 2/20 [00:04<00:25,  1.41s/it]
Task 10, Epoch 3/20 => Loss 0.134, Train_accy 82.00:  15%|█▌        | 3/20 [00:04<00:23,  1.41s/it]
Task 10, Epoch 4/20 => Loss 0.195, Train_accy 96.00:  15%|█▌        | 3/20 [00:05<00:23,  1.41s/it]
Task 10, Epoch 4/20 => Loss 0.195, Train_accy 96.00:  20%|██        | 4/20 [00:05<00:22,  1.43s/it]
Task 10, Epoch 5/20 => Loss -0.016, Train_accy 96.00, Test_accy 47.75:  20%|██        | 4/20 [00:29<00:22,  1.43s/it]
Task 10, Epoch 5/20 => Loss -0.016, Train_accy 96.00, Test_accy 47.75:  25%|██▌       | 5/20 [00:29<02:23,  9.54s/it]
Task 10, Epoch 6/20 => Loss -0.131, Train_accy 96.00:  25%|██▌       | 5/20 [00:31<02:23,  9.54s/it]                 
Task 10, Epoch 6/20 => Loss -0.131, Train_accy 96.00:  30%|███       | 6/20 [00:31<01:34,  6.78s/it]
Task 10, Epoch 7/20 => Loss -0.108, Train_accy 86.00:  30%|███       | 6/20 [00:32<01:34,  6.78s/it]
Task 10, Epoch 7/20 => Loss -0.108, Train_accy 86.00:  35%|███▌      | 7/20 [00:32<01:05,  5.03s/it]
Task 10, Epoch 8/20 => Loss -0.138, Train_accy 94.00:  35%|███▌      | 7/20 [00:33<01:05,  5.03s/it]
Task 10, Epoch 8/20 => Loss -0.138, Train_accy 94.00:  40%|████      | 8/20 [00:33<00:46,  3.88s/it]
Task 10, Epoch 9/20 => Loss -0.103, Train_accy 90.00:  40%|████      | 8/20 [00:35<00:46,  3.88s/it]
Task 10, Epoch 9/20 => Loss -0.103, Train_accy 90.00:  45%|████▌     | 9/20 [00:35<00:34,  3.10s/it]
Task 10, Epoch 10/20 => Loss -0.236, Train_accy 100.00, Test_accy 47.88:  45%|████▌     | 9/20 [00:59<00:34,  3.10s/it]
Task 10, Epoch 10/20 => Loss -0.236, Train_accy 100.00, Test_accy 47.88:  50%|█████     | 10/20 [00:59<01:35,  9.54s/it]
Task 10, Epoch 11/20 => Loss -0.164, Train_accy 96.00:  50%|█████     | 10/20 [01:00<01:35,  9.54s/it]                  
Task 10, Epoch 11/20 => Loss -0.164, Train_accy 96.00:  55%|█████▌    | 11/20 [01:00<01:03,  7.05s/it]
Task 10, Epoch 12/20 => Loss -0.148, Train_accy 96.00:  55%|█████▌    | 11/20 [01:01<01:03,  7.05s/it]
Task 10, Epoch 12/20 => Loss -0.148, Train_accy 96.00:  60%|██████    | 12/20 [01:01<00:42,  5.32s/it]
Task 10, Epoch 13/20 => Loss -0.204, Train_accy 96.00:  60%|██████    | 12/20 [01:03<00:42,  5.32s/it]
Task 10, Epoch 13/20 => Loss -0.204, Train_accy 96.00:  65%|██████▌   | 13/20 [01:03<00:28,  4.13s/it]
Task 10, Epoch 14/20 => Loss -0.149, Train_accy 96.00:  65%|██████▌   | 13/20 [01:04<00:28,  4.13s/it]
Task 10, Epoch 14/20 => Loss -0.149, Train_accy 96.00:  70%|███████   | 14/20 [01:04<00:19,  3.30s/it]
Task 10, Epoch 15/20 => Loss -0.227, Train_accy 98.00, Test_accy 48.18:  70%|███████   | 14/20 [01:29<00:19,  3.30s/it]
Task 10, Epoch 15/20 => Loss -0.227, Train_accy 98.00, Test_accy 48.18:  75%|███████▌  | 15/20 [01:29<00:49,  9.86s/it]
Task 10, Epoch 16/20 => Loss -0.175, Train_accy 94.00:  75%|███████▌  | 15/20 [01:31<00:49,  9.86s/it]                 
Task 10, Epoch 16/20 => Loss -0.175, Train_accy 94.00:  80%|████████  | 16/20 [01:31<00:29,  7.34s/it]
Task 10, Epoch 17/20 => Loss -0.204, Train_accy 96.00:  80%|████████  | 16/20 [01:32<00:29,  7.34s/it]
Task 10, Epoch 17/20 => Loss -0.204, Train_accy 96.00:  85%|████████▌ | 17/20 [01:32<00:16,  5.55s/it]
Task 10, Epoch 18/20 => Loss -0.241, Train_accy 100.00:  85%|████████▌ | 17/20 [01:34<00:16,  5.55s/it]
Task 10, Epoch 18/20 => Loss -0.241, Train_accy 100.00:  90%|█████████ | 18/20 [01:34<00:08,  4.31s/it]
Task 10, Epoch 19/20 => Loss -0.215, Train_accy 98.00:  90%|█████████ | 18/20 [01:35<00:08,  4.31s/it] 
Task 10, Epoch 19/20 => Loss -0.215, Train_accy 98.00:  95%|█████████▌| 19/20 [01:35<00:03,  3.44s/it]
Task 10, Epoch 20/20 => Loss 0.511, Train_accy 96.00, Test_accy 48.30:  95%|█████████▌| 19/20 [01:58<00:03,  3.44s/it]
Task 10, Epoch 20/20 => Loss 0.511, Train_accy 96.00, Test_accy 48.30: 100%|██████████| 20/20 [01:58<00:00,  9.16s/it]
Task 10, Epoch 20/20 => Loss 0.511, Train_accy 96.00, Test_accy 48.30: 100%|██████████| 20/20 [01:58<00:00,  5.90s/it]
2025-12-14 13:23:36,859 [l2p.py] => Task 10, Epoch 20/20 => Loss 0.511, Train_accy 96.00, Test_accy 48.30
2025-12-14 13:24:02,648 [trainer.py] => CNN: {'total': 48.3, '00-99': 92.24, '100-109': 5.13, '110-119': 1.53, '120-129': 5.93, '130-139': 11.21, '140-149': 13.22, '150-159': 14.62, '160-169': 0.85, '170-179': 12.6, '180-189': 1.69, '190-199': 8.7, 'old': 50.77, 'new': 8.7}
2025-12-14 13:24:02,648 [trainer.py] => CNN top1 curve: [92.5, 84.25, 76.34, 70.67, 66.96, 62.91, 59.85, 56.15, 53.66, 50.81, 48.3]
2025-12-14 13:24:02,648 [trainer.py] => Average Accuracy (CNN): 65.67 


================================================================================
Finished cub_init100_inc10: vit_base_patch16_224_l2p  
Base Accuracy: 92.5
Lase Accuracy: 48.3
Average Accuracy (Top1): 65.67
PD: 44.20
Backward Transfer (BWT): -0.11
Forward Transfer (FWT): 17.67
Accuracy Matrix (CNN):
[[92.5  88.   78.   86.   92.   78.   84.   80.   88.   86.   92.  ]
 [92.33  5.98 86.   82.   82.   92.   90.   78.   88.   72.   82.  ]
 [92.33  5.98  0.76 84.   88.   84.   84.   82.   94.   82.   90.  ]
 [92.15  5.98  0.76  5.93 94.   80.   86.   86.   96.   86.   76.  ]
 [92.33  5.98  1.53  6.78 11.21 90.   80.   78.   92.   76.   86.  ]
 [92.06  5.98  2.29  4.24 11.21 13.22 88.   88.   88.   86.   96.  ]
 [92.24  5.98  2.29  6.78 11.21 13.22 15.38 86.   94.   80.   92.  ]
 [91.98  5.98  2.29  5.93 11.21 13.22 15.38  0.85 92.   90.   96.  ]
 [92.24  5.13  2.29  6.78 12.15 13.22 14.62  0.85 12.6  86.   90.  ]
 [92.33  5.13  2.29  5.08 10.28 13.22 14.62  0.85 13.39  1.69 98.  ]
 [92.24  5.13  1.53  5.93 11.21 13.22 14.62  0.85 12.6   1.69  8.7 ]]
================================================================================

2025-12-14 13:24:05,949 [trainer.py] => config: ./scripts/l2p/l2p_cifar_B60_Inc2.json
2025-12-14 13:24:05,949 [trainer.py] => prefix:  
2025-12-14 13:24:05,949 [trainer.py] => dataset: cifar224
2025-12-14 13:24:05,949 [trainer.py] => memory_size: 0
2025-12-14 13:24:05,949 [trainer.py] => memory_per_class: 0
2025-12-14 13:24:05,950 [trainer.py] => fixed_memory: False
2025-12-14 13:24:05,950 [trainer.py] => shuffle: True
2025-12-14 13:24:05,950 [trainer.py] => init_cls: 60
2025-12-14 13:24:05,950 [trainer.py] => increment: 2
2025-12-14 13:24:05,950 [trainer.py] => model_name: l2p
2025-12-14 13:24:05,950 [trainer.py] => backbone_type: vit_base_patch16_224_l2p
2025-12-14 13:24:05,950 [trainer.py] => get_original_backbone: True
2025-12-14 13:24:05,950 [trainer.py] => device: [device(type='cuda', index=7)]
2025-12-14 13:24:05,950 [trainer.py] => seed: 2025
2025-12-14 13:24:05,950 [trainer.py] => kshot: 5
2025-12-14 13:24:05,950 [trainer.py] => tuned_epoch: 20
2025-12-14 13:24:05,950 [trainer.py] => init_lr: 0.001875
2025-12-14 13:24:05,950 [trainer.py] => batch_size: 48
2025-12-14 13:24:05,950 [trainer.py] => weight_decay: 0
2025-12-14 13:24:05,950 [trainer.py] => min_lr: 1e-05
2025-12-14 13:24:05,950 [trainer.py] => optimizer: adam
2025-12-14 13:24:05,950 [trainer.py] => scheduler: constant
2025-12-14 13:24:05,950 [trainer.py] => reinit_optimizer: True
2025-12-14 13:24:05,950 [trainer.py] => global_pool: token
2025-12-14 13:24:05,950 [trainer.py] => head_type: prompt
2025-12-14 13:24:05,950 [trainer.py] => freeze: ['blocks', 'patch_embed', 'cls_token', 'norm', 'pos_embed']
2025-12-14 13:24:05,950 [trainer.py] => pretrained: True
2025-12-14 13:24:05,950 [trainer.py] => drop: 0.0
2025-12-14 13:24:05,950 [trainer.py] => drop_path: 0.0
2025-12-14 13:24:05,950 [trainer.py] => prompt_pool: True
2025-12-14 13:24:05,950 [trainer.py] => size: 10
2025-12-14 13:24:05,950 [trainer.py] => length: 5
2025-12-14 13:24:05,950 [trainer.py] => top_k: 5
2025-12-14 13:24:05,950 [trainer.py] => initializer: uniform
2025-12-14 13:24:05,950 [trainer.py] => prompt_key: True
2025-12-14 13:24:05,950 [trainer.py] => prompt_key_init: uniform
2025-12-14 13:24:05,950 [trainer.py] => use_prompt_mask: False
2025-12-14 13:24:05,950 [trainer.py] => shared_prompt_pool: False
2025-12-14 13:24:05,951 [trainer.py] => shared_prompt_key: False
2025-12-14 13:24:05,951 [trainer.py] => batchwise_prompt: True
2025-12-14 13:24:05,951 [trainer.py] => embedding_key: cls
2025-12-14 13:24:05,951 [trainer.py] => predefined_key: 
2025-12-14 13:24:05,951 [trainer.py] => pull_constraint: True
2025-12-14 13:24:05,951 [trainer.py] => pull_constraint_coeff: 0.1
2025-12-14 13:24:05,951 [trainer.py] => gpu_models: ['NVIDIA A40']
2025-12-14 13:24:07,089 [data_manager.py] => [49, 77, 61, 69, 6, 95, 68, 19, 2, 5, 96, 89, 57, 63, 72, 99, 59, 1, 79, 20, 26, 47, 46, 48, 92, 29, 0, 14, 30, 43, 74, 97, 11, 86, 35, 28, 4, 58, 90, 51, 85, 44, 60, 71, 34, 91, 9, 18, 21, 39, 81, 54, 8, 50, 15, 24, 88, 87, 38, 7, 56, 65, 37, 55, 80, 66, 52, 31, 70, 53, 42, 36, 41, 13, 27, 73, 33, 93, 45, 75, 17, 25, 3, 64, 16, 84, 23, 40, 78, 10, 22, 32, 12, 83, 67, 76, 98, 82, 94, 62]
2025-12-14 13:24:09,654 [vit_l2p.py] => Resized position embedding: torch.Size([1, 197, 768]) to torch.Size([1, 222, 768])
2025-12-14 13:24:09,654 [vit_l2p.py] => Position embedding grid-size from [14, 14] to (14, 14)
2025-12-14 13:24:11,668 [l2p.py] => 85,940,836 model total parameters.
2025-12-14 13:24:11,669 [l2p.py] => 122,980 model training parameters.
2025-12-14 13:24:11,669 [l2p.py] => prompt.prompt: 38400
2025-12-14 13:24:11,669 [l2p.py] => prompt.prompt_key: 7680
2025-12-14 13:24:11,669 [l2p.py] => head.weight: 76800
2025-12-14 13:24:11,669 [l2p.py] => head.bias: 100
2025-12-14 13:24:11,670 [trainer.py] => All params: 171893193
2025-12-14 13:24:11,671 [trainer.py] => Trainable params: 199781
2025-12-14 13:24:11,671 [l2p.py] => Learning on 0-60

  0%|          | 0/20 [00:00<?, ?it/s]
Task 0, Epoch 1/20 => Loss 1.177, Train_accy 65.69:   0%|          | 0/20 [08:24<?, ?it/s]
Task 0, Epoch 1/20 => Loss 1.177, Train_accy 65.69:   5%|▌         | 1/20 [08:24<2:39:52, 504.86s/it]
Task 0, Epoch 2/20 => Loss 0.604, Train_accy 75.16:   5%|▌         | 1/20 [17:53<2:39:52, 504.86s/it]
Task 0, Epoch 2/20 => Loss 0.604, Train_accy 75.16:  10%|█         | 2/20 [17:53<2:42:42, 542.35s/it]
Task 0, Epoch 3/20 => Loss 0.485, Train_accy 77.98:  10%|█         | 2/20 [27:24<2:42:42, 542.35s/it]
Task 0, Epoch 3/20 => Loss 0.485, Train_accy 77.98:  15%|█▌        | 3/20 [27:24<2:37:19, 555.27s/it]
Task 0, Epoch 4/20 => Loss 0.427, Train_accy 79.39:  15%|█▌        | 3/20 [36:54<2:37:19, 555.27s/it]
Task 0, Epoch 4/20 => Loss 0.427, Train_accy 79.39:  20%|██        | 4/20 [36:54<2:29:39, 561.24s/it]
Task 0, Epoch 5/20 => Loss 0.376, Train_accy 80.52, Test_accy 91.65:  20%|██        | 4/20 [47:37<2:29:39, 561.24s/it]
Task 0, Epoch 5/20 => Loss 0.376, Train_accy 80.52, Test_accy 91.65:  25%|██▌       | 5/20 [47:37<2:27:41, 590.74s/it]
Task 0, Epoch 6/20 => Loss 0.351, Train_accy 81.32:  25%|██▌       | 5/20 [57:06<2:27:41, 590.74s/it]                 
Task 0, Epoch 6/20 => Loss 0.351, Train_accy 81.32:  30%|███       | 6/20 [57:06<2:16:05, 583.25s/it]
Task 0, Epoch 7/20 => Loss 0.336, Train_accy 81.90:  30%|███       | 6/20 [1:06:36<2:16:05, 583.25s/it]
Task 0, Epoch 7/20 => Loss 0.336, Train_accy 81.90:  35%|███▌      | 7/20 [1:06:36<2:05:25, 578.87s/it]
Task 0, Epoch 8/20 => Loss 0.311, Train_accy 82.29:  35%|███▌      | 7/20 [1:16:05<2:05:25, 578.87s/it]
Task 0, Epoch 8/20 => Loss 0.311, Train_accy 82.29:  40%|████      | 8/20 [1:16:05<1:55:08, 575.71s/it]
Task 0, Epoch 9/20 => Loss 0.304, Train_accy 82.61:  40%|████      | 8/20 [1:25:34<1:55:08, 575.71s/it]
Task 0, Epoch 9/20 => Loss 0.304, Train_accy 82.61:  45%|████▌     | 9/20 [1:25:34<1:45:12, 573.91s/it]
Task 0, Epoch 10/20 => Loss 0.291, Train_accy 82.72, Test_accy 92.68:  45%|████▌     | 9/20 [1:36:16<1:45:12, 573.91s/it]
Task 0, Epoch 10/20 => Loss 0.291, Train_accy 82.72, Test_accy 92.68:  50%|█████     | 10/20 [1:36:16<1:39:08, 594.82s/it]
Task 0, Epoch 11/20 => Loss 0.289, Train_accy 83.05:  50%|█████     | 10/20 [1:45:46<1:39:08, 594.82s/it]                 
Task 0, Epoch 11/20 => Loss 0.289, Train_accy 83.05:  55%|█████▌    | 11/20 [1:45:46<1:28:04, 587.13s/it]
Task 0, Epoch 12/20 => Loss 0.270, Train_accy 83.41:  55%|█████▌    | 11/20 [1:55:17<1:28:04, 587.13s/it]
Task 0, Epoch 12/20 => Loss 0.270, Train_accy 83.41:  60%|██████    | 12/20 [1:55:17<1:17:38, 582.28s/it]
Task 0, Epoch 13/20 => Loss 0.273, Train_accy 83.28:  60%|██████    | 12/20 [2:04:47<1:17:38, 582.28s/it]
Task 0, Epoch 13/20 => Loss 0.273, Train_accy 83.28:  65%|██████▌   | 13/20 [2:04:47<1:07:29, 578.49s/it]
Task 0, Epoch 14/20 => Loss 0.252, Train_accy 83.81:  65%|██████▌   | 13/20 [2:14:16<1:07:29, 578.49s/it]
Task 0, Epoch 14/20 => Loss 0.252, Train_accy 83.81:  70%|███████   | 14/20 [2:14:16<57:34, 575.68s/it]  
Task 0, Epoch 15/20 => Loss 0.252, Train_accy 83.96, Test_accy 93.05:  70%|███████   | 14/20 [2:24:57<57:34, 575.68s/it]
Task 0, Epoch 15/20 => Loss 0.252, Train_accy 83.96, Test_accy 93.05:  75%|███████▌  | 15/20 [2:24:57<49:37, 595.48s/it]
Task 0, Epoch 16/20 => Loss 0.241, Train_accy 84.06:  75%|███████▌  | 15/20 [2:34:27<49:37, 595.48s/it]                 
Task 0, Epoch 16/20 => Loss 0.241, Train_accy 84.06:  80%|████████  | 16/20 [2:34:27<39:11, 587.83s/it]
Task 0, Epoch 17/20 => Loss 0.242, Train_accy 83.98:  80%|████████  | 16/20 [2:43:33<39:11, 587.83s/it]
Task 0, Epoch 17/20 => Loss 0.242, Train_accy 83.98:  85%|████████▌ | 17/20 [2:43:33<28:45, 575.09s/it]
Task 0, Epoch 18/20 => Loss 0.232, Train_accy 84.12:  85%|████████▌ | 17/20 [2:52:29<28:45, 575.09s/it]
Task 0, Epoch 18/20 => Loss 0.232, Train_accy 84.12:  90%|█████████ | 18/20 [2:52:29<18:47, 563.53s/it]
Task 0, Epoch 19/20 => Loss 0.232, Train_accy 84.49:  90%|█████████ | 18/20 [3:01:25<18:47, 563.53s/it]
Task 0, Epoch 19/20 => Loss 0.232, Train_accy 84.49:  95%|█████████▌| 19/20 [3:01:25<09:15, 555.24s/it]
Task 0, Epoch 20/20 => Loss 0.234, Train_accy 84.54, Test_accy 93.25:  95%|█████████▌| 19/20 [3:11:32<09:15, 555.24s/it]
Task 0, Epoch 20/20 => Loss 0.234, Train_accy 84.54, Test_accy 93.25: 100%|██████████| 20/20 [3:11:32<00:00, 570.78s/it]
Task 0, Epoch 20/20 => Loss 0.234, Train_accy 84.54, Test_accy 93.25: 100%|██████████| 20/20 [3:11:32<00:00, 574.64s/it]
2025-12-14 16:35:45,373 [l2p.py] => Task 0, Epoch 20/20 => Loss 0.234, Train_accy 84.54, Test_accy 93.25
2025-12-14 16:36:58,352 [trainer.py] => CNN: {'total': 93.25, '00-59': 93.25, '60-61': 90.0, '62-63': 90.0, '64-65': 70.0, '66-67': 70.0, '68-69': 100.0, '70-71': 80.0, '72-73': 90.0, '74-75': 70.0, '76-77': 70.0, '78-79': 90.0, '80-81': 80.0, '82-83': 70.0, '84-85': 80.0, '86-87': 90.0, '88-89': 80.0, '90-91': 90.0, '92-93': 100.0, '94-95': 100.0, '96-97': 100.0, '98-99': 90.0, 'old': 0, 'new': 93.25}
2025-12-14 16:36:58,353 [trainer.py] => CNN top1 curve: [93.25]
2025-12-14 16:36:58,353 [trainer.py] => Average Accuracy (CNN): 93.25 

2025-12-14 16:36:58,355 [trainer.py] => All params: 171893193
2025-12-14 16:36:58,356 [trainer.py] => Trainable params: 199781
2025-12-14 16:36:58,357 [l2p.py] => Learning on 60-62

  0%|          | 0/20 [00:00<?, ?it/s]
Task 1, Epoch 1/20 => Loss 0.334, Train_accy 50.00:   0%|          | 0/20 [00:00<?, ?it/s]
Task 1, Epoch 1/20 => Loss 0.334, Train_accy 50.00:   5%|▌         | 1/20 [00:00<00:10,  1.87it/s]
Task 1, Epoch 2/20 => Loss 0.089, Train_accy 100.00:   5%|▌         | 1/20 [00:01<00:10,  1.87it/s]
Task 1, Epoch 2/20 => Loss 0.089, Train_accy 100.00:  10%|█         | 2/20 [00:01<00:10,  1.74it/s]
Task 1, Epoch 3/20 => Loss 0.054, Train_accy 100.00:  10%|█         | 2/20 [00:01<00:10,  1.74it/s]
Task 1, Epoch 3/20 => Loss 0.054, Train_accy 100.00:  15%|█▌        | 3/20 [00:01<00:09,  1.71it/s]
Task 1, Epoch 4/20 => Loss -0.114, Train_accy 100.00:  15%|█▌        | 3/20 [00:02<00:09,  1.71it/s]
Task 1, Epoch 4/20 => Loss -0.114, Train_accy 100.00:  20%|██        | 4/20 [00:02<00:09,  1.74it/s]
Task 1, Epoch 5/20 => Loss -0.124, Train_accy 100.00, Test_accy 90.16:  20%|██        | 4/20 [01:12<00:09,  1.74it/s]
Task 1, Epoch 5/20 => Loss -0.124, Train_accy 100.00, Test_accy 90.16:  25%|██▌       | 5/20 [01:12<06:24, 25.60s/it]
Task 1, Epoch 6/20 => Loss -0.254, Train_accy 100.00:  25%|██▌       | 5/20 [01:12<06:24, 25.60s/it]                 
Task 1, Epoch 6/20 => Loss -0.254, Train_accy 100.00:  30%|███       | 6/20 [01:12<03:59, 17.09s/it]
Task 1, Epoch 7/20 => Loss -0.230, Train_accy 100.00:  30%|███       | 6/20 [01:13<03:59, 17.09s/it]
Task 1, Epoch 7/20 => Loss -0.230, Train_accy 100.00:  35%|███▌      | 7/20 [01:13<02:31, 11.68s/it]
Task 1, Epoch 8/20 => Loss -0.295, Train_accy 100.00:  35%|███▌      | 7/20 [01:13<02:31, 11.68s/it]
Task 1, Epoch 8/20 => Loss -0.295, Train_accy 100.00:  40%|████      | 8/20 [01:13<01:37,  8.15s/it]
Task 1, Epoch 9/20 => Loss -0.270, Train_accy 100.00:  40%|████      | 8/20 [01:14<01:37,  8.15s/it]
Task 1, Epoch 9/20 => Loss -0.270, Train_accy 100.00:  45%|████▌     | 9/20 [01:14<01:03,  5.77s/it]
Task 1, Epoch 10/20 => Loss -0.314, Train_accy 100.00, Test_accy 90.10:  45%|████▌     | 9/20 [02:25<01:03,  5.77s/it]
Task 1, Epoch 10/20 => Loss -0.314, Train_accy 100.00, Test_accy 90.10:  50%|█████     | 10/20 [02:25<04:17, 25.80s/it]
Task 1, Epoch 11/20 => Loss -0.278, Train_accy 100.00:  50%|█████     | 10/20 [02:25<04:17, 25.80s/it]                 
Task 1, Epoch 11/20 => Loss -0.278, Train_accy 100.00:  55%|█████▌    | 11/20 [02:25<02:43, 18.12s/it]
Task 1, Epoch 12/20 => Loss -0.286, Train_accy 100.00:  55%|█████▌    | 11/20 [02:26<02:43, 18.12s/it]
Task 1, Epoch 12/20 => Loss -0.286, Train_accy 100.00:  60%|██████    | 12/20 [02:26<01:42, 12.79s/it]
Task 1, Epoch 13/20 => Loss -0.295, Train_accy 100.00:  60%|██████    | 12/20 [02:27<01:42, 12.79s/it]
Task 1, Epoch 13/20 => Loss -0.295, Train_accy 100.00:  65%|██████▌   | 13/20 [02:27<01:03,  9.08s/it]
Task 1, Epoch 14/20 => Loss -0.312, Train_accy 100.00:  65%|██████▌   | 13/20 [02:27<01:03,  9.08s/it]
Task 1, Epoch 14/20 => Loss -0.312, Train_accy 100.00:  70%|███████   | 14/20 [02:27<00:39,  6.54s/it]
Task 1, Epoch 15/20 => Loss -0.299, Train_accy 100.00, Test_accy 90.10:  70%|███████   | 14/20 [03:40<00:39,  6.54s/it]
Task 1, Epoch 15/20 => Loss -0.299, Train_accy 100.00, Test_accy 90.10:  75%|███████▌  | 15/20 [03:40<02:13, 26.63s/it]
Task 1, Epoch 16/20 => Loss -0.320, Train_accy 100.00:  75%|███████▌  | 15/20 [03:41<02:13, 26.63s/it]                 
Task 1, Epoch 16/20 => Loss -0.320, Train_accy 100.00:  80%|████████  | 16/20 [03:41<01:15, 18.79s/it]
Task 1, Epoch 17/20 => Loss -0.303, Train_accy 100.00:  80%|████████  | 16/20 [03:42<01:15, 18.79s/it]
Task 1, Epoch 17/20 => Loss -0.303, Train_accy 100.00:  85%|████████▌ | 17/20 [03:42<00:39, 13.31s/it]
Task 1, Epoch 18/20 => Loss -0.339, Train_accy 100.00:  85%|████████▌ | 17/20 [03:42<00:39, 13.31s/it]
Task 1, Epoch 18/20 => Loss -0.339, Train_accy 100.00:  90%|█████████ | 18/20 [03:42<00:18,  9.48s/it]
Task 1, Epoch 19/20 => Loss -0.301, Train_accy 100.00:  90%|█████████ | 18/20 [03:43<00:18,  9.48s/it]
Task 1, Epoch 19/20 => Loss -0.301, Train_accy 100.00:  95%|█████████▌| 19/20 [03:43<00:06,  6.81s/it]
Task 1, Epoch 20/20 => Loss -0.265, Train_accy 90.00, Test_accy 90.11:  95%|█████████▌| 19/20 [04:53<00:06,  6.81s/it]
Task 1, Epoch 20/20 => Loss -0.265, Train_accy 90.00, Test_accy 90.11: 100%|██████████| 20/20 [04:53<00:00, 25.87s/it]
Task 1, Epoch 20/20 => Loss -0.265, Train_accy 90.00, Test_accy 90.11: 100%|██████████| 20/20 [04:53<00:00, 14.67s/it]
2025-12-14 16:41:51,875 [l2p.py] => Task 1, Epoch 20/20 => Loss -0.265, Train_accy 90.00, Test_accy 90.11
2025-12-14 16:43:06,914 [trainer.py] => CNN: {'total': 90.11, '00-59': 93.12, '60-61': 0.0, '62-63': 90.0, '64-65': 60.0, '66-67': 70.0, '68-69': 100.0, '70-71': 90.0, '72-73': 100.0, '74-75': 80.0, '76-77': 100.0, '78-79': 90.0, '80-81': 80.0, '82-83': 80.0, '84-85': 100.0, '86-87': 90.0, '88-89': 100.0, '90-91': 80.0, '92-93': 100.0, '94-95': 100.0, '96-97': 100.0, '98-99': 90.0, 'old': 93.12, 'new': 0.0}
2025-12-14 16:43:06,914 [trainer.py] => CNN top1 curve: [93.25, 90.11]
2025-12-14 16:43:06,915 [trainer.py] => Average Accuracy (CNN): 91.68 

2025-12-14 16:43:06,917 [trainer.py] => All params: 171893193
2025-12-14 16:43:06,919 [trainer.py] => Trainable params: 199781
2025-12-14 16:43:06,919 [l2p.py] => Learning on 62-64

  0%|          | 0/20 [00:00<?, ?it/s]
Task 2, Epoch 1/20 => Loss 0.563, Train_accy 20.00:   0%|          | 0/20 [00:00<?, ?it/s]
Task 2, Epoch 1/20 => Loss 0.563, Train_accy 20.00:   5%|▌         | 1/20 [00:00<00:12,  1.50it/s]
Task 2, Epoch 2/20 => Loss 0.293, Train_accy 60.00:   5%|▌         | 1/20 [00:01<00:12,  1.50it/s]
Task 2, Epoch 2/20 => Loss 0.293, Train_accy 60.00:  10%|█         | 2/20 [00:01<00:10,  1.66it/s]
Task 2, Epoch 3/20 => Loss 0.123, Train_accy 80.00:  10%|█         | 2/20 [00:01<00:10,  1.66it/s]
Task 2, Epoch 3/20 => Loss 0.123, Train_accy 80.00:  15%|█▌        | 3/20 [00:01<00:10,  1.65it/s]
Task 2, Epoch 4/20 => Loss -0.057, Train_accy 100.00:  15%|█▌        | 3/20 [00:02<00:10,  1.65it/s]
Task 2, Epoch 4/20 => Loss -0.057, Train_accy 100.00:  20%|██        | 4/20 [00:02<00:09,  1.70it/s]
Task 2, Epoch 5/20 => Loss -0.132, Train_accy 100.00, Test_accy 87.27:  20%|██        | 4/20 [01:15<00:09,  1.70it/s]
Task 2, Epoch 5/20 => Loss -0.132, Train_accy 100.00, Test_accy 87.27:  25%|██▌       | 5/20 [01:15<06:41, 26.79s/it]
Task 2, Epoch 6/20 => Loss -0.169, Train_accy 100.00:  25%|██▌       | 5/20 [01:16<06:41, 26.79s/it]                 
Task 2, Epoch 6/20 => Loss -0.169, Train_accy 100.00:  30%|███       | 6/20 [01:16<04:10, 17.87s/it]
Task 2, Epoch 7/20 => Loss -0.197, Train_accy 100.00:  30%|███       | 6/20 [01:16<04:10, 17.87s/it]
Task 2, Epoch 7/20 => Loss -0.197, Train_accy 100.00:  35%|███▌      | 7/20 [01:16<02:39, 12.24s/it]
Task 2, Epoch 8/20 => Loss -0.188, Train_accy 100.00:  35%|███▌      | 7/20 [01:17<02:39, 12.24s/it]
Task 2, Epoch 8/20 => Loss -0.188, Train_accy 100.00:  40%|████      | 8/20 [01:17<01:42,  8.53s/it]
Task 2, Epoch 9/20 => Loss -0.297, Train_accy 100.00:  40%|████      | 8/20 [01:18<01:42,  8.53s/it]
Task 2, Epoch 9/20 => Loss -0.297, Train_accy 100.00:  45%|████▌     | 9/20 [01:18<01:06,  6.06s/it]
Task 2, Epoch 10/20 => Loss -0.300, Train_accy 100.00, Test_accy 87.23:  45%|████▌     | 9/20 [02:34<01:06,  6.06s/it]
Task 2, Epoch 10/20 => Loss -0.300, Train_accy 100.00, Test_accy 87.23:  50%|█████     | 10/20 [02:34<04:37, 27.71s/it]
Task 2, Epoch 11/20 => Loss -0.278, Train_accy 100.00:  50%|█████     | 10/20 [02:34<04:37, 27.71s/it]                 
Task 2, Epoch 11/20 => Loss -0.278, Train_accy 100.00:  55%|█████▌    | 11/20 [02:34<02:55, 19.45s/it]
Task 2, Epoch 12/20 => Loss -0.207, Train_accy 90.00:  55%|█████▌    | 11/20 [02:35<02:55, 19.45s/it] 
Task 2, Epoch 12/20 => Loss -0.207, Train_accy 90.00:  60%|██████    | 12/20 [02:35<01:49, 13.74s/it]
Task 2, Epoch 13/20 => Loss -0.308, Train_accy 100.00:  60%|██████    | 12/20 [02:36<01:49, 13.74s/it]
Task 2, Epoch 13/20 => Loss -0.308, Train_accy 100.00:  65%|██████▌   | 13/20 [02:36<01:08,  9.74s/it]
Task 2, Epoch 14/20 => Loss -0.285, Train_accy 100.00:  65%|██████▌   | 13/20 [02:36<01:08,  9.74s/it]
Task 2, Epoch 14/20 => Loss -0.285, Train_accy 100.00:  70%|███████   | 14/20 [02:36<00:41,  6.98s/it]
Task 2, Epoch 15/20 => Loss -0.304, Train_accy 100.00, Test_accy 87.25:  70%|███████   | 14/20 [03:48<00:41,  6.98s/it]
Task 2, Epoch 15/20 => Loss -0.304, Train_accy 100.00, Test_accy 87.25:  75%|███████▌  | 15/20 [03:48<02:11, 26.39s/it]
Task 2, Epoch 16/20 => Loss -0.291, Train_accy 100.00:  75%|███████▌  | 15/20 [03:48<02:11, 26.39s/it]                 
Task 2, Epoch 16/20 => Loss -0.291, Train_accy 100.00:  80%|████████  | 16/20 [03:48<01:14, 18.62s/it]
Task 2, Epoch 17/20 => Loss -0.323, Train_accy 100.00:  80%|████████  | 16/20 [03:49<01:14, 18.62s/it]
Task 2, Epoch 17/20 => Loss -0.323, Train_accy 100.00:  85%|████████▌ | 17/20 [03:49<00:39, 13.19s/it]
Task 2, Epoch 18/20 => Loss -0.325, Train_accy 100.00:  85%|████████▌ | 17/20 [03:49<00:39, 13.19s/it]
Task 2, Epoch 18/20 => Loss -0.325, Train_accy 100.00:  90%|█████████ | 18/20 [03:49<00:18,  9.40s/it]
Task 2, Epoch 19/20 => Loss -0.331, Train_accy 100.00:  90%|█████████ | 18/20 [03:50<00:18,  9.40s/it]
Task 2, Epoch 19/20 => Loss -0.331, Train_accy 100.00:  95%|█████████▌| 19/20 [03:50<00:06,  6.75s/it]
Task 2, Epoch 20/20 => Loss -0.242, Train_accy 90.00, Test_accy 87.25:  95%|█████████▌| 19/20 [05:02<00:06,  6.75s/it]
Task 2, Epoch 20/20 => Loss -0.242, Train_accy 90.00, Test_accy 87.25: 100%|██████████| 20/20 [05:02<00:00, 26.31s/it]
Task 2, Epoch 20/20 => Loss -0.242, Train_accy 90.00, Test_accy 87.25: 100%|██████████| 20/20 [05:02<00:00, 15.12s/it]
2025-12-14 16:48:09,332 [l2p.py] => Task 2, Epoch 20/20 => Loss -0.242, Train_accy 90.00, Test_accy 87.25
2025-12-14 16:49:31,383 [trainer.py] => CNN: {'total': 87.25, '00-59': 93.07, '60-61': 0.0, '62-63': 0.0, '64-65': 90.0, '66-67': 90.0, '68-69': 100.0, '70-71': 100.0, '72-73': 90.0, '74-75': 80.0, '76-77': 90.0, '78-79': 80.0, '80-81': 90.0, '82-83': 70.0, '84-85': 90.0, '86-87': 100.0, '88-89': 100.0, '90-91': 80.0, '92-93': 90.0, '94-95': 100.0, '96-97': 100.0, '98-99': 80.0, 'old': 90.06, 'new': 0.0}
2025-12-14 16:49:31,383 [trainer.py] => CNN top1 curve: [93.25, 90.11, 87.25]
2025-12-14 16:49:31,384 [trainer.py] => Average Accuracy (CNN): 90.2 

2025-12-14 16:49:31,386 [trainer.py] => All params: 171893193
2025-12-14 16:49:31,388 [trainer.py] => Trainable params: 199781
2025-12-14 16:49:31,388 [l2p.py] => Learning on 64-66

  0%|          | 0/20 [00:00<?, ?it/s]
Task 3, Epoch 1/20 => Loss 0.242, Train_accy 70.00:   0%|          | 0/20 [00:00<?, ?it/s]
Task 3, Epoch 1/20 => Loss 0.242, Train_accy 70.00:   5%|▌         | 1/20 [00:00<00:11,  1.73it/s]
Task 3, Epoch 2/20 => Loss 0.092, Train_accy 80.00:   5%|▌         | 1/20 [00:01<00:11,  1.73it/s]
Task 3, Epoch 2/20 => Loss 0.092, Train_accy 80.00:  10%|█         | 2/20 [00:01<00:10,  1.67it/s]
Task 3, Epoch 3/20 => Loss -0.055, Train_accy 100.00:  10%|█         | 2/20 [00:01<00:10,  1.67it/s]
Task 3, Epoch 3/20 => Loss -0.055, Train_accy 100.00:  15%|█▌        | 3/20 [00:01<00:09,  1.71it/s]
Task 3, Epoch 4/20 => Loss -0.192, Train_accy 100.00:  15%|█▌        | 3/20 [00:02<00:09,  1.71it/s]
Task 3, Epoch 4/20 => Loss -0.192, Train_accy 100.00:  20%|██        | 4/20 [00:02<00:09,  1.76it/s]
Task 3, Epoch 5/20 => Loss -0.136, Train_accy 100.00, Test_accy 84.61:  20%|██        | 4/20 [01:16<00:09,  1.76it/s]
Task 3, Epoch 5/20 => Loss -0.136, Train_accy 100.00, Test_accy 84.61:  25%|██▌       | 5/20 [01:16<06:49, 27.28s/it]
Task 3, Epoch 6/20 => Loss -0.088, Train_accy 90.00:  25%|██▌       | 5/20 [01:17<06:49, 27.28s/it]                  
Task 3, Epoch 6/20 => Loss -0.088, Train_accy 90.00:  30%|███       | 6/20 [01:17<04:14, 18.20s/it]
Task 3, Epoch 7/20 => Loss -0.241, Train_accy 100.00:  30%|███       | 6/20 [01:18<04:14, 18.20s/it]
Task 3, Epoch 7/20 => Loss -0.241, Train_accy 100.00:  35%|███▌      | 7/20 [01:18<02:41, 12.44s/it]
Task 3, Epoch 8/20 => Loss -0.229, Train_accy 100.00:  35%|███▌      | 7/20 [01:18<02:41, 12.44s/it]
Task 3, Epoch 8/20 => Loss -0.229, Train_accy 100.00:  40%|████      | 8/20 [01:18<01:43,  8.66s/it]
Task 3, Epoch 9/20 => Loss -0.120, Train_accy 80.00:  40%|████      | 8/20 [01:19<01:43,  8.66s/it] 
Task 3, Epoch 9/20 => Loss -0.120, Train_accy 80.00:  45%|████▌     | 9/20 [01:19<01:07,  6.12s/it]
Task 3, Epoch 10/20 => Loss -0.207, Train_accy 100.00, Test_accy 84.53:  45%|████▌     | 9/20 [02:33<01:07,  6.12s/it]
Task 3, Epoch 10/20 => Loss -0.207, Train_accy 100.00, Test_accy 84.53:  50%|█████     | 10/20 [02:33<04:30, 27.03s/it]
Task 3, Epoch 11/20 => Loss -0.129, Train_accy 90.00:  50%|█████     | 10/20 [02:33<04:30, 27.03s/it]                  
Task 3, Epoch 11/20 => Loss -0.129, Train_accy 90.00:  55%|█████▌    | 11/20 [02:33<02:51, 19.01s/it]
Task 3, Epoch 12/20 => Loss -0.163, Train_accy 90.00:  55%|█████▌    | 11/20 [02:34<02:51, 19.01s/it]
Task 3, Epoch 12/20 => Loss -0.163, Train_accy 90.00:  60%|██████    | 12/20 [02:34<01:47, 13.44s/it]
Task 3, Epoch 13/20 => Loss -0.188, Train_accy 90.00:  60%|██████    | 12/20 [02:35<01:47, 13.44s/it]
Task 3, Epoch 13/20 => Loss -0.188, Train_accy 90.00:  65%|██████▌   | 13/20 [02:35<01:06,  9.55s/it]
Task 3, Epoch 14/20 => Loss -0.288, Train_accy 100.00:  65%|██████▌   | 13/20 [02:35<01:06,  9.55s/it]
Task 3, Epoch 14/20 => Loss -0.288, Train_accy 100.00:  70%|███████   | 14/20 [02:35<00:41,  6.90s/it]
Task 3, Epoch 15/20 => Loss -0.254, Train_accy 100.00, Test_accy 84.55:  70%|███████   | 14/20 [03:54<00:41,  6.90s/it]
Task 3, Epoch 15/20 => Loss -0.254, Train_accy 100.00, Test_accy 84.55:  75%|███████▌  | 15/20 [03:54<02:22, 28.59s/it]
Task 3, Epoch 16/20 => Loss -0.267, Train_accy 100.00:  75%|███████▌  | 15/20 [03:55<02:22, 28.59s/it]                 
Task 3, Epoch 16/20 => Loss -0.267, Train_accy 100.00:  80%|████████  | 16/20 [03:55<01:20, 20.16s/it]
Task 3, Epoch 17/20 => Loss -0.238, Train_accy 100.00:  80%|████████  | 16/20 [03:55<01:20, 20.16s/it]
Task 3, Epoch 17/20 => Loss -0.238, Train_accy 100.00:  85%|████████▌ | 17/20 [03:55<00:42, 14.27s/it]
Task 3, Epoch 18/20 => Loss -0.269, Train_accy 100.00:  85%|████████▌ | 17/20 [03:56<00:42, 14.27s/it]
Task 3, Epoch 18/20 => Loss -0.269, Train_accy 100.00:  90%|█████████ | 18/20 [03:56<00:20, 10.14s/it]
Task 3, Epoch 19/20 => Loss -0.268, Train_accy 100.00:  90%|█████████ | 18/20 [03:57<00:20, 10.14s/it]
Task 3, Epoch 19/20 => Loss -0.268, Train_accy 100.00:  95%|█████████▌| 19/20 [03:57<00:07,  7.27s/it]
Task 3, Epoch 20/20 => Loss -0.292, Train_accy 100.00, Test_accy 84.55:  95%|█████████▌| 19/20 [05:11<00:07,  7.27s/it]
Task 3, Epoch 20/20 => Loss -0.292, Train_accy 100.00, Test_accy 84.55: 100%|██████████| 20/20 [05:11<00:00, 27.32s/it]
Task 3, Epoch 20/20 => Loss -0.292, Train_accy 100.00, Test_accy 84.55: 100%|██████████| 20/20 [05:11<00:00, 15.56s/it]
2025-12-14 16:54:42,529 [l2p.py] => Task 3, Epoch 20/20 => Loss -0.292, Train_accy 100.00, Test_accy 84.55
2025-12-14 16:56:02,186 [trainer.py] => CNN: {'total': 84.55, '00-59': 93.0, '60-61': 0.0, '62-63': 0.0, '64-65': 0.0, '66-67': 100.0, '68-69': 90.0, '70-71': 100.0, '72-73': 80.0, '74-75': 80.0, '76-77': 70.0, '78-79': 90.0, '80-81': 100.0, '82-83': 100.0, '84-85': 100.0, '86-87': 80.0, '88-89': 90.0, '90-91': 90.0, '92-93': 100.0, '94-95': 100.0, '96-97': 90.0, '98-99': 90.0, 'old': 87.19, 'new': 0.0}
2025-12-14 16:56:02,186 [trainer.py] => CNN top1 curve: [93.25, 90.11, 87.25, 84.55]
2025-12-14 16:56:02,186 [trainer.py] => Average Accuracy (CNN): 88.79 

2025-12-14 16:56:02,189 [trainer.py] => All params: 171893193
2025-12-14 16:56:02,191 [trainer.py] => Trainable params: 199781
2025-12-14 16:56:02,191 [l2p.py] => Learning on 66-68

  0%|          | 0/20 [00:00<?, ?it/s]
Task 4, Epoch 1/20 => Loss 0.343, Train_accy 40.00:   0%|          | 0/20 [00:00<?, ?it/s]
Task 4, Epoch 1/20 => Loss 0.343, Train_accy 40.00:   5%|▌         | 1/20 [00:00<00:10,  1.88it/s]
Task 4, Epoch 2/20 => Loss 0.128, Train_accy 90.00:   5%|▌         | 1/20 [00:01<00:10,  1.88it/s]
Task 4, Epoch 2/20 => Loss 0.128, Train_accy 90.00:  10%|█         | 2/20 [00:01<00:09,  1.87it/s]
Task 4, Epoch 3/20 => Loss -0.084, Train_accy 100.00:  10%|█         | 2/20 [00:01<00:09,  1.87it/s]
Task 4, Epoch 3/20 => Loss -0.084, Train_accy 100.00:  15%|█▌        | 3/20 [00:01<00:09,  1.75it/s]
Task 4, Epoch 4/20 => Loss -0.174, Train_accy 100.00:  15%|█▌        | 3/20 [00:02<00:09,  1.75it/s]
Task 4, Epoch 4/20 => Loss -0.174, Train_accy 100.00:  20%|██        | 4/20 [00:02<00:09,  1.73it/s]
Task 4, Epoch 5/20 => Loss -0.181, Train_accy 90.00, Test_accy 82.07:  20%|██        | 4/20 [01:24<00:09,  1.73it/s]
Task 4, Epoch 5/20 => Loss -0.181, Train_accy 90.00, Test_accy 82.07:  25%|██▌       | 5/20 [01:24<07:30, 30.03s/it]
Task 4, Epoch 6/20 => Loss -0.272, Train_accy 100.00:  25%|██▌       | 5/20 [01:25<07:30, 30.03s/it]                
Task 4, Epoch 6/20 => Loss -0.272, Train_accy 100.00:  30%|███       | 6/20 [01:25<04:39, 20.00s/it]
Task 4, Epoch 7/20 => Loss -0.304, Train_accy 100.00:  30%|███       | 6/20 [01:25<04:39, 20.00s/it]
Task 4, Epoch 7/20 => Loss -0.304, Train_accy 100.00:  35%|███▌      | 7/20 [01:25<02:57, 13.66s/it]
Task 4, Epoch 8/20 => Loss -0.285, Train_accy 100.00:  35%|███▌      | 7/20 [01:26<02:57, 13.66s/it]
Task 4, Epoch 8/20 => Loss -0.285, Train_accy 100.00:  40%|████      | 8/20 [01:26<01:53,  9.48s/it]
Task 4, Epoch 9/20 => Loss -0.327, Train_accy 100.00:  40%|████      | 8/20 [01:26<01:53,  9.48s/it]
Task 4, Epoch 9/20 => Loss -0.327, Train_accy 100.00:  45%|████▌     | 9/20 [01:26<01:13,  6.71s/it]
Task 4, Epoch 10/20 => Loss -0.333, Train_accy 100.00, Test_accy 82.13:  45%|████▌     | 9/20 [02:43<01:13,  6.71s/it]
Task 4, Epoch 10/20 => Loss -0.333, Train_accy 100.00, Test_accy 82.13:  50%|█████     | 10/20 [02:43<04:42, 28.25s/it]
Task 4, Epoch 11/20 => Loss -0.308, Train_accy 100.00:  50%|█████     | 10/20 [02:43<04:42, 28.25s/it]                 
Task 4, Epoch 11/20 => Loss -0.308, Train_accy 100.00:  55%|█████▌    | 11/20 [02:43<02:57, 19.77s/it]
Task 4, Epoch 12/20 => Loss -0.305, Train_accy 100.00:  55%|█████▌    | 11/20 [02:44<02:57, 19.77s/it]
Task 4, Epoch 12/20 => Loss -0.305, Train_accy 100.00:  60%|██████    | 12/20 [02:44<01:51, 13.92s/it]
Task 4, Epoch 13/20 => Loss -0.343, Train_accy 100.00:  60%|██████    | 12/20 [02:44<01:51, 13.92s/it]
Task 4, Epoch 13/20 => Loss -0.343, Train_accy 100.00:  65%|██████▌   | 13/20 [02:44<01:09,  9.86s/it]
Task 4, Epoch 14/20 => Loss -0.347, Train_accy 100.00:  65%|██████▌   | 13/20 [02:45<01:09,  9.86s/it]
Task 4, Epoch 14/20 => Loss -0.347, Train_accy 100.00:  70%|███████   | 14/20 [02:45<00:42,  7.05s/it]
Task 4, Epoch 15/20 => Loss -0.356, Train_accy 100.00, Test_accy 82.16:  70%|███████   | 14/20 [04:02<00:42,  7.05s/it]
Task 4, Epoch 15/20 => Loss -0.356, Train_accy 100.00, Test_accy 82.16:  75%|███████▌  | 15/20 [04:02<02:21, 28.23s/it]
Task 4, Epoch 16/20 => Loss -0.331, Train_accy 100.00:  75%|███████▌  | 15/20 [04:03<02:21, 28.23s/it]                 
Task 4, Epoch 16/20 => Loss -0.331, Train_accy 100.00:  80%|████████  | 16/20 [04:03<01:19, 19.87s/it]
Task 4, Epoch 17/20 => Loss -0.326, Train_accy 100.00:  80%|████████  | 16/20 [04:03<01:19, 19.87s/it]
Task 4, Epoch 17/20 => Loss -0.326, Train_accy 100.00:  85%|████████▌ | 17/20 [04:03<00:42, 14.04s/it]
Task 4, Epoch 18/20 => Loss -0.355, Train_accy 100.00:  85%|████████▌ | 17/20 [04:04<00:42, 14.04s/it]
Task 4, Epoch 18/20 => Loss -0.355, Train_accy 100.00:  90%|█████████ | 18/20 [04:04<00:20, 10.03s/it]
Task 4, Epoch 19/20 => Loss -0.317, Train_accy 100.00:  90%|█████████ | 18/20 [04:05<00:20, 10.03s/it]
Task 4, Epoch 19/20 => Loss -0.317, Train_accy 100.00:  95%|█████████▌| 19/20 [04:05<00:07,  7.21s/it]
Task 4, Epoch 20/20 => Loss -0.369, Train_accy 100.00, Test_accy 82.16:  95%|█████████▌| 19/20 [05:27<00:07,  7.21s/it]
Task 4, Epoch 20/20 => Loss -0.369, Train_accy 100.00, Test_accy 82.16: 100%|██████████| 20/20 [05:27<00:00, 29.85s/it]
Task 4, Epoch 20/20 => Loss -0.369, Train_accy 100.00, Test_accy 82.16: 100%|██████████| 20/20 [05:27<00:00, 16.38s/it]
2025-12-14 17:01:29,882 [l2p.py] => Task 4, Epoch 20/20 => Loss -0.369, Train_accy 100.00, Test_accy 82.16
2025-12-14 17:02:51,735 [trainer.py] => CNN: {'total': 82.16, '00-59': 93.12, '60-61': 0.0, '62-63': 0.0, '64-65': 0.0, '66-67': 0.0, '68-69': 100.0, '70-71': 100.0, '72-73': 90.0, '74-75': 80.0, '76-77': 80.0, '78-79': 90.0, '80-81': 100.0, '82-83': 100.0, '84-85': 100.0, '86-87': 90.0, '88-89': 80.0, '90-91': 80.0, '92-93': 90.0, '94-95': 80.0, '96-97': 80.0, '98-99': 100.0, 'old': 84.65, 'new': 0.0}
2025-12-14 17:02:51,736 [trainer.py] => CNN top1 curve: [93.25, 90.11, 87.25, 84.55, 82.16]
2025-12-14 17:02:51,736 [trainer.py] => Average Accuracy (CNN): 87.46 

2025-12-14 17:02:51,739 [trainer.py] => All params: 171893193
2025-12-14 17:02:51,740 [trainer.py] => Trainable params: 199781
2025-12-14 17:02:51,741 [l2p.py] => Learning on 68-70

  0%|          | 0/20 [00:00<?, ?it/s]
Task 5, Epoch 1/20 => Loss 0.543, Train_accy 10.00:   0%|          | 0/20 [00:00<?, ?it/s]
Task 5, Epoch 1/20 => Loss 0.543, Train_accy 10.00:   5%|▌         | 1/20 [00:00<00:10,  1.77it/s]
Task 5, Epoch 2/20 => Loss 0.126, Train_accy 100.00:   5%|▌         | 1/20 [00:01<00:10,  1.77it/s]
Task 5, Epoch 2/20 => Loss 0.126, Train_accy 100.00:  10%|█         | 2/20 [00:01<00:10,  1.73it/s]
Task 5, Epoch 3/20 => Loss -0.017, Train_accy 100.00:  10%|█         | 2/20 [00:01<00:10,  1.73it/s]
Task 5, Epoch 3/20 => Loss -0.017, Train_accy 100.00:  15%|█▌        | 3/20 [00:01<00:09,  1.72it/s]
Task 5, Epoch 4/20 => Loss -0.182, Train_accy 100.00:  15%|█▌        | 3/20 [00:02<00:09,  1.72it/s]
Task 5, Epoch 4/20 => Loss -0.182, Train_accy 100.00:  20%|██        | 4/20 [00:02<00:09,  1.66it/s]
Task 5, Epoch 5/20 => Loss -0.202, Train_accy 100.00, Test_accy 79.79:  20%|██        | 4/20 [01:25<00:09,  1.66it/s]
Task 5, Epoch 5/20 => Loss -0.202, Train_accy 100.00, Test_accy 79.79:  25%|██▌       | 5/20 [01:25<07:33, 30.26s/it]
Task 5, Epoch 6/20 => Loss -0.180, Train_accy 100.00:  25%|██▌       | 5/20 [01:25<07:33, 30.26s/it]                 
Task 5, Epoch 6/20 => Loss -0.180, Train_accy 100.00:  30%|███       | 6/20 [01:25<04:42, 20.17s/it]
Task 5, Epoch 7/20 => Loss -0.199, Train_accy 90.00:  30%|███       | 6/20 [01:26<04:42, 20.17s/it] 
Task 5, Epoch 7/20 => Loss -0.199, Train_accy 90.00:  35%|███▌      | 7/20 [01:26<02:59, 13.77s/it]
Task 5, Epoch 8/20 => Loss -0.280, Train_accy 100.00:  35%|███▌      | 7/20 [01:26<02:59, 13.77s/it]
Task 5, Epoch 8/20 => Loss -0.280, Train_accy 100.00:  40%|████      | 8/20 [01:26<01:54,  9.57s/it]
Task 5, Epoch 9/20 => Loss -0.252, Train_accy 100.00:  40%|████      | 8/20 [01:27<01:54,  9.57s/it]
Task 5, Epoch 9/20 => Loss -0.252, Train_accy 100.00:  45%|████▌     | 9/20 [01:27<01:14,  6.76s/it]
Task 5, Epoch 10/20 => Loss -0.281, Train_accy 100.00, Test_accy 79.80:  45%|████▌     | 9/20 [02:46<01:14,  6.76s/it]
Task 5, Epoch 10/20 => Loss -0.281, Train_accy 100.00, Test_accy 79.80:  50%|█████     | 10/20 [02:46<04:51, 29.15s/it]
Task 5, Epoch 11/20 => Loss -0.276, Train_accy 100.00:  50%|█████     | 10/20 [02:47<04:51, 29.15s/it]                 
Task 5, Epoch 11/20 => Loss -0.276, Train_accy 100.00:  55%|█████▌    | 11/20 [02:47<03:03, 20.40s/it]
Task 5, Epoch 12/20 => Loss -0.277, Train_accy 100.00:  55%|█████▌    | 11/20 [02:48<03:03, 20.40s/it]
Task 5, Epoch 12/20 => Loss -0.277, Train_accy 100.00:  60%|██████    | 12/20 [02:48<01:55, 14.40s/it]
Task 5, Epoch 13/20 => Loss -0.258, Train_accy 100.00:  60%|██████    | 12/20 [02:48<01:55, 14.40s/it]
Task 5, Epoch 13/20 => Loss -0.258, Train_accy 100.00:  65%|██████▌   | 13/20 [02:48<01:11, 10.22s/it]
Task 5, Epoch 14/20 => Loss -0.294, Train_accy 100.00:  65%|██████▌   | 13/20 [02:49<01:11, 10.22s/it]
Task 5, Epoch 14/20 => Loss -0.294, Train_accy 100.00:  70%|███████   | 14/20 [02:49<00:43,  7.31s/it]
Task 5, Epoch 15/20 => Loss -0.297, Train_accy 100.00, Test_accy 79.76:  70%|███████   | 14/20 [04:08<00:43,  7.31s/it]
Task 5, Epoch 15/20 => Loss -0.297, Train_accy 100.00, Test_accy 79.76:  75%|███████▌  | 15/20 [04:08<02:24, 28.96s/it]
Task 5, Epoch 16/20 => Loss -0.283, Train_accy 100.00:  75%|███████▌  | 15/20 [04:08<02:24, 28.96s/it]                 
Task 5, Epoch 16/20 => Loss -0.283, Train_accy 100.00:  80%|████████  | 16/20 [04:08<01:21, 20.42s/it]
Task 5, Epoch 17/20 => Loss -0.301, Train_accy 100.00:  80%|████████  | 16/20 [04:09<01:21, 20.42s/it]
Task 5, Epoch 17/20 => Loss -0.301, Train_accy 100.00:  85%|████████▌ | 17/20 [04:09<00:43, 14.45s/it]
Task 5, Epoch 18/20 => Loss -0.271, Train_accy 100.00:  85%|████████▌ | 17/20 [04:10<00:43, 14.45s/it]
Task 5, Epoch 18/20 => Loss -0.271, Train_accy 100.00:  90%|█████████ | 18/20 [04:10<00:20, 10.28s/it]
Task 5, Epoch 19/20 => Loss -0.308, Train_accy 100.00:  90%|█████████ | 18/20 [04:10<00:20, 10.28s/it]
Task 5, Epoch 19/20 => Loss -0.308, Train_accy 100.00:  95%|█████████▌| 19/20 [04:10<00:07,  7.38s/it]
Task 5, Epoch 20/20 => Loss -0.290, Train_accy 100.00, Test_accy 79.70:  95%|█████████▌| 19/20 [05:33<00:07,  7.38s/it]
Task 5, Epoch 20/20 => Loss -0.290, Train_accy 100.00, Test_accy 79.70: 100%|██████████| 20/20 [05:33<00:00, 30.06s/it]
Task 5, Epoch 20/20 => Loss -0.290, Train_accy 100.00, Test_accy 79.70: 100%|██████████| 20/20 [05:33<00:00, 16.68s/it]
2025-12-14 17:08:25,436 [l2p.py] => Task 5, Epoch 20/20 => Loss -0.290, Train_accy 100.00, Test_accy 79.70
2025-12-14 17:09:51,581 [trainer.py] => CNN: {'total': 79.7, '00-59': 92.98, '60-61': 0.0, '62-63': 0.0, '64-65': 0.0, '66-67': 0.0, '68-69': 0.0, '70-71': 80.0, '72-73': 100.0, '74-75': 60.0, '76-77': 100.0, '78-79': 90.0, '80-81': 90.0, '82-83': 90.0, '84-85': 90.0, '86-87': 90.0, '88-89': 80.0, '90-91': 90.0, '92-93': 90.0, '94-95': 100.0, '96-97': 90.0, '98-99': 90.0, 'old': 82.04, 'new': 0.0}
2025-12-14 17:09:51,581 [trainer.py] => CNN top1 curve: [93.25, 90.11, 87.25, 84.55, 82.16, 79.7]
2025-12-14 17:09:51,581 [trainer.py] => Average Accuracy (CNN): 86.17 

2025-12-14 17:09:51,583 [trainer.py] => All params: 171893193
2025-12-14 17:09:51,584 [trainer.py] => Trainable params: 199781
2025-12-14 17:09:51,584 [l2p.py] => Learning on 70-72

  0%|          | 0/20 [00:00<?, ?it/s]
Task 6, Epoch 1/20 => Loss 0.800, Train_accy 10.00:   0%|          | 0/20 [00:00<?, ?it/s]
Task 6, Epoch 1/20 => Loss 0.800, Train_accy 10.00:   5%|▌         | 1/20 [00:00<00:11,  1.60it/s]
Task 6, Epoch 2/20 => Loss 0.220, Train_accy 70.00:   5%|▌         | 1/20 [00:01<00:11,  1.60it/s]
Task 6, Epoch 2/20 => Loss 0.220, Train_accy 70.00:  10%|█         | 2/20 [00:01<00:10,  1.65it/s]
Task 6, Epoch 3/20 => Loss 0.077, Train_accy 80.00:  10%|█         | 2/20 [00:01<00:10,  1.65it/s]
Task 6, Epoch 3/20 => Loss 0.077, Train_accy 80.00:  15%|█▌        | 3/20 [00:01<00:09,  1.70it/s]
Task 6, Epoch 4/20 => Loss -0.184, Train_accy 100.00:  15%|█▌        | 3/20 [00:02<00:09,  1.70it/s]
Task 6, Epoch 4/20 => Loss -0.184, Train_accy 100.00:  20%|██        | 4/20 [00:02<00:09,  1.74it/s]
Task 6, Epoch 5/20 => Loss -0.223, Train_accy 100.00, Test_accy 77.53:  20%|██        | 4/20 [01:22<00:09,  1.74it/s]
Task 6, Epoch 5/20 => Loss -0.223, Train_accy 100.00, Test_accy 77.53:  25%|██▌       | 5/20 [01:22<07:18, 29.21s/it]
Task 6, Epoch 6/20 => Loss -0.191, Train_accy 100.00:  25%|██▌       | 5/20 [01:22<07:18, 29.21s/it]                 
Task 6, Epoch 6/20 => Loss -0.191, Train_accy 100.00:  30%|███       | 6/20 [01:22<04:32, 19.49s/it]
Task 6, Epoch 7/20 => Loss -0.259, Train_accy 100.00:  30%|███       | 6/20 [01:23<04:32, 19.49s/it]
Task 6, Epoch 7/20 => Loss -0.259, Train_accy 100.00:  35%|███▌      | 7/20 [01:23<02:52, 13.31s/it]
Task 6, Epoch 8/20 => Loss -0.293, Train_accy 100.00:  35%|███▌      | 7/20 [01:24<02:52, 13.31s/it]
Task 6, Epoch 8/20 => Loss -0.293, Train_accy 100.00:  40%|████      | 8/20 [01:24<01:50,  9.25s/it]
Task 6, Epoch 9/20 => Loss -0.290, Train_accy 100.00:  40%|████      | 8/20 [01:24<01:50,  9.25s/it]
Task 6, Epoch 9/20 => Loss -0.290, Train_accy 100.00:  45%|████▌     | 9/20 [01:24<01:11,  6.52s/it]
Task 6, Epoch 10/20 => Loss -0.320, Train_accy 100.00, Test_accy 77.51:  45%|████▌     | 9/20 [02:52<01:11,  6.52s/it]
Task 6, Epoch 10/20 => Loss -0.320, Train_accy 100.00, Test_accy 77.51:  50%|█████     | 10/20 [02:52<05:15, 31.51s/it]
Task 6, Epoch 11/20 => Loss -0.230, Train_accy 90.00:  50%|█████     | 10/20 [02:52<05:15, 31.51s/it]                  
Task 6, Epoch 11/20 => Loss -0.230, Train_accy 90.00:  55%|█████▌    | 11/20 [02:52<03:18, 22.04s/it]
Task 6, Epoch 12/20 => Loss -0.319, Train_accy 100.00:  55%|█████▌    | 11/20 [02:53<03:18, 22.04s/it]
Task 6, Epoch 12/20 => Loss -0.319, Train_accy 100.00:  60%|██████    | 12/20 [02:53<02:04, 15.52s/it]
Task 6, Epoch 13/20 => Loss -0.314, Train_accy 100.00:  60%|██████    | 12/20 [02:53<02:04, 15.52s/it]
Task 6, Epoch 13/20 => Loss -0.314, Train_accy 100.00:  65%|██████▌   | 13/20 [02:53<01:16, 10.99s/it]
Task 6, Epoch 14/20 => Loss -0.310, Train_accy 100.00:  65%|██████▌   | 13/20 [02:54<01:16, 10.99s/it]
Task 6, Epoch 14/20 => Loss -0.310, Train_accy 100.00:  70%|███████   | 14/20 [02:54<00:47,  7.84s/it]
Task 6, Epoch 15/20 => Loss -0.317, Train_accy 100.00, Test_accy 77.51:  70%|███████   | 14/20 [04:15<00:47,  7.84s/it]
Task 6, Epoch 15/20 => Loss -0.317, Train_accy 100.00, Test_accy 77.51:  75%|███████▌  | 15/20 [04:15<02:30, 30.00s/it]
Task 6, Epoch 16/20 => Loss -0.314, Train_accy 100.00:  75%|███████▌  | 15/20 [04:16<02:30, 30.00s/it]                 
Task 6, Epoch 16/20 => Loss -0.314, Train_accy 100.00:  80%|████████  | 16/20 [04:16<01:24, 21.14s/it]
Task 6, Epoch 17/20 => Loss -0.166, Train_accy 80.00:  80%|████████  | 16/20 [04:16<01:24, 21.14s/it] 
Task 6, Epoch 17/20 => Loss -0.166, Train_accy 80.00:  85%|████████▌ | 17/20 [04:16<00:44, 14.96s/it]
Task 6, Epoch 18/20 => Loss -0.321, Train_accy 100.00:  85%|████████▌ | 17/20 [04:17<00:44, 14.96s/it]
Task 6, Epoch 18/20 => Loss -0.321, Train_accy 100.00:  90%|█████████ | 18/20 [04:17<00:21, 10.63s/it]
Task 6, Epoch 19/20 => Loss -0.296, Train_accy 100.00:  90%|█████████ | 18/20 [04:17<00:21, 10.63s/it]
Task 6, Epoch 19/20 => Loss -0.296, Train_accy 100.00:  95%|█████████▌| 19/20 [04:17<00:07,  7.59s/it]
Task 6, Epoch 20/20 => Loss -0.296, Train_accy 100.00, Test_accy 77.44:  95%|█████████▌| 19/20 [05:40<00:07,  7.59s/it]
Task 6, Epoch 20/20 => Loss -0.296, Train_accy 100.00, Test_accy 77.44: 100%|██████████| 20/20 [05:40<00:00, 29.97s/it]
Task 6, Epoch 20/20 => Loss -0.296, Train_accy 100.00, Test_accy 77.44: 100%|██████████| 20/20 [05:40<00:00, 17.00s/it]
2025-12-14 17:15:31,671 [l2p.py] => Task 6, Epoch 20/20 => Loss -0.296, Train_accy 100.00, Test_accy 77.44
2025-12-14 17:17:02,676 [trainer.py] => CNN: {'total': 77.44, '00-59': 92.93, '60-61': 0.0, '62-63': 0.0, '64-65': 0.0, '66-67': 0.0, '68-69': 0.0, '70-71': 0.0, '72-73': 70.0, '74-75': 100.0, '76-77': 90.0, '78-79': 100.0, '80-81': 100.0, '82-83': 60.0, '84-85': 100.0, '86-87': 90.0, '88-89': 80.0, '90-91': 90.0, '92-93': 90.0, '94-95': 90.0, '96-97': 100.0, '98-99': 90.0, 'old': 79.66, 'new': 0.0}
2025-12-14 17:17:02,676 [trainer.py] => CNN top1 curve: [93.25, 90.11, 87.25, 84.55, 82.16, 79.7, 77.44]
2025-12-14 17:17:02,677 [trainer.py] => Average Accuracy (CNN): 84.92 

2025-12-14 17:17:02,679 [trainer.py] => All params: 171893193
2025-12-14 17:17:02,680 [trainer.py] => Trainable params: 199781
2025-12-14 17:17:02,680 [l2p.py] => Learning on 72-74

  0%|          | 0/20 [00:00<?, ?it/s]
Task 7, Epoch 1/20 => Loss 0.835, Train_accy 20.00:   0%|          | 0/20 [00:00<?, ?it/s]
Task 7, Epoch 1/20 => Loss 0.835, Train_accy 20.00:   5%|▌         | 1/20 [00:00<00:10,  1.85it/s]
Task 7, Epoch 2/20 => Loss 0.280, Train_accy 50.00:   5%|▌         | 1/20 [00:01<00:10,  1.85it/s]
Task 7, Epoch 2/20 => Loss 0.280, Train_accy 50.00:  10%|█         | 2/20 [00:01<00:10,  1.80it/s]
Task 7, Epoch 3/20 => Loss -0.077, Train_accy 100.00:  10%|█         | 2/20 [00:01<00:10,  1.80it/s]
Task 7, Epoch 3/20 => Loss -0.077, Train_accy 100.00:  15%|█▌        | 3/20 [00:01<00:09,  1.81it/s]
Task 7, Epoch 4/20 => Loss -0.172, Train_accy 100.00:  15%|█▌        | 3/20 [00:02<00:09,  1.81it/s]
Task 7, Epoch 4/20 => Loss -0.172, Train_accy 100.00:  20%|██        | 4/20 [00:02<00:08,  1.83it/s]
Task 7, Epoch 5/20 => Loss -0.226, Train_accy 100.00, Test_accy 75.41:  20%|██        | 4/20 [01:23<00:08,  1.83it/s]
Task 7, Epoch 5/20 => Loss -0.226, Train_accy 100.00, Test_accy 75.41:  25%|██▌       | 5/20 [01:23<07:27, 29.83s/it]
Task 7, Epoch 6/20 => Loss -0.260, Train_accy 100.00:  25%|██▌       | 5/20 [01:24<07:27, 29.83s/it]                 
Task 7, Epoch 6/20 => Loss -0.260, Train_accy 100.00:  30%|███       | 6/20 [01:24<04:38, 19.89s/it]
Task 7, Epoch 7/20 => Loss -0.251, Train_accy 100.00:  30%|███       | 6/20 [01:25<04:38, 19.89s/it]
Task 7, Epoch 7/20 => Loss -0.251, Train_accy 100.00:  35%|███▌      | 7/20 [01:25<02:56, 13.61s/it]
Task 7, Epoch 8/20 => Loss -0.302, Train_accy 100.00:  35%|███▌      | 7/20 [01:25<02:56, 13.61s/it]
Task 7, Epoch 8/20 => Loss -0.302, Train_accy 100.00:  40%|████      | 8/20 [01:25<01:53,  9.46s/it]
Task 7, Epoch 9/20 => Loss -0.278, Train_accy 100.00:  40%|████      | 8/20 [01:26<01:53,  9.46s/it]
Task 7, Epoch 9/20 => Loss -0.278, Train_accy 100.00:  45%|████▌     | 9/20 [01:26<01:13,  6.68s/it]
Task 7, Epoch 10/20 => Loss -0.292, Train_accy 100.00, Test_accy 75.39:  45%|████▌     | 9/20 [02:55<01:13,  6.68s/it]
Task 7, Epoch 10/20 => Loss -0.292, Train_accy 100.00, Test_accy 75.39:  50%|█████     | 10/20 [02:55<05:22, 32.27s/it]
Task 7, Epoch 11/20 => Loss -0.240, Train_accy 90.00:  50%|█████     | 10/20 [02:56<05:22, 32.27s/it]                  
Task 7, Epoch 11/20 => Loss -0.240, Train_accy 90.00:  55%|█████▌    | 11/20 [02:56<03:23, 22.56s/it]
Task 7, Epoch 12/20 => Loss -0.280, Train_accy 100.00:  55%|█████▌    | 11/20 [02:56<03:23, 22.56s/it]
Task 7, Epoch 12/20 => Loss -0.280, Train_accy 100.00:  60%|██████    | 12/20 [02:56<02:06, 15.84s/it]
Task 7, Epoch 13/20 => Loss -0.286, Train_accy 100.00:  60%|██████    | 12/20 [02:57<02:06, 15.84s/it]
Task 7, Epoch 13/20 => Loss -0.286, Train_accy 100.00:  65%|██████▌   | 13/20 [02:57<01:18, 11.21s/it]
Task 7, Epoch 14/20 => Loss -0.317, Train_accy 100.00:  65%|██████▌   | 13/20 [02:58<01:18, 11.21s/it]
Task 7, Epoch 14/20 => Loss -0.317, Train_accy 100.00:  70%|███████   | 14/20 [02:58<00:47,  7.98s/it]
Task 7, Epoch 15/20 => Loss -0.312, Train_accy 100.00, Test_accy 75.41:  70%|███████   | 14/20 [04:21<00:47,  7.98s/it]
Task 7, Epoch 15/20 => Loss -0.312, Train_accy 100.00, Test_accy 75.41:  75%|███████▌  | 15/20 [04:21<02:33, 30.68s/it]
Task 7, Epoch 16/20 => Loss -0.276, Train_accy 100.00:  75%|███████▌  | 15/20 [04:21<02:33, 30.68s/it]                 
Task 7, Epoch 16/20 => Loss -0.276, Train_accy 100.00:  80%|████████  | 16/20 [04:21<01:26, 21.63s/it]
Task 7, Epoch 17/20 => Loss -0.332, Train_accy 100.00:  80%|████████  | 16/20 [04:22<01:26, 21.63s/it]
Task 7, Epoch 17/20 => Loss -0.332, Train_accy 100.00:  85%|████████▌ | 17/20 [04:22<00:45, 15.30s/it]
Task 7, Epoch 18/20 => Loss -0.300, Train_accy 100.00:  85%|████████▌ | 17/20 [04:23<00:45, 15.30s/it]
Task 7, Epoch 18/20 => Loss -0.300, Train_accy 100.00:  90%|█████████ | 18/20 [04:23<00:21, 10.88s/it]
Task 7, Epoch 19/20 => Loss -0.289, Train_accy 100.00:  90%|█████████ | 18/20 [04:23<00:21, 10.88s/it]
Task 7, Epoch 19/20 => Loss -0.289, Train_accy 100.00:  95%|█████████▌| 19/20 [04:23<00:07,  7.81s/it]
Task 7, Epoch 20/20 => Loss -0.305, Train_accy 100.00, Test_accy 75.39:  95%|█████████▌| 19/20 [05:48<00:07,  7.81s/it]
Task 7, Epoch 20/20 => Loss -0.305, Train_accy 100.00, Test_accy 75.39: 100%|██████████| 20/20 [05:48<00:00, 30.86s/it]
Task 7, Epoch 20/20 => Loss -0.305, Train_accy 100.00, Test_accy 75.39: 100%|██████████| 20/20 [05:48<00:00, 17.42s/it]
2025-12-14 17:22:51,045 [l2p.py] => Task 7, Epoch 20/20 => Loss -0.305, Train_accy 100.00, Test_accy 75.39
2025-12-14 17:24:24,810 [trainer.py] => CNN: {'total': 75.39, '00-59': 92.98, '60-61': 0.0, '62-63': 0.0, '64-65': 0.0, '66-67': 0.0, '68-69': 0.0, '70-71': 0.0, '72-73': 0.0, '74-75': 100.0, '76-77': 70.0, '78-79': 100.0, '80-81': 90.0, '82-83': 100.0, '84-85': 80.0, '86-87': 100.0, '88-89': 100.0, '90-91': 100.0, '92-93': 80.0, '94-95': 80.0, '96-97': 100.0, '98-99': 80.0, 'old': 77.49, 'new': 0.0}
2025-12-14 17:24:24,810 [trainer.py] => CNN top1 curve: [93.25, 90.11, 87.25, 84.55, 82.16, 79.7, 77.44, 75.39]
2025-12-14 17:24:24,810 [trainer.py] => Average Accuracy (CNN): 83.73 

2025-12-14 17:24:24,812 [trainer.py] => All params: 171893193
2025-12-14 17:24:24,815 [trainer.py] => Trainable params: 199781
2025-12-14 17:24:24,815 [l2p.py] => Learning on 74-76

  0%|          | 0/20 [00:00<?, ?it/s]
Task 8, Epoch 1/20 => Loss 0.632, Train_accy 50.00:   0%|          | 0/20 [00:00<?, ?it/s]
Task 8, Epoch 1/20 => Loss 0.632, Train_accy 50.00:   5%|▌         | 1/20 [00:00<00:10,  1.75it/s]
Task 8, Epoch 2/20 => Loss 0.206, Train_accy 70.00:   5%|▌         | 1/20 [00:01<00:10,  1.75it/s]
Task 8, Epoch 2/20 => Loss 0.206, Train_accy 70.00:  10%|█         | 2/20 [00:01<00:10,  1.72it/s]
Task 8, Epoch 3/20 => Loss 0.069, Train_accy 90.00:  10%|█         | 2/20 [00:01<00:10,  1.72it/s]
Task 8, Epoch 3/20 => Loss 0.069, Train_accy 90.00:  15%|█▌        | 3/20 [00:01<00:09,  1.75it/s]
Task 8, Epoch 4/20 => Loss -0.029, Train_accy 100.00:  15%|█▌        | 3/20 [00:02<00:09,  1.75it/s]
Task 8, Epoch 4/20 => Loss -0.029, Train_accy 100.00:  20%|██        | 4/20 [00:02<00:09,  1.77it/s]
Task 8, Epoch 5/20 => Loss -0.140, Train_accy 100.00, Test_accy 73.41:  20%|██        | 4/20 [01:27<00:09,  1.77it/s]
Task 8, Epoch 5/20 => Loss -0.140, Train_accy 100.00, Test_accy 73.41:  25%|██▌       | 5/20 [01:27<07:46, 31.13s/it]
Task 8, Epoch 6/20 => Loss -0.176, Train_accy 90.00:  25%|██▌       | 5/20 [01:28<07:46, 31.13s/it]                  
Task 8, Epoch 6/20 => Loss -0.176, Train_accy 90.00:  30%|███       | 6/20 [01:28<04:50, 20.73s/it]
Task 8, Epoch 7/20 => Loss -0.214, Train_accy 100.00:  30%|███       | 6/20 [01:28<04:50, 20.73s/it]
Task 8, Epoch 7/20 => Loss -0.214, Train_accy 100.00:  35%|███▌      | 7/20 [01:28<03:03, 14.14s/it]
Task 8, Epoch 8/20 => Loss -0.251, Train_accy 100.00:  35%|███▌      | 7/20 [01:29<03:03, 14.14s/it]
Task 8, Epoch 8/20 => Loss -0.251, Train_accy 100.00:  40%|████      | 8/20 [01:29<01:57,  9.82s/it]
Task 8, Epoch 9/20 => Loss -0.290, Train_accy 100.00:  40%|████      | 8/20 [01:29<01:57,  9.82s/it]
Task 8, Epoch 9/20 => Loss -0.290, Train_accy 100.00:  45%|████▌     | 9/20 [01:29<01:16,  6.93s/it]
Task 8, Epoch 10/20 => Loss -0.283, Train_accy 100.00, Test_accy 73.36:  45%|████▌     | 9/20 [03:00<01:16,  6.93s/it]
Task 8, Epoch 10/20 => Loss -0.283, Train_accy 100.00, Test_accy 73.36:  50%|█████     | 10/20 [03:00<05:27, 32.80s/it]
Task 8, Epoch 11/20 => Loss -0.301, Train_accy 100.00:  50%|█████     | 10/20 [03:01<05:27, 32.80s/it]                 
Task 8, Epoch 11/20 => Loss -0.301, Train_accy 100.00:  55%|█████▌    | 11/20 [03:01<03:26, 22.90s/it]
Task 8, Epoch 12/20 => Loss -0.307, Train_accy 100.00:  55%|█████▌    | 11/20 [03:01<03:26, 22.90s/it]
Task 8, Epoch 12/20 => Loss -0.307, Train_accy 100.00:  60%|██████    | 12/20 [03:01<02:08, 16.11s/it]
Task 8, Epoch 13/20 => Loss -0.265, Train_accy 100.00:  60%|██████    | 12/20 [03:02<02:08, 16.11s/it]
Task 8, Epoch 13/20 => Loss -0.265, Train_accy 100.00:  65%|██████▌   | 13/20 [03:02<01:19, 11.37s/it]
Task 8, Epoch 14/20 => Loss -0.176, Train_accy 90.00:  65%|██████▌   | 13/20 [03:02<01:19, 11.37s/it] 
Task 8, Epoch 14/20 => Loss -0.176, Train_accy 90.00:  70%|███████   | 14/20 [03:02<00:48,  8.08s/it]
Task 8, Epoch 15/20 => Loss -0.290, Train_accy 100.00, Test_accy 73.34:  70%|███████   | 14/20 [04:34<00:48,  8.08s/it]
Task 8, Epoch 15/20 => Loss -0.290, Train_accy 100.00, Test_accy 73.34:  75%|███████▌  | 15/20 [04:34<02:47, 33.47s/it]
Task 8, Epoch 16/20 => Loss -0.312, Train_accy 100.00:  75%|███████▌  | 15/20 [04:35<02:47, 33.47s/it]                 
Task 8, Epoch 16/20 => Loss -0.312, Train_accy 100.00:  80%|████████  | 16/20 [04:35<01:34, 23.57s/it]
Task 8, Epoch 17/20 => Loss -0.319, Train_accy 100.00:  80%|████████  | 16/20 [04:36<01:34, 23.57s/it]
Task 8, Epoch 17/20 => Loss -0.319, Train_accy 100.00:  85%|████████▌ | 17/20 [04:36<00:49, 16.66s/it]
Task 8, Epoch 18/20 => Loss -0.297, Train_accy 100.00:  85%|████████▌ | 17/20 [04:36<00:49, 16.66s/it]
Task 8, Epoch 18/20 => Loss -0.297, Train_accy 100.00:  90%|█████████ | 18/20 [04:36<00:23, 11.80s/it]
Task 8, Epoch 19/20 => Loss -0.309, Train_accy 100.00:  90%|█████████ | 18/20 [04:37<00:23, 11.80s/it]
Task 8, Epoch 19/20 => Loss -0.309, Train_accy 100.00:  95%|█████████▌| 19/20 [04:37<00:08,  8.43s/it]
Task 8, Epoch 20/20 => Loss -0.323, Train_accy 100.00, Test_accy 73.33:  95%|█████████▌| 19/20 [06:04<00:08,  8.43s/it]
Task 8, Epoch 20/20 => Loss -0.323, Train_accy 100.00, Test_accy 73.33: 100%|██████████| 20/20 [06:04<00:00, 32.18s/it]
Task 8, Epoch 20/20 => Loss -0.323, Train_accy 100.00, Test_accy 73.33: 100%|██████████| 20/20 [06:04<00:00, 18.23s/it]
2025-12-14 17:30:29,502 [l2p.py] => Task 8, Epoch 20/20 => Loss -0.323, Train_accy 100.00, Test_accy 73.33
2025-12-14 17:32:05,556 [trainer.py] => CNN: {'total': 73.33, '00-59': 92.88, '60-61': 0.0, '62-63': 0.0, '64-65': 0.0, '66-67': 0.0, '68-69': 0.0, '70-71': 0.0, '72-73': 0.0, '74-75': 0.0, '76-77': 70.0, '78-79': 90.0, '80-81': 70.0, '82-83': 90.0, '84-85': 100.0, '86-87': 90.0, '88-89': 100.0, '90-91': 70.0, '92-93': 100.0, '94-95': 90.0, '96-97': 100.0, '98-99': 100.0, 'old': 75.31, 'new': 0.0}
2025-12-14 17:32:05,556 [trainer.py] => CNN top1 curve: [93.25, 90.11, 87.25, 84.55, 82.16, 79.7, 77.44, 75.39, 73.33]
2025-12-14 17:32:05,556 [trainer.py] => Average Accuracy (CNN): 82.58 

2025-12-14 17:32:05,558 [trainer.py] => All params: 171893193
2025-12-14 17:32:05,560 [trainer.py] => Trainable params: 199781
2025-12-14 17:32:05,560 [l2p.py] => Learning on 76-78

  0%|          | 0/20 [00:00<?, ?it/s]
Task 9, Epoch 1/20 => Loss 0.222, Train_accy 80.00:   0%|          | 0/20 [00:00<?, ?it/s]
Task 9, Epoch 1/20 => Loss 0.222, Train_accy 80.00:   5%|▌         | 1/20 [00:00<00:11,  1.68it/s]
Task 9, Epoch 2/20 => Loss 0.132, Train_accy 80.00:   5%|▌         | 1/20 [00:01<00:11,  1.68it/s]
Task 9, Epoch 2/20 => Loss 0.132, Train_accy 80.00:  10%|█         | 2/20 [00:01<00:10,  1.72it/s]
Task 9, Epoch 3/20 => Loss -0.133, Train_accy 100.00:  10%|█         | 2/20 [00:01<00:10,  1.72it/s]
Task 9, Epoch 3/20 => Loss -0.133, Train_accy 100.00:  15%|█▌        | 3/20 [00:01<00:09,  1.72it/s]
Task 9, Epoch 4/20 => Loss -0.211, Train_accy 100.00:  15%|█▌        | 3/20 [00:02<00:09,  1.72it/s]
Task 9, Epoch 4/20 => Loss -0.211, Train_accy 100.00:  20%|██        | 4/20 [00:02<00:09,  1.72it/s]
Task 9, Epoch 5/20 => Loss -0.239, Train_accy 100.00, Test_accy 71.42:  20%|██        | 4/20 [01:30<00:09,  1.72it/s]
Task 9, Epoch 5/20 => Loss -0.239, Train_accy 100.00, Test_accy 71.42:  25%|██▌       | 5/20 [01:30<08:01, 32.08s/it]
Task 9, Epoch 6/20 => Loss -0.234, Train_accy 100.00:  25%|██▌       | 5/20 [01:30<08:01, 32.08s/it]                 
Task 9, Epoch 6/20 => Loss -0.234, Train_accy 100.00:  30%|███       | 6/20 [01:30<04:58, 21.34s/it]
Task 9, Epoch 7/20 => Loss -0.199, Train_accy 100.00:  30%|███       | 6/20 [01:31<04:58, 21.34s/it]
Task 9, Epoch 7/20 => Loss -0.199, Train_accy 100.00:  35%|███▌      | 7/20 [01:31<03:08, 14.54s/it]
Task 9, Epoch 8/20 => Loss -0.272, Train_accy 100.00:  35%|███▌      | 7/20 [01:31<03:08, 14.54s/it]
Task 9, Epoch 8/20 => Loss -0.272, Train_accy 100.00:  40%|████      | 8/20 [01:31<02:00, 10.08s/it]
Task 9, Epoch 9/20 => Loss -0.298, Train_accy 100.00:  40%|████      | 8/20 [01:32<02:00, 10.08s/it]
Task 9, Epoch 9/20 => Loss -0.298, Train_accy 100.00:  45%|████▌     | 9/20 [01:32<01:18,  7.10s/it]
Task 9, Epoch 10/20 => Loss -0.304, Train_accy 100.00, Test_accy 71.37:  45%|████▌     | 9/20 [03:02<01:18,  7.10s/it]
Task 9, Epoch 10/20 => Loss -0.304, Train_accy 100.00, Test_accy 71.37:  50%|█████     | 10/20 [03:02<05:27, 32.77s/it]
Task 9, Epoch 11/20 => Loss -0.298, Train_accy 100.00:  50%|█████     | 10/20 [03:03<05:27, 32.77s/it]                 
Task 9, Epoch 11/20 => Loss -0.298, Train_accy 100.00:  55%|█████▌    | 11/20 [03:03<03:26, 22.91s/it]
Task 9, Epoch 12/20 => Loss -0.264, Train_accy 90.00:  55%|█████▌    | 11/20 [03:03<03:26, 22.91s/it] 
Task 9, Epoch 12/20 => Loss -0.264, Train_accy 90.00:  60%|██████    | 12/20 [03:03<02:08, 16.09s/it]
Task 9, Epoch 13/20 => Loss -0.229, Train_accy 100.00:  60%|██████    | 12/20 [03:04<02:08, 16.09s/it]
Task 9, Epoch 13/20 => Loss -0.229, Train_accy 100.00:  65%|██████▌   | 13/20 [03:04<01:19, 11.40s/it]
Task 9, Epoch 14/20 => Loss -0.319, Train_accy 100.00:  65%|██████▌   | 13/20 [03:04<01:19, 11.40s/it]
Task 9, Epoch 14/20 => Loss -0.319, Train_accy 100.00:  70%|███████   | 14/20 [03:04<00:48,  8.14s/it]
Task 9, Epoch 15/20 => Loss -0.238, Train_accy 100.00, Test_accy 71.36:  70%|███████   | 14/20 [04:40<00:48,  8.14s/it]
Task 9, Epoch 15/20 => Loss -0.238, Train_accy 100.00, Test_accy 71.36:  75%|███████▌  | 15/20 [04:40<02:52, 34.48s/it]
Task 9, Epoch 16/20 => Loss -0.244, Train_accy 90.00:  75%|███████▌  | 15/20 [04:40<02:52, 34.48s/it]                  
Task 9, Epoch 16/20 => Loss -0.244, Train_accy 90.00:  80%|████████  | 16/20 [04:40<01:37, 24.27s/it]
Task 9, Epoch 17/20 => Loss -0.310, Train_accy 100.00:  80%|████████  | 16/20 [04:41<01:37, 24.27s/it]
Task 9, Epoch 17/20 => Loss -0.310, Train_accy 100.00:  85%|████████▌ | 17/20 [04:41<00:51, 17.15s/it]
Task 9, Epoch 18/20 => Loss -0.323, Train_accy 100.00:  85%|████████▌ | 17/20 [04:42<00:51, 17.15s/it]
Task 9, Epoch 18/20 => Loss -0.323, Train_accy 100.00:  90%|█████████ | 18/20 [04:42<00:24, 12.16s/it]
Task 9, Epoch 19/20 => Loss -0.340, Train_accy 100.00:  90%|█████████ | 18/20 [04:42<00:24, 12.16s/it]
Task 9, Epoch 19/20 => Loss -0.340, Train_accy 100.00:  95%|█████████▌| 19/20 [04:42<00:08,  8.67s/it]
Task 9, Epoch 20/20 => Loss -0.272, Train_accy 100.00, Test_accy 71.36:  95%|█████████▌| 19/20 [06:12<00:08,  8.67s/it]
Task 9, Epoch 20/20 => Loss -0.272, Train_accy 100.00, Test_accy 71.36: 100%|██████████| 20/20 [06:12<00:00, 33.01s/it]
Task 9, Epoch 20/20 => Loss -0.272, Train_accy 100.00, Test_accy 71.36: 100%|██████████| 20/20 [06:12<00:00, 18.62s/it]
2025-12-14 17:38:17,965 [l2p.py] => Task 9, Epoch 20/20 => Loss -0.272, Train_accy 100.00, Test_accy 71.36
2025-12-14 17:39:56,408 [trainer.py] => CNN: {'total': 71.36, '00-59': 92.77, '60-61': 0.0, '62-63': 0.0, '64-65': 0.0, '66-67': 0.0, '68-69': 0.0, '70-71': 0.0, '72-73': 0.0, '74-75': 0.0, '76-77': 0.0, '78-79': 90.0, '80-81': 90.0, '82-83': 90.0, '84-85': 90.0, '86-87': 100.0, '88-89': 90.0, '90-91': 100.0, '92-93': 100.0, '94-95': 90.0, '96-97': 100.0, '98-99': 100.0, 'old': 73.24, 'new': 0.0}
2025-12-14 17:39:56,408 [trainer.py] => CNN top1 curve: [93.25, 90.11, 87.25, 84.55, 82.16, 79.7, 77.44, 75.39, 73.33, 71.36]
2025-12-14 17:39:56,408 [trainer.py] => Average Accuracy (CNN): 81.45 

2025-12-14 17:39:56,409 [trainer.py] => All params: 171893193
2025-12-14 17:39:56,410 [trainer.py] => Trainable params: 199781
2025-12-14 17:39:56,410 [l2p.py] => Learning on 78-80

  0%|          | 0/20 [00:00<?, ?it/s]
Task 10, Epoch 1/20 => Loss 0.377, Train_accy 60.00:   0%|          | 0/20 [00:00<?, ?it/s]
Task 10, Epoch 1/20 => Loss 0.377, Train_accy 60.00:   5%|▌         | 1/20 [00:00<00:10,  1.76it/s]
Task 10, Epoch 2/20 => Loss 0.125, Train_accy 80.00:   5%|▌         | 1/20 [00:01<00:10,  1.76it/s]
Task 10, Epoch 2/20 => Loss 0.125, Train_accy 80.00:  10%|█         | 2/20 [00:01<00:10,  1.78it/s]
Task 10, Epoch 3/20 => Loss -0.089, Train_accy 100.00:  10%|█         | 2/20 [00:01<00:10,  1.78it/s]
Task 10, Epoch 3/20 => Loss -0.089, Train_accy 100.00:  15%|█▌        | 3/20 [00:01<00:09,  1.80it/s]
Task 10, Epoch 4/20 => Loss -0.168, Train_accy 90.00:  15%|█▌        | 3/20 [00:02<00:09,  1.80it/s] 
Task 10, Epoch 4/20 => Loss -0.168, Train_accy 90.00:  20%|██        | 4/20 [00:02<00:08,  1.82it/s]
Task 10, Epoch 5/20 => Loss -0.258, Train_accy 100.00, Test_accy 69.56:  20%|██        | 4/20 [01:32<00:08,  1.82it/s]
Task 10, Epoch 5/20 => Loss -0.258, Train_accy 100.00, Test_accy 69.56:  25%|██▌       | 5/20 [01:32<08:10, 32.73s/it]
Task 10, Epoch 6/20 => Loss -0.234, Train_accy 100.00:  25%|██▌       | 5/20 [01:32<08:10, 32.73s/it]                 
Task 10, Epoch 6/20 => Loss -0.234, Train_accy 100.00:  30%|███       | 6/20 [01:32<05:05, 21.79s/it]
Task 10, Epoch 7/20 => Loss -0.303, Train_accy 100.00:  30%|███       | 6/20 [01:33<05:05, 21.79s/it]
Task 10, Epoch 7/20 => Loss -0.303, Train_accy 100.00:  35%|███▌      | 7/20 [01:33<03:12, 14.84s/it]
Task 10, Epoch 8/20 => Loss -0.319, Train_accy 100.00:  35%|███▌      | 7/20 [01:33<03:12, 14.84s/it]
Task 10, Epoch 8/20 => Loss -0.319, Train_accy 100.00:  40%|████      | 8/20 [01:33<02:03, 10.29s/it]
Task 10, Epoch 9/20 => Loss -0.291, Train_accy 100.00:  40%|████      | 8/20 [01:34<02:03, 10.29s/it]
Task 10, Epoch 9/20 => Loss -0.291, Train_accy 100.00:  45%|████▌     | 9/20 [01:34<01:19,  7.24s/it]
Task 10, Epoch 10/20 => Loss -0.290, Train_accy 100.00, Test_accy 69.56:  45%|████▌     | 9/20 [03:08<01:19,  7.24s/it]
Task 10, Epoch 10/20 => Loss -0.290, Train_accy 100.00, Test_accy 69.56:  50%|█████     | 10/20 [03:08<05:40, 34.05s/it]
Task 10, Epoch 11/20 => Loss -0.329, Train_accy 100.00:  50%|█████     | 10/20 [03:08<05:40, 34.05s/it]                 
Task 10, Epoch 11/20 => Loss -0.329, Train_accy 100.00:  55%|█████▌    | 11/20 [03:08<03:33, 23.76s/it]
Task 10, Epoch 12/20 => Loss -0.312, Train_accy 100.00:  55%|█████▌    | 11/20 [03:09<03:33, 23.76s/it]
Task 10, Epoch 12/20 => Loss -0.312, Train_accy 100.00:  60%|██████    | 12/20 [03:09<02:13, 16.67s/it]
Task 10, Epoch 13/20 => Loss -0.341, Train_accy 100.00:  60%|██████    | 12/20 [03:09<02:13, 16.67s/it]
Task 10, Epoch 13/20 => Loss -0.341, Train_accy 100.00:  65%|██████▌   | 13/20 [03:09<01:22, 11.75s/it]
Task 10, Epoch 14/20 => Loss -0.251, Train_accy 90.00:  65%|██████▌   | 13/20 [03:09<01:22, 11.75s/it] 
Task 10, Epoch 14/20 => Loss -0.251, Train_accy 90.00:  70%|███████   | 14/20 [03:09<00:50,  8.34s/it]
Task 10, Epoch 15/20 => Loss -0.286, Train_accy 100.00, Test_accy 69.55:  70%|███████   | 14/20 [04:47<00:50,  8.34s/it]
Task 10, Epoch 15/20 => Loss -0.286, Train_accy 100.00, Test_accy 69.55:  75%|███████▌  | 15/20 [04:47<02:55, 35.14s/it]
Task 10, Epoch 16/20 => Loss -0.330, Train_accy 100.00:  75%|███████▌  | 15/20 [04:47<02:55, 35.14s/it]                 
Task 10, Epoch 16/20 => Loss -0.330, Train_accy 100.00:  80%|████████  | 16/20 [04:47<01:38, 24.72s/it]
Task 10, Epoch 17/20 => Loss -0.343, Train_accy 100.00:  80%|████████  | 16/20 [04:48<01:38, 24.72s/it]
Task 10, Epoch 17/20 => Loss -0.343, Train_accy 100.00:  85%|████████▌ | 17/20 [04:48<00:52, 17.46s/it]
Task 10, Epoch 18/20 => Loss -0.335, Train_accy 100.00:  85%|████████▌ | 17/20 [04:48<00:52, 17.46s/it]
Task 10, Epoch 18/20 => Loss -0.335, Train_accy 100.00:  90%|█████████ | 18/20 [04:48<00:24, 12.38s/it]
Task 10, Epoch 19/20 => Loss -0.344, Train_accy 100.00:  90%|█████████ | 18/20 [04:49<00:24, 12.38s/it]
Task 10, Epoch 19/20 => Loss -0.344, Train_accy 100.00:  95%|█████████▌| 19/20 [04:49<00:08,  8.83s/it]
Task 10, Epoch 20/20 => Loss -0.345, Train_accy 100.00, Test_accy 69.49:  95%|█████████▌| 19/20 [06:21<00:08,  8.83s/it]
Task 10, Epoch 20/20 => Loss -0.345, Train_accy 100.00, Test_accy 69.49: 100%|██████████| 20/20 [06:21<00:00, 33.86s/it]
Task 10, Epoch 20/20 => Loss -0.345, Train_accy 100.00, Test_accy 69.49: 100%|██████████| 20/20 [06:21<00:00, 19.08s/it]
2025-12-14 17:46:18,127 [l2p.py] => Task 10, Epoch 20/20 => Loss -0.345, Train_accy 100.00, Test_accy 69.49
2025-12-14 17:47:58,471 [trainer.py] => CNN: {'total': 69.49, '00-59': 92.65, '60-61': 0.0, '62-63': 0.0, '64-65': 0.0, '66-67': 0.0, '68-69': 0.0, '70-71': 0.0, '72-73': 0.0, '74-75': 0.0, '76-77': 0.0, '78-79': 0.0, '80-81': 80.0, '82-83': 90.0, '84-85': 100.0, '86-87': 100.0, '88-89': 90.0, '90-91': 80.0, '92-93': 70.0, '94-95': 90.0, '96-97': 100.0, '98-99': 90.0, 'old': 71.27, 'new': 0.0}
2025-12-14 17:47:58,471 [trainer.py] => CNN top1 curve: [93.25, 90.11, 87.25, 84.55, 82.16, 79.7, 77.44, 75.39, 73.33, 71.36, 69.49]
2025-12-14 17:47:58,472 [trainer.py] => Average Accuracy (CNN): 80.37 

2025-12-14 17:47:58,474 [trainer.py] => All params: 171893193
2025-12-14 17:47:58,476 [trainer.py] => Trainable params: 199781
2025-12-14 17:47:58,476 [l2p.py] => Learning on 80-82

  0%|          | 0/20 [00:00<?, ?it/s]
Task 11, Epoch 1/20 => Loss 0.315, Train_accy 70.00:   0%|          | 0/20 [00:00<?, ?it/s]
Task 11, Epoch 1/20 => Loss 0.315, Train_accy 70.00:   5%|▌         | 1/20 [00:00<00:09,  1.90it/s]
Task 11, Epoch 2/20 => Loss 0.065, Train_accy 80.00:   5%|▌         | 1/20 [00:01<00:09,  1.90it/s]
Task 11, Epoch 2/20 => Loss 0.065, Train_accy 80.00:  10%|█         | 2/20 [00:01<00:09,  1.83it/s]
Task 11, Epoch 3/20 => Loss 0.009, Train_accy 90.00:  10%|█         | 2/20 [00:01<00:09,  1.83it/s]
Task 11, Epoch 3/20 => Loss 0.009, Train_accy 90.00:  15%|█▌        | 3/20 [00:01<00:09,  1.77it/s]
Task 11, Epoch 4/20 => Loss -0.112, Train_accy 90.00:  15%|█▌        | 3/20 [00:02<00:09,  1.77it/s]
Task 11, Epoch 4/20 => Loss -0.112, Train_accy 90.00:  20%|██        | 4/20 [00:02<00:08,  1.80it/s]
Task 11, Epoch 5/20 => Loss -0.247, Train_accy 100.00, Test_accy 67.79:  20%|██        | 4/20 [01:34<00:08,  1.80it/s]
Task 11, Epoch 5/20 => Loss -0.247, Train_accy 100.00, Test_accy 67.79:  25%|██▌       | 5/20 [01:34<08:23, 33.60s/it]
Task 11, Epoch 6/20 => Loss -0.270, Train_accy 100.00:  25%|██▌       | 5/20 [01:34<08:23, 33.60s/it]                 
Task 11, Epoch 6/20 => Loss -0.270, Train_accy 100.00:  30%|███       | 6/20 [01:34<05:13, 22.36s/it]
Task 11, Epoch 7/20 => Loss -0.275, Train_accy 100.00:  30%|███       | 6/20 [01:35<05:13, 22.36s/it]
Task 11, Epoch 7/20 => Loss -0.275, Train_accy 100.00:  35%|███▌      | 7/20 [01:35<03:18, 15.24s/it]
Task 11, Epoch 8/20 => Loss -0.306, Train_accy 100.00:  35%|███▌      | 7/20 [01:36<03:18, 15.24s/it]
Task 11, Epoch 8/20 => Loss -0.306, Train_accy 100.00:  40%|████      | 8/20 [01:36<02:06, 10.55s/it]
Task 11, Epoch 9/20 => Loss -0.284, Train_accy 100.00:  40%|████      | 8/20 [01:36<02:06, 10.55s/it]
Task 11, Epoch 9/20 => Loss -0.284, Train_accy 100.00:  45%|████▌     | 9/20 [01:36<01:21,  7.43s/it]
Task 11, Epoch 10/20 => Loss -0.172, Train_accy 90.00, Test_accy 67.77:  45%|████▌     | 9/20 [03:16<01:21,  7.43s/it]
Task 11, Epoch 10/20 => Loss -0.172, Train_accy 90.00, Test_accy 67.77:  50%|█████     | 10/20 [03:16<05:59, 35.99s/it]
Task 11, Epoch 11/20 => Loss -0.246, Train_accy 90.00:  50%|█████     | 10/20 [03:17<05:59, 35.99s/it]                 
Task 11, Epoch 11/20 => Loss -0.246, Train_accy 90.00:  55%|█████▌    | 11/20 [03:17<03:46, 25.15s/it]
Task 11, Epoch 12/20 => Loss -0.312, Train_accy 100.00:  55%|█████▌    | 11/20 [03:17<03:46, 25.15s/it]
Task 11, Epoch 12/20 => Loss -0.312, Train_accy 100.00:  60%|██████    | 12/20 [03:17<02:21, 17.67s/it]
Task 11, Epoch 13/20 => Loss -0.321, Train_accy 100.00:  60%|██████    | 12/20 [03:18<02:21, 17.67s/it]
Task 11, Epoch 13/20 => Loss -0.321, Train_accy 100.00:  65%|██████▌   | 13/20 [03:18<01:27, 12.50s/it]
Task 11, Epoch 14/20 => Loss -0.317, Train_accy 100.00:  65%|██████▌   | 13/20 [03:18<01:27, 12.50s/it]
Task 11, Epoch 14/20 => Loss -0.317, Train_accy 100.00:  70%|███████   | 14/20 [03:18<00:53,  8.89s/it]
Task 11, Epoch 15/20 => Loss -0.221, Train_accy 90.00, Test_accy 67.74:  70%|███████   | 14/20 [04:53<00:53,  8.89s/it]
Task 11, Epoch 15/20 => Loss -0.221, Train_accy 90.00, Test_accy 67.74:  75%|███████▌  | 15/20 [04:53<02:53, 34.69s/it]
Task 11, Epoch 16/20 => Loss -0.340, Train_accy 100.00:  75%|███████▌  | 15/20 [04:53<02:53, 34.69s/it]                
Task 11, Epoch 16/20 => Loss -0.340, Train_accy 100.00:  80%|████████  | 16/20 [04:53<01:37, 24.41s/it]
Task 11, Epoch 17/20 => Loss -0.300, Train_accy 100.00:  80%|████████  | 16/20 [04:54<01:37, 24.41s/it]
Task 11, Epoch 17/20 => Loss -0.300, Train_accy 100.00:  85%|████████▌ | 17/20 [04:54<00:51, 17.23s/it]
Task 11, Epoch 18/20 => Loss -0.323, Train_accy 100.00:  85%|████████▌ | 17/20 [04:54<00:51, 17.23s/it]
Task 11, Epoch 18/20 => Loss -0.323, Train_accy 100.00:  90%|█████████ | 18/20 [04:54<00:24, 12.21s/it]
Task 11, Epoch 19/20 => Loss -0.318, Train_accy 100.00:  90%|█████████ | 18/20 [04:55<00:24, 12.21s/it]
Task 11, Epoch 19/20 => Loss -0.318, Train_accy 100.00:  95%|█████████▌| 19/20 [04:55<00:08,  8.71s/it]
Task 11, Epoch 20/20 => Loss -0.325, Train_accy 100.00, Test_accy 67.72:  95%|█████████▌| 19/20 [06:30<00:08,  8.71s/it]
Task 11, Epoch 20/20 => Loss -0.325, Train_accy 100.00, Test_accy 67.72: 100%|██████████| 20/20 [06:30<00:00, 34.48s/it]
Task 11, Epoch 20/20 => Loss -0.325, Train_accy 100.00, Test_accy 67.72: 100%|██████████| 20/20 [06:30<00:00, 19.50s/it]
2025-12-14 17:54:28,528 [l2p.py] => Task 11, Epoch 20/20 => Loss -0.325, Train_accy 100.00, Test_accy 67.72
2025-12-14 17:56:11,000 [trainer.py] => CNN: {'total': 67.72, '00-59': 92.55, '60-61': 0.0, '62-63': 0.0, '64-65': 0.0, '66-67': 0.0, '68-69': 0.0, '70-71': 0.0, '72-73': 0.0, '74-75': 0.0, '76-77': 0.0, '78-79': 0.0, '80-81': 0.0, '82-83': 90.0, '84-85': 100.0, '86-87': 100.0, '88-89': 100.0, '90-91': 80.0, '92-93': 60.0, '94-95': 90.0, '96-97': 80.0, '98-99': 100.0, 'old': 69.41, 'new': 0.0}
2025-12-14 17:56:11,001 [trainer.py] => CNN top1 curve: [93.25, 90.11, 87.25, 84.55, 82.16, 79.7, 77.44, 75.39, 73.33, 71.36, 69.49, 67.72]
2025-12-14 17:56:11,001 [trainer.py] => Average Accuracy (CNN): 79.31 

2025-12-14 17:56:11,003 [trainer.py] => All params: 171893193
2025-12-14 17:56:11,005 [trainer.py] => Trainable params: 199781
2025-12-14 17:56:11,005 [l2p.py] => Learning on 82-84

  0%|          | 0/20 [00:00<?, ?it/s]
Task 12, Epoch 1/20 => Loss 0.533, Train_accy 50.00:   0%|          | 0/20 [00:00<?, ?it/s]
Task 12, Epoch 1/20 => Loss 0.533, Train_accy 50.00:   5%|▌         | 1/20 [00:00<00:10,  1.87it/s]
Task 12, Epoch 2/20 => Loss 0.170, Train_accy 80.00:   5%|▌         | 1/20 [00:01<00:10,  1.87it/s]
Task 12, Epoch 2/20 => Loss 0.170, Train_accy 80.00:  10%|█         | 2/20 [00:01<00:09,  1.92it/s]
Task 12, Epoch 3/20 => Loss -0.068, Train_accy 100.00:  10%|█         | 2/20 [00:01<00:09,  1.92it/s]
Task 12, Epoch 3/20 => Loss -0.068, Train_accy 100.00:  15%|█▌        | 3/20 [00:01<00:09,  1.85it/s]
Task 12, Epoch 4/20 => Loss 0.079, Train_accy 80.00:  15%|█▌        | 3/20 [00:02<00:09,  1.85it/s]  
Task 12, Epoch 4/20 => Loss 0.079, Train_accy 80.00:  20%|██        | 4/20 [00:02<00:08,  1.82it/s]
Task 12, Epoch 5/20 => Loss -0.219, Train_accy 100.00, Test_accy 66.14:  20%|██        | 4/20 [01:34<00:08,  1.82it/s]
Task 12, Epoch 5/20 => Loss -0.219, Train_accy 100.00, Test_accy 66.14:  25%|██▌       | 5/20 [01:34<08:22, 33.50s/it]
Task 12, Epoch 6/20 => Loss -0.243, Train_accy 100.00:  25%|██▌       | 5/20 [01:34<08:22, 33.50s/it]                 
Task 12, Epoch 6/20 => Loss -0.243, Train_accy 100.00:  30%|███       | 6/20 [01:34<05:11, 22.28s/it]
Task 12, Epoch 7/20 => Loss -0.193, Train_accy 100.00:  30%|███       | 6/20 [01:35<05:11, 22.28s/it]
Task 12, Epoch 7/20 => Loss -0.193, Train_accy 100.00:  35%|███▌      | 7/20 [01:35<03:17, 15.18s/it]
Task 12, Epoch 8/20 => Loss -0.233, Train_accy 100.00:  35%|███▌      | 7/20 [01:35<03:17, 15.18s/it]
Task 12, Epoch 8/20 => Loss -0.233, Train_accy 100.00:  40%|████      | 8/20 [01:35<02:06, 10.52s/it]
Task 12, Epoch 9/20 => Loss -0.252, Train_accy 100.00:  40%|████      | 8/20 [01:36<02:06, 10.52s/it]
Task 12, Epoch 9/20 => Loss -0.252, Train_accy 100.00:  45%|████▌     | 9/20 [01:36<01:21,  7.40s/it]
Task 12, Epoch 10/20 => Loss -0.210, Train_accy 90.00, Test_accy 66.19:  45%|████▌     | 9/20 [03:19<01:21,  7.40s/it]
Task 12, Epoch 10/20 => Loss -0.210, Train_accy 90.00, Test_accy 66.19:  50%|█████     | 10/20 [03:19<06:08, 36.84s/it]
Task 12, Epoch 11/20 => Loss -0.265, Train_accy 100.00:  50%|█████     | 10/20 [03:19<06:08, 36.84s/it]                
Task 12, Epoch 11/20 => Loss -0.265, Train_accy 100.00:  55%|█████▌    | 11/20 [03:19<03:51, 25.76s/it]
Task 12, Epoch 12/20 => Loss -0.183, Train_accy 100.00:  55%|█████▌    | 11/20 [03:20<03:51, 25.76s/it]
Task 12, Epoch 12/20 => Loss -0.183, Train_accy 100.00:  60%|██████    | 12/20 [03:20<02:24, 18.10s/it]
Task 12, Epoch 13/20 => Loss -0.297, Train_accy 100.00:  60%|██████    | 12/20 [03:20<02:24, 18.10s/it]
Task 12, Epoch 13/20 => Loss -0.297, Train_accy 100.00:  65%|██████▌   | 13/20 [03:20<01:29, 12.79s/it]
Task 12, Epoch 14/20 => Loss -0.325, Train_accy 100.00:  65%|██████▌   | 13/20 [03:21<01:29, 12.79s/it]
Task 12, Epoch 14/20 => Loss -0.325, Train_accy 100.00:  70%|███████   | 14/20 [03:21<00:54,  9.10s/it]
Task 12, Epoch 15/20 => Loss -0.225, Train_accy 90.00, Test_accy 66.18:  70%|███████   | 14/20 [05:04<00:54,  9.10s/it]
Task 12, Epoch 15/20 => Loss -0.225, Train_accy 90.00, Test_accy 66.18:  75%|███████▌  | 15/20 [05:04<03:06, 37.35s/it]
Task 12, Epoch 16/20 => Loss -0.136, Train_accy 90.00:  75%|███████▌  | 15/20 [05:04<03:06, 37.35s/it]                 
Task 12, Epoch 16/20 => Loss -0.136, Train_accy 90.00:  80%|████████  | 16/20 [05:04<01:45, 26.28s/it]
Task 12, Epoch 17/20 => Loss -0.316, Train_accy 100.00:  80%|████████  | 16/20 [05:05<01:45, 26.28s/it]
Task 12, Epoch 17/20 => Loss -0.316, Train_accy 100.00:  85%|████████▌ | 17/20 [05:05<00:55, 18.55s/it]
Task 12, Epoch 18/20 => Loss -0.269, Train_accy 100.00:  85%|████████▌ | 17/20 [05:05<00:55, 18.55s/it]
Task 12, Epoch 18/20 => Loss -0.269, Train_accy 100.00:  90%|█████████ | 18/20 [05:05<00:26, 13.14s/it]
Task 12, Epoch 19/20 => Loss -0.311, Train_accy 100.00:  90%|█████████ | 18/20 [05:06<00:26, 13.14s/it]
Task 12, Epoch 19/20 => Loss -0.311, Train_accy 100.00:  95%|█████████▌| 19/20 [05:06<00:09,  9.36s/it]
Task 12, Epoch 20/20 => Loss -0.164, Train_accy 90.00, Test_accy 66.17:  95%|█████████▌| 19/20 [06:49<00:09,  9.36s/it]
Task 12, Epoch 20/20 => Loss -0.164, Train_accy 90.00, Test_accy 66.17: 100%|██████████| 20/20 [06:49<00:00, 37.51s/it]
Task 12, Epoch 20/20 => Loss -0.164, Train_accy 90.00, Test_accy 66.17: 100%|██████████| 20/20 [06:49<00:00, 20.48s/it]
2025-12-14 18:03:00,586 [l2p.py] => Task 12, Epoch 20/20 => Loss -0.164, Train_accy 90.00, Test_accy 66.17
2025-12-14 18:04:45,303 [trainer.py] => CNN: {'total': 66.17, '00-59': 92.63, '60-61': 0.0, '62-63': 0.0, '64-65': 0.0, '66-67': 0.0, '68-69': 0.0, '70-71': 0.0, '72-73': 0.0, '74-75': 0.0, '76-77': 0.0, '78-79': 0.0, '80-81': 0.0, '82-83': 0.0, '84-85': 100.0, '86-87': 90.0, '88-89': 100.0, '90-91': 90.0, '92-93': 100.0, '94-95': 100.0, '96-97': 100.0, '98-99': 90.0, 'old': 67.78, 'new': 0.0}
2025-12-14 18:04:45,303 [trainer.py] => CNN top1 curve: [93.25, 90.11, 87.25, 84.55, 82.16, 79.7, 77.44, 75.39, 73.33, 71.36, 69.49, 67.72, 66.17]
2025-12-14 18:04:45,303 [trainer.py] => Average Accuracy (CNN): 78.3 

2025-12-14 18:04:45,304 [trainer.py] => All params: 171893193
2025-12-14 18:04:45,305 [trainer.py] => Trainable params: 199781
2025-12-14 18:04:45,305 [l2p.py] => Learning on 84-86

  0%|          | 0/20 [00:00<?, ?it/s]
Task 13, Epoch 1/20 => Loss 0.339, Train_accy 70.00:   0%|          | 0/20 [00:00<?, ?it/s]
Task 13, Epoch 1/20 => Loss 0.339, Train_accy 70.00:   5%|▌         | 1/20 [00:00<00:10,  1.75it/s]
Task 13, Epoch 2/20 => Loss 0.063, Train_accy 90.00:   5%|▌         | 1/20 [00:01<00:10,  1.75it/s]
Task 13, Epoch 2/20 => Loss 0.063, Train_accy 90.00:  10%|█         | 2/20 [00:01<00:10,  1.77it/s]
Task 13, Epoch 3/20 => Loss -0.009, Train_accy 80.00:  10%|█         | 2/20 [00:01<00:10,  1.77it/s]
Task 13, Epoch 3/20 => Loss -0.009, Train_accy 80.00:  15%|█▌        | 3/20 [00:01<00:09,  1.82it/s]
Task 13, Epoch 4/20 => Loss -0.186, Train_accy 100.00:  15%|█▌        | 3/20 [00:02<00:09,  1.82it/s]
Task 13, Epoch 4/20 => Loss -0.186, Train_accy 100.00:  20%|██        | 4/20 [00:02<00:08,  1.78it/s]
Task 13, Epoch 5/20 => Loss -0.230, Train_accy 100.00, Test_accy 64.59:  20%|██        | 4/20 [01:46<00:08,  1.78it/s]
Task 13, Epoch 5/20 => Loss -0.230, Train_accy 100.00, Test_accy 64.59:  25%|██▌       | 5/20 [01:46<09:29, 38.00s/it]
Task 13, Epoch 6/20 => Loss -0.279, Train_accy 100.00:  25%|██▌       | 5/20 [01:47<09:29, 38.00s/it]                 
Task 13, Epoch 6/20 => Loss -0.279, Train_accy 100.00:  30%|███       | 6/20 [01:47<05:53, 25.25s/it]
Task 13, Epoch 7/20 => Loss -0.277, Train_accy 100.00:  30%|███       | 6/20 [01:47<05:53, 25.25s/it]
Task 13, Epoch 7/20 => Loss -0.277, Train_accy 100.00:  35%|███▌      | 7/20 [01:47<03:43, 17.17s/it]
Task 13, Epoch 8/20 => Loss -0.244, Train_accy 100.00:  35%|███▌      | 7/20 [01:48<03:43, 17.17s/it]
Task 13, Epoch 8/20 => Loss -0.244, Train_accy 100.00:  40%|████      | 8/20 [01:48<02:22, 11.88s/it]
Task 13, Epoch 9/20 => Loss -0.296, Train_accy 100.00:  40%|████      | 8/20 [01:48<02:22, 11.88s/it]
Task 13, Epoch 9/20 => Loss -0.296, Train_accy 100.00:  45%|████▌     | 9/20 [01:48<01:31,  8.34s/it]
Task 13, Epoch 10/20 => Loss -0.205, Train_accy 90.00, Test_accy 64.56:  45%|████▌     | 9/20 [03:33<01:31,  8.34s/it]
Task 13, Epoch 10/20 => Loss -0.205, Train_accy 90.00, Test_accy 64.56:  50%|█████     | 10/20 [03:33<06:21, 38.11s/it]
Task 13, Epoch 11/20 => Loss -0.320, Train_accy 100.00:  50%|█████     | 10/20 [03:34<06:21, 38.11s/it]                
Task 13, Epoch 11/20 => Loss -0.320, Train_accy 100.00:  55%|█████▌    | 11/20 [03:34<03:59, 26.62s/it]
Task 13, Epoch 12/20 => Loss -0.312, Train_accy 100.00:  55%|█████▌    | 11/20 [03:34<03:59, 26.62s/it]
Task 13, Epoch 12/20 => Loss -0.312, Train_accy 100.00:  60%|██████    | 12/20 [03:34<02:29, 18.70s/it]
Task 13, Epoch 13/20 => Loss -0.302, Train_accy 100.00:  60%|██████    | 12/20 [03:35<02:29, 18.70s/it]
Task 13, Epoch 13/20 => Loss -0.302, Train_accy 100.00:  65%|██████▌   | 13/20 [03:35<01:32, 13.20s/it]
Task 13, Epoch 14/20 => Loss -0.303, Train_accy 100.00:  65%|██████▌   | 13/20 [03:35<01:32, 13.20s/it]
Task 13, Epoch 14/20 => Loss -0.303, Train_accy 100.00:  70%|███████   | 14/20 [03:35<00:56,  9.39s/it]
Task 13, Epoch 15/20 => Loss -0.240, Train_accy 90.00, Test_accy 64.57:  70%|███████   | 14/20 [05:20<00:56,  9.39s/it]
Task 13, Epoch 15/20 => Loss -0.240, Train_accy 90.00, Test_accy 64.57:  75%|███████▌  | 15/20 [05:20<03:10, 38.08s/it]
Task 13, Epoch 16/20 => Loss -0.312, Train_accy 100.00:  75%|███████▌  | 15/20 [05:20<03:10, 38.08s/it]                
Task 13, Epoch 16/20 => Loss -0.312, Train_accy 100.00:  80%|████████  | 16/20 [05:20<01:47, 26.79s/it]
Task 13, Epoch 17/20 => Loss -0.298, Train_accy 100.00:  80%|████████  | 16/20 [05:21<01:47, 26.79s/it]
Task 13, Epoch 17/20 => Loss -0.298, Train_accy 100.00:  85%|████████▌ | 17/20 [05:21<00:56, 18.93s/it]
Task 13, Epoch 18/20 => Loss -0.100, Train_accy 90.00:  85%|████████▌ | 17/20 [05:22<00:56, 18.93s/it] 
Task 13, Epoch 18/20 => Loss -0.100, Train_accy 90.00:  90%|█████████ | 18/20 [05:22<00:26, 13.41s/it]
Task 13, Epoch 19/20 => Loss -0.180, Train_accy 90.00:  90%|█████████ | 18/20 [05:22<00:26, 13.41s/it]
Task 13, Epoch 19/20 => Loss -0.180, Train_accy 90.00:  95%|█████████▌| 19/20 [05:22<00:09,  9.56s/it]
Task 13, Epoch 20/20 => Loss -0.316, Train_accy 100.00, Test_accy 64.58:  95%|█████████▌| 19/20 [07:07<00:09,  9.56s/it]
Task 13, Epoch 20/20 => Loss -0.316, Train_accy 100.00, Test_accy 64.58: 100%|██████████| 20/20 [07:07<00:00, 38.00s/it]
Task 13, Epoch 20/20 => Loss -0.316, Train_accy 100.00, Test_accy 64.58: 100%|██████████| 20/20 [07:07<00:00, 21.35s/it]
2025-12-14 18:11:52,361 [l2p.py] => Task 13, Epoch 20/20 => Loss -0.316, Train_accy 100.00, Test_accy 64.58
2025-12-14 18:13:38,157 [trainer.py] => CNN: {'total': 64.58, '00-59': 92.57, '60-61': 0.0, '62-63': 0.0, '64-65': 0.0, '66-67': 0.0, '68-69': 0.0, '70-71': 0.0, '72-73': 0.0, '74-75': 0.0, '76-77': 0.0, '78-79': 0.0, '80-81': 0.0, '82-83': 0.0, '84-85': 0.0, '86-87': 100.0, '88-89': 100.0, '90-91': 80.0, '92-93': 100.0, '94-95': 90.0, '96-97': 80.0, '98-99': 90.0, 'old': 66.12, 'new': 0.0}
2025-12-14 18:13:38,158 [trainer.py] => CNN top1 curve: [93.25, 90.11, 87.25, 84.55, 82.16, 79.7, 77.44, 75.39, 73.33, 71.36, 69.49, 67.72, 66.17, 64.58]
2025-12-14 18:13:38,158 [trainer.py] => Average Accuracy (CNN): 77.32 

2025-12-14 18:13:38,160 [trainer.py] => All params: 171893193
2025-12-14 18:13:38,162 [trainer.py] => Trainable params: 199781
2025-12-14 18:13:38,163 [l2p.py] => Learning on 86-88

  0%|          | 0/20 [00:00<?, ?it/s]
Task 14, Epoch 1/20 => Loss 0.719, Train_accy 40.00:   0%|          | 0/20 [00:00<?, ?it/s]
Task 14, Epoch 1/20 => Loss 0.719, Train_accy 40.00:   5%|▌         | 1/20 [00:00<00:10,  1.73it/s]
Task 14, Epoch 2/20 => Loss 0.302, Train_accy 70.00:   5%|▌         | 1/20 [00:01<00:10,  1.73it/s]
Task 14, Epoch 2/20 => Loss 0.302, Train_accy 70.00:  10%|█         | 2/20 [00:01<00:10,  1.73it/s]
Task 14, Epoch 3/20 => Loss 0.044, Train_accy 80.00:  10%|█         | 2/20 [00:01<00:10,  1.73it/s]
Task 14, Epoch 3/20 => Loss 0.044, Train_accy 80.00:  15%|█▌        | 3/20 [00:01<00:09,  1.72it/s]
Task 14, Epoch 4/20 => Loss -0.153, Train_accy 100.00:  15%|█▌        | 3/20 [00:02<00:09,  1.72it/s]
Task 14, Epoch 4/20 => Loss -0.153, Train_accy 100.00:  20%|██        | 4/20 [00:02<00:09,  1.76it/s]
Task 14, Epoch 5/20 => Loss -0.095, Train_accy 90.00, Test_accy 63.18:  20%|██        | 4/20 [01:49<00:09,  1.76it/s]
Task 14, Epoch 5/20 => Loss -0.095, Train_accy 90.00, Test_accy 63.18:  25%|██▌       | 5/20 [01:49<09:44, 38.95s/it]
Task 14, Epoch 6/20 => Loss -0.291, Train_accy 100.00:  25%|██▌       | 5/20 [01:49<09:44, 38.95s/it]                
Task 14, Epoch 6/20 => Loss -0.291, Train_accy 100.00:  30%|███       | 6/20 [01:49<06:02, 25.90s/it]
Task 14, Epoch 7/20 => Loss -0.309, Train_accy 100.00:  30%|███       | 6/20 [01:50<06:02, 25.90s/it]
Task 14, Epoch 7/20 => Loss -0.309, Train_accy 100.00:  35%|███▌      | 7/20 [01:50<03:49, 17.63s/it]
Task 14, Epoch 8/20 => Loss -0.273, Train_accy 100.00:  35%|███▌      | 7/20 [01:51<03:49, 17.63s/it]
Task 14, Epoch 8/20 => Loss -0.273, Train_accy 100.00:  40%|████      | 8/20 [01:51<02:26, 12.19s/it]
Task 14, Epoch 9/20 => Loss -0.311, Train_accy 100.00:  40%|████      | 8/20 [01:51<02:26, 12.19s/it]
Task 14, Epoch 9/20 => Loss -0.311, Train_accy 100.00:  45%|████▌     | 9/20 [01:51<01:34,  8.55s/it]
Task 14, Epoch 10/20 => Loss -0.318, Train_accy 100.00, Test_accy 63.20:  45%|████▌     | 9/20 [03:38<01:34,  8.55s/it]
Task 14, Epoch 10/20 => Loss -0.318, Train_accy 100.00, Test_accy 63.20:  50%|█████     | 10/20 [03:38<06:28, 38.84s/it]
Task 14, Epoch 11/20 => Loss -0.342, Train_accy 100.00:  50%|█████     | 10/20 [03:38<06:28, 38.84s/it]                 
Task 14, Epoch 11/20 => Loss -0.342, Train_accy 100.00:  55%|█████▌    | 11/20 [03:38<04:04, 27.12s/it]
Task 14, Epoch 12/20 => Loss -0.323, Train_accy 100.00:  55%|█████▌    | 11/20 [03:39<04:04, 27.12s/it]
Task 14, Epoch 12/20 => Loss -0.323, Train_accy 100.00:  60%|██████    | 12/20 [03:39<02:32, 19.03s/it]
Task 14, Epoch 13/20 => Loss -0.318, Train_accy 100.00:  60%|██████    | 12/20 [03:39<02:32, 19.03s/it]
Task 14, Epoch 13/20 => Loss -0.318, Train_accy 100.00:  65%|██████▌   | 13/20 [03:39<01:33, 13.43s/it]
Task 14, Epoch 14/20 => Loss -0.324, Train_accy 100.00:  65%|██████▌   | 13/20 [03:40<01:33, 13.43s/it]
Task 14, Epoch 14/20 => Loss -0.324, Train_accy 100.00:  70%|███████   | 14/20 [03:40<00:57,  9.55s/it]
Task 14, Epoch 15/20 => Loss -0.246, Train_accy 90.00, Test_accy 63.17:  70%|███████   | 14/20 [05:27<00:57,  9.55s/it]
Task 14, Epoch 15/20 => Loss -0.246, Train_accy 90.00, Test_accy 63.17:  75%|███████▌  | 15/20 [05:27<03:14, 38.86s/it]
Task 14, Epoch 16/20 => Loss -0.339, Train_accy 100.00:  75%|███████▌  | 15/20 [05:27<03:14, 38.86s/it]                
Task 14, Epoch 16/20 => Loss -0.339, Train_accy 100.00:  80%|████████  | 16/20 [05:27<01:49, 27.35s/it]
Task 14, Epoch 17/20 => Loss -0.345, Train_accy 100.00:  80%|████████  | 16/20 [05:28<01:49, 27.35s/it]
Task 14, Epoch 17/20 => Loss -0.345, Train_accy 100.00:  85%|████████▌ | 17/20 [05:28<00:57, 19.27s/it]
Task 14, Epoch 18/20 => Loss -0.340, Train_accy 100.00:  85%|████████▌ | 17/20 [05:28<00:57, 19.27s/it]
Task 14, Epoch 18/20 => Loss -0.340, Train_accy 100.00:  90%|█████████ | 18/20 [05:28<00:27, 13.65s/it]
Task 14, Epoch 19/20 => Loss -0.165, Train_accy 90.00:  90%|█████████ | 18/20 [05:29<00:27, 13.65s/it] 
Task 14, Epoch 19/20 => Loss -0.165, Train_accy 90.00:  95%|█████████▌| 19/20 [05:29<00:09,  9.71s/it]
Task 14, Epoch 20/20 => Loss -0.339, Train_accy 100.00, Test_accy 63.16:  95%|█████████▌| 19/20 [07:15<00:09,  9.71s/it]
Task 14, Epoch 20/20 => Loss -0.339, Train_accy 100.00, Test_accy 63.16: 100%|██████████| 20/20 [07:15<00:00, 38.73s/it]
Task 14, Epoch 20/20 => Loss -0.339, Train_accy 100.00, Test_accy 63.16: 100%|██████████| 20/20 [07:15<00:00, 21.79s/it]
2025-12-14 18:20:53,967 [l2p.py] => Task 14, Epoch 20/20 => Loss -0.339, Train_accy 100.00, Test_accy 63.16
2025-12-14 18:22:42,397 [trainer.py] => CNN: {'total': 63.16, '00-59': 92.62, '60-61': 0.0, '62-63': 0.0, '64-65': 0.0, '66-67': 0.0, '68-69': 0.0, '70-71': 0.0, '72-73': 0.0, '74-75': 0.0, '76-77': 0.0, '78-79': 0.0, '80-81': 0.5, '82-83': 0.0, '84-85': 0.0, '86-87': 0.0, '88-89': 90.0, '90-91': 70.0, '92-93': 90.0, '94-95': 100.0, '96-97': 100.0, '98-99': 100.0, 'old': 64.63, 'new': 0.0}
2025-12-14 18:22:42,398 [trainer.py] => CNN top1 curve: [93.25, 90.11, 87.25, 84.55, 82.16, 79.7, 77.44, 75.39, 73.33, 71.36, 69.49, 67.72, 66.17, 64.58, 63.16]
2025-12-14 18:22:42,398 [trainer.py] => Average Accuracy (CNN): 76.38 

2025-12-14 18:22:42,401 [trainer.py] => All params: 171893193
2025-12-14 18:22:42,404 [trainer.py] => Trainable params: 199781
2025-12-14 18:22:42,404 [l2p.py] => Learning on 88-90

  0%|          | 0/20 [00:00<?, ?it/s]
Task 15, Epoch 1/20 => Loss 0.735, Train_accy 30.00:   0%|          | 0/20 [00:00<?, ?it/s]
Task 15, Epoch 1/20 => Loss 0.735, Train_accy 30.00:   5%|▌         | 1/20 [00:00<00:10,  1.84it/s]
Task 15, Epoch 2/20 => Loss 0.148, Train_accy 90.00:   5%|▌         | 1/20 [00:01<00:10,  1.84it/s]
Task 15, Epoch 2/20 => Loss 0.148, Train_accy 90.00:  10%|█         | 2/20 [00:01<00:09,  1.84it/s]
Task 15, Epoch 3/20 => Loss -0.142, Train_accy 100.00:  10%|█         | 2/20 [00:01<00:09,  1.84it/s]
Task 15, Epoch 3/20 => Loss -0.142, Train_accy 100.00:  15%|█▌        | 3/20 [00:01<00:09,  1.82it/s]
Task 15, Epoch 4/20 => Loss -0.159, Train_accy 100.00:  15%|█▌        | 3/20 [00:02<00:09,  1.82it/s]
Task 15, Epoch 4/20 => Loss -0.159, Train_accy 100.00:  20%|██        | 4/20 [00:02<00:08,  1.80it/s]
Task 15, Epoch 5/20 => Loss -0.253, Train_accy 100.00, Test_accy 61.77:  20%|██        | 4/20 [01:51<00:08,  1.80it/s]
Task 15, Epoch 5/20 => Loss -0.253, Train_accy 100.00, Test_accy 61.77:  25%|██▌       | 5/20 [01:51<09:56, 39.74s/it]
Task 15, Epoch 6/20 => Loss -0.201, Train_accy 90.00:  25%|██▌       | 5/20 [01:51<09:56, 39.74s/it]                  
Task 15, Epoch 6/20 => Loss -0.201, Train_accy 90.00:  30%|███       | 6/20 [01:51<06:09, 26.40s/it]
Task 15, Epoch 7/20 => Loss -0.277, Train_accy 100.00:  30%|███       | 6/20 [01:52<06:09, 26.40s/it]
Task 15, Epoch 7/20 => Loss -0.277, Train_accy 100.00:  35%|███▌      | 7/20 [01:52<03:53, 17.94s/it]
Task 15, Epoch 8/20 => Loss -0.295, Train_accy 100.00:  35%|███▌      | 7/20 [01:52<03:53, 17.94s/it]
Task 15, Epoch 8/20 => Loss -0.295, Train_accy 100.00:  40%|████      | 8/20 [01:52<02:28, 12.40s/it]
Task 15, Epoch 9/20 => Loss -0.278, Train_accy 100.00:  40%|████      | 8/20 [01:53<02:28, 12.40s/it]
Task 15, Epoch 9/20 => Loss -0.278, Train_accy 100.00:  45%|████▌     | 9/20 [01:53<01:35,  8.69s/it]
Task 15, Epoch 10/20 => Loss -0.280, Train_accy 100.00, Test_accy 61.80:  45%|████▌     | 9/20 [03:42<01:35,  8.69s/it]
Task 15, Epoch 10/20 => Loss -0.280, Train_accy 100.00, Test_accy 61.80:  50%|█████     | 10/20 [03:42<06:36, 39.69s/it]
Task 15, Epoch 11/20 => Loss -0.293, Train_accy 100.00:  50%|█████     | 10/20 [03:43<06:36, 39.69s/it]                 
Task 15, Epoch 11/20 => Loss -0.293, Train_accy 100.00:  55%|█████▌    | 11/20 [03:43<04:09, 27.72s/it]
Task 15, Epoch 12/20 => Loss -0.300, Train_accy 100.00:  55%|█████▌    | 11/20 [03:43<04:09, 27.72s/it]
Task 15, Epoch 12/20 => Loss -0.300, Train_accy 100.00:  60%|██████    | 12/20 [03:43<02:35, 19.45s/it]
Task 15, Epoch 13/20 => Loss -0.235, Train_accy 100.00:  60%|██████    | 12/20 [03:44<02:35, 19.45s/it]
Task 15, Epoch 13/20 => Loss -0.235, Train_accy 100.00:  65%|██████▌   | 13/20 [03:44<01:36, 13.73s/it]
Task 15, Epoch 14/20 => Loss -0.315, Train_accy 100.00:  65%|██████▌   | 13/20 [03:44<01:36, 13.73s/it]
Task 15, Epoch 14/20 => Loss -0.315, Train_accy 100.00:  70%|███████   | 14/20 [03:44<00:58,  9.75s/it]
Task 15, Epoch 15/20 => Loss -0.310, Train_accy 100.00, Test_accy 61.81:  70%|███████   | 14/20 [05:33<00:58,  9.75s/it]
Task 15, Epoch 15/20 => Loss -0.310, Train_accy 100.00, Test_accy 61.81:  75%|███████▌  | 15/20 [05:33<03:18, 39.62s/it]
Task 15, Epoch 16/20 => Loss -0.311, Train_accy 100.00:  75%|███████▌  | 15/20 [05:34<03:18, 39.62s/it]                 
Task 15, Epoch 16/20 => Loss -0.311, Train_accy 100.00:  80%|████████  | 16/20 [05:34<01:51, 27.87s/it]
Task 15, Epoch 17/20 => Loss -0.304, Train_accy 100.00:  80%|████████  | 16/20 [05:34<01:51, 27.87s/it]
Task 15, Epoch 17/20 => Loss -0.304, Train_accy 100.00:  85%|████████▌ | 17/20 [05:34<00:58, 19.67s/it]
Task 15, Epoch 18/20 => Loss -0.313, Train_accy 100.00:  85%|████████▌ | 17/20 [05:35<00:58, 19.67s/it]
Task 15, Epoch 18/20 => Loss -0.313, Train_accy 100.00:  90%|█████████ | 18/20 [05:35<00:27, 13.93s/it]
Task 15, Epoch 19/20 => Loss -0.322, Train_accy 100.00:  90%|█████████ | 18/20 [05:36<00:27, 13.93s/it]
Task 15, Epoch 19/20 => Loss -0.322, Train_accy 100.00:  95%|█████████▌| 19/20 [05:36<00:09,  9.91s/it]
Task 15, Epoch 20/20 => Loss -0.320, Train_accy 100.00, Test_accy 61.80:  95%|█████████▌| 19/20 [07:25<00:09,  9.91s/it]
Task 15, Epoch 20/20 => Loss -0.320, Train_accy 100.00, Test_accy 61.80: 100%|██████████| 20/20 [07:25<00:00, 39.80s/it]
Task 15, Epoch 20/20 => Loss -0.320, Train_accy 100.00, Test_accy 61.80: 100%|██████████| 20/20 [07:25<00:00, 22.27s/it]
2025-12-14 18:30:07,907 [l2p.py] => Task 15, Epoch 20/20 => Loss -0.320, Train_accy 100.00, Test_accy 61.80
2025-12-14 18:31:58,744 [trainer.py] => CNN: {'total': 61.8, '00-59': 92.68, '60-61': 0.0, '62-63': 0.0, '64-65': 0.0, '66-67': 0.0, '68-69': 0.0, '70-71': 0.0, '72-73': 0.0, '74-75': 0.0, '76-77': 0.0, '78-79': 0.0, '80-81': 0.5, '82-83': 0.0, '84-85': 0.0, '86-87': 0.0, '88-89': 0.0, '90-91': 80.0, '92-93': 90.0, '94-95': 100.0, '96-97': 100.0, '98-99': 100.0, 'old': 63.2, 'new': 0.0}
2025-12-14 18:31:58,744 [trainer.py] => CNN top1 curve: [93.25, 90.11, 87.25, 84.55, 82.16, 79.7, 77.44, 75.39, 73.33, 71.36, 69.49, 67.72, 66.17, 64.58, 63.16, 61.8]
2025-12-14 18:31:58,744 [trainer.py] => Average Accuracy (CNN): 75.47 

2025-12-14 18:31:58,745 [trainer.py] => All params: 171893193
2025-12-14 18:31:58,746 [trainer.py] => Trainable params: 199781
2025-12-14 18:31:58,746 [l2p.py] => Learning on 90-92

  0%|          | 0/20 [00:00<?, ?it/s]
Task 16, Epoch 1/20 => Loss 0.496, Train_accy 60.00:   0%|          | 0/20 [00:00<?, ?it/s]
Task 16, Epoch 1/20 => Loss 0.496, Train_accy 60.00:   5%|▌         | 1/20 [00:00<00:09,  2.02it/s]
Task 16, Epoch 2/20 => Loss 0.176, Train_accy 80.00:   5%|▌         | 1/20 [00:01<00:09,  2.02it/s]
Task 16, Epoch 2/20 => Loss 0.176, Train_accy 80.00:  10%|█         | 2/20 [00:01<00:09,  1.85it/s]
Task 16, Epoch 3/20 => Loss -0.117, Train_accy 100.00:  10%|█         | 2/20 [00:01<00:09,  1.85it/s]
Task 16, Epoch 3/20 => Loss -0.117, Train_accy 100.00:  15%|█▌        | 3/20 [00:01<00:09,  1.87it/s]
Task 16, Epoch 4/20 => Loss -0.211, Train_accy 100.00:  15%|█▌        | 3/20 [00:02<00:09,  1.87it/s]
Task 16, Epoch 4/20 => Loss -0.211, Train_accy 100.00:  20%|██        | 4/20 [00:02<00:08,  1.85it/s]
Task 16, Epoch 5/20 => Loss -0.271, Train_accy 100.00, Test_accy 60.40:  20%|██        | 4/20 [01:53<00:08,  1.85it/s]
Task 16, Epoch 5/20 => Loss -0.271, Train_accy 100.00, Test_accy 60.40:  25%|██▌       | 5/20 [01:53<10:09, 40.60s/it]
Task 16, Epoch 6/20 => Loss -0.212, Train_accy 90.00:  25%|██▌       | 5/20 [01:54<10:09, 40.60s/it]                  
Task 16, Epoch 6/20 => Loss -0.212, Train_accy 90.00:  30%|███       | 6/20 [01:54<06:18, 27.00s/it]
Task 16, Epoch 7/20 => Loss -0.232, Train_accy 100.00:  30%|███       | 6/20 [01:54<06:18, 27.00s/it]
Task 16, Epoch 7/20 => Loss -0.232, Train_accy 100.00:  35%|███▌      | 7/20 [01:54<03:58, 18.37s/it]
Task 16, Epoch 8/20 => Loss -0.269, Train_accy 100.00:  35%|███▌      | 7/20 [01:55<03:58, 18.37s/it]
Task 16, Epoch 8/20 => Loss -0.269, Train_accy 100.00:  40%|████      | 8/20 [01:55<02:32, 12.70s/it]
Task 16, Epoch 9/20 => Loss -0.302, Train_accy 100.00:  40%|████      | 8/20 [01:56<02:32, 12.70s/it]
Task 16, Epoch 9/20 => Loss -0.302, Train_accy 100.00:  45%|████▌     | 9/20 [01:56<01:37,  8.89s/it]
Task 16, Epoch 10/20 => Loss -0.184, Train_accy 90.00, Test_accy 60.46:  45%|████▌     | 9/20 [03:47<01:37,  8.89s/it]
Task 16, Epoch 10/20 => Loss -0.184, Train_accy 90.00, Test_accy 60.46:  50%|█████     | 10/20 [03:47<06:44, 40.49s/it]
Task 16, Epoch 11/20 => Loss -0.291, Train_accy 100.00:  50%|█████     | 10/20 [03:47<06:44, 40.49s/it]                
Task 16, Epoch 11/20 => Loss -0.291, Train_accy 100.00:  55%|█████▌    | 11/20 [03:47<04:14, 28.27s/it]
Task 16, Epoch 12/20 => Loss -0.279, Train_accy 100.00:  55%|█████▌    | 11/20 [03:48<04:14, 28.27s/it]
Task 16, Epoch 12/20 => Loss -0.279, Train_accy 100.00:  60%|██████    | 12/20 [03:48<02:38, 19.84s/it]
Task 16, Epoch 13/20 => Loss -0.323, Train_accy 100.00:  60%|██████    | 12/20 [03:48<02:38, 19.84s/it]
Task 16, Epoch 13/20 => Loss -0.323, Train_accy 100.00:  65%|██████▌   | 13/20 [03:48<01:37, 13.99s/it]
Task 16, Epoch 14/20 => Loss -0.169, Train_accy 90.00:  65%|██████▌   | 13/20 [03:49<01:37, 13.99s/it] 
Task 16, Epoch 14/20 => Loss -0.169, Train_accy 90.00:  70%|███████   | 14/20 [03:49<00:59,  9.95s/it]
Task 16, Epoch 15/20 => Loss -0.311, Train_accy 100.00, Test_accy 60.41:  70%|███████   | 14/20 [05:41<00:59,  9.95s/it]
Task 16, Epoch 15/20 => Loss -0.311, Train_accy 100.00, Test_accy 60.41:  75%|███████▌  | 15/20 [05:41<03:23, 40.60s/it]
Task 16, Epoch 16/20 => Loss -0.323, Train_accy 100.00:  75%|███████▌  | 15/20 [05:41<03:23, 40.60s/it]                 
Task 16, Epoch 16/20 => Loss -0.323, Train_accy 100.00:  80%|████████  | 16/20 [05:41<01:54, 28.54s/it]
Task 16, Epoch 17/20 => Loss -0.331, Train_accy 100.00:  80%|████████  | 16/20 [05:42<01:54, 28.54s/it]
Task 16, Epoch 17/20 => Loss -0.331, Train_accy 100.00:  85%|████████▌ | 17/20 [05:42<01:00, 20.12s/it]
Task 16, Epoch 18/20 => Loss -0.316, Train_accy 100.00:  85%|████████▌ | 17/20 [05:42<01:00, 20.12s/it]
Task 16, Epoch 18/20 => Loss -0.316, Train_accy 100.00:  90%|█████████ | 18/20 [05:42<00:28, 14.24s/it]
Task 16, Epoch 19/20 => Loss -0.327, Train_accy 100.00:  90%|█████████ | 18/20 [05:43<00:28, 14.24s/it]
Task 16, Epoch 19/20 => Loss -0.327, Train_accy 100.00:  95%|█████████▌| 19/20 [05:43<00:10, 10.13s/it]
Task 16, Epoch 20/20 => Loss -0.326, Train_accy 100.00, Test_accy 60.37:  95%|█████████▌| 19/20 [07:34<00:10, 10.13s/it]
Task 16, Epoch 20/20 => Loss -0.326, Train_accy 100.00, Test_accy 60.37: 100%|██████████| 20/20 [07:34<00:00, 40.59s/it]
Task 16, Epoch 20/20 => Loss -0.326, Train_accy 100.00, Test_accy 60.37: 100%|██████████| 20/20 [07:34<00:00, 22.75s/it]
2025-12-14 18:39:33,749 [l2p.py] => Task 16, Epoch 20/20 => Loss -0.326, Train_accy 100.00, Test_accy 60.37
2025-12-14 18:41:26,669 [trainer.py] => CNN: {'total': 60.37, '00-59': 92.55, '60-61': 0.0, '62-63': 0.0, '64-65': 0.0, '66-67': 0.0, '68-69': 0.0, '70-71': 0.0, '72-73': 0.0, '74-75': 0.0, '76-77': 0.0, '78-79': 0.0, '80-81': 0.5, '82-83': 0.0, '84-85': 0.0, '86-87': 0.0, '88-89': 0.0, '90-91': 0.0, '92-93': 100.0, '94-95': 100.0, '96-97': 100.0, '98-99': 100.0, 'old': 61.71, 'new': 0.0}
2025-12-14 18:41:26,669 [trainer.py] => CNN top1 curve: [93.25, 90.11, 87.25, 84.55, 82.16, 79.7, 77.44, 75.39, 73.33, 71.36, 69.49, 67.72, 66.17, 64.58, 63.16, 61.8, 60.37]
2025-12-14 18:41:26,669 [trainer.py] => Average Accuracy (CNN): 74.58 

2025-12-14 18:41:26,671 [trainer.py] => All params: 171893193
2025-12-14 18:41:26,673 [trainer.py] => Trainable params: 199781
2025-12-14 18:41:26,673 [l2p.py] => Learning on 92-94

  0%|          | 0/20 [00:00<?, ?it/s]
Task 17, Epoch 1/20 => Loss 0.313, Train_accy 70.00:   0%|          | 0/20 [00:00<?, ?it/s]
Task 17, Epoch 1/20 => Loss 0.313, Train_accy 70.00:   5%|▌         | 1/20 [00:00<00:10,  1.81it/s]
Task 17, Epoch 2/20 => Loss 0.017, Train_accy 90.00:   5%|▌         | 1/20 [00:01<00:10,  1.81it/s]
Task 17, Epoch 2/20 => Loss 0.017, Train_accy 90.00:  10%|█         | 2/20 [00:01<00:09,  1.83it/s]
Task 17, Epoch 3/20 => Loss -0.139, Train_accy 100.00:  10%|█         | 2/20 [00:01<00:09,  1.83it/s]
Task 17, Epoch 3/20 => Loss -0.139, Train_accy 100.00:  15%|█▌        | 3/20 [00:01<00:09,  1.86it/s]
Task 17, Epoch 4/20 => Loss -0.231, Train_accy 100.00:  15%|█▌        | 3/20 [00:02<00:09,  1.86it/s]
Task 17, Epoch 4/20 => Loss -0.231, Train_accy 100.00:  20%|██        | 4/20 [00:02<00:08,  1.85it/s]
Task 17, Epoch 5/20 => Loss -0.246, Train_accy 100.00, Test_accy 59.07:  20%|██        | 4/20 [01:54<00:08,  1.85it/s]
Task 17, Epoch 5/20 => Loss -0.246, Train_accy 100.00, Test_accy 59.07:  25%|██▌       | 5/20 [01:54<10:14, 40.94s/it]
Task 17, Epoch 6/20 => Loss -0.273, Train_accy 100.00:  25%|██▌       | 5/20 [01:55<10:14, 40.94s/it]                 
Task 17, Epoch 6/20 => Loss -0.273, Train_accy 100.00:  30%|███       | 6/20 [01:55<06:20, 27.21s/it]
Task 17, Epoch 7/20 => Loss -0.279, Train_accy 100.00:  30%|███       | 6/20 [01:55<06:20, 27.21s/it]
Task 17, Epoch 7/20 => Loss -0.279, Train_accy 100.00:  35%|███▌      | 7/20 [01:55<04:00, 18.51s/it]
Task 17, Epoch 8/20 => Loss -0.273, Train_accy 100.00:  35%|███▌      | 7/20 [01:56<04:00, 18.51s/it]
Task 17, Epoch 8/20 => Loss -0.273, Train_accy 100.00:  40%|████      | 8/20 [01:56<02:33, 12.80s/it]
Task 17, Epoch 9/20 => Loss -0.177, Train_accy 90.00:  40%|████      | 8/20 [01:57<02:33, 12.80s/it] 
Task 17, Epoch 9/20 => Loss -0.177, Train_accy 90.00:  45%|████▌     | 9/20 [01:57<01:38,  8.98s/it]
Task 17, Epoch 10/20 => Loss -0.297, Train_accy 100.00, Test_accy 59.05:  45%|████▌     | 9/20 [03:51<01:38,  8.98s/it]
Task 17, Epoch 10/20 => Loss -0.297, Train_accy 100.00, Test_accy 59.05:  50%|█████     | 10/20 [03:51<06:55, 41.52s/it]
Task 17, Epoch 11/20 => Loss -0.276, Train_accy 100.00:  50%|█████     | 10/20 [03:51<06:55, 41.52s/it]                 
Task 17, Epoch 11/20 => Loss -0.276, Train_accy 100.00:  55%|█████▌    | 11/20 [03:51<04:20, 28.99s/it]
Task 17, Epoch 12/20 => Loss -0.305, Train_accy 100.00:  55%|█████▌    | 11/20 [03:52<04:20, 28.99s/it]
Task 17, Epoch 12/20 => Loss -0.305, Train_accy 100.00:  60%|██████    | 12/20 [03:52<02:42, 20.35s/it]
Task 17, Epoch 13/20 => Loss -0.287, Train_accy 100.00:  60%|██████    | 12/20 [03:53<02:42, 20.35s/it]
Task 17, Epoch 13/20 => Loss -0.287, Train_accy 100.00:  65%|██████▌   | 13/20 [03:53<01:40, 14.36s/it]
Task 17, Epoch 14/20 => Loss -0.273, Train_accy 100.00:  65%|██████▌   | 13/20 [03:53<01:40, 14.36s/it]
Task 17, Epoch 14/20 => Loss -0.273, Train_accy 100.00:  70%|███████   | 14/20 [03:53<01:01, 10.19s/it]
Task 17, Epoch 15/20 => Loss -0.307, Train_accy 100.00, Test_accy 59.06:  70%|███████   | 14/20 [05:47<01:01, 10.19s/it]
Task 17, Epoch 15/20 => Loss -0.307, Train_accy 100.00, Test_accy 59.06:  75%|███████▌  | 15/20 [05:47<03:27, 41.44s/it]
Task 17, Epoch 16/20 => Loss -0.310, Train_accy 100.00:  75%|███████▌  | 15/20 [05:48<03:27, 41.44s/it]                 
Task 17, Epoch 16/20 => Loss -0.310, Train_accy 100.00:  80%|████████  | 16/20 [05:48<01:56, 29.14s/it]
Task 17, Epoch 17/20 => Loss -0.305, Train_accy 100.00:  80%|████████  | 16/20 [05:48<01:56, 29.14s/it]
Task 17, Epoch 17/20 => Loss -0.305, Train_accy 100.00:  85%|████████▌ | 17/20 [05:48<01:01, 20.55s/it]
Task 17, Epoch 18/20 => Loss -0.296, Train_accy 100.00:  85%|████████▌ | 17/20 [05:49<01:01, 20.55s/it]
Task 17, Epoch 18/20 => Loss -0.296, Train_accy 100.00:  90%|█████████ | 18/20 [05:49<00:29, 14.54s/it]
Task 17, Epoch 19/20 => Loss -0.301, Train_accy 100.00:  90%|█████████ | 18/20 [05:49<00:29, 14.54s/it]
Task 17, Epoch 19/20 => Loss -0.301, Train_accy 100.00:  95%|█████████▌| 19/20 [05:49<00:10, 10.34s/it]
Task 17, Epoch 20/20 => Loss -0.314, Train_accy 100.00, Test_accy 59.07:  95%|█████████▌| 19/20 [07:43<00:10, 10.34s/it]
Task 17, Epoch 20/20 => Loss -0.314, Train_accy 100.00, Test_accy 59.07: 100%|██████████| 20/20 [07:43<00:00, 41.37s/it]
Task 17, Epoch 20/20 => Loss -0.314, Train_accy 100.00, Test_accy 59.07: 100%|██████████| 20/20 [07:43<00:00, 23.18s/it]
2025-12-14 18:49:10,230 [l2p.py] => Task 17, Epoch 20/20 => Loss -0.314, Train_accy 100.00, Test_accy 59.07
2025-12-14 18:51:04,181 [trainer.py] => CNN: {'total': 59.07, '00-59': 92.53, '60-61': 0.0, '62-63': 0.0, '64-65': 0.0, '66-67': 0.0, '68-69': 0.0, '70-71': 0.0, '72-73': 0.0, '74-75': 0.0, '76-77': 0.0, '78-79': 0.0, '80-81': 0.5, '82-83': 0.0, '84-85': 0.0, '86-87': 0.0, '88-89': 0.0, '90-91': 0.0, '92-93': 0.0, '94-95': 90.0, '96-97': 100.0, '98-99': 100.0, 'old': 60.36, 'new': 0.0}
2025-12-14 18:51:04,181 [trainer.py] => CNN top1 curve: [93.25, 90.11, 87.25, 84.55, 82.16, 79.7, 77.44, 75.39, 73.33, 71.36, 69.49, 67.72, 66.17, 64.58, 63.16, 61.8, 60.37, 59.07]
2025-12-14 18:51:04,182 [trainer.py] => Average Accuracy (CNN): 73.72 

2025-12-14 18:51:04,183 [trainer.py] => All params: 171893193
2025-12-14 18:51:04,184 [trainer.py] => Trainable params: 199781
2025-12-14 18:51:04,185 [l2p.py] => Learning on 94-96

  0%|          | 0/20 [00:00<?, ?it/s]
Task 18, Epoch 1/20 => Loss 0.266, Train_accy 60.00:   0%|          | 0/20 [00:00<?, ?it/s]
Task 18, Epoch 1/20 => Loss 0.266, Train_accy 60.00:   5%|▌         | 1/20 [00:00<00:11,  1.66it/s]
Task 18, Epoch 2/20 => Loss -0.029, Train_accy 100.00:   5%|▌         | 1/20 [00:01<00:11,  1.66it/s]
Task 18, Epoch 2/20 => Loss -0.029, Train_accy 100.00:  10%|█         | 2/20 [00:01<00:10,  1.75it/s]
Task 18, Epoch 3/20 => Loss -0.156, Train_accy 100.00:  10%|█         | 2/20 [00:01<00:10,  1.75it/s]
Task 18, Epoch 3/20 => Loss -0.156, Train_accy 100.00:  15%|█▌        | 3/20 [00:01<00:09,  1.77it/s]
Task 18, Epoch 4/20 => Loss -0.264, Train_accy 100.00:  15%|█▌        | 3/20 [00:02<00:09,  1.77it/s]
Task 18, Epoch 4/20 => Loss -0.264, Train_accy 100.00:  20%|██        | 4/20 [00:02<00:09,  1.77it/s]
Task 18, Epoch 5/20 => Loss -0.290, Train_accy 100.00, Test_accy 57.85:  20%|██        | 4/20 [01:58<00:09,  1.77it/s]
Task 18, Epoch 5/20 => Loss -0.290, Train_accy 100.00, Test_accy 57.85:  25%|██▌       | 5/20 [01:58<10:33, 42.20s/it]
Task 18, Epoch 6/20 => Loss -0.305, Train_accy 100.00:  25%|██▌       | 5/20 [01:58<10:33, 42.20s/it]                 
Task 18, Epoch 6/20 => Loss -0.305, Train_accy 100.00:  30%|███       | 6/20 [01:58<06:32, 28.04s/it]
Task 18, Epoch 7/20 => Loss -0.292, Train_accy 100.00:  30%|███       | 6/20 [01:59<06:32, 28.04s/it]
Task 18, Epoch 7/20 => Loss -0.292, Train_accy 100.00:  35%|███▌      | 7/20 [01:59<04:07, 19.06s/it]
Task 18, Epoch 8/20 => Loss -0.291, Train_accy 100.00:  35%|███▌      | 7/20 [02:00<04:07, 19.06s/it]
Task 18, Epoch 8/20 => Loss -0.291, Train_accy 100.00:  40%|████      | 8/20 [02:00<02:38, 13.18s/it]
Task 18, Epoch 9/20 => Loss -0.331, Train_accy 100.00:  40%|████      | 8/20 [02:00<02:38, 13.18s/it]
Task 18, Epoch 9/20 => Loss -0.331, Train_accy 100.00:  45%|████▌     | 9/20 [02:00<01:41,  9.26s/it]
Task 18, Epoch 10/20 => Loss -0.341, Train_accy 100.00, Test_accy 57.91:  45%|████▌     | 9/20 [03:56<01:41,  9.26s/it]
Task 18, Epoch 10/20 => Loss -0.341, Train_accy 100.00, Test_accy 57.91:  50%|█████     | 10/20 [03:56<07:02, 42.26s/it]
Task 18, Epoch 11/20 => Loss -0.290, Train_accy 100.00:  50%|█████     | 10/20 [03:57<07:02, 42.26s/it]                 
Task 18, Epoch 11/20 => Loss -0.290, Train_accy 100.00:  55%|█████▌    | 11/20 [03:57<04:25, 29.48s/it]
Task 18, Epoch 12/20 => Loss -0.339, Train_accy 100.00:  55%|█████▌    | 11/20 [03:57<04:25, 29.48s/it]
Task 18, Epoch 12/20 => Loss -0.339, Train_accy 100.00:  60%|██████    | 12/20 [03:57<02:45, 20.69s/it]
Task 18, Epoch 13/20 => Loss -0.346, Train_accy 100.00:  60%|██████    | 12/20 [03:58<02:45, 20.69s/it]
Task 18, Epoch 13/20 => Loss -0.346, Train_accy 100.00:  65%|██████▌   | 13/20 [03:58<01:42, 14.58s/it]
Task 18, Epoch 14/20 => Loss -0.336, Train_accy 100.00:  65%|██████▌   | 13/20 [03:58<01:42, 14.58s/it]
Task 18, Epoch 14/20 => Loss -0.336, Train_accy 100.00:  70%|███████   | 14/20 [03:58<01:02, 10.35s/it]
Task 18, Epoch 15/20 => Loss -0.343, Train_accy 100.00, Test_accy 57.94:  70%|███████   | 14/20 [05:54<01:02, 10.35s/it]
Task 18, Epoch 15/20 => Loss -0.343, Train_accy 100.00, Test_accy 57.94:  75%|███████▌  | 15/20 [05:54<03:30, 42.06s/it]
Task 18, Epoch 16/20 => Loss -0.342, Train_accy 100.00:  75%|███████▌  | 15/20 [05:55<03:30, 42.06s/it]                 
Task 18, Epoch 16/20 => Loss -0.342, Train_accy 100.00:  80%|████████  | 16/20 [05:55<01:58, 29.58s/it]
Task 18, Epoch 17/20 => Loss -0.343, Train_accy 100.00:  80%|████████  | 16/20 [05:55<01:58, 29.58s/it]
Task 18, Epoch 17/20 => Loss -0.343, Train_accy 100.00:  85%|████████▌ | 17/20 [05:55<01:02, 20.85s/it]
Task 18, Epoch 18/20 => Loss -0.355, Train_accy 100.00:  85%|████████▌ | 17/20 [05:56<01:02, 20.85s/it]
Task 18, Epoch 18/20 => Loss -0.355, Train_accy 100.00:  90%|█████████ | 18/20 [05:56<00:29, 14.77s/it]
Task 18, Epoch 19/20 => Loss -0.345, Train_accy 100.00:  90%|█████████ | 18/20 [05:56<00:29, 14.77s/it]
Task 18, Epoch 19/20 => Loss -0.345, Train_accy 100.00:  95%|█████████▌| 19/20 [05:56<00:10, 10.50s/it]
Task 18, Epoch 20/20 => Loss -0.349, Train_accy 100.00, Test_accy 57.91:  95%|█████████▌| 19/20 [07:53<00:10, 10.50s/it]
Task 18, Epoch 20/20 => Loss -0.349, Train_accy 100.00, Test_accy 57.91: 100%|██████████| 20/20 [07:53<00:00, 42.25s/it]
Task 18, Epoch 20/20 => Loss -0.349, Train_accy 100.00, Test_accy 57.91: 100%|██████████| 20/20 [07:53<00:00, 23.66s/it]
2025-12-14 18:58:57,345 [l2p.py] => Task 18, Epoch 20/20 => Loss -0.349, Train_accy 100.00, Test_accy 57.91
2025-12-14 19:00:54,318 [trainer.py] => CNN: {'total': 57.91, '00-59': 92.63, '60-61': 0.0, '62-63': 0.0, '64-65': 0.0, '66-67': 0.0, '68-69': 0.0, '70-71': 0.0, '72-73': 0.0, '74-75': 0.0, '76-77': 0.0, '78-79': 0.0, '80-81': 0.5, '82-83': 0.0, '84-85': 0.0, '86-87': 0.0, '88-89': 0.0, '90-91': 0.0, '92-93': 0.0, '94-95': 0.0, '96-97': 100.0, '98-99': 90.0, 'old': 59.14, 'new': 0.0}
2025-12-14 19:00:54,318 [trainer.py] => CNN top1 curve: [93.25, 90.11, 87.25, 84.55, 82.16, 79.7, 77.44, 75.39, 73.33, 71.36, 69.49, 67.72, 66.17, 64.58, 63.16, 61.8, 60.37, 59.07, 57.91]
2025-12-14 19:00:54,318 [trainer.py] => Average Accuracy (CNN): 72.88 

2025-12-14 19:00:54,320 [trainer.py] => All params: 171893193
2025-12-14 19:00:54,321 [trainer.py] => Trainable params: 199781
2025-12-14 19:00:54,321 [l2p.py] => Learning on 96-98

  0%|          | 0/20 [00:00<?, ?it/s]
Task 19, Epoch 1/20 => Loss 0.294, Train_accy 70.00:   0%|          | 0/20 [00:00<?, ?it/s]
Task 19, Epoch 1/20 => Loss 0.294, Train_accy 70.00:   5%|▌         | 1/20 [00:00<00:09,  1.99it/s]
Task 19, Epoch 2/20 => Loss -0.050, Train_accy 100.00:   5%|▌         | 1/20 [00:01<00:09,  1.99it/s]
Task 19, Epoch 2/20 => Loss -0.050, Train_accy 100.00:  10%|█         | 2/20 [00:01<00:09,  1.87it/s]
Task 19, Epoch 3/20 => Loss -0.125, Train_accy 100.00:  10%|█         | 2/20 [00:01<00:09,  1.87it/s]
Task 19, Epoch 3/20 => Loss -0.125, Train_accy 100.00:  15%|█▌        | 3/20 [00:01<00:09,  1.86it/s]
Task 19, Epoch 4/20 => Loss -0.260, Train_accy 100.00:  15%|█▌        | 3/20 [00:02<00:09,  1.86it/s]
Task 19, Epoch 4/20 => Loss -0.260, Train_accy 100.00:  20%|██        | 4/20 [00:02<00:08,  1.83it/s]
Task 19, Epoch 5/20 => Loss -0.296, Train_accy 100.00, Test_accy 56.68:  20%|██        | 4/20 [02:00<00:08,  1.83it/s]
Task 19, Epoch 5/20 => Loss -0.296, Train_accy 100.00, Test_accy 56.68:  25%|██▌       | 5/20 [02:00<10:45, 43.05s/it]
Task 19, Epoch 6/20 => Loss -0.284, Train_accy 100.00:  25%|██▌       | 5/20 [02:01<10:45, 43.05s/it]                 
Task 19, Epoch 6/20 => Loss -0.284, Train_accy 100.00:  30%|███       | 6/20 [02:01<06:40, 28.60s/it]
Task 19, Epoch 7/20 => Loss -0.280, Train_accy 100.00:  30%|███       | 6/20 [02:01<06:40, 28.60s/it]
Task 19, Epoch 7/20 => Loss -0.280, Train_accy 100.00:  35%|███▌      | 7/20 [02:01<04:12, 19.42s/it]
Task 19, Epoch 8/20 => Loss -0.317, Train_accy 100.00:  35%|███▌      | 7/20 [02:02<04:12, 19.42s/it]
Task 19, Epoch 8/20 => Loss -0.317, Train_accy 100.00:  40%|████      | 8/20 [02:02<02:40, 13.41s/it]
Task 19, Epoch 9/20 => Loss -0.315, Train_accy 100.00:  40%|████      | 8/20 [02:02<02:40, 13.41s/it]
Task 19, Epoch 9/20 => Loss -0.315, Train_accy 100.00:  45%|████▌     | 9/20 [02:02<01:43,  9.39s/it]
Task 19, Epoch 10/20 => Loss -0.336, Train_accy 100.00, Test_accy 56.57:  45%|████▌     | 9/20 [04:00<01:43,  9.39s/it]
Task 19, Epoch 10/20 => Loss -0.336, Train_accy 100.00, Test_accy 56.57:  50%|█████     | 10/20 [04:00<07:09, 42.92s/it]
Task 19, Epoch 11/20 => Loss -0.319, Train_accy 100.00:  50%|█████     | 10/20 [04:01<07:09, 42.92s/it]                 
Task 19, Epoch 11/20 => Loss -0.319, Train_accy 100.00:  55%|█████▌    | 11/20 [04:01<04:29, 29.95s/it]
Task 19, Epoch 12/20 => Loss -0.322, Train_accy 100.00:  55%|█████▌    | 11/20 [04:01<04:29, 29.95s/it]
Task 19, Epoch 12/20 => Loss -0.322, Train_accy 100.00:  60%|██████    | 12/20 [04:01<02:48, 21.03s/it]
Task 19, Epoch 13/20 => Loss -0.322, Train_accy 100.00:  60%|██████    | 12/20 [04:02<02:48, 21.03s/it]
Task 19, Epoch 13/20 => Loss -0.322, Train_accy 100.00:  65%|██████▌   | 13/20 [04:02<01:43, 14.83s/it]
Task 19, Epoch 14/20 => Loss -0.322, Train_accy 100.00:  65%|██████▌   | 13/20 [04:03<01:43, 14.83s/it]
Task 19, Epoch 14/20 => Loss -0.322, Train_accy 100.00:  70%|███████   | 14/20 [04:03<01:03, 10.52s/it]
Task 19, Epoch 15/20 => Loss -0.339, Train_accy 100.00, Test_accy 56.54:  70%|███████   | 14/20 [06:01<01:03, 10.52s/it]
Task 19, Epoch 15/20 => Loss -0.339, Train_accy 100.00, Test_accy 56.54:  75%|███████▌  | 15/20 [06:01<03:35, 43.09s/it]
Task 19, Epoch 16/20 => Loss -0.343, Train_accy 100.00:  75%|███████▌  | 15/20 [06:02<03:35, 43.09s/it]                 
Task 19, Epoch 16/20 => Loss -0.343, Train_accy 100.00:  80%|████████  | 16/20 [06:02<02:01, 30.29s/it]
Task 19, Epoch 17/20 => Loss -0.333, Train_accy 100.00:  80%|████████  | 16/20 [06:02<02:01, 30.29s/it]
Task 19, Epoch 17/20 => Loss -0.333, Train_accy 100.00:  85%|████████▌ | 17/20 [06:02<01:04, 21.37s/it]
Task 19, Epoch 18/20 => Loss -0.345, Train_accy 100.00:  85%|████████▌ | 17/20 [06:03<01:04, 21.37s/it]
Task 19, Epoch 18/20 => Loss -0.345, Train_accy 100.00:  90%|█████████ | 18/20 [06:03<00:30, 15.12s/it]
Task 19, Epoch 19/20 => Loss -0.336, Train_accy 100.00:  90%|█████████ | 18/20 [06:03<00:30, 15.12s/it]
Task 19, Epoch 19/20 => Loss -0.336, Train_accy 100.00:  95%|█████████▌| 19/20 [06:03<00:10, 10.77s/it]
Task 19, Epoch 20/20 => Loss -0.334, Train_accy 100.00, Test_accy 56.57:  95%|█████████▌| 19/20 [08:02<00:10, 10.77s/it]
Task 19, Epoch 20/20 => Loss -0.334, Train_accy 100.00, Test_accy 56.57: 100%|██████████| 20/20 [08:02<00:00, 43.09s/it]
Task 19, Epoch 20/20 => Loss -0.334, Train_accy 100.00, Test_accy 56.57: 100%|██████████| 20/20 [08:02<00:00, 24.12s/it]
2025-12-14 19:08:56,771 [l2p.py] => Task 19, Epoch 20/20 => Loss -0.334, Train_accy 100.00, Test_accy 56.57
2025-12-14 19:10:55,411 [trainer.py] => CNN: {'total': 56.57, '00-59': 92.38, '60-61': 0.0, '62-63': 0.0, '64-65': 0.0, '66-67': 0.0, '68-69': 0.0, '70-71': 0.0, '72-73': 0.0, '74-75': 0.0, '76-77': 0.0, '78-79': 0.0, '80-81': 0.5, '82-83': 0.0, '84-85': 0.0, '86-87': 0.0, '88-89': 0.0, '90-91': 0.0, '92-93': 0.0, '94-95': 0.0, '96-97': 0.0, '98-99': 100.0, 'old': 57.75, 'new': 0.0}
2025-12-14 19:10:55,411 [trainer.py] => CNN top1 curve: [93.25, 90.11, 87.25, 84.55, 82.16, 79.7, 77.44, 75.39, 73.33, 71.36, 69.49, 67.72, 66.17, 64.58, 63.16, 61.8, 60.37, 59.07, 57.91, 56.57]
2025-12-14 19:10:55,411 [trainer.py] => Average Accuracy (CNN): 72.07 

2025-12-14 19:10:55,414 [trainer.py] => All params: 171893193
2025-12-14 19:10:55,416 [trainer.py] => Trainable params: 199781
2025-12-14 19:10:55,416 [l2p.py] => Learning on 98-100

  0%|          | 0/20 [00:00<?, ?it/s]
Task 20, Epoch 1/20 => Loss 0.799, Train_accy 20.00:   0%|          | 0/20 [00:00<?, ?it/s]
Task 20, Epoch 1/20 => Loss 0.799, Train_accy 20.00:   5%|▌         | 1/20 [00:00<00:10,  1.84it/s]
Task 20, Epoch 2/20 => Loss 0.238, Train_accy 80.00:   5%|▌         | 1/20 [00:01<00:10,  1.84it/s]
Task 20, Epoch 2/20 => Loss 0.238, Train_accy 80.00:  10%|█         | 2/20 [00:01<00:09,  1.89it/s]
Task 20, Epoch 3/20 => Loss -0.025, Train_accy 80.00:  10%|█         | 2/20 [00:01<00:09,  1.89it/s]
Task 20, Epoch 3/20 => Loss -0.025, Train_accy 80.00:  15%|█▌        | 3/20 [00:01<00:09,  1.83it/s]
Task 20, Epoch 4/20 => Loss -0.129, Train_accy 90.00:  15%|█▌        | 3/20 [00:02<00:09,  1.83it/s]
Task 20, Epoch 4/20 => Loss -0.129, Train_accy 90.00:  20%|██        | 4/20 [00:02<00:08,  1.84it/s]
Task 20, Epoch 5/20 => Loss -0.247, Train_accy 100.00, Test_accy 55.42:  20%|██        | 4/20 [02:02<00:08,  1.84it/s]
Task 20, Epoch 5/20 => Loss -0.247, Train_accy 100.00, Test_accy 55.42:  25%|██▌       | 5/20 [02:02<10:56, 43.75s/it]
Task 20, Epoch 6/20 => Loss -0.269, Train_accy 100.00:  25%|██▌       | 5/20 [02:03<10:56, 43.75s/it]                 
Task 20, Epoch 6/20 => Loss -0.269, Train_accy 100.00:  30%|███       | 6/20 [02:03<06:46, 29.07s/it]
Task 20, Epoch 7/20 => Loss -0.300, Train_accy 100.00:  30%|███       | 6/20 [02:03<06:46, 29.07s/it]
Task 20, Epoch 7/20 => Loss -0.300, Train_accy 100.00:  35%|███▌      | 7/20 [02:03<04:16, 19.76s/it]
Task 20, Epoch 8/20 => Loss -0.312, Train_accy 100.00:  35%|███▌      | 7/20 [02:04<04:16, 19.76s/it]
Task 20, Epoch 8/20 => Loss -0.312, Train_accy 100.00:  40%|████      | 8/20 [02:04<02:43, 13.64s/it]
Task 20, Epoch 9/20 => Loss -0.314, Train_accy 100.00:  40%|████      | 8/20 [02:04<02:43, 13.64s/it]
Task 20, Epoch 9/20 => Loss -0.314, Train_accy 100.00:  45%|████▌     | 9/20 [02:04<01:44,  9.54s/it]
Task 20, Epoch 10/20 => Loss -0.308, Train_accy 100.00, Test_accy 55.47:  45%|████▌     | 9/20 [04:05<01:44,  9.54s/it]
Task 20, Epoch 10/20 => Loss -0.308, Train_accy 100.00, Test_accy 55.47:  50%|█████     | 10/20 [04:05<07:19, 43.93s/it]
Task 20, Epoch 11/20 => Loss -0.303, Train_accy 100.00:  50%|█████     | 10/20 [04:06<07:19, 43.93s/it]                 
Task 20, Epoch 11/20 => Loss -0.303, Train_accy 100.00:  55%|█████▌    | 11/20 [04:06<04:35, 30.64s/it]
Task 20, Epoch 12/20 => Loss -0.312, Train_accy 100.00:  55%|█████▌    | 11/20 [04:06<04:35, 30.64s/it]
Task 20, Epoch 12/20 => Loss -0.312, Train_accy 100.00:  60%|██████    | 12/20 [04:06<02:51, 21.49s/it]
Task 20, Epoch 13/20 => Loss -0.227, Train_accy 90.00:  60%|██████    | 12/20 [04:07<02:51, 21.49s/it] 
Task 20, Epoch 13/20 => Loss -0.227, Train_accy 90.00:  65%|██████▌   | 13/20 [04:07<01:45, 15.14s/it]
Task 20, Epoch 14/20 => Loss -0.324, Train_accy 100.00:  65%|██████▌   | 13/20 [04:07<01:45, 15.14s/it]
Task 20, Epoch 14/20 => Loss -0.324, Train_accy 100.00:  70%|███████   | 14/20 [04:07<01:04, 10.74s/it]
Task 20, Epoch 15/20 => Loss -0.323, Train_accy 100.00, Test_accy 55.49:  70%|███████   | 14/20 [06:08<01:04, 10.74s/it]
Task 20, Epoch 15/20 => Loss -0.323, Train_accy 100.00, Test_accy 55.49:  75%|███████▌  | 15/20 [06:08<03:39, 43.94s/it]
Task 20, Epoch 16/20 => Loss -0.321, Train_accy 100.00:  75%|███████▌  | 15/20 [06:09<03:39, 43.94s/it]                 
Task 20, Epoch 16/20 => Loss -0.321, Train_accy 100.00:  80%|████████  | 16/20 [06:09<02:03, 30.88s/it]
Task 20, Epoch 17/20 => Loss -0.272, Train_accy 100.00:  80%|████████  | 16/20 [06:09<02:03, 30.88s/it]
Task 20, Epoch 17/20 => Loss -0.272, Train_accy 100.00:  85%|████████▌ | 17/20 [06:09<01:05, 21.76s/it]
Task 20, Epoch 18/20 => Loss -0.325, Train_accy 100.00:  85%|████████▌ | 17/20 [06:10<01:05, 21.76s/it]
Task 20, Epoch 18/20 => Loss -0.325, Train_accy 100.00:  90%|█████████ | 18/20 [06:10<00:30, 15.39s/it]
Task 20, Epoch 19/20 => Loss -0.332, Train_accy 100.00:  90%|█████████ | 18/20 [06:10<00:30, 15.39s/it]
Task 20, Epoch 19/20 => Loss -0.332, Train_accy 100.00:  95%|█████████▌| 19/20 [06:10<00:10, 10.93s/it]
Task 20, Epoch 20/20 => Loss -0.300, Train_accy 100.00, Test_accy 55.50:  95%|█████████▌| 19/20 [08:11<00:10, 10.93s/it]
Task 20, Epoch 20/20 => Loss -0.300, Train_accy 100.00, Test_accy 55.50: 100%|██████████| 20/20 [08:11<00:00, 43.71s/it]
Task 20, Epoch 20/20 => Loss -0.300, Train_accy 100.00, Test_accy 55.50: 100%|██████████| 20/20 [08:11<00:00, 24.55s/it]
2025-12-14 19:19:06,491 [l2p.py] => Task 20, Epoch 20/20 => Loss -0.300, Train_accy 100.00, Test_accy 55.50
2025-12-14 19:21:06,004 [trainer.py] => CNN: {'total': 55.5, '00-59': 92.47, '60-61': 0.0, '62-63': 0.0, '64-65': 0.0, '66-67': 0.0, '68-69': 0.0, '70-71': 0.0, '72-73': 0.0, '74-75': 0.0, '76-77': 0.0, '78-79': 0.0, '80-81': 0.5, '82-83': 0.0, '84-85': 0.0, '86-87': 0.5, '88-89': 0.0, '90-91': 0.0, '92-93': 0.0, '94-95': 0.0, '96-97': 0.0, '98-99': 0.0, 'old': 56.63, 'new': 0.0}
2025-12-14 19:21:06,004 [trainer.py] => CNN top1 curve: [93.25, 90.11, 87.25, 84.55, 82.16, 79.7, 77.44, 75.39, 73.33, 71.36, 69.49, 67.72, 66.17, 64.58, 63.16, 61.8, 60.37, 59.07, 57.91, 56.57, 55.5]
2025-12-14 19:21:06,004 [trainer.py] => Average Accuracy (CNN): 71.28 


================================================================================
Finished cifar224_init60_inc2: vit_base_patch16_224_l2p  
Base Accuracy: 93.25
Lase Accuracy: 55.5
Average Accuracy (Top1): 71.28
PD: 37.75
Backward Transfer (BWT): 0.01
Traceback (most recent call last):
  File "/home/team/zhaohongwei/Code/Research/Awesome-FSCIL/CIL_Model/main.py", line 24, in <module>
    main()
  File "/home/team/zhaohongwei/Code/Research/Awesome-FSCIL/CIL_Model/main.py", line 11, in main
    train(args)
  File "/home/team/zhaohongwei/Code/Research/Awesome-FSCIL/CIL_Model/trainer.py", line 29, in train
    _train(args)
  File "/home/team/zhaohongwei/Code/Research/Awesome-FSCIL/CIL_Model/trainer.py", line 123, in _train
    print("Forward Transfer (FWT):", forward_transfer(args["dataset"], np.array(cnn_matrix)))
  File "/home/team/zhaohongwei/Code/Research/Awesome-FSCIL/CIL_Model/trainer.py", line 209, in forward_transfer
    fwt_diffs = fwt_accs - rand_init_acc_for_fwt
ValueError: operands could not be broadcast together with shapes (20,) (8,) 
2025-12-14 19:21:09,475 [trainer.py] => config: ./scripts/l2p/l2p_cifar_B60_Inc5.json
2025-12-14 19:21:09,475 [trainer.py] => prefix:  
2025-12-14 19:21:09,476 [trainer.py] => dataset: cifar224
2025-12-14 19:21:09,476 [trainer.py] => memory_size: 0
2025-12-14 19:21:09,476 [trainer.py] => memory_per_class: 0
2025-12-14 19:21:09,476 [trainer.py] => fixed_memory: False
2025-12-14 19:21:09,476 [trainer.py] => shuffle: True
2025-12-14 19:21:09,476 [trainer.py] => init_cls: 60
2025-12-14 19:21:09,476 [trainer.py] => increment: 5
2025-12-14 19:21:09,476 [trainer.py] => model_name: l2p
2025-12-14 19:21:09,476 [trainer.py] => backbone_type: vit_base_patch16_224_l2p
2025-12-14 19:21:09,476 [trainer.py] => get_original_backbone: True
2025-12-14 19:21:09,476 [trainer.py] => device: [device(type='cuda', index=7)]
2025-12-14 19:21:09,476 [trainer.py] => seed: 2025
2025-12-14 19:21:09,476 [trainer.py] => kshot: 5
2025-12-14 19:21:09,476 [trainer.py] => tuned_epoch: 20
2025-12-14 19:21:09,476 [trainer.py] => init_lr: 0.001875
2025-12-14 19:21:09,476 [trainer.py] => batch_size: 48
2025-12-14 19:21:09,476 [trainer.py] => weight_decay: 0
2025-12-14 19:21:09,476 [trainer.py] => min_lr: 1e-05
2025-12-14 19:21:09,476 [trainer.py] => optimizer: adam
2025-12-14 19:21:09,476 [trainer.py] => scheduler: constant
2025-12-14 19:21:09,476 [trainer.py] => reinit_optimizer: True
2025-12-14 19:21:09,476 [trainer.py] => global_pool: token
2025-12-14 19:21:09,476 [trainer.py] => head_type: prompt
2025-12-14 19:21:09,476 [trainer.py] => freeze: ['blocks', 'patch_embed', 'cls_token', 'norm', 'pos_embed']
2025-12-14 19:21:09,476 [trainer.py] => pretrained: True
2025-12-14 19:21:09,476 [trainer.py] => drop: 0.0
2025-12-14 19:21:09,476 [trainer.py] => drop_path: 0.0
2025-12-14 19:21:09,476 [trainer.py] => prompt_pool: True
2025-12-14 19:21:09,476 [trainer.py] => size: 10
2025-12-14 19:21:09,477 [trainer.py] => length: 5
2025-12-14 19:21:09,477 [trainer.py] => top_k: 5
2025-12-14 19:21:09,477 [trainer.py] => initializer: uniform
2025-12-14 19:21:09,477 [trainer.py] => prompt_key: True
2025-12-14 19:21:09,477 [trainer.py] => prompt_key_init: uniform
2025-12-14 19:21:09,477 [trainer.py] => use_prompt_mask: False
2025-12-14 19:21:09,477 [trainer.py] => shared_prompt_pool: False
2025-12-14 19:21:09,477 [trainer.py] => shared_prompt_key: False
2025-12-14 19:21:09,477 [trainer.py] => batchwise_prompt: True
2025-12-14 19:21:09,477 [trainer.py] => embedding_key: cls
2025-12-14 19:21:09,477 [trainer.py] => predefined_key: 
2025-12-14 19:21:09,477 [trainer.py] => pull_constraint: True
2025-12-14 19:21:09,477 [trainer.py] => pull_constraint_coeff: 0.1
2025-12-14 19:21:09,477 [trainer.py] => gpu_models: ['NVIDIA A40']
2025-12-14 19:21:10,621 [data_manager.py] => [49, 77, 61, 69, 6, 95, 68, 19, 2, 5, 96, 89, 57, 63, 72, 99, 59, 1, 79, 20, 26, 47, 46, 48, 92, 29, 0, 14, 30, 43, 74, 97, 11, 86, 35, 28, 4, 58, 90, 51, 85, 44, 60, 71, 34, 91, 9, 18, 21, 39, 81, 54, 8, 50, 15, 24, 88, 87, 38, 7, 56, 65, 37, 55, 80, 66, 52, 31, 70, 53, 42, 36, 41, 13, 27, 73, 33, 93, 45, 75, 17, 25, 3, 64, 16, 84, 23, 40, 78, 10, 22, 32, 12, 83, 67, 76, 98, 82, 94, 62]
2025-12-14 19:21:13,383 [vit_l2p.py] => Resized position embedding: torch.Size([1, 197, 768]) to torch.Size([1, 222, 768])
2025-12-14 19:21:13,384 [vit_l2p.py] => Position embedding grid-size from [14, 14] to (14, 14)
2025-12-14 19:21:15,732 [l2p.py] => 85,940,836 model total parameters.
2025-12-14 19:21:15,733 [l2p.py] => 122,980 model training parameters.
2025-12-14 19:21:15,733 [l2p.py] => prompt.prompt: 38400
2025-12-14 19:21:15,733 [l2p.py] => prompt.prompt_key: 7680
2025-12-14 19:21:15,733 [l2p.py] => head.weight: 76800
2025-12-14 19:21:15,733 [l2p.py] => head.bias: 100
2025-12-14 19:21:15,734 [trainer.py] => All params: 171893193
2025-12-14 19:21:15,735 [trainer.py] => Trainable params: 199781
2025-12-14 19:21:15,735 [l2p.py] => Learning on 0-60

  0%|          | 0/20 [00:00<?, ?it/s]
Task 0, Epoch 1/20 => Loss 1.177, Train_accy 65.69:   0%|          | 0/20 [09:26<?, ?it/s]
Task 0, Epoch 1/20 => Loss 1.177, Train_accy 65.69:   5%|▌         | 1/20 [09:26<2:59:30, 566.86s/it]
Task 0, Epoch 2/20 => Loss 0.604, Train_accy 75.16:   5%|▌         | 1/20 [18:53<2:59:30, 566.86s/it]
Task 0, Epoch 2/20 => Loss 0.604, Train_accy 75.16:  10%|█         | 2/20 [18:53<2:50:03, 566.88s/it]
Task 0, Epoch 3/20 => Loss 0.485, Train_accy 77.98:  10%|█         | 2/20 [28:19<2:50:03, 566.88s/it]
Task 0, Epoch 3/20 => Loss 0.485, Train_accy 77.98:  15%|█▌        | 3/20 [28:19<2:40:30, 566.48s/it]
Task 0, Epoch 4/20 => Loss 0.427, Train_accy 79.39:  15%|█▌        | 3/20 [37:45<2:40:30, 566.48s/it]
Task 0, Epoch 4/20 => Loss 0.427, Train_accy 79.39:  20%|██        | 4/20 [37:45<2:30:59, 566.24s/it]
Task 0, Epoch 5/20 => Loss 0.376, Train_accy 80.52, Test_accy 91.65:  20%|██        | 4/20 [48:24<2:30:59, 566.24s/it]
Task 0, Epoch 5/20 => Loss 0.376, Train_accy 80.52, Test_accy 91.65:  25%|██▌       | 5/20 [48:24<2:28:06, 592.46s/it]
Task 0, Epoch 6/20 => Loss 0.351, Train_accy 81.32:  25%|██▌       | 5/20 [57:50<2:28:06, 592.46s/it]                 
Task 0, Epoch 6/20 => Loss 0.351, Train_accy 81.32:  30%|███       | 6/20 [57:50<2:16:09, 583.51s/it]
Task 0, Epoch 7/20 => Loss 0.336, Train_accy 81.90:  30%|███       | 6/20 [1:07:14<2:16:09, 583.51s/it]
Task 0, Epoch 7/20 => Loss 0.336, Train_accy 81.90:  35%|███▌      | 7/20 [1:07:14<2:05:02, 577.08s/it]
Task 0, Epoch 8/20 => Loss 0.311, Train_accy 82.29:  35%|███▌      | 7/20 [1:16:01<2:05:02, 577.08s/it]
Task 0, Epoch 8/20 => Loss 0.311, Train_accy 82.29:  40%|████      | 8/20 [1:16:01<1:52:14, 561.20s/it]
Task 0, Epoch 9/20 => Loss 0.304, Train_accy 82.61:  40%|████      | 8/20 [1:24:52<1:52:14, 561.20s/it]
Task 0, Epoch 9/20 => Loss 0.304, Train_accy 82.61:  45%|████▌     | 9/20 [1:24:52<1:41:07, 551.64s/it]
Task 0, Epoch 10/20 => Loss 0.291, Train_accy 82.72, Test_accy 92.68:  45%|████▌     | 9/20 [1:34:56<1:41:07, 551.64s/it]
Task 0, Epoch 10/20 => Loss 0.291, Train_accy 82.72, Test_accy 92.68:  50%|█████     | 10/20 [1:34:56<1:34:39, 567.90s/it]
Task 0, Epoch 11/20 => Loss 0.289, Train_accy 83.05:  50%|█████     | 10/20 [1:43:55<1:34:39, 567.90s/it]                 
Task 0, Epoch 11/20 => Loss 0.289, Train_accy 83.05:  55%|█████▌    | 11/20 [1:43:55<1:23:51, 559.06s/it]
Task 0, Epoch 12/20 => Loss 0.270, Train_accy 83.41:  55%|█████▌    | 11/20 [1:53:19<1:23:51, 559.06s/it]
Task 0, Epoch 12/20 => Loss 0.270, Train_accy 83.41:  60%|██████    | 12/20 [1:53:19<1:14:44, 560.50s/it]
Task 0, Epoch 13/20 => Loss 0.273, Train_accy 83.28:  60%|██████    | 12/20 [2:02:45<1:14:44, 560.50s/it]
Task 0, Epoch 13/20 => Loss 0.273, Train_accy 83.28:  65%|██████▌   | 13/20 [2:02:45<1:05:34, 562.10s/it]
Task 0, Epoch 14/20 => Loss 0.252, Train_accy 83.81:  65%|██████▌   | 13/20 [2:12:09<1:05:34, 562.10s/it]
Task 0, Epoch 14/20 => Loss 0.252, Train_accy 83.81:  70%|███████   | 14/20 [2:12:09<56:16, 562.69s/it]  
Task 0, Epoch 15/20 => Loss 0.252, Train_accy 83.96, Test_accy 93.05:  70%|███████   | 14/20 [2:22:49<56:16, 562.69s/it]
Task 0, Epoch 15/20 => Loss 0.252, Train_accy 83.96, Test_accy 93.05:  75%|███████▌  | 15/20 [2:22:49<48:50, 586.11s/it]
Task 0, Epoch 16/20 => Loss 0.241, Train_accy 84.06:  75%|███████▌  | 15/20 [2:32:13<48:50, 586.11s/it]                 
Task 0, Epoch 16/20 => Loss 0.241, Train_accy 84.06:  80%|████████  | 16/20 [2:32:13<38:37, 579.47s/it]
Task 0, Epoch 17/20 => Loss 0.242, Train_accy 83.98:  80%|████████  | 16/20 [2:41:41<38:37, 579.47s/it]
Task 0, Epoch 17/20 => Loss 0.242, Train_accy 83.98:  85%|████████▌ | 17/20 [2:41:41<28:47, 575.87s/it]
Task 0, Epoch 18/20 => Loss 0.232, Train_accy 84.12:  85%|████████▌ | 17/20 [2:51:06<28:47, 575.87s/it]
Task 0, Epoch 18/20 => Loss 0.232, Train_accy 84.12:  90%|█████████ | 18/20 [2:51:06<19:05, 572.63s/it]
Task 0, Epoch 19/20 => Loss 0.232, Train_accy 84.49:  90%|█████████ | 18/20 [3:00:33<19:05, 572.63s/it]
Task 0, Epoch 19/20 => Loss 0.232, Train_accy 84.49:  95%|█████████▌| 19/20 [3:00:33<09:30, 570.98s/it]
Task 0, Epoch 20/20 => Loss 0.234, Train_accy 84.54, Test_accy 93.25:  95%|█████████▌| 19/20 [3:11:12<09:30, 570.98s/it]
Task 0, Epoch 20/20 => Loss 0.234, Train_accy 84.54, Test_accy 93.25: 100%|██████████| 20/20 [3:11:12<00:00, 591.41s/it]
Task 0, Epoch 20/20 => Loss 0.234, Train_accy 84.54, Test_accy 93.25: 100%|██████████| 20/20 [3:11:12<00:00, 573.63s/it]
2025-12-14 22:32:29,311 [l2p.py] => Task 0, Epoch 20/20 => Loss 0.234, Train_accy 84.54, Test_accy 93.25
2025-12-14 22:33:48,129 [trainer.py] => CNN: {'total': 93.25, '00-59': 93.25, '60-64': 88.0, '65-69': 80.0, '70-74': 80.0, '75-79': 80.0, '80-84': 76.0, '85-89': 84.0, '90-94': 96.0, '95-99': 96.0, 'old': 0, 'new': 93.25}
2025-12-14 22:33:48,129 [trainer.py] => CNN top1 curve: [93.25]
2025-12-14 22:33:48,129 [trainer.py] => Average Accuracy (CNN): 93.25 

2025-12-14 22:33:48,132 [trainer.py] => All params: 171893193
2025-12-14 22:33:48,134 [trainer.py] => Trainable params: 199781
2025-12-14 22:33:48,134 [l2p.py] => Learning on 60-65

  0%|          | 0/20 [00:00<?, ?it/s]
Task 1, Epoch 1/20 => Loss 1.273, Train_accy 24.00:   0%|          | 0/20 [00:00<?, ?it/s]
Task 1, Epoch 1/20 => Loss 1.273, Train_accy 24.00:   5%|▌         | 1/20 [00:00<00:16,  1.17it/s]
Task 1, Epoch 2/20 => Loss 1.007, Train_accy 44.00:   5%|▌         | 1/20 [00:01<00:16,  1.17it/s]
Task 1, Epoch 2/20 => Loss 1.007, Train_accy 44.00:  10%|█         | 2/20 [00:01<00:15,  1.18it/s]
Task 1, Epoch 3/20 => Loss 0.873, Train_accy 72.00:  10%|█         | 2/20 [00:02<00:15,  1.18it/s]
Task 1, Epoch 3/20 => Loss 0.873, Train_accy 72.00:  15%|█▌        | 3/20 [00:02<00:14,  1.15it/s]
Task 1, Epoch 4/20 => Loss 0.697, Train_accy 80.00:  15%|█▌        | 3/20 [00:03<00:14,  1.15it/s]
Task 1, Epoch 4/20 => Loss 0.697, Train_accy 80.00:  20%|██        | 4/20 [00:03<00:13,  1.15it/s]
Task 1, Epoch 5/20 => Loss 0.467, Train_accy 76.00, Test_accy 85.95:  20%|██        | 4/20 [01:21<00:13,  1.15it/s]
Task 1, Epoch 5/20 => Loss 0.467, Train_accy 76.00, Test_accy 85.95:  25%|██▌       | 5/20 [01:21<07:09, 28.64s/it]
Task 1, Epoch 6/20 => Loss 0.291, Train_accy 96.00:  25%|██▌       | 5/20 [01:22<07:09, 28.64s/it]                 
Task 1, Epoch 6/20 => Loss 0.291, Train_accy 96.00:  30%|███       | 6/20 [01:22<04:29, 19.22s/it]
Task 1, Epoch 7/20 => Loss 0.230, Train_accy 100.00:  30%|███       | 6/20 [01:23<04:29, 19.22s/it]
Task 1, Epoch 7/20 => Loss 0.230, Train_accy 100.00:  35%|███▌      | 7/20 [01:23<02:51, 13.22s/it]
Task 1, Epoch 8/20 => Loss 0.006, Train_accy 100.00:  35%|███▌      | 7/20 [01:23<02:51, 13.22s/it]
Task 1, Epoch 8/20 => Loss 0.006, Train_accy 100.00:  40%|████      | 8/20 [01:24<01:51,  9.28s/it]
Task 1, Epoch 9/20 => Loss 0.044, Train_accy 100.00:  40%|████      | 8/20 [01:24<01:51,  9.28s/it]
Task 1, Epoch 9/20 => Loss 0.044, Train_accy 100.00:  45%|████▌     | 9/20 [01:24<01:13,  6.66s/it]
Task 1, Epoch 10/20 => Loss 0.081, Train_accy 96.00, Test_accy 85.86:  45%|████▌     | 9/20 [02:44<01:13,  6.66s/it]
Task 1, Epoch 10/20 => Loss 0.081, Train_accy 96.00, Test_accy 85.86:  50%|█████     | 10/20 [02:44<04:50, 29.08s/it]
Task 1, Epoch 11/20 => Loss 0.054, Train_accy 96.00:  50%|█████     | 10/20 [02:44<04:50, 29.08s/it]                 
Task 1, Epoch 11/20 => Loss 0.054, Train_accy 96.00:  55%|█████▌    | 11/20 [02:45<03:03, 20.44s/it]
Task 1, Epoch 12/20 => Loss 0.093, Train_accy 84.00:  55%|█████▌    | 11/20 [02:45<03:03, 20.44s/it]
Task 1, Epoch 12/20 => Loss 0.093, Train_accy 84.00:  60%|██████    | 12/20 [02:45<01:55, 14.48s/it]
Task 1, Epoch 13/20 => Loss -0.109, Train_accy 100.00:  60%|██████    | 12/20 [02:46<01:55, 14.48s/it]
Task 1, Epoch 13/20 => Loss -0.109, Train_accy 100.00:  65%|██████▌   | 13/20 [02:46<01:12, 10.34s/it]
Task 1, Epoch 14/20 => Loss -0.065, Train_accy 92.00:  65%|██████▌   | 13/20 [02:47<01:12, 10.34s/it] 
Task 1, Epoch 14/20 => Loss -0.065, Train_accy 92.00:  70%|███████   | 14/20 [02:47<00:44,  7.48s/it]
Task 1, Epoch 15/20 => Loss -0.021, Train_accy 88.00, Test_accy 85.85:  70%|███████   | 14/20 [04:06<00:44,  7.48s/it]
Task 1, Epoch 15/20 => Loss -0.021, Train_accy 88.00, Test_accy 85.85:  75%|███████▌  | 15/20 [04:06<02:25, 29.16s/it]
Task 1, Epoch 16/20 => Loss -0.186, Train_accy 100.00:  75%|███████▌  | 15/20 [04:07<02:25, 29.16s/it]                
Task 1, Epoch 16/20 => Loss -0.186, Train_accy 100.00:  80%|████████  | 16/20 [04:07<01:22, 20.66s/it]
Task 1, Epoch 17/20 => Loss -0.125, Train_accy 100.00:  80%|████████  | 16/20 [04:08<01:22, 20.66s/it]
Task 1, Epoch 17/20 => Loss -0.125, Train_accy 100.00:  85%|████████▌ | 17/20 [04:08<00:44, 14.70s/it]
Task 1, Epoch 18/20 => Loss -0.181, Train_accy 96.00:  85%|████████▌ | 17/20 [04:09<00:44, 14.70s/it] 
Task 1, Epoch 18/20 => Loss -0.181, Train_accy 96.00:  90%|█████████ | 18/20 [04:09<00:21, 10.54s/it]
Task 1, Epoch 19/20 => Loss -0.204, Train_accy 100.00:  90%|█████████ | 18/20 [04:10<00:21, 10.54s/it]
Task 1, Epoch 19/20 => Loss -0.204, Train_accy 100.00:  95%|█████████▌| 19/20 [04:10<00:07,  7.62s/it]
Task 1, Epoch 20/20 => Loss -0.142, Train_accy 92.00, Test_accy 86.02:  95%|█████████▌| 19/20 [05:29<00:07,  7.62s/it]
Task 1, Epoch 20/20 => Loss -0.142, Train_accy 92.00, Test_accy 86.02: 100%|██████████| 20/20 [05:29<00:00, 29.23s/it]
Task 1, Epoch 20/20 => Loss -0.142, Train_accy 92.00, Test_accy 86.02: 100%|██████████| 20/20 [05:29<00:00, 16.50s/it]
2025-12-14 22:39:18,161 [l2p.py] => Task 1, Epoch 20/20 => Loss -0.142, Train_accy 92.00, Test_accy 86.02
2025-12-14 22:40:41,820 [trainer.py] => CNN: {'total': 86.02, '00-59': 92.97, '60-64': 2.6, '65-69': 76.0, '70-74': 84.0, '75-79': 96.0, '80-84': 92.0, '85-89': 92.0, '90-94': 88.0, '95-99': 88.0, 'old': 92.97, 'new': 2.6}
2025-12-14 22:40:41,820 [trainer.py] => CNN top1 curve: [93.25, 86.02]
2025-12-14 22:40:41,820 [trainer.py] => Average Accuracy (CNN): 89.64 

2025-12-14 22:40:41,822 [trainer.py] => All params: 171893193
2025-12-14 22:40:41,823 [trainer.py] => Trainable params: 199781
2025-12-14 22:40:41,823 [l2p.py] => Learning on 65-70

  0%|          | 0/20 [00:00<?, ?it/s]
Task 2, Epoch 1/20 => Loss 1.672, Train_accy 12.00:   0%|          | 0/20 [00:00<?, ?it/s]
Task 2, Epoch 1/20 => Loss 1.672, Train_accy 12.00:   5%|▌         | 1/20 [00:00<00:16,  1.14it/s]
Task 2, Epoch 2/20 => Loss 1.183, Train_accy 32.00:   5%|▌         | 1/20 [00:01<00:16,  1.14it/s]
Task 2, Epoch 2/20 => Loss 1.183, Train_accy 32.00:  10%|█         | 2/20 [00:01<00:15,  1.14it/s]
Task 2, Epoch 3/20 => Loss 0.805, Train_accy 76.00:  10%|█         | 2/20 [00:02<00:15,  1.14it/s]
Task 2, Epoch 3/20 => Loss 0.805, Train_accy 76.00:  15%|█▌        | 3/20 [00:02<00:14,  1.17it/s]
Task 2, Epoch 4/20 => Loss 0.444, Train_accy 100.00:  15%|█▌        | 3/20 [00:03<00:14,  1.17it/s]
Task 2, Epoch 4/20 => Loss 0.444, Train_accy 100.00:  20%|██        | 4/20 [00:03<00:13,  1.20it/s]
Task 2, Epoch 5/20 => Loss 0.352, Train_accy 96.00, Test_accy 79.86:  20%|██        | 4/20 [01:27<00:13,  1.20it/s]
Task 2, Epoch 5/20 => Loss 0.352, Train_accy 96.00, Test_accy 79.86:  25%|██▌       | 5/20 [01:27<07:41, 30.79s/it]
Task 2, Epoch 6/20 => Loss 0.140, Train_accy 100.00:  25%|██▌       | 5/20 [01:28<07:41, 30.79s/it]                
Task 2, Epoch 6/20 => Loss 0.140, Train_accy 100.00:  30%|███       | 6/20 [01:28<04:48, 20.62s/it]
Task 2, Epoch 7/20 => Loss 0.023, Train_accy 96.00:  30%|███       | 6/20 [01:29<04:48, 20.62s/it] 
Task 2, Epoch 7/20 => Loss 0.023, Train_accy 96.00:  35%|███▌      | 7/20 [01:29<03:03, 14.15s/it]
Task 2, Epoch 8/20 => Loss -0.030, Train_accy 100.00:  35%|███▌      | 7/20 [01:29<03:03, 14.15s/it]
Task 2, Epoch 8/20 => Loss -0.030, Train_accy 100.00:  40%|████      | 8/20 [01:29<01:59,  9.92s/it]
Task 2, Epoch 9/20 => Loss -0.106, Train_accy 96.00:  40%|████      | 8/20 [01:30<01:59,  9.92s/it] 
Task 2, Epoch 9/20 => Loss -0.106, Train_accy 96.00:  45%|████▌     | 9/20 [01:30<01:17,  7.08s/it]
Task 2, Epoch 10/20 => Loss -0.179, Train_accy 100.00, Test_accy 79.81:  45%|████▌     | 9/20 [02:56<01:17,  7.08s/it]
Task 2, Epoch 10/20 => Loss -0.179, Train_accy 100.00, Test_accy 79.81:  50%|█████     | 10/20 [02:56<05:14, 31.44s/it]
Task 2, Epoch 11/20 => Loss -0.073, Train_accy 88.00:  50%|█████     | 10/20 [02:57<05:14, 31.44s/it]                  
Task 2, Epoch 11/20 => Loss -0.073, Train_accy 88.00:  55%|█████▌    | 11/20 [02:57<03:18, 22.06s/it]
Task 2, Epoch 12/20 => Loss -0.148, Train_accy 96.00:  55%|█████▌    | 11/20 [02:58<03:18, 22.06s/it]
Task 2, Epoch 12/20 => Loss -0.148, Train_accy 96.00:  60%|██████    | 12/20 [02:58<02:04, 15.61s/it]
Task 2, Epoch 13/20 => Loss -0.237, Train_accy 100.00:  60%|██████    | 12/20 [02:59<02:04, 15.61s/it]
Task 2, Epoch 13/20 => Loss -0.237, Train_accy 100.00:  65%|██████▌   | 13/20 [02:59<01:18, 11.15s/it]
Task 2, Epoch 14/20 => Loss -0.278, Train_accy 100.00:  65%|██████▌   | 13/20 [03:00<01:18, 11.15s/it]
Task 2, Epoch 14/20 => Loss -0.278, Train_accy 100.00:  70%|███████   | 14/20 [03:00<00:48,  8.03s/it]
Task 2, Epoch 15/20 => Loss -0.251, Train_accy 100.00, Test_accy 79.73:  70%|███████   | 14/20 [04:25<00:48,  8.03s/it]
Task 2, Epoch 15/20 => Loss -0.251, Train_accy 100.00, Test_accy 79.73:  75%|███████▌  | 15/20 [04:25<02:37, 31.46s/it]
Task 2, Epoch 16/20 => Loss -0.272, Train_accy 100.00:  75%|███████▌  | 15/20 [04:26<02:37, 31.46s/it]                 
Task 2, Epoch 16/20 => Loss -0.272, Train_accy 100.00:  80%|████████  | 16/20 [04:26<01:28, 22.23s/it]
Task 2, Epoch 17/20 => Loss -0.286, Train_accy 100.00:  80%|████████  | 16/20 [04:27<01:28, 22.23s/it]
Task 2, Epoch 17/20 => Loss -0.286, Train_accy 100.00:  85%|████████▌ | 17/20 [04:27<00:47, 15.79s/it]
Task 2, Epoch 18/20 => Loss -0.299, Train_accy 100.00:  85%|████████▌ | 17/20 [04:28<00:47, 15.79s/it]
Task 2, Epoch 18/20 => Loss -0.299, Train_accy 100.00:  90%|█████████ | 18/20 [04:28<00:22, 11.29s/it]
Task 2, Epoch 19/20 => Loss -0.315, Train_accy 100.00:  90%|█████████ | 18/20 [04:29<00:22, 11.29s/it]
Task 2, Epoch 19/20 => Loss -0.315, Train_accy 100.00:  95%|█████████▌| 19/20 [04:29<00:08,  8.15s/it]
Task 2, Epoch 20/20 => Loss -0.262, Train_accy 100.00, Test_accy 79.76:  95%|█████████▌| 19/20 [05:54<00:08,  8.15s/it]
Task 2, Epoch 20/20 => Loss -0.262, Train_accy 100.00, Test_accy 79.76: 100%|██████████| 20/20 [05:54<00:00, 31.45s/it]
Task 2, Epoch 20/20 => Loss -0.262, Train_accy 100.00, Test_accy 79.76: 100%|██████████| 20/20 [05:54<00:00, 17.74s/it]
2025-12-14 22:46:36,685 [l2p.py] => Task 2, Epoch 20/20 => Loss -0.262, Train_accy 100.00, Test_accy 79.76
2025-12-14 22:48:06,237 [trainer.py] => CNN: {'total': 79.76, '00-59': 92.85, '60-64': 1.6, '65-69': 0.8, '70-74': 88.0, '75-79': 96.0, '80-84': 84.0, '85-89': 84.0, '90-94': 84.0, '95-99': 88.0, 'old': 85.83, 'new': 0.8}
2025-12-14 22:48:06,238 [trainer.py] => CNN top1 curve: [93.25, 86.02, 79.76]
2025-12-14 22:48:06,238 [trainer.py] => Average Accuracy (CNN): 86.34 

2025-12-14 22:48:06,239 [trainer.py] => All params: 171893193
2025-12-14 22:48:06,240 [trainer.py] => Trainable params: 199781
2025-12-14 22:48:06,240 [l2p.py] => Learning on 70-75

  0%|          | 0/20 [00:00<?, ?it/s]
Task 3, Epoch 1/20 => Loss 1.854, Train_accy 0.00:   0%|          | 0/20 [00:00<?, ?it/s]
Task 3, Epoch 1/20 => Loss 1.854, Train_accy 0.00:   5%|▌         | 1/20 [00:00<00:17,  1.11it/s]
Task 3, Epoch 2/20 => Loss 1.160, Train_accy 32.00:   5%|▌         | 1/20 [00:01<00:17,  1.11it/s]
Task 3, Epoch 2/20 => Loss 1.160, Train_accy 32.00:  10%|█         | 2/20 [00:01<00:14,  1.20it/s]
Task 3, Epoch 3/20 => Loss 0.758, Train_accy 80.00:  10%|█         | 2/20 [00:02<00:14,  1.20it/s]
Task 3, Epoch 3/20 => Loss 0.758, Train_accy 80.00:  15%|█▌        | 3/20 [00:02<00:14,  1.17it/s]
Task 3, Epoch 4/20 => Loss 0.379, Train_accy 96.00:  15%|█▌        | 3/20 [00:03<00:14,  1.17it/s]
Task 3, Epoch 4/20 => Loss 0.379, Train_accy 96.00:  20%|██        | 4/20 [00:03<00:13,  1.15it/s]
Task 3, Epoch 5/20 => Loss 0.292, Train_accy 100.00, Test_accy 74.55:  20%|██        | 4/20 [01:33<00:13,  1.15it/s]
Task 3, Epoch 5/20 => Loss 0.292, Train_accy 100.00, Test_accy 74.55:  25%|██▌       | 5/20 [01:33<08:14, 32.94s/it]
Task 3, Epoch 6/20 => Loss 0.028, Train_accy 100.00:  25%|██▌       | 5/20 [01:34<08:14, 32.94s/it]                 
Task 3, Epoch 6/20 => Loss 0.028, Train_accy 100.00:  30%|███       | 6/20 [01:34<05:08, 22.02s/it]
Task 3, Epoch 7/20 => Loss -0.124, Train_accy 100.00:  30%|███       | 6/20 [01:34<05:08, 22.02s/it]
Task 3, Epoch 7/20 => Loss -0.124, Train_accy 100.00:  35%|███▌      | 7/20 [01:34<03:16, 15.10s/it]
Task 3, Epoch 8/20 => Loss 0.000, Train_accy 92.00:  35%|███▌      | 7/20 [01:35<03:16, 15.10s/it]  
Task 3, Epoch 8/20 => Loss 0.000, Train_accy 92.00:  40%|████      | 8/20 [01:35<02:06, 10.56s/it]
Task 3, Epoch 9/20 => Loss -0.052, Train_accy 100.00:  40%|████      | 8/20 [01:36<02:06, 10.56s/it]
Task 3, Epoch 9/20 => Loss -0.052, Train_accy 100.00:  45%|████▌     | 9/20 [01:36<01:22,  7.52s/it]
Task 3, Epoch 10/20 => Loss -0.058, Train_accy 96.00, Test_accy 74.56:  45%|████▌     | 9/20 [03:08<01:22,  7.52s/it]
Task 3, Epoch 10/20 => Loss -0.058, Train_accy 96.00, Test_accy 74.56:  50%|█████     | 10/20 [03:08<05:35, 33.54s/it]
Task 3, Epoch 11/20 => Loss -0.101, Train_accy 96.00:  50%|█████     | 10/20 [03:09<05:35, 33.54s/it]                 
Task 3, Epoch 11/20 => Loss -0.101, Train_accy 96.00:  55%|█████▌    | 11/20 [03:09<03:31, 23.52s/it]
Task 3, Epoch 12/20 => Loss -0.112, Train_accy 92.00:  55%|█████▌    | 11/20 [03:10<03:31, 23.52s/it]
Task 3, Epoch 12/20 => Loss -0.112, Train_accy 92.00:  60%|██████    | 12/20 [03:10<02:12, 16.62s/it]
Task 3, Epoch 13/20 => Loss -0.197, Train_accy 100.00:  60%|██████    | 12/20 [03:10<02:12, 16.62s/it]
Task 3, Epoch 13/20 => Loss -0.197, Train_accy 100.00:  65%|██████▌   | 13/20 [03:10<01:22, 11.85s/it]
Task 3, Epoch 14/20 => Loss -0.288, Train_accy 100.00:  65%|██████▌   | 13/20 [03:11<01:22, 11.85s/it]
Task 3, Epoch 14/20 => Loss -0.288, Train_accy 100.00:  70%|███████   | 14/20 [03:11<00:51,  8.51s/it]
Task 3, Epoch 15/20 => Loss -0.262, Train_accy 100.00, Test_accy 74.60:  70%|███████   | 14/20 [04:43<00:51,  8.51s/it]
Task 3, Epoch 15/20 => Loss -0.262, Train_accy 100.00, Test_accy 74.60:  75%|███████▌  | 15/20 [04:43<02:48, 33.64s/it]
Task 3, Epoch 16/20 => Loss -0.153, Train_accy 96.00:  75%|███████▌  | 15/20 [04:44<02:48, 33.64s/it]                  
Task 3, Epoch 16/20 => Loss -0.153, Train_accy 96.00:  80%|████████  | 16/20 [04:44<01:35, 23.76s/it]
Task 3, Epoch 17/20 => Loss -0.259, Train_accy 100.00:  80%|████████  | 16/20 [04:45<01:35, 23.76s/it]
Task 3, Epoch 17/20 => Loss -0.259, Train_accy 100.00:  85%|████████▌ | 17/20 [04:45<00:50, 16.86s/it]
Task 3, Epoch 18/20 => Loss -0.293, Train_accy 100.00:  85%|████████▌ | 17/20 [04:46<00:50, 16.86s/it]
Task 3, Epoch 18/20 => Loss -0.293, Train_accy 100.00:  90%|█████████ | 18/20 [04:46<00:24, 12.05s/it]
Task 3, Epoch 19/20 => Loss -0.293, Train_accy 100.00:  90%|█████████ | 18/20 [04:46<00:24, 12.05s/it]
Task 3, Epoch 19/20 => Loss -0.293, Train_accy 100.00:  95%|█████████▌| 19/20 [04:46<00:08,  8.67s/it]
Task 3, Epoch 20/20 => Loss -0.230, Train_accy 96.00, Test_accy 74.65:  95%|█████████▌| 19/20 [06:18<00:08,  8.67s/it]
Task 3, Epoch 20/20 => Loss -0.230, Train_accy 96.00, Test_accy 74.65: 100%|██████████| 20/20 [06:18<00:00, 33.64s/it]
Task 3, Epoch 20/20 => Loss -0.230, Train_accy 96.00, Test_accy 74.65: 100%|██████████| 20/20 [06:18<00:00, 18.93s/it]
2025-12-14 22:54:24,971 [l2p.py] => Task 3, Epoch 20/20 => Loss -0.230, Train_accy 96.00, Test_accy 74.65
2025-12-14 22:55:59,704 [trainer.py] => CNN: {'total': 74.65, '00-59': 92.83, '60-64': 2.2, '65-69': 1.4, '70-74': 2.2, '75-79': 96.0, '80-84': 96.0, '85-89': 96.0, '90-94': 100.0, '95-99': 96.0, 'old': 79.83, 'new': 2.2}
2025-12-14 22:55:59,704 [trainer.py] => CNN top1 curve: [93.25, 86.02, 79.76, 74.65]
2025-12-14 22:55:59,704 [trainer.py] => Average Accuracy (CNN): 83.42 

2025-12-14 22:55:59,706 [trainer.py] => All params: 171893193
2025-12-14 22:55:59,706 [trainer.py] => Trainable params: 199781
2025-12-14 22:55:59,706 [l2p.py] => Learning on 75-80

  0%|          | 0/20 [00:00<?, ?it/s]
Task 4, Epoch 1/20 => Loss 1.324, Train_accy 48.00:   0%|          | 0/20 [00:00<?, ?it/s]
Task 4, Epoch 1/20 => Loss 1.324, Train_accy 48.00:   5%|▌         | 1/20 [00:00<00:15,  1.19it/s]
Task 4, Epoch 2/20 => Loss 1.032, Train_accy 44.00:   5%|▌         | 1/20 [00:01<00:15,  1.19it/s]
Task 4, Epoch 2/20 => Loss 1.032, Train_accy 44.00:  10%|█         | 2/20 [00:01<00:14,  1.20it/s]
Task 4, Epoch 3/20 => Loss 0.689, Train_accy 76.00:  10%|█         | 2/20 [00:02<00:14,  1.20it/s]
Task 4, Epoch 3/20 => Loss 0.689, Train_accy 76.00:  15%|█▌        | 3/20 [00:02<00:13,  1.22it/s]
Task 4, Epoch 4/20 => Loss 0.409, Train_accy 92.00:  15%|█▌        | 3/20 [00:03<00:13,  1.22it/s]
Task 4, Epoch 4/20 => Loss 0.409, Train_accy 92.00:  20%|██        | 4/20 [00:03<00:12,  1.24it/s]
Task 4, Epoch 5/20 => Loss 0.351, Train_accy 88.00, Test_accy 69.95:  20%|██        | 4/20 [01:39<00:12,  1.24it/s]
Task 4, Epoch 5/20 => Loss 0.351, Train_accy 88.00, Test_accy 69.95:  25%|██▌       | 5/20 [01:39<08:48, 35.25s/it]
Task 4, Epoch 6/20 => Loss 0.193, Train_accy 88.00:  25%|██▌       | 5/20 [01:40<08:48, 35.25s/it]                 
Task 4, Epoch 6/20 => Loss 0.193, Train_accy 88.00:  30%|███       | 6/20 [01:40<05:29, 23.56s/it]
Task 4, Epoch 7/20 => Loss 0.034, Train_accy 96.00:  30%|███       | 6/20 [01:41<05:29, 23.56s/it]
Task 4, Epoch 7/20 => Loss 0.034, Train_accy 96.00:  35%|███▌      | 7/20 [01:41<03:29, 16.12s/it]
Task 4, Epoch 8/20 => Loss -0.050, Train_accy 100.00:  35%|███▌      | 7/20 [01:42<03:29, 16.12s/it]
Task 4, Epoch 8/20 => Loss -0.050, Train_accy 100.00:  40%|████      | 8/20 [01:42<02:14, 11.25s/it]
Task 4, Epoch 9/20 => Loss -0.078, Train_accy 100.00:  40%|████      | 8/20 [01:42<02:14, 11.25s/it]
Task 4, Epoch 9/20 => Loss -0.078, Train_accy 100.00:  45%|████▌     | 9/20 [01:42<01:27,  8.00s/it]
Task 4, Epoch 10/20 => Loss -0.147, Train_accy 100.00, Test_accy 69.84:  45%|████▌     | 9/20 [03:20<01:27,  8.00s/it]
Task 4, Epoch 10/20 => Loss -0.147, Train_accy 100.00, Test_accy 69.84:  50%|█████     | 10/20 [03:20<05:57, 35.72s/it]
Task 4, Epoch 11/20 => Loss -0.193, Train_accy 100.00:  50%|█████     | 10/20 [03:21<05:57, 35.72s/it]                 
Task 4, Epoch 11/20 => Loss -0.193, Train_accy 100.00:  55%|█████▌    | 11/20 [03:21<03:45, 25.04s/it]
Task 4, Epoch 12/20 => Loss -0.190, Train_accy 96.00:  55%|█████▌    | 11/20 [03:22<03:45, 25.04s/it] 
Task 4, Epoch 12/20 => Loss -0.190, Train_accy 96.00:  60%|██████    | 12/20 [03:22<02:21, 17.66s/it]
Task 4, Epoch 13/20 => Loss -0.161, Train_accy 92.00:  60%|██████    | 12/20 [03:23<02:21, 17.66s/it]
Task 4, Epoch 13/20 => Loss -0.161, Train_accy 92.00:  65%|██████▌   | 13/20 [03:23<01:27, 12.56s/it]
Task 4, Epoch 14/20 => Loss -0.169, Train_accy 96.00:  65%|██████▌   | 13/20 [03:23<01:27, 12.56s/it]
Task 4, Epoch 14/20 => Loss -0.169, Train_accy 96.00:  70%|███████   | 14/20 [03:23<00:54,  9.02s/it]
Task 4, Epoch 15/20 => Loss -0.126, Train_accy 92.00, Test_accy 69.76:  70%|███████   | 14/20 [05:01<00:54,  9.02s/it]
Task 4, Epoch 15/20 => Loss -0.126, Train_accy 92.00, Test_accy 69.76:  75%|███████▌  | 15/20 [05:01<02:58, 35.78s/it]
Task 4, Epoch 16/20 => Loss -0.117, Train_accy 88.00:  75%|███████▌  | 15/20 [05:02<02:58, 35.78s/it]                 
Task 4, Epoch 16/20 => Loss -0.117, Train_accy 88.00:  80%|████████  | 16/20 [05:02<01:41, 25.27s/it]
Task 4, Epoch 17/20 => Loss -0.244, Train_accy 100.00:  80%|████████  | 16/20 [05:03<01:41, 25.27s/it]
Task 4, Epoch 17/20 => Loss -0.244, Train_accy 100.00:  85%|████████▌ | 17/20 [05:03<00:53, 17.93s/it]
Task 4, Epoch 18/20 => Loss -0.160, Train_accy 92.00:  85%|████████▌ | 17/20 [05:04<00:53, 17.93s/it] 
Task 4, Epoch 18/20 => Loss -0.160, Train_accy 92.00:  90%|█████████ | 18/20 [05:04<00:25, 12.78s/it]
Task 4, Epoch 19/20 => Loss -0.185, Train_accy 92.00:  90%|█████████ | 18/20 [05:05<00:25, 12.78s/it]
Task 4, Epoch 19/20 => Loss -0.185, Train_accy 92.00:  95%|█████████▌| 19/20 [05:05<00:09,  9.19s/it]
Task 4, Epoch 20/20 => Loss -0.273, Train_accy 100.00, Test_accy 69.71:  95%|█████████▌| 19/20 [06:42<00:09,  9.19s/it]
Task 4, Epoch 20/20 => Loss -0.273, Train_accy 100.00, Test_accy 69.71: 100%|██████████| 20/20 [06:42<00:00, 35.77s/it]
Task 4, Epoch 20/20 => Loss -0.273, Train_accy 100.00, Test_accy 69.71: 100%|██████████| 20/20 [06:42<00:00, 20.14s/it]
2025-12-14 23:02:42,588 [l2p.py] => Task 4, Epoch 20/20 => Loss -0.273, Train_accy 100.00, Test_accy 69.71
2025-12-14 23:04:21,508 [trainer.py] => CNN: {'total': 69.71, '00-59': 92.55, '60-64': 1.8, '65-69': 1.4, '70-74': 0.8, '75-79': 0.8, '80-84': 92.0, '85-89': 88.0, '90-94': 92.0, '95-99': 100.0, 'old': 74.31, 'new': 0.8}
2025-12-14 23:04:21,509 [trainer.py] => CNN top1 curve: [93.25, 86.02, 79.76, 74.65, 69.71]
2025-12-14 23:04:21,509 [trainer.py] => Average Accuracy (CNN): 80.68 

2025-12-14 23:04:21,512 [trainer.py] => All params: 171893193
2025-12-14 23:04:21,515 [trainer.py] => Trainable params: 199781
2025-12-14 23:04:21,515 [l2p.py] => Learning on 80-85

  0%|          | 0/20 [00:00<?, ?it/s]
Task 5, Epoch 1/20 => Loss 1.470, Train_accy 28.00:   0%|          | 0/20 [00:00<?, ?it/s]
Task 5, Epoch 1/20 => Loss 1.470, Train_accy 28.00:   5%|▌         | 1/20 [00:00<00:15,  1.23it/s]
Task 5, Epoch 2/20 => Loss 0.892, Train_accy 56.00:   5%|▌         | 1/20 [00:01<00:15,  1.23it/s]
Task 5, Epoch 2/20 => Loss 0.892, Train_accy 56.00:  10%|█         | 2/20 [00:01<00:14,  1.21it/s]
Task 5, Epoch 3/20 => Loss 0.570, Train_accy 76.00:  10%|█         | 2/20 [00:02<00:14,  1.21it/s]
Task 5, Epoch 3/20 => Loss 0.570, Train_accy 76.00:  15%|█▌        | 3/20 [00:02<00:13,  1.23it/s]
Task 5, Epoch 4/20 => Loss 0.351, Train_accy 92.00:  15%|█▌        | 3/20 [00:03<00:13,  1.23it/s]
Task 5, Epoch 4/20 => Loss 0.351, Train_accy 92.00:  20%|██        | 4/20 [00:03<00:13,  1.20it/s]
Task 5, Epoch 5/20 => Loss 0.081, Train_accy 100.00, Test_accy 65.61:  20%|██        | 4/20 [01:45<00:13,  1.20it/s]
Task 5, Epoch 5/20 => Loss 0.081, Train_accy 100.00, Test_accy 65.61:  25%|██▌       | 5/20 [01:45<09:20, 37.39s/it]
Task 5, Epoch 6/20 => Loss 0.086, Train_accy 92.00:  25%|██▌       | 5/20 [01:46<09:20, 37.39s/it]                  
Task 5, Epoch 6/20 => Loss 0.086, Train_accy 92.00:  30%|███       | 6/20 [01:46<05:49, 24.97s/it]
Task 5, Epoch 7/20 => Loss 0.063, Train_accy 92.00:  30%|███       | 6/20 [01:47<05:49, 24.97s/it]
Task 5, Epoch 7/20 => Loss 0.063, Train_accy 92.00:  35%|███▌      | 7/20 [01:47<03:42, 17.08s/it]
Task 5, Epoch 8/20 => Loss -0.120, Train_accy 100.00:  35%|███▌      | 7/20 [01:48<03:42, 17.08s/it]
Task 5, Epoch 8/20 => Loss -0.120, Train_accy 100.00:  40%|████      | 8/20 [01:48<02:22, 11.91s/it]
Task 5, Epoch 9/20 => Loss -0.110, Train_accy 96.00:  40%|████      | 8/20 [01:48<02:22, 11.91s/it] 
Task 5, Epoch 9/20 => Loss -0.110, Train_accy 96.00:  45%|████▌     | 9/20 [01:48<01:32,  8.44s/it]
Task 5, Epoch 10/20 => Loss -0.232, Train_accy 100.00, Test_accy 65.56:  45%|████▌     | 9/20 [03:33<01:32,  8.44s/it]
Task 5, Epoch 10/20 => Loss -0.232, Train_accy 100.00, Test_accy 65.56:  50%|█████     | 10/20 [03:33<06:20, 38.06s/it]
Task 5, Epoch 11/20 => Loss -0.119, Train_accy 96.00:  50%|█████     | 10/20 [03:34<06:20, 38.06s/it]                  
Task 5, Epoch 11/20 => Loss -0.119, Train_accy 96.00:  55%|█████▌    | 11/20 [03:34<04:00, 26.68s/it]
Task 5, Epoch 12/20 => Loss -0.138, Train_accy 96.00:  55%|█████▌    | 11/20 [03:34<04:00, 26.68s/it]
Task 5, Epoch 12/20 => Loss -0.138, Train_accy 96.00:  60%|██████    | 12/20 [03:34<02:30, 18.82s/it]
Task 5, Epoch 13/20 => Loss -0.259, Train_accy 100.00:  60%|██████    | 12/20 [03:35<02:30, 18.82s/it]
Task 5, Epoch 13/20 => Loss -0.259, Train_accy 100.00:  65%|██████▌   | 13/20 [03:35<01:33, 13.38s/it]
Task 5, Epoch 14/20 => Loss -0.191, Train_accy 100.00:  65%|██████▌   | 13/20 [03:36<01:33, 13.38s/it]
Task 5, Epoch 14/20 => Loss -0.191, Train_accy 100.00:  70%|███████   | 14/20 [03:36<00:57,  9.60s/it]
Task 5, Epoch 15/20 => Loss -0.212, Train_accy 96.00, Test_accy 65.56:  70%|███████   | 14/20 [05:20<00:57,  9.60s/it]
Task 5, Epoch 15/20 => Loss -0.212, Train_accy 96.00, Test_accy 65.56:  75%|███████▌  | 15/20 [05:20<03:10, 38.14s/it]
Task 5, Epoch 16/20 => Loss -0.257, Train_accy 100.00:  75%|███████▌  | 15/20 [05:21<03:10, 38.14s/it]                
Task 5, Epoch 16/20 => Loss -0.257, Train_accy 100.00:  80%|████████  | 16/20 [05:21<01:47, 26.91s/it]
Task 5, Epoch 17/20 => Loss -0.247, Train_accy 96.00:  80%|████████  | 16/20 [05:22<01:47, 26.91s/it] 
Task 5, Epoch 17/20 => Loss -0.247, Train_accy 96.00:  85%|████████▌ | 17/20 [05:22<00:57, 19.07s/it]
Task 5, Epoch 18/20 => Loss -0.252, Train_accy 100.00:  85%|████████▌ | 17/20 [05:23<00:57, 19.07s/it]
Task 5, Epoch 18/20 => Loss -0.252, Train_accy 100.00:  90%|█████████ | 18/20 [05:23<00:27, 13.60s/it]
Task 5, Epoch 19/20 => Loss -0.258, Train_accy 100.00:  90%|█████████ | 18/20 [05:24<00:27, 13.60s/it]
Task 5, Epoch 19/20 => Loss -0.258, Train_accy 100.00:  95%|█████████▌| 19/20 [05:24<00:09,  9.76s/it]
Task 5, Epoch 20/20 => Loss -0.198, Train_accy 96.00, Test_accy 65.55:  95%|█████████▌| 19/20 [07:08<00:09,  9.76s/it]
Task 5, Epoch 20/20 => Loss -0.198, Train_accy 96.00, Test_accy 65.55: 100%|██████████| 20/20 [07:08<00:00, 38.00s/it]
Task 5, Epoch 20/20 => Loss -0.198, Train_accy 96.00, Test_accy 65.55: 100%|██████████| 20/20 [07:08<00:00, 21.41s/it]
2025-12-14 23:11:29,699 [l2p.py] => Task 5, Epoch 20/20 => Loss -0.198, Train_accy 96.00, Test_accy 65.55
2025-12-14 23:13:13,374 [trainer.py] => CNN: {'total': 65.55, '00-59': 92.53, '60-64': 1.6, '65-69': 0.8, '70-74': 0.6, '75-79': 0.8, '80-84': 0.2, '85-89': 92.0, '90-94': 88.0, '95-99': 100.0, 'old': 69.64, 'new': 0.2}
2025-12-14 23:13:13,374 [trainer.py] => CNN top1 curve: [93.25, 86.02, 79.76, 74.65, 69.71, 65.55]
2025-12-14 23:13:13,374 [trainer.py] => Average Accuracy (CNN): 78.16 

2025-12-14 23:13:13,377 [trainer.py] => All params: 171893193
2025-12-14 23:13:13,379 [trainer.py] => Trainable params: 199781
2025-12-14 23:13:13,379 [l2p.py] => Learning on 85-90

  0%|          | 0/20 [00:00<?, ?it/s]
Task 6, Epoch 1/20 => Loss 1.583, Train_accy 8.00:   0%|          | 0/20 [00:00<?, ?it/s]
Task 6, Epoch 1/20 => Loss 1.583, Train_accy 8.00:   5%|▌         | 1/20 [00:00<00:16,  1.18it/s]
Task 6, Epoch 2/20 => Loss 0.996, Train_accy 56.00:   5%|▌         | 1/20 [00:01<00:16,  1.18it/s]
Task 6, Epoch 2/20 => Loss 0.996, Train_accy 56.00:  10%|█         | 2/20 [00:01<00:15,  1.13it/s]
Task 6, Epoch 3/20 => Loss 0.631, Train_accy 80.00:  10%|█         | 2/20 [00:02<00:15,  1.13it/s]
Task 6, Epoch 3/20 => Loss 0.631, Train_accy 80.00:  15%|█▌        | 3/20 [00:02<00:14,  1.15it/s]
Task 6, Epoch 4/20 => Loss 0.310, Train_accy 92.00:  15%|█▌        | 3/20 [00:03<00:14,  1.15it/s]
Task 6, Epoch 4/20 => Loss 0.310, Train_accy 92.00:  20%|██        | 4/20 [00:03<00:13,  1.17it/s]
Task 6, Epoch 5/20 => Loss 0.123, Train_accy 92.00, Test_accy 61.96:  20%|██        | 4/20 [01:53<00:13,  1.17it/s]
Task 6, Epoch 5/20 => Loss 0.123, Train_accy 92.00, Test_accy 61.96:  25%|██▌       | 5/20 [01:53<10:00, 40.06s/it]
Task 6, Epoch 6/20 => Loss -0.051, Train_accy 96.00:  25%|██▌       | 5/20 [01:53<10:00, 40.06s/it]                
Task 6, Epoch 6/20 => Loss -0.051, Train_accy 96.00:  30%|███       | 6/20 [01:53<06:14, 26.73s/it]
Task 6, Epoch 7/20 => Loss -0.101, Train_accy 100.00:  30%|███       | 6/20 [01:54<06:14, 26.73s/it]
Task 6, Epoch 7/20 => Loss -0.101, Train_accy 100.00:  35%|███▌      | 7/20 [01:54<03:57, 18.27s/it]
Task 6, Epoch 8/20 => Loss -0.042, Train_accy 92.00:  35%|███▌      | 7/20 [01:55<03:57, 18.27s/it] 
Task 6, Epoch 8/20 => Loss -0.042, Train_accy 92.00:  40%|████      | 8/20 [01:55<02:32, 12.72s/it]
Task 6, Epoch 9/20 => Loss -0.206, Train_accy 100.00:  40%|████      | 8/20 [01:56<02:32, 12.72s/it]
Task 6, Epoch 9/20 => Loss -0.206, Train_accy 100.00:  45%|████▌     | 9/20 [01:56<01:39,  9.02s/it]
Task 6, Epoch 10/20 => Loss -0.267, Train_accy 100.00, Test_accy 61.93:  45%|████▌     | 9/20 [03:46<01:39,  9.02s/it]
Task 6, Epoch 10/20 => Loss -0.267, Train_accy 100.00, Test_accy 61.93:  50%|█████     | 10/20 [03:46<06:41, 40.19s/it]
Task 6, Epoch 11/20 => Loss -0.241, Train_accy 100.00:  50%|█████     | 10/20 [03:47<06:41, 40.19s/it]                 
Task 6, Epoch 11/20 => Loss -0.241, Train_accy 100.00:  55%|█████▌    | 11/20 [03:47<04:13, 28.15s/it]
Task 6, Epoch 12/20 => Loss -0.248, Train_accy 100.00:  55%|█████▌    | 11/20 [03:48<04:13, 28.15s/it]
Task 6, Epoch 12/20 => Loss -0.248, Train_accy 100.00:  60%|██████    | 12/20 [03:48<02:38, 19.83s/it]
Task 6, Epoch 13/20 => Loss -0.257, Train_accy 96.00:  60%|██████    | 12/20 [03:48<02:38, 19.83s/it] 
Task 6, Epoch 13/20 => Loss -0.257, Train_accy 96.00:  65%|██████▌   | 13/20 [03:48<01:38, 14.09s/it]
Task 6, Epoch 14/20 => Loss -0.202, Train_accy 96.00:  65%|██████▌   | 13/20 [03:49<01:38, 14.09s/it]
Task 6, Epoch 14/20 => Loss -0.202, Train_accy 96.00:  70%|███████   | 14/20 [03:49<01:00, 10.09s/it]
Task 6, Epoch 15/20 => Loss -0.307, Train_accy 100.00, Test_accy 61.96:  70%|███████   | 14/20 [05:39<01:00, 10.09s/it]
Task 6, Epoch 15/20 => Loss -0.307, Train_accy 100.00, Test_accy 61.96:  75%|███████▌  | 15/20 [05:39<03:20, 40.14s/it]
Task 6, Epoch 16/20 => Loss -0.191, Train_accy 96.00:  75%|███████▌  | 15/20 [05:40<03:20, 40.14s/it]                  
Task 6, Epoch 16/20 => Loss -0.191, Train_accy 96.00:  80%|████████  | 16/20 [05:40<01:53, 28.31s/it]
Task 6, Epoch 17/20 => Loss -0.136, Train_accy 92.00:  80%|████████  | 16/20 [05:41<01:53, 28.31s/it]
Task 6, Epoch 17/20 => Loss -0.136, Train_accy 92.00:  85%|████████▌ | 17/20 [05:41<01:00, 20.06s/it]
Task 6, Epoch 18/20 => Loss -0.230, Train_accy 96.00:  85%|████████▌ | 17/20 [05:42<01:00, 20.06s/it]
Task 6, Epoch 18/20 => Loss -0.230, Train_accy 96.00:  90%|█████████ | 18/20 [05:42<00:28, 14.28s/it]
Task 6, Epoch 19/20 => Loss -0.264, Train_accy 100.00:  90%|█████████ | 18/20 [05:42<00:28, 14.28s/it]
Task 6, Epoch 19/20 => Loss -0.264, Train_accy 100.00:  95%|█████████▌| 19/20 [05:42<00:10, 10.25s/it]
Task 6, Epoch 20/20 => Loss -0.310, Train_accy 100.00, Test_accy 61.91:  95%|█████████▌| 19/20 [07:31<00:10, 10.25s/it]
Task 6, Epoch 20/20 => Loss -0.310, Train_accy 100.00, Test_accy 61.91: 100%|██████████| 20/20 [07:31<00:00, 39.64s/it]
Task 6, Epoch 20/20 => Loss -0.310, Train_accy 100.00, Test_accy 61.91: 100%|██████████| 20/20 [07:31<00:00, 22.56s/it]
2025-12-14 23:20:44,546 [l2p.py] => Task 6, Epoch 20/20 => Loss -0.310, Train_accy 100.00, Test_accy 61.91
2025-12-14 23:22:35,983 [trainer.py] => CNN: {'total': 61.91, '00-59': 92.5, '60-64': 1.6, '65-69': 1.0, '70-74': 0.4, '75-79': 0.8, '80-84': 0.2, '85-89': 0.4, '90-94': 92.0, '95-99': 96.0, 'old': 65.53, 'new': 0.4}
2025-12-14 23:22:35,983 [trainer.py] => CNN top1 curve: [93.25, 86.02, 79.76, 74.65, 69.71, 65.55, 61.91]
2025-12-14 23:22:35,983 [trainer.py] => Average Accuracy (CNN): 75.84 

2025-12-14 23:22:35,984 [trainer.py] => All params: 171893193
2025-12-14 23:22:35,986 [trainer.py] => Trainable params: 199781
2025-12-14 23:22:35,986 [l2p.py] => Learning on 90-95

  0%|          | 0/20 [00:00<?, ?it/s]
Task 7, Epoch 1/20 => Loss 1.041, Train_accy 40.00:   0%|          | 0/20 [00:00<?, ?it/s]
Task 7, Epoch 1/20 => Loss 1.041, Train_accy 40.00:   5%|▌         | 1/20 [00:00<00:16,  1.17it/s]
Task 7, Epoch 2/20 => Loss 0.551, Train_accy 80.00:   5%|▌         | 1/20 [00:01<00:16,  1.17it/s]
Task 7, Epoch 2/20 => Loss 0.551, Train_accy 80.00:  10%|█         | 2/20 [00:01<00:14,  1.21it/s]
Task 7, Epoch 3/20 => Loss 0.188, Train_accy 96.00:  10%|█         | 2/20 [00:02<00:14,  1.21it/s]
Task 7, Epoch 3/20 => Loss 0.188, Train_accy 96.00:  15%|█▌        | 3/20 [00:02<00:14,  1.19it/s]
Task 7, Epoch 4/20 => Loss 0.039, Train_accy 100.00:  15%|█▌        | 3/20 [00:03<00:14,  1.19it/s]
Task 7, Epoch 4/20 => Loss 0.039, Train_accy 100.00:  20%|██        | 4/20 [00:03<00:13,  1.18it/s]
Task 7, Epoch 5/20 => Loss -0.144, Train_accy 100.00, Test_accy 58.65:  20%|██        | 4/20 [01:59<00:13,  1.18it/s]
Task 7, Epoch 5/20 => Loss -0.144, Train_accy 100.00, Test_accy 58.65:  25%|██▌       | 5/20 [01:59<10:37, 42.48s/it]
Task 7, Epoch 6/20 => Loss -0.066, Train_accy 100.00:  25%|██▌       | 5/20 [02:00<10:37, 42.48s/it]                 
Task 7, Epoch 6/20 => Loss -0.066, Train_accy 100.00:  30%|███       | 6/20 [02:00<06:36, 28.34s/it]
Task 7, Epoch 7/20 => Loss -0.145, Train_accy 96.00:  30%|███       | 6/20 [02:01<06:36, 28.34s/it] 
Task 7, Epoch 7/20 => Loss -0.145, Train_accy 96.00:  35%|███▌      | 7/20 [02:01<04:11, 19.36s/it]
Task 7, Epoch 8/20 => Loss -0.267, Train_accy 100.00:  35%|███▌      | 7/20 [02:02<04:11, 19.36s/it]
Task 7, Epoch 8/20 => Loss -0.267, Train_accy 100.00:  40%|████      | 8/20 [02:02<02:41, 13.46s/it]
Task 7, Epoch 9/20 => Loss -0.171, Train_accy 96.00:  40%|████      | 8/20 [02:03<02:41, 13.46s/it] 
Task 7, Epoch 9/20 => Loss -0.171, Train_accy 96.00:  45%|████▌     | 9/20 [02:03<01:44,  9.53s/it]
Task 7, Epoch 10/20 => Loss -0.197, Train_accy 100.00, Test_accy 58.59:  45%|████▌     | 9/20 [03:57<01:44,  9.53s/it]
Task 7, Epoch 10/20 => Loss -0.197, Train_accy 100.00, Test_accy 58.59:  50%|█████     | 10/20 [03:57<06:59, 41.96s/it]
Task 7, Epoch 11/20 => Loss -0.284, Train_accy 100.00:  50%|█████     | 10/20 [03:58<06:59, 41.96s/it]                 
Task 7, Epoch 11/20 => Loss -0.284, Train_accy 100.00:  55%|█████▌    | 11/20 [03:58<04:24, 29.38s/it]
Task 7, Epoch 12/20 => Loss -0.226, Train_accy 96.00:  55%|█████▌    | 11/20 [03:59<04:24, 29.38s/it] 
Task 7, Epoch 12/20 => Loss -0.226, Train_accy 96.00:  60%|██████    | 12/20 [03:59<02:45, 20.71s/it]
Task 7, Epoch 13/20 => Loss -0.271, Train_accy 100.00:  60%|██████    | 12/20 [04:00<02:45, 20.71s/it]
Task 7, Epoch 13/20 => Loss -0.271, Train_accy 100.00:  65%|██████▌   | 13/20 [04:00<01:42, 14.70s/it]
Task 7, Epoch 14/20 => Loss -0.280, Train_accy 100.00:  65%|██████▌   | 13/20 [04:01<01:42, 14.70s/it]
Task 7, Epoch 14/20 => Loss -0.280, Train_accy 100.00:  70%|███████   | 14/20 [04:01<01:03, 10.53s/it]
Task 7, Epoch 15/20 => Loss -0.228, Train_accy 96.00, Test_accy 58.57:  70%|███████   | 14/20 [05:57<01:03, 10.53s/it]
Task 7, Epoch 15/20 => Loss -0.228, Train_accy 96.00, Test_accy 58.57:  75%|███████▌  | 15/20 [05:57<03:31, 42.27s/it]
Task 7, Epoch 16/20 => Loss -0.190, Train_accy 96.00:  75%|███████▌  | 15/20 [05:57<03:31, 42.27s/it]                 
Task 7, Epoch 16/20 => Loss -0.190, Train_accy 96.00:  80%|████████  | 16/20 [05:57<01:59, 29.79s/it]
Task 7, Epoch 17/20 => Loss -0.292, Train_accy 100.00:  80%|████████  | 16/20 [05:58<01:59, 29.79s/it]
Task 7, Epoch 17/20 => Loss -0.292, Train_accy 100.00:  85%|████████▌ | 17/20 [05:58<01:03, 21.09s/it]
Task 7, Epoch 18/20 => Loss -0.241, Train_accy 96.00:  85%|████████▌ | 17/20 [05:59<01:03, 21.09s/it] 
Task 7, Epoch 18/20 => Loss -0.241, Train_accy 96.00:  90%|█████████ | 18/20 [05:59<00:30, 15.02s/it]
Task 7, Epoch 19/20 => Loss -0.278, Train_accy 100.00:  90%|█████████ | 18/20 [06:00<00:30, 15.02s/it]
Task 7, Epoch 19/20 => Loss -0.278, Train_accy 100.00:  95%|█████████▌| 19/20 [06:00<00:10, 10.76s/it]
Task 7, Epoch 20/20 => Loss -0.267, Train_accy 96.00, Test_accy 58.59:  95%|█████████▌| 19/20 [07:56<00:10, 10.76s/it]
Task 7, Epoch 20/20 => Loss -0.267, Train_accy 96.00, Test_accy 58.59: 100%|██████████| 20/20 [07:56<00:00, 42.30s/it]
Task 7, Epoch 20/20 => Loss -0.267, Train_accy 96.00, Test_accy 58.59: 100%|██████████| 20/20 [07:56<00:00, 23.81s/it]
2025-12-14 23:30:32,277 [l2p.py] => Task 7, Epoch 20/20 => Loss -0.267, Train_accy 96.00, Test_accy 58.59
2025-12-14 23:32:28,254 [trainer.py] => CNN: {'total': 58.59, '00-59': 92.33, '60-64': 1.8, '65-69': 1.2, '70-74': 0.4, '75-79': 0.8, '80-84': 0.2, '85-89': 0.4, '90-94': 0.4, '95-99': 96.0, 'old': 61.82, 'new': 0.4}
2025-12-14 23:32:28,255 [trainer.py] => CNN top1 curve: [93.25, 86.02, 79.76, 74.65, 69.71, 65.55, 61.91, 58.59]
2025-12-14 23:32:28,255 [trainer.py] => Average Accuracy (CNN): 73.68 

2025-12-14 23:32:28,256 [trainer.py] => All params: 171893193
2025-12-14 23:32:28,258 [trainer.py] => Trainable params: 199781
2025-12-14 23:32:28,258 [l2p.py] => Learning on 95-100

  0%|          | 0/20 [00:00<?, ?it/s]
Task 8, Epoch 1/20 => Loss 1.514, Train_accy 12.00:   0%|          | 0/20 [00:00<?, ?it/s]
Task 8, Epoch 1/20 => Loss 1.514, Train_accy 12.00:   5%|▌         | 1/20 [00:00<00:15,  1.21it/s]
Task 8, Epoch 2/20 => Loss 1.038, Train_accy 44.00:   5%|▌         | 1/20 [00:01<00:15,  1.21it/s]
Task 8, Epoch 2/20 => Loss 1.038, Train_accy 44.00:  10%|█         | 2/20 [00:01<00:15,  1.18it/s]
Task 8, Epoch 3/20 => Loss 0.614, Train_accy 72.00:  10%|█         | 2/20 [00:02<00:15,  1.18it/s]
Task 8, Epoch 3/20 => Loss 0.614, Train_accy 72.00:  15%|█▌        | 3/20 [00:02<00:14,  1.16it/s]
Task 8, Epoch 4/20 => Loss 0.360, Train_accy 80.00:  15%|█▌        | 3/20 [00:03<00:14,  1.16it/s]
Task 8, Epoch 4/20 => Loss 0.360, Train_accy 80.00:  20%|██        | 4/20 [00:03<00:13,  1.18it/s]
Task 8, Epoch 5/20 => Loss 0.085, Train_accy 96.00, Test_accy 55.71:  20%|██        | 4/20 [02:03<00:13,  1.18it/s]
Task 8, Epoch 5/20 => Loss 0.085, Train_accy 96.00, Test_accy 55.71:  25%|██▌       | 5/20 [02:03<10:57, 43.82s/it]
Task 8, Epoch 6/20 => Loss -0.034, Train_accy 100.00:  25%|██▌       | 5/20 [02:04<10:57, 43.82s/it]               
Task 8, Epoch 6/20 => Loss -0.034, Train_accy 100.00:  30%|███       | 6/20 [02:04<06:47, 29.14s/it]
Task 8, Epoch 7/20 => Loss -0.142, Train_accy 100.00:  30%|███       | 6/20 [02:04<06:47, 29.14s/it]
Task 8, Epoch 7/20 => Loss -0.142, Train_accy 100.00:  35%|███▌      | 7/20 [02:04<04:18, 19.89s/it]
Task 8, Epoch 8/20 => Loss -0.195, Train_accy 100.00:  35%|███▌      | 7/20 [02:05<04:18, 19.89s/it]
Task 8, Epoch 8/20 => Loss -0.195, Train_accy 100.00:  40%|████      | 8/20 [02:05<02:45, 13.82s/it]
Task 8, Epoch 9/20 => Loss -0.145, Train_accy 96.00:  40%|████      | 8/20 [02:06<02:45, 13.82s/it] 
Task 8, Epoch 9/20 => Loss -0.145, Train_accy 96.00:  45%|████▌     | 9/20 [02:06<01:47,  9.77s/it]
Task 8, Epoch 10/20 => Loss -0.134, Train_accy 96.00, Test_accy 55.69:  45%|████▌     | 9/20 [03:57<01:47,  9.77s/it]
Task 8, Epoch 10/20 => Loss -0.134, Train_accy 96.00, Test_accy 55.69:  50%|█████     | 10/20 [03:57<06:51, 41.11s/it]
Task 8, Epoch 11/20 => Loss -0.244, Train_accy 100.00:  50%|█████     | 10/20 [03:58<06:51, 41.11s/it]                
Task 8, Epoch 11/20 => Loss -0.244, Train_accy 100.00:  55%|█████▌    | 11/20 [03:58<04:19, 28.82s/it]
Task 8, Epoch 12/20 => Loss -0.289, Train_accy 100.00:  55%|█████▌    | 11/20 [03:59<04:19, 28.82s/it]
Task 8, Epoch 12/20 => Loss -0.289, Train_accy 100.00:  60%|██████    | 12/20 [03:59<02:42, 20.33s/it]
Task 8, Epoch 13/20 => Loss -0.292, Train_accy 100.00:  60%|██████    | 12/20 [04:00<02:42, 20.33s/it]
Task 8, Epoch 13/20 => Loss -0.292, Train_accy 100.00:  65%|██████▌   | 13/20 [04:00<01:41, 14.43s/it]
Task 8, Epoch 14/20 => Loss -0.265, Train_accy 96.00:  65%|██████▌   | 13/20 [04:01<01:41, 14.43s/it] 
Task 8, Epoch 14/20 => Loss -0.265, Train_accy 96.00:  70%|███████   | 14/20 [04:01<01:02, 10.35s/it]
Task 8, Epoch 15/20 => Loss -0.263, Train_accy 100.00, Test_accy 55.69:  70%|███████   | 14/20 [05:55<01:02, 10.35s/it]
Task 8, Epoch 15/20 => Loss -0.263, Train_accy 100.00, Test_accy 55.69:  75%|███████▌  | 15/20 [05:55<03:27, 41.48s/it]
Task 8, Epoch 16/20 => Loss -0.264, Train_accy 96.00:  75%|███████▌  | 15/20 [05:55<03:27, 41.48s/it]                  
Task 8, Epoch 16/20 => Loss -0.264, Train_accy 96.00:  80%|████████  | 16/20 [05:55<01:56, 29.18s/it]
Task 8, Epoch 17/20 => Loss -0.261, Train_accy 96.00:  80%|████████  | 16/20 [05:56<01:56, 29.18s/it]
Task 8, Epoch 17/20 => Loss -0.261, Train_accy 96.00:  85%|████████▌ | 17/20 [05:56<01:01, 20.60s/it]
Task 8, Epoch 18/20 => Loss -0.209, Train_accy 92.00:  85%|████████▌ | 17/20 [05:57<01:01, 20.60s/it]
Task 8, Epoch 18/20 => Loss -0.209, Train_accy 92.00:  90%|█████████ | 18/20 [05:57<00:29, 14.60s/it]
Task 8, Epoch 19/20 => Loss -0.258, Train_accy 100.00:  90%|█████████ | 18/20 [05:57<00:29, 14.60s/it]
Task 8, Epoch 19/20 => Loss -0.258, Train_accy 100.00:  95%|█████████▌| 19/20 [05:57<00:10, 10.43s/it]
Task 8, Epoch 20/20 => Loss -0.227, Train_accy 96.00, Test_accy 55.70:  95%|█████████▌| 19/20 [07:49<00:10, 10.43s/it]
Task 8, Epoch 20/20 => Loss -0.227, Train_accy 96.00, Test_accy 55.70: 100%|██████████| 20/20 [07:49<00:00, 40.80s/it]
Task 8, Epoch 20/20 => Loss -0.227, Train_accy 96.00, Test_accy 55.70: 100%|██████████| 20/20 [07:49<00:00, 23.47s/it]
2025-12-14 23:40:17,639 [l2p.py] => Task 8, Epoch 20/20 => Loss -0.227, Train_accy 96.00, Test_accy 55.70
2025-12-14 23:42:09,546 [trainer.py] => CNN: {'total': 55.7, '00-59': 92.37, '60-64': 1.8, '65-69': 1.2, '70-74': 0.4, '75-79': 0.8, '80-84': 0.2, '85-89': 0.4, '90-94': 0.6, '95-99': 0.2, 'old': 58.62, 'new': 0.2}
2025-12-14 23:42:09,547 [trainer.py] => CNN top1 curve: [93.25, 86.02, 79.76, 74.65, 69.71, 65.55, 61.91, 58.59, 55.7]
2025-12-14 23:42:09,547 [trainer.py] => Average Accuracy (CNN): 71.68 


================================================================================
Finished cifar224_init60_inc5: vit_base_patch16_224_l2p  
Base Accuracy: 93.25
Lase Accuracy: 55.7
Average Accuracy (Top1): 71.68
PD: 37.55
Backward Transfer (BWT): -0.36
Forward Transfer (FWT): 43.3
Accuracy Matrix (CNN):
[[ 93.25  88.    80.    80.    80.    76.    84.    96.    96.  ]
 [ 92.97   2.6   76.    84.    96.    92.    92.    88.    88.  ]
 [ 92.85   1.6    0.8   88.    96.    84.    84.    84.    88.  ]
 [ 92.83   2.2    1.4    2.2   96.    96.    96.   100.    96.  ]
 [ 92.55   1.8    1.4    0.8    0.8   92.    88.    92.   100.  ]
 [ 92.53   1.6    0.8    0.6    0.8    0.2   92.    88.   100.  ]
 [ 92.5    1.6    1.     0.4    0.8    0.2    0.4   92.    96.  ]
 [ 92.33   1.8    1.2    0.4    0.8    0.2    0.4    0.4   96.  ]
 [ 92.37   1.8    1.2    0.4    0.8    0.2    0.4    0.6    0.2 ]]
================================================================================

2025-12-15 07:12:27,403 [trainer.py] => config: ./scripts/l2p/l2p_inr_B100_Inc5.json
2025-12-15 07:12:27,403 [trainer.py] => prefix:  
2025-12-15 07:12:27,403 [trainer.py] => dataset: imagenetr
2025-12-15 07:12:27,403 [trainer.py] => memory_size: 0
2025-12-15 07:12:27,403 [trainer.py] => memory_per_class: 0
2025-12-15 07:12:27,403 [trainer.py] => fixed_memory: False
2025-12-15 07:12:27,403 [trainer.py] => shuffle: True
2025-12-15 07:12:27,403 [trainer.py] => init_cls: 100
2025-12-15 07:12:27,403 [trainer.py] => increment: 5
2025-12-15 07:12:27,403 [trainer.py] => model_name: l2p
2025-12-15 07:12:27,403 [trainer.py] => backbone_type: vit_base_patch16_224_l2p
2025-12-15 07:12:27,403 [trainer.py] => get_original_backbone: True
2025-12-15 07:12:27,403 [trainer.py] => device: [device(type='cuda', index=7)]
2025-12-15 07:12:27,403 [trainer.py] => seed: 2025
2025-12-15 07:12:27,403 [trainer.py] => kshot: 5
2025-12-15 07:12:27,403 [trainer.py] => tuned_epoch: 20
2025-12-15 07:12:27,404 [trainer.py] => init_lr: 0.001875
2025-12-15 07:12:27,404 [trainer.py] => batch_size: 48
2025-12-15 07:12:27,404 [trainer.py] => weight_decay: 0
2025-12-15 07:12:27,404 [trainer.py] => min_lr: 1e-05
2025-12-15 07:12:27,404 [trainer.py] => optimizer: adam
2025-12-15 07:12:27,404 [trainer.py] => scheduler: constant
2025-12-15 07:12:27,404 [trainer.py] => reinit_optimizer: True
2025-12-15 07:12:27,404 [trainer.py] => global_pool: token
2025-12-15 07:12:27,404 [trainer.py] => head_type: prompt
2025-12-15 07:12:27,404 [trainer.py] => freeze: ['blocks', 'patch_embed', 'cls_token', 'norm', 'pos_embed']
2025-12-15 07:12:27,404 [trainer.py] => pretrained: True
2025-12-15 07:12:27,404 [trainer.py] => drop: 0.0
2025-12-15 07:12:27,404 [trainer.py] => drop_path: 0.0
2025-12-15 07:12:27,404 [trainer.py] => prompt_pool: True
2025-12-15 07:12:27,404 [trainer.py] => size: 10
2025-12-15 07:12:27,404 [trainer.py] => length: 5
2025-12-15 07:12:27,404 [trainer.py] => top_k: 5
2025-12-15 07:12:27,404 [trainer.py] => initializer: uniform
2025-12-15 07:12:27,404 [trainer.py] => prompt_key: True
2025-12-15 07:12:27,404 [trainer.py] => prompt_key_init: uniform
2025-12-15 07:12:27,404 [trainer.py] => use_prompt_mask: False
2025-12-15 07:12:27,404 [trainer.py] => shared_prompt_pool: False
2025-12-15 07:12:27,404 [trainer.py] => shared_prompt_key: False
2025-12-15 07:12:27,404 [trainer.py] => batchwise_prompt: True
2025-12-15 07:12:27,404 [trainer.py] => embedding_key: cls
2025-12-15 07:12:27,404 [trainer.py] => predefined_key: 
2025-12-15 07:12:27,404 [trainer.py] => pull_constraint: True
2025-12-15 07:12:27,404 [trainer.py] => pull_constraint_coeff: 0.1
2025-12-15 07:12:27,404 [trainer.py] => gpu_models: ['NVIDIA A40']
2025-12-15 07:12:27,488 [data_manager.py] => [30, 0, 32, 34, 5, 49, 56, 154, 143, 82, 19, 165, 58, 106, 196, 126, 178, 80, 192, 1, 44, 31, 197, 150, 132, 149, 112, 141, 54, 104, 26, 46, 20, 156, 23, 83, 47, 129, 9, 84, 187, 130, 48, 138, 191, 108, 139, 158, 4, 66, 146, 2, 113, 142, 194, 109, 102, 166, 176, 167, 162, 131, 134, 122, 107, 96, 135, 45, 93, 136, 70, 81, 51, 17, 172, 29, 71, 57, 184, 148, 179, 43, 161, 100, 182, 37, 8, 14, 180, 189, 11, 53, 6, 24, 7, 88, 175, 183, 35, 128, 75, 186, 99, 78, 123, 133, 74, 125, 120, 89, 39, 63, 155, 65, 77, 116, 171, 114, 105, 170, 12, 121, 195, 60, 185, 110, 91, 68, 198, 59, 38, 174, 87, 28, 157, 193, 86, 147, 16, 98, 36, 61, 137, 18, 21, 103, 25, 15, 118, 72, 50, 168, 152, 190, 199, 55, 181, 92, 163, 85, 69, 177, 95, 52, 159, 169, 188, 127, 79, 42, 164, 124, 41, 90, 115, 13, 27, 73, 33, 173, 119, 145, 153, 3, 117, 64, 144, 111, 101, 151, 40, 97, 10, 22, 160, 140, 67, 76, 94, 62]
2025-12-15 07:12:29,586 [vit_l2p.py] => Resized position embedding: torch.Size([1, 197, 768]) to torch.Size([1, 222, 768])
2025-12-15 07:12:29,586 [vit_l2p.py] => Position embedding grid-size from [14, 14] to (14, 14)
2025-12-15 07:12:31,619 [l2p.py] => 86,017,736 model total parameters.
2025-12-15 07:12:31,620 [l2p.py] => 199,880 model training parameters.
2025-12-15 07:12:31,620 [l2p.py] => prompt.prompt: 38400
2025-12-15 07:12:31,620 [l2p.py] => prompt.prompt_key: 7680
2025-12-15 07:12:31,620 [l2p.py] => head.weight: 153600
2025-12-15 07:12:31,620 [l2p.py] => head.bias: 200
2025-12-15 07:12:31,621 [trainer.py] => All params: 172123793
2025-12-15 07:12:31,622 [trainer.py] => Trainable params: 353481
2025-12-15 07:12:31,622 [l2p.py] => Learning on 0-100

  0%|          | 0/20 [00:00<?, ?it/s]
Task 0, Epoch 1/20 => Loss 2.194, Train_accy 52.02:   0%|          | 0/20 [01:45<?, ?it/s]
Task 0, Epoch 1/20 => Loss 2.194, Train_accy 52.02:   5%|▌         | 1/20 [01:45<33:17, 105.13s/it]
Task 0, Epoch 2/20 => Loss 1.324, Train_accy 66.07:   5%|▌         | 1/20 [03:29<33:17, 105.13s/it]
Task 0, Epoch 2/20 => Loss 1.324, Train_accy 66.07:  10%|█         | 2/20 [03:29<31:28, 104.90s/it]
Task 0, Epoch 3/20 => Loss 1.100, Train_accy 69.98:  10%|█         | 2/20 [05:14<31:28, 104.90s/it]
Task 0, Epoch 3/20 => Loss 1.100, Train_accy 69.98:  15%|█▌        | 3/20 [05:14<29:42, 104.83s/it]
Task 0, Epoch 4/20 => Loss 0.957, Train_accy 72.51:  15%|█▌        | 3/20 [06:59<29:42, 104.83s/it]
Task 0, Epoch 4/20 => Loss 0.957, Train_accy 72.51:  20%|██        | 4/20 [06:59<27:58, 104.93s/it]
Task 0, Epoch 5/20 => Loss 0.860, Train_accy 74.60, Test_accy 76.85:  20%|██        | 4/20 [09:02<27:58, 104.93s/it]
Task 0, Epoch 5/20 => Loss 0.860, Train_accy 74.60, Test_accy 76.85:  25%|██▌       | 5/20 [09:02<27:51, 111.43s/it]
Task 0, Epoch 6/20 => Loss 0.797, Train_accy 75.68:  25%|██▌       | 5/20 [10:48<27:51, 111.43s/it]                 
Task 0, Epoch 6/20 => Loss 0.797, Train_accy 75.68:  30%|███       | 6/20 [10:48<25:33, 109.53s/it]
Task 0, Epoch 7/20 => Loss 0.753, Train_accy 77.24:  30%|███       | 6/20 [12:33<25:33, 109.53s/it]
Task 0, Epoch 7/20 => Loss 0.753, Train_accy 77.24:  35%|███▌      | 7/20 [12:33<23:26, 108.21s/it]
Task 0, Epoch 8/20 => Loss 0.723, Train_accy 77.54:  35%|███▌      | 7/20 [14:18<23:26, 108.21s/it]
Task 0, Epoch 8/20 => Loss 0.723, Train_accy 77.54:  40%|████      | 8/20 [14:18<21:25, 107.15s/it]
Task 0, Epoch 9/20 => Loss 0.641, Train_accy 79.54:  40%|████      | 8/20 [16:03<21:25, 107.15s/it]
Task 0, Epoch 9/20 => Loss 0.641, Train_accy 79.54:  45%|████▌     | 9/20 [16:03<19:30, 106.40s/it]
Task 0, Epoch 10/20 => Loss 0.673, Train_accy 78.91, Test_accy 78.98:  45%|████▌     | 9/20 [18:05<19:30, 106.40s/it]
Task 0, Epoch 10/20 => Loss 0.673, Train_accy 78.91, Test_accy 78.98:  50%|█████     | 10/20 [18:05<18:32, 111.23s/it]
Task 0, Epoch 11/20 => Loss 0.645, Train_accy 79.83:  50%|█████     | 10/20 [19:50<18:32, 111.23s/it]                 
Task 0, Epoch 11/20 => Loss 0.645, Train_accy 79.83:  55%|█████▌    | 11/20 [19:50<16:23, 109.25s/it]
Task 0, Epoch 12/20 => Loss 0.589, Train_accy 80.94:  55%|█████▌    | 11/20 [21:35<16:23, 109.25s/it]
Task 0, Epoch 12/20 => Loss 0.589, Train_accy 80.94:  60%|██████    | 12/20 [21:35<14:24, 108.10s/it]
Task 0, Epoch 13/20 => Loss 0.564, Train_accy 81.58:  60%|██████    | 12/20 [23:21<14:24, 108.10s/it]
Task 0, Epoch 13/20 => Loss 0.564, Train_accy 81.58:  65%|██████▌   | 13/20 [23:21<12:30, 107.20s/it]
Task 0, Epoch 14/20 => Loss 0.545, Train_accy 81.80:  65%|██████▌   | 13/20 [25:06<12:30, 107.20s/it]
Task 0, Epoch 14/20 => Loss 0.545, Train_accy 81.80:  70%|███████   | 14/20 [25:06<10:39, 106.64s/it]
Task 0, Epoch 15/20 => Loss 0.575, Train_accy 81.46, Test_accy 78.70:  70%|███████   | 14/20 [27:09<10:39, 106.64s/it]
Task 0, Epoch 15/20 => Loss 0.575, Train_accy 81.46, Test_accy 78.70:  75%|███████▌  | 15/20 [27:09<09:17, 111.51s/it]
Task 0, Epoch 16/20 => Loss 0.543, Train_accy 82.02:  75%|███████▌  | 15/20 [28:54<09:17, 111.51s/it]                 
Task 0, Epoch 16/20 => Loss 0.543, Train_accy 82.02:  80%|████████  | 16/20 [28:54<07:18, 109.57s/it]
Task 0, Epoch 17/20 => Loss 0.539, Train_accy 82.28:  80%|████████  | 16/20 [30:38<07:18, 109.57s/it]
Task 0, Epoch 17/20 => Loss 0.539, Train_accy 82.28:  85%|████████▌ | 17/20 [30:38<05:24, 108.12s/it]
Task 0, Epoch 18/20 => Loss 0.515, Train_accy 82.72:  85%|████████▌ | 17/20 [32:23<05:24, 108.12s/it]
Task 0, Epoch 18/20 => Loss 0.515, Train_accy 82.72:  90%|█████████ | 18/20 [32:23<03:34, 107.09s/it]
Task 0, Epoch 19/20 => Loss 0.496, Train_accy 83.05:  90%|█████████ | 18/20 [34:08<03:34, 107.09s/it]
Task 0, Epoch 19/20 => Loss 0.496, Train_accy 83.05:  95%|█████████▌| 19/20 [34:08<01:46, 106.49s/it]
Task 0, Epoch 20/20 => Loss 0.493, Train_accy 83.18, Test_accy 80.18:  95%|█████████▌| 19/20 [36:11<01:46, 106.49s/it]
Task 0, Epoch 20/20 => Loss 0.493, Train_accy 83.18, Test_accy 80.18: 100%|██████████| 20/20 [36:11<00:00, 111.34s/it]
Task 0, Epoch 20/20 => Loss 0.493, Train_accy 83.18, Test_accy 80.18: 100%|██████████| 20/20 [36:11<00:00, 108.57s/it]
2025-12-15 07:48:43,287 [l2p.py] => Task 0, Epoch 20/20 => Loss 0.493, Train_accy 83.18, Test_accy 80.18
2025-12-15 07:49:07,561 [trainer.py] => CNN: {'total': 80.18, '00-99': 80.18, '100-104': 72.0, '105-109': 84.0, '110-114': 68.0, '115-119': 76.0, '120-124': 92.0, '125-129': 92.0, '130-134': 76.0, '135-139': 72.0, '140-144': 88.0, '145-149': 80.0, '150-154': 92.0, '155-159': 80.0, '160-164': 84.0, '165-169': 92.0, '170-174': 84.0, '175-179': 84.0, '180-184': 80.0, '185-189': 80.0, '190-194': 80.0, '195-199': 84.0, 'old': 0, 'new': 80.18}
2025-12-15 07:49:07,562 [trainer.py] => CNN top1 curve: [80.18]
2025-12-15 07:49:07,562 [trainer.py] => Average Accuracy (CNN): 80.18 

2025-12-15 07:49:07,564 [trainer.py] => All params: 172123793
2025-12-15 07:49:07,566 [trainer.py] => Trainable params: 353481
2025-12-15 07:49:07,566 [l2p.py] => Learning on 100-105

  0%|          | 0/20 [00:00<?, ?it/s]
Task 1, Epoch 1/20 => Loss 1.696, Train_accy 20.00:   0%|          | 0/20 [00:00<?, ?it/s]
Task 1, Epoch 1/20 => Loss 1.696, Train_accy 20.00:   5%|▌         | 1/20 [00:00<00:12,  1.58it/s]
Task 1, Epoch 2/20 => Loss 1.384, Train_accy 36.00:   5%|▌         | 1/20 [00:01<00:12,  1.58it/s]
Task 1, Epoch 2/20 => Loss 1.384, Train_accy 36.00:  10%|█         | 2/20 [00:01<00:11,  1.54it/s]
Task 1, Epoch 3/20 => Loss 1.134, Train_accy 52.00:  10%|█         | 2/20 [00:01<00:11,  1.54it/s]
Task 1, Epoch 3/20 => Loss 1.134, Train_accy 52.00:  15%|█▌        | 3/20 [00:01<00:10,  1.57it/s]
Task 1, Epoch 4/20 => Loss 0.790, Train_accy 76.00:  15%|█▌        | 3/20 [00:02<00:10,  1.57it/s]
Task 1, Epoch 4/20 => Loss 0.790, Train_accy 76.00:  20%|██        | 4/20 [00:02<00:10,  1.52it/s]
Task 1, Epoch 5/20 => Loss 0.510, Train_accy 88.00, Test_accy 74.12:  20%|██        | 4/20 [00:21<00:10,  1.52it/s]
Task 1, Epoch 5/20 => Loss 0.510, Train_accy 88.00, Test_accy 74.12:  25%|██▌       | 5/20 [00:21<01:51,  7.41s/it]
Task 1, Epoch 6/20 => Loss 0.325, Train_accy 96.00:  25%|██▌       | 5/20 [00:22<01:51,  7.41s/it]                 
Task 1, Epoch 6/20 => Loss 0.325, Train_accy 96.00:  30%|███       | 6/20 [00:22<01:11,  5.12s/it]
Task 1, Epoch 7/20 => Loss 0.237, Train_accy 96.00:  30%|███       | 6/20 [00:23<01:11,  5.12s/it]
Task 1, Epoch 7/20 => Loss 0.237, Train_accy 96.00:  35%|███▌      | 7/20 [00:23<00:47,  3.67s/it]
Task 1, Epoch 8/20 => Loss 0.217, Train_accy 92.00:  35%|███▌      | 7/20 [00:23<00:47,  3.67s/it]
Task 1, Epoch 8/20 => Loss 0.217, Train_accy 92.00:  40%|████      | 8/20 [00:23<00:32,  2.70s/it]
Task 1, Epoch 9/20 => Loss 0.178, Train_accy 92.00:  40%|████      | 8/20 [00:24<00:32,  2.70s/it]
Task 1, Epoch 9/20 => Loss 0.178, Train_accy 92.00:  45%|████▌     | 9/20 [00:24<00:22,  2.06s/it]
Task 1, Epoch 10/20 => Loss 0.096, Train_accy 92.00, Test_accy 74.28:  45%|████▌     | 9/20 [00:44<00:22,  2.06s/it]
Task 1, Epoch 10/20 => Loss 0.096, Train_accy 92.00, Test_accy 74.28:  50%|█████     | 10/20 [00:44<01:14,  7.44s/it]
Task 1, Epoch 11/20 => Loss -0.006, Train_accy 100.00:  50%|█████     | 10/20 [00:44<01:14,  7.44s/it]               
Task 1, Epoch 11/20 => Loss -0.006, Train_accy 100.00:  55%|█████▌    | 11/20 [00:44<00:48,  5.37s/it]
Task 1, Epoch 12/20 => Loss -0.037, Train_accy 100.00:  55%|█████▌    | 11/20 [00:45<00:48,  5.37s/it]
Task 1, Epoch 12/20 => Loss -0.037, Train_accy 100.00:  60%|██████    | 12/20 [00:45<00:31,  3.93s/it]
Task 1, Epoch 13/20 => Loss -0.057, Train_accy 100.00:  60%|██████    | 12/20 [00:46<00:31,  3.93s/it]
Task 1, Epoch 13/20 => Loss -0.057, Train_accy 100.00:  65%|██████▌   | 13/20 [00:46<00:20,  2.94s/it]
Task 1, Epoch 14/20 => Loss -0.057, Train_accy 96.00:  65%|██████▌   | 13/20 [00:46<00:20,  2.94s/it] 
Task 1, Epoch 14/20 => Loss -0.057, Train_accy 96.00:  70%|███████   | 14/20 [00:46<00:13,  2.24s/it]
Task 1, Epoch 15/20 => Loss -0.122, Train_accy 100.00, Test_accy 74.12:  70%|███████   | 14/20 [01:05<00:13,  2.24s/it]
Task 1, Epoch 15/20 => Loss -0.122, Train_accy 100.00, Test_accy 74.12:  75%|███████▌  | 15/20 [01:05<00:36,  7.37s/it]
Task 1, Epoch 16/20 => Loss -0.079, Train_accy 100.00:  75%|███████▌  | 15/20 [01:06<00:36,  7.37s/it]                 
Task 1, Epoch 16/20 => Loss -0.079, Train_accy 100.00:  80%|████████  | 16/20 [01:06<00:21,  5.34s/it]
Task 1, Epoch 17/20 => Loss -0.101, Train_accy 100.00:  80%|████████  | 16/20 [01:07<00:21,  5.34s/it]
Task 1, Epoch 17/20 => Loss -0.101, Train_accy 100.00:  85%|████████▌ | 17/20 [01:07<00:11,  3.92s/it]
Task 1, Epoch 18/20 => Loss -0.007, Train_accy 96.00:  85%|████████▌ | 17/20 [01:07<00:11,  3.92s/it] 
Task 1, Epoch 18/20 => Loss -0.007, Train_accy 96.00:  90%|█████████ | 18/20 [01:07<00:05,  2.93s/it]
Task 1, Epoch 19/20 => Loss -0.144, Train_accy 100.00:  90%|█████████ | 18/20 [01:08<00:05,  2.93s/it]
Task 1, Epoch 19/20 => Loss -0.144, Train_accy 100.00:  95%|█████████▌| 19/20 [01:08<00:02,  2.24s/it]
Task 1, Epoch 20/20 => Loss -0.075, Train_accy 96.00, Test_accy 74.06:  95%|█████████▌| 19/20 [01:27<00:02,  2.24s/it]
Task 1, Epoch 20/20 => Loss -0.075, Train_accy 96.00, Test_accy 74.06: 100%|██████████| 20/20 [01:27<00:00,  7.35s/it]
Task 1, Epoch 20/20 => Loss -0.075, Train_accy 96.00, Test_accy 74.06: 100%|██████████| 20/20 [01:27<00:00,  4.38s/it]
2025-12-15 07:50:35,290 [l2p.py] => Task 1, Epoch 20/20 => Loss -0.075, Train_accy 96.00, Test_accy 74.06
2025-12-15 07:51:00,265 [trainer.py] => CNN: {'total': 74.06, '00-99': 80.14, '100-104': 0.41, '105-109': 84.0, '110-114': 80.0, '115-119': 92.0, '120-124': 96.0, '125-129': 80.0, '130-134': 72.0, '135-139': 80.0, '140-144': 84.0, '145-149': 76.0, '150-154': 76.0, '155-159': 80.0, '160-164': 84.0, '165-169': 88.0, '170-174': 72.0, '175-179': 80.0, '180-184': 84.0, '185-189': 68.0, '190-194': 88.0, '195-199': 92.0, 'old': 80.14, 'new': 0.41}
2025-12-15 07:51:00,266 [trainer.py] => CNN top1 curve: [80.18, 74.06]
2025-12-15 07:51:00,266 [trainer.py] => Average Accuracy (CNN): 77.12 

2025-12-15 07:51:00,268 [trainer.py] => All params: 172123793
2025-12-15 07:51:00,270 [trainer.py] => Trainable params: 353481
2025-12-15 07:51:00,271 [l2p.py] => Learning on 105-110

  0%|          | 0/20 [00:00<?, ?it/s]
Task 2, Epoch 1/20 => Loss 1.800, Train_accy 16.00:   0%|          | 0/20 [00:00<?, ?it/s]
Task 2, Epoch 1/20 => Loss 1.800, Train_accy 16.00:   5%|▌         | 1/20 [00:00<00:10,  1.73it/s]
Task 2, Epoch 2/20 => Loss 1.054, Train_accy 44.00:   5%|▌         | 1/20 [00:01<00:10,  1.73it/s]
Task 2, Epoch 2/20 => Loss 1.054, Train_accy 44.00:  10%|█         | 2/20 [00:01<00:10,  1.68it/s]
Task 2, Epoch 3/20 => Loss 0.543, Train_accy 80.00:  10%|█         | 2/20 [00:01<00:10,  1.68it/s]
Task 2, Epoch 3/20 => Loss 0.543, Train_accy 80.00:  15%|█▌        | 3/20 [00:01<00:10,  1.68it/s]
Task 2, Epoch 4/20 => Loss 0.502, Train_accy 84.00:  15%|█▌        | 3/20 [00:02<00:10,  1.68it/s]
Task 2, Epoch 4/20 => Loss 0.502, Train_accy 84.00:  20%|██        | 4/20 [00:02<00:09,  1.70it/s]
Task 2, Epoch 5/20 => Loss 0.139, Train_accy 92.00, Test_accy 70.95:  20%|██        | 4/20 [00:22<00:09,  1.70it/s]
Task 2, Epoch 5/20 => Loss 0.139, Train_accy 92.00, Test_accy 70.95:  25%|██▌       | 5/20 [00:22<01:54,  7.62s/it]
Task 2, Epoch 6/20 => Loss 0.114, Train_accy 96.00:  25%|██▌       | 5/20 [00:23<01:54,  7.62s/it]                 
Task 2, Epoch 6/20 => Loss 0.114, Train_accy 96.00:  30%|███       | 6/20 [00:23<01:13,  5.22s/it]
Task 2, Epoch 7/20 => Loss -0.013, Train_accy 96.00:  30%|███       | 6/20 [00:23<01:13,  5.22s/it]
Task 2, Epoch 7/20 => Loss -0.013, Train_accy 96.00:  35%|███▌      | 7/20 [00:23<00:48,  3.73s/it]
Task 2, Epoch 8/20 => Loss 0.118, Train_accy 92.00:  35%|███▌      | 7/20 [00:24<00:48,  3.73s/it] 
Task 2, Epoch 8/20 => Loss 0.118, Train_accy 92.00:  40%|████      | 8/20 [00:24<00:32,  2.73s/it]
Task 2, Epoch 9/20 => Loss -0.065, Train_accy 100.00:  40%|████      | 8/20 [00:24<00:32,  2.73s/it]
Task 2, Epoch 9/20 => Loss -0.065, Train_accy 100.00:  45%|████▌     | 9/20 [00:24<00:22,  2.06s/it]
Task 2, Epoch 10/20 => Loss 0.024, Train_accy 96.00, Test_accy 71.01:  45%|████▌     | 9/20 [00:44<00:22,  2.06s/it]
Task 2, Epoch 10/20 => Loss 0.024, Train_accy 96.00, Test_accy 71.01:  50%|█████     | 10/20 [00:44<01:16,  7.62s/it]
Task 2, Epoch 11/20 => Loss -0.039, Train_accy 96.00:  50%|█████     | 10/20 [00:45<01:16,  7.62s/it]                
Task 2, Epoch 11/20 => Loss -0.039, Train_accy 96.00:  55%|█████▌    | 11/20 [00:45<00:49,  5.46s/it]
Task 2, Epoch 12/20 => Loss -0.101, Train_accy 100.00:  55%|█████▌    | 11/20 [00:46<00:49,  5.46s/it]
Task 2, Epoch 12/20 => Loss -0.101, Train_accy 100.00:  60%|██████    | 12/20 [00:46<00:31,  3.97s/it]
Task 2, Epoch 13/20 => Loss -0.119, Train_accy 100.00:  60%|██████    | 12/20 [00:46<00:31,  3.97s/it]
Task 2, Epoch 13/20 => Loss -0.119, Train_accy 100.00:  65%|██████▌   | 13/20 [00:46<00:20,  2.96s/it]
Task 2, Epoch 14/20 => Loss 0.005, Train_accy 96.00:  65%|██████▌   | 13/20 [00:47<00:20,  2.96s/it]  
Task 2, Epoch 14/20 => Loss 0.005, Train_accy 96.00:  70%|███████   | 14/20 [00:47<00:13,  2.24s/it]
Task 2, Epoch 15/20 => Loss -0.153, Train_accy 100.00, Test_accy 71.04:  70%|███████   | 14/20 [01:07<00:13,  2.24s/it]
Task 2, Epoch 15/20 => Loss -0.153, Train_accy 100.00, Test_accy 71.04:  75%|███████▌  | 15/20 [01:07<00:38,  7.61s/it]
Task 2, Epoch 16/20 => Loss -0.072, Train_accy 100.00:  75%|███████▌  | 15/20 [01:07<00:38,  7.61s/it]                 
Task 2, Epoch 16/20 => Loss -0.072, Train_accy 100.00:  80%|████████  | 16/20 [01:07<00:21,  5.50s/it]
Task 2, Epoch 17/20 => Loss -0.148, Train_accy 100.00:  80%|████████  | 16/20 [01:08<00:21,  5.50s/it]
Task 2, Epoch 17/20 => Loss -0.148, Train_accy 100.00:  85%|████████▌ | 17/20 [01:08<00:12,  4.02s/it]
Task 2, Epoch 18/20 => Loss -0.171, Train_accy 100.00:  85%|████████▌ | 17/20 [01:09<00:12,  4.02s/it]
Task 2, Epoch 18/20 => Loss -0.171, Train_accy 100.00:  90%|█████████ | 18/20 [01:09<00:05,  2.99s/it]
Task 2, Epoch 19/20 => Loss -0.160, Train_accy 100.00:  90%|█████████ | 18/20 [01:09<00:05,  2.99s/it]
Task 2, Epoch 19/20 => Loss -0.160, Train_accy 100.00:  95%|█████████▌| 19/20 [01:09<00:02,  2.27s/it]
Task 2, Epoch 20/20 => Loss -0.152, Train_accy 100.00, Test_accy 71.35:  95%|█████████▌| 19/20 [01:29<00:02,  2.27s/it]
Task 2, Epoch 20/20 => Loss -0.152, Train_accy 100.00, Test_accy 71.35: 100%|██████████| 20/20 [01:29<00:00,  7.61s/it]
Task 2, Epoch 20/20 => Loss -0.152, Train_accy 100.00, Test_accy 71.35: 100%|██████████| 20/20 [01:29<00:00,  4.49s/it]
2025-12-15 07:52:30,007 [l2p.py] => Task 2, Epoch 20/20 => Loss -0.152, Train_accy 100.00, Test_accy 71.35
2025-12-15 07:52:55,612 [trainer.py] => CNN: {'total': 71.35, '00-99': 80.25, '100-104': 0.41, '105-109': 11.49, '110-114': 72.0, '115-119': 80.0, '120-124': 88.0, '125-129': 88.0, '130-134': 68.0, '135-139': 80.0, '140-144': 84.0, '145-149': 76.0, '150-154': 84.0, '155-159': 80.0, '160-164': 84.0, '165-169': 92.0, '170-174': 72.0, '175-179': 80.0, '180-184': 80.0, '185-189': 84.0, '190-194': 84.0, '195-199': 84.0, 'old': 74.15, 'new': 11.49}
2025-12-15 07:52:55,612 [trainer.py] => CNN top1 curve: [80.18, 74.06, 71.35]
2025-12-15 07:52:55,612 [trainer.py] => Average Accuracy (CNN): 75.2 

2025-12-15 07:52:55,615 [trainer.py] => All params: 172123793
2025-12-15 07:52:55,617 [trainer.py] => Trainable params: 353481
2025-12-15 07:52:55,617 [l2p.py] => Learning on 110-115

  0%|          | 0/20 [00:00<?, ?it/s]
Task 3, Epoch 1/20 => Loss 1.665, Train_accy 20.00:   0%|          | 0/20 [00:00<?, ?it/s]
Task 3, Epoch 1/20 => Loss 1.665, Train_accy 20.00:   5%|▌         | 1/20 [00:00<00:10,  1.80it/s]
Task 3, Epoch 2/20 => Loss 1.211, Train_accy 36.00:   5%|▌         | 1/20 [00:01<00:10,  1.80it/s]
Task 3, Epoch 2/20 => Loss 1.211, Train_accy 36.00:  10%|█         | 2/20 [00:01<00:09,  1.80it/s]
Task 3, Epoch 3/20 => Loss 0.660, Train_accy 76.00:  10%|█         | 2/20 [00:01<00:09,  1.80it/s]
Task 3, Epoch 3/20 => Loss 0.660, Train_accy 76.00:  15%|█▌        | 3/20 [00:01<00:09,  1.82it/s]
Task 3, Epoch 4/20 => Loss 0.311, Train_accy 88.00:  15%|█▌        | 3/20 [00:02<00:09,  1.82it/s]
Task 3, Epoch 4/20 => Loss 0.311, Train_accy 88.00:  20%|██        | 4/20 [00:02<00:08,  1.82it/s]
Task 3, Epoch 5/20 => Loss 0.310, Train_accy 84.00, Test_accy 68.55:  20%|██        | 4/20 [00:23<00:08,  1.82it/s]
Task 3, Epoch 5/20 => Loss 0.310, Train_accy 84.00, Test_accy 68.55:  25%|██▌       | 5/20 [00:23<01:57,  7.87s/it]
Task 3, Epoch 6/20 => Loss 0.084, Train_accy 100.00:  25%|██▌       | 5/20 [00:23<01:57,  7.87s/it]                
Task 3, Epoch 6/20 => Loss 0.084, Train_accy 100.00:  30%|███       | 6/20 [00:23<01:15,  5.39s/it]
Task 3, Epoch 7/20 => Loss 0.025, Train_accy 100.00:  30%|███       | 6/20 [00:24<01:15,  5.39s/it]
Task 3, Epoch 7/20 => Loss 0.025, Train_accy 100.00:  35%|███▌      | 7/20 [00:24<00:49,  3.82s/it]
Task 3, Epoch 8/20 => Loss 0.002, Train_accy 100.00:  35%|███▌      | 7/20 [00:24<00:49,  3.82s/it]
Task 3, Epoch 8/20 => Loss 0.002, Train_accy 100.00:  40%|████      | 8/20 [00:24<00:33,  2.80s/it]
Task 3, Epoch 9/20 => Loss -0.036, Train_accy 96.00:  40%|████      | 8/20 [00:25<00:33,  2.80s/it]
Task 3, Epoch 9/20 => Loss -0.036, Train_accy 96.00:  45%|████▌     | 9/20 [00:25<00:23,  2.10s/it]
Task 3, Epoch 10/20 => Loss -0.091, Train_accy 100.00, Test_accy 68.49:  45%|████▌     | 9/20 [00:46<00:23,  2.10s/it]
Task 3, Epoch 10/20 => Loss -0.091, Train_accy 100.00, Test_accy 68.49:  50%|█████     | 10/20 [00:46<01:18,  7.89s/it]
Task 3, Epoch 11/20 => Loss -0.014, Train_accy 92.00:  50%|█████     | 10/20 [00:46<01:18,  7.89s/it]                  
Task 3, Epoch 11/20 => Loss -0.014, Train_accy 92.00:  55%|█████▌    | 11/20 [00:46<00:50,  5.65s/it]
Task 3, Epoch 12/20 => Loss -0.048, Train_accy 96.00:  55%|█████▌    | 11/20 [00:47<00:50,  5.65s/it]
Task 3, Epoch 12/20 => Loss -0.048, Train_accy 96.00:  60%|██████    | 12/20 [00:47<00:32,  4.10s/it]
Task 3, Epoch 13/20 => Loss -0.164, Train_accy 100.00:  60%|██████    | 12/20 [00:47<00:32,  4.10s/it]
Task 3, Epoch 13/20 => Loss -0.164, Train_accy 100.00:  65%|██████▌   | 13/20 [00:47<00:21,  3.03s/it]
Task 3, Epoch 14/20 => Loss -0.177, Train_accy 100.00:  65%|██████▌   | 13/20 [00:48<00:21,  3.03s/it]
Task 3, Epoch 14/20 => Loss -0.177, Train_accy 100.00:  70%|███████   | 14/20 [00:48<00:13,  2.28s/it]
Task 3, Epoch 15/20 => Loss -0.141, Train_accy 100.00, Test_accy 68.49:  70%|███████   | 14/20 [01:09<00:13,  2.28s/it]
Task 3, Epoch 15/20 => Loss -0.141, Train_accy 100.00, Test_accy 68.49:  75%|███████▌  | 15/20 [01:09<00:39,  7.90s/it]
Task 3, Epoch 16/20 => Loss -0.116, Train_accy 96.00:  75%|███████▌  | 15/20 [01:09<00:39,  7.90s/it]                  
Task 3, Epoch 16/20 => Loss -0.116, Train_accy 96.00:  80%|████████  | 16/20 [01:09<00:22,  5.69s/it]
Task 3, Epoch 17/20 => Loss -0.129, Train_accy 96.00:  80%|████████  | 16/20 [01:10<00:22,  5.69s/it]
Task 3, Epoch 17/20 => Loss -0.129, Train_accy 96.00:  85%|████████▌ | 17/20 [01:10<00:12,  4.15s/it]
Task 3, Epoch 18/20 => Loss -0.153, Train_accy 100.00:  85%|████████▌ | 17/20 [01:11<00:12,  4.15s/it]
Task 3, Epoch 18/20 => Loss -0.153, Train_accy 100.00:  90%|█████████ | 18/20 [01:11<00:06,  3.08s/it]
Task 3, Epoch 19/20 => Loss -0.098, Train_accy 96.00:  90%|█████████ | 18/20 [01:11<00:06,  3.08s/it] 
Task 3, Epoch 19/20 => Loss -0.098, Train_accy 96.00:  95%|█████████▌| 19/20 [01:11<00:02,  2.32s/it]
Task 3, Epoch 20/20 => Loss -0.175, Train_accy 100.00, Test_accy 68.41:  95%|█████████▌| 19/20 [01:32<00:02,  2.32s/it]
Task 3, Epoch 20/20 => Loss -0.175, Train_accy 100.00, Test_accy 68.41: 100%|██████████| 20/20 [01:32<00:00,  7.90s/it]
Task 3, Epoch 20/20 => Loss -0.175, Train_accy 100.00, Test_accy 68.41: 100%|██████████| 20/20 [01:32<00:00,  4.63s/it]
2025-12-15 07:54:28,213 [l2p.py] => Task 3, Epoch 20/20 => Loss -0.175, Train_accy 100.00, Test_accy 68.41
2025-12-15 07:54:54,413 [trainer.py] => CNN: {'total': 68.41, '00-99': 80.11, '100-104': 0.41, '105-109': 11.49, '110-114': 2.82, '115-119': 88.0, '120-124': 96.0, '125-129': 84.0, '130-134': 80.0, '135-139': 84.0, '140-144': 80.0, '145-149': 76.0, '150-154': 84.0, '155-159': 76.0, '160-164': 80.0, '165-169': 88.0, '170-174': 72.0, '175-179': 88.0, '180-184': 96.0, '185-189': 80.0, '190-194': 68.0, '195-199': 72.0, 'old': 71.23, 'new': 2.82}
2025-12-15 07:54:54,413 [trainer.py] => CNN top1 curve: [80.18, 74.06, 71.35, 68.41]
2025-12-15 07:54:54,413 [trainer.py] => Average Accuracy (CNN): 73.5 

2025-12-15 07:54:54,417 [trainer.py] => All params: 172123793
2025-12-15 07:54:54,419 [trainer.py] => Trainable params: 353481
2025-12-15 07:54:54,419 [l2p.py] => Learning on 115-120

  0%|          | 0/20 [00:00<?, ?it/s]
Task 4, Epoch 1/20 => Loss 1.668, Train_accy 24.00:   0%|          | 0/20 [00:00<?, ?it/s]
Task 4, Epoch 1/20 => Loss 1.668, Train_accy 24.00:   5%|▌         | 1/20 [00:00<00:12,  1.56it/s]
Task 4, Epoch 2/20 => Loss 1.018, Train_accy 56.00:   5%|▌         | 1/20 [00:01<00:12,  1.56it/s]
Task 4, Epoch 2/20 => Loss 1.018, Train_accy 56.00:  10%|█         | 2/20 [00:01<00:11,  1.59it/s]
Task 4, Epoch 3/20 => Loss 0.711, Train_accy 76.00:  10%|█         | 2/20 [00:01<00:11,  1.59it/s]
Task 4, Epoch 3/20 => Loss 0.711, Train_accy 76.00:  15%|█▌        | 3/20 [00:01<00:10,  1.58it/s]
Task 4, Epoch 4/20 => Loss 0.369, Train_accy 84.00:  15%|█▌        | 3/20 [00:02<00:10,  1.58it/s]
Task 4, Epoch 4/20 => Loss 0.369, Train_accy 84.00:  20%|██        | 4/20 [00:02<00:09,  1.62it/s]
Task 4, Epoch 5/20 => Loss 0.208, Train_accy 92.00, Test_accy 65.62:  20%|██        | 4/20 [00:24<00:09,  1.62it/s]
Task 4, Epoch 5/20 => Loss 0.208, Train_accy 92.00, Test_accy 65.62:  25%|██▌       | 5/20 [00:24<02:04,  8.30s/it]
Task 4, Epoch 6/20 => Loss 0.028, Train_accy 100.00:  25%|██▌       | 5/20 [00:24<02:04,  8.30s/it]                
Task 4, Epoch 6/20 => Loss 0.028, Train_accy 100.00:  30%|███       | 6/20 [00:24<01:19,  5.68s/it]
Task 4, Epoch 7/20 => Loss -0.045, Train_accy 100.00:  30%|███       | 6/20 [00:25<01:19,  5.68s/it]
Task 4, Epoch 7/20 => Loss -0.045, Train_accy 100.00:  35%|███▌      | 7/20 [00:25<00:52,  4.01s/it]
Task 4, Epoch 8/20 => Loss -0.087, Train_accy 100.00:  35%|███▌      | 7/20 [00:26<00:52,  4.01s/it]
Task 4, Epoch 8/20 => Loss -0.087, Train_accy 100.00:  40%|████      | 8/20 [00:26<00:35,  2.94s/it]
Task 4, Epoch 9/20 => Loss -0.064, Train_accy 100.00:  40%|████      | 8/20 [00:26<00:35,  2.94s/it]
Task 4, Epoch 9/20 => Loss -0.064, Train_accy 100.00:  45%|████▌     | 9/20 [00:26<00:24,  2.20s/it]
Task 4, Epoch 10/20 => Loss 0.001, Train_accy 96.00, Test_accy 65.59:  45%|████▌     | 9/20 [00:48<00:24,  2.20s/it]
Task 4, Epoch 10/20 => Loss 0.001, Train_accy 96.00, Test_accy 65.59:  50%|█████     | 10/20 [00:48<01:22,  8.27s/it]
Task 4, Epoch 11/20 => Loss -0.088, Train_accy 100.00:  50%|█████     | 10/20 [00:49<01:22,  8.27s/it]               
Task 4, Epoch 11/20 => Loss -0.088, Train_accy 100.00:  55%|█████▌    | 11/20 [00:49<00:53,  5.93s/it]
Task 4, Epoch 12/20 => Loss -0.125, Train_accy 100.00:  55%|█████▌    | 11/20 [00:49<00:53,  5.93s/it]
Task 4, Epoch 12/20 => Loss -0.125, Train_accy 100.00:  60%|██████    | 12/20 [00:49<00:34,  4.31s/it]
Task 4, Epoch 13/20 => Loss -0.111, Train_accy 100.00:  60%|██████    | 12/20 [00:50<00:34,  4.31s/it]
Task 4, Epoch 13/20 => Loss -0.111, Train_accy 100.00:  65%|██████▌   | 13/20 [00:50<00:22,  3.19s/it]
Task 4, Epoch 14/20 => Loss -0.066, Train_accy 96.00:  65%|██████▌   | 13/20 [00:51<00:22,  3.19s/it] 
Task 4, Epoch 14/20 => Loss -0.066, Train_accy 96.00:  70%|███████   | 14/20 [00:51<00:14,  2.41s/it]
Task 4, Epoch 15/20 => Loss -0.154, Train_accy 100.00, Test_accy 65.51:  70%|███████   | 14/20 [01:12<00:14,  2.41s/it]
Task 4, Epoch 15/20 => Loss -0.154, Train_accy 100.00, Test_accy 65.51:  75%|███████▌  | 15/20 [01:12<00:41,  8.24s/it]
Task 4, Epoch 16/20 => Loss -0.131, Train_accy 100.00:  75%|███████▌  | 15/20 [01:13<00:41,  8.24s/it]                 
Task 4, Epoch 16/20 => Loss -0.131, Train_accy 100.00:  80%|████████  | 16/20 [01:13<00:23,  5.93s/it]
Task 4, Epoch 17/20 => Loss -0.094, Train_accy 96.00:  80%|████████  | 16/20 [01:14<00:23,  5.93s/it] 
Task 4, Epoch 17/20 => Loss -0.094, Train_accy 96.00:  85%|████████▌ | 17/20 [01:14<00:12,  4.33s/it]
Task 4, Epoch 18/20 => Loss -0.161, Train_accy 100.00:  85%|████████▌ | 17/20 [01:14<00:12,  4.33s/it]
Task 4, Epoch 18/20 => Loss -0.161, Train_accy 100.00:  90%|█████████ | 18/20 [01:14<00:06,  3.21s/it]
Task 4, Epoch 19/20 => Loss -0.131, Train_accy 100.00:  90%|█████████ | 18/20 [01:15<00:06,  3.21s/it]
Task 4, Epoch 19/20 => Loss -0.131, Train_accy 100.00:  95%|█████████▌| 19/20 [01:15<00:02,  2.42s/it]
Task 4, Epoch 20/20 => Loss -0.118, Train_accy 100.00, Test_accy 65.51:  95%|█████████▌| 19/20 [01:36<00:02,  2.42s/it]
Task 4, Epoch 20/20 => Loss -0.118, Train_accy 100.00, Test_accy 65.51: 100%|██████████| 20/20 [01:36<00:00,  8.23s/it]
Task 4, Epoch 20/20 => Loss -0.118, Train_accy 100.00, Test_accy 65.51: 100%|██████████| 20/20 [01:36<00:00,  4.85s/it]
2025-12-15 07:56:31,437 [l2p.py] => Task 4, Epoch 20/20 => Loss -0.118, Train_accy 100.00, Test_accy 65.51
2025-12-15 07:56:58,284 [trainer.py] => CNN: {'total': 65.51, '00-99': 79.9, '100-104': 0.41, '105-109': 11.49, '110-114': 2.82, '115-119': 3.31, '120-124': 84.0, '125-129': 88.0, '130-134': 88.0, '135-139': 80.0, '140-144': 76.0, '145-149': 72.0, '150-154': 88.0, '155-159': 76.0, '160-164': 68.0, '165-169': 84.0, '170-174': 80.0, '175-179': 76.0, '180-184': 88.0, '185-189': 80.0, '190-194': 88.0, '195-199': 80.0, 'old': 68.23, 'new': 3.31}
2025-12-15 07:56:58,284 [trainer.py] => CNN top1 curve: [80.18, 74.06, 71.35, 68.41, 65.51]
2025-12-15 07:56:58,284 [trainer.py] => Average Accuracy (CNN): 71.9 

2025-12-15 07:56:58,287 [trainer.py] => All params: 172123793
2025-12-15 07:56:58,289 [trainer.py] => Trainable params: 353481
2025-12-15 07:56:58,289 [l2p.py] => Learning on 120-125

  0%|          | 0/20 [00:00<?, ?it/s]
Task 5, Epoch 1/20 => Loss 1.563, Train_accy 32.00:   0%|          | 0/20 [00:00<?, ?it/s]
Task 5, Epoch 1/20 => Loss 1.563, Train_accy 32.00:   5%|▌         | 1/20 [00:00<00:11,  1.65it/s]
Task 5, Epoch 2/20 => Loss 0.925, Train_accy 56.00:   5%|▌         | 1/20 [00:01<00:11,  1.65it/s]
Task 5, Epoch 2/20 => Loss 0.925, Train_accy 56.00:  10%|█         | 2/20 [00:01<00:10,  1.64it/s]
Task 5, Epoch 3/20 => Loss 0.554, Train_accy 80.00:  10%|█         | 2/20 [00:01<00:10,  1.64it/s]
Task 5, Epoch 3/20 => Loss 0.554, Train_accy 80.00:  15%|█▌        | 3/20 [00:01<00:10,  1.68it/s]
Task 5, Epoch 4/20 => Loss 0.182, Train_accy 92.00:  15%|█▌        | 3/20 [00:02<00:10,  1.68it/s]
Task 5, Epoch 4/20 => Loss 0.182, Train_accy 92.00:  20%|██        | 4/20 [00:02<00:09,  1.72it/s]
Task 5, Epoch 5/20 => Loss 0.033, Train_accy 100.00, Test_accy 63.51:  20%|██        | 4/20 [00:24<00:09,  1.72it/s]
Task 5, Epoch 5/20 => Loss 0.033, Train_accy 100.00, Test_accy 63.51:  25%|██▌       | 5/20 [00:24<02:07,  8.47s/it]
Task 5, Epoch 6/20 => Loss 0.138, Train_accy 92.00:  25%|██▌       | 5/20 [00:25<02:07,  8.47s/it]                  
Task 5, Epoch 6/20 => Loss 0.138, Train_accy 92.00:  30%|███       | 6/20 [00:25<01:21,  5.79s/it]
Task 5, Epoch 7/20 => Loss -0.111, Train_accy 100.00:  30%|███       | 6/20 [00:26<01:21,  5.79s/it]
Task 5, Epoch 7/20 => Loss -0.111, Train_accy 100.00:  35%|███▌      | 7/20 [00:26<00:53,  4.10s/it]
Task 5, Epoch 8/20 => Loss -0.008, Train_accy 96.00:  35%|███▌      | 7/20 [00:26<00:53,  4.10s/it] 
Task 5, Epoch 8/20 => Loss -0.008, Train_accy 96.00:  40%|████      | 8/20 [00:26<00:36,  3.01s/it]
Task 5, Epoch 9/20 => Loss -0.056, Train_accy 96.00:  40%|████      | 8/20 [00:27<00:36,  3.01s/it]
Task 5, Epoch 9/20 => Loss -0.056, Train_accy 96.00:  45%|████▌     | 9/20 [00:27<00:24,  2.26s/it]
Task 5, Epoch 10/20 => Loss -0.115, Train_accy 100.00, Test_accy 63.61:  45%|████▌     | 9/20 [00:49<00:24,  2.26s/it]
Task 5, Epoch 10/20 => Loss -0.115, Train_accy 100.00, Test_accy 63.61:  50%|█████     | 10/20 [00:49<01:24,  8.49s/it]
Task 5, Epoch 11/20 => Loss -0.048, Train_accy 96.00:  50%|█████     | 10/20 [00:50<01:24,  8.49s/it]                  
Task 5, Epoch 11/20 => Loss -0.048, Train_accy 96.00:  55%|█████▌    | 11/20 [00:50<00:54,  6.07s/it]
Task 5, Epoch 12/20 => Loss -0.077, Train_accy 100.00:  55%|█████▌    | 11/20 [00:50<00:54,  6.07s/it]
Task 5, Epoch 12/20 => Loss -0.077, Train_accy 100.00:  60%|██████    | 12/20 [00:50<00:35,  4.41s/it]
Task 5, Epoch 13/20 => Loss -0.131, Train_accy 100.00:  60%|██████    | 12/20 [00:51<00:35,  4.41s/it]
Task 5, Epoch 13/20 => Loss -0.131, Train_accy 100.00:  65%|██████▌   | 13/20 [00:51<00:22,  3.26s/it]
Task 5, Epoch 14/20 => Loss -0.140, Train_accy 100.00:  65%|██████▌   | 13/20 [00:52<00:22,  3.26s/it]
Task 5, Epoch 14/20 => Loss -0.140, Train_accy 100.00:  70%|███████   | 14/20 [00:52<00:14,  2.45s/it]
Task 5, Epoch 15/20 => Loss -0.098, Train_accy 100.00, Test_accy 63.83:  70%|███████   | 14/20 [01:14<00:14,  2.45s/it]
Task 5, Epoch 15/20 => Loss -0.098, Train_accy 100.00, Test_accy 63.83:  75%|███████▌  | 15/20 [01:14<00:42,  8.47s/it]
Task 5, Epoch 16/20 => Loss -0.144, Train_accy 100.00:  75%|███████▌  | 15/20 [01:15<00:42,  8.47s/it]                 
Task 5, Epoch 16/20 => Loss -0.144, Train_accy 100.00:  80%|████████  | 16/20 [01:15<00:24,  6.10s/it]
Task 5, Epoch 17/20 => Loss -0.095, Train_accy 96.00:  80%|████████  | 16/20 [01:15<00:24,  6.10s/it] 
Task 5, Epoch 17/20 => Loss -0.095, Train_accy 96.00:  85%|████████▌ | 17/20 [01:15<00:13,  4.45s/it]
Task 5, Epoch 18/20 => Loss -0.120, Train_accy 100.00:  85%|████████▌ | 17/20 [01:16<00:13,  4.45s/it]
Task 5, Epoch 18/20 => Loss -0.120, Train_accy 100.00:  90%|█████████ | 18/20 [01:16<00:06,  3.29s/it]
Task 5, Epoch 19/20 => Loss -0.084, Train_accy 92.00:  90%|█████████ | 18/20 [01:16<00:06,  3.29s/it] 
Task 5, Epoch 19/20 => Loss -0.084, Train_accy 92.00:  95%|█████████▌| 19/20 [01:16<00:02,  2.48s/it]
Task 5, Epoch 20/20 => Loss -0.146, Train_accy 100.00, Test_accy 64.10:  95%|█████████▌| 19/20 [01:39<00:02,  2.48s/it]
Task 5, Epoch 20/20 => Loss -0.146, Train_accy 100.00, Test_accy 64.10: 100%|██████████| 20/20 [01:39<00:00,  8.47s/it]
Task 5, Epoch 20/20 => Loss -0.146, Train_accy 100.00, Test_accy 64.10: 100%|██████████| 20/20 [01:39<00:00,  4.97s/it]
2025-12-15 07:58:37,684 [l2p.py] => Task 5, Epoch 20/20 => Loss -0.146, Train_accy 100.00, Test_accy 64.10
2025-12-15 07:59:04,857 [trainer.py] => CNN: {'total': 64.1, '00-99': 80.04, '100-104': 0.41, '105-109': 11.49, '110-114': 2.11, '115-119': 3.97, '120-124': 16.52, '125-129': 92.0, '130-134': 88.0, '135-139': 76.0, '140-144': 80.0, '145-149': 76.0, '150-154': 92.0, '155-159': 84.0, '160-164': 92.0, '165-169': 92.0, '170-174': 84.0, '175-179': 76.0, '180-184': 88.0, '185-189': 76.0, '190-194': 80.0, '195-199': 80.0, 'old': 65.62, 'new': 16.52}
2025-12-15 07:59:04,858 [trainer.py] => CNN top1 curve: [80.18, 74.06, 71.35, 68.41, 65.51, 64.1]
2025-12-15 07:59:04,858 [trainer.py] => Average Accuracy (CNN): 70.6 

2025-12-15 07:59:04,860 [trainer.py] => All params: 172123793
2025-12-15 07:59:04,862 [trainer.py] => Trainable params: 353481
2025-12-15 07:59:04,862 [l2p.py] => Learning on 125-130

  0%|          | 0/20 [00:00<?, ?it/s]
Task 6, Epoch 1/20 => Loss 1.834, Train_accy 12.00:   0%|          | 0/20 [00:00<?, ?it/s]
Task 6, Epoch 1/20 => Loss 1.834, Train_accy 12.00:   5%|▌         | 1/20 [00:00<00:10,  1.78it/s]
Task 6, Epoch 2/20 => Loss 0.844, Train_accy 64.00:   5%|▌         | 1/20 [00:01<00:10,  1.78it/s]
Task 6, Epoch 2/20 => Loss 0.844, Train_accy 64.00:  10%|█         | 2/20 [00:01<00:09,  1.81it/s]
Task 6, Epoch 3/20 => Loss 0.553, Train_accy 72.00:  10%|█         | 2/20 [00:01<00:09,  1.81it/s]
Task 6, Epoch 3/20 => Loss 0.553, Train_accy 72.00:  15%|█▌        | 3/20 [00:01<00:09,  1.77it/s]
Task 6, Epoch 4/20 => Loss 0.230, Train_accy 92.00:  15%|█▌        | 3/20 [00:02<00:09,  1.77it/s]
Task 6, Epoch 4/20 => Loss 0.230, Train_accy 92.00:  20%|██        | 4/20 [00:02<00:09,  1.74it/s]
Task 6, Epoch 5/20 => Loss 0.097, Train_accy 96.00, Test_accy 62.28:  20%|██        | 4/20 [00:25<00:09,  1.74it/s]
Task 6, Epoch 5/20 => Loss 0.097, Train_accy 96.00, Test_accy 62.28:  25%|██▌       | 5/20 [00:25<02:10,  8.70s/it]
Task 6, Epoch 6/20 => Loss 0.056, Train_accy 96.00:  25%|██▌       | 5/20 [00:25<02:10,  8.70s/it]                 
Task 6, Epoch 6/20 => Loss 0.056, Train_accy 96.00:  30%|███       | 6/20 [00:25<01:23,  5.95s/it]
Task 6, Epoch 7/20 => Loss -0.042, Train_accy 100.00:  30%|███       | 6/20 [00:26<01:23,  5.95s/it]
Task 6, Epoch 7/20 => Loss -0.042, Train_accy 100.00:  35%|███▌      | 7/20 [00:26<00:54,  4.19s/it]
Task 6, Epoch 8/20 => Loss 0.029, Train_accy 100.00:  35%|███▌      | 7/20 [00:27<00:54,  4.19s/it] 
Task 6, Epoch 8/20 => Loss 0.029, Train_accy 100.00:  40%|████      | 8/20 [00:27<00:36,  3.03s/it]
Task 6, Epoch 9/20 => Loss -0.080, Train_accy 100.00:  40%|████      | 8/20 [00:27<00:36,  3.03s/it]
Task 6, Epoch 9/20 => Loss -0.080, Train_accy 100.00:  45%|████▌     | 9/20 [00:27<00:24,  2.26s/it]
Task 6, Epoch 10/20 => Loss -0.026, Train_accy 96.00, Test_accy 62.28:  45%|████▌     | 9/20 [00:50<00:24,  2.26s/it]
Task 6, Epoch 10/20 => Loss -0.026, Train_accy 96.00, Test_accy 62.28:  50%|█████     | 10/20 [00:50<01:26,  8.66s/it]
Task 6, Epoch 11/20 => Loss -0.111, Train_accy 100.00:  50%|█████     | 10/20 [00:51<01:26,  8.66s/it]                
Task 6, Epoch 11/20 => Loss -0.111, Train_accy 100.00:  55%|█████▌    | 11/20 [00:51<00:55,  6.19s/it]
Task 6, Epoch 12/20 => Loss -0.170, Train_accy 100.00:  55%|█████▌    | 11/20 [00:51<00:55,  6.19s/it]
Task 6, Epoch 12/20 => Loss -0.170, Train_accy 100.00:  60%|██████    | 12/20 [00:51<00:35,  4.48s/it]
Task 6, Epoch 13/20 => Loss -0.178, Train_accy 100.00:  60%|██████    | 12/20 [00:52<00:35,  4.48s/it]
Task 6, Epoch 13/20 => Loss -0.178, Train_accy 100.00:  65%|██████▌   | 13/20 [00:52<00:23,  3.30s/it]
Task 6, Epoch 14/20 => Loss -0.120, Train_accy 96.00:  65%|██████▌   | 13/20 [00:52<00:23,  3.30s/it] 
Task 6, Epoch 14/20 => Loss -0.120, Train_accy 96.00:  70%|███████   | 14/20 [00:52<00:14,  2.48s/it]
Task 6, Epoch 15/20 => Loss -0.149, Train_accy 100.00, Test_accy 62.44:  70%|███████   | 14/20 [01:15<00:14,  2.48s/it]
Task 6, Epoch 15/20 => Loss -0.149, Train_accy 100.00, Test_accy 62.44:  75%|███████▌  | 15/20 [01:15<00:43,  8.65s/it]
Task 6, Epoch 16/20 => Loss -0.055, Train_accy 96.00:  75%|███████▌  | 15/20 [01:16<00:43,  8.65s/it]                  
Task 6, Epoch 16/20 => Loss -0.055, Train_accy 96.00:  80%|████████  | 16/20 [01:16<00:24,  6.22s/it]
Task 6, Epoch 17/20 => Loss -0.119, Train_accy 96.00:  80%|████████  | 16/20 [01:17<00:24,  6.22s/it]
Task 6, Epoch 17/20 => Loss -0.119, Train_accy 96.00:  85%|████████▌ | 17/20 [01:17<00:13,  4.53s/it]
Task 6, Epoch 18/20 => Loss -0.150, Train_accy 100.00:  85%|████████▌ | 17/20 [01:17<00:13,  4.53s/it]
Task 6, Epoch 18/20 => Loss -0.150, Train_accy 100.00:  90%|█████████ | 18/20 [01:17<00:06,  3.35s/it]
Task 6, Epoch 19/20 => Loss -0.093, Train_accy 96.00:  90%|█████████ | 18/20 [01:18<00:06,  3.35s/it] 
Task 6, Epoch 19/20 => Loss -0.093, Train_accy 96.00:  95%|█████████▌| 19/20 [01:18<00:02,  2.51s/it]
Task 6, Epoch 20/20 => Loss -0.062, Train_accy 96.00, Test_accy 62.52:  95%|█████████▌| 19/20 [01:41<00:02,  2.51s/it]
Task 6, Epoch 20/20 => Loss -0.062, Train_accy 96.00, Test_accy 62.52: 100%|██████████| 20/20 [01:41<00:00,  8.65s/it]
Task 6, Epoch 20/20 => Loss -0.062, Train_accy 96.00, Test_accy 62.52: 100%|██████████| 20/20 [01:41<00:00,  5.06s/it]
2025-12-15 08:00:46,120 [l2p.py] => Task 6, Epoch 20/20 => Loss -0.062, Train_accy 96.00, Test_accy 62.52
2025-12-15 08:01:13,551 [trainer.py] => CNN: {'total': 62.52, '00-99': 80.38, '100-104': 0.41, '105-109': 11.49, '110-114': 2.82, '115-119': 1.99, '120-124': 16.52, '125-129': 1.82, '130-134': 88.0, '135-139': 80.0, '140-144': 80.0, '145-149': 80.0, '150-154': 80.0, '155-159': 76.0, '160-164': 96.0, '165-169': 76.0, '170-174': 80.0, '175-179': 84.0, '180-184': 84.0, '185-189': 64.0, '190-194': 92.0, '195-199': 76.0, 'old': 64.31, 'new': 1.82}
2025-12-15 08:01:13,552 [trainer.py] => CNN top1 curve: [80.18, 74.06, 71.35, 68.41, 65.51, 64.1, 62.52]
2025-12-15 08:01:13,552 [trainer.py] => Average Accuracy (CNN): 69.45 

2025-12-15 08:01:13,555 [trainer.py] => All params: 172123793
2025-12-15 08:01:13,557 [trainer.py] => Trainable params: 353481
2025-12-15 08:01:13,557 [l2p.py] => Learning on 130-135

  0%|          | 0/20 [00:00<?, ?it/s]
Task 7, Epoch 1/20 => Loss 1.624, Train_accy 28.00:   0%|          | 0/20 [00:00<?, ?it/s]
Task 7, Epoch 1/20 => Loss 1.624, Train_accy 28.00:   5%|▌         | 1/20 [00:00<00:11,  1.71it/s]
Task 7, Epoch 2/20 => Loss 0.890, Train_accy 60.00:   5%|▌         | 1/20 [00:01<00:11,  1.71it/s]
Task 7, Epoch 2/20 => Loss 0.890, Train_accy 60.00:  10%|█         | 2/20 [00:01<00:10,  1.74it/s]
Task 7, Epoch 3/20 => Loss 0.401, Train_accy 88.00:  10%|█         | 2/20 [00:01<00:10,  1.74it/s]
Task 7, Epoch 3/20 => Loss 0.401, Train_accy 88.00:  15%|█▌        | 3/20 [00:01<00:09,  1.72it/s]
Task 7, Epoch 4/20 => Loss 0.316, Train_accy 96.00:  15%|█▌        | 3/20 [00:02<00:09,  1.72it/s]
Task 7, Epoch 4/20 => Loss 0.316, Train_accy 96.00:  20%|██        | 4/20 [00:02<00:09,  1.75it/s]
Task 7, Epoch 5/20 => Loss 0.131, Train_accy 96.00, Test_accy 59.78:  20%|██        | 4/20 [00:26<00:09,  1.75it/s]
Task 7, Epoch 5/20 => Loss 0.131, Train_accy 96.00, Test_accy 59.78:  25%|██▌       | 5/20 [00:26<02:15,  9.02s/it]
Task 7, Epoch 6/20 => Loss -0.015, Train_accy 100.00:  25%|██▌       | 5/20 [00:26<02:15,  9.02s/it]               
Task 7, Epoch 6/20 => Loss -0.015, Train_accy 100.00:  30%|███       | 6/20 [00:26<01:26,  6.15s/it]
Task 7, Epoch 7/20 => Loss 0.039, Train_accy 96.00:  30%|███       | 6/20 [00:27<01:26,  6.15s/it]  
Task 7, Epoch 7/20 => Loss 0.039, Train_accy 96.00:  35%|███▌      | 7/20 [00:27<00:56,  4.32s/it]
Task 7, Epoch 8/20 => Loss -0.062, Train_accy 100.00:  35%|███▌      | 7/20 [00:28<00:56,  4.32s/it]
Task 7, Epoch 8/20 => Loss -0.062, Train_accy 100.00:  40%|████      | 8/20 [00:28<00:37,  3.13s/it]
Task 7, Epoch 9/20 => Loss -0.049, Train_accy 96.00:  40%|████      | 8/20 [00:28<00:37,  3.13s/it] 
Task 7, Epoch 9/20 => Loss -0.049, Train_accy 96.00:  45%|████▌     | 9/20 [00:28<00:25,  2.33s/it]
Task 7, Epoch 10/20 => Loss -0.131, Train_accy 100.00, Test_accy 59.91:  45%|████▌     | 9/20 [00:52<00:25,  2.33s/it]
Task 7, Epoch 10/20 => Loss -0.131, Train_accy 100.00, Test_accy 59.91:  50%|█████     | 10/20 [00:52<01:30,  9.01s/it]
Task 7, Epoch 11/20 => Loss -0.095, Train_accy 96.00:  50%|█████     | 10/20 [00:53<01:30,  9.01s/it]                  
Task 7, Epoch 11/20 => Loss -0.095, Train_accy 96.00:  55%|█████▌    | 11/20 [00:53<00:57,  6.43s/it]
Task 7, Epoch 12/20 => Loss 0.008, Train_accy 96.00:  55%|█████▌    | 11/20 [00:53<00:57,  6.43s/it] 
Task 7, Epoch 12/20 => Loss 0.008, Train_accy 96.00:  60%|██████    | 12/20 [00:53<00:37,  4.64s/it]
Task 7, Epoch 13/20 => Loss -0.168, Train_accy 100.00:  60%|██████    | 12/20 [00:54<00:37,  4.64s/it]
Task 7, Epoch 13/20 => Loss -0.168, Train_accy 100.00:  65%|██████▌   | 13/20 [00:54<00:23,  3.41s/it]
Task 7, Epoch 14/20 => Loss -0.145, Train_accy 100.00:  65%|██████▌   | 13/20 [00:54<00:23,  3.41s/it]
Task 7, Epoch 14/20 => Loss -0.145, Train_accy 100.00:  70%|███████   | 14/20 [00:54<00:15,  2.55s/it]
Task 7, Epoch 15/20 => Loss -0.071, Train_accy 96.00, Test_accy 59.93:  70%|███████   | 14/20 [01:18<00:15,  2.55s/it]
Task 7, Epoch 15/20 => Loss -0.071, Train_accy 96.00, Test_accy 59.93:  75%|███████▌  | 15/20 [01:18<00:45,  9.01s/it]
Task 7, Epoch 16/20 => Loss -0.128, Train_accy 100.00:  75%|███████▌  | 15/20 [01:19<00:45,  9.01s/it]                
Task 7, Epoch 16/20 => Loss -0.128, Train_accy 100.00:  80%|████████  | 16/20 [01:19<00:25,  6.47s/it]
Task 7, Epoch 17/20 => Loss -0.159, Train_accy 100.00:  80%|████████  | 16/20 [01:19<00:25,  6.47s/it]
Task 7, Epoch 17/20 => Loss -0.159, Train_accy 100.00:  85%|████████▌ | 17/20 [01:19<00:14,  4.70s/it]
Task 7, Epoch 18/20 => Loss -0.158, Train_accy 100.00:  85%|████████▌ | 17/20 [01:20<00:14,  4.70s/it]
Task 7, Epoch 18/20 => Loss -0.158, Train_accy 100.00:  90%|█████████ | 18/20 [01:20<00:06,  3.46s/it]
Task 7, Epoch 19/20 => Loss -0.075, Train_accy 96.00:  90%|█████████ | 18/20 [01:21<00:06,  3.46s/it] 
Task 7, Epoch 19/20 => Loss -0.075, Train_accy 96.00:  95%|█████████▌| 19/20 [01:21<00:02,  2.60s/it]
Task 7, Epoch 20/20 => Loss -0.141, Train_accy 100.00, Test_accy 59.98:  95%|█████████▌| 19/20 [01:45<00:02,  2.60s/it]
Task 7, Epoch 20/20 => Loss -0.141, Train_accy 100.00, Test_accy 59.98: 100%|██████████| 20/20 [01:45<00:00,  9.05s/it]
Task 7, Epoch 20/20 => Loss -0.141, Train_accy 100.00, Test_accy 59.98: 100%|██████████| 20/20 [01:45<00:00,  5.26s/it]
2025-12-15 08:02:58,798 [l2p.py] => Task 7, Epoch 20/20 => Loss -0.141, Train_accy 100.00, Test_accy 59.98
2025-12-15 08:03:27,127 [trainer.py] => CNN: {'total': 59.98, '00-99': 80.45, '100-104': 0.41, '105-109': 10.81, '110-114': 2.82, '115-119': 2.65, '120-124': 15.65, '125-129': 1.82, '130-134': 3.47, '135-139': 88.0, '140-144': 80.0, '145-149': 88.0, '150-154': 84.0, '155-159': 80.0, '160-164': 76.0, '165-169': 84.0, '170-174': 76.0, '175-179': 84.0, '180-184': 80.0, '185-189': 88.0, '190-194': 72.0, '195-199': 84.0, 'old': 62.54, 'new': 3.47}
2025-12-15 08:03:27,128 [trainer.py] => CNN top1 curve: [80.18, 74.06, 71.35, 68.41, 65.51, 64.1, 62.52, 59.98]
2025-12-15 08:03:27,128 [trainer.py] => Average Accuracy (CNN): 68.26 

2025-12-15 08:03:27,130 [trainer.py] => All params: 172123793
2025-12-15 08:03:27,132 [trainer.py] => Trainable params: 353481
2025-12-15 08:03:27,132 [l2p.py] => Learning on 135-140

  0%|          | 0/20 [00:00<?, ?it/s]
Task 8, Epoch 1/20 => Loss 1.511, Train_accy 40.00:   0%|          | 0/20 [00:00<?, ?it/s]
Task 8, Epoch 1/20 => Loss 1.511, Train_accy 40.00:   5%|▌         | 1/20 [00:00<00:11,  1.69it/s]
Task 8, Epoch 2/20 => Loss 0.843, Train_accy 60.00:   5%|▌         | 1/20 [00:01<00:11,  1.69it/s]
Task 8, Epoch 2/20 => Loss 0.843, Train_accy 60.00:  10%|█         | 2/20 [00:01<00:10,  1.71it/s]
Task 8, Epoch 3/20 => Loss 0.543, Train_accy 84.00:  10%|█         | 2/20 [00:01<00:10,  1.71it/s]
Task 8, Epoch 3/20 => Loss 0.543, Train_accy 84.00:  15%|█▌        | 3/20 [00:01<00:10,  1.70it/s]
Task 8, Epoch 4/20 => Loss 0.243, Train_accy 92.00:  15%|█▌        | 3/20 [00:02<00:10,  1.70it/s]
Task 8, Epoch 4/20 => Loss 0.243, Train_accy 92.00:  20%|██        | 4/20 [00:02<00:09,  1.71it/s]
Task 8, Epoch 5/20 => Loss 0.119, Train_accy 96.00, Test_accy 57.25:  20%|██        | 4/20 [00:27<00:09,  1.71it/s]
Task 8, Epoch 5/20 => Loss 0.119, Train_accy 96.00, Test_accy 57.25:  25%|██▌       | 5/20 [00:27<02:22,  9.52s/it]
Task 8, Epoch 6/20 => Loss 0.028, Train_accy 96.00:  25%|██▌       | 5/20 [00:28<02:22,  9.52s/it]                 
Task 8, Epoch 6/20 => Loss 0.028, Train_accy 96.00:  30%|███       | 6/20 [00:28<01:30,  6.49s/it]
Task 8, Epoch 7/20 => Loss -0.028, Train_accy 100.00:  30%|███       | 6/20 [00:28<01:30,  6.49s/it]
Task 8, Epoch 7/20 => Loss -0.028, Train_accy 100.00:  35%|███▌      | 7/20 [00:28<00:59,  4.57s/it]
Task 8, Epoch 8/20 => Loss -0.058, Train_accy 96.00:  35%|███▌      | 7/20 [00:29<00:59,  4.57s/it] 
Task 8, Epoch 8/20 => Loss -0.058, Train_accy 96.00:  40%|████      | 8/20 [00:29<00:39,  3.31s/it]
Task 8, Epoch 9/20 => Loss 0.008, Train_accy 92.00:  40%|████      | 8/20 [00:30<00:39,  3.31s/it] 
Task 8, Epoch 9/20 => Loss 0.008, Train_accy 92.00:  45%|████▌     | 9/20 [00:30<00:27,  2.46s/it]
Task 8, Epoch 10/20 => Loss -0.029, Train_accy 96.00, Test_accy 57.27:  45%|████▌     | 9/20 [00:55<00:27,  2.46s/it]
Task 8, Epoch 10/20 => Loss -0.029, Train_accy 96.00, Test_accy 57.27:  50%|█████     | 10/20 [00:55<01:34,  9.50s/it]
Task 8, Epoch 11/20 => Loss -0.108, Train_accy 100.00:  50%|█████     | 10/20 [00:55<01:34,  9.50s/it]                
Task 8, Epoch 11/20 => Loss -0.108, Train_accy 100.00:  55%|█████▌    | 11/20 [00:55<01:00,  6.77s/it]
Task 8, Epoch 12/20 => Loss -0.024, Train_accy 96.00:  55%|█████▌    | 11/20 [00:56<01:00,  6.77s/it] 
Task 8, Epoch 12/20 => Loss -0.024, Train_accy 96.00:  60%|██████    | 12/20 [00:56<00:39,  4.89s/it]
Task 8, Epoch 13/20 => Loss -0.078, Train_accy 96.00:  60%|██████    | 12/20 [00:57<00:39,  4.89s/it]
Task 8, Epoch 13/20 => Loss -0.078, Train_accy 96.00:  65%|██████▌   | 13/20 [00:57<00:25,  3.58s/it]
Task 8, Epoch 14/20 => Loss -0.159, Train_accy 100.00:  65%|██████▌   | 13/20 [00:57<00:25,  3.58s/it]
Task 8, Epoch 14/20 => Loss -0.159, Train_accy 100.00:  70%|███████   | 14/20 [00:57<00:16,  2.69s/it]
Task 8, Epoch 15/20 => Loss -0.033, Train_accy 92.00, Test_accy 57.32:  70%|███████   | 14/20 [01:23<00:16,  2.69s/it]
Task 8, Epoch 15/20 => Loss -0.033, Train_accy 92.00, Test_accy 57.32:  75%|███████▌  | 15/20 [01:23<00:47,  9.53s/it]
Task 8, Epoch 16/20 => Loss -0.127, Train_accy 96.00:  75%|███████▌  | 15/20 [01:23<00:47,  9.53s/it]                 
Task 8, Epoch 16/20 => Loss -0.127, Train_accy 96.00:  80%|████████  | 16/20 [01:23<00:27,  6.85s/it]
Task 8, Epoch 17/20 => Loss -0.129, Train_accy 100.00:  80%|████████  | 16/20 [01:24<00:27,  6.85s/it]
Task 8, Epoch 17/20 => Loss -0.129, Train_accy 100.00:  85%|████████▌ | 17/20 [01:24<00:14,  4.98s/it]
Task 8, Epoch 18/20 => Loss -0.154, Train_accy 100.00:  85%|████████▌ | 17/20 [01:24<00:14,  4.98s/it]
Task 8, Epoch 18/20 => Loss -0.154, Train_accy 100.00:  90%|█████████ | 18/20 [01:24<00:07,  3.66s/it]
Task 8, Epoch 19/20 => Loss -0.166, Train_accy 100.00:  90%|█████████ | 18/20 [01:25<00:07,  3.66s/it]
Task 8, Epoch 19/20 => Loss -0.166, Train_accy 100.00:  95%|█████████▌| 19/20 [01:25<00:02,  2.73s/it]
Task 8, Epoch 20/20 => Loss -0.105, Train_accy 96.00, Test_accy 57.32:  95%|█████████▌| 19/20 [01:50<00:02,  2.73s/it]
Task 8, Epoch 20/20 => Loss -0.105, Train_accy 96.00, Test_accy 57.32: 100%|██████████| 20/20 [01:50<00:00,  9.45s/it]
Task 8, Epoch 20/20 => Loss -0.105, Train_accy 96.00, Test_accy 57.32: 100%|██████████| 20/20 [01:50<00:00,  5.53s/it]
2025-12-15 08:05:17,824 [l2p.py] => Task 8, Epoch 20/20 => Loss -0.105, Train_accy 96.00, Test_accy 57.32
2025-12-15 08:05:46,826 [trainer.py] => CNN: {'total': 57.32, '00-99': 80.52, '100-104': 0.0, '105-109': 10.14, '110-114': 2.82, '115-119': 3.31, '120-124': 13.04, '125-129': 1.82, '130-134': 4.05, '135-139': 2.59, '140-144': 80.0, '145-149': 72.0, '150-154': 88.0, '155-159': 64.0, '160-164': 84.0, '165-169': 80.0, '170-174': 88.0, '175-179': 80.0, '180-184': 84.0, '185-189': 72.0, '190-194': 80.0, '195-199': 84.0, 'old': 59.96, 'new': 2.59}
2025-12-15 08:05:46,826 [trainer.py] => CNN top1 curve: [80.18, 74.06, 71.35, 68.41, 65.51, 64.1, 62.52, 59.98, 57.32]
2025-12-15 08:05:46,827 [trainer.py] => Average Accuracy (CNN): 67.05 

2025-12-15 08:05:46,829 [trainer.py] => All params: 172123793
2025-12-15 08:05:46,831 [trainer.py] => Trainable params: 353481
2025-12-15 08:05:46,831 [l2p.py] => Learning on 140-145

  0%|          | 0/20 [00:00<?, ?it/s]
Task 9, Epoch 1/20 => Loss 1.911, Train_accy 8.00:   0%|          | 0/20 [00:00<?, ?it/s]
Task 9, Epoch 1/20 => Loss 1.911, Train_accy 8.00:   5%|▌         | 1/20 [00:00<00:11,  1.71it/s]
Task 9, Epoch 2/20 => Loss 1.102, Train_accy 60.00:   5%|▌         | 1/20 [00:01<00:11,  1.71it/s]
Task 9, Epoch 2/20 => Loss 1.102, Train_accy 60.00:  10%|█         | 2/20 [00:01<00:10,  1.71it/s]
Task 9, Epoch 3/20 => Loss 0.616, Train_accy 76.00:  10%|█         | 2/20 [00:01<00:10,  1.71it/s]
Task 9, Epoch 3/20 => Loss 0.616, Train_accy 76.00:  15%|█▌        | 3/20 [00:01<00:09,  1.72it/s]
Task 9, Epoch 4/20 => Loss 0.373, Train_accy 84.00:  15%|█▌        | 3/20 [00:02<00:09,  1.72it/s]
Task 9, Epoch 4/20 => Loss 0.373, Train_accy 84.00:  20%|██        | 4/20 [00:02<00:09,  1.69it/s]
Task 9, Epoch 5/20 => Loss 0.073, Train_accy 96.00, Test_accy 54.87:  20%|██        | 4/20 [00:28<00:09,  1.69it/s]
Task 9, Epoch 5/20 => Loss 0.073, Train_accy 96.00, Test_accy 54.87:  25%|██▌       | 5/20 [00:28<02:27,  9.83s/it]
Task 9, Epoch 6/20 => Loss -0.019, Train_accy 96.00:  25%|██▌       | 5/20 [00:29<02:27,  9.83s/it]                
Task 9, Epoch 6/20 => Loss -0.019, Train_accy 96.00:  30%|███       | 6/20 [00:29<01:33,  6.70s/it]
Task 9, Epoch 7/20 => Loss -0.023, Train_accy 96.00:  30%|███       | 6/20 [00:29<01:33,  6.70s/it]
Task 9, Epoch 7/20 => Loss -0.023, Train_accy 96.00:  35%|███▌      | 7/20 [00:29<01:01,  4.70s/it]
Task 9, Epoch 8/20 => Loss -0.110, Train_accy 100.00:  35%|███▌      | 7/20 [00:30<01:01,  4.70s/it]
Task 9, Epoch 8/20 => Loss -0.110, Train_accy 100.00:  40%|████      | 8/20 [00:30<00:40,  3.39s/it]
Task 9, Epoch 9/20 => Loss -0.080, Train_accy 100.00:  40%|████      | 8/20 [00:30<00:40,  3.39s/it]
Task 9, Epoch 9/20 => Loss -0.080, Train_accy 100.00:  45%|████▌     | 9/20 [00:30<00:27,  2.51s/it]
Task 9, Epoch 10/20 => Loss -0.042, Train_accy 96.00, Test_accy 54.80:  45%|████▌     | 9/20 [00:57<00:27,  2.51s/it]
Task 9, Epoch 10/20 => Loss -0.042, Train_accy 96.00, Test_accy 54.80:  50%|█████     | 10/20 [00:57<01:38,  9.82s/it]
Task 9, Epoch 11/20 => Loss -0.144, Train_accy 100.00:  50%|█████     | 10/20 [00:57<01:38,  9.82s/it]                
Task 9, Epoch 11/20 => Loss -0.144, Train_accy 100.00:  55%|█████▌    | 11/20 [00:57<01:03,  7.00s/it]
Task 9, Epoch 12/20 => Loss -0.148, Train_accy 100.00:  55%|█████▌    | 11/20 [00:58<01:03,  7.00s/it]
Task 9, Epoch 12/20 => Loss -0.148, Train_accy 100.00:  60%|██████    | 12/20 [00:58<00:40,  5.04s/it]
Task 9, Epoch 13/20 => Loss -0.033, Train_accy 92.00:  60%|██████    | 12/20 [00:58<00:40,  5.04s/it] 
Task 9, Epoch 13/20 => Loss -0.033, Train_accy 92.00:  65%|██████▌   | 13/20 [00:58<00:25,  3.70s/it]
Task 9, Epoch 14/20 => Loss -0.163, Train_accy 100.00:  65%|██████▌   | 13/20 [00:59<00:25,  3.70s/it]
Task 9, Epoch 14/20 => Loss -0.163, Train_accy 100.00:  70%|███████   | 14/20 [00:59<00:16,  2.76s/it]
Task 9, Epoch 15/20 => Loss -0.155, Train_accy 100.00, Test_accy 54.80:  70%|███████   | 14/20 [01:25<00:16,  2.76s/it]
Task 9, Epoch 15/20 => Loss -0.155, Train_accy 100.00, Test_accy 54.80:  75%|███████▌  | 15/20 [01:25<00:49,  9.86s/it]
Task 9, Epoch 16/20 => Loss -0.056, Train_accy 96.00:  75%|███████▌  | 15/20 [01:26<00:49,  9.86s/it]                  
Task 9, Epoch 16/20 => Loss -0.056, Train_accy 96.00:  80%|████████  | 16/20 [01:26<00:28,  7.07s/it]
Task 9, Epoch 17/20 => Loss -0.142, Train_accy 100.00:  80%|████████  | 16/20 [01:27<00:28,  7.07s/it]
Task 9, Epoch 17/20 => Loss -0.142, Train_accy 100.00:  85%|████████▌ | 17/20 [01:27<00:15,  5.14s/it]
Task 9, Epoch 18/20 => Loss -0.169, Train_accy 100.00:  85%|████████▌ | 17/20 [01:27<00:15,  5.14s/it]
Task 9, Epoch 18/20 => Loss -0.169, Train_accy 100.00:  90%|█████████ | 18/20 [01:27<00:07,  3.79s/it]
Task 9, Epoch 19/20 => Loss -0.132, Train_accy 100.00:  90%|█████████ | 18/20 [01:28<00:07,  3.79s/it]
Task 9, Epoch 19/20 => Loss -0.132, Train_accy 100.00:  95%|█████████▌| 19/20 [01:28<00:02,  2.83s/it]
Task 9, Epoch 20/20 => Loss -0.079, Train_accy 96.00, Test_accy 54.87:  95%|█████████▌| 19/20 [01:54<00:02,  2.83s/it]
Task 9, Epoch 20/20 => Loss -0.079, Train_accy 96.00, Test_accy 54.87: 100%|██████████| 20/20 [01:54<00:00,  9.89s/it]
Task 9, Epoch 20/20 => Loss -0.079, Train_accy 96.00, Test_accy 54.87: 100%|██████████| 20/20 [01:54<00:00,  5.73s/it]
2025-12-15 08:07:41,503 [l2p.py] => Task 9, Epoch 20/20 => Loss -0.079, Train_accy 96.00, Test_accy 54.87
2025-12-15 08:08:11,416 [trainer.py] => CNN: {'total': 54.87, '00-99': 80.62, '100-104': 0.0, '105-109': 10.14, '110-114': 2.82, '115-119': 1.99, '120-124': 13.91, '125-129': 1.82, '130-134': 4.05, '135-139': 2.59, '140-144': 0.52, '145-149': 80.0, '150-154': 84.0, '155-159': 76.0, '160-164': 84.0, '165-169': 84.0, '170-174': 68.0, '175-179': 84.0, '180-184': 80.0, '185-189': 88.0, '190-194': 88.0, '195-199': 84.0, 'old': 57.36, 'new': 0.52}
2025-12-15 08:08:11,417 [trainer.py] => CNN top1 curve: [80.18, 74.06, 71.35, 68.41, 65.51, 64.1, 62.52, 59.98, 57.32, 54.87]
2025-12-15 08:08:11,417 [trainer.py] => Average Accuracy (CNN): 65.83 

2025-12-15 08:08:11,419 [trainer.py] => All params: 172123793
2025-12-15 08:08:11,421 [trainer.py] => Trainable params: 353481
2025-12-15 08:08:11,421 [l2p.py] => Learning on 145-150

  0%|          | 0/20 [00:00<?, ?it/s]
Task 10, Epoch 1/20 => Loss 1.950, Train_accy 24.00:   0%|          | 0/20 [00:00<?, ?it/s]
Task 10, Epoch 1/20 => Loss 1.950, Train_accy 24.00:   5%|▌         | 1/20 [00:00<00:11,  1.71it/s]
Task 10, Epoch 2/20 => Loss 1.417, Train_accy 28.00:   5%|▌         | 1/20 [00:01<00:11,  1.71it/s]
Task 10, Epoch 2/20 => Loss 1.417, Train_accy 28.00:  10%|█         | 2/20 [00:01<00:10,  1.69it/s]
Task 10, Epoch 3/20 => Loss 0.601, Train_accy 80.00:  10%|█         | 2/20 [00:01<00:10,  1.69it/s]
Task 10, Epoch 3/20 => Loss 0.601, Train_accy 80.00:  15%|█▌        | 3/20 [00:01<00:09,  1.70it/s]
Task 10, Epoch 4/20 => Loss 0.386, Train_accy 88.00:  15%|█▌        | 3/20 [00:02<00:09,  1.70it/s]
Task 10, Epoch 4/20 => Loss 0.386, Train_accy 88.00:  20%|██        | 4/20 [00:02<00:09,  1.68it/s]
Task 10, Epoch 5/20 => Loss 0.279, Train_accy 88.00, Test_accy 53.10:  20%|██        | 4/20 [00:29<00:09,  1.68it/s]
Task 10, Epoch 5/20 => Loss 0.279, Train_accy 88.00, Test_accy 53.10:  25%|██▌       | 5/20 [00:29<02:32, 10.13s/it]
Task 10, Epoch 6/20 => Loss 0.148, Train_accy 88.00:  25%|██▌       | 5/20 [00:29<02:32, 10.13s/it]                 
Task 10, Epoch 6/20 => Loss 0.148, Train_accy 88.00:  30%|███       | 6/20 [00:29<01:36,  6.88s/it]
Task 10, Epoch 7/20 => Loss 0.135, Train_accy 88.00:  30%|███       | 6/20 [00:30<01:36,  6.88s/it]
Task 10, Epoch 7/20 => Loss 0.135, Train_accy 88.00:  35%|███▌      | 7/20 [00:30<01:02,  4.83s/it]
Task 10, Epoch 8/20 => Loss 0.085, Train_accy 96.00:  35%|███▌      | 7/20 [00:31<01:02,  4.83s/it]
Task 10, Epoch 8/20 => Loss 0.085, Train_accy 96.00:  40%|████      | 8/20 [00:31<00:41,  3.48s/it]
Task 10, Epoch 9/20 => Loss -0.060, Train_accy 100.00:  40%|████      | 8/20 [00:31<00:41,  3.48s/it]
Task 10, Epoch 9/20 => Loss -0.060, Train_accy 100.00:  45%|████▌     | 9/20 [00:31<00:28,  2.57s/it]
Task 10, Epoch 10/20 => Loss 0.017, Train_accy 96.00, Test_accy 53.05:  45%|████▌     | 9/20 [00:58<00:28,  2.57s/it]
Task 10, Epoch 10/20 => Loss 0.017, Train_accy 96.00, Test_accy 53.05:  50%|█████     | 10/20 [00:58<01:41, 10.11s/it]
Task 10, Epoch 11/20 => Loss 0.015, Train_accy 96.00:  50%|█████     | 10/20 [00:59<01:41, 10.11s/it]                 
Task 10, Epoch 11/20 => Loss 0.015, Train_accy 96.00:  55%|█████▌    | 11/20 [00:59<01:04,  7.19s/it]
Task 10, Epoch 12/20 => Loss -0.092, Train_accy 96.00:  55%|█████▌    | 11/20 [00:59<01:04,  7.19s/it]
Task 10, Epoch 12/20 => Loss -0.092, Train_accy 96.00:  60%|██████    | 12/20 [00:59<00:41,  5.19s/it]
Task 10, Epoch 13/20 => Loss -0.022, Train_accy 92.00:  60%|██████    | 12/20 [01:00<00:41,  5.19s/it]
Task 10, Epoch 13/20 => Loss -0.022, Train_accy 92.00:  65%|██████▌   | 13/20 [01:00<00:26,  3.79s/it]
Task 10, Epoch 14/20 => Loss -0.138, Train_accy 96.00:  65%|██████▌   | 13/20 [01:01<00:26,  3.79s/it]
Task 10, Epoch 14/20 => Loss -0.138, Train_accy 96.00:  70%|███████   | 14/20 [01:01<00:16,  2.82s/it]
Task 10, Epoch 15/20 => Loss -0.091, Train_accy 100.00, Test_accy 53.10:  70%|███████   | 14/20 [01:28<00:16,  2.82s/it]
Task 10, Epoch 15/20 => Loss -0.091, Train_accy 100.00, Test_accy 53.10:  75%|███████▌  | 15/20 [01:28<00:50, 10.11s/it]
Task 10, Epoch 16/20 => Loss -0.152, Train_accy 100.00:  75%|███████▌  | 15/20 [01:28<00:50, 10.11s/it]                 
Task 10, Epoch 16/20 => Loss -0.152, Train_accy 100.00:  80%|████████  | 16/20 [01:28<00:29,  7.25s/it]
Task 10, Epoch 17/20 => Loss -0.141, Train_accy 100.00:  80%|████████  | 16/20 [01:29<00:29,  7.25s/it]
Task 10, Epoch 17/20 => Loss -0.141, Train_accy 100.00:  85%|████████▌ | 17/20 [01:29<00:15,  5.25s/it]
Task 10, Epoch 18/20 => Loss -0.081, Train_accy 96.00:  85%|████████▌ | 17/20 [01:29<00:15,  5.25s/it] 
Task 10, Epoch 18/20 => Loss -0.081, Train_accy 96.00:  90%|█████████ | 18/20 [01:29<00:07,  3.84s/it]
Task 10, Epoch 19/20 => Loss -0.123, Train_accy 96.00:  90%|█████████ | 18/20 [01:30<00:07,  3.84s/it]
Task 10, Epoch 19/20 => Loss -0.123, Train_accy 96.00:  95%|█████████▌| 19/20 [01:30<00:02,  2.86s/it]
Task 10, Epoch 20/20 => Loss -0.160, Train_accy 100.00, Test_accy 53.21:  95%|█████████▌| 19/20 [01:57<00:02,  2.86s/it]
Task 10, Epoch 20/20 => Loss -0.160, Train_accy 100.00, Test_accy 53.21: 100%|██████████| 20/20 [01:57<00:00, 10.16s/it]
Task 10, Epoch 20/20 => Loss -0.160, Train_accy 100.00, Test_accy 53.21: 100%|██████████| 20/20 [01:57<00:00,  5.88s/it]
2025-12-15 08:10:09,043 [l2p.py] => Task 10, Epoch 20/20 => Loss -0.160, Train_accy 100.00, Test_accy 53.21
2025-12-15 08:10:39,775 [trainer.py] => CNN: {'total': 53.21, '00-99': 80.52, '100-104': 0.0, '105-109': 10.14, '110-114': 2.11, '115-119': 1.99, '120-124': 13.04, '125-129': 1.82, '130-134': 4.62, '135-139': 2.59, '140-144': 0.0, '145-149': 4.96, '150-154': 88.0, '155-159': 88.0, '160-164': 84.0, '165-169': 80.0, '170-174': 84.0, '175-179': 80.0, '180-184': 84.0, '185-189': 68.0, '190-194': 76.0, '195-199': 84.0, 'old': 54.76, 'new': 4.96}
2025-12-15 08:10:39,775 [trainer.py] => CNN top1 curve: [80.18, 74.06, 71.35, 68.41, 65.51, 64.1, 62.52, 59.98, 57.32, 54.87, 53.21]
2025-12-15 08:10:39,775 [trainer.py] => Average Accuracy (CNN): 64.68 

2025-12-15 08:10:39,777 [trainer.py] => All params: 172123793
2025-12-15 08:10:39,778 [trainer.py] => Trainable params: 353481
2025-12-15 08:10:39,778 [l2p.py] => Learning on 150-155

  0%|          | 0/20 [00:00<?, ?it/s]
Task 11, Epoch 1/20 => Loss 1.679, Train_accy 24.00:   0%|          | 0/20 [00:00<?, ?it/s]
Task 11, Epoch 1/20 => Loss 1.679, Train_accy 24.00:   5%|▌         | 1/20 [00:00<00:10,  1.73it/s]
Task 11, Epoch 2/20 => Loss 0.980, Train_accy 60.00:   5%|▌         | 1/20 [00:01<00:10,  1.73it/s]
Task 11, Epoch 2/20 => Loss 0.980, Train_accy 60.00:  10%|█         | 2/20 [00:01<00:10,  1.72it/s]
Task 11, Epoch 3/20 => Loss 0.483, Train_accy 88.00:  10%|█         | 2/20 [00:01<00:10,  1.72it/s]
Task 11, Epoch 3/20 => Loss 0.483, Train_accy 88.00:  15%|█▌        | 3/20 [00:01<00:09,  1.71it/s]
Task 11, Epoch 4/20 => Loss 0.202, Train_accy 96.00:  15%|█▌        | 3/20 [00:02<00:09,  1.71it/s]
Task 11, Epoch 4/20 => Loss 0.202, Train_accy 96.00:  20%|██        | 4/20 [00:02<00:09,  1.75it/s]
Task 11, Epoch 5/20 => Loss 0.246, Train_accy 88.00, Test_accy 51.48:  20%|██        | 4/20 [00:30<00:09,  1.75it/s]
Task 11, Epoch 5/20 => Loss 0.246, Train_accy 88.00, Test_accy 51.48:  25%|██▌       | 5/20 [00:30<02:36, 10.43s/it]
Task 11, Epoch 6/20 => Loss 0.181, Train_accy 88.00:  25%|██▌       | 5/20 [00:30<02:36, 10.43s/it]                 
Task 11, Epoch 6/20 => Loss 0.181, Train_accy 88.00:  30%|███       | 6/20 [00:30<01:39,  7.09s/it]
Task 11, Epoch 7/20 => Loss -0.031, Train_accy 100.00:  30%|███       | 6/20 [00:31<01:39,  7.09s/it]
Task 11, Epoch 7/20 => Loss -0.031, Train_accy 100.00:  35%|███▌      | 7/20 [00:31<01:04,  4.97s/it]
Task 11, Epoch 8/20 => Loss -0.110, Train_accy 100.00:  35%|███▌      | 7/20 [00:31<01:04,  4.97s/it]
Task 11, Epoch 8/20 => Loss -0.110, Train_accy 100.00:  40%|████      | 8/20 [00:31<00:42,  3.57s/it]
Task 11, Epoch 9/20 => Loss -0.050, Train_accy 96.00:  40%|████      | 8/20 [00:32<00:42,  3.57s/it] 
Task 11, Epoch 9/20 => Loss -0.050, Train_accy 96.00:  45%|████▌     | 9/20 [00:32<00:28,  2.63s/it]
Task 11, Epoch 10/20 => Loss -0.106, Train_accy 96.00, Test_accy 51.41:  45%|████▌     | 9/20 [01:00<00:28,  2.63s/it]
Task 11, Epoch 10/20 => Loss -0.106, Train_accy 96.00, Test_accy 51.41:  50%|█████     | 10/20 [01:00<01:44, 10.42s/it]
Task 11, Epoch 11/20 => Loss -0.125, Train_accy 100.00:  50%|█████     | 10/20 [01:00<01:44, 10.42s/it]                
Task 11, Epoch 11/20 => Loss -0.125, Train_accy 100.00:  55%|█████▌    | 11/20 [01:00<01:06,  7.40s/it]
Task 11, Epoch 12/20 => Loss -0.131, Train_accy 100.00:  55%|█████▌    | 11/20 [01:01<01:06,  7.40s/it]
Task 11, Epoch 12/20 => Loss -0.131, Train_accy 100.00:  60%|██████    | 12/20 [01:01<00:42,  5.33s/it]
Task 11, Epoch 13/20 => Loss -0.136, Train_accy 96.00:  60%|██████    | 12/20 [01:02<00:42,  5.33s/it] 
Task 11, Epoch 13/20 => Loss -0.136, Train_accy 96.00:  65%|██████▌   | 13/20 [01:02<00:27,  3.89s/it]
Task 11, Epoch 14/20 => Loss -0.140, Train_accy 100.00:  65%|██████▌   | 13/20 [01:02<00:27,  3.89s/it]
Task 11, Epoch 14/20 => Loss -0.140, Train_accy 100.00:  70%|███████   | 14/20 [01:02<00:17,  2.90s/it]
Task 11, Epoch 15/20 => Loss -0.181, Train_accy 100.00, Test_accy 51.35:  70%|███████   | 14/20 [01:30<00:17,  2.90s/it]
Task 11, Epoch 15/20 => Loss -0.181, Train_accy 100.00, Test_accy 51.35:  75%|███████▌  | 15/20 [01:30<00:52, 10.43s/it]
Task 11, Epoch 16/20 => Loss -0.139, Train_accy 100.00:  75%|███████▌  | 15/20 [01:31<00:52, 10.43s/it]                 
Task 11, Epoch 16/20 => Loss -0.139, Train_accy 100.00:  80%|████████  | 16/20 [01:31<00:29,  7.47s/it]
Task 11, Epoch 17/20 => Loss -0.157, Train_accy 100.00:  80%|████████  | 16/20 [01:31<00:29,  7.47s/it]
Task 11, Epoch 17/20 => Loss -0.157, Train_accy 100.00:  85%|████████▌ | 17/20 [01:31<00:16,  5.40s/it]
Task 11, Epoch 18/20 => Loss -0.160, Train_accy 100.00:  85%|████████▌ | 17/20 [01:32<00:16,  5.40s/it]
Task 11, Epoch 18/20 => Loss -0.160, Train_accy 100.00:  90%|█████████ | 18/20 [01:32<00:07,  3.95s/it]
Task 11, Epoch 19/20 => Loss -0.169, Train_accy 100.00:  90%|█████████ | 18/20 [01:32<00:07,  3.95s/it]
Task 11, Epoch 19/20 => Loss -0.169, Train_accy 100.00:  95%|█████████▌| 19/20 [01:32<00:02,  2.93s/it]
Task 11, Epoch 20/20 => Loss -0.166, Train_accy 100.00, Test_accy 51.39:  95%|█████████▌| 19/20 [02:00<00:02,  2.93s/it]
Task 11, Epoch 20/20 => Loss -0.166, Train_accy 100.00, Test_accy 51.39: 100%|██████████| 20/20 [02:00<00:00, 10.42s/it]
Task 11, Epoch 20/20 => Loss -0.166, Train_accy 100.00, Test_accy 51.39: 100%|██████████| 20/20 [02:00<00:00,  6.04s/it]
2025-12-15 08:12:40,643 [l2p.py] => Task 11, Epoch 20/20 => Loss -0.166, Train_accy 100.00, Test_accy 51.39
2025-12-15 08:13:11,871 [trainer.py] => CNN: {'total': 51.39, '00-99': 80.25, '100-104': 0.0, '105-109': 10.14, '110-114': 2.11, '115-119': 1.99, '120-124': 13.04, '125-129': 1.82, '130-134': 4.62, '135-139': 2.59, '140-144': 0.52, '145-149': 4.96, '150-154': 1.97, '155-159': 80.0, '160-164': 80.0, '165-169': 96.0, '170-174': 88.0, '175-179': 88.0, '180-184': 92.0, '185-189': 68.0, '190-194': 80.0, '195-199': 84.0, 'old': 53.05, 'new': 1.97}
2025-12-15 08:13:11,872 [trainer.py] => CNN top1 curve: [80.18, 74.06, 71.35, 68.41, 65.51, 64.1, 62.52, 59.98, 57.32, 54.87, 53.21, 51.39]
2025-12-15 08:13:11,872 [trainer.py] => Average Accuracy (CNN): 63.58 

2025-12-15 08:13:11,875 [trainer.py] => All params: 172123793
2025-12-15 08:13:11,877 [trainer.py] => Trainable params: 353481
2025-12-15 08:13:11,877 [l2p.py] => Learning on 155-160

  0%|          | 0/20 [00:00<?, ?it/s]
Task 12, Epoch 1/20 => Loss 1.485, Train_accy 28.00:   0%|          | 0/20 [00:00<?, ?it/s]
Task 12, Epoch 1/20 => Loss 1.485, Train_accy 28.00:   5%|▌         | 1/20 [00:00<00:11,  1.62it/s]
Task 12, Epoch 2/20 => Loss 1.103, Train_accy 44.00:   5%|▌         | 1/20 [00:01<00:11,  1.62it/s]
Task 12, Epoch 2/20 => Loss 1.103, Train_accy 44.00:  10%|█         | 2/20 [00:01<00:11,  1.62it/s]
Task 12, Epoch 3/20 => Loss 0.428, Train_accy 80.00:  10%|█         | 2/20 [00:01<00:11,  1.62it/s]
Task 12, Epoch 3/20 => Loss 0.428, Train_accy 80.00:  15%|█▌        | 3/20 [00:01<00:10,  1.63it/s]
Task 12, Epoch 4/20 => Loss 0.207, Train_accy 92.00:  15%|█▌        | 3/20 [00:02<00:10,  1.63it/s]
Task 12, Epoch 4/20 => Loss 0.207, Train_accy 92.00:  20%|██        | 4/20 [00:02<00:10,  1.60it/s]
Task 12, Epoch 5/20 => Loss 0.210, Train_accy 84.00, Test_accy 50.22:  20%|██        | 4/20 [00:31<00:10,  1.60it/s]
Task 12, Epoch 5/20 => Loss 0.210, Train_accy 84.00, Test_accy 50.22:  25%|██▌       | 5/20 [00:31<02:40, 10.70s/it]
Task 12, Epoch 6/20 => Loss -0.017, Train_accy 96.00:  25%|██▌       | 5/20 [00:31<02:40, 10.70s/it]                
Task 12, Epoch 6/20 => Loss -0.017, Train_accy 96.00:  30%|███       | 6/20 [00:31<01:41,  7.27s/it]
Task 12, Epoch 7/20 => Loss 0.071, Train_accy 96.00:  30%|███       | 6/20 [00:32<01:41,  7.27s/it] 
Task 12, Epoch 7/20 => Loss 0.071, Train_accy 96.00:  35%|███▌      | 7/20 [00:32<01:06,  5.10s/it]
Task 12, Epoch 8/20 => Loss -0.082, Train_accy 96.00:  35%|███▌      | 7/20 [00:32<01:06,  5.10s/it]
Task 12, Epoch 8/20 => Loss -0.082, Train_accy 96.00:  40%|████      | 8/20 [00:32<00:44,  3.68s/it]
Task 12, Epoch 9/20 => Loss -0.112, Train_accy 100.00:  40%|████      | 8/20 [00:33<00:44,  3.68s/it]
Task 12, Epoch 9/20 => Loss -0.112, Train_accy 100.00:  45%|████▌     | 9/20 [00:33<00:29,  2.73s/it]
Task 12, Epoch 10/20 => Loss -0.102, Train_accy 100.00, Test_accy 50.11:  45%|████▌     | 9/20 [01:02<00:29,  2.73s/it]
Task 12, Epoch 10/20 => Loss -0.102, Train_accy 100.00, Test_accy 50.11:  50%|█████     | 10/20 [01:02<01:47, 10.79s/it]
Task 12, Epoch 11/20 => Loss -0.129, Train_accy 100.00:  50%|█████     | 10/20 [01:03<01:47, 10.79s/it]                 
Task 12, Epoch 11/20 => Loss -0.129, Train_accy 100.00:  55%|█████▌    | 11/20 [01:03<01:09,  7.68s/it]
Task 12, Epoch 12/20 => Loss -0.140, Train_accy 100.00:  55%|█████▌    | 11/20 [01:03<01:09,  7.68s/it]
Task 12, Epoch 12/20 => Loss -0.140, Train_accy 100.00:  60%|██████    | 12/20 [01:03<00:44,  5.55s/it]
Task 12, Epoch 13/20 => Loss -0.120, Train_accy 100.00:  60%|██████    | 12/20 [01:04<00:44,  5.55s/it]
Task 12, Epoch 13/20 => Loss -0.120, Train_accy 100.00:  65%|██████▌   | 13/20 [01:04<00:28,  4.06s/it]
Task 12, Epoch 14/20 => Loss -0.164, Train_accy 100.00:  65%|██████▌   | 13/20 [01:04<00:28,  4.06s/it]
Task 12, Epoch 14/20 => Loss -0.164, Train_accy 100.00:  70%|███████   | 14/20 [01:04<00:18,  3.01s/it]
Task 12, Epoch 15/20 => Loss -0.089, Train_accy 100.00, Test_accy 50.03:  70%|███████   | 14/20 [01:33<00:18,  3.01s/it]
Task 12, Epoch 15/20 => Loss -0.089, Train_accy 100.00, Test_accy 50.03:  75%|███████▌  | 15/20 [01:33<00:53, 10.73s/it]
Task 12, Epoch 16/20 => Loss 0.001, Train_accy 92.00:  75%|███████▌  | 15/20 [01:34<00:53, 10.73s/it]                   
Task 12, Epoch 16/20 => Loss 0.001, Train_accy 92.00:  80%|████████  | 16/20 [01:34<00:30,  7.68s/it]
Task 12, Epoch 17/20 => Loss -0.167, Train_accy 100.00:  80%|████████  | 16/20 [01:34<00:30,  7.68s/it]
Task 12, Epoch 17/20 => Loss -0.167, Train_accy 100.00:  85%|████████▌ | 17/20 [01:34<00:16,  5.57s/it]
Task 12, Epoch 18/20 => Loss -0.143, Train_accy 100.00:  85%|████████▌ | 17/20 [01:35<00:16,  5.57s/it]
Task 12, Epoch 18/20 => Loss -0.143, Train_accy 100.00:  90%|█████████ | 18/20 [01:35<00:08,  4.08s/it]
Task 12, Epoch 19/20 => Loss -0.154, Train_accy 100.00:  90%|█████████ | 18/20 [01:36<00:08,  4.08s/it]
Task 12, Epoch 19/20 => Loss -0.154, Train_accy 100.00:  95%|█████████▌| 19/20 [01:36<00:03,  3.04s/it]
Task 12, Epoch 20/20 => Loss -0.173, Train_accy 100.00, Test_accy 49.97:  95%|█████████▌| 19/20 [02:04<00:03,  3.04s/it]
Task 12, Epoch 20/20 => Loss -0.173, Train_accy 100.00, Test_accy 49.97: 100%|██████████| 20/20 [02:04<00:00, 10.73s/it]
Task 12, Epoch 20/20 => Loss -0.173, Train_accy 100.00, Test_accy 49.97: 100%|██████████| 20/20 [02:04<00:00,  6.23s/it]
2025-12-15 08:15:16,582 [l2p.py] => Task 12, Epoch 20/20 => Loss -0.173, Train_accy 100.00, Test_accy 49.97
2025-12-15 08:15:48,965 [trainer.py] => CNN: {'total': 49.97, '00-99': 79.97, '100-104': 0.0, '105-109': 10.14, '110-114': 2.11, '115-119': 1.99, '120-124': 13.04, '125-129': 1.82, '130-134': 4.05, '135-139': 2.59, '140-144': 0.52, '145-149': 4.96, '150-154': 1.32, '155-159': 1.71, '160-164': 92.0, '165-169': 88.0, '170-174': 96.0, '175-179': 92.0, '180-184': 92.0, '185-189': 84.0, '190-194': 84.0, '195-199': 92.0, 'old': 51.18, 'new': 1.71}
2025-12-15 08:15:48,966 [trainer.py] => CNN top1 curve: [80.18, 74.06, 71.35, 68.41, 65.51, 64.1, 62.52, 59.98, 57.32, 54.87, 53.21, 51.39, 49.97]
2025-12-15 08:15:48,966 [trainer.py] => Average Accuracy (CNN): 62.53 

2025-12-15 08:15:48,969 [trainer.py] => All params: 172123793
2025-12-15 08:15:48,971 [trainer.py] => Trainable params: 353481
2025-12-15 08:15:48,971 [l2p.py] => Learning on 160-165

  0%|          | 0/20 [00:00<?, ?it/s]
Task 13, Epoch 1/20 => Loss 1.871, Train_accy 20.00:   0%|          | 0/20 [00:00<?, ?it/s]
Task 13, Epoch 1/20 => Loss 1.871, Train_accy 20.00:   5%|▌         | 1/20 [00:00<00:11,  1.69it/s]
Task 13, Epoch 2/20 => Loss 1.107, Train_accy 48.00:   5%|▌         | 1/20 [00:01<00:11,  1.69it/s]
Task 13, Epoch 2/20 => Loss 1.107, Train_accy 48.00:  10%|█         | 2/20 [00:01<00:10,  1.75it/s]
Task 13, Epoch 3/20 => Loss 0.471, Train_accy 84.00:  10%|█         | 2/20 [00:01<00:10,  1.75it/s]
Task 13, Epoch 3/20 => Loss 0.471, Train_accy 84.00:  15%|█▌        | 3/20 [00:01<00:09,  1.73it/s]
Task 13, Epoch 4/20 => Loss 0.266, Train_accy 92.00:  15%|█▌        | 3/20 [00:02<00:09,  1.73it/s]
Task 13, Epoch 4/20 => Loss 0.266, Train_accy 92.00:  20%|██        | 4/20 [00:02<00:09,  1.73it/s]
Task 13, Epoch 5/20 => Loss 0.080, Train_accy 96.00, Test_accy 48.27:  20%|██        | 4/20 [00:31<00:09,  1.73it/s]
Task 13, Epoch 5/20 => Loss 0.080, Train_accy 96.00, Test_accy 48.27:  25%|██▌       | 5/20 [00:31<02:45, 11.02s/it]
Task 13, Epoch 6/20 => Loss -0.017, Train_accy 96.00:  25%|██▌       | 5/20 [00:32<02:45, 11.02s/it]                
Task 13, Epoch 6/20 => Loss -0.017, Train_accy 96.00:  30%|███       | 6/20 [00:32<01:44,  7.47s/it]
Task 13, Epoch 7/20 => Loss 0.141, Train_accy 88.00:  30%|███       | 6/20 [00:32<01:44,  7.47s/it] 
Task 13, Epoch 7/20 => Loss 0.141, Train_accy 88.00:  35%|███▌      | 7/20 [00:32<01:07,  5.20s/it]
Task 13, Epoch 8/20 => Loss -0.096, Train_accy 100.00:  35%|███▌      | 7/20 [00:33<01:07,  5.20s/it]
Task 13, Epoch 8/20 => Loss -0.096, Train_accy 100.00:  40%|████      | 8/20 [00:33<00:44,  3.74s/it]
Task 13, Epoch 9/20 => Loss -0.120, Train_accy 100.00:  40%|████      | 8/20 [00:34<00:44,  3.74s/it]
Task 13, Epoch 9/20 => Loss -0.120, Train_accy 100.00:  45%|████▌     | 9/20 [00:34<00:30,  2.74s/it]
Task 13, Epoch 10/20 => Loss -0.128, Train_accy 100.00, Test_accy 48.29:  45%|████▌     | 9/20 [01:03<00:30,  2.74s/it]
Task 13, Epoch 10/20 => Loss -0.128, Train_accy 100.00, Test_accy 48.29:  50%|█████     | 10/20 [01:03<01:50, 11.02s/it]
Task 13, Epoch 11/20 => Loss -0.011, Train_accy 96.00:  50%|█████     | 10/20 [01:04<01:50, 11.02s/it]                  
Task 13, Epoch 11/20 => Loss -0.011, Train_accy 96.00:  55%|█████▌    | 11/20 [01:04<01:10,  7.83s/it]
Task 13, Epoch 12/20 => Loss -0.075, Train_accy 96.00:  55%|█████▌    | 11/20 [01:04<01:10,  7.83s/it]
Task 13, Epoch 12/20 => Loss -0.075, Train_accy 96.00:  60%|██████    | 12/20 [01:04<00:44,  5.62s/it]
Task 13, Epoch 13/20 => Loss -0.013, Train_accy 96.00:  60%|██████    | 12/20 [01:05<00:44,  5.62s/it]
Task 13, Epoch 13/20 => Loss -0.013, Train_accy 96.00:  65%|██████▌   | 13/20 [01:05<00:28,  4.09s/it]
Task 13, Epoch 14/20 => Loss -0.154, Train_accy 100.00:  65%|██████▌   | 13/20 [01:05<00:28,  4.09s/it]
Task 13, Epoch 14/20 => Loss -0.154, Train_accy 100.00:  70%|███████   | 14/20 [01:05<00:18,  3.03s/it]
Task 13, Epoch 15/20 => Loss -0.151, Train_accy 100.00, Test_accy 48.27:  70%|███████   | 14/20 [01:35<00:18,  3.03s/it]
Task 13, Epoch 15/20 => Loss -0.151, Train_accy 100.00, Test_accy 48.27:  75%|███████▌  | 15/20 [01:35<00:55, 11.02s/it]
Task 13, Epoch 16/20 => Loss 0.003, Train_accy 96.00:  75%|███████▌  | 15/20 [01:36<00:55, 11.02s/it]                   
Task 13, Epoch 16/20 => Loss 0.003, Train_accy 96.00:  80%|████████  | 16/20 [01:36<00:31,  7.88s/it]
Task 13, Epoch 17/20 => Loss -0.144, Train_accy 100.00:  80%|████████  | 16/20 [01:36<00:31,  7.88s/it]
Task 13, Epoch 17/20 => Loss -0.144, Train_accy 100.00:  85%|████████▌ | 17/20 [01:36<00:17,  5.67s/it]
Task 13, Epoch 18/20 => Loss -0.003, Train_accy 96.00:  85%|████████▌ | 17/20 [01:37<00:17,  5.67s/it] 
Task 13, Epoch 18/20 => Loss -0.003, Train_accy 96.00:  90%|█████████ | 18/20 [01:37<00:08,  4.14s/it]
Task 13, Epoch 19/20 => Loss -0.075, Train_accy 96.00:  90%|█████████ | 18/20 [01:37<00:08,  4.14s/it]
Task 13, Epoch 19/20 => Loss -0.075, Train_accy 96.00:  95%|█████████▌| 19/20 [01:37<00:03,  3.07s/it]
Task 13, Epoch 20/20 => Loss -0.085, Train_accy 96.00, Test_accy 48.23:  95%|█████████▌| 19/20 [02:07<00:03,  3.07s/it]
Task 13, Epoch 20/20 => Loss -0.085, Train_accy 96.00, Test_accy 48.23: 100%|██████████| 20/20 [02:07<00:00, 11.02s/it]
Task 13, Epoch 20/20 => Loss -0.085, Train_accy 96.00, Test_accy 48.23: 100%|██████████| 20/20 [02:07<00:00,  6.37s/it]
2025-12-15 08:17:56,336 [l2p.py] => Task 13, Epoch 20/20 => Loss -0.085, Train_accy 96.00, Test_accy 48.23
2025-12-15 08:18:29,184 [trainer.py] => CNN: {'total': 48.23, '00-99': 80.04, '100-104': 0.0, '105-109': 10.14, '110-114': 2.11, '115-119': 1.32, '120-124': 13.04, '125-129': 1.82, '130-134': 4.05, '135-139': 2.59, '140-144': 0.0, '145-149': 4.26, '150-154': 1.32, '155-159': 0.85, '160-164': 1.16, '165-169': 88.0, '170-174': 84.0, '175-179': 84.0, '180-184': 84.0, '185-189': 76.0, '190-194': 84.0, '195-199': 92.0, 'old': 49.93, 'new': 1.16}
2025-12-15 08:18:29,185 [trainer.py] => CNN top1 curve: [80.18, 74.06, 71.35, 68.41, 65.51, 64.1, 62.52, 59.98, 57.32, 54.87, 53.21, 51.39, 49.97, 48.23]
2025-12-15 08:18:29,185 [trainer.py] => Average Accuracy (CNN): 61.51 

2025-12-15 08:18:29,187 [trainer.py] => All params: 172123793
2025-12-15 08:18:29,189 [trainer.py] => Trainable params: 353481
2025-12-15 08:18:29,189 [l2p.py] => Learning on 165-170

  0%|          | 0/20 [00:00<?, ?it/s]
Task 14, Epoch 1/20 => Loss 1.751, Train_accy 16.00:   0%|          | 0/20 [00:00<?, ?it/s]
Task 14, Epoch 1/20 => Loss 1.751, Train_accy 16.00:   5%|▌         | 1/20 [00:00<00:18,  1.05it/s]
Task 14, Epoch 2/20 => Loss 0.771, Train_accy 72.00:   5%|▌         | 1/20 [00:01<00:18,  1.05it/s]
Task 14, Epoch 2/20 => Loss 0.771, Train_accy 72.00:  10%|█         | 2/20 [00:01<00:17,  1.04it/s]
Task 14, Epoch 3/20 => Loss 0.355, Train_accy 88.00:  10%|█         | 2/20 [00:02<00:17,  1.04it/s]
Task 14, Epoch 3/20 => Loss 0.355, Train_accy 88.00:  15%|█▌        | 3/20 [00:02<00:16,  1.03it/s]
Task 14, Epoch 4/20 => Loss 0.278, Train_accy 88.00:  15%|█▌        | 3/20 [00:03<00:16,  1.03it/s]
Task 14, Epoch 4/20 => Loss 0.278, Train_accy 88.00:  20%|██        | 4/20 [00:03<00:15,  1.03it/s]
Task 14, Epoch 5/20 => Loss 0.122, Train_accy 92.00, Test_accy 46.30:  20%|██        | 4/20 [00:34<00:15,  1.03it/s]
Task 14, Epoch 5/20 => Loss 0.122, Train_accy 92.00, Test_accy 46.30:  25%|██▌       | 5/20 [00:34<02:57, 11.82s/it]
Task 14, Epoch 6/20 => Loss 0.000, Train_accy 96.00:  25%|██▌       | 5/20 [00:36<02:57, 11.82s/it]                 
Task 14, Epoch 6/20 => Loss 0.000, Train_accy 96.00:  30%|███       | 6/20 [00:36<01:54,  8.17s/it]
Task 14, Epoch 7/20 => Loss -0.055, Train_accy 96.00:  30%|███       | 6/20 [00:36<01:54,  8.17s/it]
Task 14, Epoch 7/20 => Loss -0.055, Train_accy 96.00:  35%|███▌      | 7/20 [00:36<01:15,  5.82s/it]
Task 14, Epoch 8/20 => Loss -0.099, Train_accy 96.00:  35%|███▌      | 7/20 [00:37<01:15,  5.82s/it]
Task 14, Epoch 8/20 => Loss -0.099, Train_accy 96.00:  40%|████      | 8/20 [00:37<00:51,  4.27s/it]
Task 14, Epoch 9/20 => Loss -0.084, Train_accy 100.00:  40%|████      | 8/20 [00:38<00:51,  4.27s/it]
Task 14, Epoch 9/20 => Loss -0.084, Train_accy 100.00:  45%|████▌     | 9/20 [00:38<00:35,  3.26s/it]
Task 14, Epoch 10/20 => Loss -0.105, Train_accy 100.00, Test_accy 46.32:  45%|████▌     | 9/20 [01:10<00:35,  3.26s/it]
Task 14, Epoch 10/20 => Loss -0.105, Train_accy 100.00, Test_accy 46.32:  50%|█████     | 10/20 [01:10<01:59, 11.91s/it]
Task 14, Epoch 11/20 => Loss -0.114, Train_accy 100.00:  50%|█████     | 10/20 [01:11<01:59, 11.91s/it]                 
Task 14, Epoch 11/20 => Loss -0.114, Train_accy 100.00:  55%|█████▌    | 11/20 [01:11<01:17,  8.59s/it]
Task 14, Epoch 12/20 => Loss -0.086, Train_accy 96.00:  55%|█████▌    | 11/20 [01:12<01:17,  8.59s/it] 
Task 14, Epoch 12/20 => Loss -0.086, Train_accy 96.00:  60%|██████    | 12/20 [01:12<00:50,  6.28s/it]
Task 14, Epoch 13/20 => Loss -0.162, Train_accy 100.00:  60%|██████    | 12/20 [01:13<00:50,  6.28s/it]
Task 14, Epoch 13/20 => Loss -0.162, Train_accy 100.00:  65%|██████▌   | 13/20 [01:13<00:32,  4.69s/it]
Task 14, Epoch 14/20 => Loss -0.145, Train_accy 100.00:  65%|██████▌   | 13/20 [01:14<00:32,  4.69s/it]
Task 14, Epoch 14/20 => Loss -0.145, Train_accy 100.00:  70%|███████   | 14/20 [01:14<00:21,  3.58s/it]
Task 14, Epoch 15/20 => Loss -0.130, Train_accy 100.00, Test_accy 46.24:  70%|███████   | 14/20 [01:45<00:21,  3.58s/it]
Task 14, Epoch 15/20 => Loss -0.130, Train_accy 100.00, Test_accy 46.24:  75%|███████▌  | 15/20 [01:45<00:59, 11.87s/it]
Task 14, Epoch 16/20 => Loss -0.108, Train_accy 96.00:  75%|███████▌  | 15/20 [01:46<00:59, 11.87s/it]                  
Task 14, Epoch 16/20 => Loss -0.108, Train_accy 96.00:  80%|████████  | 16/20 [01:46<00:34,  8.59s/it]
Task 14, Epoch 17/20 => Loss -0.041, Train_accy 96.00:  80%|████████  | 16/20 [01:47<00:34,  8.59s/it]
Task 14, Epoch 17/20 => Loss -0.041, Train_accy 96.00:  85%|████████▌ | 17/20 [01:47<00:18,  6.31s/it]
Task 14, Epoch 18/20 => Loss -0.151, Train_accy 100.00:  85%|████████▌ | 17/20 [01:48<00:18,  6.31s/it]
Task 14, Epoch 18/20 => Loss -0.151, Train_accy 100.00:  90%|█████████ | 18/20 [01:48<00:09,  4.72s/it]
Task 14, Epoch 19/20 => Loss -0.170, Train_accy 100.00:  90%|█████████ | 18/20 [01:49<00:09,  4.72s/it]
Task 14, Epoch 19/20 => Loss -0.170, Train_accy 100.00:  95%|█████████▌| 19/20 [01:49<00:03,  3.60s/it]
Task 14, Epoch 20/20 => Loss -0.163, Train_accy 100.00, Test_accy 46.16:  95%|█████████▌| 19/20 [02:20<00:03,  3.60s/it]
Task 14, Epoch 20/20 => Loss -0.163, Train_accy 100.00, Test_accy 46.16: 100%|██████████| 20/20 [02:20<00:00, 11.85s/it]
Task 14, Epoch 20/20 => Loss -0.163, Train_accy 100.00, Test_accy 46.16: 100%|██████████| 20/20 [02:20<00:00,  7.03s/it]
2025-12-15 08:20:49,721 [l2p.py] => Task 14, Epoch 20/20 => Loss -0.163, Train_accy 100.00, Test_accy 46.16
2025-12-15 08:21:22,493 [trainer.py] => CNN: {'total': 46.16, '00-99': 79.63, '100-104': 0.0, '105-109': 10.81, '110-114': 2.11, '115-119': 1.32, '120-124': 11.3, '125-129': 1.82, '130-134': 3.47, '135-139': 2.59, '140-144': 0.52, '145-149': 4.26, '150-154': 0.0, '155-159': 0.85, '160-164': 1.16, '165-169': 1.53, '170-174': 92.0, '175-179': 80.0, '180-184': 84.0, '185-189': 80.0, '190-194': 84.0, '195-199': 96.0, 'old': 47.93, 'new': 1.53}
2025-12-15 08:21:22,493 [trainer.py] => CNN top1 curve: [80.18, 74.06, 71.35, 68.41, 65.51, 64.1, 62.52, 59.98, 57.32, 54.87, 53.21, 51.39, 49.97, 48.23, 46.16]
2025-12-15 08:21:22,493 [trainer.py] => Average Accuracy (CNN): 60.48 

2025-12-15 08:21:22,495 [trainer.py] => All params: 172123793
2025-12-15 08:21:22,497 [trainer.py] => Trainable params: 353481
2025-12-15 08:21:22,497 [l2p.py] => Learning on 170-175

  0%|          | 0/20 [00:00<?, ?it/s]
Task 15, Epoch 1/20 => Loss 1.742, Train_accy 20.00:   0%|          | 0/20 [00:00<?, ?it/s]
Task 15, Epoch 1/20 => Loss 1.742, Train_accy 20.00:   5%|▌         | 1/20 [00:00<00:11,  1.69it/s]
Task 15, Epoch 2/20 => Loss 0.991, Train_accy 56.00:   5%|▌         | 1/20 [00:01<00:11,  1.69it/s]
Task 15, Epoch 2/20 => Loss 0.991, Train_accy 56.00:  10%|█         | 2/20 [00:01<00:10,  1.77it/s]
Task 15, Epoch 3/20 => Loss 0.559, Train_accy 76.00:  10%|█         | 2/20 [00:01<00:10,  1.77it/s]
Task 15, Epoch 3/20 => Loss 0.559, Train_accy 76.00:  15%|█▌        | 3/20 [00:01<00:09,  1.75it/s]
Task 15, Epoch 4/20 => Loss 0.408, Train_accy 76.00:  15%|█▌        | 3/20 [00:02<00:09,  1.75it/s]
Task 15, Epoch 4/20 => Loss 0.408, Train_accy 76.00:  20%|██        | 4/20 [00:02<00:09,  1.74it/s]
Task 15, Epoch 5/20 => Loss 0.121, Train_accy 96.00, Test_accy 45.04:  20%|██        | 4/20 [00:33<00:09,  1.74it/s]
Task 15, Epoch 5/20 => Loss 0.121, Train_accy 96.00, Test_accy 45.04:  25%|██▌       | 5/20 [00:33<02:55, 11.73s/it]
Task 15, Epoch 6/20 => Loss -0.016, Train_accy 96.00:  25%|██▌       | 5/20 [00:34<02:55, 11.73s/it]                
Task 15, Epoch 6/20 => Loss -0.016, Train_accy 96.00:  30%|███       | 6/20 [00:34<01:51,  7.94s/it]
Task 15, Epoch 7/20 => Loss 0.029, Train_accy 92.00:  30%|███       | 6/20 [00:34<01:51,  7.94s/it] 
Task 15, Epoch 7/20 => Loss 0.029, Train_accy 92.00:  35%|███▌      | 7/20 [00:34<01:11,  5.54s/it]
Task 15, Epoch 8/20 => Loss 0.020, Train_accy 92.00:  35%|███▌      | 7/20 [00:35<01:11,  5.54s/it]
Task 15, Epoch 8/20 => Loss 0.020, Train_accy 92.00:  40%|████      | 8/20 [00:35<00:47,  3.95s/it]
Task 15, Epoch 9/20 => Loss -0.133, Train_accy 100.00:  40%|████      | 8/20 [00:36<00:47,  3.95s/it]
Task 15, Epoch 9/20 => Loss -0.133, Train_accy 100.00:  45%|████▌     | 9/20 [00:36<00:31,  2.90s/it]
Task 15, Epoch 10/20 => Loss -0.051, Train_accy 96.00, Test_accy 45.04:  45%|████▌     | 9/20 [01:07<00:31,  2.90s/it]
Task 15, Epoch 10/20 => Loss -0.051, Train_accy 96.00, Test_accy 45.04:  50%|█████     | 10/20 [01:07<01:57, 11.74s/it]
Task 15, Epoch 11/20 => Loss -0.133, Train_accy 100.00:  50%|█████     | 10/20 [01:08<01:57, 11.74s/it]                
Task 15, Epoch 11/20 => Loss -0.133, Train_accy 100.00:  55%|█████▌    | 11/20 [01:08<01:14,  8.33s/it]
Task 15, Epoch 12/20 => Loss -0.107, Train_accy 96.00:  55%|█████▌    | 11/20 [01:08<01:14,  8.33s/it] 
Task 15, Epoch 12/20 => Loss -0.107, Train_accy 96.00:  60%|██████    | 12/20 [01:08<00:47,  5.96s/it]
Task 15, Epoch 13/20 => Loss -0.086, Train_accy 96.00:  60%|██████    | 12/20 [01:09<00:47,  5.96s/it]
Task 15, Epoch 13/20 => Loss -0.086, Train_accy 96.00:  65%|██████▌   | 13/20 [01:09<00:30,  4.34s/it]
Task 15, Epoch 14/20 => Loss -0.098, Train_accy 100.00:  65%|██████▌   | 13/20 [01:09<00:30,  4.34s/it]
Task 15, Epoch 14/20 => Loss -0.098, Train_accy 100.00:  70%|███████   | 14/20 [01:09<00:19,  3.21s/it]
Task 15, Epoch 15/20 => Loss -0.134, Train_accy 100.00, Test_accy 45.04:  70%|███████   | 14/20 [01:41<00:19,  3.21s/it]
Task 15, Epoch 15/20 => Loss -0.134, Train_accy 100.00, Test_accy 45.04:  75%|███████▌  | 15/20 [01:41<00:58, 11.74s/it]
Task 15, Epoch 16/20 => Loss -0.113, Train_accy 100.00:  75%|███████▌  | 15/20 [01:42<00:58, 11.74s/it]                 
Task 15, Epoch 16/20 => Loss -0.113, Train_accy 100.00:  80%|████████  | 16/20 [01:42<00:33,  8.38s/it]
Task 15, Epoch 17/20 => Loss -0.184, Train_accy 100.00:  80%|████████  | 16/20 [01:42<00:33,  8.38s/it]
Task 15, Epoch 17/20 => Loss -0.184, Train_accy 100.00:  85%|████████▌ | 17/20 [01:42<00:18,  6.03s/it]
Task 15, Epoch 18/20 => Loss -0.152, Train_accy 100.00:  85%|████████▌ | 17/20 [01:43<00:18,  6.03s/it]
Task 15, Epoch 18/20 => Loss -0.152, Train_accy 100.00:  90%|█████████ | 18/20 [01:43<00:08,  4.39s/it]
Task 15, Epoch 19/20 => Loss -0.144, Train_accy 100.00:  90%|█████████ | 18/20 [01:43<00:08,  4.39s/it]
Task 15, Epoch 19/20 => Loss -0.144, Train_accy 100.00:  95%|█████████▌| 19/20 [01:43<00:03,  3.25s/it]
Task 15, Epoch 20/20 => Loss -0.160, Train_accy 96.00, Test_accy 45.06:  95%|█████████▌| 19/20 [02:15<00:03,  3.25s/it]
Task 15, Epoch 20/20 => Loss -0.160, Train_accy 96.00, Test_accy 45.06: 100%|██████████| 20/20 [02:15<00:00, 11.73s/it]
Task 15, Epoch 20/20 => Loss -0.160, Train_accy 96.00, Test_accy 45.06: 100%|██████████| 20/20 [02:15<00:00,  6.77s/it]
2025-12-15 08:23:37,817 [l2p.py] => Task 15, Epoch 20/20 => Loss -0.160, Train_accy 96.00, Test_accy 45.06
2025-12-15 08:24:11,059 [trainer.py] => CNN: {'total': 45.06, '00-99': 79.73, '100-104': 0.0, '105-109': 10.14, '110-114': 2.11, '115-119': 1.32, '120-124': 13.04, '125-129': 1.82, '130-134': 3.47, '135-139': 2.59, '140-144': 0.52, '145-149': 5.67, '150-154': 0.66, '155-159': 0.85, '160-164': 1.16, '165-169': 1.02, '170-174': 0.0, '175-179': 80.0, '180-184': 92.0, '185-189': 84.0, '190-194': 88.0, '195-199': 88.0, 'old': 46.28, 'new': 0.0}
2025-12-15 08:24:11,059 [trainer.py] => CNN top1 curve: [80.18, 74.06, 71.35, 68.41, 65.51, 64.1, 62.52, 59.98, 57.32, 54.87, 53.21, 51.39, 49.97, 48.23, 46.16, 45.06]
2025-12-15 08:24:11,059 [trainer.py] => Average Accuracy (CNN): 59.52 

2025-12-15 08:24:11,062 [trainer.py] => All params: 172123793
2025-12-15 08:24:11,064 [trainer.py] => Trainable params: 353481
2025-12-15 08:24:11,064 [l2p.py] => Learning on 175-180

  0%|          | 0/20 [00:00<?, ?it/s]
Task 16, Epoch 1/20 => Loss 1.348, Train_accy 40.00:   0%|          | 0/20 [00:00<?, ?it/s]
Task 16, Epoch 1/20 => Loss 1.348, Train_accy 40.00:   5%|▌         | 1/20 [00:00<00:10,  1.81it/s]
Task 16, Epoch 2/20 => Loss 0.671, Train_accy 88.00:   5%|▌         | 1/20 [00:01<00:10,  1.81it/s]
Task 16, Epoch 2/20 => Loss 0.671, Train_accy 88.00:  10%|█         | 2/20 [00:01<00:10,  1.80it/s]
Task 16, Epoch 3/20 => Loss 0.334, Train_accy 84.00:  10%|█         | 2/20 [00:01<00:10,  1.80it/s]
Task 16, Epoch 3/20 => Loss 0.334, Train_accy 84.00:  15%|█▌        | 3/20 [00:01<00:09,  1.75it/s]
Task 16, Epoch 4/20 => Loss 0.204, Train_accy 88.00:  15%|█▌        | 3/20 [00:02<00:09,  1.75it/s]
Task 16, Epoch 4/20 => Loss 0.204, Train_accy 88.00:  20%|██        | 4/20 [00:02<00:09,  1.71it/s]
Task 16, Epoch 5/20 => Loss 0.036, Train_accy 92.00, Test_accy 43.70:  20%|██        | 4/20 [00:35<00:09,  1.71it/s]
Task 16, Epoch 5/20 => Loss 0.036, Train_accy 92.00, Test_accy 43.70:  25%|██▌       | 5/20 [00:35<03:02, 12.19s/it]
Task 16, Epoch 6/20 => Loss -0.064, Train_accy 100.00:  25%|██▌       | 5/20 [00:35<03:02, 12.19s/it]               
Task 16, Epoch 6/20 => Loss -0.064, Train_accy 100.00:  30%|███       | 6/20 [00:35<01:55,  8.24s/it]
Task 16, Epoch 7/20 => Loss -0.085, Train_accy 100.00:  30%|███       | 6/20 [00:36<01:55,  8.24s/it]
Task 16, Epoch 7/20 => Loss -0.085, Train_accy 100.00:  35%|███▌      | 7/20 [00:36<01:14,  5.74s/it]
Task 16, Epoch 8/20 => Loss 0.081, Train_accy 92.00:  35%|███▌      | 7/20 [00:36<01:14,  5.74s/it]  
Task 16, Epoch 8/20 => Loss 0.081, Train_accy 92.00:  40%|████      | 8/20 [00:36<00:49,  4.09s/it]
Task 16, Epoch 9/20 => Loss -0.108, Train_accy 100.00:  40%|████      | 8/20 [00:37<00:49,  4.09s/it]
Task 16, Epoch 9/20 => Loss -0.108, Train_accy 100.00:  45%|████▌     | 9/20 [00:37<00:32,  2.99s/it]
Task 16, Epoch 10/20 => Loss -0.142, Train_accy 100.00, Test_accy 43.74:  45%|████▌     | 9/20 [01:09<00:32,  2.99s/it]
Task 16, Epoch 10/20 => Loss -0.142, Train_accy 100.00, Test_accy 43.74:  50%|█████     | 10/20 [01:09<02:00, 12.07s/it]
Task 16, Epoch 11/20 => Loss -0.129, Train_accy 100.00:  50%|█████     | 10/20 [01:10<02:00, 12.07s/it]                 
Task 16, Epoch 11/20 => Loss -0.129, Train_accy 100.00:  55%|█████▌    | 11/20 [01:10<01:16,  8.55s/it]
Task 16, Epoch 12/20 => Loss -0.139, Train_accy 100.00:  55%|█████▌    | 11/20 [01:10<01:16,  8.55s/it]
Task 16, Epoch 12/20 => Loss -0.139, Train_accy 100.00:  60%|██████    | 12/20 [01:10<00:48,  6.12s/it]
Task 16, Epoch 13/20 => Loss 0.046, Train_accy 96.00:  60%|██████    | 12/20 [01:11<00:48,  6.12s/it]  
Task 16, Epoch 13/20 => Loss 0.046, Train_accy 96.00:  65%|██████▌   | 13/20 [01:11<00:31,  4.44s/it]
Task 16, Epoch 14/20 => Loss -0.164, Train_accy 100.00:  65%|██████▌   | 13/20 [01:12<00:31,  4.44s/it]
Task 16, Epoch 14/20 => Loss -0.164, Train_accy 100.00:  70%|███████   | 14/20 [01:12<00:19,  3.28s/it]
Task 16, Epoch 15/20 => Loss -0.096, Train_accy 100.00, Test_accy 43.81:  70%|███████   | 14/20 [01:44<00:19,  3.28s/it]
Task 16, Epoch 15/20 => Loss -0.096, Train_accy 100.00, Test_accy 43.81:  75%|███████▌  | 15/20 [01:44<01:00, 12.06s/it]
Task 16, Epoch 16/20 => Loss -0.054, Train_accy 96.00:  75%|███████▌  | 15/20 [01:45<01:00, 12.06s/it]                  
Task 16, Epoch 16/20 => Loss -0.054, Train_accy 96.00:  80%|████████  | 16/20 [01:45<00:34,  8.60s/it]
Task 16, Epoch 17/20 => Loss -0.158, Train_accy 100.00:  80%|████████  | 16/20 [01:45<00:34,  8.60s/it]
Task 16, Epoch 17/20 => Loss -0.158, Train_accy 100.00:  85%|████████▌ | 17/20 [01:45<00:18,  6.18s/it]
Task 16, Epoch 18/20 => Loss -0.149, Train_accy 100.00:  85%|████████▌ | 17/20 [01:46<00:18,  6.18s/it]
Task 16, Epoch 18/20 => Loss -0.149, Train_accy 100.00:  90%|█████████ | 18/20 [01:46<00:08,  4.49s/it]
Task 16, Epoch 19/20 => Loss -0.150, Train_accy 100.00:  90%|█████████ | 18/20 [01:46<00:08,  4.49s/it]
Task 16, Epoch 19/20 => Loss -0.150, Train_accy 100.00:  95%|█████████▌| 19/20 [01:46<00:03,  3.30s/it]
Task 16, Epoch 20/20 => Loss -0.169, Train_accy 100.00, Test_accy 43.78:  95%|█████████▌| 19/20 [02:19<00:03,  3.30s/it]
Task 16, Epoch 20/20 => Loss -0.169, Train_accy 100.00, Test_accy 43.78: 100%|██████████| 20/20 [02:19<00:00, 12.06s/it]
Task 16, Epoch 20/20 => Loss -0.169, Train_accy 100.00, Test_accy 43.78: 100%|██████████| 20/20 [02:19<00:00,  6.96s/it]
2025-12-15 08:26:30,251 [l2p.py] => Task 16, Epoch 20/20 => Loss -0.169, Train_accy 100.00, Test_accy 43.78
2025-12-15 08:27:04,382 [trainer.py] => CNN: {'total': 43.78, '00-99': 79.6, '100-104': 0.0, '105-109': 10.81, '110-114': 2.11, '115-119': 1.99, '120-124': 13.91, '125-129': 1.82, '130-134': 2.89, '135-139': 3.11, '140-144': 0.52, '145-149': 5.67, '150-154': 1.32, '155-159': 0.85, '160-164': 1.16, '165-169': 1.02, '170-174': 0.0, '175-179': 1.85, '180-184': 92.0, '185-189': 76.0, '190-194': 88.0, '195-199': 88.0, 'old': 45.06, 'new': 1.85}
2025-12-15 08:27:04,382 [trainer.py] => CNN top1 curve: [80.18, 74.06, 71.35, 68.41, 65.51, 64.1, 62.52, 59.98, 57.32, 54.87, 53.21, 51.39, 49.97, 48.23, 46.16, 45.06, 43.78]
2025-12-15 08:27:04,382 [trainer.py] => Average Accuracy (CNN): 58.59 

2025-12-15 08:27:04,385 [trainer.py] => All params: 172123793
2025-12-15 08:27:04,388 [trainer.py] => Trainable params: 353481
2025-12-15 08:27:04,388 [l2p.py] => Learning on 180-185

  0%|          | 0/20 [00:00<?, ?it/s]
Task 17, Epoch 1/20 => Loss 1.774, Train_accy 36.00:   0%|          | 0/20 [00:00<?, ?it/s]
Task 17, Epoch 1/20 => Loss 1.774, Train_accy 36.00:   5%|▌         | 1/20 [00:00<00:10,  1.75it/s]
Task 17, Epoch 2/20 => Loss 1.021, Train_accy 64.00:   5%|▌         | 1/20 [00:01<00:10,  1.75it/s]
Task 17, Epoch 2/20 => Loss 1.021, Train_accy 64.00:  10%|█         | 2/20 [00:01<00:10,  1.72it/s]
Task 17, Epoch 3/20 => Loss 0.685, Train_accy 68.00:  10%|█         | 2/20 [00:01<00:10,  1.72it/s]
Task 17, Epoch 3/20 => Loss 0.685, Train_accy 68.00:  15%|█▌        | 3/20 [00:01<00:09,  1.76it/s]
Task 17, Epoch 4/20 => Loss 0.391, Train_accy 80.00:  15%|█▌        | 3/20 [00:02<00:09,  1.76it/s]
Task 17, Epoch 4/20 => Loss 0.391, Train_accy 80.00:  20%|██        | 4/20 [00:02<00:09,  1.74it/s]
Task 17, Epoch 5/20 => Loss 0.258, Train_accy 88.00, Test_accy 42.84:  20%|██        | 4/20 [00:35<00:09,  1.74it/s]
Task 17, Epoch 5/20 => Loss 0.258, Train_accy 88.00, Test_accy 42.84:  25%|██▌       | 5/20 [00:35<03:04, 12.31s/it]
Task 17, Epoch 6/20 => Loss 0.064, Train_accy 100.00:  25%|██▌       | 5/20 [00:35<03:04, 12.31s/it]                
Task 17, Epoch 6/20 => Loss 0.064, Train_accy 100.00:  30%|███       | 6/20 [00:35<01:56,  8.32s/it]
Task 17, Epoch 7/20 => Loss 0.137, Train_accy 92.00:  30%|███       | 6/20 [00:36<01:56,  8.32s/it] 
Task 17, Epoch 7/20 => Loss 0.137, Train_accy 92.00:  35%|███▌      | 7/20 [00:36<01:15,  5.80s/it]
Task 17, Epoch 8/20 => Loss -0.013, Train_accy 100.00:  35%|███▌      | 7/20 [00:37<01:15,  5.80s/it]
Task 17, Epoch 8/20 => Loss -0.013, Train_accy 100.00:  40%|████      | 8/20 [00:37<00:49,  4.13s/it]
Task 17, Epoch 9/20 => Loss -0.044, Train_accy 96.00:  40%|████      | 8/20 [00:37<00:49,  4.13s/it] 
Task 17, Epoch 9/20 => Loss -0.044, Train_accy 96.00:  45%|████▌     | 9/20 [00:37<00:33,  3.03s/it]
Task 17, Epoch 10/20 => Loss 0.017, Train_accy 96.00, Test_accy 42.88:  45%|████▌     | 9/20 [01:10<00:33,  3.03s/it]
Task 17, Epoch 10/20 => Loss 0.017, Train_accy 96.00, Test_accy 42.88:  50%|█████     | 10/20 [01:10<02:03, 12.31s/it]
Task 17, Epoch 11/20 => Loss -0.117, Train_accy 100.00:  50%|█████     | 10/20 [01:11<02:03, 12.31s/it]               
Task 17, Epoch 11/20 => Loss -0.117, Train_accy 100.00:  55%|█████▌    | 11/20 [01:11<01:18,  8.73s/it]
Task 17, Epoch 12/20 => Loss -0.069, Train_accy 96.00:  55%|█████▌    | 11/20 [01:12<01:18,  8.73s/it] 
Task 17, Epoch 12/20 => Loss -0.069, Train_accy 96.00:  60%|██████    | 12/20 [01:12<00:49,  6.25s/it]
Task 17, Epoch 13/20 => Loss -0.132, Train_accy 100.00:  60%|██████    | 12/20 [01:12<00:49,  6.25s/it]
Task 17, Epoch 13/20 => Loss -0.132, Train_accy 100.00:  65%|██████▌   | 13/20 [01:12<00:31,  4.52s/it]
Task 17, Epoch 14/20 => Loss -0.123, Train_accy 100.00:  65%|██████▌   | 13/20 [01:13<00:31,  4.52s/it]
Task 17, Epoch 14/20 => Loss -0.123, Train_accy 100.00:  70%|███████   | 14/20 [01:13<00:19,  3.33s/it]
Task 17, Epoch 15/20 => Loss -0.038, Train_accy 96.00, Test_accy 42.88:  70%|███████   | 14/20 [01:46<00:19,  3.33s/it]
Task 17, Epoch 15/20 => Loss -0.038, Train_accy 96.00, Test_accy 42.88:  75%|███████▌  | 15/20 [01:46<01:01, 12.32s/it]
Task 17, Epoch 16/20 => Loss -0.164, Train_accy 100.00:  75%|███████▌  | 15/20 [01:46<01:01, 12.32s/it]                
Task 17, Epoch 16/20 => Loss -0.164, Train_accy 100.00:  80%|████████  | 16/20 [01:46<00:35,  8.79s/it]
Task 17, Epoch 17/20 => Loss -0.112, Train_accy 100.00:  80%|████████  | 16/20 [01:47<00:35,  8.79s/it]
Task 17, Epoch 17/20 => Loss -0.112, Train_accy 100.00:  85%|████████▌ | 17/20 [01:47<00:18,  6.32s/it]
Task 17, Epoch 18/20 => Loss -0.144, Train_accy 100.00:  85%|████████▌ | 17/20 [01:48<00:18,  6.32s/it]
Task 17, Epoch 18/20 => Loss -0.144, Train_accy 100.00:  90%|█████████ | 18/20 [01:48<00:09,  4.60s/it]
Task 17, Epoch 19/20 => Loss -0.178, Train_accy 100.00:  90%|█████████ | 18/20 [01:48<00:09,  4.60s/it]
Task 17, Epoch 19/20 => Loss -0.178, Train_accy 100.00:  95%|█████████▌| 19/20 [01:48<00:03,  3.39s/it]
Task 17, Epoch 20/20 => Loss -0.138, Train_accy 96.00, Test_accy 42.95:  95%|█████████▌| 19/20 [02:21<00:03,  3.39s/it]
Task 17, Epoch 20/20 => Loss -0.138, Train_accy 96.00, Test_accy 42.95: 100%|██████████| 20/20 [02:21<00:00, 12.31s/it]
Task 17, Epoch 20/20 => Loss -0.138, Train_accy 96.00, Test_accy 42.95: 100%|██████████| 20/20 [02:21<00:00,  7.09s/it]
2025-12-15 08:29:26,157 [l2p.py] => Task 17, Epoch 20/20 => Loss -0.138, Train_accy 96.00, Test_accy 42.95
2025-12-15 08:30:00,534 [trainer.py] => CNN: {'total': 42.95, '00-99': 79.7, '100-104': 0.0, '105-109': 11.49, '110-114': 2.11, '115-119': 1.99, '120-124': 13.04, '125-129': 1.82, '130-134': 3.47, '135-139': 3.11, '140-144': 0.52, '145-149': 5.67, '150-154': 1.32, '155-159': 0.85, '160-164': 1.73, '165-169': 1.02, '170-174': 0.0, '175-179': 1.85, '180-184': 0.84, '185-189': 84.0, '190-194': 88.0, '195-199': 88.0, 'old': 43.87, 'new': 0.84}
2025-12-15 08:30:00,534 [trainer.py] => CNN top1 curve: [80.18, 74.06, 71.35, 68.41, 65.51, 64.1, 62.52, 59.98, 57.32, 54.87, 53.21, 51.39, 49.97, 48.23, 46.16, 45.06, 43.78, 42.95]
2025-12-15 08:30:00,535 [trainer.py] => Average Accuracy (CNN): 57.73 

2025-12-15 08:30:00,537 [trainer.py] => All params: 172123793
2025-12-15 08:30:00,539 [trainer.py] => Trainable params: 353481
2025-12-15 08:30:00,539 [l2p.py] => Learning on 185-190

  0%|          | 0/20 [00:00<?, ?it/s]
Task 18, Epoch 1/20 => Loss 1.480, Train_accy 20.00:   0%|          | 0/20 [00:00<?, ?it/s]
Task 18, Epoch 1/20 => Loss 1.480, Train_accy 20.00:   5%|▌         | 1/20 [00:00<00:11,  1.69it/s]
Task 18, Epoch 2/20 => Loss 0.914, Train_accy 56.00:   5%|▌         | 1/20 [00:01<00:11,  1.69it/s]
Task 18, Epoch 2/20 => Loss 0.914, Train_accy 56.00:  10%|█         | 2/20 [00:01<00:10,  1.68it/s]
Task 18, Epoch 3/20 => Loss 0.715, Train_accy 64.00:  10%|█         | 2/20 [00:01<00:10,  1.68it/s]
Task 18, Epoch 3/20 => Loss 0.715, Train_accy 64.00:  15%|█▌        | 3/20 [00:01<00:09,  1.72it/s]
Task 18, Epoch 4/20 => Loss 0.260, Train_accy 88.00:  15%|█▌        | 3/20 [00:02<00:09,  1.72it/s]
Task 18, Epoch 4/20 => Loss 0.260, Train_accy 88.00:  20%|██        | 4/20 [00:02<00:09,  1.72it/s]
Task 18, Epoch 5/20 => Loss 0.206, Train_accy 88.00, Test_accy 42.03:  20%|██        | 4/20 [00:36<00:09,  1.72it/s]
Task 18, Epoch 5/20 => Loss 0.206, Train_accy 88.00, Test_accy 42.03:  25%|██▌       | 5/20 [00:36<03:08, 12.55s/it]
Task 18, Epoch 6/20 => Loss 0.158, Train_accy 96.00:  25%|██▌       | 5/20 [00:36<03:08, 12.55s/it]                 
Task 18, Epoch 6/20 => Loss 0.158, Train_accy 96.00:  30%|███       | 6/20 [00:36<01:58,  8.48s/it]
Task 18, Epoch 7/20 => Loss 0.076, Train_accy 92.00:  30%|███       | 6/20 [00:37<01:58,  8.48s/it]
Task 18, Epoch 7/20 => Loss 0.076, Train_accy 92.00:  35%|███▌      | 7/20 [00:37<01:16,  5.90s/it]
Task 18, Epoch 8/20 => Loss -0.107, Train_accy 100.00:  35%|███▌      | 7/20 [00:37<01:16,  5.90s/it]
Task 18, Epoch 8/20 => Loss -0.107, Train_accy 100.00:  40%|████      | 8/20 [00:37<00:50,  4.21s/it]
Task 18, Epoch 9/20 => Loss -0.073, Train_accy 100.00:  40%|████      | 8/20 [00:38<00:50,  4.21s/it]
Task 18, Epoch 9/20 => Loss -0.073, Train_accy 100.00:  45%|████▌     | 9/20 [00:38<00:33,  3.07s/it]
Task 18, Epoch 10/20 => Loss 0.029, Train_accy 92.00, Test_accy 41.96:  45%|████▌     | 9/20 [01:12<00:33,  3.07s/it]
Task 18, Epoch 10/20 => Loss 0.029, Train_accy 92.00, Test_accy 41.96:  50%|█████     | 10/20 [01:12<02:05, 12.57s/it]
Task 18, Epoch 11/20 => Loss -0.139, Train_accy 100.00:  50%|█████     | 10/20 [01:12<02:05, 12.57s/it]               
Task 18, Epoch 11/20 => Loss -0.139, Train_accy 100.00:  55%|█████▌    | 11/20 [01:12<01:20,  8.90s/it]
Task 18, Epoch 12/20 => Loss -0.137, Train_accy 100.00:  55%|█████▌    | 11/20 [01:13<01:20,  8.90s/it]
Task 18, Epoch 12/20 => Loss -0.137, Train_accy 100.00:  60%|██████    | 12/20 [01:13<00:51,  6.38s/it]
Task 18, Epoch 13/20 => Loss -0.150, Train_accy 100.00:  60%|██████    | 12/20 [01:14<00:51,  6.38s/it]
Task 18, Epoch 13/20 => Loss -0.150, Train_accy 100.00:  65%|██████▌   | 13/20 [01:14<00:32,  4.63s/it]
Task 18, Epoch 14/20 => Loss -0.120, Train_accy 100.00:  65%|██████▌   | 13/20 [01:14<00:32,  4.63s/it]
Task 18, Epoch 14/20 => Loss -0.120, Train_accy 100.00:  70%|███████   | 14/20 [01:14<00:20,  3.42s/it]
Task 18, Epoch 15/20 => Loss -0.165, Train_accy 100.00, Test_accy 41.98:  70%|███████   | 14/20 [01:48<00:20,  3.42s/it]
Task 18, Epoch 15/20 => Loss -0.165, Train_accy 100.00, Test_accy 41.98:  75%|███████▌  | 15/20 [01:48<01:03, 12.63s/it]
Task 18, Epoch 16/20 => Loss -0.080, Train_accy 92.00:  75%|███████▌  | 15/20 [01:49<01:03, 12.63s/it]                  
Task 18, Epoch 16/20 => Loss -0.080, Train_accy 92.00:  80%|████████  | 16/20 [01:49<00:36,  9.01s/it]
Task 18, Epoch 17/20 => Loss -0.137, Train_accy 100.00:  80%|████████  | 16/20 [01:49<00:36,  9.01s/it]
Task 18, Epoch 17/20 => Loss -0.137, Train_accy 100.00:  85%|████████▌ | 17/20 [01:49<00:19,  6.47s/it]
Task 18, Epoch 18/20 => Loss -0.176, Train_accy 100.00:  85%|████████▌ | 17/20 [01:50<00:19,  6.47s/it]
Task 18, Epoch 18/20 => Loss -0.176, Train_accy 100.00:  90%|█████████ | 18/20 [01:50<00:09,  4.70s/it]
Task 18, Epoch 19/20 => Loss -0.187, Train_accy 100.00:  90%|█████████ | 18/20 [01:50<00:09,  4.70s/it]
Task 18, Epoch 19/20 => Loss -0.187, Train_accy 100.00:  95%|█████████▌| 19/20 [01:50<00:03,  3.47s/it]
Task 18, Epoch 20/20 => Loss -0.179, Train_accy 100.00, Test_accy 41.96:  95%|█████████▌| 19/20 [02:25<00:03,  3.47s/it]
Task 18, Epoch 20/20 => Loss -0.179, Train_accy 100.00, Test_accy 41.96: 100%|██████████| 20/20 [02:25<00:00, 12.65s/it]
Task 18, Epoch 20/20 => Loss -0.179, Train_accy 100.00, Test_accy 41.96: 100%|██████████| 20/20 [02:25<00:00,  7.25s/it]
2025-12-15 08:32:25,625 [l2p.py] => Task 18, Epoch 20/20 => Loss -0.179, Train_accy 100.00, Test_accy 41.96
2025-12-15 08:33:00,827 [trainer.py] => CNN: {'total': 41.96, '00-99': 79.42, '100-104': 0.0, '105-109': 12.84, '110-114': 2.82, '115-119': 2.65, '120-124': 13.91, '125-129': 1.82, '130-134': 2.31, '135-139': 3.63, '140-144': 0.0, '145-149': 4.96, '150-154': 0.66, '155-159': 0.85, '160-164': 1.16, '165-169': 1.53, '170-174': 0.0, '175-179': 1.85, '180-184': 0.84, '185-189': 0.85, '190-194': 88.0, '195-199': 100.0, 'old': 42.82, 'new': 0.85}
2025-12-15 08:33:00,827 [trainer.py] => CNN top1 curve: [80.18, 74.06, 71.35, 68.41, 65.51, 64.1, 62.52, 59.98, 57.32, 54.87, 53.21, 51.39, 49.97, 48.23, 46.16, 45.06, 43.78, 42.95, 41.96]
2025-12-15 08:33:00,828 [trainer.py] => Average Accuracy (CNN): 56.9 

2025-12-15 08:33:00,831 [trainer.py] => All params: 172123793
2025-12-15 08:33:00,834 [trainer.py] => Trainable params: 353481
2025-12-15 08:33:00,834 [l2p.py] => Learning on 190-195

  0%|          | 0/20 [00:00<?, ?it/s]
Task 19, Epoch 1/20 => Loss 2.148, Train_accy 16.00:   0%|          | 0/20 [00:00<?, ?it/s]
Task 19, Epoch 1/20 => Loss 2.148, Train_accy 16.00:   5%|▌         | 1/20 [00:00<00:10,  1.76it/s]
Task 19, Epoch 2/20 => Loss 1.326, Train_accy 44.00:   5%|▌         | 1/20 [00:01<00:10,  1.76it/s]
Task 19, Epoch 2/20 => Loss 1.326, Train_accy 44.00:  10%|█         | 2/20 [00:01<00:10,  1.70it/s]
Task 19, Epoch 3/20 => Loss 0.584, Train_accy 80.00:  10%|█         | 2/20 [00:01<00:10,  1.70it/s]
Task 19, Epoch 3/20 => Loss 0.584, Train_accy 80.00:  15%|█▌        | 3/20 [00:01<00:09,  1.75it/s]
Task 19, Epoch 4/20 => Loss 0.346, Train_accy 76.00:  15%|█▌        | 3/20 [00:02<00:09,  1.75it/s]
Task 19, Epoch 4/20 => Loss 0.346, Train_accy 76.00:  20%|██        | 4/20 [00:02<00:09,  1.75it/s]
Task 19, Epoch 5/20 => Loss 0.039, Train_accy 100.00, Test_accy 40.77:  20%|██        | 4/20 [00:36<00:09,  1.75it/s]
Task 19, Epoch 5/20 => Loss 0.039, Train_accy 100.00, Test_accy 40.77:  25%|██▌       | 5/20 [00:36<03:13, 12.87s/it]
Task 19, Epoch 6/20 => Loss -0.001, Train_accy 96.00:  25%|██▌       | 5/20 [00:37<03:13, 12.87s/it]                 
Task 19, Epoch 6/20 => Loss -0.001, Train_accy 96.00:  30%|███       | 6/20 [00:37<02:01,  8.69s/it]
Task 19, Epoch 7/20 => Loss -0.017, Train_accy 100.00:  30%|███       | 6/20 [00:38<02:01,  8.69s/it]
Task 19, Epoch 7/20 => Loss -0.017, Train_accy 100.00:  35%|███▌      | 7/20 [00:38<01:18,  6.05s/it]
Task 19, Epoch 8/20 => Loss -0.103, Train_accy 100.00:  35%|███▌      | 7/20 [00:38<01:18,  6.05s/it]
Task 19, Epoch 8/20 => Loss -0.103, Train_accy 100.00:  40%|████      | 8/20 [00:38<00:51,  4.31s/it]
Task 19, Epoch 9/20 => Loss -0.102, Train_accy 100.00:  40%|████      | 8/20 [00:39<00:51,  4.31s/it]
Task 19, Epoch 9/20 => Loss -0.102, Train_accy 100.00:  45%|████▌     | 9/20 [00:39<00:34,  3.14s/it]
Task 19, Epoch 10/20 => Loss -0.104, Train_accy 96.00, Test_accy 40.86:  45%|████▌     | 9/20 [01:13<00:34,  3.14s/it]
Task 19, Epoch 10/20 => Loss -0.104, Train_accy 96.00, Test_accy 40.86:  50%|█████     | 10/20 [01:13<02:08, 12.88s/it]
Task 19, Epoch 11/20 => Loss -0.128, Train_accy 100.00:  50%|█████     | 10/20 [01:14<02:08, 12.88s/it]                
Task 19, Epoch 11/20 => Loss -0.128, Train_accy 100.00:  55%|█████▌    | 11/20 [01:14<01:22,  9.11s/it]
Task 19, Epoch 12/20 => Loss -0.125, Train_accy 100.00:  55%|█████▌    | 11/20 [01:15<01:22,  9.11s/it]
Task 19, Epoch 12/20 => Loss -0.125, Train_accy 100.00:  60%|██████    | 12/20 [01:15<00:52,  6.51s/it]
Task 19, Epoch 13/20 => Loss -0.149, Train_accy 100.00:  60%|██████    | 12/20 [01:15<00:52,  6.51s/it]
Task 19, Epoch 13/20 => Loss -0.149, Train_accy 100.00:  65%|██████▌   | 13/20 [01:15<00:32,  4.71s/it]
Task 19, Epoch 14/20 => Loss 0.041, Train_accy 88.00:  65%|██████▌   | 13/20 [01:16<00:32,  4.71s/it]  
Task 19, Epoch 14/20 => Loss 0.041, Train_accy 88.00:  70%|███████   | 14/20 [01:16<00:20,  3.46s/it]
Task 19, Epoch 15/20 => Loss 0.067, Train_accy 88.00, Test_accy 40.89:  70%|███████   | 14/20 [01:50<00:20,  3.46s/it]
Task 19, Epoch 15/20 => Loss 0.067, Train_accy 88.00, Test_accy 40.89:  75%|███████▌  | 15/20 [01:50<01:04, 12.86s/it]
Task 19, Epoch 16/20 => Loss -0.015, Train_accy 92.00:  75%|███████▌  | 15/20 [01:51<01:04, 12.86s/it]                
Task 19, Epoch 16/20 => Loss -0.015, Train_accy 92.00:  80%|████████  | 16/20 [01:51<00:36,  9.16s/it]
Task 19, Epoch 17/20 => Loss 0.022, Train_accy 92.00:  80%|████████  | 16/20 [01:52<00:36,  9.16s/it] 
Task 19, Epoch 17/20 => Loss 0.022, Train_accy 92.00:  85%|████████▌ | 17/20 [01:52<00:19,  6.58s/it]
Task 19, Epoch 18/20 => Loss -0.090, Train_accy 96.00:  85%|████████▌ | 17/20 [01:52<00:19,  6.58s/it]
Task 19, Epoch 18/20 => Loss -0.090, Train_accy 96.00:  90%|█████████ | 18/20 [01:52<00:09,  4.78s/it]
Task 19, Epoch 19/20 => Loss -0.096, Train_accy 96.00:  90%|█████████ | 18/20 [01:53<00:09,  4.78s/it]
Task 19, Epoch 19/20 => Loss -0.096, Train_accy 96.00:  95%|█████████▌| 19/20 [01:53<00:03,  3.52s/it]
Task 19, Epoch 20/20 => Loss -0.052, Train_accy 96.00, Test_accy 40.91:  95%|█████████▌| 19/20 [02:27<00:03,  3.52s/it]
Task 19, Epoch 20/20 => Loss -0.052, Train_accy 96.00, Test_accy 40.91: 100%|██████████| 20/20 [02:27<00:00, 12.88s/it]
Task 19, Epoch 20/20 => Loss -0.052, Train_accy 96.00, Test_accy 40.91: 100%|██████████| 20/20 [02:27<00:00,  7.40s/it]
2025-12-15 08:35:28,778 [l2p.py] => Task 19, Epoch 20/20 => Loss -0.052, Train_accy 96.00, Test_accy 40.91
2025-12-15 08:36:04,076 [trainer.py] => CNN: {'total': 40.91, '00-99': 79.6, '100-104': 0.0, '105-109': 13.51, '110-114': 2.82, '115-119': 2.65, '120-124': 13.04, '125-129': 1.82, '130-134': 2.89, '135-139': 2.59, '140-144': 0.0, '145-149': 5.67, '150-154': 1.32, '155-159': 0.85, '160-164': 1.16, '165-169': 2.04, '170-174': 0.0, '175-179': 1.85, '180-184': 0.84, '185-189': 0.0, '190-194': 0.0, '195-199': 100.0, 'old': 42.07, 'new': 0.0}
2025-12-15 08:36:04,076 [trainer.py] => CNN top1 curve: [80.18, 74.06, 71.35, 68.41, 65.51, 64.1, 62.52, 59.98, 57.32, 54.87, 53.21, 51.39, 49.97, 48.23, 46.16, 45.06, 43.78, 42.95, 41.96, 40.91]
2025-12-15 08:36:04,076 [trainer.py] => Average Accuracy (CNN): 56.1 

2025-12-15 08:36:04,079 [trainer.py] => All params: 172123793
2025-12-15 08:36:04,081 [trainer.py] => Trainable params: 353481
2025-12-15 08:36:04,081 [l2p.py] => Learning on 195-200

  0%|          | 0/20 [00:00<?, ?it/s]
Task 20, Epoch 1/20 => Loss 1.672, Train_accy 24.00:   0%|          | 0/20 [00:00<?, ?it/s]
Task 20, Epoch 1/20 => Loss 1.672, Train_accy 24.00:   5%|▌         | 1/20 [00:00<00:11,  1.66it/s]
Task 20, Epoch 2/20 => Loss 0.908, Train_accy 64.00:   5%|▌         | 1/20 [00:01<00:11,  1.66it/s]
Task 20, Epoch 2/20 => Loss 0.908, Train_accy 64.00:  10%|█         | 2/20 [00:01<00:11,  1.58it/s]
Task 20, Epoch 3/20 => Loss 0.353, Train_accy 92.00:  10%|█         | 2/20 [00:01<00:11,  1.58it/s]
Task 20, Epoch 3/20 => Loss 0.353, Train_accy 92.00:  15%|█▌        | 3/20 [00:01<00:10,  1.59it/s]
Task 20, Epoch 4/20 => Loss 0.177, Train_accy 92.00:  15%|█▌        | 3/20 [00:02<00:10,  1.59it/s]
Task 20, Epoch 4/20 => Loss 0.177, Train_accy 92.00:  20%|██        | 4/20 [00:02<00:10,  1.56it/s]
Task 20, Epoch 5/20 => Loss -0.070, Train_accy 96.00, Test_accy 39.88:  20%|██        | 4/20 [00:38<00:10,  1.56it/s]
Task 20, Epoch 5/20 => Loss -0.070, Train_accy 96.00, Test_accy 39.88:  25%|██▌       | 5/20 [00:38<03:18, 13.22s/it]
Task 20, Epoch 6/20 => Loss 0.071, Train_accy 92.00:  25%|██▌       | 5/20 [00:38<03:18, 13.22s/it]                  
Task 20, Epoch 6/20 => Loss 0.071, Train_accy 92.00:  30%|███       | 6/20 [00:38<02:05,  8.95s/it]
Task 20, Epoch 7/20 => Loss -0.072, Train_accy 96.00:  30%|███       | 6/20 [00:39<02:05,  8.95s/it]
Task 20, Epoch 7/20 => Loss -0.072, Train_accy 96.00:  35%|███▌      | 7/20 [00:39<01:20,  6.22s/it]
Task 20, Epoch 8/20 => Loss -0.181, Train_accy 100.00:  35%|███▌      | 7/20 [00:39<01:20,  6.22s/it]
Task 20, Epoch 8/20 => Loss -0.181, Train_accy 100.00:  40%|████      | 8/20 [00:39<00:53,  4.43s/it]
Task 20, Epoch 9/20 => Loss -0.135, Train_accy 100.00:  40%|████      | 8/20 [00:40<00:53,  4.43s/it]
Task 20, Epoch 9/20 => Loss -0.135, Train_accy 100.00:  45%|████▌     | 9/20 [00:40<00:35,  3.25s/it]
Task 20, Epoch 10/20 => Loss -0.210, Train_accy 100.00, Test_accy 39.82:  45%|████▌     | 9/20 [01:16<00:35,  3.25s/it]
Task 20, Epoch 10/20 => Loss -0.210, Train_accy 100.00, Test_accy 39.82:  50%|█████     | 10/20 [01:16<02:12, 13.26s/it]
Task 20, Epoch 11/20 => Loss -0.133, Train_accy 96.00:  50%|█████     | 10/20 [01:16<02:12, 13.26s/it]                  
Task 20, Epoch 11/20 => Loss -0.133, Train_accy 96.00:  55%|█████▌    | 11/20 [01:16<01:24,  9.41s/it]
Task 20, Epoch 12/20 => Loss -0.193, Train_accy 100.00:  55%|█████▌    | 11/20 [01:17<01:24,  9.41s/it]
Task 20, Epoch 12/20 => Loss -0.193, Train_accy 100.00:  60%|██████    | 12/20 [01:17<00:53,  6.74s/it]
Task 20, Epoch 13/20 => Loss -0.045, Train_accy 92.00:  60%|██████    | 12/20 [01:18<00:53,  6.74s/it] 
Task 20, Epoch 13/20 => Loss -0.045, Train_accy 92.00:  65%|██████▌   | 13/20 [01:18<00:34,  4.90s/it]
Task 20, Epoch 14/20 => Loss -0.190, Train_accy 100.00:  65%|██████▌   | 13/20 [01:18<00:34,  4.90s/it]
Task 20, Epoch 14/20 => Loss -0.190, Train_accy 100.00:  70%|███████   | 14/20 [01:18<00:21,  3.63s/it]
Task 20, Epoch 15/20 => Loss -0.178, Train_accy 100.00, Test_accy 39.82:  70%|███████   | 14/20 [01:54<00:21,  3.63s/it]
Task 20, Epoch 15/20 => Loss -0.178, Train_accy 100.00, Test_accy 39.82:  75%|███████▌  | 15/20 [01:54<01:06, 13.28s/it]
Task 20, Epoch 16/20 => Loss -0.205, Train_accy 100.00:  75%|███████▌  | 15/20 [01:55<01:06, 13.28s/it]                 
Task 20, Epoch 16/20 => Loss -0.205, Train_accy 100.00:  80%|████████  | 16/20 [01:55<00:37,  9.48s/it]
Task 20, Epoch 17/20 => Loss -0.172, Train_accy 96.00:  80%|████████  | 16/20 [01:55<00:37,  9.48s/it] 
Task 20, Epoch 17/20 => Loss -0.172, Train_accy 96.00:  85%|████████▌ | 17/20 [01:55<00:20,  6.82s/it]
Task 20, Epoch 18/20 => Loss -0.206, Train_accy 100.00:  85%|████████▌ | 17/20 [01:56<00:20,  6.82s/it]
Task 20, Epoch 18/20 => Loss -0.206, Train_accy 100.00:  90%|█████████ | 18/20 [01:56<00:09,  4.99s/it]
Task 20, Epoch 19/20 => Loss -0.211, Train_accy 100.00:  90%|█████████ | 18/20 [01:57<00:09,  4.99s/it]
Task 20, Epoch 19/20 => Loss -0.211, Train_accy 100.00:  95%|█████████▌| 19/20 [01:57<00:03,  3.68s/it]
Task 20, Epoch 20/20 => Loss -0.079, Train_accy 96.00, Test_accy 39.85:  95%|█████████▌| 19/20 [02:32<00:03,  3.68s/it]
Task 20, Epoch 20/20 => Loss -0.079, Train_accy 96.00, Test_accy 39.85: 100%|██████████| 20/20 [02:32<00:00, 13.30s/it]
Task 20, Epoch 20/20 => Loss -0.079, Train_accy 96.00, Test_accy 39.85: 100%|██████████| 20/20 [02:32<00:00,  7.65s/it]
2025-12-15 08:38:37,031 [l2p.py] => Task 20, Epoch 20/20 => Loss -0.079, Train_accy 96.00, Test_accy 39.85
2025-12-15 08:39:12,189 [trainer.py] => CNN: {'total': 39.85, '00-99': 79.25, '100-104': 0.0, '105-109': 14.19, '110-114': 2.82, '115-119': 2.65, '120-124': 13.04, '125-129': 1.82, '130-134': 2.89, '135-139': 2.59, '140-144': 0.0, '145-149': 5.67, '150-154': 0.66, '155-159': 0.85, '160-164': 1.16, '165-169': 1.53, '170-174': 0.0, '175-179': 1.85, '180-184': 0.0, '185-189': 0.85, '190-194': 0.0, '195-199': 3.55, 'old': 40.72, 'new': 3.55}
2025-12-15 08:39:12,189 [trainer.py] => CNN top1 curve: [80.18, 74.06, 71.35, 68.41, 65.51, 64.1, 62.52, 59.98, 57.32, 54.87, 53.21, 51.39, 49.97, 48.23, 46.16, 45.06, 43.78, 42.95, 41.96, 40.91, 39.85]
2025-12-15 08:39:12,189 [trainer.py] => Average Accuracy (CNN): 55.32 


================================================================================
Finished imagenetr_init100_inc5: vit_base_patch16_224_l2p  
Base Accuracy: 80.18
Lase Accuracy: 39.85
Average Accuracy (Top1): 55.32
PD: 40.33
Backward Transfer (BWT): -0.31
Traceback (most recent call last):
  File "/home/team/zhaohongwei/Code/Research/Awesome-FSCIL/CIL_Model/main.py", line 24, in <module>
    main()
  File "/home/team/zhaohongwei/Code/Research/Awesome-FSCIL/CIL_Model/main.py", line 11, in main
    train(args)
  File "/home/team/zhaohongwei/Code/Research/Awesome-FSCIL/CIL_Model/trainer.py", line 29, in train
    _train(args)
  File "/home/team/zhaohongwei/Code/Research/Awesome-FSCIL/CIL_Model/trainer.py", line 123, in _train
    print("Forward Transfer (FWT):", forward_transfer(args["dataset"], np.array(cnn_matrix)))
  File "/home/team/zhaohongwei/Code/Research/Awesome-FSCIL/CIL_Model/trainer.py", line 209, in forward_transfer
    fwt_diffs = fwt_accs - rand_init_acc_for_fwt
ValueError: operands could not be broadcast together with shapes (20,) (10,) 
2025-12-15 08:39:15,345 [trainer.py] => config: ./scripts/l2p/l2p_inr_B100_Inc10.json
2025-12-15 08:39:15,345 [trainer.py] => prefix:  
2025-12-15 08:39:15,345 [trainer.py] => dataset: imagenetr
2025-12-15 08:39:15,345 [trainer.py] => memory_size: 0
2025-12-15 08:39:15,345 [trainer.py] => memory_per_class: 0
2025-12-15 08:39:15,345 [trainer.py] => fixed_memory: False
2025-12-15 08:39:15,345 [trainer.py] => shuffle: True
2025-12-15 08:39:15,345 [trainer.py] => init_cls: 100
2025-12-15 08:39:15,345 [trainer.py] => increment: 10
2025-12-15 08:39:15,345 [trainer.py] => model_name: l2p
2025-12-15 08:39:15,345 [trainer.py] => backbone_type: vit_base_patch16_224_l2p
2025-12-15 08:39:15,345 [trainer.py] => get_original_backbone: True
2025-12-15 08:39:15,345 [trainer.py] => device: [device(type='cuda', index=7)]
2025-12-15 08:39:15,346 [trainer.py] => seed: 2025
2025-12-15 08:39:15,346 [trainer.py] => kshot: 5
2025-12-15 08:39:15,346 [trainer.py] => tuned_epoch: 20
2025-12-15 08:39:15,346 [trainer.py] => init_lr: 0.001875
2025-12-15 08:39:15,346 [trainer.py] => batch_size: 48
2025-12-15 08:39:15,346 [trainer.py] => weight_decay: 0
2025-12-15 08:39:15,346 [trainer.py] => min_lr: 1e-05
2025-12-15 08:39:15,346 [trainer.py] => optimizer: adam
2025-12-15 08:39:15,346 [trainer.py] => scheduler: constant
2025-12-15 08:39:15,346 [trainer.py] => reinit_optimizer: True
2025-12-15 08:39:15,346 [trainer.py] => global_pool: token
2025-12-15 08:39:15,346 [trainer.py] => head_type: prompt
2025-12-15 08:39:15,346 [trainer.py] => freeze: ['blocks', 'patch_embed', 'cls_token', 'norm', 'pos_embed']
2025-12-15 08:39:15,346 [trainer.py] => pretrained: True
2025-12-15 08:39:15,346 [trainer.py] => drop: 0.0
2025-12-15 08:39:15,346 [trainer.py] => drop_path: 0.0
2025-12-15 08:39:15,346 [trainer.py] => prompt_pool: True
2025-12-15 08:39:15,346 [trainer.py] => size: 10
2025-12-15 08:39:15,346 [trainer.py] => length: 5
2025-12-15 08:39:15,346 [trainer.py] => top_k: 5
2025-12-15 08:39:15,346 [trainer.py] => initializer: uniform
2025-12-15 08:39:15,346 [trainer.py] => prompt_key: True
2025-12-15 08:39:15,346 [trainer.py] => prompt_key_init: uniform
2025-12-15 08:39:15,346 [trainer.py] => use_prompt_mask: False
2025-12-15 08:39:15,346 [trainer.py] => shared_prompt_pool: False
2025-12-15 08:39:15,346 [trainer.py] => shared_prompt_key: False
2025-12-15 08:39:15,346 [trainer.py] => batchwise_prompt: True
2025-12-15 08:39:15,346 [trainer.py] => embedding_key: cls
2025-12-15 08:39:15,346 [trainer.py] => predefined_key: 
2025-12-15 08:39:15,346 [trainer.py] => pull_constraint: True
2025-12-15 08:39:15,346 [trainer.py] => pull_constraint_coeff: 0.1
2025-12-15 08:39:15,346 [trainer.py] => gpu_models: ['NVIDIA A40']
2025-12-15 08:39:15,432 [data_manager.py] => [30, 0, 32, 34, 5, 49, 56, 154, 143, 82, 19, 165, 58, 106, 196, 126, 178, 80, 192, 1, 44, 31, 197, 150, 132, 149, 112, 141, 54, 104, 26, 46, 20, 156, 23, 83, 47, 129, 9, 84, 187, 130, 48, 138, 191, 108, 139, 158, 4, 66, 146, 2, 113, 142, 194, 109, 102, 166, 176, 167, 162, 131, 134, 122, 107, 96, 135, 45, 93, 136, 70, 81, 51, 17, 172, 29, 71, 57, 184, 148, 179, 43, 161, 100, 182, 37, 8, 14, 180, 189, 11, 53, 6, 24, 7, 88, 175, 183, 35, 128, 75, 186, 99, 78, 123, 133, 74, 125, 120, 89, 39, 63, 155, 65, 77, 116, 171, 114, 105, 170, 12, 121, 195, 60, 185, 110, 91, 68, 198, 59, 38, 174, 87, 28, 157, 193, 86, 147, 16, 98, 36, 61, 137, 18, 21, 103, 25, 15, 118, 72, 50, 168, 152, 190, 199, 55, 181, 92, 163, 85, 69, 177, 95, 52, 159, 169, 188, 127, 79, 42, 164, 124, 41, 90, 115, 13, 27, 73, 33, 173, 119, 145, 153, 3, 117, 64, 144, 111, 101, 151, 40, 97, 10, 22, 160, 140, 67, 76, 94, 62]
2025-12-15 08:39:17,536 [vit_l2p.py] => Resized position embedding: torch.Size([1, 197, 768]) to torch.Size([1, 222, 768])
2025-12-15 08:39:17,536 [vit_l2p.py] => Position embedding grid-size from [14, 14] to (14, 14)
2025-12-15 08:39:19,613 [l2p.py] => 86,017,736 model total parameters.
2025-12-15 08:39:19,614 [l2p.py] => 199,880 model training parameters.
2025-12-15 08:39:19,614 [l2p.py] => prompt.prompt: 38400
2025-12-15 08:39:19,614 [l2p.py] => prompt.prompt_key: 7680
2025-12-15 08:39:19,615 [l2p.py] => head.weight: 153600
2025-12-15 08:39:19,615 [l2p.py] => head.bias: 200
2025-12-15 08:39:19,616 [trainer.py] => All params: 172123793
2025-12-15 08:39:19,617 [trainer.py] => Trainable params: 353481
2025-12-15 08:39:19,618 [l2p.py] => Learning on 0-100

  0%|          | 0/20 [00:00<?, ?it/s]
Task 0, Epoch 1/20 => Loss 2.194, Train_accy 52.02:   0%|          | 0/20 [01:45<?, ?it/s]
Task 0, Epoch 1/20 => Loss 2.194, Train_accy 52.02:   5%|▌         | 1/20 [01:45<33:15, 105.05s/it]
Task 0, Epoch 2/20 => Loss 1.324, Train_accy 66.07:   5%|▌         | 1/20 [03:30<33:15, 105.05s/it]
Task 0, Epoch 2/20 => Loss 1.324, Train_accy 66.07:  10%|█         | 2/20 [03:30<31:29, 105.00s/it]
Task 0, Epoch 3/20 => Loss 1.100, Train_accy 69.98:  10%|█         | 2/20 [05:15<31:29, 105.00s/it]
Task 0, Epoch 3/20 => Loss 1.100, Train_accy 69.98:  15%|█▌        | 3/20 [05:15<29:46, 105.09s/it]
Task 0, Epoch 4/20 => Loss 0.957, Train_accy 72.51:  15%|█▌        | 3/20 [07:00<29:46, 105.09s/it]
Task 0, Epoch 4/20 => Loss 0.957, Train_accy 72.51:  20%|██        | 4/20 [07:00<28:02, 105.15s/it]
Task 0, Epoch 5/20 => Loss 0.860, Train_accy 74.60, Test_accy 76.85:  20%|██        | 4/20 [09:02<28:02, 105.15s/it]
Task 0, Epoch 5/20 => Loss 0.860, Train_accy 74.60, Test_accy 76.85:  25%|██▌       | 5/20 [09:02<27:50, 111.38s/it]
Task 0, Epoch 6/20 => Loss 0.797, Train_accy 75.68:  25%|██▌       | 5/20 [10:48<27:50, 111.38s/it]                 
Task 0, Epoch 6/20 => Loss 0.797, Train_accy 75.68:  30%|███       | 6/20 [10:48<25:31, 109.39s/it]
Task 0, Epoch 7/20 => Loss 0.753, Train_accy 77.24:  30%|███       | 6/20 [12:33<25:31, 109.39s/it]
Task 0, Epoch 7/20 => Loss 0.753, Train_accy 77.24:  35%|███▌      | 7/20 [12:33<23:23, 107.97s/it]
Task 0, Epoch 8/20 => Loss 0.723, Train_accy 77.54:  35%|███▌      | 7/20 [14:18<23:23, 107.97s/it]
Task 0, Epoch 8/20 => Loss 0.723, Train_accy 77.54:  40%|████      | 8/20 [14:18<21:23, 106.95s/it]
Task 0, Epoch 9/20 => Loss 0.641, Train_accy 79.54:  40%|████      | 8/20 [16:02<21:23, 106.95s/it]
Task 0, Epoch 9/20 => Loss 0.641, Train_accy 79.54:  45%|████▌     | 9/20 [16:02<19:28, 106.27s/it]
Task 0, Epoch 10/20 => Loss 0.673, Train_accy 78.91, Test_accy 78.98:  45%|████▌     | 9/20 [18:05<19:28, 106.27s/it]
Task 0, Epoch 10/20 => Loss 0.673, Train_accy 78.91, Test_accy 78.98:  50%|█████     | 10/20 [18:05<18:31, 111.13s/it]
Task 0, Epoch 11/20 => Loss 0.645, Train_accy 79.83:  50%|█████     | 10/20 [19:50<18:31, 111.13s/it]                 
Task 0, Epoch 11/20 => Loss 0.645, Train_accy 79.83:  55%|█████▌    | 11/20 [19:50<16:24, 109.42s/it]
Task 0, Epoch 12/20 => Loss 0.589, Train_accy 80.94:  55%|█████▌    | 11/20 [21:35<16:24, 109.42s/it]
Task 0, Epoch 12/20 => Loss 0.589, Train_accy 80.94:  60%|██████    | 12/20 [21:35<14:24, 108.12s/it]
Task 0, Epoch 13/20 => Loss 0.564, Train_accy 81.58:  60%|██████    | 12/20 [23:20<14:24, 108.12s/it]
Task 0, Epoch 13/20 => Loss 0.564, Train_accy 81.58:  65%|██████▌   | 13/20 [23:20<12:30, 107.16s/it]
Task 0, Epoch 14/20 => Loss 0.545, Train_accy 81.80:  65%|██████▌   | 13/20 [25:05<12:30, 107.16s/it]
Task 0, Epoch 14/20 => Loss 0.545, Train_accy 81.80:  70%|███████   | 14/20 [25:05<10:38, 106.47s/it]
Task 0, Epoch 15/20 => Loss 0.575, Train_accy 81.46, Test_accy 78.70:  70%|███████   | 14/20 [27:07<10:38, 106.47s/it]
Task 0, Epoch 15/20 => Loss 0.575, Train_accy 81.46, Test_accy 78.70:  75%|███████▌  | 15/20 [27:07<09:16, 111.25s/it]
Task 0, Epoch 16/20 => Loss 0.543, Train_accy 82.02:  75%|███████▌  | 15/20 [28:53<09:16, 111.25s/it]                 
Task 0, Epoch 16/20 => Loss 0.543, Train_accy 82.02:  80%|████████  | 16/20 [28:53<07:17, 109.43s/it]
Task 0, Epoch 17/20 => Loss 0.539, Train_accy 82.28:  80%|████████  | 16/20 [30:37<07:17, 109.43s/it]
Task 0, Epoch 17/20 => Loss 0.539, Train_accy 82.28:  85%|████████▌ | 17/20 [30:37<05:24, 108.07s/it]
Task 0, Epoch 18/20 => Loss 0.515, Train_accy 82.72:  85%|████████▌ | 17/20 [32:22<05:24, 108.07s/it]
Task 0, Epoch 18/20 => Loss 0.515, Train_accy 82.72:  90%|█████████ | 18/20 [32:22<03:34, 107.16s/it]
Task 0, Epoch 19/20 => Loss 0.496, Train_accy 83.05:  90%|█████████ | 18/20 [34:07<03:34, 107.16s/it]
Task 0, Epoch 19/20 => Loss 0.496, Train_accy 83.05:  95%|█████████▌| 19/20 [34:07<01:46, 106.49s/it]
Task 0, Epoch 20/20 => Loss 0.493, Train_accy 83.18, Test_accy 80.18:  95%|█████████▌| 19/20 [36:10<01:46, 106.49s/it]
Task 0, Epoch 20/20 => Loss 0.493, Train_accy 83.18, Test_accy 80.18: 100%|██████████| 20/20 [36:10<00:00, 111.19s/it]
Task 0, Epoch 20/20 => Loss 0.493, Train_accy 83.18, Test_accy 80.18: 100%|██████████| 20/20 [36:10<00:00, 108.50s/it]
2025-12-15 09:15:30,021 [l2p.py] => Task 0, Epoch 20/20 => Loss 0.493, Train_accy 83.18, Test_accy 80.18
2025-12-15 09:15:54,422 [trainer.py] => CNN: {'total': 80.18, '00-99': 80.18, '100-109': 78.0, '110-119': 72.0, '120-129': 92.0, '130-139': 74.0, '140-149': 84.0, '150-159': 86.0, '160-169': 88.0, '170-179': 84.0, '180-189': 80.0, '190-199': 82.0, 'old': 0, 'new': 80.18}
2025-12-15 09:15:54,422 [trainer.py] => CNN top1 curve: [80.18]
2025-12-15 09:15:54,423 [trainer.py] => Average Accuracy (CNN): 80.18 

2025-12-15 09:15:54,426 [trainer.py] => All params: 172123793
2025-12-15 09:15:54,428 [trainer.py] => Trainable params: 353481
2025-12-15 09:15:54,428 [l2p.py] => Learning on 100-110

  0%|          | 0/20 [00:00<?, ?it/s]
Task 1, Epoch 1/20 => Loss 2.615, Train_accy 6.00:   0%|          | 0/20 [00:00<?, ?it/s]
Task 1, Epoch 1/20 => Loss 2.615, Train_accy 6.00:   5%|▌         | 1/20 [00:00<00:18,  1.03it/s]
Task 1, Epoch 2/20 => Loss 1.655, Train_accy 34.00:   5%|▌         | 1/20 [00:01<00:18,  1.03it/s]
Task 1, Epoch 2/20 => Loss 1.655, Train_accy 34.00:  10%|█         | 2/20 [00:01<00:17,  1.01it/s]
Task 1, Epoch 3/20 => Loss 1.056, Train_accy 46.00:  10%|█         | 2/20 [00:02<00:17,  1.01it/s]
Task 1, Epoch 3/20 => Loss 1.056, Train_accy 46.00:  15%|█▌        | 3/20 [00:02<00:16,  1.02it/s]
Task 1, Epoch 4/20 => Loss 0.550, Train_accy 54.00:  15%|█▌        | 3/20 [00:03<00:16,  1.02it/s]
Task 1, Epoch 4/20 => Loss 0.550, Train_accy 54.00:  20%|██        | 4/20 [00:03<00:15,  1.02it/s]
Task 1, Epoch 5/20 => Loss 0.451, Train_accy 70.00, Test_accy 70.77:  20%|██        | 4/20 [00:24<00:15,  1.02it/s]
Task 1, Epoch 5/20 => Loss 0.451, Train_accy 70.00, Test_accy 70.77:  25%|██▌       | 5/20 [00:24<02:01,  8.08s/it]
Task 1, Epoch 6/20 => Loss 0.684, Train_accy 74.00:  25%|██▌       | 5/20 [00:25<02:01,  8.08s/it]                 
Task 1, Epoch 6/20 => Loss 0.684, Train_accy 74.00:  30%|███       | 6/20 [00:25<01:19,  5.67s/it]
Task 1, Epoch 7/20 => Loss 1.448, Train_accy 84.00:  30%|███       | 6/20 [00:26<01:19,  5.67s/it]
Task 1, Epoch 7/20 => Loss 1.448, Train_accy 84.00:  35%|███▌      | 7/20 [00:26<00:53,  4.15s/it]
Task 1, Epoch 8/20 => Loss 0.214, Train_accy 84.00:  35%|███▌      | 7/20 [00:27<00:53,  4.15s/it]
Task 1, Epoch 8/20 => Loss 0.214, Train_accy 84.00:  40%|████      | 8/20 [00:27<00:37,  3.16s/it]
Task 1, Epoch 9/20 => Loss 0.334, Train_accy 94.00:  40%|████      | 8/20 [00:28<00:37,  3.16s/it]
Task 1, Epoch 9/20 => Loss 0.334, Train_accy 94.00:  45%|████▌     | 9/20 [00:28<00:27,  2.51s/it]
Task 1, Epoch 10/20 => Loss 0.614, Train_accy 94.00, Test_accy 70.98:  45%|████▌     | 9/20 [00:49<00:27,  2.51s/it]
Task 1, Epoch 10/20 => Loss 0.614, Train_accy 94.00, Test_accy 70.98:  50%|█████     | 10/20 [00:49<01:21,  8.11s/it]
Task 1, Epoch 11/20 => Loss 0.501, Train_accy 92.00:  50%|█████     | 10/20 [00:50<01:21,  8.11s/it]                 
Task 1, Epoch 11/20 => Loss 0.501, Train_accy 92.00:  55%|█████▌    | 11/20 [00:50<00:53,  5.95s/it]
Task 1, Epoch 12/20 => Loss 0.125, Train_accy 92.00:  55%|█████▌    | 11/20 [00:51<00:53,  5.95s/it]
Task 1, Epoch 12/20 => Loss 0.125, Train_accy 92.00:  60%|██████    | 12/20 [00:51<00:35,  4.47s/it]
Task 1, Epoch 13/20 => Loss 0.443, Train_accy 86.00:  60%|██████    | 12/20 [00:52<00:35,  4.47s/it]
Task 1, Epoch 13/20 => Loss 0.443, Train_accy 86.00:  65%|██████▌   | 13/20 [00:52<00:24,  3.43s/it]
Task 1, Epoch 14/20 => Loss -0.033, Train_accy 94.00:  65%|██████▌   | 13/20 [00:53<00:24,  3.43s/it]
Task 1, Epoch 14/20 => Loss -0.033, Train_accy 94.00:  70%|███████   | 14/20 [00:53<00:16,  2.69s/it]
Task 1, Epoch 15/20 => Loss 0.024, Train_accy 84.00, Test_accy 71.07:  70%|███████   | 14/20 [01:14<00:16,  2.69s/it]
Task 1, Epoch 15/20 => Loss 0.024, Train_accy 84.00, Test_accy 71.07:  75%|███████▌  | 15/20 [01:14<00:40,  8.09s/it]
Task 1, Epoch 16/20 => Loss 0.052, Train_accy 96.00:  75%|███████▌  | 15/20 [01:15<00:40,  8.09s/it]                 
Task 1, Epoch 16/20 => Loss 0.052, Train_accy 96.00:  80%|████████  | 16/20 [01:15<00:23,  5.97s/it]
Task 1, Epoch 17/20 => Loss -0.042, Train_accy 96.00:  80%|████████  | 16/20 [01:16<00:23,  5.97s/it]
Task 1, Epoch 17/20 => Loss -0.042, Train_accy 96.00:  85%|████████▌ | 17/20 [01:16<00:13,  4.49s/it]
Task 1, Epoch 18/20 => Loss 0.020, Train_accy 94.00:  85%|████████▌ | 17/20 [01:17<00:13,  4.49s/it] 
Task 1, Epoch 18/20 => Loss 0.020, Train_accy 94.00:  90%|█████████ | 18/20 [01:17<00:06,  3.45s/it]
Task 1, Epoch 19/20 => Loss 0.281, Train_accy 98.00:  90%|█████████ | 18/20 [01:18<00:06,  3.45s/it]
Task 1, Epoch 19/20 => Loss 0.281, Train_accy 98.00:  95%|█████████▌| 19/20 [01:18<00:02,  2.72s/it]
Task 1, Epoch 20/20 => Loss -0.021, Train_accy 98.00, Test_accy 71.13:  95%|█████████▌| 19/20 [01:38<00:02,  2.72s/it]
Task 1, Epoch 20/20 => Loss -0.021, Train_accy 98.00, Test_accy 71.13: 100%|██████████| 20/20 [01:38<00:00,  8.11s/it]
Task 1, Epoch 20/20 => Loss -0.021, Train_accy 98.00, Test_accy 71.13: 100%|██████████| 20/20 [01:38<00:00,  4.95s/it]
2025-12-15 09:17:33,428 [l2p.py] => Task 1, Epoch 20/20 => Loss -0.021, Train_accy 98.00, Test_accy 71.13
2025-12-15 09:17:59,191 [trainer.py] => CNN: {'total': 71.13, '00-99': 80.25, '100-109': 2.83, '110-119': 86.0, '120-129': 90.0, '130-139': 68.0, '140-149': 80.0, '150-159': 86.0, '160-169': 86.0, '170-179': 82.0, '180-189': 70.0, '190-199': 92.0, 'old': 80.25, 'new': 2.83}
2025-12-15 09:17:59,191 [trainer.py] => CNN top1 curve: [80.18, 71.13]
2025-12-15 09:17:59,191 [trainer.py] => Average Accuracy (CNN): 75.66 

2025-12-15 09:17:59,192 [trainer.py] => All params: 172123793
2025-12-15 09:17:59,193 [trainer.py] => Trainable params: 353481
2025-12-15 09:17:59,193 [l2p.py] => Learning on 110-120

  0%|          | 0/20 [00:00<?, ?it/s]
Task 2, Epoch 1/20 => Loss 2.419, Train_accy 2.00:   0%|          | 0/20 [00:00<?, ?it/s]
Task 2, Epoch 1/20 => Loss 2.419, Train_accy 2.00:   5%|▌         | 1/20 [00:00<00:17,  1.08it/s]
Task 2, Epoch 2/20 => Loss 1.322, Train_accy 56.00:   5%|▌         | 1/20 [00:01<00:17,  1.08it/s]
Task 2, Epoch 2/20 => Loss 1.322, Train_accy 56.00:  10%|█         | 2/20 [00:01<00:16,  1.07it/s]
Task 2, Epoch 3/20 => Loss 1.275, Train_accy 78.00:  10%|█         | 2/20 [00:02<00:16,  1.07it/s]
Task 2, Epoch 3/20 => Loss 1.275, Train_accy 78.00:  15%|█▌        | 3/20 [00:02<00:15,  1.06it/s]
Task 2, Epoch 4/20 => Loss 0.581, Train_accy 82.00:  15%|█▌        | 3/20 [00:03<00:15,  1.06it/s]
Task 2, Epoch 4/20 => Loss 0.581, Train_accy 82.00:  20%|██        | 4/20 [00:03<00:15,  1.06it/s]
Task 2, Epoch 5/20 => Loss 0.603, Train_accy 88.00, Test_accy 65.51:  20%|██        | 4/20 [00:25<00:15,  1.06it/s]
Task 2, Epoch 5/20 => Loss 0.603, Train_accy 88.00, Test_accy 65.51:  25%|██▌       | 5/20 [00:25<02:08,  8.58s/it]
Task 2, Epoch 6/20 => Loss 0.443, Train_accy 92.00:  25%|██▌       | 5/20 [00:26<02:08,  8.58s/it]                 
Task 2, Epoch 6/20 => Loss 0.443, Train_accy 92.00:  30%|███       | 6/20 [00:26<01:23,  5.98s/it]
Task 2, Epoch 7/20 => Loss 0.116, Train_accy 94.00:  30%|███       | 6/20 [00:27<01:23,  5.98s/it]
Task 2, Epoch 7/20 => Loss 0.116, Train_accy 94.00:  35%|███▌      | 7/20 [00:27<00:56,  4.33s/it]
Task 2, Epoch 8/20 => Loss 0.165, Train_accy 94.00:  35%|███▌      | 7/20 [00:28<00:56,  4.33s/it]
Task 2, Epoch 8/20 => Loss 0.165, Train_accy 94.00:  40%|████      | 8/20 [00:28<00:39,  3.25s/it]
Task 2, Epoch 9/20 => Loss 0.041, Train_accy 96.00:  40%|████      | 8/20 [00:29<00:39,  3.25s/it]
Task 2, Epoch 9/20 => Loss 0.041, Train_accy 96.00:  45%|████▌     | 9/20 [00:29<00:27,  2.53s/it]
Task 2, Epoch 10/20 => Loss 0.069, Train_accy 92.00, Test_accy 65.54:  45%|████▌     | 9/20 [00:51<00:27,  2.53s/it]
Task 2, Epoch 10/20 => Loss 0.069, Train_accy 92.00, Test_accy 65.54:  50%|█████     | 10/20 [00:51<01:26,  8.63s/it]
Task 2, Epoch 11/20 => Loss 0.408, Train_accy 88.00:  50%|█████     | 10/20 [00:52<01:26,  8.63s/it]                 
Task 2, Epoch 11/20 => Loss 0.408, Train_accy 88.00:  55%|█████▌    | 11/20 [00:52<00:56,  6.30s/it]
Task 2, Epoch 12/20 => Loss -0.073, Train_accy 94.00:  55%|█████▌    | 11/20 [00:53<00:56,  6.30s/it]
Task 2, Epoch 12/20 => Loss -0.073, Train_accy 94.00:  60%|██████    | 12/20 [00:53<00:37,  4.68s/it]
Task 2, Epoch 13/20 => Loss 0.463, Train_accy 96.00:  60%|██████    | 12/20 [00:54<00:37,  4.68s/it] 
Task 2, Epoch 13/20 => Loss 0.463, Train_accy 96.00:  65%|██████▌   | 13/20 [00:54<00:24,  3.55s/it]
Task 2, Epoch 14/20 => Loss 0.153, Train_accy 96.00:  65%|██████▌   | 13/20 [00:55<00:24,  3.55s/it]
Task 2, Epoch 14/20 => Loss 0.153, Train_accy 96.00:  70%|███████   | 14/20 [00:55<00:16,  2.75s/it]
Task 2, Epoch 15/20 => Loss 0.149, Train_accy 100.00, Test_accy 65.54:  70%|███████   | 14/20 [01:18<00:16,  2.75s/it]
Task 2, Epoch 15/20 => Loss 0.149, Train_accy 100.00, Test_accy 65.54:  75%|███████▌  | 15/20 [01:18<00:43,  8.63s/it]
Task 2, Epoch 16/20 => Loss 0.030, Train_accy 94.00:  75%|███████▌  | 15/20 [01:19<00:43,  8.63s/it]                  
Task 2, Epoch 16/20 => Loss 0.030, Train_accy 94.00:  80%|████████  | 16/20 [01:19<00:25,  6.33s/it]
Task 2, Epoch 17/20 => Loss -0.051, Train_accy 96.00:  80%|████████  | 16/20 [01:19<00:25,  6.33s/it]
Task 2, Epoch 17/20 => Loss -0.051, Train_accy 96.00:  85%|████████▌ | 17/20 [01:19<00:14,  4.72s/it]
Task 2, Epoch 18/20 => Loss -0.128, Train_accy 100.00:  85%|████████▌ | 17/20 [01:20<00:14,  4.72s/it]
Task 2, Epoch 18/20 => Loss -0.128, Train_accy 100.00:  90%|█████████ | 18/20 [01:20<00:07,  3.60s/it]
Task 2, Epoch 19/20 => Loss -0.101, Train_accy 96.00:  90%|█████████ | 18/20 [01:21<00:07,  3.60s/it] 
Task 2, Epoch 19/20 => Loss -0.101, Train_accy 96.00:  95%|█████████▌| 19/20 [01:21<00:02,  2.82s/it]
Task 2, Epoch 20/20 => Loss -0.078, Train_accy 94.00, Test_accy 65.65:  95%|█████████▌| 19/20 [01:44<00:02,  2.82s/it]
Task 2, Epoch 20/20 => Loss -0.078, Train_accy 94.00, Test_accy 65.65: 100%|██████████| 20/20 [01:44<00:00,  8.62s/it]
Task 2, Epoch 20/20 => Loss -0.078, Train_accy 94.00, Test_accy 65.65: 100%|██████████| 20/20 [01:44<00:00,  5.21s/it]
2025-12-15 09:19:43,355 [l2p.py] => Task 2, Epoch 20/20 => Loss -0.078, Train_accy 94.00, Test_accy 65.65
2025-12-15 09:20:10,349 [trainer.py] => CNN: {'total': 65.65, '00-99': 80.32, '100-109': 2.83, '110-119': 3.07, '120-129': 82.0, '130-139': 80.0, '140-149': 80.0, '150-159': 80.0, '160-169': 86.0, '170-179': 80.0, '180-189': 86.0, '190-199': 74.0, 'old': 71.2, 'new': 3.07}
2025-12-15 09:20:10,349 [trainer.py] => CNN top1 curve: [80.18, 71.13, 65.65]
2025-12-15 09:20:10,349 [trainer.py] => Average Accuracy (CNN): 72.32 

2025-12-15 09:20:10,352 [trainer.py] => All params: 172123793
2025-12-15 09:20:10,354 [trainer.py] => Trainable params: 353481
2025-12-15 09:20:10,354 [l2p.py] => Learning on 120-130

  0%|          | 0/20 [00:00<?, ?it/s]
Task 3, Epoch 1/20 => Loss 2.094, Train_accy 12.00:   0%|          | 0/20 [00:00<?, ?it/s]
Task 3, Epoch 1/20 => Loss 2.094, Train_accy 12.00:   5%|▌         | 1/20 [00:00<00:17,  1.07it/s]
Task 3, Epoch 2/20 => Loss 0.816, Train_accy 60.00:   5%|▌         | 1/20 [00:01<00:17,  1.07it/s]
Task 3, Epoch 2/20 => Loss 0.816, Train_accy 60.00:  10%|█         | 2/20 [00:01<00:16,  1.07it/s]
Task 3, Epoch 3/20 => Loss 0.796, Train_accy 78.00:  10%|█         | 2/20 [00:02<00:16,  1.07it/s]
Task 3, Epoch 3/20 => Loss 0.796, Train_accy 78.00:  15%|█▌        | 3/20 [00:02<00:15,  1.08it/s]
Task 3, Epoch 4/20 => Loss 0.220, Train_accy 80.00:  15%|█▌        | 3/20 [00:03<00:15,  1.08it/s]
Task 3, Epoch 4/20 => Loss 0.220, Train_accy 80.00:  20%|██        | 4/20 [00:03<00:14,  1.07it/s]
Task 3, Epoch 5/20 => Loss 0.525, Train_accy 92.00, Test_accy 61.73:  20%|██        | 4/20 [00:27<00:14,  1.07it/s]
Task 3, Epoch 5/20 => Loss 0.525, Train_accy 92.00, Test_accy 61.73:  25%|██▌       | 5/20 [00:27<02:16,  9.07s/it]
Task 3, Epoch 6/20 => Loss 0.363, Train_accy 90.00:  25%|██▌       | 5/20 [00:28<02:16,  9.07s/it]                 
Task 3, Epoch 6/20 => Loss 0.363, Train_accy 90.00:  30%|███       | 6/20 [00:28<01:28,  6.31s/it]
Task 3, Epoch 7/20 => Loss -0.012, Train_accy 98.00:  30%|███       | 6/20 [00:29<01:28,  6.31s/it]
Task 3, Epoch 7/20 => Loss -0.012, Train_accy 98.00:  35%|███▌      | 7/20 [00:29<00:59,  4.57s/it]
Task 3, Epoch 8/20 => Loss 0.081, Train_accy 86.00:  35%|███▌      | 7/20 [00:30<00:59,  4.57s/it] 
Task 3, Epoch 8/20 => Loss 0.081, Train_accy 86.00:  40%|████      | 8/20 [00:30<00:40,  3.41s/it]
Task 3, Epoch 9/20 => Loss -0.007, Train_accy 92.00:  40%|████      | 8/20 [00:31<00:40,  3.41s/it]
Task 3, Epoch 9/20 => Loss -0.007, Train_accy 92.00:  45%|████▌     | 9/20 [00:31<00:29,  2.65s/it]
Task 3, Epoch 10/20 => Loss -0.059, Train_accy 96.00, Test_accy 61.81:  45%|████▌     | 9/20 [00:54<00:29,  2.65s/it]
Task 3, Epoch 10/20 => Loss -0.059, Train_accy 96.00, Test_accy 61.81:  50%|█████     | 10/20 [00:54<01:31,  9.13s/it]
Task 3, Epoch 11/20 => Loss 0.180, Train_accy 94.00:  50%|█████     | 10/20 [00:55<01:31,  9.13s/it]                  
Task 3, Epoch 11/20 => Loss 0.180, Train_accy 94.00:  55%|█████▌    | 11/20 [00:55<00:59,  6.61s/it]
Task 3, Epoch 12/20 => Loss -0.018, Train_accy 96.00:  55%|█████▌    | 11/20 [00:56<00:59,  6.61s/it]
Task 3, Epoch 12/20 => Loss -0.018, Train_accy 96.00:  60%|██████    | 12/20 [00:56<00:39,  4.88s/it]
Task 3, Epoch 13/20 => Loss -0.051, Train_accy 96.00:  60%|██████    | 12/20 [00:57<00:39,  4.88s/it]
Task 3, Epoch 13/20 => Loss -0.051, Train_accy 96.00:  65%|██████▌   | 13/20 [00:57<00:26,  3.73s/it]
Task 3, Epoch 14/20 => Loss -0.123, Train_accy 96.00:  65%|██████▌   | 13/20 [00:58<00:26,  3.73s/it]
Task 3, Epoch 14/20 => Loss -0.123, Train_accy 96.00:  70%|███████   | 14/20 [00:58<00:17,  2.87s/it]
Task 3, Epoch 15/20 => Loss 0.275, Train_accy 94.00, Test_accy 62.05:  70%|███████   | 14/20 [01:22<00:17,  2.87s/it]
Task 3, Epoch 15/20 => Loss 0.275, Train_accy 94.00, Test_accy 62.05:  75%|███████▌  | 15/20 [01:22<00:45,  9.09s/it]
Task 3, Epoch 16/20 => Loss -0.103, Train_accy 96.00:  75%|███████▌  | 15/20 [01:22<00:45,  9.09s/it]                
Task 3, Epoch 16/20 => Loss -0.103, Train_accy 96.00:  80%|████████  | 16/20 [01:22<00:26,  6.64s/it]
Task 3, Epoch 17/20 => Loss -0.143, Train_accy 96.00:  80%|████████  | 16/20 [01:23<00:26,  6.64s/it]
Task 3, Epoch 17/20 => Loss -0.143, Train_accy 96.00:  85%|████████▌ | 17/20 [01:23<00:14,  4.93s/it]
Task 3, Epoch 18/20 => Loss -0.154, Train_accy 96.00:  85%|████████▌ | 17/20 [01:24<00:14,  4.93s/it]
Task 3, Epoch 18/20 => Loss -0.154, Train_accy 96.00:  90%|█████████ | 18/20 [01:24<00:07,  3.73s/it]
Task 3, Epoch 19/20 => Loss -0.191, Train_accy 100.00:  90%|█████████ | 18/20 [01:25<00:07,  3.73s/it]
Task 3, Epoch 19/20 => Loss -0.191, Train_accy 100.00:  95%|█████████▌| 19/20 [01:25<00:02,  2.89s/it]
Task 3, Epoch 20/20 => Loss -0.116, Train_accy 96.00, Test_accy 62.18:  95%|█████████▌| 19/20 [01:49<00:02,  2.89s/it]
Task 3, Epoch 20/20 => Loss -0.116, Train_accy 96.00, Test_accy 62.18: 100%|██████████| 20/20 [01:49<00:00,  9.15s/it]
Task 3, Epoch 20/20 => Loss -0.116, Train_accy 96.00, Test_accy 62.18: 100%|██████████| 20/20 [01:49<00:00,  5.48s/it]
2025-12-15 09:21:59,922 [l2p.py] => Task 3, Epoch 20/20 => Loss -0.116, Train_accy 96.00, Test_accy 62.18
2025-12-15 09:22:27,709 [trainer.py] => CNN: {'total': 62.18, '00-99': 80.28, '100-109': 3.08, '110-119': 3.07, '120-129': 6.67, '130-139': 80.0, '140-149': 76.0, '150-159': 84.0, '160-169': 88.0, '170-179': 84.0, '180-189': 72.0, '190-199': 88.0, 'old': 65.65, 'new': 6.67}
2025-12-15 09:22:27,709 [trainer.py] => CNN top1 curve: [80.18, 71.13, 65.65, 62.18]
2025-12-15 09:22:27,709 [trainer.py] => Average Accuracy (CNN): 69.78 

2025-12-15 09:22:27,711 [trainer.py] => All params: 172123793
2025-12-15 09:22:27,712 [trainer.py] => Trainable params: 353481
2025-12-15 09:22:27,712 [l2p.py] => Learning on 130-140

  0%|          | 0/20 [00:00<?, ?it/s]
Task 4, Epoch 1/20 => Loss 1.529, Train_accy 26.00:   0%|          | 0/20 [00:00<?, ?it/s]
Task 4, Epoch 1/20 => Loss 1.529, Train_accy 26.00:   5%|▌         | 1/20 [00:00<00:17,  1.07it/s]
Task 4, Epoch 2/20 => Loss 1.275, Train_accy 52.00:   5%|▌         | 1/20 [00:01<00:17,  1.07it/s]
Task 4, Epoch 2/20 => Loss 1.275, Train_accy 52.00:  10%|█         | 2/20 [00:01<00:16,  1.06it/s]
Task 4, Epoch 3/20 => Loss 0.675, Train_accy 64.00:  10%|█         | 2/20 [00:02<00:16,  1.06it/s]
Task 4, Epoch 3/20 => Loss 0.675, Train_accy 64.00:  15%|█▌        | 3/20 [00:02<00:15,  1.07it/s]
Task 4, Epoch 4/20 => Loss 1.073, Train_accy 70.00:  15%|█▌        | 3/20 [00:03<00:15,  1.07it/s]
Task 4, Epoch 4/20 => Loss 1.073, Train_accy 70.00:  20%|██        | 4/20 [00:03<00:14,  1.08it/s]
Task 4, Epoch 5/20 => Loss 0.328, Train_accy 86.00, Test_accy 56.77:  20%|██        | 4/20 [00:29<00:14,  1.08it/s]
Task 4, Epoch 5/20 => Loss 0.328, Train_accy 86.00, Test_accy 56.77:  25%|██▌       | 5/20 [00:29<02:27,  9.86s/it]
Task 4, Epoch 6/20 => Loss 0.071, Train_accy 92.00:  25%|██▌       | 5/20 [00:30<02:27,  9.86s/it]                 
Task 4, Epoch 6/20 => Loss 0.071, Train_accy 92.00:  30%|███       | 6/20 [00:30<01:35,  6.85s/it]
Task 4, Epoch 7/20 => Loss 0.097, Train_accy 92.00:  30%|███       | 6/20 [00:31<01:35,  6.85s/it]
Task 4, Epoch 7/20 => Loss 0.097, Train_accy 92.00:  35%|███▌      | 7/20 [00:31<01:04,  4.94s/it]
Task 4, Epoch 8/20 => Loss 0.472, Train_accy 88.00:  35%|███▌      | 7/20 [00:32<01:04,  4.94s/it]
Task 4, Epoch 8/20 => Loss 0.472, Train_accy 88.00:  40%|████      | 8/20 [00:32<00:44,  3.68s/it]
Task 4, Epoch 9/20 => Loss -0.070, Train_accy 98.00:  40%|████      | 8/20 [00:33<00:44,  3.68s/it]
Task 4, Epoch 9/20 => Loss -0.070, Train_accy 98.00:  45%|████▌     | 9/20 [00:33<00:31,  2.84s/it]
Task 4, Epoch 10/20 => Loss 0.163, Train_accy 94.00, Test_accy 56.72:  45%|████▌     | 9/20 [00:59<00:31,  2.84s/it]
Task 4, Epoch 10/20 => Loss 0.163, Train_accy 94.00, Test_accy 56.72:  50%|█████     | 10/20 [00:59<01:38,  9.89s/it]
Task 4, Epoch 11/20 => Loss 0.148, Train_accy 100.00:  50%|█████     | 10/20 [01:00<01:38,  9.89s/it]                
Task 4, Epoch 11/20 => Loss 0.148, Train_accy 100.00:  55%|█████▌    | 11/20 [01:00<01:04,  7.15s/it]
Task 4, Epoch 12/20 => Loss -0.077, Train_accy 96.00:  55%|█████▌    | 11/20 [01:00<01:04,  7.15s/it]
Task 4, Epoch 12/20 => Loss -0.077, Train_accy 96.00:  60%|██████    | 12/20 [01:00<00:42,  5.27s/it]
Task 4, Epoch 13/20 => Loss -0.114, Train_accy 100.00:  60%|██████    | 12/20 [01:01<00:42,  5.27s/it]
Task 4, Epoch 13/20 => Loss -0.114, Train_accy 100.00:  65%|██████▌   | 13/20 [01:01<00:27,  3.96s/it]
Task 4, Epoch 14/20 => Loss -0.093, Train_accy 98.00:  65%|██████▌   | 13/20 [01:02<00:27,  3.96s/it] 
Task 4, Epoch 14/20 => Loss -0.093, Train_accy 98.00:  70%|███████   | 14/20 [01:02<00:18,  3.04s/it]
Task 4, Epoch 15/20 => Loss 0.017, Train_accy 90.00, Test_accy 56.84:  70%|███████   | 14/20 [01:28<00:18,  3.04s/it]
Task 4, Epoch 15/20 => Loss 0.017, Train_accy 90.00, Test_accy 56.84:  75%|███████▌  | 15/20 [01:28<00:49,  9.83s/it]
Task 4, Epoch 16/20 => Loss -0.135, Train_accy 98.00:  75%|███████▌  | 15/20 [01:29<00:49,  9.83s/it]                
Task 4, Epoch 16/20 => Loss -0.135, Train_accy 98.00:  80%|████████  | 16/20 [01:29<00:28,  7.17s/it]
Task 4, Epoch 17/20 => Loss -0.055, Train_accy 94.00:  80%|████████  | 16/20 [01:30<00:28,  7.17s/it]
Task 4, Epoch 17/20 => Loss -0.055, Train_accy 94.00:  85%|████████▌ | 17/20 [01:30<00:15,  5.30s/it]
Task 4, Epoch 18/20 => Loss -0.142, Train_accy 96.00:  85%|████████▌ | 17/20 [01:31<00:15,  5.30s/it]
Task 4, Epoch 18/20 => Loss -0.142, Train_accy 96.00:  90%|█████████ | 18/20 [01:31<00:07,  3.99s/it]
Task 4, Epoch 19/20 => Loss -0.099, Train_accy 100.00:  90%|█████████ | 18/20 [01:32<00:07,  3.99s/it]
Task 4, Epoch 19/20 => Loss -0.099, Train_accy 100.00:  95%|█████████▌| 19/20 [01:32<00:03,  3.07s/it]
Task 4, Epoch 20/20 => Loss -0.021, Train_accy 96.00, Test_accy 56.93:  95%|█████████▌| 19/20 [01:58<00:03,  3.07s/it]
Task 4, Epoch 20/20 => Loss -0.021, Train_accy 96.00, Test_accy 56.93: 100%|██████████| 20/20 [01:58<00:00,  9.92s/it]
Task 4, Epoch 20/20 => Loss -0.021, Train_accy 96.00, Test_accy 56.93: 100%|██████████| 20/20 [01:58<00:00,  5.91s/it]
2025-12-15 09:24:25,876 [l2p.py] => Task 4, Epoch 20/20 => Loss -0.021, Train_accy 96.00, Test_accy 56.93
2025-12-15 09:24:55,193 [trainer.py] => CNN: {'total': 56.93, '00-99': 80.32, '100-109': 3.6, '110-119': 3.41, '120-129': 6.22, '130-139': 1.37, '140-149': 66.0, '150-159': 74.0, '160-169': 90.0, '170-179': 82.0, '180-189': 78.0, '190-199': 72.0, 'old': 62.25, 'new': 1.37}
2025-12-15 09:24:55,193 [trainer.py] => CNN top1 curve: [80.18, 71.13, 65.65, 62.18, 56.93]
2025-12-15 09:24:55,194 [trainer.py] => Average Accuracy (CNN): 67.21 

2025-12-15 09:24:55,195 [trainer.py] => All params: 172123793
2025-12-15 09:24:55,196 [trainer.py] => Trainable params: 353481
2025-12-15 09:24:55,196 [l2p.py] => Learning on 140-150

  0%|          | 0/20 [00:00<?, ?it/s]
Task 5, Epoch 1/20 => Loss 2.468, Train_accy 4.00:   0%|          | 0/20 [00:00<?, ?it/s]
Task 5, Epoch 1/20 => Loss 2.468, Train_accy 4.00:   5%|▌         | 1/20 [00:00<00:18,  1.01it/s]
Task 5, Epoch 2/20 => Loss 1.146, Train_accy 54.00:   5%|▌         | 1/20 [00:01<00:18,  1.01it/s]
Task 5, Epoch 2/20 => Loss 1.146, Train_accy 54.00:  10%|█         | 2/20 [00:01<00:17,  1.02it/s]
Task 5, Epoch 3/20 => Loss 0.847, Train_accy 70.00:  10%|█         | 2/20 [00:02<00:17,  1.02it/s]
Task 5, Epoch 3/20 => Loss 0.847, Train_accy 70.00:  15%|█▌        | 3/20 [00:02<00:16,  1.03it/s]
Task 5, Epoch 4/20 => Loss 0.242, Train_accy 78.00:  15%|█▌        | 3/20 [00:03<00:16,  1.03it/s]
Task 5, Epoch 4/20 => Loss 0.242, Train_accy 78.00:  20%|██        | 4/20 [00:03<00:15,  1.04it/s]
Task 5, Epoch 5/20 => Loss 0.301, Train_accy 80.00, Test_accy 52.85:  20%|██        | 4/20 [00:31<00:15,  1.04it/s]
Task 5, Epoch 5/20 => Loss 0.301, Train_accy 80.00, Test_accy 52.85:  25%|██▌       | 5/20 [00:31<02:38, 10.54s/it]
Task 5, Epoch 6/20 => Loss 0.874, Train_accy 82.00:  25%|██▌       | 5/20 [00:32<02:38, 10.54s/it]                 
Task 5, Epoch 6/20 => Loss 0.874, Train_accy 82.00:  30%|███       | 6/20 [00:32<01:42,  7.29s/it]
Task 5, Epoch 7/20 => Loss 0.179, Train_accy 94.00:  30%|███       | 6/20 [00:33<01:42,  7.29s/it]
Task 5, Epoch 7/20 => Loss 0.179, Train_accy 94.00:  35%|███▌      | 7/20 [00:33<01:07,  5.23s/it]
Task 5, Epoch 8/20 => Loss 0.214, Train_accy 92.00:  35%|███▌      | 7/20 [00:34<01:07,  5.23s/it]
Task 5, Epoch 8/20 => Loss 0.214, Train_accy 92.00:  40%|████      | 8/20 [00:34<00:46,  3.87s/it]
Task 5, Epoch 9/20 => Loss -0.047, Train_accy 88.00:  40%|████      | 8/20 [00:35<00:46,  3.87s/it]
Task 5, Epoch 9/20 => Loss -0.047, Train_accy 88.00:  45%|████▌     | 9/20 [00:35<00:32,  2.96s/it]
Task 5, Epoch 10/20 => Loss 0.076, Train_accy 86.00, Test_accy 52.83:  45%|████▌     | 9/20 [01:02<00:32,  2.96s/it]
Task 5, Epoch 10/20 => Loss 0.076, Train_accy 86.00, Test_accy 52.83:  50%|█████     | 10/20 [01:02<01:45, 10.55s/it]
Task 5, Epoch 11/20 => Loss 0.285, Train_accy 94.00:  50%|█████     | 10/20 [01:03<01:45, 10.55s/it]                 
Task 5, Epoch 11/20 => Loss 0.285, Train_accy 94.00:  55%|█████▌    | 11/20 [01:03<01:08,  7.61s/it]
Task 5, Epoch 12/20 => Loss 0.092, Train_accy 92.00:  55%|█████▌    | 11/20 [01:04<01:08,  7.61s/it]
Task 5, Epoch 12/20 => Loss 0.092, Train_accy 92.00:  60%|██████    | 12/20 [01:04<00:44,  5.59s/it]
Task 5, Epoch 13/20 => Loss 0.030, Train_accy 94.00:  60%|██████    | 12/20 [01:05<00:44,  5.59s/it]
Task 5, Epoch 13/20 => Loss 0.030, Train_accy 94.00:  65%|██████▌   | 13/20 [01:05<00:29,  4.19s/it]
Task 5, Epoch 14/20 => Loss -0.001, Train_accy 94.00:  65%|██████▌   | 13/20 [01:06<00:29,  4.19s/it]
Task 5, Epoch 14/20 => Loss -0.001, Train_accy 94.00:  70%|███████   | 14/20 [01:06<00:19,  3.21s/it]
Task 5, Epoch 15/20 => Loss 0.009, Train_accy 90.00, Test_accy 53.07:  70%|███████   | 14/20 [01:34<00:19,  3.21s/it]
Task 5, Epoch 15/20 => Loss 0.009, Train_accy 90.00, Test_accy 53.07:  75%|███████▌  | 15/20 [01:34<00:53, 10.64s/it]
Task 5, Epoch 16/20 => Loss -0.028, Train_accy 94.00:  75%|███████▌  | 15/20 [01:35<00:53, 10.64s/it]                
Task 5, Epoch 16/20 => Loss -0.028, Train_accy 94.00:  80%|████████  | 16/20 [01:35<00:30,  7.73s/it]
Task 5, Epoch 17/20 => Loss -0.052, Train_accy 94.00:  80%|████████  | 16/20 [01:36<00:30,  7.73s/it]
Task 5, Epoch 17/20 => Loss -0.052, Train_accy 94.00:  85%|████████▌ | 17/20 [01:36<00:17,  5.68s/it]
Task 5, Epoch 18/20 => Loss -0.119, Train_accy 98.00:  85%|████████▌ | 17/20 [01:37<00:17,  5.68s/it]
Task 5, Epoch 18/20 => Loss -0.119, Train_accy 98.00:  90%|█████████ | 18/20 [01:37<00:08,  4.27s/it]
Task 5, Epoch 19/20 => Loss -0.114, Train_accy 100.00:  90%|█████████ | 18/20 [01:38<00:08,  4.27s/it]
Task 5, Epoch 19/20 => Loss -0.114, Train_accy 100.00:  95%|█████████▌| 19/20 [01:38<00:03,  3.26s/it]
Task 5, Epoch 20/20 => Loss -0.085, Train_accy 94.00, Test_accy 53.14:  95%|█████████▌| 19/20 [02:05<00:03,  3.26s/it]
Task 5, Epoch 20/20 => Loss -0.085, Train_accy 94.00, Test_accy 53.14: 100%|██████████| 20/20 [02:05<00:00, 10.50s/it]
Task 5, Epoch 20/20 => Loss -0.085, Train_accy 94.00, Test_accy 53.14: 100%|██████████| 20/20 [02:05<00:00,  6.28s/it]
2025-12-15 09:27:00,858 [l2p.py] => Task 5, Epoch 20/20 => Loss -0.085, Train_accy 94.00, Test_accy 53.14
2025-12-15 09:27:31,929 [trainer.py] => CNN: {'total': 53.14, '00-99': 80.76, '100-109': 3.6, '110-119': 3.41, '120-129': 6.67, '130-139': 1.37, '140-149': 1.2, '150-159': 88.0, '160-169': 88.0, '170-179': 90.0, '180-189': 82.0, '190-199': 86.0, 'old': 57.27, 'new': 1.2}
2025-12-15 09:27:31,929 [trainer.py] => CNN top1 curve: [80.18, 71.13, 65.65, 62.18, 56.93, 53.14]
2025-12-15 09:27:31,929 [trainer.py] => Average Accuracy (CNN): 64.87 

2025-12-15 09:27:31,930 [trainer.py] => All params: 172123793
2025-12-15 09:27:31,931 [trainer.py] => Trainable params: 353481
2025-12-15 09:27:31,931 [l2p.py] => Learning on 150-160

  0%|          | 0/20 [00:00<?, ?it/s]
Task 6, Epoch 1/20 => Loss 2.333, Train_accy 8.00:   0%|          | 0/20 [00:00<?, ?it/s]
Task 6, Epoch 1/20 => Loss 2.333, Train_accy 8.00:   5%|▌         | 1/20 [00:00<00:18,  1.05it/s]
Task 6, Epoch 2/20 => Loss 0.893, Train_accy 66.00:   5%|▌         | 1/20 [00:01<00:18,  1.05it/s]
Task 6, Epoch 2/20 => Loss 0.893, Train_accy 66.00:  10%|█         | 2/20 [00:01<00:17,  1.05it/s]
Task 6, Epoch 3/20 => Loss 1.257, Train_accy 76.00:  10%|█         | 2/20 [00:02<00:17,  1.05it/s]
Task 6, Epoch 3/20 => Loss 1.257, Train_accy 76.00:  15%|█▌        | 3/20 [00:02<00:16,  1.05it/s]
Task 6, Epoch 4/20 => Loss 0.298, Train_accy 82.00:  15%|█▌        | 3/20 [00:03<00:16,  1.05it/s]
Task 6, Epoch 4/20 => Loss 0.298, Train_accy 82.00:  20%|██        | 4/20 [00:03<00:14,  1.07it/s]
Task 6, Epoch 5/20 => Loss 0.252, Train_accy 84.00, Test_accy 50.14:  20%|██        | 4/20 [00:33<00:14,  1.07it/s]
Task 6, Epoch 5/20 => Loss 0.252, Train_accy 84.00, Test_accy 50.14:  25%|██▌       | 5/20 [00:33<02:47, 11.14s/it]
Task 6, Epoch 6/20 => Loss 0.112, Train_accy 86.00:  25%|██▌       | 5/20 [00:33<02:47, 11.14s/it]                 
Task 6, Epoch 6/20 => Loss 0.112, Train_accy 86.00:  30%|███       | 6/20 [00:33<01:47,  7.68s/it]
Task 6, Epoch 7/20 => Loss 0.068, Train_accy 88.00:  30%|███       | 6/20 [00:34<01:47,  7.68s/it]
Task 6, Epoch 7/20 => Loss 0.068, Train_accy 88.00:  35%|███▌      | 7/20 [00:34<01:11,  5.49s/it]
Task 6, Epoch 8/20 => Loss 0.027, Train_accy 94.00:  35%|███▌      | 7/20 [00:35<01:11,  5.49s/it]
Task 6, Epoch 8/20 => Loss 0.027, Train_accy 94.00:  40%|████      | 8/20 [00:35<00:48,  4.06s/it]
Task 6, Epoch 9/20 => Loss -0.031, Train_accy 96.00:  40%|████      | 8/20 [00:36<00:48,  4.06s/it]
Task 6, Epoch 9/20 => Loss -0.031, Train_accy 96.00:  45%|████▌     | 9/20 [00:36<00:33,  3.09s/it]
Task 6, Epoch 10/20 => Loss 0.021, Train_accy 98.00, Test_accy 50.07:  45%|████▌     | 9/20 [01:06<00:33,  3.09s/it]
Task 6, Epoch 10/20 => Loss 0.021, Train_accy 98.00, Test_accy 50.07:  50%|█████     | 10/20 [01:06<01:51, 11.16s/it]
Task 6, Epoch 11/20 => Loss -0.018, Train_accy 94.00:  50%|█████     | 10/20 [01:07<01:51, 11.16s/it]                
Task 6, Epoch 11/20 => Loss -0.018, Train_accy 94.00:  55%|█████▌    | 11/20 [01:07<01:12,  8.04s/it]
Task 6, Epoch 12/20 => Loss 0.557, Train_accy 94.00:  55%|█████▌    | 11/20 [01:08<01:12,  8.04s/it] 
Task 6, Epoch 12/20 => Loss 0.557, Train_accy 94.00:  60%|██████    | 12/20 [01:08<00:47,  5.88s/it]
Task 6, Epoch 13/20 => Loss 0.173, Train_accy 100.00:  60%|██████    | 12/20 [01:09<00:47,  5.88s/it]
Task 6, Epoch 13/20 => Loss 0.173, Train_accy 100.00:  65%|██████▌   | 13/20 [01:09<00:30,  4.40s/it]
Task 6, Epoch 14/20 => Loss -0.121, Train_accy 100.00:  65%|██████▌   | 13/20 [01:09<00:30,  4.40s/it]
Task 6, Epoch 14/20 => Loss -0.121, Train_accy 100.00:  70%|███████   | 14/20 [01:09<00:20,  3.36s/it]
Task 6, Epoch 15/20 => Loss -0.106, Train_accy 96.00, Test_accy 49.89:  70%|███████   | 14/20 [01:39<00:20,  3.36s/it]
Task 6, Epoch 15/20 => Loss -0.106, Train_accy 96.00, Test_accy 49.89:  75%|███████▌  | 15/20 [01:39<00:55, 11.18s/it]
Task 6, Epoch 16/20 => Loss -0.110, Train_accy 98.00:  75%|███████▌  | 15/20 [01:40<00:55, 11.18s/it]                 
Task 6, Epoch 16/20 => Loss -0.110, Train_accy 98.00:  80%|████████  | 16/20 [01:40<00:32,  8.11s/it]
Task 6, Epoch 17/20 => Loss -0.057, Train_accy 96.00:  80%|████████  | 16/20 [01:41<00:32,  8.11s/it]
Task 6, Epoch 17/20 => Loss -0.057, Train_accy 96.00:  85%|████████▌ | 17/20 [01:41<00:17,  5.99s/it]
Task 6, Epoch 18/20 => Loss -0.114, Train_accy 98.00:  85%|████████▌ | 17/20 [01:42<00:17,  5.99s/it]
Task 6, Epoch 18/20 => Loss -0.114, Train_accy 98.00:  90%|█████████ | 18/20 [01:42<00:08,  4.48s/it]
Task 6, Epoch 19/20 => Loss -0.080, Train_accy 98.00:  90%|█████████ | 18/20 [01:43<00:08,  4.48s/it]
Task 6, Epoch 19/20 => Loss -0.080, Train_accy 98.00:  95%|█████████▌| 19/20 [01:43<00:03,  3.41s/it]
Task 6, Epoch 20/20 => Loss -0.089, Train_accy 96.00, Test_accy 49.84:  95%|█████████▌| 19/20 [02:12<00:03,  3.41s/it]
Task 6, Epoch 20/20 => Loss -0.089, Train_accy 96.00, Test_accy 49.84: 100%|██████████| 20/20 [02:12<00:00, 11.10s/it]
Task 6, Epoch 20/20 => Loss -0.089, Train_accy 96.00, Test_accy 49.84: 100%|██████████| 20/20 [02:12<00:00,  6.61s/it]
2025-12-15 09:29:44,201 [l2p.py] => Task 6, Epoch 20/20 => Loss -0.089, Train_accy 96.00, Test_accy 49.84
2025-12-15 09:30:16,671 [trainer.py] => CNN: {'total': 49.84, '00-99': 80.35, '100-109': 2.83, '110-119': 3.07, '120-129': 6.67, '130-139': 1.64, '140-149': 1.2, '150-159': 0.0, '160-169': 90.0, '170-179': 86.0, '180-189': 82.0, '190-199': 88.0, 'old': 52.81, 'new': 0.0}
2025-12-15 09:30:16,671 [trainer.py] => CNN top1 curve: [80.18, 71.13, 65.65, 62.18, 56.93, 53.14, 49.84]
2025-12-15 09:30:16,671 [trainer.py] => Average Accuracy (CNN): 62.72 

2025-12-15 09:30:16,673 [trainer.py] => All params: 172123793
2025-12-15 09:30:16,674 [trainer.py] => Trainable params: 353481
2025-12-15 09:30:16,674 [l2p.py] => Learning on 160-170

  0%|          | 0/20 [00:00<?, ?it/s]
Task 7, Epoch 1/20 => Loss 2.173, Train_accy 4.00:   0%|          | 0/20 [00:01<?, ?it/s]
Task 7, Epoch 1/20 => Loss 2.173, Train_accy 4.00:   5%|▌         | 1/20 [00:01<00:23,  1.26s/it]
Task 7, Epoch 2/20 => Loss 1.236, Train_accy 56.00:   5%|▌         | 1/20 [00:02<00:23,  1.26s/it]
Task 7, Epoch 2/20 => Loss 1.236, Train_accy 56.00:  10%|█         | 2/20 [00:02<00:23,  1.30s/it]
Task 7, Epoch 3/20 => Loss 0.959, Train_accy 74.00:  10%|█         | 2/20 [00:03<00:23,  1.30s/it]
Task 7, Epoch 3/20 => Loss 0.959, Train_accy 74.00:  15%|█▌        | 3/20 [00:03<00:21,  1.27s/it]
Task 7, Epoch 4/20 => Loss 1.006, Train_accy 78.00:  15%|█▌        | 3/20 [00:05<00:21,  1.27s/it]
Task 7, Epoch 4/20 => Loss 1.006, Train_accy 78.00:  20%|██        | 4/20 [00:05<00:20,  1.28s/it]
Task 7, Epoch 5/20 => Loss 0.171, Train_accy 84.00, Test_accy 46.24:  20%|██        | 4/20 [00:36<00:20,  1.28s/it]
Task 7, Epoch 5/20 => Loss 0.171, Train_accy 84.00, Test_accy 46.24:  25%|██▌       | 5/20 [00:36<03:02, 12.17s/it]
Task 7, Epoch 6/20 => Loss 0.119, Train_accy 88.00:  25%|██▌       | 5/20 [00:37<03:02, 12.17s/it]                 
Task 7, Epoch 6/20 => Loss 0.119, Train_accy 88.00:  30%|███       | 6/20 [00:37<01:59,  8.51s/it]
Task 7, Epoch 7/20 => Loss 0.292, Train_accy 90.00:  30%|███       | 6/20 [00:39<01:59,  8.51s/it]
Task 7, Epoch 7/20 => Loss 0.292, Train_accy 90.00:  35%|███▌      | 7/20 [00:39<01:20,  6.17s/it]
Task 7, Epoch 8/20 => Loss 0.021, Train_accy 94.00:  35%|███▌      | 7/20 [00:40<01:20,  6.17s/it]
Task 7, Epoch 8/20 => Loss 0.021, Train_accy 94.00:  40%|████      | 8/20 [00:40<00:55,  4.66s/it]
Task 7, Epoch 9/20 => Loss -0.003, Train_accy 98.00:  40%|████      | 8/20 [00:42<00:55,  4.66s/it]
Task 7, Epoch 9/20 => Loss -0.003, Train_accy 98.00:  45%|████▌     | 9/20 [00:42<00:39,  3.62s/it]
Task 7, Epoch 10/20 => Loss -0.027, Train_accy 96.00, Test_accy 46.30:  45%|████▌     | 9/20 [01:14<00:39,  3.62s/it]
Task 7, Epoch 10/20 => Loss -0.027, Train_accy 96.00, Test_accy 46.30:  50%|█████     | 10/20 [01:14<02:03, 12.35s/it]
Task 7, Epoch 11/20 => Loss -0.091, Train_accy 98.00:  50%|█████     | 10/20 [01:15<02:03, 12.35s/it]                 
Task 7, Epoch 11/20 => Loss -0.091, Train_accy 98.00:  55%|█████▌    | 11/20 [01:15<01:20,  8.96s/it]
Task 7, Epoch 12/20 => Loss 0.213, Train_accy 96.00:  55%|█████▌    | 11/20 [01:16<01:20,  8.96s/it] 
Task 7, Epoch 12/20 => Loss 0.213, Train_accy 96.00:  60%|██████    | 12/20 [01:16<00:53,  6.64s/it]
Task 7, Epoch 13/20 => Loss 0.076, Train_accy 100.00:  60%|██████    | 12/20 [01:17<00:53,  6.64s/it]
Task 7, Epoch 13/20 => Loss 0.076, Train_accy 100.00:  65%|██████▌   | 13/20 [01:17<00:35,  5.01s/it]
Task 7, Epoch 14/20 => Loss -0.084, Train_accy 100.00:  65%|██████▌   | 13/20 [01:19<00:35,  5.01s/it]
Task 7, Epoch 14/20 => Loss -0.084, Train_accy 100.00:  70%|███████   | 14/20 [01:19<00:23,  3.91s/it]
Task 7, Epoch 15/20 => Loss 0.053, Train_accy 100.00, Test_accy 46.32:  70%|███████   | 14/20 [01:51<00:23,  3.91s/it]
Task 7, Epoch 15/20 => Loss 0.053, Train_accy 100.00, Test_accy 46.32:  75%|███████▌  | 15/20 [01:51<01:01, 12.35s/it]
Task 7, Epoch 16/20 => Loss -0.027, Train_accy 92.00:  75%|███████▌  | 15/20 [01:52<01:01, 12.35s/it]                 
Task 7, Epoch 16/20 => Loss -0.027, Train_accy 92.00:  80%|████████  | 16/20 [01:52<00:36,  9.04s/it]
Task 7, Epoch 17/20 => Loss -0.068, Train_accy 100.00:  80%|████████  | 16/20 [01:53<00:36,  9.04s/it]
Task 7, Epoch 17/20 => Loss -0.068, Train_accy 100.00:  85%|████████▌ | 17/20 [01:53<00:19,  6.62s/it]
Task 7, Epoch 18/20 => Loss 0.019, Train_accy 94.00:  85%|████████▌ | 17/20 [01:54<00:19,  6.62s/it]  
Task 7, Epoch 18/20 => Loss 0.019, Train_accy 94.00:  90%|█████████ | 18/20 [01:54<00:10,  5.03s/it]
Task 7, Epoch 19/20 => Loss -0.117, Train_accy 98.00:  90%|█████████ | 18/20 [01:56<00:10,  5.03s/it]
Task 7, Epoch 19/20 => Loss -0.117, Train_accy 98.00:  95%|█████████▌| 19/20 [01:56<00:03,  3.92s/it]
Task 7, Epoch 20/20 => Loss -0.052, Train_accy 92.00, Test_accy 46.32:  95%|█████████▌| 19/20 [02:27<00:03,  3.92s/it]
Task 7, Epoch 20/20 => Loss -0.052, Train_accy 92.00, Test_accy 46.32: 100%|██████████| 20/20 [02:27<00:00, 12.21s/it]
Task 7, Epoch 20/20 => Loss -0.052, Train_accy 92.00, Test_accy 46.32: 100%|██████████| 20/20 [02:27<00:00,  7.39s/it]
2025-12-15 09:32:44,405 [l2p.py] => Task 7, Epoch 20/20 => Loss -0.052, Train_accy 92.00, Test_accy 46.32
2025-12-15 09:33:17,399 [trainer.py] => CNN: {'total': 46.32, '00-99': 80.04, '100-109': 3.34, '110-119': 3.07, '120-129': 6.22, '130-139': 1.64, '140-149': 1.2, '150-159': 0.0, '160-169': 2.71, '170-179': 74.0, '180-189': 86.0, '190-199': 94.0, 'old': 49.68, 'new': 2.71}
2025-12-15 09:33:17,399 [trainer.py] => CNN top1 curve: [80.18, 71.13, 65.65, 62.18, 56.93, 53.14, 49.84, 46.32]
2025-12-15 09:33:17,400 [trainer.py] => Average Accuracy (CNN): 60.67 

2025-12-15 09:33:17,403 [trainer.py] => All params: 172123793
2025-12-15 09:33:17,405 [trainer.py] => Trainable params: 353481
2025-12-15 09:33:17,405 [l2p.py] => Learning on 170-180

  0%|          | 0/20 [00:00<?, ?it/s]
Task 8, Epoch 1/20 => Loss 1.774, Train_accy 20.00:   0%|          | 0/20 [00:00<?, ?it/s]
Task 8, Epoch 1/20 => Loss 1.774, Train_accy 20.00:   5%|▌         | 1/20 [00:00<00:16,  1.13it/s]
Task 8, Epoch 2/20 => Loss 0.824, Train_accy 58.00:   5%|▌         | 1/20 [00:01<00:16,  1.13it/s]
Task 8, Epoch 2/20 => Loss 0.824, Train_accy 58.00:  10%|█         | 2/20 [00:01<00:15,  1.15it/s]
Task 8, Epoch 3/20 => Loss 0.779, Train_accy 72.00:  10%|█         | 2/20 [00:02<00:15,  1.15it/s]
Task 8, Epoch 3/20 => Loss 0.779, Train_accy 72.00:  15%|█▌        | 3/20 [00:02<00:14,  1.14it/s]
Task 8, Epoch 4/20 => Loss 0.576, Train_accy 76.00:  15%|█▌        | 3/20 [00:03<00:14,  1.14it/s]
Task 8, Epoch 4/20 => Loss 0.576, Train_accy 76.00:  20%|██        | 4/20 [00:03<00:13,  1.14it/s]
Task 8, Epoch 5/20 => Loss 0.426, Train_accy 86.00, Test_accy 43.90:  20%|██        | 4/20 [00:36<00:13,  1.14it/s]
Task 8, Epoch 5/20 => Loss 0.426, Train_accy 86.00, Test_accy 43.90:  25%|██▌       | 5/20 [00:36<03:05, 12.36s/it]
Task 8, Epoch 6/20 => Loss 0.299, Train_accy 90.00:  25%|██▌       | 5/20 [00:37<03:05, 12.36s/it]                 
Task 8, Epoch 6/20 => Loss 0.299, Train_accy 90.00:  30%|███       | 6/20 [00:37<01:58,  8.46s/it]
Task 8, Epoch 7/20 => Loss 0.273, Train_accy 84.00:  30%|███       | 6/20 [00:38<01:58,  8.46s/it]
Task 8, Epoch 7/20 => Loss 0.273, Train_accy 84.00:  35%|███▌      | 7/20 [00:38<01:17,  5.99s/it]
Task 8, Epoch 8/20 => Loss -0.015, Train_accy 96.00:  35%|███▌      | 7/20 [00:38<01:17,  5.99s/it]
Task 8, Epoch 8/20 => Loss -0.015, Train_accy 96.00:  40%|████      | 8/20 [00:38<00:52,  4.38s/it]
Task 8, Epoch 9/20 => Loss 0.009, Train_accy 90.00:  40%|████      | 8/20 [00:39<00:52,  4.38s/it] 
Task 8, Epoch 9/20 => Loss 0.009, Train_accy 90.00:  45%|████▌     | 9/20 [00:39<00:36,  3.29s/it]
Task 8, Epoch 10/20 => Loss 0.689, Train_accy 98.00, Test_accy 43.87:  45%|████▌     | 9/20 [01:12<00:36,  3.29s/it]
Task 8, Epoch 10/20 => Loss 0.689, Train_accy 98.00, Test_accy 43.87:  50%|█████     | 10/20 [01:12<02:03, 12.40s/it]
Task 8, Epoch 11/20 => Loss 0.120, Train_accy 94.00:  50%|█████     | 10/20 [01:13<02:03, 12.40s/it]                 
Task 8, Epoch 11/20 => Loss 0.120, Train_accy 94.00:  55%|█████▌    | 11/20 [01:13<01:19,  8.88s/it]
Task 8, Epoch 12/20 => Loss -0.057, Train_accy 94.00:  55%|█████▌    | 11/20 [01:14<01:19,  8.88s/it]
Task 8, Epoch 12/20 => Loss -0.057, Train_accy 94.00:  60%|██████    | 12/20 [01:14<00:51,  6.45s/it]
Task 8, Epoch 13/20 => Loss -0.055, Train_accy 94.00:  60%|██████    | 12/20 [01:15<00:51,  6.45s/it]
Task 8, Epoch 13/20 => Loss -0.055, Train_accy 94.00:  65%|██████▌   | 13/20 [01:15<00:33,  4.77s/it]
Task 8, Epoch 14/20 => Loss 0.187, Train_accy 96.00:  65%|██████▌   | 13/20 [01:16<00:33,  4.77s/it] 
Task 8, Epoch 14/20 => Loss 0.187, Train_accy 96.00:  70%|███████   | 14/20 [01:16<00:21,  3.60s/it]
Task 8, Epoch 15/20 => Loss -0.051, Train_accy 92.00, Test_accy 43.90:  70%|███████   | 14/20 [01:49<00:21,  3.60s/it]
Task 8, Epoch 15/20 => Loss -0.051, Train_accy 92.00, Test_accy 43.90:  75%|███████▌  | 15/20 [01:49<01:02, 12.41s/it]
Task 8, Epoch 16/20 => Loss -0.138, Train_accy 98.00:  75%|███████▌  | 15/20 [01:49<01:02, 12.41s/it]                 
Task 8, Epoch 16/20 => Loss -0.138, Train_accy 98.00:  80%|████████  | 16/20 [01:49<00:35,  8.95s/it]
Task 8, Epoch 17/20 => Loss -0.108, Train_accy 94.00:  80%|████████  | 16/20 [01:50<00:35,  8.95s/it]
Task 8, Epoch 17/20 => Loss -0.108, Train_accy 94.00:  85%|████████▌ | 17/20 [01:50<00:19,  6.54s/it]
Task 8, Epoch 18/20 => Loss -0.066, Train_accy 96.00:  85%|████████▌ | 17/20 [01:51<00:19,  6.54s/it]
Task 8, Epoch 18/20 => Loss -0.066, Train_accy 96.00:  90%|█████████ | 18/20 [01:51<00:09,  4.86s/it]
Task 8, Epoch 19/20 => Loss -0.144, Train_accy 98.00:  90%|█████████ | 18/20 [01:52<00:09,  4.86s/it]
Task 8, Epoch 19/20 => Loss -0.144, Train_accy 98.00:  95%|█████████▌| 19/20 [01:52<00:03,  3.66s/it]
Task 8, Epoch 20/20 => Loss -0.095, Train_accy 94.00, Test_accy 43.78:  95%|█████████▌| 19/20 [02:25<00:03,  3.66s/it]
Task 8, Epoch 20/20 => Loss -0.095, Train_accy 94.00, Test_accy 43.78: 100%|██████████| 20/20 [02:25<00:00, 12.38s/it]
Task 8, Epoch 20/20 => Loss -0.095, Train_accy 94.00, Test_accy 43.78: 100%|██████████| 20/20 [02:25<00:00,  7.27s/it]
2025-12-15 09:35:42,847 [l2p.py] => Task 8, Epoch 20/20 => Loss -0.095, Train_accy 94.00, Test_accy 43.78
2025-12-15 09:36:16,956 [trainer.py] => CNN: {'total': 43.78, '00-99': 79.97, '100-109': 3.34, '110-119': 2.73, '120-129': 6.67, '130-139': 1.91, '140-149': 1.2, '150-159': 0.0, '160-169': 1.9, '170-179': 1.66, '180-189': 80.0, '190-199': 86.0, 'old': 46.24, 'new': 1.66}
2025-12-15 09:36:16,957 [trainer.py] => CNN top1 curve: [80.18, 71.13, 65.65, 62.18, 56.93, 53.14, 49.84, 46.32, 43.78]
2025-12-15 09:36:16,957 [trainer.py] => Average Accuracy (CNN): 58.79 

2025-12-15 09:36:16,960 [trainer.py] => All params: 172123793
2025-12-15 09:36:16,962 [trainer.py] => Trainable params: 353481
2025-12-15 09:36:16,962 [l2p.py] => Learning on 180-190

  0%|          | 0/20 [00:00<?, ?it/s]
Task 9, Epoch 1/20 => Loss 2.447, Train_accy 16.00:   0%|          | 0/20 [00:00<?, ?it/s]
Task 9, Epoch 1/20 => Loss 2.447, Train_accy 16.00:   5%|▌         | 1/20 [00:00<00:17,  1.08it/s]
Task 9, Epoch 2/20 => Loss 0.856, Train_accy 54.00:   5%|▌         | 1/20 [00:01<00:17,  1.08it/s]
Task 9, Epoch 2/20 => Loss 0.856, Train_accy 54.00:  10%|█         | 2/20 [00:01<00:16,  1.07it/s]
Task 9, Epoch 3/20 => Loss 1.232, Train_accy 62.00:  10%|█         | 2/20 [00:02<00:16,  1.07it/s]
Task 9, Epoch 3/20 => Loss 1.232, Train_accy 62.00:  15%|█▌        | 3/20 [00:02<00:16,  1.06it/s]
Task 9, Epoch 4/20 => Loss 0.392, Train_accy 74.00:  15%|█▌        | 3/20 [00:03<00:16,  1.06it/s]
Task 9, Epoch 4/20 => Loss 0.392, Train_accy 74.00:  20%|██        | 4/20 [00:03<00:15,  1.05it/s]
Task 9, Epoch 5/20 => Loss 0.271, Train_accy 82.00, Test_accy 42.01:  20%|██        | 4/20 [00:38<00:15,  1.05it/s]
Task 9, Epoch 5/20 => Loss 0.271, Train_accy 82.00, Test_accy 42.01:  25%|██▌       | 5/20 [00:38<03:14, 12.98s/it]
Task 9, Epoch 6/20 => Loss 0.067, Train_accy 90.00:  25%|██▌       | 5/20 [00:39<03:14, 12.98s/it]                 
Task 9, Epoch 6/20 => Loss 0.067, Train_accy 90.00:  30%|███       | 6/20 [00:39<02:04,  8.89s/it]
Task 9, Epoch 7/20 => Loss 0.031, Train_accy 92.00:  30%|███       | 6/20 [00:40<02:04,  8.89s/it]
Task 9, Epoch 7/20 => Loss 0.031, Train_accy 92.00:  35%|███▌      | 7/20 [00:40<01:22,  6.31s/it]
Task 9, Epoch 8/20 => Loss 0.181, Train_accy 84.00:  35%|███▌      | 7/20 [00:40<01:22,  6.31s/it]
Task 9, Epoch 8/20 => Loss 0.181, Train_accy 84.00:  40%|████      | 8/20 [00:40<00:55,  4.60s/it]
Task 9, Epoch 9/20 => Loss -0.036, Train_accy 92.00:  40%|████      | 8/20 [00:41<00:55,  4.60s/it]
Task 9, Epoch 9/20 => Loss -0.036, Train_accy 92.00:  45%|████▌     | 9/20 [00:41<00:38,  3.46s/it]
Task 9, Epoch 10/20 => Loss 0.617, Train_accy 92.00, Test_accy 42.01:  45%|████▌     | 9/20 [01:16<00:38,  3.46s/it]
Task 9, Epoch 10/20 => Loss 0.617, Train_accy 92.00, Test_accy 42.01:  50%|█████     | 10/20 [01:16<02:10, 13.00s/it]
Task 9, Epoch 11/20 => Loss 0.063, Train_accy 90.00:  50%|█████     | 10/20 [01:17<02:10, 13.00s/it]                 
Task 9, Epoch 11/20 => Loss 0.063, Train_accy 90.00:  55%|█████▌    | 11/20 [01:17<01:23,  9.33s/it]
Task 9, Epoch 12/20 => Loss -0.067, Train_accy 98.00:  55%|█████▌    | 11/20 [01:18<01:23,  9.33s/it]
Task 9, Epoch 12/20 => Loss -0.067, Train_accy 98.00:  60%|██████    | 12/20 [01:18<00:54,  6.77s/it]
Task 9, Epoch 13/20 => Loss 0.084, Train_accy 88.00:  60%|██████    | 12/20 [01:19<00:54,  6.77s/it] 
Task 9, Epoch 13/20 => Loss 0.084, Train_accy 88.00:  65%|██████▌   | 13/20 [01:19<00:35,  5.01s/it]
Task 9, Epoch 14/20 => Loss -0.016, Train_accy 90.00:  65%|██████▌   | 13/20 [01:20<00:35,  5.01s/it]
Task 9, Epoch 14/20 => Loss -0.016, Train_accy 90.00:  70%|███████   | 14/20 [01:20<00:22,  3.77s/it]
Task 9, Epoch 15/20 => Loss 0.314, Train_accy 92.00, Test_accy 42.07:  70%|███████   | 14/20 [01:54<00:22,  3.77s/it]
Task 9, Epoch 15/20 => Loss 0.314, Train_accy 92.00, Test_accy 42.07:  75%|███████▌  | 15/20 [01:54<01:04, 12.94s/it]
Task 9, Epoch 16/20 => Loss -0.005, Train_accy 94.00:  75%|███████▌  | 15/20 [01:55<01:04, 12.94s/it]                
Task 9, Epoch 16/20 => Loss -0.005, Train_accy 94.00:  80%|████████  | 16/20 [01:55<00:37,  9.34s/it]
Task 9, Epoch 17/20 => Loss -0.029, Train_accy 96.00:  80%|████████  | 16/20 [01:56<00:37,  9.34s/it]
Task 9, Epoch 17/20 => Loss -0.029, Train_accy 96.00:  85%|████████▌ | 17/20 [01:56<00:20,  6.82s/it]
Task 9, Epoch 18/20 => Loss -0.092, Train_accy 94.00:  85%|████████▌ | 17/20 [01:57<00:20,  6.82s/it]
Task 9, Epoch 18/20 => Loss -0.092, Train_accy 94.00:  90%|█████████ | 18/20 [01:57<00:10,  5.06s/it]
Task 9, Epoch 19/20 => Loss -0.032, Train_accy 92.00:  90%|█████████ | 18/20 [01:58<00:10,  5.06s/it]
Task 9, Epoch 19/20 => Loss -0.032, Train_accy 92.00:  95%|█████████▌| 19/20 [01:58<00:03,  3.81s/it]
Task 9, Epoch 20/20 => Loss -0.117, Train_accy 98.00, Test_accy 42.12:  95%|█████████▌| 19/20 [02:32<00:03,  3.81s/it]
Task 9, Epoch 20/20 => Loss -0.117, Train_accy 98.00, Test_accy 42.12: 100%|██████████| 20/20 [02:32<00:00, 12.91s/it]
Task 9, Epoch 20/20 => Loss -0.117, Train_accy 98.00, Test_accy 42.12: 100%|██████████| 20/20 [02:32<00:00,  7.61s/it]
2025-12-15 09:38:49,184 [l2p.py] => Task 9, Epoch 20/20 => Loss -0.117, Train_accy 98.00, Test_accy 42.12
2025-12-15 09:39:24,430 [trainer.py] => CNN: {'total': 42.12, '00-99': 79.87, '100-109': 3.6, '110-119': 2.73, '120-129': 6.22, '130-139': 1.91, '140-149': 1.2, '150-159': 0.0, '160-169': 2.17, '170-179': 1.99, '180-189': 4.24, '190-199': 94.0, 'old': 43.76, 'new': 4.24}
2025-12-15 09:39:24,431 [trainer.py] => CNN top1 curve: [80.18, 71.13, 65.65, 62.18, 56.93, 53.14, 49.84, 46.32, 43.78, 42.12]
2025-12-15 09:39:24,431 [trainer.py] => Average Accuracy (CNN): 57.13 

2025-12-15 09:39:24,432 [trainer.py] => All params: 172123793
2025-12-15 09:39:24,434 [trainer.py] => Trainable params: 353481
2025-12-15 09:39:24,434 [l2p.py] => Learning on 190-200

  0%|          | 0/20 [00:00<?, ?it/s]
Task 10, Epoch 1/20 => Loss 2.675, Train_accy 16.00:   0%|          | 0/20 [00:01<?, ?it/s]
Task 10, Epoch 1/20 => Loss 2.675, Train_accy 16.00:   5%|▌         | 1/20 [00:01<00:19,  1.02s/it]
Task 10, Epoch 2/20 => Loss 1.058, Train_accy 58.00:   5%|▌         | 1/20 [00:02<00:19,  1.02s/it]
Task 10, Epoch 2/20 => Loss 1.058, Train_accy 58.00:  10%|█         | 2/20 [00:02<00:18,  1.01s/it]
Task 10, Epoch 3/20 => Loss 0.654, Train_accy 78.00:  10%|█         | 2/20 [00:02<00:18,  1.01s/it]
Task 10, Epoch 3/20 => Loss 0.654, Train_accy 78.00:  15%|█▌        | 3/20 [00:02<00:16,  1.02it/s]
Task 10, Epoch 4/20 => Loss 0.583, Train_accy 78.00:  15%|█▌        | 3/20 [00:03<00:16,  1.02it/s]
Task 10, Epoch 4/20 => Loss 0.583, Train_accy 78.00:  20%|██        | 4/20 [00:03<00:15,  1.01it/s]
Task 10, Epoch 5/20 => Loss 0.530, Train_accy 94.00, Test_accy 40.08:  20%|██        | 4/20 [00:39<00:15,  1.01it/s]
Task 10, Epoch 5/20 => Loss 0.530, Train_accy 94.00, Test_accy 40.08:  25%|██▌       | 5/20 [00:39<03:24, 13.60s/it]
Task 10, Epoch 6/20 => Loss 0.399, Train_accy 86.00:  25%|██▌       | 5/20 [00:40<03:24, 13.60s/it]                 
Task 10, Epoch 6/20 => Loss 0.399, Train_accy 86.00:  30%|███       | 6/20 [00:40<02:10,  9.31s/it]
Task 10, Epoch 7/20 => Loss 0.027, Train_accy 92.00:  30%|███       | 6/20 [00:41<02:10,  9.31s/it]
Task 10, Epoch 7/20 => Loss 0.027, Train_accy 92.00:  35%|███▌      | 7/20 [00:41<01:25,  6.57s/it]
Task 10, Epoch 8/20 => Loss -0.010, Train_accy 92.00:  35%|███▌      | 7/20 [00:42<01:25,  6.57s/it]
Task 10, Epoch 8/20 => Loss -0.010, Train_accy 92.00:  40%|████      | 8/20 [00:42<00:57,  4.78s/it]
Task 10, Epoch 9/20 => Loss -0.045, Train_accy 94.00:  40%|████      | 8/20 [00:43<00:57,  4.78s/it]
Task 10, Epoch 9/20 => Loss -0.045, Train_accy 94.00:  45%|████▌     | 9/20 [00:43<00:39,  3.61s/it]
Task 10, Epoch 10/20 => Loss -0.101, Train_accy 96.00, Test_accy 40.07:  45%|████▌     | 9/20 [01:19<00:39,  3.61s/it]
Task 10, Epoch 10/20 => Loss -0.101, Train_accy 96.00, Test_accy 40.07:  50%|█████     | 10/20 [01:19<02:16, 13.62s/it]
Task 10, Epoch 11/20 => Loss -0.077, Train_accy 96.00:  50%|█████     | 10/20 [01:20<02:16, 13.62s/it]                 
Task 10, Epoch 11/20 => Loss -0.077, Train_accy 96.00:  55%|█████▌    | 11/20 [01:20<01:27,  9.76s/it]
Task 10, Epoch 12/20 => Loss -0.126, Train_accy 96.00:  55%|█████▌    | 11/20 [01:21<01:27,  9.76s/it]
Task 10, Epoch 12/20 => Loss -0.126, Train_accy 96.00:  60%|██████    | 12/20 [01:21<00:56,  7.09s/it]
Task 10, Epoch 13/20 => Loss -0.051, Train_accy 92.00:  60%|██████    | 12/20 [01:22<00:56,  7.09s/it]
Task 10, Epoch 13/20 => Loss -0.051, Train_accy 92.00:  65%|██████▌   | 13/20 [01:22<00:36,  5.25s/it]
Task 10, Epoch 14/20 => Loss -0.138, Train_accy 96.00:  65%|██████▌   | 13/20 [01:23<00:36,  5.25s/it]
Task 10, Epoch 14/20 => Loss -0.138, Train_accy 96.00:  70%|███████   | 14/20 [01:23<00:23,  3.97s/it]
Task 10, Epoch 15/20 => Loss -0.038, Train_accy 94.00, Test_accy 40.10:  70%|███████   | 14/20 [02:00<00:23,  3.97s/it]
Task 10, Epoch 15/20 => Loss -0.038, Train_accy 94.00, Test_accy 40.10:  75%|███████▌  | 15/20 [02:00<01:08, 13.70s/it]
Task 10, Epoch 16/20 => Loss -0.132, Train_accy 100.00:  75%|███████▌  | 15/20 [02:01<01:08, 13.70s/it]                
Task 10, Epoch 16/20 => Loss -0.132, Train_accy 100.00:  80%|████████  | 16/20 [02:01<00:39,  9.89s/it]
Task 10, Epoch 17/20 => Loss -0.083, Train_accy 98.00:  80%|████████  | 16/20 [02:02<00:39,  9.89s/it] 
Task 10, Epoch 17/20 => Loss -0.083, Train_accy 98.00:  85%|████████▌ | 17/20 [02:02<00:21,  7.22s/it]
Task 10, Epoch 18/20 => Loss -0.142, Train_accy 98.00:  85%|████████▌ | 17/20 [02:03<00:21,  7.22s/it]
Task 10, Epoch 18/20 => Loss -0.142, Train_accy 98.00:  90%|█████████ | 18/20 [02:03<00:10,  5.35s/it]
Task 10, Epoch 19/20 => Loss -0.100, Train_accy 98.00:  90%|█████████ | 18/20 [02:04<00:10,  5.35s/it]
Task 10, Epoch 19/20 => Loss -0.100, Train_accy 98.00:  95%|█████████▌| 19/20 [02:04<00:04,  4.03s/it]
Task 10, Epoch 20/20 => Loss -0.165, Train_accy 100.00, Test_accy 40.07:  95%|█████████▌| 19/20 [02:40<00:04,  4.03s/it]
Task 10, Epoch 20/20 => Loss -0.165, Train_accy 100.00, Test_accy 40.07: 100%|██████████| 20/20 [02:40<00:00, 13.61s/it]
Task 10, Epoch 20/20 => Loss -0.165, Train_accy 100.00, Test_accy 40.07: 100%|██████████| 20/20 [02:40<00:00,  8.00s/it]
2025-12-15 09:42:04,552 [l2p.py] => Task 10, Epoch 20/20 => Loss -0.165, Train_accy 100.00, Test_accy 40.07
2025-12-15 09:42:39,709 [trainer.py] => CNN: {'total': 40.07, '00-99': 79.94, '100-109': 3.6, '110-119': 2.73, '120-129': 6.67, '130-139': 1.91, '140-149': 1.2, '150-159': 0.0, '160-169': 1.9, '170-179': 1.99, '180-189': 4.24, '190-199': 0.66, 'old': 42.16, 'new': 0.66}
2025-12-15 09:42:39,709 [trainer.py] => CNN top1 curve: [80.18, 71.13, 65.65, 62.18, 56.93, 53.14, 49.84, 46.32, 43.78, 42.12, 40.07]
2025-12-15 09:42:39,709 [trainer.py] => Average Accuracy (CNN): 55.58 


================================================================================
Finished imagenetr_init100_inc10: vit_base_patch16_224_l2p  
Base Accuracy: 80.18
Lase Accuracy: 40.07
Average Accuracy (Top1): 55.58
PD: 40.11
Backward Transfer (BWT): 0.02
Forward Transfer (FWT): 35.29
Accuracy Matrix (CNN):
[[80.18 78.   72.   92.   74.   84.   86.   88.   84.   80.   82.  ]
 [80.25  2.83 86.   90.   68.   80.   86.   86.   82.   70.   92.  ]
 [80.32  2.83  3.07 82.   80.   80.   80.   86.   80.   86.   74.  ]
 [80.28  3.08  3.07  6.67 80.   76.   84.   88.   84.   72.   88.  ]
 [80.32  3.6   3.41  6.22  1.37 66.   74.   90.   82.   78.   72.  ]
 [80.76  3.6   3.41  6.67  1.37  1.2  88.   88.   90.   82.   86.  ]
 [80.35  2.83  3.07  6.67  1.64  1.2   0.   90.   86.   82.   88.  ]
 [80.04  3.34  3.07  6.22  1.64  1.2   0.    2.71 74.   86.   94.  ]
 [79.97  3.34  2.73  6.67  1.91  1.2   0.    1.9   1.66 80.   86.  ]
 [79.87  3.6   2.73  6.22  1.91  1.2   0.    2.17  1.99  4.24 94.  ]
 [79.94  3.6   2.73  6.67  1.91  1.2   0.    1.9   1.99  4.24  0.66]]
================================================================================

2025-12-14 23:42:13,127 [trainer.py] => config: ./scripts/l2p/l2p_mini_B60_Inc2.json
2025-12-14 23:42:13,127 [trainer.py] => prefix:  
2025-12-14 23:42:13,127 [trainer.py] => dataset: mini_imagenet
2025-12-14 23:42:13,127 [trainer.py] => memory_size: 0
2025-12-14 23:42:13,127 [trainer.py] => memory_per_class: 0
2025-12-14 23:42:13,127 [trainer.py] => fixed_memory: False
2025-12-14 23:42:13,127 [trainer.py] => shuffle: True
2025-12-14 23:42:13,127 [trainer.py] => init_cls: 60
2025-12-14 23:42:13,127 [trainer.py] => increment: 2
2025-12-14 23:42:13,128 [trainer.py] => model_name: l2p
2025-12-14 23:42:13,128 [trainer.py] => backbone_type: vit_base_patch16_224_l2p
2025-12-14 23:42:13,128 [trainer.py] => get_original_backbone: True
2025-12-14 23:42:13,128 [trainer.py] => device: [device(type='cuda', index=7)]
2025-12-14 23:42:13,128 [trainer.py] => seed: 2025
2025-12-14 23:42:13,128 [trainer.py] => kshot: 5
2025-12-14 23:42:13,128 [trainer.py] => tuned_epoch: 20
2025-12-14 23:42:13,128 [trainer.py] => init_lr: 0.001875
2025-12-14 23:42:13,128 [trainer.py] => batch_size: 48
2025-12-14 23:42:13,128 [trainer.py] => weight_decay: 0
2025-12-14 23:42:13,128 [trainer.py] => min_lr: 1e-05
2025-12-14 23:42:13,128 [trainer.py] => optimizer: adam
2025-12-14 23:42:13,128 [trainer.py] => scheduler: constant
2025-12-14 23:42:13,128 [trainer.py] => reinit_optimizer: True
2025-12-14 23:42:13,128 [trainer.py] => global_pool: token
2025-12-14 23:42:13,128 [trainer.py] => head_type: prompt
2025-12-14 23:42:13,128 [trainer.py] => freeze: ['blocks', 'patch_embed', 'cls_token', 'norm', 'pos_embed']
2025-12-14 23:42:13,128 [trainer.py] => pretrained: True
2025-12-14 23:42:13,128 [trainer.py] => drop: 0.0
2025-12-14 23:42:13,128 [trainer.py] => drop_path: 0.0
2025-12-14 23:42:13,128 [trainer.py] => prompt_pool: True
2025-12-14 23:42:13,128 [trainer.py] => size: 10
2025-12-14 23:42:13,128 [trainer.py] => length: 5
2025-12-14 23:42:13,128 [trainer.py] => top_k: 5
2025-12-14 23:42:13,128 [trainer.py] => initializer: uniform
2025-12-14 23:42:13,128 [trainer.py] => prompt_key: True
2025-12-14 23:42:13,128 [trainer.py] => prompt_key_init: uniform
2025-12-14 23:42:13,128 [trainer.py] => use_prompt_mask: False
2025-12-14 23:42:13,128 [trainer.py] => shared_prompt_pool: False
2025-12-14 23:42:13,128 [trainer.py] => shared_prompt_key: False
2025-12-14 23:42:13,128 [trainer.py] => batchwise_prompt: True
2025-12-14 23:42:13,128 [trainer.py] => embedding_key: cls
2025-12-14 23:42:13,128 [trainer.py] => predefined_key: 
2025-12-14 23:42:13,128 [trainer.py] => pull_constraint: True
2025-12-14 23:42:13,129 [trainer.py] => pull_constraint_coeff: 0.1
2025-12-14 23:42:13,129 [trainer.py] => gpu_models: ['NVIDIA A40']
2025-12-14 23:42:13,269 [data_manager.py] => [49, 77, 61, 69, 6, 95, 68, 19, 2, 5, 96, 89, 57, 63, 72, 99, 59, 1, 79, 20, 26, 47, 46, 48, 92, 29, 0, 14, 30, 43, 74, 97, 11, 86, 35, 28, 4, 58, 90, 51, 85, 44, 60, 71, 34, 91, 9, 18, 21, 39, 81, 54, 8, 50, 15, 24, 88, 87, 38, 7, 56, 65, 37, 55, 80, 66, 52, 31, 70, 53, 42, 36, 41, 13, 27, 73, 33, 93, 45, 75, 17, 25, 3, 64, 16, 84, 23, 40, 78, 10, 22, 32, 12, 83, 67, 76, 98, 82, 94, 62]
2025-12-14 23:42:15,641 [vit_l2p.py] => Resized position embedding: torch.Size([1, 197, 768]) to torch.Size([1, 222, 768])
2025-12-14 23:42:15,641 [vit_l2p.py] => Position embedding grid-size from [14, 14] to (14, 14)
2025-12-14 23:42:18,036 [l2p.py] => 85,940,836 model total parameters.
2025-12-14 23:42:18,037 [l2p.py] => 122,980 model training parameters.
2025-12-14 23:42:18,037 [l2p.py] => prompt.prompt: 38400
2025-12-14 23:42:18,037 [l2p.py] => prompt.prompt_key: 7680
2025-12-14 23:42:18,037 [l2p.py] => head.weight: 76800
2025-12-14 23:42:18,037 [l2p.py] => head.bias: 100
2025-12-14 23:42:18,038 [trainer.py] => All params: 171893193
2025-12-14 23:42:18,039 [trainer.py] => Trainable params: 199781
2025-12-14 23:42:18,039 [l2p.py] => Learning on 0-60

  0%|          | 0/20 [00:00<?, ?it/s]
Task 0, Epoch 1/20 => Loss 0.896, Train_accy 75.86:   0%|          | 0/20 [08:41<?, ?it/s]
Task 0, Epoch 1/20 => Loss 0.896, Train_accy 75.86:   5%|▌         | 1/20 [08:41<2:45:11, 521.66s/it]
Task 0, Epoch 2/20 => Loss 0.405, Train_accy 85.03:   5%|▌         | 1/20 [17:30<2:45:11, 521.66s/it]
Task 0, Epoch 2/20 => Loss 0.405, Train_accy 85.03:  10%|█         | 2/20 [17:30<2:37:49, 526.11s/it]
Task 0, Epoch 3/20 => Loss 0.314, Train_accy 87.13:  10%|█         | 2/20 [26:24<2:37:49, 526.11s/it]
Task 0, Epoch 3/20 => Loss 0.314, Train_accy 87.13:  15%|█▌        | 3/20 [26:24<2:30:05, 529.74s/it]
Task 0, Epoch 4/20 => Loss 0.270, Train_accy 88.28:  15%|█▌        | 3/20 [35:18<2:30:05, 529.74s/it]
Task 0, Epoch 4/20 => Loss 0.270, Train_accy 88.28:  20%|██        | 4/20 [35:18<2:21:38, 531.19s/it]
Task 0, Epoch 5/20 => Loss 0.246, Train_accy 88.76, Test_accy 96.65:  20%|██        | 4/20 [45:19<2:21:38, 531.19s/it]
Task 0, Epoch 5/20 => Loss 0.246, Train_accy 88.76, Test_accy 96.65:  25%|██▌       | 5/20 [45:19<2:19:03, 556.25s/it]
Task 0, Epoch 6/20 => Loss 0.217, Train_accy 89.47:  25%|██▌       | 5/20 [54:18<2:19:03, 556.25s/it]                 
Task 0, Epoch 6/20 => Loss 0.217, Train_accy 89.47:  30%|███       | 6/20 [54:18<2:08:27, 550.57s/it]
Task 0, Epoch 7/20 => Loss 0.207, Train_accy 89.75:  30%|███       | 6/20 [1:03:15<2:08:27, 550.57s/it]
Task 0, Epoch 7/20 => Loss 0.207, Train_accy 89.75:  35%|███▌      | 7/20 [1:03:15<1:58:17, 546.00s/it]
Task 0, Epoch 8/20 => Loss 0.192, Train_accy 90.10:  35%|███▌      | 7/20 [1:12:16<1:58:17, 546.00s/it]
Task 0, Epoch 8/20 => Loss 0.192, Train_accy 90.10:  40%|████      | 8/20 [1:12:16<1:48:53, 544.43s/it]
Task 0, Epoch 9/20 => Loss 0.188, Train_accy 90.28:  40%|████      | 8/20 [1:21:12<1:48:53, 544.43s/it]
Task 0, Epoch 9/20 => Loss 0.188, Train_accy 90.28:  45%|████▌     | 9/20 [1:21:12<1:39:22, 542.01s/it]
Task 0, Epoch 10/20 => Loss 0.183, Train_accy 90.33, Test_accy 97.00:  45%|████▌     | 9/20 [1:31:25<1:39:22, 542.01s/it]
Task 0, Epoch 10/20 => Loss 0.183, Train_accy 90.33, Test_accy 97.00:  50%|█████     | 10/20 [1:31:25<1:33:59, 563.94s/it]
Task 0, Epoch 11/20 => Loss 0.164, Train_accy 90.83:  50%|█████     | 10/20 [1:40:21<1:33:59, 563.94s/it]                 
Task 0, Epoch 11/20 => Loss 0.164, Train_accy 90.83:  55%|█████▌    | 11/20 [1:40:21<1:23:17, 555.27s/it]
Task 0, Epoch 12/20 => Loss 0.162, Train_accy 90.88:  55%|█████▌    | 11/20 [1:49:18<1:23:17, 555.27s/it]
Task 0, Epoch 12/20 => Loss 0.162, Train_accy 90.88:  60%|██████    | 12/20 [1:49:18<1:13:16, 549.55s/it]
Task 0, Epoch 13/20 => Loss 0.158, Train_accy 90.92:  60%|██████    | 12/20 [1:58:41<1:13:16, 549.55s/it]
Task 0, Epoch 13/20 => Loss 0.158, Train_accy 90.92:  65%|██████▌   | 13/20 [1:58:41<1:04:36, 553.84s/it]
Task 0, Epoch 14/20 => Loss 0.142, Train_accy 91.26:  65%|██████▌   | 13/20 [2:08:07<1:04:36, 553.84s/it]
Task 0, Epoch 14/20 => Loss 0.142, Train_accy 91.26:  70%|███████   | 14/20 [2:08:07<55:43, 557.30s/it]  
Task 0, Epoch 15/20 => Loss 0.141, Train_accy 91.30, Test_accy 96.62:  70%|███████   | 14/20 [2:18:47<55:43, 557.30s/it]
Task 0, Epoch 15/20 => Loss 0.141, Train_accy 91.30, Test_accy 96.62:  75%|███████▌  | 15/20 [2:18:47<48:31, 582.22s/it]
Task 0, Epoch 16/20 => Loss 0.127, Train_accy 91.61:  75%|███████▌  | 15/20 [2:28:13<48:31, 582.22s/it]                 
Task 0, Epoch 16/20 => Loss 0.127, Train_accy 91.61:  80%|████████  | 16/20 [2:28:13<38:29, 577.47s/it]
Task 0, Epoch 17/20 => Loss 0.126, Train_accy 91.73:  80%|████████  | 16/20 [2:37:40<38:29, 577.47s/it]
Task 0, Epoch 17/20 => Loss 0.126, Train_accy 91.73:  85%|████████▌ | 17/20 [2:37:40<28:42, 574.28s/it]
Task 0, Epoch 18/20 => Loss 0.131, Train_accy 91.63:  85%|████████▌ | 17/20 [2:47:07<28:42, 574.28s/it]
Task 0, Epoch 18/20 => Loss 0.131, Train_accy 91.63:  90%|█████████ | 18/20 [2:47:07<19:04, 572.27s/it]
Task 0, Epoch 19/20 => Loss 0.116, Train_accy 91.79:  90%|█████████ | 18/20 [2:56:35<19:04, 572.27s/it]
Task 0, Epoch 19/20 => Loss 0.116, Train_accy 91.79:  95%|█████████▌| 19/20 [2:56:35<09:30, 570.83s/it]
Task 0, Epoch 20/20 => Loss 0.115, Train_accy 91.80, Test_accy 97.35:  95%|█████████▌| 19/20 [3:07:13<09:30, 570.83s/it]
Task 0, Epoch 20/20 => Loss 0.115, Train_accy 91.80, Test_accy 97.35: 100%|██████████| 20/20 [3:07:13<00:00, 591.09s/it]
Task 0, Epoch 20/20 => Loss 0.115, Train_accy 91.80, Test_accy 97.35: 100%|██████████| 20/20 [3:07:13<00:00, 561.69s/it]
2025-12-15 02:49:32,575 [l2p.py] => Task 0, Epoch 20/20 => Loss 0.115, Train_accy 91.80, Test_accy 97.35
2025-12-15 02:50:51,761 [trainer.py] => CNN: {'total': 97.35, '00-59': 97.35, '60-61': 100.0, '62-63': 80.0, '64-65': 70.0, '66-67': 90.0, '68-69': 100.0, '70-71': 80.0, '72-73': 100.0, '74-75': 100.0, '76-77': 100.0, '78-79': 100.0, '80-81': 100.0, '82-83': 80.0, '84-85': 90.0, '86-87': 100.0, '88-89': 90.0, '90-91': 100.0, '92-93': 70.0, '94-95': 100.0, '96-97': 90.0, '98-99': 70.0, 'old': 0, 'new': 97.35}
2025-12-15 02:50:51,762 [trainer.py] => CNN top1 curve: [97.35]
2025-12-15 02:50:51,762 [trainer.py] => Average Accuracy (CNN): 97.35 

2025-12-15 02:50:51,765 [trainer.py] => All params: 171893193
2025-12-15 02:50:51,767 [trainer.py] => Trainable params: 199781
2025-12-15 02:50:51,767 [l2p.py] => Learning on 60-62

  0%|          | 0/20 [00:00<?, ?it/s]
Task 1, Epoch 1/20 => Loss 0.574, Train_accy 50.00:   0%|          | 0/20 [00:00<?, ?it/s]
Task 1, Epoch 1/20 => Loss 0.574, Train_accy 50.00:   5%|▌         | 1/20 [00:00<00:10,  1.75it/s]
Task 1, Epoch 2/20 => Loss 0.277, Train_accy 70.00:   5%|▌         | 1/20 [00:01<00:10,  1.75it/s]
Task 1, Epoch 2/20 => Loss 0.277, Train_accy 70.00:  10%|█         | 2/20 [00:01<00:09,  1.87it/s]
Task 1, Epoch 3/20 => Loss 0.076, Train_accy 100.00:  10%|█         | 2/20 [00:01<00:09,  1.87it/s]
Task 1, Epoch 3/20 => Loss 0.076, Train_accy 100.00:  15%|█▌        | 3/20 [00:01<00:09,  1.85it/s]
Task 1, Epoch 4/20 => Loss 0.047, Train_accy 100.00:  15%|█▌        | 3/20 [00:02<00:09,  1.85it/s]
Task 1, Epoch 4/20 => Loss 0.047, Train_accy 100.00:  20%|██        | 4/20 [00:02<00:08,  1.86it/s]
Task 1, Epoch 5/20 => Loss -0.055, Train_accy 100.00, Test_accy 94.23:  20%|██        | 4/20 [01:17<00:08,  1.86it/s]
Task 1, Epoch 5/20 => Loss -0.055, Train_accy 100.00, Test_accy 94.23:  25%|██▌       | 5/20 [01:17<06:54, 27.65s/it]
Task 1, Epoch 6/20 => Loss -0.042, Train_accy 100.00:  25%|██▌       | 5/20 [01:18<06:54, 27.65s/it]                 
Task 1, Epoch 6/20 => Loss -0.042, Train_accy 100.00:  30%|███       | 6/20 [01:18<04:18, 18.44s/it]
Task 1, Epoch 7/20 => Loss -0.105, Train_accy 100.00:  30%|███       | 6/20 [01:18<04:18, 18.44s/it]
Task 1, Epoch 7/20 => Loss -0.105, Train_accy 100.00:  35%|███▌      | 7/20 [01:18<02:43, 12.58s/it]
Task 1, Epoch 8/20 => Loss -0.123, Train_accy 100.00:  35%|███▌      | 7/20 [01:19<02:43, 12.58s/it]
Task 1, Epoch 8/20 => Loss -0.123, Train_accy 100.00:  40%|████      | 8/20 [01:19<01:44,  8.75s/it]
Task 1, Epoch 9/20 => Loss -0.159, Train_accy 100.00:  40%|████      | 8/20 [01:20<01:44,  8.75s/it]
Task 1, Epoch 9/20 => Loss -0.159, Train_accy 100.00:  45%|████▌     | 9/20 [01:20<01:07,  6.17s/it]
Task 1, Epoch 10/20 => Loss -0.148, Train_accy 100.00, Test_accy 94.23:  45%|████▌     | 9/20 [02:35<01:07,  6.17s/it]
Task 1, Epoch 10/20 => Loss -0.148, Train_accy 100.00, Test_accy 94.23:  50%|█████     | 10/20 [02:35<04:37, 27.72s/it]
Task 1, Epoch 11/20 => Loss -0.151, Train_accy 100.00:  50%|█████     | 10/20 [02:36<04:37, 27.72s/it]                 
Task 1, Epoch 11/20 => Loss -0.151, Train_accy 100.00:  55%|█████▌    | 11/20 [02:36<02:54, 19.41s/it]
Task 1, Epoch 12/20 => Loss -0.172, Train_accy 100.00:  55%|█████▌    | 11/20 [02:37<02:54, 19.41s/it]
Task 1, Epoch 12/20 => Loss -0.172, Train_accy 100.00:  60%|██████    | 12/20 [02:37<01:49, 13.68s/it]
Task 1, Epoch 13/20 => Loss -0.163, Train_accy 100.00:  60%|██████    | 12/20 [02:37<01:49, 13.68s/it]
Task 1, Epoch 13/20 => Loss -0.163, Train_accy 100.00:  65%|██████▌   | 13/20 [02:37<01:07,  9.70s/it]
Task 1, Epoch 14/20 => Loss -0.179, Train_accy 100.00:  65%|██████▌   | 13/20 [02:38<01:07,  9.70s/it]
Task 1, Epoch 14/20 => Loss -0.179, Train_accy 100.00:  70%|███████   | 14/20 [02:38<00:41,  6.95s/it]
Task 1, Epoch 15/20 => Loss -0.159, Train_accy 100.00, Test_accy 94.23:  70%|███████   | 14/20 [03:54<00:41,  6.95s/it]
Task 1, Epoch 15/20 => Loss -0.159, Train_accy 100.00, Test_accy 94.23:  75%|███████▌  | 15/20 [03:54<02:18, 27.75s/it]
Task 1, Epoch 16/20 => Loss -0.181, Train_accy 100.00:  75%|███████▌  | 15/20 [03:54<02:18, 27.75s/it]                 
Task 1, Epoch 16/20 => Loss -0.181, Train_accy 100.00:  80%|████████  | 16/20 [03:54<01:18, 19.57s/it]
Task 1, Epoch 17/20 => Loss -0.163, Train_accy 100.00:  80%|████████  | 16/20 [03:55<01:18, 19.57s/it]
Task 1, Epoch 17/20 => Loss -0.163, Train_accy 100.00:  85%|████████▌ | 17/20 [03:55<00:41, 13.85s/it]
Task 1, Epoch 18/20 => Loss -0.170, Train_accy 100.00:  85%|████████▌ | 17/20 [03:55<00:41, 13.85s/it]
Task 1, Epoch 18/20 => Loss -0.170, Train_accy 100.00:  90%|█████████ | 18/20 [03:55<00:19,  9.88s/it]
Task 1, Epoch 19/20 => Loss -0.174, Train_accy 100.00:  90%|█████████ | 18/20 [03:56<00:19,  9.88s/it]
Task 1, Epoch 19/20 => Loss -0.174, Train_accy 100.00:  95%|█████████▌| 19/20 [03:56<00:07,  7.12s/it]
Task 1, Epoch 20/20 => Loss -0.148, Train_accy 100.00, Test_accy 94.23:  95%|█████████▌| 19/20 [05:09<00:07,  7.12s/it]
Task 1, Epoch 20/20 => Loss -0.148, Train_accy 100.00, Test_accy 94.23: 100%|██████████| 20/20 [05:09<00:00, 26.76s/it]
Task 1, Epoch 20/20 => Loss -0.148, Train_accy 100.00, Test_accy 94.23: 100%|██████████| 20/20 [05:09<00:00, 15.46s/it]
2025-12-15 02:56:00,996 [l2p.py] => Task 1, Epoch 20/20 => Loss -0.148, Train_accy 100.00, Test_accy 94.23
2025-12-15 02:57:22,172 [trainer.py] => CNN: {'total': 94.23, '00-59': 97.37, '60-61': 0.0, '62-63': 100.0, '64-65': 100.0, '66-67': 100.0, '68-69': 100.0, '70-71': 90.0, '72-73': 80.0, '74-75': 100.0, '76-77': 100.0, '78-79': 100.0, '80-81': 70.0, '82-83': 90.0, '84-85': 90.0, '86-87': 100.0, '88-89': 100.0, '90-91': 100.0, '92-93': 80.0, '94-95': 90.0, '96-97': 70.0, '98-99': 80.0, 'old': 97.37, 'new': 0.0}
2025-12-15 02:57:22,172 [trainer.py] => CNN top1 curve: [97.35, 94.23]
2025-12-15 02:57:22,172 [trainer.py] => Average Accuracy (CNN): 95.79 

2025-12-15 02:57:22,173 [trainer.py] => All params: 171893193
2025-12-15 02:57:22,174 [trainer.py] => Trainable params: 199781
2025-12-15 02:57:22,174 [l2p.py] => Learning on 62-64

  0%|          | 0/20 [00:00<?, ?it/s]
Task 2, Epoch 1/20 => Loss 0.804, Train_accy 10.00:   0%|          | 0/20 [00:00<?, ?it/s]
Task 2, Epoch 1/20 => Loss 0.804, Train_accy 10.00:   5%|▌         | 1/20 [00:00<00:10,  1.82it/s]
Task 2, Epoch 2/20 => Loss 0.434, Train_accy 70.00:   5%|▌         | 1/20 [00:01<00:10,  1.82it/s]
Task 2, Epoch 2/20 => Loss 0.434, Train_accy 70.00:  10%|█         | 2/20 [00:01<00:10,  1.75it/s]
Task 2, Epoch 3/20 => Loss 0.241, Train_accy 100.00:  10%|█         | 2/20 [00:01<00:10,  1.75it/s]
Task 2, Epoch 3/20 => Loss 0.241, Train_accy 100.00:  15%|█▌        | 3/20 [00:01<00:09,  1.78it/s]
Task 2, Epoch 4/20 => Loss 0.129, Train_accy 90.00:  15%|█▌        | 3/20 [00:02<00:09,  1.78it/s] 
Task 2, Epoch 4/20 => Loss 0.129, Train_accy 90.00:  20%|██        | 4/20 [00:02<00:09,  1.76it/s]
Task 2, Epoch 5/20 => Loss 0.003, Train_accy 100.00, Test_accy 91.31:  20%|██        | 4/20 [01:20<00:09,  1.76it/s]
Task 2, Epoch 5/20 => Loss 0.003, Train_accy 100.00, Test_accy 91.31:  25%|██▌       | 5/20 [01:20<07:08, 28.58s/it]
Task 2, Epoch 6/20 => Loss -0.073, Train_accy 100.00:  25%|██▌       | 5/20 [01:21<07:08, 28.58s/it]                
Task 2, Epoch 6/20 => Loss -0.073, Train_accy 100.00:  30%|███       | 6/20 [01:21<04:27, 19.07s/it]
Task 2, Epoch 7/20 => Loss -0.120, Train_accy 100.00:  30%|███       | 6/20 [01:21<04:27, 19.07s/it]
Task 2, Epoch 7/20 => Loss -0.120, Train_accy 100.00:  35%|███▌      | 7/20 [01:21<02:49, 13.03s/it]
Task 2, Epoch 8/20 => Loss -0.064, Train_accy 100.00:  35%|███▌      | 7/20 [01:22<02:49, 13.03s/it]
Task 2, Epoch 8/20 => Loss -0.064, Train_accy 100.00:  40%|████      | 8/20 [01:22<01:48,  9.06s/it]
Task 2, Epoch 9/20 => Loss -0.052, Train_accy 90.00:  40%|████      | 8/20 [01:22<01:48,  9.06s/it] 
Task 2, Epoch 9/20 => Loss -0.052, Train_accy 90.00:  45%|████▌     | 9/20 [01:22<01:10,  6.41s/it]
Task 2, Epoch 10/20 => Loss -0.160, Train_accy 100.00, Test_accy 91.28:  45%|████▌     | 9/20 [02:40<01:10,  6.41s/it]
Task 2, Epoch 10/20 => Loss -0.160, Train_accy 100.00, Test_accy 91.28:  50%|█████     | 10/20 [02:40<04:45, 28.52s/it]
Task 2, Epoch 11/20 => Loss -0.138, Train_accy 100.00:  50%|█████     | 10/20 [02:41<04:45, 28.52s/it]                 
Task 2, Epoch 11/20 => Loss -0.138, Train_accy 100.00:  55%|█████▌    | 11/20 [02:41<02:59, 19.99s/it]
Task 2, Epoch 12/20 => Loss -0.139, Train_accy 100.00:  55%|█████▌    | 11/20 [02:42<02:59, 19.99s/it]
Task 2, Epoch 12/20 => Loss -0.139, Train_accy 100.00:  60%|██████    | 12/20 [02:42<01:52, 14.09s/it]
Task 2, Epoch 13/20 => Loss -0.142, Train_accy 100.00:  60%|██████    | 12/20 [02:42<01:52, 14.09s/it]
Task 2, Epoch 13/20 => Loss -0.142, Train_accy 100.00:  65%|██████▌   | 13/20 [02:42<01:09, 10.00s/it]
Task 2, Epoch 14/20 => Loss -0.176, Train_accy 100.00:  65%|██████▌   | 13/20 [02:43<01:09, 10.00s/it]
Task 2, Epoch 14/20 => Loss -0.176, Train_accy 100.00:  70%|███████   | 14/20 [02:43<00:42,  7.15s/it]
Task 2, Epoch 15/20 => Loss -0.139, Train_accy 100.00, Test_accy 91.27:  70%|███████   | 14/20 [04:01<00:42,  7.15s/it]
Task 2, Epoch 15/20 => Loss -0.139, Train_accy 100.00, Test_accy 91.27:  75%|███████▌  | 15/20 [04:01<02:22, 28.55s/it]
Task 2, Epoch 16/20 => Loss -0.177, Train_accy 100.00:  75%|███████▌  | 15/20 [04:02<02:22, 28.55s/it]                 
Task 2, Epoch 16/20 => Loss -0.177, Train_accy 100.00:  80%|████████  | 16/20 [04:02<01:20, 20.13s/it]
Task 2, Epoch 17/20 => Loss -0.146, Train_accy 100.00:  80%|████████  | 16/20 [04:02<01:20, 20.13s/it]
Task 2, Epoch 17/20 => Loss -0.146, Train_accy 100.00:  85%|████████▌ | 17/20 [04:02<00:42, 14.25s/it]
Task 2, Epoch 18/20 => Loss -0.183, Train_accy 100.00:  85%|████████▌ | 17/20 [04:03<00:42, 14.25s/it]
Task 2, Epoch 18/20 => Loss -0.183, Train_accy 100.00:  90%|█████████ | 18/20 [04:03<00:20, 10.15s/it]
Task 2, Epoch 19/20 => Loss -0.185, Train_accy 100.00:  90%|█████████ | 18/20 [04:03<00:20, 10.15s/it]
Task 2, Epoch 19/20 => Loss -0.185, Train_accy 100.00:  95%|█████████▌| 19/20 [04:03<00:07,  7.28s/it]
Task 2, Epoch 20/20 => Loss -0.129, Train_accy 100.00, Test_accy 91.23:  95%|█████████▌| 19/20 [05:22<00:07,  7.28s/it]
Task 2, Epoch 20/20 => Loss -0.129, Train_accy 100.00, Test_accy 91.23: 100%|██████████| 20/20 [05:22<00:00, 28.62s/it]
Task 2, Epoch 20/20 => Loss -0.129, Train_accy 100.00, Test_accy 91.23: 100%|██████████| 20/20 [05:22<00:00, 16.11s/it]
2025-12-15 03:02:44,339 [l2p.py] => Task 2, Epoch 20/20 => Loss -0.129, Train_accy 100.00, Test_accy 91.23
2025-12-15 03:04:06,754 [trainer.py] => CNN: {'total': 91.23, '00-59': 97.32, '60-61': 0.0, '62-63': 0.0, '64-65': 90.0, '66-67': 100.0, '68-69': 100.0, '70-71': 60.0, '72-73': 90.0, '74-75': 100.0, '76-77': 90.0, '78-79': 80.0, '80-81': 90.0, '82-83': 80.0, '84-85': 100.0, '86-87': 100.0, '88-89': 100.0, '90-91': 90.0, '92-93': 90.0, '94-95': 90.0, '96-97': 90.0, '98-99': 100.0, 'old': 94.18, 'new': 0.0}
2025-12-15 03:04:06,754 [trainer.py] => CNN top1 curve: [97.35, 94.23, 91.23]
2025-12-15 03:04:06,755 [trainer.py] => Average Accuracy (CNN): 94.27 

2025-12-15 03:04:06,756 [trainer.py] => All params: 171893193
2025-12-15 03:04:06,758 [trainer.py] => Trainable params: 199781
2025-12-15 03:04:06,758 [l2p.py] => Learning on 64-66

  0%|          | 0/20 [00:00<?, ?it/s]
Task 3, Epoch 1/20 => Loss 0.362, Train_accy 80.00:   0%|          | 0/20 [00:00<?, ?it/s]
Task 3, Epoch 1/20 => Loss 0.362, Train_accy 80.00:   5%|▌         | 1/20 [00:00<00:09,  1.92it/s]
Task 3, Epoch 2/20 => Loss 0.237, Train_accy 80.00:   5%|▌         | 1/20 [00:01<00:09,  1.92it/s]
Task 3, Epoch 2/20 => Loss 0.237, Train_accy 80.00:  10%|█         | 2/20 [00:01<00:09,  1.91it/s]
Task 3, Epoch 3/20 => Loss 0.068, Train_accy 100.00:  10%|█         | 2/20 [00:01<00:09,  1.91it/s]
Task 3, Epoch 3/20 => Loss 0.068, Train_accy 100.00:  15%|█▌        | 3/20 [00:01<00:08,  1.95it/s]
Task 3, Epoch 4/20 => Loss 0.020, Train_accy 100.00:  15%|█▌        | 3/20 [00:02<00:08,  1.95it/s]
Task 3, Epoch 4/20 => Loss 0.020, Train_accy 100.00:  20%|██        | 4/20 [00:02<00:08,  1.84it/s]
Task 3, Epoch 5/20 => Loss -0.057, Train_accy 100.00, Test_accy 88.47:  20%|██        | 4/20 [01:22<00:08,  1.84it/s]
Task 3, Epoch 5/20 => Loss -0.057, Train_accy 100.00, Test_accy 88.47:  25%|██▌       | 5/20 [01:22<07:22, 29.48s/it]
Task 3, Epoch 6/20 => Loss -0.158, Train_accy 100.00:  25%|██▌       | 5/20 [01:23<07:22, 29.48s/it]                 
Task 3, Epoch 6/20 => Loss -0.158, Train_accy 100.00:  30%|███       | 6/20 [01:23<04:35, 19.65s/it]
Task 3, Epoch 7/20 => Loss -0.106, Train_accy 100.00:  30%|███       | 6/20 [01:24<04:35, 19.65s/it]
Task 3, Epoch 7/20 => Loss -0.106, Train_accy 100.00:  35%|███▌      | 7/20 [01:24<02:54, 13.40s/it]
Task 3, Epoch 8/20 => Loss -0.009, Train_accy 90.00:  35%|███▌      | 7/20 [01:24<02:54, 13.40s/it] 
Task 3, Epoch 8/20 => Loss -0.009, Train_accy 90.00:  40%|████      | 8/20 [01:24<01:51,  9.30s/it]
Task 3, Epoch 9/20 => Loss -0.159, Train_accy 100.00:  40%|████      | 8/20 [01:25<01:51,  9.30s/it]
Task 3, Epoch 9/20 => Loss -0.159, Train_accy 100.00:  45%|████▌     | 9/20 [01:25<01:12,  6.57s/it]
Task 3, Epoch 10/20 => Loss -0.178, Train_accy 100.00, Test_accy 88.52:  45%|████▌     | 9/20 [02:45<01:12,  6.57s/it]
Task 3, Epoch 10/20 => Loss -0.178, Train_accy 100.00, Test_accy 88.52:  50%|█████     | 10/20 [02:45<04:53, 29.40s/it]
Task 3, Epoch 11/20 => Loss -0.144, Train_accy 100.00:  50%|█████     | 10/20 [02:46<04:53, 29.40s/it]                 
Task 3, Epoch 11/20 => Loss -0.144, Train_accy 100.00:  55%|█████▌    | 11/20 [02:46<03:04, 20.55s/it]
Task 3, Epoch 12/20 => Loss -0.100, Train_accy 90.00:  55%|█████▌    | 11/20 [02:46<03:04, 20.55s/it] 
Task 3, Epoch 12/20 => Loss -0.100, Train_accy 90.00:  60%|██████    | 12/20 [02:46<01:55, 14.46s/it]
Task 3, Epoch 13/20 => Loss -0.102, Train_accy 100.00:  60%|██████    | 12/20 [02:47<01:55, 14.46s/it]
Task 3, Epoch 13/20 => Loss -0.102, Train_accy 100.00:  65%|██████▌   | 13/20 [02:47<01:11, 10.25s/it]
Task 3, Epoch 14/20 => Loss -0.173, Train_accy 100.00:  65%|██████▌   | 13/20 [02:47<01:11, 10.25s/it]
Task 3, Epoch 14/20 => Loss -0.173, Train_accy 100.00:  70%|███████   | 14/20 [02:47<00:43,  7.33s/it]
Task 3, Epoch 15/20 => Loss -0.182, Train_accy 100.00, Test_accy 88.48:  70%|███████   | 14/20 [04:08<00:43,  7.33s/it]
Task 3, Epoch 15/20 => Loss -0.182, Train_accy 100.00, Test_accy 88.48:  75%|███████▌  | 15/20 [04:08<02:27, 29.44s/it]
Task 3, Epoch 16/20 => Loss -0.203, Train_accy 100.00:  75%|███████▌  | 15/20 [04:09<02:27, 29.44s/it]                 
Task 3, Epoch 16/20 => Loss -0.203, Train_accy 100.00:  80%|████████  | 16/20 [04:09<01:22, 20.75s/it]
Task 3, Epoch 17/20 => Loss -0.196, Train_accy 100.00:  80%|████████  | 16/20 [04:09<01:22, 20.75s/it]
Task 3, Epoch 17/20 => Loss -0.196, Train_accy 100.00:  85%|████████▌ | 17/20 [04:09<00:44, 14.68s/it]
Task 3, Epoch 18/20 => Loss -0.191, Train_accy 100.00:  85%|████████▌ | 17/20 [04:10<00:44, 14.68s/it]
Task 3, Epoch 18/20 => Loss -0.191, Train_accy 100.00:  90%|█████████ | 18/20 [04:10<00:20, 10.44s/it]
Task 3, Epoch 19/20 => Loss -0.189, Train_accy 100.00:  90%|█████████ | 18/20 [04:10<00:20, 10.44s/it]
Task 3, Epoch 19/20 => Loss -0.189, Train_accy 100.00:  95%|█████████▌| 19/20 [04:10<00:07,  7.48s/it]
Task 3, Epoch 20/20 => Loss -0.159, Train_accy 100.00, Test_accy 88.45:  95%|█████████▌| 19/20 [05:31<00:07,  7.48s/it]
Task 3, Epoch 20/20 => Loss -0.159, Train_accy 100.00, Test_accy 88.45: 100%|██████████| 20/20 [05:31<00:00, 29.45s/it]
Task 3, Epoch 20/20 => Loss -0.159, Train_accy 100.00, Test_accy 88.45: 100%|██████████| 20/20 [05:31<00:00, 16.57s/it]
2025-12-15 03:09:38,200 [l2p.py] => Task 3, Epoch 20/20 => Loss -0.159, Train_accy 100.00, Test_accy 88.45
2025-12-15 03:11:02,112 [trainer.py] => CNN: {'total': 88.45, '00-59': 97.3, '60-61': 0.0, '62-63': 0.0, '64-65': 0.0, '66-67': 100.0, '68-69': 100.0, '70-71': 90.0, '72-73': 100.0, '74-75': 100.0, '76-77': 100.0, '78-79': 100.0, '80-81': 100.0, '82-83': 90.0, '84-85': 90.0, '86-87': 90.0, '88-89': 90.0, '90-91': 100.0, '92-93': 90.0, '94-95': 100.0, '96-97': 90.0, '98-99': 90.0, 'old': 91.22, 'new': 0.0}
2025-12-15 03:11:02,113 [trainer.py] => CNN top1 curve: [97.35, 94.23, 91.23, 88.45]
2025-12-15 03:11:02,113 [trainer.py] => Average Accuracy (CNN): 92.82 

2025-12-15 03:11:02,114 [trainer.py] => All params: 171893193
2025-12-15 03:11:02,116 [trainer.py] => Trainable params: 199781
2025-12-15 03:11:02,116 [l2p.py] => Learning on 66-68

  0%|          | 0/20 [00:00<?, ?it/s]
Task 4, Epoch 1/20 => Loss 0.931, Train_accy 0.00:   0%|          | 0/20 [00:00<?, ?it/s]
Task 4, Epoch 1/20 => Loss 0.931, Train_accy 0.00:   5%|▌         | 1/20 [00:00<00:11,  1.72it/s]
Task 4, Epoch 2/20 => Loss 0.254, Train_accy 100.00:   5%|▌         | 1/20 [00:01<00:11,  1.72it/s]
Task 4, Epoch 2/20 => Loss 0.254, Train_accy 100.00:  10%|█         | 2/20 [00:01<00:10,  1.71it/s]
Task 4, Epoch 3/20 => Loss 0.154, Train_accy 90.00:  10%|█         | 2/20 [00:01<00:10,  1.71it/s] 
Task 4, Epoch 3/20 => Loss 0.154, Train_accy 90.00:  15%|█▌        | 3/20 [00:01<00:09,  1.72it/s]
Task 4, Epoch 4/20 => Loss -0.001, Train_accy 100.00:  15%|█▌        | 3/20 [00:02<00:09,  1.72it/s]
Task 4, Epoch 4/20 => Loss -0.001, Train_accy 100.00:  20%|██        | 4/20 [00:02<00:09,  1.73it/s]
Task 4, Epoch 5/20 => Loss -0.060, Train_accy 90.00, Test_accy 85.87:  20%|██        | 4/20 [01:25<00:09,  1.73it/s]
Task 4, Epoch 5/20 => Loss -0.060, Train_accy 90.00, Test_accy 85.87:  25%|██▌       | 5/20 [01:25<07:37, 30.48s/it]
Task 4, Epoch 6/20 => Loss -0.112, Train_accy 100.00:  25%|██▌       | 5/20 [01:26<07:37, 30.48s/it]                
Task 4, Epoch 6/20 => Loss -0.112, Train_accy 100.00:  30%|███       | 6/20 [01:26<04:44, 20.32s/it]
Task 4, Epoch 7/20 => Loss -0.169, Train_accy 100.00:  30%|███       | 6/20 [01:26<04:44, 20.32s/it]
Task 4, Epoch 7/20 => Loss -0.169, Train_accy 100.00:  35%|███▌      | 7/20 [01:26<03:00, 13.86s/it]
Task 4, Epoch 8/20 => Loss -0.160, Train_accy 100.00:  35%|███▌      | 7/20 [01:27<03:00, 13.86s/it]
Task 4, Epoch 8/20 => Loss -0.160, Train_accy 100.00:  40%|████      | 8/20 [01:27<01:55,  9.63s/it]
Task 4, Epoch 9/20 => Loss -0.195, Train_accy 100.00:  40%|████      | 8/20 [01:28<01:55,  9.63s/it]
Task 4, Epoch 9/20 => Loss -0.195, Train_accy 100.00:  45%|████▌     | 9/20 [01:28<01:14,  6.81s/it]
Task 4, Epoch 10/20 => Loss -0.187, Train_accy 100.00, Test_accy 85.81:  45%|████▌     | 9/20 [02:51<01:14,  6.81s/it]
Task 4, Epoch 10/20 => Loss -0.187, Train_accy 100.00, Test_accy 85.81:  50%|█████     | 10/20 [02:51<05:03, 30.37s/it]
Task 4, Epoch 11/20 => Loss -0.181, Train_accy 100.00:  50%|█████     | 10/20 [02:51<05:03, 30.37s/it]                 
Task 4, Epoch 11/20 => Loss -0.181, Train_accy 100.00:  55%|█████▌    | 11/20 [02:51<03:11, 21.25s/it]
Task 4, Epoch 12/20 => Loss -0.209, Train_accy 100.00:  55%|█████▌    | 11/20 [02:52<03:11, 21.25s/it]
Task 4, Epoch 12/20 => Loss -0.209, Train_accy 100.00:  60%|██████    | 12/20 [02:52<01:59, 14.97s/it]
Task 4, Epoch 13/20 => Loss -0.201, Train_accy 100.00:  60%|██████    | 12/20 [02:53<01:59, 14.97s/it]
Task 4, Epoch 13/20 => Loss -0.201, Train_accy 100.00:  65%|██████▌   | 13/20 [02:53<01:14, 10.61s/it]
Task 4, Epoch 14/20 => Loss -0.184, Train_accy 100.00:  65%|██████▌   | 13/20 [02:53<01:14, 10.61s/it]
Task 4, Epoch 14/20 => Loss -0.184, Train_accy 100.00:  70%|███████   | 14/20 [02:53<00:45,  7.59s/it]
Task 4, Epoch 15/20 => Loss -0.200, Train_accy 100.00, Test_accy 85.79:  70%|███████   | 14/20 [04:17<00:45,  7.59s/it]
Task 4, Epoch 15/20 => Loss -0.200, Train_accy 100.00, Test_accy 85.79:  75%|███████▌  | 15/20 [04:17<02:32, 30.46s/it]
Task 4, Epoch 16/20 => Loss -0.185, Train_accy 100.00:  75%|███████▌  | 15/20 [04:17<02:32, 30.46s/it]                 
Task 4, Epoch 16/20 => Loss -0.185, Train_accy 100.00:  80%|████████  | 16/20 [04:17<01:25, 21.46s/it]
Task 4, Epoch 17/20 => Loss -0.215, Train_accy 100.00:  80%|████████  | 16/20 [04:18<01:25, 21.46s/it]
Task 4, Epoch 17/20 => Loss -0.215, Train_accy 100.00:  85%|████████▌ | 17/20 [04:18<00:45, 15.17s/it]
Task 4, Epoch 18/20 => Loss -0.198, Train_accy 100.00:  85%|████████▌ | 17/20 [04:18<00:45, 15.17s/it]
Task 4, Epoch 18/20 => Loss -0.198, Train_accy 100.00:  90%|█████████ | 18/20 [04:18<00:21, 10.78s/it]
Task 4, Epoch 19/20 => Loss -0.186, Train_accy 100.00:  90%|█████████ | 18/20 [04:19<00:21, 10.78s/it]
Task 4, Epoch 19/20 => Loss -0.186, Train_accy 100.00:  95%|█████████▌| 19/20 [04:19<00:07,  7.74s/it]
Task 4, Epoch 20/20 => Loss -0.210, Train_accy 100.00, Test_accy 85.81:  95%|█████████▌| 19/20 [05:42<00:07,  7.74s/it]
Task 4, Epoch 20/20 => Loss -0.210, Train_accy 100.00, Test_accy 85.81: 100%|██████████| 20/20 [05:42<00:00, 30.50s/it]
Task 4, Epoch 20/20 => Loss -0.210, Train_accy 100.00, Test_accy 85.81: 100%|██████████| 20/20 [05:42<00:00, 17.15s/it]
2025-12-15 03:16:45,123 [l2p.py] => Task 4, Epoch 20/20 => Loss -0.210, Train_accy 100.00, Test_accy 85.81
2025-12-15 03:18:12,153 [trainer.py] => CNN: {'total': 85.81, '00-59': 97.23, '60-61': 0.0, '62-63': 0.0, '64-65': 0.0, '66-67': 0.5, '68-69': 100.0, '70-71': 90.0, '72-73': 80.0, '74-75': 100.0, '76-77': 100.0, '78-79': 100.0, '80-81': 90.0, '82-83': 90.0, '84-85': 100.0, '86-87': 100.0, '88-89': 90.0, '90-91': 90.0, '92-93': 90.0, '94-95': 90.0, '96-97': 90.0, '98-99': 100.0, 'old': 88.39, 'new': 0.5}
2025-12-15 03:18:12,153 [trainer.py] => CNN top1 curve: [97.35, 94.23, 91.23, 88.45, 85.81]
2025-12-15 03:18:12,153 [trainer.py] => Average Accuracy (CNN): 91.41 

2025-12-15 03:18:12,155 [trainer.py] => All params: 171893193
2025-12-15 03:18:12,157 [trainer.py] => Trainable params: 199781
2025-12-15 03:18:12,157 [l2p.py] => Learning on 68-70

  0%|          | 0/20 [00:00<?, ?it/s]
Task 5, Epoch 1/20 => Loss 0.826, Train_accy 10.00:   0%|          | 0/20 [00:00<?, ?it/s]
Task 5, Epoch 1/20 => Loss 0.826, Train_accy 10.00:   5%|▌         | 1/20 [00:00<00:10,  1.76it/s]
Task 5, Epoch 2/20 => Loss 0.425, Train_accy 70.00:   5%|▌         | 1/20 [00:01<00:10,  1.76it/s]
Task 5, Epoch 2/20 => Loss 0.425, Train_accy 70.00:  10%|█         | 2/20 [00:01<00:10,  1.77it/s]
Task 5, Epoch 3/20 => Loss 0.179, Train_accy 100.00:  10%|█         | 2/20 [00:01<00:10,  1.77it/s]
Task 5, Epoch 3/20 => Loss 0.179, Train_accy 100.00:  15%|█▌        | 3/20 [00:01<00:09,  1.75it/s]
Task 5, Epoch 4/20 => Loss 0.063, Train_accy 100.00:  15%|█▌        | 3/20 [00:02<00:09,  1.75it/s]
Task 5, Epoch 4/20 => Loss 0.063, Train_accy 100.00:  20%|██        | 4/20 [00:02<00:09,  1.76it/s]
Task 5, Epoch 5/20 => Loss -0.040, Train_accy 100.00, Test_accy 83.33:  20%|██        | 4/20 [01:27<00:09,  1.76it/s]
Task 5, Epoch 5/20 => Loss -0.040, Train_accy 100.00, Test_accy 83.33:  25%|██▌       | 5/20 [01:27<07:47, 31.18s/it]
Task 5, Epoch 6/20 => Loss -0.057, Train_accy 100.00:  25%|██▌       | 5/20 [01:28<07:47, 31.18s/it]                 
Task 5, Epoch 6/20 => Loss -0.057, Train_accy 100.00:  30%|███       | 6/20 [01:28<04:50, 20.78s/it]
Task 5, Epoch 7/20 => Loss -0.099, Train_accy 100.00:  30%|███       | 6/20 [01:28<04:50, 20.78s/it]
Task 5, Epoch 7/20 => Loss -0.099, Train_accy 100.00:  35%|███▌      | 7/20 [01:28<03:04, 14.17s/it]
Task 5, Epoch 8/20 => Loss -0.125, Train_accy 100.00:  35%|███▌      | 7/20 [01:29<03:04, 14.17s/it]
Task 5, Epoch 8/20 => Loss -0.125, Train_accy 100.00:  40%|████      | 8/20 [01:29<01:58,  9.85s/it]
Task 5, Epoch 9/20 => Loss -0.118, Train_accy 100.00:  40%|████      | 8/20 [01:30<01:58,  9.85s/it]
Task 5, Epoch 9/20 => Loss -0.118, Train_accy 100.00:  45%|████▌     | 9/20 [01:30<01:16,  6.95s/it]
Task 5, Epoch 10/20 => Loss -0.140, Train_accy 100.00, Test_accy 83.24:  45%|████▌     | 9/20 [02:55<01:16,  6.95s/it]
Task 5, Epoch 10/20 => Loss -0.140, Train_accy 100.00, Test_accy 83.24:  50%|█████     | 10/20 [02:55<05:11, 31.16s/it]
Task 5, Epoch 11/20 => Loss -0.170, Train_accy 100.00:  50%|█████     | 10/20 [02:56<05:11, 31.16s/it]                 
Task 5, Epoch 11/20 => Loss -0.170, Train_accy 100.00:  55%|█████▌    | 11/20 [02:56<03:16, 21.81s/it]
Task 5, Epoch 12/20 => Loss -0.125, Train_accy 100.00:  55%|█████▌    | 11/20 [02:56<03:16, 21.81s/it]
Task 5, Epoch 12/20 => Loss -0.125, Train_accy 100.00:  60%|██████    | 12/20 [02:56<02:02, 15.34s/it]
Task 5, Epoch 13/20 => Loss -0.149, Train_accy 100.00:  60%|██████    | 12/20 [02:57<02:02, 15.34s/it]
Task 5, Epoch 13/20 => Loss -0.149, Train_accy 100.00:  65%|██████▌   | 13/20 [02:57<01:16, 10.86s/it]
Task 5, Epoch 14/20 => Loss -0.155, Train_accy 100.00:  65%|██████▌   | 13/20 [02:57<01:16, 10.86s/it]
Task 5, Epoch 14/20 => Loss -0.155, Train_accy 100.00:  70%|███████   | 14/20 [02:57<00:46,  7.75s/it]
Task 5, Epoch 15/20 => Loss -0.121, Train_accy 100.00, Test_accy 83.26:  70%|███████   | 14/20 [04:23<00:46,  7.75s/it]
Task 5, Epoch 15/20 => Loss -0.121, Train_accy 100.00, Test_accy 83.26:  75%|███████▌  | 15/20 [04:23<02:36, 31.32s/it]
Task 5, Epoch 16/20 => Loss -0.154, Train_accy 100.00:  75%|███████▌  | 15/20 [04:24<02:36, 31.32s/it]                 
Task 5, Epoch 16/20 => Loss -0.154, Train_accy 100.00:  80%|████████  | 16/20 [04:24<01:28, 22.08s/it]
Task 5, Epoch 17/20 => Loss -0.154, Train_accy 100.00:  80%|████████  | 16/20 [04:24<01:28, 22.08s/it]
Task 5, Epoch 17/20 => Loss -0.154, Train_accy 100.00:  85%|████████▌ | 17/20 [04:24<00:46, 15.62s/it]
Task 5, Epoch 18/20 => Loss -0.161, Train_accy 100.00:  85%|████████▌ | 17/20 [04:25<00:46, 15.62s/it]
Task 5, Epoch 18/20 => Loss -0.161, Train_accy 100.00:  90%|█████████ | 18/20 [04:25<00:22, 11.11s/it]
Task 5, Epoch 19/20 => Loss -0.163, Train_accy 100.00:  90%|█████████ | 18/20 [04:26<00:22, 11.11s/it]
Task 5, Epoch 19/20 => Loss -0.163, Train_accy 100.00:  95%|█████████▌| 19/20 [04:26<00:07,  7.95s/it]
Task 5, Epoch 20/20 => Loss -0.180, Train_accy 100.00, Test_accy 83.31:  95%|█████████▌| 19/20 [05:51<00:07,  7.95s/it]
Task 5, Epoch 20/20 => Loss -0.180, Train_accy 100.00, Test_accy 83.31: 100%|██████████| 20/20 [05:51<00:00, 31.27s/it]
Task 5, Epoch 20/20 => Loss -0.180, Train_accy 100.00, Test_accy 83.31: 100%|██████████| 20/20 [05:51<00:00, 17.58s/it]
2025-12-15 03:24:03,871 [l2p.py] => Task 5, Epoch 20/20 => Loss -0.180, Train_accy 100.00, Test_accy 83.31
2025-12-15 03:25:32,785 [trainer.py] => CNN: {'total': 83.31, '00-59': 97.18, '60-61': 0.0, '62-63': 0.0, '64-65': 0.0, '66-67': 0.5, '68-69': 0.0, '70-71': 70.0, '72-73': 90.0, '74-75': 100.0, '76-77': 100.0, '78-79': 100.0, '80-81': 90.0, '82-83': 100.0, '84-85': 90.0, '86-87': 100.0, '88-89': 100.0, '90-91': 90.0, '92-93': 80.0, '94-95': 90.0, '96-97': 100.0, '98-99': 80.0, 'old': 85.76, 'new': 0.0}
2025-12-15 03:25:32,786 [trainer.py] => CNN top1 curve: [97.35, 94.23, 91.23, 88.45, 85.81, 83.31]
2025-12-15 03:25:32,786 [trainer.py] => Average Accuracy (CNN): 90.06 

2025-12-15 03:25:32,788 [trainer.py] => All params: 171893193
2025-12-15 03:25:32,790 [trainer.py] => Trainable params: 199781
2025-12-15 03:25:32,790 [l2p.py] => Learning on 70-72

  0%|          | 0/20 [00:00<?, ?it/s]
Task 6, Epoch 1/20 => Loss 0.546, Train_accy 70.00:   0%|          | 0/20 [00:00<?, ?it/s]
Task 6, Epoch 1/20 => Loss 0.546, Train_accy 70.00:   5%|▌         | 1/20 [00:00<00:10,  1.84it/s]
Task 6, Epoch 2/20 => Loss 0.231, Train_accy 90.00:   5%|▌         | 1/20 [00:01<00:10,  1.84it/s]
Task 6, Epoch 2/20 => Loss 0.231, Train_accy 90.00:  10%|█         | 2/20 [00:01<00:09,  1.84it/s]
Task 6, Epoch 3/20 => Loss 0.181, Train_accy 100.00:  10%|█         | 2/20 [00:01<00:09,  1.84it/s]
Task 6, Epoch 3/20 => Loss 0.181, Train_accy 100.00:  15%|█▌        | 3/20 [00:01<00:09,  1.80it/s]
Task 6, Epoch 4/20 => Loss 0.028, Train_accy 100.00:  15%|█▌        | 3/20 [00:02<00:09,  1.80it/s]
Task 6, Epoch 4/20 => Loss 0.028, Train_accy 100.00:  20%|██        | 4/20 [00:02<00:08,  1.81it/s]
Task 6, Epoch 5/20 => Loss 0.017, Train_accy 100.00, Test_accy 80.93:  20%|██        | 4/20 [01:29<00:08,  1.81it/s]
Task 6, Epoch 5/20 => Loss 0.017, Train_accy 100.00, Test_accy 80.93:  25%|██▌       | 5/20 [01:29<07:59, 31.97s/it]
Task 6, Epoch 6/20 => Loss -0.085, Train_accy 100.00:  25%|██▌       | 5/20 [01:30<07:59, 31.97s/it]                
Task 6, Epoch 6/20 => Loss -0.085, Train_accy 100.00:  30%|███       | 6/20 [01:30<04:58, 21.30s/it]
Task 6, Epoch 7/20 => Loss -0.059, Train_accy 100.00:  30%|███       | 6/20 [01:31<04:58, 21.30s/it]
Task 6, Epoch 7/20 => Loss -0.059, Train_accy 100.00:  35%|███▌      | 7/20 [01:31<03:08, 14.53s/it]
Task 6, Epoch 8/20 => Loss -0.129, Train_accy 100.00:  35%|███▌      | 7/20 [01:31<03:08, 14.53s/it]
Task 6, Epoch 8/20 => Loss -0.129, Train_accy 100.00:  40%|████      | 8/20 [01:31<02:01, 10.09s/it]
Task 6, Epoch 9/20 => Loss -0.157, Train_accy 100.00:  40%|████      | 8/20 [01:32<02:01, 10.09s/it]
Task 6, Epoch 9/20 => Loss -0.157, Train_accy 100.00:  45%|████▌     | 9/20 [01:32<01:18,  7.11s/it]
Task 6, Epoch 10/20 => Loss -0.146, Train_accy 100.00, Test_accy 80.83:  45%|████▌     | 9/20 [03:00<01:18,  7.11s/it]
Task 6, Epoch 10/20 => Loss -0.146, Train_accy 100.00, Test_accy 80.83:  50%|█████     | 10/20 [03:00<05:22, 32.24s/it]
Task 6, Epoch 11/20 => Loss -0.170, Train_accy 100.00:  50%|█████     | 10/20 [03:01<05:22, 32.24s/it]                 
Task 6, Epoch 11/20 => Loss -0.170, Train_accy 100.00:  55%|█████▌    | 11/20 [03:01<03:22, 22.54s/it]
Task 6, Epoch 12/20 => Loss -0.147, Train_accy 100.00:  55%|█████▌    | 11/20 [03:01<03:22, 22.54s/it]
Task 6, Epoch 12/20 => Loss -0.147, Train_accy 100.00:  60%|██████    | 12/20 [03:01<02:07, 15.88s/it]
Task 6, Epoch 13/20 => Loss -0.153, Train_accy 100.00:  60%|██████    | 12/20 [03:02<02:07, 15.88s/it]
Task 6, Epoch 13/20 => Loss -0.153, Train_accy 100.00:  65%|██████▌   | 13/20 [03:02<01:18, 11.25s/it]
Task 6, Epoch 14/20 => Loss -0.176, Train_accy 100.00:  65%|██████▌   | 13/20 [03:03<01:18, 11.25s/it]
Task 6, Epoch 14/20 => Loss -0.176, Train_accy 100.00:  70%|███████   | 14/20 [03:03<00:48,  8.04s/it]
Task 6, Epoch 15/20 => Loss -0.181, Train_accy 100.00, Test_accy 80.83:  70%|███████   | 14/20 [04:31<00:48,  8.04s/it]
Task 6, Epoch 15/20 => Loss -0.181, Train_accy 100.00, Test_accy 80.83:  75%|███████▌  | 15/20 [04:31<02:40, 32.11s/it]
Task 6, Epoch 16/20 => Loss -0.179, Train_accy 100.00:  75%|███████▌  | 15/20 [04:31<02:40, 32.11s/it]                 
Task 6, Epoch 16/20 => Loss -0.179, Train_accy 100.00:  80%|████████  | 16/20 [04:31<01:30, 22.62s/it]
Task 6, Epoch 17/20 => Loss -0.148, Train_accy 100.00:  80%|████████  | 16/20 [04:32<01:30, 22.62s/it]
Task 6, Epoch 17/20 => Loss -0.148, Train_accy 100.00:  85%|████████▌ | 17/20 [04:32<00:47, 16.00s/it]
Task 6, Epoch 18/20 => Loss -0.188, Train_accy 100.00:  85%|████████▌ | 17/20 [04:32<00:47, 16.00s/it]
Task 6, Epoch 18/20 => Loss -0.188, Train_accy 100.00:  90%|█████████ | 18/20 [04:32<00:22, 11.36s/it]
Task 6, Epoch 19/20 => Loss -0.105, Train_accy 90.00:  90%|█████████ | 18/20 [04:33<00:22, 11.36s/it] 
Task 6, Epoch 19/20 => Loss -0.105, Train_accy 90.00:  95%|█████████▌| 19/20 [04:33<00:08,  8.10s/it]
Task 6, Epoch 20/20 => Loss -0.191, Train_accy 100.00, Test_accy 80.79:  95%|█████████▌| 19/20 [06:01<00:08,  8.10s/it]
Task 6, Epoch 20/20 => Loss -0.191, Train_accy 100.00, Test_accy 80.79: 100%|██████████| 20/20 [06:01<00:00, 32.02s/it]
Task 6, Epoch 20/20 => Loss -0.191, Train_accy 100.00, Test_accy 80.79: 100%|██████████| 20/20 [06:01<00:00, 18.05s/it]
2025-12-15 03:31:33,841 [l2p.py] => Task 6, Epoch 20/20 => Loss -0.191, Train_accy 100.00, Test_accy 80.79
2025-12-15 03:33:02,630 [trainer.py] => CNN: {'total': 80.79, '00-59': 96.93, '60-61': 0.0, '62-63': 0.0, '64-65': 0.0, '66-67': 0.5, '68-69': 0.0, '70-71': 0.0, '72-73': 80.0, '74-75': 90.0, '76-77': 100.0, '78-79': 90.0, '80-81': 90.0, '82-83': 90.0, '84-85': 100.0, '86-87': 100.0, '88-89': 100.0, '90-91': 100.0, '92-93': 100.0, '94-95': 90.0, '96-97': 90.0, '98-99': 100.0, 'old': 83.1, 'new': 0.0}
2025-12-15 03:33:02,630 [trainer.py] => CNN top1 curve: [97.35, 94.23, 91.23, 88.45, 85.81, 83.31, 80.79]
2025-12-15 03:33:02,630 [trainer.py] => Average Accuracy (CNN): 88.74 

2025-12-15 03:33:02,631 [trainer.py] => All params: 171893193
2025-12-15 03:33:02,632 [trainer.py] => Trainable params: 199781
2025-12-15 03:33:02,632 [l2p.py] => Learning on 72-74

  0%|          | 0/20 [00:00<?, ?it/s]
Task 7, Epoch 1/20 => Loss 0.325, Train_accy 80.00:   0%|          | 0/20 [00:00<?, ?it/s]
Task 7, Epoch 1/20 => Loss 0.325, Train_accy 80.00:   5%|▌         | 1/20 [00:00<00:10,  1.81it/s]
Task 7, Epoch 2/20 => Loss 0.156, Train_accy 100.00:   5%|▌         | 1/20 [00:01<00:10,  1.81it/s]
Task 7, Epoch 2/20 => Loss 0.156, Train_accy 100.00:  10%|█         | 2/20 [00:01<00:10,  1.77it/s]
Task 7, Epoch 3/20 => Loss 0.026, Train_accy 100.00:  10%|█         | 2/20 [00:01<00:10,  1.77it/s]
Task 7, Epoch 3/20 => Loss 0.026, Train_accy 100.00:  15%|█▌        | 3/20 [00:01<00:09,  1.73it/s]
Task 7, Epoch 4/20 => Loss 0.000, Train_accy 90.00:  15%|█▌        | 3/20 [00:02<00:09,  1.73it/s] 
Task 7, Epoch 4/20 => Loss 0.000, Train_accy 90.00:  20%|██        | 4/20 [00:02<00:08,  1.79it/s]
Task 7, Epoch 5/20 => Loss -0.090, Train_accy 100.00, Test_accy 78.58:  20%|██        | 4/20 [01:32<00:08,  1.79it/s]
Task 7, Epoch 5/20 => Loss -0.090, Train_accy 100.00, Test_accy 78.58:  25%|██▌       | 5/20 [01:32<08:13, 32.89s/it]
Task 7, Epoch 6/20 => Loss -0.102, Train_accy 100.00:  25%|██▌       | 5/20 [01:32<08:13, 32.89s/it]                 
Task 7, Epoch 6/20 => Loss -0.102, Train_accy 100.00:  30%|███       | 6/20 [01:32<05:06, 21.89s/it]
Task 7, Epoch 7/20 => Loss -0.143, Train_accy 100.00:  30%|███       | 6/20 [01:33<05:06, 21.89s/it]
Task 7, Epoch 7/20 => Loss -0.143, Train_accy 100.00:  35%|███▌      | 7/20 [01:33<03:14, 14.93s/it]
Task 7, Epoch 8/20 => Loss -0.162, Train_accy 100.00:  35%|███▌      | 7/20 [01:34<03:14, 14.93s/it]
Task 7, Epoch 8/20 => Loss -0.162, Train_accy 100.00:  40%|████      | 8/20 [01:34<02:04, 10.34s/it]
Task 7, Epoch 9/20 => Loss -0.135, Train_accy 100.00:  40%|████      | 8/20 [01:34<02:04, 10.34s/it]
Task 7, Epoch 9/20 => Loss -0.135, Train_accy 100.00:  45%|████▌     | 9/20 [01:34<01:20,  7.28s/it]
Task 7, Epoch 10/20 => Loss -0.147, Train_accy 100.00, Test_accy 78.64:  45%|████▌     | 9/20 [03:04<01:20,  7.28s/it]
Task 7, Epoch 10/20 => Loss -0.147, Train_accy 100.00, Test_accy 78.64:  50%|█████     | 10/20 [03:04<05:29, 32.92s/it]
Task 7, Epoch 11/20 => Loss -0.158, Train_accy 100.00:  50%|█████     | 10/20 [03:05<05:29, 32.92s/it]                 
Task 7, Epoch 11/20 => Loss -0.158, Train_accy 100.00:  55%|█████▌    | 11/20 [03:05<03:27, 23.03s/it]
Task 7, Epoch 12/20 => Loss -0.146, Train_accy 100.00:  55%|█████▌    | 11/20 [03:06<03:27, 23.03s/it]
Task 7, Epoch 12/20 => Loss -0.146, Train_accy 100.00:  60%|██████    | 12/20 [03:06<02:09, 16.20s/it]
Task 7, Epoch 13/20 => Loss -0.130, Train_accy 100.00:  60%|██████    | 12/20 [03:06<02:09, 16.20s/it]
Task 7, Epoch 13/20 => Loss -0.130, Train_accy 100.00:  65%|██████▌   | 13/20 [03:06<01:20, 11.47s/it]
Task 7, Epoch 14/20 => Loss -0.140, Train_accy 100.00:  65%|██████▌   | 13/20 [03:07<01:20, 11.47s/it]
Task 7, Epoch 14/20 => Loss -0.140, Train_accy 100.00:  70%|███████   | 14/20 [03:07<00:48,  8.17s/it]
Task 7, Epoch 15/20 => Loss -0.155, Train_accy 100.00, Test_accy 78.61:  70%|███████   | 14/20 [04:37<00:48,  8.17s/it]
Task 7, Epoch 15/20 => Loss -0.155, Train_accy 100.00, Test_accy 78.61:  75%|███████▌  | 15/20 [04:37<02:44, 32.91s/it]
Task 7, Epoch 16/20 => Loss -0.178, Train_accy 100.00:  75%|███████▌  | 15/20 [04:38<02:44, 32.91s/it]                 
Task 7, Epoch 16/20 => Loss -0.178, Train_accy 100.00:  80%|████████  | 16/20 [04:38<01:32, 23.19s/it]
Task 7, Epoch 17/20 => Loss -0.150, Train_accy 100.00:  80%|████████  | 16/20 [04:38<01:32, 23.19s/it]
Task 7, Epoch 17/20 => Loss -0.150, Train_accy 100.00:  85%|████████▌ | 17/20 [04:38<00:49, 16.38s/it]
Task 7, Epoch 18/20 => Loss -0.177, Train_accy 100.00:  85%|████████▌ | 17/20 [04:39<00:49, 16.38s/it]
Task 7, Epoch 18/20 => Loss -0.177, Train_accy 100.00:  90%|█████████ | 18/20 [04:39<00:23, 11.62s/it]
Task 7, Epoch 19/20 => Loss -0.146, Train_accy 100.00:  90%|█████████ | 18/20 [04:39<00:23, 11.62s/it]
Task 7, Epoch 19/20 => Loss -0.146, Train_accy 100.00:  95%|█████████▌| 19/20 [04:39<00:08,  8.30s/it]
Task 7, Epoch 20/20 => Loss -0.174, Train_accy 100.00, Test_accy 78.74:  95%|█████████▌| 19/20 [06:09<00:08,  8.30s/it]
Task 7, Epoch 20/20 => Loss -0.174, Train_accy 100.00, Test_accy 78.74: 100%|██████████| 20/20 [06:09<00:00, 32.87s/it]
Task 7, Epoch 20/20 => Loss -0.174, Train_accy 100.00, Test_accy 78.74: 100%|██████████| 20/20 [06:09<00:00, 18.50s/it]
2025-12-15 03:39:12,610 [l2p.py] => Task 7, Epoch 20/20 => Loss -0.174, Train_accy 100.00, Test_accy 78.74
2025-12-15 03:40:45,179 [trainer.py] => CNN: {'total': 78.74, '00-59': 97.05, '60-61': 0.0, '62-63': 0.0, '64-65': 0.0, '66-67': 0.5, '68-69': 0.0, '70-71': 0.0, '72-73': 1.5, '74-75': 100.0, '76-77': 100.0, '78-79': 100.0, '80-81': 90.0, '82-83': 90.0, '84-85': 100.0, '86-87': 100.0, '88-89': 100.0, '90-91': 100.0, '92-93': 100.0, '94-95': 100.0, '96-97': 90.0, '98-99': 90.0, 'old': 80.89, 'new': 1.5}
2025-12-15 03:40:45,179 [trainer.py] => CNN top1 curve: [97.35, 94.23, 91.23, 88.45, 85.81, 83.31, 80.79, 78.74]
2025-12-15 03:40:45,179 [trainer.py] => Average Accuracy (CNN): 87.49 

2025-12-15 03:40:45,182 [trainer.py] => All params: 171893193
2025-12-15 03:40:45,184 [trainer.py] => Trainable params: 199781
2025-12-15 03:40:45,184 [l2p.py] => Learning on 74-76

  0%|          | 0/20 [00:00<?, ?it/s]
Task 8, Epoch 1/20 => Loss 0.576, Train_accy 50.00:   0%|          | 0/20 [00:00<?, ?it/s]
Task 8, Epoch 1/20 => Loss 0.576, Train_accy 50.00:   5%|▌         | 1/20 [00:00<00:10,  1.89it/s]
Task 8, Epoch 2/20 => Loss 0.160, Train_accy 90.00:   5%|▌         | 1/20 [00:01<00:10,  1.89it/s]
Task 8, Epoch 2/20 => Loss 0.160, Train_accy 90.00:  10%|█         | 2/20 [00:01<00:09,  1.96it/s]
Task 8, Epoch 3/20 => Loss 0.011, Train_accy 100.00:  10%|█         | 2/20 [00:01<00:09,  1.96it/s]
Task 8, Epoch 3/20 => Loss 0.011, Train_accy 100.00:  15%|█▌        | 3/20 [00:01<00:08,  1.94it/s]
Task 8, Epoch 4/20 => Loss 0.046, Train_accy 90.00:  15%|█▌        | 3/20 [00:02<00:08,  1.94it/s] 
Task 8, Epoch 4/20 => Loss 0.046, Train_accy 90.00:  20%|██        | 4/20 [00:02<00:08,  1.93it/s]
Task 8, Epoch 5/20 => Loss -0.125, Train_accy 100.00, Test_accy 76.71:  20%|██        | 4/20 [01:34<00:08,  1.93it/s]
Task 8, Epoch 5/20 => Loss -0.125, Train_accy 100.00, Test_accy 76.71:  25%|██▌       | 5/20 [01:34<08:26, 33.74s/it]
Task 8, Epoch 6/20 => Loss -0.113, Train_accy 100.00:  25%|██▌       | 5/20 [01:35<08:26, 33.74s/it]                 
Task 8, Epoch 6/20 => Loss -0.113, Train_accy 100.00:  30%|███       | 6/20 [01:35<05:14, 22.44s/it]
Task 8, Epoch 7/20 => Loss -0.127, Train_accy 100.00:  30%|███       | 6/20 [01:35<05:14, 22.44s/it]
Task 8, Epoch 7/20 => Loss -0.127, Train_accy 100.00:  35%|███▌      | 7/20 [01:35<03:18, 15.28s/it]
Task 8, Epoch 8/20 => Loss -0.149, Train_accy 100.00:  35%|███▌      | 7/20 [01:36<03:18, 15.28s/it]
Task 8, Epoch 8/20 => Loss -0.149, Train_accy 100.00:  40%|████      | 8/20 [01:36<02:07, 10.59s/it]
Task 8, Epoch 9/20 => Loss -0.164, Train_accy 100.00:  40%|████      | 8/20 [01:36<02:07, 10.59s/it]
Task 8, Epoch 9/20 => Loss -0.164, Train_accy 100.00:  45%|████▌     | 9/20 [01:36<01:21,  7.45s/it]
Task 8, Epoch 10/20 => Loss -0.160, Train_accy 100.00, Test_accy 76.82:  45%|████▌     | 9/20 [03:09<01:21,  7.45s/it]
Task 8, Epoch 10/20 => Loss -0.160, Train_accy 100.00, Test_accy 76.82:  50%|█████     | 10/20 [03:09<05:37, 33.74s/it]
Task 8, Epoch 11/20 => Loss -0.158, Train_accy 100.00:  50%|█████     | 10/20 [03:09<05:37, 33.74s/it]                 
Task 8, Epoch 11/20 => Loss -0.158, Train_accy 100.00:  55%|█████▌    | 11/20 [03:09<03:32, 23.57s/it]
Task 8, Epoch 12/20 => Loss -0.162, Train_accy 100.00:  55%|█████▌    | 11/20 [03:10<03:32, 23.57s/it]
Task 8, Epoch 12/20 => Loss -0.162, Train_accy 100.00:  60%|██████    | 12/20 [03:10<02:12, 16.57s/it]
Task 8, Epoch 13/20 => Loss -0.174, Train_accy 100.00:  60%|██████    | 12/20 [03:11<02:12, 16.57s/it]
Task 8, Epoch 13/20 => Loss -0.174, Train_accy 100.00:  65%|██████▌   | 13/20 [03:11<01:21, 11.71s/it]
Task 8, Epoch 14/20 => Loss -0.138, Train_accy 100.00:  65%|██████▌   | 13/20 [03:11<01:21, 11.71s/it]
Task 8, Epoch 14/20 => Loss -0.138, Train_accy 100.00:  70%|███████   | 14/20 [03:11<00:50,  8.36s/it]
Task 8, Epoch 15/20 => Loss -0.150, Train_accy 100.00, Test_accy 76.86:  70%|███████   | 14/20 [04:44<00:50,  8.36s/it]
Task 8, Epoch 15/20 => Loss -0.150, Train_accy 100.00, Test_accy 76.86:  75%|███████▌  | 15/20 [04:44<02:49, 33.84s/it]
Task 8, Epoch 16/20 => Loss -0.166, Train_accy 100.00:  75%|███████▌  | 15/20 [04:45<02:49, 33.84s/it]                 
Task 8, Epoch 16/20 => Loss -0.166, Train_accy 100.00:  80%|████████  | 16/20 [04:45<01:35, 23.83s/it]
Task 8, Epoch 17/20 => Loss -0.161, Train_accy 100.00:  80%|████████  | 16/20 [04:45<01:35, 23.83s/it]
Task 8, Epoch 17/20 => Loss -0.161, Train_accy 100.00:  85%|████████▌ | 17/20 [04:45<00:50, 16.84s/it]
Task 8, Epoch 18/20 => Loss -0.172, Train_accy 100.00:  85%|████████▌ | 17/20 [04:46<00:50, 16.84s/it]
Task 8, Epoch 18/20 => Loss -0.172, Train_accy 100.00:  90%|█████████ | 18/20 [04:46<00:23, 11.94s/it]
Task 8, Epoch 19/20 => Loss -0.176, Train_accy 100.00:  90%|█████████ | 18/20 [04:46<00:23, 11.94s/it]
Task 8, Epoch 19/20 => Loss -0.176, Train_accy 100.00:  95%|█████████▌| 19/20 [04:46<00:08,  8.55s/it]
Task 8, Epoch 20/20 => Loss -0.170, Train_accy 100.00, Test_accy 76.89:  95%|█████████▌| 19/20 [06:19<00:08,  8.55s/it]
Task 8, Epoch 20/20 => Loss -0.170, Train_accy 100.00, Test_accy 76.89: 100%|██████████| 20/20 [06:19<00:00, 33.93s/it]
Task 8, Epoch 20/20 => Loss -0.170, Train_accy 100.00, Test_accy 76.89: 100%|██████████| 20/20 [06:19<00:00, 19.00s/it]
2025-12-15 03:47:05,198 [l2p.py] => Task 8, Epoch 20/20 => Loss -0.170, Train_accy 100.00, Test_accy 76.89
2025-12-15 03:48:40,271 [trainer.py] => CNN: {'total': 76.89, '00-59': 97.35, '60-61': 0.0, '62-63': 0.0, '64-65': 0.0, '66-67': 0.5, '68-69': 0.0, '70-71': 0.5, '72-73': 0.5, '74-75': 0.0, '76-77': 100.0, '78-79': 100.0, '80-81': 80.0, '82-83': 100.0, '84-85': 100.0, '86-87': 100.0, '88-89': 100.0, '90-91': 100.0, '92-93': 90.0, '94-95': 90.0, '96-97': 100.0, '98-99': 80.0, 'old': 78.97, 'new': 0.0}
2025-12-15 03:48:40,271 [trainer.py] => CNN top1 curve: [97.35, 94.23, 91.23, 88.45, 85.81, 83.31, 80.79, 78.74, 76.89]
2025-12-15 03:48:40,271 [trainer.py] => Average Accuracy (CNN): 86.31 

2025-12-15 03:48:40,274 [trainer.py] => All params: 171893193
2025-12-15 03:48:40,276 [trainer.py] => Trainable params: 199781
2025-12-15 03:48:40,276 [l2p.py] => Learning on 76-78

  0%|          | 0/20 [00:00<?, ?it/s]
Task 9, Epoch 1/20 => Loss 0.897, Train_accy 10.00:   0%|          | 0/20 [00:00<?, ?it/s]
Task 9, Epoch 1/20 => Loss 0.897, Train_accy 10.00:   5%|▌         | 1/20 [00:00<00:10,  1.88it/s]
Task 9, Epoch 2/20 => Loss 0.369, Train_accy 80.00:   5%|▌         | 1/20 [00:01<00:10,  1.88it/s]
Task 9, Epoch 2/20 => Loss 0.369, Train_accy 80.00:  10%|█         | 2/20 [00:01<00:09,  1.85it/s]
Task 9, Epoch 3/20 => Loss 0.060, Train_accy 100.00:  10%|█         | 2/20 [00:01<00:09,  1.85it/s]
Task 9, Epoch 3/20 => Loss 0.060, Train_accy 100.00:  15%|█▌        | 3/20 [00:01<00:09,  1.86it/s]
Task 9, Epoch 4/20 => Loss -0.088, Train_accy 100.00:  15%|█▌        | 3/20 [00:02<00:09,  1.86it/s]
Task 9, Epoch 4/20 => Loss -0.088, Train_accy 100.00:  20%|██        | 4/20 [00:02<00:08,  1.78it/s]
Task 9, Epoch 5/20 => Loss -0.108, Train_accy 100.00, Test_accy 74.91:  20%|██        | 4/20 [01:37<00:08,  1.78it/s]
Task 9, Epoch 5/20 => Loss -0.108, Train_accy 100.00, Test_accy 74.91:  25%|██▌       | 5/20 [01:37<08:40, 34.69s/it]
Task 9, Epoch 6/20 => Loss -0.095, Train_accy 100.00:  25%|██▌       | 5/20 [01:37<08:40, 34.69s/it]                 
Task 9, Epoch 6/20 => Loss -0.095, Train_accy 100.00:  30%|███       | 6/20 [01:37<05:23, 23.09s/it]
Task 9, Epoch 7/20 => Loss -0.086, Train_accy 100.00:  30%|███       | 6/20 [01:38<05:23, 23.09s/it]
Task 9, Epoch 7/20 => Loss -0.086, Train_accy 100.00:  35%|███▌      | 7/20 [01:38<03:24, 15.72s/it]
Task 9, Epoch 8/20 => Loss -0.103, Train_accy 100.00:  35%|███▌      | 7/20 [01:39<03:24, 15.72s/it]
Task 9, Epoch 8/20 => Loss -0.103, Train_accy 100.00:  40%|████      | 8/20 [01:39<02:10, 10.89s/it]
Task 9, Epoch 9/20 => Loss -0.136, Train_accy 100.00:  40%|████      | 8/20 [01:39<02:10, 10.89s/it]
Task 9, Epoch 9/20 => Loss -0.136, Train_accy 100.00:  45%|████▌     | 9/20 [01:39<01:24,  7.66s/it]
Task 9, Epoch 10/20 => Loss -0.143, Train_accy 100.00, Test_accy 74.85:  45%|████▌     | 9/20 [03:14<01:24,  7.66s/it]
Task 9, Epoch 10/20 => Loss -0.143, Train_accy 100.00, Test_accy 74.85:  50%|█████     | 10/20 [03:14<05:46, 34.68s/it]
Task 9, Epoch 11/20 => Loss -0.131, Train_accy 100.00:  50%|█████     | 10/20 [03:15<05:46, 34.68s/it]                 
Task 9, Epoch 11/20 => Loss -0.131, Train_accy 100.00:  55%|█████▌    | 11/20 [03:15<03:38, 24.23s/it]
Task 9, Epoch 12/20 => Loss -0.140, Train_accy 100.00:  55%|█████▌    | 11/20 [03:15<03:38, 24.23s/it]
Task 9, Epoch 12/20 => Loss -0.140, Train_accy 100.00:  60%|██████    | 12/20 [03:15<02:16, 17.03s/it]
Task 9, Epoch 13/20 => Loss -0.153, Train_accy 100.00:  60%|██████    | 12/20 [03:16<02:16, 17.03s/it]
Task 9, Epoch 13/20 => Loss -0.153, Train_accy 100.00:  65%|██████▌   | 13/20 [03:16<01:24, 12.05s/it]
Task 9, Epoch 14/20 => Loss -0.143, Train_accy 100.00:  65%|██████▌   | 13/20 [03:17<01:24, 12.05s/it]
Task 9, Epoch 14/20 => Loss -0.143, Train_accy 100.00:  70%|███████   | 14/20 [03:17<00:51,  8.58s/it]
Task 9, Epoch 15/20 => Loss -0.141, Train_accy 100.00, Test_accy 74.91:  70%|███████   | 14/20 [04:52<00:51,  8.58s/it]
Task 9, Epoch 15/20 => Loss -0.141, Train_accy 100.00, Test_accy 74.91:  75%|███████▌  | 15/20 [04:52<02:53, 34.68s/it]
Task 9, Epoch 16/20 => Loss -0.174, Train_accy 100.00:  75%|███████▌  | 15/20 [04:52<02:53, 34.68s/it]                 
Task 9, Epoch 16/20 => Loss -0.174, Train_accy 100.00:  80%|████████  | 16/20 [04:52<01:37, 24.42s/it]
Task 9, Epoch 17/20 => Loss -0.152, Train_accy 100.00:  80%|████████  | 16/20 [04:53<01:37, 24.42s/it]
Task 9, Epoch 17/20 => Loss -0.152, Train_accy 100.00:  85%|████████▌ | 17/20 [04:53<00:51, 17.25s/it]
Task 9, Epoch 18/20 => Loss -0.148, Train_accy 100.00:  85%|████████▌ | 17/20 [04:53<00:51, 17.25s/it]
Task 9, Epoch 18/20 => Loss -0.148, Train_accy 100.00:  90%|█████████ | 18/20 [04:53<00:24, 12.24s/it]
Task 9, Epoch 19/20 => Loss -0.161, Train_accy 100.00:  90%|█████████ | 18/20 [04:54<00:24, 12.24s/it]
Task 9, Epoch 19/20 => Loss -0.161, Train_accy 100.00:  95%|█████████▌| 19/20 [04:54<00:08,  8.73s/it]
Task 9, Epoch 20/20 => Loss -0.151, Train_accy 100.00, Test_accy 74.97:  95%|█████████▌| 19/20 [06:28<00:08,  8.73s/it]
Task 9, Epoch 20/20 => Loss -0.151, Train_accy 100.00, Test_accy 74.97: 100%|██████████| 20/20 [06:28<00:00, 34.24s/it]
Task 9, Epoch 20/20 => Loss -0.151, Train_accy 100.00, Test_accy 74.97: 100%|██████████| 20/20 [06:28<00:00, 19.41s/it]
2025-12-15 03:55:08,552 [l2p.py] => Task 9, Epoch 20/20 => Loss -0.151, Train_accy 100.00, Test_accy 74.97
2025-12-15 03:56:47,246 [trainer.py] => CNN: {'total': 74.97, '00-59': 97.28, '60-61': 0.0, '62-63': 0.0, '64-65': 0.0, '66-67': 0.5, '68-69': 0.0, '70-71': 0.0, '72-73': 1.0, '74-75': 0.0, '76-77': 4.0, '78-79': 100.0, '80-81': 100.0, '82-83': 90.0, '84-85': 100.0, '86-87': 90.0, '88-89': 100.0, '90-91': 100.0, '92-93': 100.0, '94-95': 100.0, '96-97': 100.0, '98-99': 100.0, 'old': 76.84, 'new': 4.0}
2025-12-15 03:56:47,246 [trainer.py] => CNN top1 curve: [97.35, 94.23, 91.23, 88.45, 85.81, 83.31, 80.79, 78.74, 76.89, 74.97]
2025-12-15 03:56:47,246 [trainer.py] => Average Accuracy (CNN): 85.18 

2025-12-15 03:56:47,247 [trainer.py] => All params: 171893193
2025-12-15 03:56:47,248 [trainer.py] => Trainable params: 199781
2025-12-15 03:56:47,249 [l2p.py] => Learning on 78-80

  0%|          | 0/20 [00:00<?, ?it/s]
Task 10, Epoch 1/20 => Loss 0.540, Train_accy 70.00:   0%|          | 0/20 [00:00<?, ?it/s]
Task 10, Epoch 1/20 => Loss 0.540, Train_accy 70.00:   5%|▌         | 1/20 [00:00<00:10,  1.84it/s]
Task 10, Epoch 2/20 => Loss 0.296, Train_accy 80.00:   5%|▌         | 1/20 [00:01<00:10,  1.84it/s]
Task 10, Epoch 2/20 => Loss 0.296, Train_accy 80.00:  10%|█         | 2/20 [00:01<00:09,  1.87it/s]
Task 10, Epoch 3/20 => Loss 0.090, Train_accy 100.00:  10%|█         | 2/20 [00:01<00:09,  1.87it/s]
Task 10, Epoch 3/20 => Loss 0.090, Train_accy 100.00:  15%|█▌        | 3/20 [00:01<00:09,  1.86it/s]
Task 10, Epoch 4/20 => Loss -0.014, Train_accy 100.00:  15%|█▌        | 3/20 [00:02<00:09,  1.86it/s]
Task 10, Epoch 4/20 => Loss -0.014, Train_accy 100.00:  20%|██        | 4/20 [00:02<00:08,  1.79it/s]
Task 10, Epoch 5/20 => Loss -0.113, Train_accy 100.00, Test_accy 73.11:  20%|██        | 4/20 [01:40<00:08,  1.79it/s]
Task 10, Epoch 5/20 => Loss -0.113, Train_accy 100.00, Test_accy 73.11:  25%|██▌       | 5/20 [01:40<08:54, 35.65s/it]
Task 10, Epoch 6/20 => Loss -0.140, Train_accy 100.00:  25%|██▌       | 5/20 [01:40<08:54, 35.65s/it]                 
Task 10, Epoch 6/20 => Loss -0.140, Train_accy 100.00:  30%|███       | 6/20 [01:40<05:32, 23.72s/it]
Task 10, Epoch 7/20 => Loss -0.106, Train_accy 100.00:  30%|███       | 6/20 [01:41<05:32, 23.72s/it]
Task 10, Epoch 7/20 => Loss -0.106, Train_accy 100.00:  35%|███▌      | 7/20 [01:41<03:30, 16.16s/it]
Task 10, Epoch 8/20 => Loss -0.112, Train_accy 100.00:  35%|███▌      | 7/20 [01:41<03:30, 16.16s/it]
Task 10, Epoch 8/20 => Loss -0.112, Train_accy 100.00:  40%|████      | 8/20 [01:41<02:14, 11.19s/it]
Task 10, Epoch 9/20 => Loss -0.188, Train_accy 100.00:  40%|████      | 8/20 [01:42<02:14, 11.19s/it]
Task 10, Epoch 9/20 => Loss -0.188, Train_accy 100.00:  45%|████▌     | 9/20 [01:42<01:26,  7.88s/it]
Task 10, Epoch 10/20 => Loss -0.154, Train_accy 100.00, Test_accy 73.12:  45%|████▌     | 9/20 [03:20<01:26,  7.88s/it]
Task 10, Epoch 10/20 => Loss -0.154, Train_accy 100.00, Test_accy 73.12:  50%|█████     | 10/20 [03:20<05:55, 35.59s/it]
Task 10, Epoch 11/20 => Loss -0.192, Train_accy 100.00:  50%|█████     | 10/20 [03:20<05:55, 35.59s/it]                 
Task 10, Epoch 11/20 => Loss -0.192, Train_accy 100.00:  55%|█████▌    | 11/20 [03:20<03:43, 24.86s/it]
Task 10, Epoch 12/20 => Loss -0.191, Train_accy 100.00:  55%|█████▌    | 11/20 [03:21<03:43, 24.86s/it]
Task 10, Epoch 12/20 => Loss -0.191, Train_accy 100.00:  60%|██████    | 12/20 [03:21<02:19, 17.46s/it]
Task 10, Epoch 13/20 => Loss -0.187, Train_accy 100.00:  60%|██████    | 12/20 [03:21<02:19, 17.46s/it]
Task 10, Epoch 13/20 => Loss -0.187, Train_accy 100.00:  65%|██████▌   | 13/20 [03:21<01:26, 12.35s/it]
Task 10, Epoch 14/20 => Loss -0.194, Train_accy 100.00:  65%|██████▌   | 13/20 [03:22<01:26, 12.35s/it]
Task 10, Epoch 14/20 => Loss -0.194, Train_accy 100.00:  70%|███████   | 14/20 [03:22<00:52,  8.79s/it]
Task 10, Epoch 15/20 => Loss -0.178, Train_accy 100.00, Test_accy 73.18:  70%|███████   | 14/20 [04:59<00:52,  8.79s/it]
Task 10, Epoch 15/20 => Loss -0.178, Train_accy 100.00, Test_accy 73.18:  75%|███████▌  | 15/20 [04:59<02:57, 35.57s/it]
Task 10, Epoch 16/20 => Loss -0.186, Train_accy 100.00:  75%|███████▌  | 15/20 [05:00<02:57, 35.57s/it]                 
Task 10, Epoch 16/20 => Loss -0.186, Train_accy 100.00:  80%|████████  | 16/20 [05:00<01:40, 25.03s/it]
Task 10, Epoch 17/20 => Loss -0.203, Train_accy 100.00:  80%|████████  | 16/20 [05:00<01:40, 25.03s/it]
Task 10, Epoch 17/20 => Loss -0.203, Train_accy 100.00:  85%|████████▌ | 17/20 [05:00<00:53, 17.67s/it]
Task 10, Epoch 18/20 => Loss -0.192, Train_accy 100.00:  85%|████████▌ | 17/20 [05:01<00:53, 17.67s/it]
Task 10, Epoch 18/20 => Loss -0.192, Train_accy 100.00:  90%|█████████ | 18/20 [05:01<00:25, 12.51s/it]
Task 10, Epoch 19/20 => Loss -0.180, Train_accy 100.00:  90%|█████████ | 18/20 [05:02<00:25, 12.51s/it]
Task 10, Epoch 19/20 => Loss -0.180, Train_accy 100.00:  95%|█████████▌| 19/20 [05:02<00:08,  8.91s/it]
Task 10, Epoch 20/20 => Loss -0.126, Train_accy 100.00, Test_accy 73.14:  95%|█████████▌| 19/20 [06:35<00:08,  8.91s/it]
Task 10, Epoch 20/20 => Loss -0.126, Train_accy 100.00, Test_accy 73.14: 100%|██████████| 20/20 [06:35<00:00, 34.28s/it]
Task 10, Epoch 20/20 => Loss -0.126, Train_accy 100.00, Test_accy 73.14: 100%|██████████| 20/20 [06:35<00:00, 19.77s/it]
2025-12-15 04:03:22,692 [l2p.py] => Task 10, Epoch 20/20 => Loss -0.126, Train_accy 100.00, Test_accy 73.14
2025-12-15 04:04:54,143 [trainer.py] => CNN: {'total': 73.14, '00-59': 97.3, '60-61': 0.0, '62-63': 0.0, '64-65': 0.0, '66-67': 0.5, '68-69': 0.0, '70-71': 0.0, '72-73': 1.0, '74-75': 0.0, '76-77': 5.0, '78-79': 0.0, '80-81': 100.0, '82-83': 90.0, '84-85': 100.0, '86-87': 100.0, '88-89': 90.0, '90-91': 90.0, '92-93': 90.0, '94-95': 100.0, '96-97': 90.0, '98-99': 100.0, 'old': 75.01, 'new': 0.0}
2025-12-15 04:04:54,144 [trainer.py] => CNN top1 curve: [97.35, 94.23, 91.23, 88.45, 85.81, 83.31, 80.79, 78.74, 76.89, 74.97, 73.14]
2025-12-15 04:04:54,144 [trainer.py] => Average Accuracy (CNN): 84.08 

2025-12-15 04:04:54,146 [trainer.py] => All params: 171893193
2025-12-15 04:04:54,148 [trainer.py] => Trainable params: 199781
2025-12-15 04:04:54,148 [l2p.py] => Learning on 80-82

  0%|          | 0/20 [00:00<?, ?it/s]
Task 11, Epoch 1/20 => Loss 1.038, Train_accy 10.00:   0%|          | 0/20 [00:00<?, ?it/s]
Task 11, Epoch 1/20 => Loss 1.038, Train_accy 10.00:   5%|▌         | 1/20 [00:00<00:10,  1.84it/s]
Task 11, Epoch 2/20 => Loss 0.497, Train_accy 60.00:   5%|▌         | 1/20 [00:01<00:10,  1.84it/s]
Task 11, Epoch 2/20 => Loss 0.497, Train_accy 60.00:  10%|█         | 2/20 [00:01<00:09,  1.82it/s]
Task 11, Epoch 3/20 => Loss 0.227, Train_accy 100.00:  10%|█         | 2/20 [00:01<00:09,  1.82it/s]
Task 11, Epoch 3/20 => Loss 0.227, Train_accy 100.00:  15%|█▌        | 3/20 [00:01<00:09,  1.77it/s]
Task 11, Epoch 4/20 => Loss -0.027, Train_accy 100.00:  15%|█▌        | 3/20 [00:02<00:09,  1.77it/s]
Task 11, Epoch 4/20 => Loss -0.027, Train_accy 100.00:  20%|██        | 4/20 [00:02<00:08,  1.80it/s]
Task 11, Epoch 5/20 => Loss -0.013, Train_accy 100.00, Test_accy 71.30:  20%|██        | 4/20 [01:35<00:08,  1.80it/s]
Task 11, Epoch 5/20 => Loss -0.013, Train_accy 100.00, Test_accy 71.30:  25%|██▌       | 5/20 [01:35<08:28, 33.93s/it]
Task 11, Epoch 6/20 => Loss -0.008, Train_accy 90.00:  25%|██▌       | 5/20 [01:35<08:28, 33.93s/it]                  
Task 11, Epoch 6/20 => Loss -0.008, Train_accy 90.00:  30%|███       | 6/20 [01:35<05:16, 22.59s/it]
Task 11, Epoch 7/20 => Loss -0.116, Train_accy 100.00:  30%|███       | 6/20 [01:36<05:16, 22.59s/it]
Task 11, Epoch 7/20 => Loss -0.116, Train_accy 100.00:  35%|███▌      | 7/20 [01:36<03:20, 15.39s/it]
Task 11, Epoch 8/20 => Loss -0.132, Train_accy 100.00:  35%|███▌      | 7/20 [01:37<03:20, 15.39s/it]
Task 11, Epoch 8/20 => Loss -0.132, Train_accy 100.00:  40%|████      | 8/20 [01:37<02:07, 10.66s/it]
Task 11, Epoch 9/20 => Loss -0.099, Train_accy 100.00:  40%|████      | 8/20 [01:37<02:07, 10.66s/it]
Task 11, Epoch 9/20 => Loss -0.099, Train_accy 100.00:  45%|████▌     | 9/20 [01:37<01:22,  7.50s/it]
Task 11, Epoch 10/20 => Loss -0.090, Train_accy 100.00, Test_accy 71.32:  45%|████▌     | 9/20 [03:06<01:22,  7.50s/it]
Task 11, Epoch 10/20 => Loss -0.090, Train_accy 100.00, Test_accy 71.32:  50%|█████     | 10/20 [03:06<05:27, 32.77s/it]
Task 11, Epoch 11/20 => Loss -0.004, Train_accy 90.00:  50%|█████     | 10/20 [03:07<05:27, 32.77s/it]                  
Task 11, Epoch 11/20 => Loss -0.004, Train_accy 90.00:  55%|█████▌    | 11/20 [03:07<03:26, 22.92s/it]
Task 11, Epoch 12/20 => Loss -0.118, Train_accy 100.00:  55%|█████▌    | 11/20 [03:08<03:26, 22.92s/it]
Task 11, Epoch 12/20 => Loss -0.118, Train_accy 100.00:  60%|██████    | 12/20 [03:08<02:08, 16.11s/it]
Task 11, Epoch 13/20 => Loss -0.122, Train_accy 100.00:  60%|██████    | 12/20 [03:08<02:08, 16.11s/it]
Task 11, Epoch 13/20 => Loss -0.122, Train_accy 100.00:  65%|██████▌   | 13/20 [03:08<01:19, 11.40s/it]
Task 11, Epoch 14/20 => Loss -0.110, Train_accy 100.00:  65%|██████▌   | 13/20 [03:09<01:19, 11.40s/it]
Task 11, Epoch 14/20 => Loss -0.110, Train_accy 100.00:  70%|███████   | 14/20 [03:09<00:48,  8.14s/it]
Task 11, Epoch 15/20 => Loss -0.087, Train_accy 100.00, Test_accy 71.30:  70%|███████   | 14/20 [04:42<00:48,  8.14s/it]
Task 11, Epoch 15/20 => Loss -0.087, Train_accy 100.00, Test_accy 71.30:  75%|███████▌  | 15/20 [04:42<02:49, 33.89s/it]
Task 11, Epoch 16/20 => Loss -0.142, Train_accy 100.00:  75%|███████▌  | 15/20 [04:43<02:49, 33.89s/it]                 
Task 11, Epoch 16/20 => Loss -0.142, Train_accy 100.00:  80%|████████  | 16/20 [04:43<01:35, 23.83s/it]
Task 11, Epoch 17/20 => Loss -0.131, Train_accy 100.00:  80%|████████  | 16/20 [04:43<01:35, 23.83s/it]
Task 11, Epoch 17/20 => Loss -0.131, Train_accy 100.00:  85%|████████▌ | 17/20 [04:43<00:50, 16.79s/it]
Task 11, Epoch 18/20 => Loss -0.135, Train_accy 100.00:  85%|████████▌ | 17/20 [04:44<00:50, 16.79s/it]
Task 11, Epoch 18/20 => Loss -0.135, Train_accy 100.00:  90%|█████████ | 18/20 [04:44<00:23, 11.88s/it]
Task 11, Epoch 19/20 => Loss -0.131, Train_accy 100.00:  90%|█████████ | 18/20 [04:44<00:23, 11.88s/it]
Task 11, Epoch 19/20 => Loss -0.131, Train_accy 100.00:  95%|█████████▌| 19/20 [04:44<00:08,  8.45s/it]
Task 11, Epoch 20/20 => Loss -0.150, Train_accy 100.00, Test_accy 71.30:  95%|█████████▌| 19/20 [06:14<00:08,  8.45s/it]
Task 11, Epoch 20/20 => Loss -0.150, Train_accy 100.00, Test_accy 71.30: 100%|██████████| 20/20 [06:14<00:00, 32.78s/it]
Task 11, Epoch 20/20 => Loss -0.150, Train_accy 100.00, Test_accy 71.30: 100%|██████████| 20/20 [06:14<00:00, 18.70s/it]
2025-12-15 04:11:08,206 [l2p.py] => Task 11, Epoch 20/20 => Loss -0.150, Train_accy 100.00, Test_accy 71.30
2025-12-15 04:12:45,344 [trainer.py] => CNN: {'total': 71.3, '00-59': 97.27, '60-61': 0.0, '62-63': 0.0, '64-65': 0.0, '66-67': 0.5, '68-69': 0.0, '70-71': 0.0, '72-73': 1.0, '74-75': 0.0, '76-77': 4.0, '78-79': 0.0, '80-81': 0.0, '82-83': 90.0, '84-85': 100.0, '86-87': 100.0, '88-89': 100.0, '90-91': 100.0, '92-93': 100.0, '94-95': 90.0, '96-97': 90.0, '98-99': 100.0, 'old': 73.09, 'new': 0.0}
2025-12-15 04:12:45,344 [trainer.py] => CNN top1 curve: [97.35, 94.23, 91.23, 88.45, 85.81, 83.31, 80.79, 78.74, 76.89, 74.97, 73.14, 71.3]
2025-12-15 04:12:45,344 [trainer.py] => Average Accuracy (CNN): 83.02 

2025-12-15 04:12:45,346 [trainer.py] => All params: 171893193
2025-12-15 04:12:45,348 [trainer.py] => Trainable params: 199781
2025-12-15 04:12:45,348 [l2p.py] => Learning on 82-84

  0%|          | 0/20 [00:00<?, ?it/s]
Task 12, Epoch 1/20 => Loss 0.782, Train_accy 30.00:   0%|          | 0/20 [00:00<?, ?it/s]
Task 12, Epoch 1/20 => Loss 0.782, Train_accy 30.00:   5%|▌         | 1/20 [00:00<00:11,  1.71it/s]
Task 12, Epoch 2/20 => Loss 0.324, Train_accy 80.00:   5%|▌         | 1/20 [00:01<00:11,  1.71it/s]
Task 12, Epoch 2/20 => Loss 0.324, Train_accy 80.00:  10%|█         | 2/20 [00:01<00:10,  1.72it/s]
Task 12, Epoch 3/20 => Loss 0.059, Train_accy 100.00:  10%|█         | 2/20 [00:01<00:10,  1.72it/s]
Task 12, Epoch 3/20 => Loss 0.059, Train_accy 100.00:  15%|█▌        | 3/20 [00:01<00:09,  1.72it/s]
Task 12, Epoch 4/20 => Loss -0.071, Train_accy 100.00:  15%|█▌        | 3/20 [00:02<00:09,  1.72it/s]
Task 12, Epoch 4/20 => Loss -0.071, Train_accy 100.00:  20%|██        | 4/20 [00:02<00:09,  1.70it/s]
Task 12, Epoch 5/20 => Loss -0.095, Train_accy 100.00, Test_accy 69.62:  20%|██        | 4/20 [01:36<00:09,  1.70it/s]
Task 12, Epoch 5/20 => Loss -0.095, Train_accy 100.00, Test_accy 69.62:  25%|██▌       | 5/20 [01:36<08:37, 34.49s/it]
Task 12, Epoch 6/20 => Loss -0.130, Train_accy 100.00:  25%|██▌       | 5/20 [01:37<08:37, 34.49s/it]                 
Task 12, Epoch 6/20 => Loss -0.130, Train_accy 100.00:  30%|███       | 6/20 [01:37<05:21, 22.97s/it]
Task 12, Epoch 7/20 => Loss -0.048, Train_accy 100.00:  30%|███       | 6/20 [01:38<05:21, 22.97s/it]
Task 12, Epoch 7/20 => Loss -0.048, Train_accy 100.00:  35%|███▌      | 7/20 [01:38<03:23, 15.65s/it]
Task 12, Epoch 8/20 => Loss -0.157, Train_accy 100.00:  35%|███▌      | 7/20 [01:38<03:23, 15.65s/it]
Task 12, Epoch 8/20 => Loss -0.157, Train_accy 100.00:  40%|████      | 8/20 [01:38<02:10, 10.85s/it]
Task 12, Epoch 9/20 => Loss -0.127, Train_accy 100.00:  40%|████      | 8/20 [01:39<02:10, 10.85s/it]
Task 12, Epoch 9/20 => Loss -0.127, Train_accy 100.00:  45%|████▌     | 9/20 [01:39<01:24,  7.64s/it]
Task 12, Epoch 10/20 => Loss -0.162, Train_accy 100.00, Test_accy 69.64:  45%|████▌     | 9/20 [03:15<01:24,  7.64s/it]
Task 12, Epoch 10/20 => Loss -0.162, Train_accy 100.00, Test_accy 69.64:  50%|█████     | 10/20 [03:15<05:48, 34.87s/it]
Task 12, Epoch 11/20 => Loss -0.124, Train_accy 100.00:  50%|█████     | 10/20 [03:15<05:48, 34.87s/it]                 
Task 12, Epoch 11/20 => Loss -0.124, Train_accy 100.00:  55%|█████▌    | 11/20 [03:15<03:39, 24.38s/it]
Task 12, Epoch 12/20 => Loss -0.161, Train_accy 100.00:  55%|█████▌    | 11/20 [03:16<03:39, 24.38s/it]
Task 12, Epoch 12/20 => Loss -0.161, Train_accy 100.00:  60%|██████    | 12/20 [03:16<02:17, 17.14s/it]
Task 12, Epoch 13/20 => Loss -0.173, Train_accy 100.00:  60%|██████    | 12/20 [03:16<02:17, 17.14s/it]
Task 12, Epoch 13/20 => Loss -0.173, Train_accy 100.00:  65%|██████▌   | 13/20 [03:16<01:24, 12.13s/it]
Task 12, Epoch 14/20 => Loss -0.037, Train_accy 90.00:  65%|██████▌   | 13/20 [03:17<01:24, 12.13s/it] 
Task 12, Epoch 14/20 => Loss -0.037, Train_accy 90.00:  70%|███████   | 14/20 [03:17<00:51,  8.65s/it]
Task 12, Epoch 15/20 => Loss -0.163, Train_accy 100.00, Test_accy 69.62:  70%|███████   | 14/20 [04:52<00:51,  8.65s/it]
Task 12, Epoch 15/20 => Loss -0.163, Train_accy 100.00, Test_accy 69.62:  75%|███████▌  | 15/20 [04:52<02:53, 34.74s/it]
Task 12, Epoch 16/20 => Loss -0.166, Train_accy 100.00:  75%|███████▌  | 15/20 [04:53<02:53, 34.74s/it]                 
Task 12, Epoch 16/20 => Loss -0.166, Train_accy 100.00:  80%|████████  | 16/20 [04:53<01:37, 24.46s/it]
Task 12, Epoch 17/20 => Loss -0.145, Train_accy 100.00:  80%|████████  | 16/20 [04:53<01:37, 24.46s/it]
Task 12, Epoch 17/20 => Loss -0.145, Train_accy 100.00:  85%|████████▌ | 17/20 [04:53<00:51, 17.30s/it]
Task 12, Epoch 18/20 => Loss -0.152, Train_accy 100.00:  85%|████████▌ | 17/20 [04:54<00:51, 17.30s/it]
Task 12, Epoch 18/20 => Loss -0.152, Train_accy 100.00:  90%|█████████ | 18/20 [04:54<00:24, 12.28s/it]
Task 12, Epoch 19/20 => Loss -0.176, Train_accy 100.00:  90%|█████████ | 18/20 [04:55<00:24, 12.28s/it]
Task 12, Epoch 19/20 => Loss -0.176, Train_accy 100.00:  95%|█████████▌| 19/20 [04:55<00:08,  8.77s/it]
Task 12, Epoch 20/20 => Loss -0.164, Train_accy 100.00, Test_accy 69.63:  95%|█████████▌| 19/20 [06:26<00:08,  8.77s/it]
Task 12, Epoch 20/20 => Loss -0.164, Train_accy 100.00, Test_accy 69.63: 100%|██████████| 20/20 [06:26<00:00, 33.59s/it]
Task 12, Epoch 20/20 => Loss -0.164, Train_accy 100.00, Test_accy 69.63: 100%|██████████| 20/20 [06:26<00:00, 19.33s/it]
2025-12-15 04:19:11,935 [l2p.py] => Task 12, Epoch 20/20 => Loss -0.164, Train_accy 100.00, Test_accy 69.63
2025-12-15 04:20:50,606 [trainer.py] => CNN: {'total': 69.63, '00-59': 97.3, '60-61': 0.0, '62-63': 0.0, '64-65': 0.0, '66-67': 0.5, '68-69': 0.0, '70-71': 0.0, '72-73': 1.0, '74-75': 0.0, '76-77': 4.0, '78-79': 0.0, '80-81': 0.0, '82-83': 0.0, '84-85': 100.0, '86-87': 100.0, '88-89': 100.0, '90-91': 100.0, '92-93': 100.0, '94-95': 100.0, '96-97': 100.0, '98-99': 100.0, 'old': 71.33, 'new': 0.0}
2025-12-15 04:20:50,607 [trainer.py] => CNN top1 curve: [97.35, 94.23, 91.23, 88.45, 85.81, 83.31, 80.79, 78.74, 76.89, 74.97, 73.14, 71.3, 69.63]
2025-12-15 04:20:50,607 [trainer.py] => Average Accuracy (CNN): 81.99 

2025-12-15 04:20:50,609 [trainer.py] => All params: 171893193
2025-12-15 04:20:50,611 [trainer.py] => Trainable params: 199781
2025-12-15 04:20:50,612 [l2p.py] => Learning on 84-86

  0%|          | 0/20 [00:00<?, ?it/s]
Task 13, Epoch 1/20 => Loss 0.702, Train_accy 20.00:   0%|          | 0/20 [00:00<?, ?it/s]
Task 13, Epoch 1/20 => Loss 0.702, Train_accy 20.00:   5%|▌         | 1/20 [00:00<00:10,  1.76it/s]
Task 13, Epoch 2/20 => Loss 0.306, Train_accy 70.00:   5%|▌         | 1/20 [00:01<00:10,  1.76it/s]
Task 13, Epoch 2/20 => Loss 0.306, Train_accy 70.00:  10%|█         | 2/20 [00:01<00:09,  1.83it/s]
Task 13, Epoch 3/20 => Loss 0.029, Train_accy 100.00:  10%|█         | 2/20 [00:01<00:09,  1.83it/s]
Task 13, Epoch 3/20 => Loss 0.029, Train_accy 100.00:  15%|█▌        | 3/20 [00:01<00:10,  1.64it/s]
Task 13, Epoch 4/20 => Loss -0.055, Train_accy 100.00:  15%|█▌        | 3/20 [00:02<00:10,  1.64it/s]
Task 13, Epoch 4/20 => Loss -0.055, Train_accy 100.00:  20%|██        | 4/20 [00:02<00:09,  1.67it/s]
Task 13, Epoch 5/20 => Loss -0.120, Train_accy 100.00, Test_accy 67.98:  20%|██        | 4/20 [01:38<00:09,  1.67it/s]
Task 13, Epoch 5/20 => Loss -0.120, Train_accy 100.00, Test_accy 67.98:  25%|██▌       | 5/20 [01:38<08:45, 35.03s/it]
Task 13, Epoch 6/20 => Loss -0.153, Train_accy 100.00:  25%|██▌       | 5/20 [01:38<08:45, 35.03s/it]                 
Task 13, Epoch 6/20 => Loss -0.153, Train_accy 100.00:  30%|███       | 6/20 [01:38<05:26, 23.30s/it]
Task 13, Epoch 7/20 => Loss -0.129, Train_accy 100.00:  30%|███       | 6/20 [01:39<05:26, 23.30s/it]
Task 13, Epoch 7/20 => Loss -0.129, Train_accy 100.00:  35%|███▌      | 7/20 [01:39<03:26, 15.88s/it]
Task 13, Epoch 8/20 => Loss -0.154, Train_accy 100.00:  35%|███▌      | 7/20 [01:40<03:26, 15.88s/it]
Task 13, Epoch 8/20 => Loss -0.154, Train_accy 100.00:  40%|████      | 8/20 [01:40<02:12, 11.00s/it]
Task 13, Epoch 9/20 => Loss -0.170, Train_accy 100.00:  40%|████      | 8/20 [01:40<02:12, 11.00s/it]
Task 13, Epoch 9/20 => Loss -0.170, Train_accy 100.00:  45%|████▌     | 9/20 [01:40<01:24,  7.73s/it]
Task 13, Epoch 10/20 => Loss -0.190, Train_accy 100.00, Test_accy 67.97:  45%|████▌     | 9/20 [03:19<01:24,  7.73s/it]
Task 13, Epoch 10/20 => Loss -0.190, Train_accy 100.00, Test_accy 67.97:  50%|█████     | 10/20 [03:19<05:57, 35.76s/it]
Task 13, Epoch 11/20 => Loss -0.190, Train_accy 100.00:  50%|█████     | 10/20 [03:19<05:57, 35.76s/it]                 
Task 13, Epoch 11/20 => Loss -0.190, Train_accy 100.00:  55%|█████▌    | 11/20 [03:19<03:44, 24.98s/it]
Task 13, Epoch 12/20 => Loss -0.151, Train_accy 100.00:  55%|█████▌    | 11/20 [03:20<03:44, 24.98s/it]
Task 13, Epoch 12/20 => Loss -0.151, Train_accy 100.00:  60%|██████    | 12/20 [03:20<02:20, 17.56s/it]
Task 13, Epoch 13/20 => Loss -0.163, Train_accy 100.00:  60%|██████    | 12/20 [03:20<02:20, 17.56s/it]
Task 13, Epoch 13/20 => Loss -0.163, Train_accy 100.00:  65%|██████▌   | 13/20 [03:20<01:26, 12.39s/it]
Task 13, Epoch 14/20 => Loss -0.172, Train_accy 100.00:  65%|██████▌   | 13/20 [03:21<01:26, 12.39s/it]
Task 13, Epoch 14/20 => Loss -0.172, Train_accy 100.00:  70%|███████   | 14/20 [03:21<00:52,  8.82s/it]
Task 13, Epoch 15/20 => Loss -0.167, Train_accy 100.00, Test_accy 67.95:  70%|███████   | 14/20 [05:00<00:52,  8.82s/it]
Task 13, Epoch 15/20 => Loss -0.167, Train_accy 100.00, Test_accy 67.95:  75%|███████▌  | 15/20 [05:00<03:00, 36.08s/it]
Task 13, Epoch 16/20 => Loss -0.170, Train_accy 100.00:  75%|███████▌  | 15/20 [05:01<03:00, 36.08s/it]                 
Task 13, Epoch 16/20 => Loss -0.170, Train_accy 100.00:  80%|████████  | 16/20 [05:01<01:41, 25.37s/it]
Task 13, Epoch 17/20 => Loss -0.187, Train_accy 100.00:  80%|████████  | 16/20 [05:01<01:41, 25.37s/it]
Task 13, Epoch 17/20 => Loss -0.187, Train_accy 100.00:  85%|████████▌ | 17/20 [05:01<00:53, 17.90s/it]
Task 13, Epoch 18/20 => Loss -0.169, Train_accy 100.00:  85%|████████▌ | 17/20 [05:02<00:53, 17.90s/it]
Task 13, Epoch 18/20 => Loss -0.169, Train_accy 100.00:  90%|█████████ | 18/20 [05:02<00:25, 12.68s/it]
Task 13, Epoch 19/20 => Loss -0.171, Train_accy 100.00:  90%|█████████ | 18/20 [05:02<00:25, 12.68s/it]
Task 13, Epoch 19/20 => Loss -0.171, Train_accy 100.00:  95%|█████████▌| 19/20 [05:02<00:09,  9.03s/it]
Task 13, Epoch 20/20 => Loss -0.168, Train_accy 100.00, Test_accy 67.94:  95%|█████████▌| 19/20 [06:39<00:09,  9.03s/it]
Task 13, Epoch 20/20 => Loss -0.168, Train_accy 100.00, Test_accy 67.94: 100%|██████████| 20/20 [06:39<00:00, 35.34s/it]
Task 13, Epoch 20/20 => Loss -0.168, Train_accy 100.00, Test_accy 67.94: 100%|██████████| 20/20 [06:39<00:00, 19.97s/it]
2025-12-15 04:27:30,003 [l2p.py] => Task 13, Epoch 20/20 => Loss -0.168, Train_accy 100.00, Test_accy 67.94
2025-12-15 04:29:11,117 [trainer.py] => CNN: {'total': 67.94, '00-59': 97.2, '60-61': 0.0, '62-63': 0.0, '64-65': 0.0, '66-67': 1.0, '68-69': 0.0, '70-71': 0.0, '72-73': 1.0, '74-75': 0.0, '76-77': 3.5, '78-79': 0.0, '80-81': 0.0, '82-83': 0.0, '84-85': 0.0, '86-87': 100.0, '88-89': 100.0, '90-91': 100.0, '92-93': 100.0, '94-95': 100.0, '96-97': 100.0, '98-99': 100.0, 'old': 69.56, 'new': 0.0}
2025-12-15 04:29:11,118 [trainer.py] => CNN top1 curve: [97.35, 94.23, 91.23, 88.45, 85.81, 83.31, 80.79, 78.74, 76.89, 74.97, 73.14, 71.3, 69.63, 67.94]
2025-12-15 04:29:11,118 [trainer.py] => Average Accuracy (CNN): 80.98 

2025-12-15 04:29:11,120 [trainer.py] => All params: 171893193
2025-12-15 04:29:11,121 [trainer.py] => Trainable params: 199781
2025-12-15 04:29:11,121 [l2p.py] => Learning on 86-88

  0%|          | 0/20 [00:00<?, ?it/s]
Task 14, Epoch 1/20 => Loss 0.215, Train_accy 80.00:   0%|          | 0/20 [00:00<?, ?it/s]
Task 14, Epoch 1/20 => Loss 0.215, Train_accy 80.00:   5%|▌         | 1/20 [00:00<00:10,  1.85it/s]
Task 14, Epoch 2/20 => Loss 0.066, Train_accy 100.00:   5%|▌         | 1/20 [00:01<00:10,  1.85it/s]
Task 14, Epoch 2/20 => Loss 0.066, Train_accy 100.00:  10%|█         | 2/20 [00:01<00:09,  1.91it/s]
Task 14, Epoch 3/20 => Loss -0.015, Train_accy 100.00:  10%|█         | 2/20 [00:01<00:09,  1.91it/s]
Task 14, Epoch 3/20 => Loss -0.015, Train_accy 100.00:  15%|█▌        | 3/20 [00:01<00:09,  1.83it/s]
Task 14, Epoch 4/20 => Loss -0.019, Train_accy 90.00:  15%|█▌        | 3/20 [00:02<00:09,  1.83it/s] 
Task 14, Epoch 4/20 => Loss -0.019, Train_accy 90.00:  20%|██        | 4/20 [00:02<00:08,  1.83it/s]
Task 14, Epoch 5/20 => Loss -0.149, Train_accy 100.00, Test_accy 66.40:  20%|██        | 4/20 [01:44<00:08,  1.83it/s]
Task 14, Epoch 5/20 => Loss -0.149, Train_accy 100.00, Test_accy 66.40:  25%|██▌       | 5/20 [01:44<09:16, 37.11s/it]
Task 14, Epoch 6/20 => Loss -0.146, Train_accy 100.00:  25%|██▌       | 5/20 [01:44<09:16, 37.11s/it]                 
Task 14, Epoch 6/20 => Loss -0.146, Train_accy 100.00:  30%|███       | 6/20 [01:44<05:45, 24.69s/it]
Task 14, Epoch 7/20 => Loss -0.173, Train_accy 100.00:  30%|███       | 6/20 [01:45<05:45, 24.69s/it]
Task 14, Epoch 7/20 => Loss -0.173, Train_accy 100.00:  35%|███▌      | 7/20 [01:45<03:38, 16.80s/it]
Task 14, Epoch 8/20 => Loss -0.166, Train_accy 100.00:  35%|███▌      | 7/20 [01:45<03:38, 16.80s/it]
Task 14, Epoch 8/20 => Loss -0.166, Train_accy 100.00:  40%|████      | 8/20 [01:45<02:19, 11.64s/it]
Task 14, Epoch 9/20 => Loss -0.130, Train_accy 100.00:  40%|████      | 8/20 [01:46<02:19, 11.64s/it]
Task 14, Epoch 9/20 => Loss -0.130, Train_accy 100.00:  45%|████▌     | 9/20 [01:46<01:30,  8.18s/it]
Task 14, Epoch 10/20 => Loss -0.201, Train_accy 100.00, Test_accy 66.42:  45%|████▌     | 9/20 [03:25<01:30,  8.18s/it]
Task 14, Epoch 10/20 => Loss -0.201, Train_accy 100.00, Test_accy 66.42:  50%|█████     | 10/20 [03:25<06:01, 36.16s/it]
Task 14, Epoch 11/20 => Loss -0.174, Train_accy 100.00:  50%|█████     | 10/20 [03:25<06:01, 36.16s/it]                 
Task 14, Epoch 11/20 => Loss -0.174, Train_accy 100.00:  55%|█████▌    | 11/20 [03:25<03:47, 25.28s/it]
Task 14, Epoch 12/20 => Loss -0.196, Train_accy 100.00:  55%|█████▌    | 11/20 [03:26<03:47, 25.28s/it]
Task 14, Epoch 12/20 => Loss -0.196, Train_accy 100.00:  60%|██████    | 12/20 [03:26<02:22, 17.77s/it]
Task 14, Epoch 13/20 => Loss -0.204, Train_accy 100.00:  60%|██████    | 12/20 [03:27<02:22, 17.77s/it]
Task 14, Epoch 13/20 => Loss -0.204, Train_accy 100.00:  65%|██████▌   | 13/20 [03:27<01:27, 12.57s/it]
Task 14, Epoch 14/20 => Loss -0.201, Train_accy 100.00:  65%|██████▌   | 13/20 [03:27<01:27, 12.57s/it]
Task 14, Epoch 14/20 => Loss -0.201, Train_accy 100.00:  70%|███████   | 14/20 [03:27<00:53,  8.96s/it]
Task 14, Epoch 15/20 => Loss -0.198, Train_accy 100.00, Test_accy 66.42:  70%|███████   | 14/20 [05:08<00:53,  8.96s/it]
Task 14, Epoch 15/20 => Loss -0.198, Train_accy 100.00, Test_accy 66.42:  75%|███████▌  | 15/20 [05:08<03:02, 36.56s/it]
Task 14, Epoch 16/20 => Loss -0.190, Train_accy 100.00:  75%|███████▌  | 15/20 [05:08<03:02, 36.56s/it]                 
Task 14, Epoch 16/20 => Loss -0.190, Train_accy 100.00:  80%|████████  | 16/20 [05:08<01:42, 25.73s/it]
Task 14, Epoch 17/20 => Loss -0.184, Train_accy 100.00:  80%|████████  | 16/20 [05:09<01:42, 25.73s/it]
Task 14, Epoch 17/20 => Loss -0.184, Train_accy 100.00:  85%|████████▌ | 17/20 [05:09<00:54, 18.17s/it]
Task 14, Epoch 18/20 => Loss -0.192, Train_accy 100.00:  85%|████████▌ | 17/20 [05:09<00:54, 18.17s/it]
Task 14, Epoch 18/20 => Loss -0.192, Train_accy 100.00:  90%|█████████ | 18/20 [05:09<00:25, 12.90s/it]
Task 14, Epoch 19/20 => Loss -0.190, Train_accy 100.00:  90%|█████████ | 18/20 [05:10<00:25, 12.90s/it]
Task 14, Epoch 19/20 => Loss -0.190, Train_accy 100.00:  95%|█████████▌| 19/20 [05:10<00:09,  9.20s/it]
Task 14, Epoch 20/20 => Loss -0.180, Train_accy 100.00, Test_accy 66.42:  95%|█████████▌| 19/20 [06:51<00:09,  9.20s/it]
Task 14, Epoch 20/20 => Loss -0.180, Train_accy 100.00, Test_accy 66.42: 100%|██████████| 20/20 [06:51<00:00, 36.78s/it]
Task 14, Epoch 20/20 => Loss -0.180, Train_accy 100.00, Test_accy 66.42: 100%|██████████| 20/20 [06:51<00:00, 20.58s/it]
2025-12-15 04:36:02,760 [l2p.py] => Task 14, Epoch 20/20 => Loss -0.180, Train_accy 100.00, Test_accy 66.42
2025-12-15 04:37:32,566 [trainer.py] => CNN: {'total': 66.42, '00-59': 97.28, '60-61': 0.0, '62-63': 0.0, '64-65': 0.0, '66-67': 0.5, '68-69': 0.0, '70-71': 0.0, '72-73': 0.5, '74-75': 0.0, '76-77': 3.0, '78-79': 0.0, '80-81': 0.0, '82-83': 0.0, '84-85': 0.0, '86-87': 0.0, '88-89': 80.0, '90-91': 100.0, '92-93': 100.0, '94-95': 90.0, '96-97': 100.0, '98-99': 100.0, 'old': 67.97, 'new': 0.0}
2025-12-15 04:37:32,566 [trainer.py] => CNN top1 curve: [97.35, 94.23, 91.23, 88.45, 85.81, 83.31, 80.79, 78.74, 76.89, 74.97, 73.14, 71.3, 69.63, 67.94, 66.42]
2025-12-15 04:37:32,566 [trainer.py] => Average Accuracy (CNN): 80.01 

2025-12-15 04:37:32,568 [trainer.py] => All params: 171893193
2025-12-15 04:37:32,569 [trainer.py] => Trainable params: 199781
2025-12-15 04:37:32,569 [l2p.py] => Learning on 88-90

  0%|          | 0/20 [00:00<?, ?it/s]
Task 15, Epoch 1/20 => Loss 0.662, Train_accy 40.00:   0%|          | 0/20 [00:00<?, ?it/s]
Task 15, Epoch 1/20 => Loss 0.662, Train_accy 40.00:   5%|▌         | 1/20 [00:00<00:07,  2.45it/s]
Task 15, Epoch 2/20 => Loss 0.132, Train_accy 100.00:   5%|▌         | 1/20 [00:00<00:07,  2.45it/s]
Task 15, Epoch 2/20 => Loss 0.132, Train_accy 100.00:  10%|█         | 2/20 [00:00<00:07,  2.48it/s]
Task 15, Epoch 3/20 => Loss -0.042, Train_accy 100.00:  10%|█         | 2/20 [00:01<00:07,  2.48it/s]
Task 15, Epoch 3/20 => Loss -0.042, Train_accy 100.00:  15%|█▌        | 3/20 [00:01<00:07,  2.36it/s]
Task 15, Epoch 4/20 => Loss -0.072, Train_accy 100.00:  15%|█▌        | 3/20 [00:01<00:07,  2.36it/s]
Task 15, Epoch 4/20 => Loss -0.072, Train_accy 100.00:  20%|██        | 4/20 [00:01<00:06,  2.38it/s]
Task 15, Epoch 5/20 => Loss -0.090, Train_accy 100.00, Test_accy 64.93:  20%|██        | 4/20 [00:54<00:06,  2.38it/s]
Task 15, Epoch 5/20 => Loss -0.090, Train_accy 100.00, Test_accy 64.93:  25%|██▌       | 5/20 [00:54<04:47, 19.19s/it]
Task 15, Epoch 6/20 => Loss -0.123, Train_accy 100.00:  25%|██▌       | 5/20 [00:54<04:47, 19.19s/it]                 
Task 15, Epoch 6/20 => Loss -0.123, Train_accy 100.00:  30%|███       | 6/20 [00:54<02:59, 12.81s/it]
Task 15, Epoch 7/20 => Loss -0.080, Train_accy 90.00:  30%|███       | 6/20 [00:55<02:59, 12.81s/it] 
Task 15, Epoch 7/20 => Loss -0.080, Train_accy 90.00:  35%|███▌      | 7/20 [00:55<01:54,  8.77s/it]
Task 15, Epoch 8/20 => Loss -0.182, Train_accy 100.00:  35%|███▌      | 7/20 [00:55<01:54,  8.77s/it]
Task 15, Epoch 8/20 => Loss -0.182, Train_accy 100.00:  40%|████      | 8/20 [00:55<01:13,  6.11s/it]
Task 15, Epoch 9/20 => Loss -0.171, Train_accy 100.00:  40%|████      | 8/20 [00:55<01:13,  6.11s/it]
Task 15, Epoch 9/20 => Loss -0.171, Train_accy 100.00:  45%|████▌     | 9/20 [00:55<00:47,  4.34s/it]
Task 15, Epoch 10/20 => Loss -0.165, Train_accy 100.00, Test_accy 64.92:  45%|████▌     | 9/20 [01:48<00:47,  4.34s/it]
Task 15, Epoch 10/20 => Loss -0.165, Train_accy 100.00, Test_accy 64.92:  50%|█████     | 10/20 [01:48<03:12, 19.22s/it]
Task 15, Epoch 11/20 => Loss -0.204, Train_accy 100.00:  50%|█████     | 10/20 [01:48<03:12, 19.22s/it]                 
Task 15, Epoch 11/20 => Loss -0.204, Train_accy 100.00:  55%|█████▌    | 11/20 [01:48<02:01, 13.48s/it]
Task 15, Epoch 12/20 => Loss -0.174, Train_accy 100.00:  55%|█████▌    | 11/20 [01:49<02:01, 13.48s/it]
Task 15, Epoch 12/20 => Loss -0.174, Train_accy 100.00:  60%|██████    | 12/20 [01:49<01:16,  9.52s/it]
Task 15, Epoch 13/20 => Loss -0.190, Train_accy 100.00:  60%|██████    | 12/20 [01:49<01:16,  9.52s/it]
Task 15, Epoch 13/20 => Loss -0.190, Train_accy 100.00:  65%|██████▌   | 13/20 [01:49<00:47,  6.76s/it]
Task 15, Epoch 14/20 => Loss -0.170, Train_accy 100.00:  65%|██████▌   | 13/20 [01:50<00:47,  6.76s/it]
Task 15, Epoch 14/20 => Loss -0.170, Train_accy 100.00:  70%|███████   | 14/20 [01:50<00:29,  4.84s/it]
Task 15, Epoch 15/20 => Loss -0.060, Train_accy 90.00, Test_accy 64.94:  70%|███████   | 14/20 [02:42<00:29,  4.84s/it]
Task 15, Epoch 15/20 => Loss -0.060, Train_accy 90.00, Test_accy 64.94:  75%|███████▌  | 15/20 [02:42<01:36, 19.26s/it]
Task 15, Epoch 16/20 => Loss -0.204, Train_accy 100.00:  75%|███████▌  | 15/20 [02:43<01:36, 19.26s/it]                
Task 15, Epoch 16/20 => Loss -0.204, Train_accy 100.00:  80%|████████  | 16/20 [02:43<00:54, 13.60s/it]
Task 15, Epoch 17/20 => Loss -0.177, Train_accy 100.00:  80%|████████  | 16/20 [02:43<00:54, 13.60s/it]
Task 15, Epoch 17/20 => Loss -0.177, Train_accy 100.00:  85%|████████▌ | 17/20 [02:43<00:28,  9.65s/it]
Task 15, Epoch 18/20 => Loss -0.182, Train_accy 100.00:  85%|████████▌ | 17/20 [02:44<00:28,  9.65s/it]
Task 15, Epoch 18/20 => Loss -0.182, Train_accy 100.00:  90%|█████████ | 18/20 [02:44<00:13,  6.88s/it]
Task 15, Epoch 19/20 => Loss -0.192, Train_accy 100.00:  90%|█████████ | 18/20 [02:44<00:13,  6.88s/it]
Task 15, Epoch 19/20 => Loss -0.192, Train_accy 100.00:  95%|█████████▌| 19/20 [02:44<00:04,  4.94s/it]
Task 15, Epoch 20/20 => Loss -0.194, Train_accy 100.00, Test_accy 64.96:  95%|█████████▌| 19/20 [03:37<00:04,  4.94s/it]
Task 15, Epoch 20/20 => Loss -0.194, Train_accy 100.00, Test_accy 64.96: 100%|██████████| 20/20 [03:37<00:00, 19.21s/it]
Task 15, Epoch 20/20 => Loss -0.194, Train_accy 100.00, Test_accy 64.96: 100%|██████████| 20/20 [03:37<00:00, 10.85s/it]
2025-12-15 04:41:09,680 [l2p.py] => Task 15, Epoch 20/20 => Loss -0.194, Train_accy 100.00, Test_accy 64.96
2025-12-15 04:42:03,714 [trainer.py] => CNN: {'total': 64.96, '00-59': 97.27, '60-61': 0.0, '62-63': 0.0, '64-65': 0.0, '66-67': 0.5, '68-69': 0.0, '70-71': 0.0, '72-73': 1.0, '74-75': 0.0, '76-77': 3.5, '78-79': 0.0, '80-81': 0.0, '82-83': 0.0, '84-85': 0.0, '86-87': 0.0, '88-89': 0.0, '90-91': 100.0, '92-93': 100.0, '94-95': 100.0, '96-97': 100.0, '98-99': 100.0, 'old': 66.43, 'new': 0.0}
2025-12-15 04:42:03,714 [trainer.py] => CNN top1 curve: [97.35, 94.23, 91.23, 88.45, 85.81, 83.31, 80.79, 78.74, 76.89, 74.97, 73.14, 71.3, 69.63, 67.94, 66.42, 64.96]
2025-12-15 04:42:03,714 [trainer.py] => Average Accuracy (CNN): 79.07 

2025-12-15 04:42:03,717 [trainer.py] => All params: 171893193
2025-12-15 04:42:03,718 [trainer.py] => Trainable params: 199781
2025-12-15 04:42:03,719 [l2p.py] => Learning on 90-92

  0%|          | 0/20 [00:00<?, ?it/s]
Task 16, Epoch 1/20 => Loss 0.438, Train_accy 80.00:   0%|          | 0/20 [00:00<?, ?it/s]
Task 16, Epoch 1/20 => Loss 0.438, Train_accy 80.00:   5%|▌         | 1/20 [00:00<00:08,  2.31it/s]
Task 16, Epoch 2/20 => Loss 0.280, Train_accy 80.00:   5%|▌         | 1/20 [00:00<00:08,  2.31it/s]
Task 16, Epoch 2/20 => Loss 0.280, Train_accy 80.00:  10%|█         | 2/20 [00:00<00:08,  2.21it/s]
Task 16, Epoch 3/20 => Loss -0.016, Train_accy 100.00:  10%|█         | 2/20 [00:01<00:08,  2.21it/s]
Task 16, Epoch 3/20 => Loss -0.016, Train_accy 100.00:  15%|█▌        | 3/20 [00:01<00:07,  2.32it/s]
Task 16, Epoch 4/20 => Loss -0.089, Train_accy 100.00:  15%|█▌        | 3/20 [00:01<00:07,  2.32it/s]
Task 16, Epoch 4/20 => Loss -0.089, Train_accy 100.00:  20%|██        | 4/20 [00:01<00:06,  2.30it/s]
Task 16, Epoch 5/20 => Loss -0.147, Train_accy 100.00, Test_accy 63.54:  20%|██        | 4/20 [00:55<00:06,  2.30it/s]
Task 16, Epoch 5/20 => Loss -0.147, Train_accy 100.00, Test_accy 63.54:  25%|██▌       | 5/20 [00:55<04:53, 19.58s/it]
Task 16, Epoch 6/20 => Loss -0.114, Train_accy 100.00:  25%|██▌       | 5/20 [00:55<04:53, 19.58s/it]                 
Task 16, Epoch 6/20 => Loss -0.114, Train_accy 100.00:  30%|███       | 6/20 [00:55<03:03, 13.08s/it]
Task 16, Epoch 7/20 => Loss -0.097, Train_accy 100.00:  30%|███       | 6/20 [00:56<03:03, 13.08s/it]
Task 16, Epoch 7/20 => Loss -0.097, Train_accy 100.00:  35%|███▌      | 7/20 [00:56<01:56,  8.95s/it]
Task 16, Epoch 8/20 => Loss -0.170, Train_accy 100.00:  35%|███▌      | 7/20 [00:56<01:56,  8.95s/it]
Task 16, Epoch 8/20 => Loss -0.170, Train_accy 100.00:  40%|████      | 8/20 [00:56<01:14,  6.23s/it]
Task 16, Epoch 9/20 => Loss -0.151, Train_accy 100.00:  40%|████      | 8/20 [00:56<01:14,  6.23s/it]
Task 16, Epoch 9/20 => Loss -0.151, Train_accy 100.00:  45%|████▌     | 9/20 [00:56<00:48,  4.41s/it]
Task 16, Epoch 10/20 => Loss -0.031, Train_accy 90.00, Test_accy 63.55:  45%|████▌     | 9/20 [01:50<00:48,  4.41s/it]
Task 16, Epoch 10/20 => Loss -0.031, Train_accy 90.00, Test_accy 63.55:  50%|█████     | 10/20 [01:50<03:15, 19.58s/it]
Task 16, Epoch 11/20 => Loss -0.154, Train_accy 100.00:  50%|█████     | 10/20 [01:50<03:15, 19.58s/it]                
Task 16, Epoch 11/20 => Loss -0.154, Train_accy 100.00:  55%|█████▌    | 11/20 [01:50<02:03, 13.72s/it]
Task 16, Epoch 12/20 => Loss -0.195, Train_accy 100.00:  55%|█████▌    | 11/20 [01:51<02:03, 13.72s/it]
Task 16, Epoch 12/20 => Loss -0.195, Train_accy 100.00:  60%|██████    | 12/20 [01:51<01:17,  9.68s/it]
Task 16, Epoch 13/20 => Loss -0.143, Train_accy 100.00:  60%|██████    | 12/20 [01:51<01:17,  9.68s/it]
Task 16, Epoch 13/20 => Loss -0.143, Train_accy 100.00:  65%|██████▌   | 13/20 [01:51<00:48,  6.88s/it]
Task 16, Epoch 14/20 => Loss -0.176, Train_accy 100.00:  65%|██████▌   | 13/20 [01:52<00:48,  6.88s/it]
Task 16, Epoch 14/20 => Loss -0.176, Train_accy 100.00:  70%|███████   | 14/20 [01:52<00:29,  4.93s/it]
Task 16, Epoch 15/20 => Loss -0.189, Train_accy 100.00, Test_accy 63.55:  70%|███████   | 14/20 [02:45<00:29,  4.93s/it]
Task 16, Epoch 15/20 => Loss -0.189, Train_accy 100.00, Test_accy 63.55:  75%|███████▌  | 15/20 [02:45<01:38, 19.60s/it]
Task 16, Epoch 16/20 => Loss -0.154, Train_accy 100.00:  75%|███████▌  | 15/20 [02:46<01:38, 19.60s/it]                 
Task 16, Epoch 16/20 => Loss -0.154, Train_accy 100.00:  80%|████████  | 16/20 [02:46<00:55, 13.83s/it]
Task 16, Epoch 17/20 => Loss -0.117, Train_accy 100.00:  80%|████████  | 16/20 [02:46<00:55, 13.83s/it]
Task 16, Epoch 17/20 => Loss -0.117, Train_accy 100.00:  85%|████████▌ | 17/20 [02:46<00:29,  9.80s/it]
Task 16, Epoch 18/20 => Loss -0.169, Train_accy 100.00:  85%|████████▌ | 17/20 [02:47<00:29,  9.80s/it]
Task 16, Epoch 18/20 => Loss -0.169, Train_accy 100.00:  90%|█████████ | 18/20 [02:47<00:13,  6.99s/it]
Task 16, Epoch 19/20 => Loss -0.107, Train_accy 100.00:  90%|█████████ | 18/20 [02:47<00:13,  6.99s/it]
Task 16, Epoch 19/20 => Loss -0.107, Train_accy 100.00:  95%|█████████▌| 19/20 [02:47<00:05,  5.02s/it]
Task 16, Epoch 20/20 => Loss -0.169, Train_accy 100.00, Test_accy 63.54:  95%|█████████▌| 19/20 [03:41<00:05,  5.02s/it]
Task 16, Epoch 20/20 => Loss -0.169, Train_accy 100.00, Test_accy 63.54: 100%|██████████| 20/20 [03:41<00:00, 19.60s/it]
Task 16, Epoch 20/20 => Loss -0.169, Train_accy 100.00, Test_accy 63.54: 100%|██████████| 20/20 [03:41<00:00, 11.06s/it]
2025-12-15 04:45:44,940 [l2p.py] => Task 16, Epoch 20/20 => Loss -0.169, Train_accy 100.00, Test_accy 63.54
2025-12-15 04:46:40,306 [trainer.py] => CNN: {'total': 63.54, '00-59': 97.28, '60-61': 0.0, '62-63': 0.0, '64-65': 0.0, '66-67': 0.5, '68-69': 0.0, '70-71': 0.0, '72-73': 0.5, '74-75': 0.0, '76-77': 3.5, '78-79': 0.0, '80-81': 0.0, '82-83': 0.0, '84-85': 0.0, '86-87': 0.0, '88-89': 0.0, '90-91': 0.0, '92-93': 100.0, '94-95': 100.0, '96-97': 90.0, '98-99': 90.0, 'old': 64.96, 'new': 0.0}
2025-12-15 04:46:40,307 [trainer.py] => CNN top1 curve: [97.35, 94.23, 91.23, 88.45, 85.81, 83.31, 80.79, 78.74, 76.89, 74.97, 73.14, 71.3, 69.63, 67.94, 66.42, 64.96, 63.54]
2025-12-15 04:46:40,307 [trainer.py] => Average Accuracy (CNN): 78.16 

2025-12-15 04:46:40,309 [trainer.py] => All params: 171893193
2025-12-15 04:46:40,310 [trainer.py] => Trainable params: 199781
2025-12-15 04:46:40,310 [l2p.py] => Learning on 92-94

  0%|          | 0/20 [00:00<?, ?it/s]
Task 17, Epoch 1/20 => Loss 0.662, Train_accy 50.00:   0%|          | 0/20 [00:00<?, ?it/s]
Task 17, Epoch 1/20 => Loss 0.662, Train_accy 50.00:   5%|▌         | 1/20 [00:00<00:07,  2.50it/s]
Task 17, Epoch 2/20 => Loss 0.318, Train_accy 80.00:   5%|▌         | 1/20 [00:00<00:07,  2.50it/s]
Task 17, Epoch 2/20 => Loss 0.318, Train_accy 80.00:  10%|█         | 2/20 [00:00<00:07,  2.40it/s]
Task 17, Epoch 3/20 => Loss 0.010, Train_accy 100.00:  10%|█         | 2/20 [00:01<00:07,  2.40it/s]
Task 17, Epoch 3/20 => Loss 0.010, Train_accy 100.00:  15%|█▌        | 3/20 [00:01<00:07,  2.40it/s]
Task 17, Epoch 4/20 => Loss -0.014, Train_accy 100.00:  15%|█▌        | 3/20 [00:01<00:07,  2.40it/s]
Task 17, Epoch 4/20 => Loss -0.014, Train_accy 100.00:  20%|██        | 4/20 [00:01<00:06,  2.36it/s]
Task 17, Epoch 5/20 => Loss -0.099, Train_accy 100.00, Test_accy 62.20:  20%|██        | 4/20 [00:56<00:06,  2.36it/s]
Task 17, Epoch 5/20 => Loss -0.099, Train_accy 100.00, Test_accy 62.20:  25%|██▌       | 5/20 [00:56<04:59, 19.98s/it]
Task 17, Epoch 6/20 => Loss 0.019, Train_accy 90.00:  25%|██▌       | 5/20 [00:56<04:59, 19.98s/it]                   
Task 17, Epoch 6/20 => Loss 0.019, Train_accy 90.00:  30%|███       | 6/20 [00:56<03:06, 13.33s/it]
Task 17, Epoch 7/20 => Loss -0.141, Train_accy 100.00:  30%|███       | 6/20 [00:57<03:06, 13.33s/it]
Task 17, Epoch 7/20 => Loss -0.141, Train_accy 100.00:  35%|███▌      | 7/20 [00:57<01:58,  9.12s/it]
Task 17, Epoch 8/20 => Loss -0.146, Train_accy 100.00:  35%|███▌      | 7/20 [00:57<01:58,  9.12s/it]
Task 17, Epoch 8/20 => Loss -0.146, Train_accy 100.00:  40%|████      | 8/20 [00:57<01:16,  6.34s/it]
Task 17, Epoch 9/20 => Loss -0.125, Train_accy 100.00:  40%|████      | 8/20 [00:58<01:16,  6.34s/it]
Task 17, Epoch 9/20 => Loss -0.125, Train_accy 100.00:  45%|████▌     | 9/20 [00:58<00:49,  4.49s/it]
Task 17, Epoch 10/20 => Loss -0.168, Train_accy 100.00, Test_accy 62.18:  45%|████▌     | 9/20 [01:52<00:49,  4.49s/it]
Task 17, Epoch 10/20 => Loss -0.168, Train_accy 100.00, Test_accy 62.18:  50%|█████     | 10/20 [01:52<03:19, 19.99s/it]
Task 17, Epoch 11/20 => Loss -0.084, Train_accy 100.00:  50%|█████     | 10/20 [01:53<03:19, 19.99s/it]                 
Task 17, Epoch 11/20 => Loss -0.084, Train_accy 100.00:  55%|█████▌    | 11/20 [01:53<02:06, 14.00s/it]
Task 17, Epoch 12/20 => Loss -0.145, Train_accy 100.00:  55%|█████▌    | 11/20 [01:53<02:06, 14.00s/it]
Task 17, Epoch 12/20 => Loss -0.145, Train_accy 100.00:  60%|██████    | 12/20 [01:53<01:18,  9.87s/it]
Task 17, Epoch 13/20 => Loss -0.141, Train_accy 100.00:  60%|██████    | 12/20 [01:53<01:18,  9.87s/it]
Task 17, Epoch 13/20 => Loss -0.141, Train_accy 100.00:  65%|██████▌   | 13/20 [01:53<00:49,  7.01s/it]
Task 17, Epoch 14/20 => Loss -0.159, Train_accy 100.00:  65%|██████▌   | 13/20 [01:54<00:49,  7.01s/it]
Task 17, Epoch 14/20 => Loss -0.159, Train_accy 100.00:  70%|███████   | 14/20 [01:54<00:30,  5.02s/it]
Task 17, Epoch 15/20 => Loss -0.163, Train_accy 100.00, Test_accy 62.19:  70%|███████   | 14/20 [02:49<00:30,  5.02s/it]
Task 17, Epoch 15/20 => Loss -0.163, Train_accy 100.00, Test_accy 62.19:  75%|███████▌  | 15/20 [02:49<01:39, 20.00s/it]
Task 17, Epoch 16/20 => Loss -0.136, Train_accy 100.00:  75%|███████▌  | 15/20 [02:49<01:39, 20.00s/it]                 
Task 17, Epoch 16/20 => Loss -0.136, Train_accy 100.00:  80%|████████  | 16/20 [02:49<00:56, 14.10s/it]
Task 17, Epoch 17/20 => Loss -0.152, Train_accy 100.00:  80%|████████  | 16/20 [02:49<00:56, 14.10s/it]
Task 17, Epoch 17/20 => Loss -0.152, Train_accy 100.00:  85%|████████▌ | 17/20 [02:49<00:29,  9.98s/it]
Task 17, Epoch 18/20 => Loss -0.141, Train_accy 100.00:  85%|████████▌ | 17/20 [02:50<00:29,  9.98s/it]
Task 17, Epoch 18/20 => Loss -0.141, Train_accy 100.00:  90%|█████████ | 18/20 [02:50<00:14,  7.10s/it]
Task 17, Epoch 19/20 => Loss -0.150, Train_accy 100.00:  90%|█████████ | 18/20 [02:50<00:14,  7.10s/it]
Task 17, Epoch 19/20 => Loss -0.150, Train_accy 100.00:  95%|█████████▌| 19/20 [02:50<00:05,  5.09s/it]
Task 17, Epoch 20/20 => Loss -0.120, Train_accy 100.00, Test_accy 62.18:  95%|█████████▌| 19/20 [03:45<00:05,  5.09s/it]
Task 17, Epoch 20/20 => Loss -0.120, Train_accy 100.00, Test_accy 62.18: 100%|██████████| 20/20 [03:45<00:00, 19.97s/it]
Task 17, Epoch 20/20 => Loss -0.120, Train_accy 100.00, Test_accy 62.18: 100%|██████████| 20/20 [03:45<00:00, 11.27s/it]
2025-12-15 04:50:25,706 [l2p.py] => Task 17, Epoch 20/20 => Loss -0.120, Train_accy 100.00, Test_accy 62.18
2025-12-15 04:51:21,452 [trainer.py] => CNN: {'total': 62.18, '00-59': 97.27, '60-61': 0.0, '62-63': 0.0, '64-65': 0.0, '66-67': 0.5, '68-69': 0.0, '70-71': 0.0, '72-73': 0.5, '74-75': 0.0, '76-77': 3.5, '78-79': 0.0, '80-81': 0.0, '82-83': 0.0, '84-85': 0.0, '86-87': 0.0, '88-89': 0.0, '90-91': 0.0, '92-93': 0.0, '94-95': 90.0, '96-97': 100.0, '98-99': 90.0, 'old': 63.53, 'new': 0.0}
2025-12-15 04:51:21,452 [trainer.py] => CNN top1 curve: [97.35, 94.23, 91.23, 88.45, 85.81, 83.31, 80.79, 78.74, 76.89, 74.97, 73.14, 71.3, 69.63, 67.94, 66.42, 64.96, 63.54, 62.18]
2025-12-15 04:51:21,452 [trainer.py] => Average Accuracy (CNN): 77.27 

2025-12-15 04:51:21,454 [trainer.py] => All params: 171893193
2025-12-15 04:51:21,456 [trainer.py] => Trainable params: 199781
2025-12-15 04:51:21,456 [l2p.py] => Learning on 94-96

  0%|          | 0/20 [00:00<?, ?it/s]
Task 18, Epoch 1/20 => Loss 0.799, Train_accy 20.00:   0%|          | 0/20 [00:00<?, ?it/s]
Task 18, Epoch 1/20 => Loss 0.799, Train_accy 20.00:   5%|▌         | 1/20 [00:00<00:08,  2.23it/s]
Task 18, Epoch 2/20 => Loss 0.186, Train_accy 100.00:   5%|▌         | 1/20 [00:00<00:08,  2.23it/s]
Task 18, Epoch 2/20 => Loss 0.186, Train_accy 100.00:  10%|█         | 2/20 [00:00<00:08,  2.15it/s]
Task 18, Epoch 3/20 => Loss 0.076, Train_accy 80.00:  10%|█         | 2/20 [00:01<00:08,  2.15it/s] 
Task 18, Epoch 3/20 => Loss 0.076, Train_accy 80.00:  15%|█▌        | 3/20 [00:01<00:07,  2.18it/s]
Task 18, Epoch 4/20 => Loss -0.101, Train_accy 100.00:  15%|█▌        | 3/20 [00:01<00:07,  2.18it/s]
Task 18, Epoch 4/20 => Loss -0.101, Train_accy 100.00:  20%|██        | 4/20 [00:01<00:07,  2.20it/s]
Task 18, Epoch 5/20 => Loss -0.157, Train_accy 100.00, Test_accy 60.88:  20%|██        | 4/20 [00:57<00:07,  2.20it/s]
Task 18, Epoch 5/20 => Loss -0.157, Train_accy 100.00, Test_accy 60.88:  25%|██▌       | 5/20 [00:57<05:06, 20.43s/it]
Task 18, Epoch 6/20 => Loss -0.157, Train_accy 100.00:  25%|██▌       | 5/20 [00:58<05:06, 20.43s/it]                 
Task 18, Epoch 6/20 => Loss -0.157, Train_accy 100.00:  30%|███       | 6/20 [00:58<03:11, 13.65s/it]
Task 18, Epoch 7/20 => Loss -0.187, Train_accy 100.00:  30%|███       | 6/20 [00:58<03:11, 13.65s/it]
Task 18, Epoch 7/20 => Loss -0.187, Train_accy 100.00:  35%|███▌      | 7/20 [00:58<02:01,  9.33s/it]
Task 18, Epoch 8/20 => Loss -0.168, Train_accy 100.00:  35%|███▌      | 7/20 [00:59<02:01,  9.33s/it]
Task 18, Epoch 8/20 => Loss -0.168, Train_accy 100.00:  40%|████      | 8/20 [00:59<01:18,  6.51s/it]
Task 18, Epoch 9/20 => Loss -0.176, Train_accy 100.00:  40%|████      | 8/20 [00:59<01:18,  6.51s/it]
Task 18, Epoch 9/20 => Loss -0.176, Train_accy 100.00:  45%|████▌     | 9/20 [00:59<00:50,  4.63s/it]
Task 18, Epoch 10/20 => Loss -0.188, Train_accy 100.00, Test_accy 60.86:  45%|████▌     | 9/20 [01:55<00:50,  4.63s/it]
Task 18, Epoch 10/20 => Loss -0.188, Train_accy 100.00, Test_accy 60.86:  50%|█████     | 10/20 [01:55<03:24, 20.44s/it]
Task 18, Epoch 11/20 => Loss -0.195, Train_accy 100.00:  50%|█████     | 10/20 [01:55<03:24, 20.44s/it]                 
Task 18, Epoch 11/20 => Loss -0.195, Train_accy 100.00:  55%|█████▌    | 11/20 [01:55<02:08, 14.33s/it]
Task 18, Epoch 12/20 => Loss -0.214, Train_accy 100.00:  55%|█████▌    | 11/20 [01:56<02:08, 14.33s/it]
Task 18, Epoch 12/20 => Loss -0.214, Train_accy 100.00:  60%|██████    | 12/20 [01:56<01:20, 10.11s/it]
Task 18, Epoch 13/20 => Loss -0.076, Train_accy 90.00:  60%|██████    | 12/20 [01:56<01:20, 10.11s/it] 
Task 18, Epoch 13/20 => Loss -0.076, Train_accy 90.00:  65%|██████▌   | 13/20 [01:56<00:50,  7.18s/it]
Task 18, Epoch 14/20 => Loss -0.187, Train_accy 100.00:  65%|██████▌   | 13/20 [01:57<00:50,  7.18s/it]
Task 18, Epoch 14/20 => Loss -0.187, Train_accy 100.00:  70%|███████   | 14/20 [01:57<00:30,  5.15s/it]
Task 18, Epoch 15/20 => Loss -0.201, Train_accy 100.00, Test_accy 60.83:  70%|███████   | 14/20 [02:53<00:30,  5.15s/it]
Task 18, Epoch 15/20 => Loss -0.201, Train_accy 100.00, Test_accy 60.83:  75%|███████▌  | 15/20 [02:53<01:42, 20.45s/it]
Task 18, Epoch 16/20 => Loss -0.214, Train_accy 100.00:  75%|███████▌  | 15/20 [02:53<01:42, 20.45s/it]                 
Task 18, Epoch 16/20 => Loss -0.214, Train_accy 100.00:  80%|████████  | 16/20 [02:53<00:57, 14.43s/it]
Task 18, Epoch 17/20 => Loss -0.203, Train_accy 100.00:  80%|████████  | 16/20 [02:54<00:57, 14.43s/it]
Task 18, Epoch 17/20 => Loss -0.203, Train_accy 100.00:  85%|████████▌ | 17/20 [02:54<00:30, 10.23s/it]
Task 18, Epoch 18/20 => Loss -0.182, Train_accy 100.00:  85%|████████▌ | 17/20 [02:54<00:30, 10.23s/it]
Task 18, Epoch 18/20 => Loss -0.182, Train_accy 100.00:  90%|█████████ | 18/20 [02:54<00:14,  7.29s/it]
Task 18, Epoch 19/20 => Loss -0.198, Train_accy 100.00:  90%|█████████ | 18/20 [02:54<00:14,  7.29s/it]
Task 18, Epoch 19/20 => Loss -0.198, Train_accy 100.00:  95%|█████████▌| 19/20 [02:54<00:05,  5.23s/it]
Task 18, Epoch 20/20 => Loss -0.207, Train_accy 100.00, Test_accy 60.83:  95%|█████████▌| 19/20 [03:51<00:05,  5.23s/it]
Task 18, Epoch 20/20 => Loss -0.207, Train_accy 100.00, Test_accy 60.83: 100%|██████████| 20/20 [03:51<00:00, 20.54s/it]
Task 18, Epoch 20/20 => Loss -0.207, Train_accy 100.00, Test_accy 60.83: 100%|██████████| 20/20 [03:51<00:00, 11.56s/it]
2025-12-15 04:55:12,639 [l2p.py] => Task 18, Epoch 20/20 => Loss -0.207, Train_accy 100.00, Test_accy 60.83
2025-12-15 04:56:09,446 [trainer.py] => CNN: {'total': 60.83, '00-59': 97.22, '60-61': 0.0, '62-63': 0.0, '64-65': 0.0, '66-67': 0.5, '68-69': 0.0, '70-71': 0.0, '72-73': 0.5, '74-75': 0.0, '76-77': 2.5, '78-79': 0.0, '80-81': 0.0, '82-83': 0.0, '84-85': 0.0, '86-87': 0.0, '88-89': 0.0, '90-91': 0.0, '92-93': 0.0, '94-95': 0.0, '96-97': 100.0, '98-99': 100.0, 'old': 62.13, 'new': 0.0}
2025-12-15 04:56:09,447 [trainer.py] => CNN top1 curve: [97.35, 94.23, 91.23, 88.45, 85.81, 83.31, 80.79, 78.74, 76.89, 74.97, 73.14, 71.3, 69.63, 67.94, 66.42, 64.96, 63.54, 62.18, 60.83]
2025-12-15 04:56:09,447 [trainer.py] => Average Accuracy (CNN): 76.41 

2025-12-15 04:56:09,448 [trainer.py] => All params: 171893193
2025-12-15 04:56:09,449 [trainer.py] => Trainable params: 199781
2025-12-15 04:56:09,450 [l2p.py] => Learning on 96-98

  0%|          | 0/20 [00:00<?, ?it/s]
Task 19, Epoch 1/20 => Loss 1.082, Train_accy 30.00:   0%|          | 0/20 [00:00<?, ?it/s]
Task 19, Epoch 1/20 => Loss 1.082, Train_accy 30.00:   5%|▌         | 1/20 [00:00<00:07,  2.40it/s]
Task 19, Epoch 2/20 => Loss 0.382, Train_accy 70.00:   5%|▌         | 1/20 [00:00<00:07,  2.40it/s]
Task 19, Epoch 2/20 => Loss 0.382, Train_accy 70.00:  10%|█         | 2/20 [00:00<00:07,  2.36it/s]
Task 19, Epoch 3/20 => Loss 0.087, Train_accy 100.00:  10%|█         | 2/20 [00:01<00:07,  2.36it/s]
Task 19, Epoch 3/20 => Loss 0.087, Train_accy 100.00:  15%|█▌        | 3/20 [00:01<00:07,  2.42it/s]
Task 19, Epoch 4/20 => Loss -0.045, Train_accy 100.00:  15%|█▌        | 3/20 [00:01<00:07,  2.42it/s]
Task 19, Epoch 4/20 => Loss -0.045, Train_accy 100.00:  20%|██        | 4/20 [00:01<00:06,  2.30it/s]
Task 19, Epoch 5/20 => Loss -0.052, Train_accy 100.00, Test_accy 59.60:  20%|██        | 4/20 [00:58<00:06,  2.30it/s]
Task 19, Epoch 5/20 => Loss -0.052, Train_accy 100.00, Test_accy 59.60:  25%|██▌       | 5/20 [00:58<05:12, 20.84s/it]
Task 19, Epoch 6/20 => Loss -0.081, Train_accy 100.00:  25%|██▌       | 5/20 [00:59<05:12, 20.84s/it]                 
Task 19, Epoch 6/20 => Loss -0.081, Train_accy 100.00:  30%|███       | 6/20 [00:59<03:14, 13.90s/it]
Task 19, Epoch 7/20 => Loss -0.113, Train_accy 100.00:  30%|███       | 6/20 [00:59<03:14, 13.90s/it]
Task 19, Epoch 7/20 => Loss -0.113, Train_accy 100.00:  35%|███▌      | 7/20 [00:59<02:03,  9.51s/it]
Task 19, Epoch 8/20 => Loss -0.132, Train_accy 100.00:  35%|███▌      | 7/20 [01:00<02:03,  9.51s/it]
Task 19, Epoch 8/20 => Loss -0.132, Train_accy 100.00:  40%|████      | 8/20 [01:00<01:19,  6.62s/it]
Task 19, Epoch 9/20 => Loss -0.131, Train_accy 100.00:  40%|████      | 8/20 [01:00<01:19,  6.62s/it]
Task 19, Epoch 9/20 => Loss -0.131, Train_accy 100.00:  45%|████▌     | 9/20 [01:00<00:51,  4.69s/it]
Task 19, Epoch 10/20 => Loss -0.111, Train_accy 100.00, Test_accy 59.60:  45%|████▌     | 9/20 [01:57<00:51,  4.69s/it]
Task 19, Epoch 10/20 => Loss -0.111, Train_accy 100.00, Test_accy 59.60:  50%|█████     | 10/20 [01:57<03:27, 20.78s/it]
Task 19, Epoch 11/20 => Loss -0.171, Train_accy 100.00:  50%|█████     | 10/20 [01:57<03:27, 20.78s/it]                 
Task 19, Epoch 11/20 => Loss -0.171, Train_accy 100.00:  55%|█████▌    | 11/20 [01:57<02:10, 14.56s/it]
Task 19, Epoch 12/20 => Loss -0.147, Train_accy 100.00:  55%|█████▌    | 11/20 [01:58<02:10, 14.56s/it]
Task 19, Epoch 12/20 => Loss -0.147, Train_accy 100.00:  60%|██████    | 12/20 [01:58<01:22, 10.26s/it]
Task 19, Epoch 13/20 => Loss -0.129, Train_accy 100.00:  60%|██████    | 12/20 [01:58<01:22, 10.26s/it]
Task 19, Epoch 13/20 => Loss -0.129, Train_accy 100.00:  65%|██████▌   | 13/20 [01:58<00:50,  7.27s/it]
Task 19, Epoch 14/20 => Loss -0.153, Train_accy 100.00:  65%|██████▌   | 13/20 [01:59<00:50,  7.27s/it]
Task 19, Epoch 14/20 => Loss -0.153, Train_accy 100.00:  70%|███████   | 14/20 [01:59<00:31,  5.21s/it]
Task 19, Epoch 15/20 => Loss -0.184, Train_accy 100.00, Test_accy 59.58:  70%|███████   | 14/20 [02:56<00:31,  5.21s/it]
Task 19, Epoch 15/20 => Loss -0.184, Train_accy 100.00, Test_accy 59.58:  75%|███████▌  | 15/20 [02:56<01:44, 20.82s/it]
Task 19, Epoch 16/20 => Loss -0.155, Train_accy 100.00:  75%|███████▌  | 15/20 [02:56<01:44, 20.82s/it]                 
Task 19, Epoch 16/20 => Loss -0.155, Train_accy 100.00:  80%|████████  | 16/20 [02:56<00:58, 14.68s/it]
Task 19, Epoch 17/20 => Loss -0.177, Train_accy 100.00:  80%|████████  | 16/20 [02:56<00:58, 14.68s/it]
Task 19, Epoch 17/20 => Loss -0.177, Train_accy 100.00:  85%|████████▌ | 17/20 [02:56<00:31, 10.40s/it]
Task 19, Epoch 18/20 => Loss -0.167, Train_accy 100.00:  85%|████████▌ | 17/20 [02:57<00:31, 10.40s/it]
Task 19, Epoch 18/20 => Loss -0.167, Train_accy 100.00:  90%|█████████ | 18/20 [02:57<00:14,  7.41s/it]
Task 19, Epoch 19/20 => Loss -0.172, Train_accy 100.00:  90%|█████████ | 18/20 [02:57<00:14,  7.41s/it]
Task 19, Epoch 19/20 => Loss -0.172, Train_accy 100.00:  95%|█████████▌| 19/20 [02:57<00:05,  5.30s/it]
Task 19, Epoch 20/20 => Loss -0.170, Train_accy 100.00, Test_accy 59.58:  95%|█████████▌| 19/20 [03:54<00:05,  5.30s/it]
Task 19, Epoch 20/20 => Loss -0.170, Train_accy 100.00, Test_accy 59.58: 100%|██████████| 20/20 [03:54<00:00, 20.83s/it]
Task 19, Epoch 20/20 => Loss -0.170, Train_accy 100.00, Test_accy 59.58: 100%|██████████| 20/20 [03:54<00:00, 11.74s/it]
2025-12-15 05:00:04,235 [l2p.py] => Task 19, Epoch 20/20 => Loss -0.170, Train_accy 100.00, Test_accy 59.58
2025-12-15 05:01:01,577 [trainer.py] => CNN: {'total': 59.58, '00-59': 97.23, '60-61': 0.0, '62-63': 0.0, '64-65': 0.0, '66-67': 0.0, '68-69': 0.0, '70-71': 0.0, '72-73': 0.5, '74-75': 0.0, '76-77': 2.0, '78-79': 0.0, '80-81': 0.0, '82-83': 0.0, '84-85': 0.0, '86-87': 0.0, '88-89': 0.0, '90-91': 0.0, '92-93': 0.0, '94-95': 0.0, '96-97': 0.0, '98-99': 100.0, 'old': 60.82, 'new': 0.0}
2025-12-15 05:01:01,578 [trainer.py] => CNN top1 curve: [97.35, 94.23, 91.23, 88.45, 85.81, 83.31, 80.79, 78.74, 76.89, 74.97, 73.14, 71.3, 69.63, 67.94, 66.42, 64.96, 63.54, 62.18, 60.83, 59.58]
2025-12-15 05:01:01,578 [trainer.py] => Average Accuracy (CNN): 75.56 

2025-12-15 05:01:01,581 [trainer.py] => All params: 171893193
2025-12-15 05:01:01,583 [trainer.py] => Trainable params: 199781
2025-12-15 05:01:01,583 [l2p.py] => Learning on 98-100

  0%|          | 0/20 [00:00<?, ?it/s]
Task 20, Epoch 1/20 => Loss 0.338, Train_accy 80.00:   0%|          | 0/20 [00:00<?, ?it/s]
Task 20, Epoch 1/20 => Loss 0.338, Train_accy 80.00:   5%|▌         | 1/20 [00:00<00:07,  2.43it/s]
Task 20, Epoch 2/20 => Loss 0.058, Train_accy 100.00:   5%|▌         | 1/20 [00:00<00:07,  2.43it/s]
Task 20, Epoch 2/20 => Loss 0.058, Train_accy 100.00:  10%|█         | 2/20 [00:00<00:07,  2.40it/s]
Task 20, Epoch 3/20 => Loss 0.073, Train_accy 90.00:  10%|█         | 2/20 [00:01<00:07,  2.40it/s] 
Task 20, Epoch 3/20 => Loss 0.073, Train_accy 90.00:  15%|█▌        | 3/20 [00:01<00:06,  2.45it/s]
Task 20, Epoch 4/20 => Loss -0.020, Train_accy 90.00:  15%|█▌        | 3/20 [00:01<00:06,  2.45it/s]
Task 20, Epoch 4/20 => Loss -0.020, Train_accy 90.00:  20%|██        | 4/20 [00:01<00:06,  2.41it/s]
Task 20, Epoch 5/20 => Loss -0.065, Train_accy 90.00, Test_accy 58.42:  20%|██        | 4/20 [00:59<00:06,  2.41it/s]
Task 20, Epoch 5/20 => Loss -0.065, Train_accy 90.00, Test_accy 58.42:  25%|██▌       | 5/20 [00:59<05:18, 21.21s/it]
Task 20, Epoch 6/20 => Loss -0.157, Train_accy 100.00:  25%|██▌       | 5/20 [01:00<05:18, 21.21s/it]                
Task 20, Epoch 6/20 => Loss -0.157, Train_accy 100.00:  30%|███       | 6/20 [01:00<03:17, 14.13s/it]
Task 20, Epoch 7/20 => Loss -0.157, Train_accy 100.00:  30%|███       | 6/20 [01:00<03:17, 14.13s/it]
Task 20, Epoch 7/20 => Loss -0.157, Train_accy 100.00:  35%|███▌      | 7/20 [01:00<02:05,  9.66s/it]
Task 20, Epoch 8/20 => Loss -0.194, Train_accy 100.00:  35%|███▌      | 7/20 [01:00<02:05,  9.66s/it]
Task 20, Epoch 8/20 => Loss -0.194, Train_accy 100.00:  40%|████      | 8/20 [01:00<01:20,  6.71s/it]
Task 20, Epoch 9/20 => Loss -0.182, Train_accy 100.00:  40%|████      | 8/20 [01:01<01:20,  6.71s/it]
Task 20, Epoch 9/20 => Loss -0.182, Train_accy 100.00:  45%|████▌     | 9/20 [01:01<00:52,  4.74s/it]
Task 20, Epoch 10/20 => Loss -0.157, Train_accy 100.00, Test_accy 58.43:  45%|████▌     | 9/20 [01:59<00:52,  4.74s/it]
Task 20, Epoch 10/20 => Loss -0.157, Train_accy 100.00, Test_accy 58.43:  50%|█████     | 10/20 [01:59<03:32, 21.24s/it]
Task 20, Epoch 11/20 => Loss -0.134, Train_accy 100.00:  50%|█████     | 10/20 [01:59<03:32, 21.24s/it]                 
Task 20, Epoch 11/20 => Loss -0.134, Train_accy 100.00:  55%|█████▌    | 11/20 [01:59<02:13, 14.87s/it]
Task 20, Epoch 12/20 => Loss -0.125, Train_accy 100.00:  55%|█████▌    | 11/20 [02:00<02:13, 14.87s/it]
Task 20, Epoch 12/20 => Loss -0.125, Train_accy 100.00:  60%|██████    | 12/20 [02:00<01:23, 10.48s/it]
Task 20, Epoch 13/20 => Loss -0.183, Train_accy 100.00:  60%|██████    | 12/20 [02:00<01:23, 10.48s/it]
Task 20, Epoch 13/20 => Loss -0.183, Train_accy 100.00:  65%|██████▌   | 13/20 [02:00<00:52,  7.43s/it]
Task 20, Epoch 14/20 => Loss -0.155, Train_accy 100.00:  65%|██████▌   | 13/20 [02:01<00:52,  7.43s/it]
Task 20, Epoch 14/20 => Loss -0.155, Train_accy 100.00:  70%|███████   | 14/20 [02:01<00:31,  5.30s/it]
Task 20, Epoch 15/20 => Loss -0.201, Train_accy 100.00, Test_accy 58.40:  70%|███████   | 14/20 [02:59<00:31,  5.30s/it]
Task 20, Epoch 15/20 => Loss -0.201, Train_accy 100.00, Test_accy 58.40:  75%|███████▌  | 15/20 [02:59<01:46, 21.22s/it]
Task 20, Epoch 16/20 => Loss -0.099, Train_accy 90.00:  75%|███████▌  | 15/20 [02:59<01:46, 21.22s/it]                  
Task 20, Epoch 16/20 => Loss -0.099, Train_accy 90.00:  80%|████████  | 16/20 [02:59<00:59, 14.97s/it]
Task 20, Epoch 17/20 => Loss -0.187, Train_accy 100.00:  80%|████████  | 16/20 [03:00<00:59, 14.97s/it]
Task 20, Epoch 17/20 => Loss -0.187, Train_accy 100.00:  85%|████████▌ | 17/20 [03:00<00:31, 10.59s/it]
Task 20, Epoch 18/20 => Loss -0.075, Train_accy 90.00:  85%|████████▌ | 17/20 [03:00<00:31, 10.59s/it] 
Task 20, Epoch 18/20 => Loss -0.075, Train_accy 90.00:  90%|█████████ | 18/20 [03:00<00:15,  7.54s/it]
Task 20, Epoch 19/20 => Loss -0.186, Train_accy 100.00:  90%|█████████ | 18/20 [03:01<00:15,  7.54s/it]
Task 20, Epoch 19/20 => Loss -0.186, Train_accy 100.00:  95%|█████████▌| 19/20 [03:01<00:05,  5.41s/it]
Task 20, Epoch 20/20 => Loss -0.195, Train_accy 100.00, Test_accy 58.41:  95%|█████████▌| 19/20 [03:59<00:05,  5.41s/it]
Task 20, Epoch 20/20 => Loss -0.195, Train_accy 100.00, Test_accy 58.41: 100%|██████████| 20/20 [03:59<00:00, 21.29s/it]
Task 20, Epoch 20/20 => Loss -0.195, Train_accy 100.00, Test_accy 58.41: 100%|██████████| 20/20 [03:59<00:00, 11.97s/it]
2025-12-15 05:05:00,996 [l2p.py] => Task 20, Epoch 20/20 => Loss -0.195, Train_accy 100.00, Test_accy 58.41
2025-12-15 05:05:59,315 [trainer.py] => CNN: {'total': 58.41, '00-59': 97.22, '60-61': 0.0, '62-63': 0.0, '64-65': 0.0, '66-67': 0.0, '68-69': 0.0, '70-71': 0.0, '72-73': 0.5, '74-75': 0.0, '76-77': 3.5, '78-79': 0.0, '80-81': 0.0, '82-83': 0.0, '84-85': 0.0, '86-87': 0.0, '88-89': 0.0, '90-91': 0.0, '92-93': 0.0, '94-95': 0.0, '96-97': 0.0, '98-99': 0.0, 'old': 59.6, 'new': 0.0}
2025-12-15 05:05:59,315 [trainer.py] => CNN top1 curve: [97.35, 94.23, 91.23, 88.45, 85.81, 83.31, 80.79, 78.74, 76.89, 74.97, 73.14, 71.3, 69.63, 67.94, 66.42, 64.96, 63.54, 62.18, 60.83, 59.58, 58.41]
2025-12-15 05:05:59,315 [trainer.py] => Average Accuracy (CNN): 74.75 


================================================================================
Finished mini_imagenet_init60_inc2: vit_base_patch16_224_l2p  
Base Accuracy: 97.35
Lase Accuracy: 58.41
Average Accuracy (Top1): 74.75
PD: 38.94
Backward Transfer (BWT): -0.11
Traceback (most recent call last):
  File "/home/team/zhaohongwei/Code/Research/Awesome-FSCIL/CIL_Model/main.py", line 24, in <module>
    main()
  File "/home/team/zhaohongwei/Code/Research/Awesome-FSCIL/CIL_Model/main.py", line 11, in main
    train(args)
  File "/home/team/zhaohongwei/Code/Research/Awesome-FSCIL/CIL_Model/trainer.py", line 29, in train
    _train(args)
  File "/home/team/zhaohongwei/Code/Research/Awesome-FSCIL/CIL_Model/trainer.py", line 123, in _train
    print("Forward Transfer (FWT):", forward_transfer(args["dataset"], np.array(cnn_matrix)))
  File "/home/team/zhaohongwei/Code/Research/Awesome-FSCIL/CIL_Model/trainer.py", line 209, in forward_transfer
    fwt_diffs = fwt_accs - rand_init_acc_for_fwt
ValueError: operands could not be broadcast together with shapes (20,) (8,) 
2025-12-15 05:06:02,441 [trainer.py] => config: ./scripts/l2p/l2p_mini_B60_Inc5.json
2025-12-15 05:06:02,441 [trainer.py] => prefix:  
2025-12-15 05:06:02,441 [trainer.py] => dataset: mini_imagenet
2025-12-15 05:06:02,441 [trainer.py] => memory_size: 0
2025-12-15 05:06:02,441 [trainer.py] => memory_per_class: 0
2025-12-15 05:06:02,441 [trainer.py] => fixed_memory: False
2025-12-15 05:06:02,441 [trainer.py] => shuffle: True
2025-12-15 05:06:02,441 [trainer.py] => init_cls: 60
2025-12-15 05:06:02,441 [trainer.py] => increment: 5
2025-12-15 05:06:02,441 [trainer.py] => model_name: l2p
2025-12-15 05:06:02,441 [trainer.py] => backbone_type: vit_base_patch16_224_l2p
2025-12-15 05:06:02,441 [trainer.py] => get_original_backbone: True
2025-12-15 05:06:02,441 [trainer.py] => device: [device(type='cuda', index=7)]
2025-12-15 05:06:02,441 [trainer.py] => seed: 2025
2025-12-15 05:06:02,441 [trainer.py] => kshot: 5
2025-12-15 05:06:02,441 [trainer.py] => tuned_epoch: 20
2025-12-15 05:06:02,441 [trainer.py] => init_lr: 0.001875
2025-12-15 05:06:02,441 [trainer.py] => batch_size: 48
2025-12-15 05:06:02,441 [trainer.py] => weight_decay: 0
2025-12-15 05:06:02,441 [trainer.py] => min_lr: 1e-05
2025-12-15 05:06:02,441 [trainer.py] => optimizer: adam
2025-12-15 05:06:02,441 [trainer.py] => scheduler: constant
2025-12-15 05:06:02,442 [trainer.py] => reinit_optimizer: True
2025-12-15 05:06:02,442 [trainer.py] => global_pool: token
2025-12-15 05:06:02,442 [trainer.py] => head_type: prompt
2025-12-15 05:06:02,442 [trainer.py] => freeze: ['blocks', 'patch_embed', 'cls_token', 'norm', 'pos_embed']
2025-12-15 05:06:02,442 [trainer.py] => pretrained: True
2025-12-15 05:06:02,442 [trainer.py] => drop: 0.0
2025-12-15 05:06:02,442 [trainer.py] => drop_path: 0.0
2025-12-15 05:06:02,442 [trainer.py] => prompt_pool: True
2025-12-15 05:06:02,442 [trainer.py] => size: 10
2025-12-15 05:06:02,442 [trainer.py] => length: 5
2025-12-15 05:06:02,442 [trainer.py] => top_k: 5
2025-12-15 05:06:02,442 [trainer.py] => initializer: uniform
2025-12-15 05:06:02,442 [trainer.py] => prompt_key: True
2025-12-15 05:06:02,442 [trainer.py] => prompt_key_init: uniform
2025-12-15 05:06:02,442 [trainer.py] => use_prompt_mask: False
2025-12-15 05:06:02,442 [trainer.py] => shared_prompt_pool: False
2025-12-15 05:06:02,442 [trainer.py] => shared_prompt_key: False
2025-12-15 05:06:02,442 [trainer.py] => batchwise_prompt: True
2025-12-15 05:06:02,442 [trainer.py] => embedding_key: cls
2025-12-15 05:06:02,442 [trainer.py] => predefined_key: 
2025-12-15 05:06:02,442 [trainer.py] => pull_constraint: True
2025-12-15 05:06:02,442 [trainer.py] => pull_constraint_coeff: 0.1
2025-12-15 05:06:02,442 [trainer.py] => gpu_models: ['NVIDIA A40']
2025-12-15 05:06:02,646 [data_manager.py] => [49, 77, 61, 69, 6, 95, 68, 19, 2, 5, 96, 89, 57, 63, 72, 99, 59, 1, 79, 20, 26, 47, 46, 48, 92, 29, 0, 14, 30, 43, 74, 97, 11, 86, 35, 28, 4, 58, 90, 51, 85, 44, 60, 71, 34, 91, 9, 18, 21, 39, 81, 54, 8, 50, 15, 24, 88, 87, 38, 7, 56, 65, 37, 55, 80, 66, 52, 31, 70, 53, 42, 36, 41, 13, 27, 73, 33, 93, 45, 75, 17, 25, 3, 64, 16, 84, 23, 40, 78, 10, 22, 32, 12, 83, 67, 76, 98, 82, 94, 62]
2025-12-15 05:06:05,170 [vit_l2p.py] => Resized position embedding: torch.Size([1, 197, 768]) to torch.Size([1, 222, 768])
2025-12-15 05:06:05,170 [vit_l2p.py] => Position embedding grid-size from [14, 14] to (14, 14)
2025-12-15 05:06:07,603 [l2p.py] => 85,940,836 model total parameters.
2025-12-15 05:06:07,603 [l2p.py] => 122,980 model training parameters.
2025-12-15 05:06:07,603 [l2p.py] => prompt.prompt: 38400
2025-12-15 05:06:07,603 [l2p.py] => prompt.prompt_key: 7680
2025-12-15 05:06:07,604 [l2p.py] => head.weight: 76800
2025-12-15 05:06:07,604 [l2p.py] => head.bias: 100
2025-12-15 05:06:07,604 [trainer.py] => All params: 171893193
2025-12-15 05:06:07,605 [trainer.py] => Trainable params: 199781
2025-12-15 05:06:07,605 [l2p.py] => Learning on 0-60

  0%|          | 0/20 [00:00<?, ?it/s]
Task 0, Epoch 1/20 => Loss 0.896, Train_accy 75.86:   0%|          | 0/20 [04:28<?, ?it/s]
Task 0, Epoch 1/20 => Loss 0.896, Train_accy 75.86:   5%|▌         | 1/20 [04:28<1:24:53, 268.10s/it]
Task 0, Epoch 2/20 => Loss 0.405, Train_accy 85.03:   5%|▌         | 1/20 [08:55<1:24:53, 268.10s/it]
Task 0, Epoch 2/20 => Loss 0.405, Train_accy 85.03:  10%|█         | 2/20 [08:55<1:20:18, 267.69s/it]
Task 0, Epoch 3/20 => Loss 0.314, Train_accy 87.13:  10%|█         | 2/20 [13:22<1:20:18, 267.69s/it]
Task 0, Epoch 3/20 => Loss 0.314, Train_accy 87.13:  15%|█▌        | 3/20 [13:22<1:15:48, 267.56s/it]
Task 0, Epoch 4/20 => Loss 0.270, Train_accy 88.28:  15%|█▌        | 3/20 [17:50<1:15:48, 267.56s/it]
Task 0, Epoch 4/20 => Loss 0.270, Train_accy 88.28:  20%|██        | 4/20 [17:50<1:11:19, 267.48s/it]
Task 0, Epoch 5/20 => Loss 0.246, Train_accy 88.76, Test_accy 96.65:  20%|██        | 4/20 [22:52<1:11:19, 267.48s/it]
Task 0, Epoch 5/20 => Loss 0.246, Train_accy 88.76, Test_accy 96.65:  25%|██▌       | 5/20 [22:52<1:10:00, 280.05s/it]
Task 0, Epoch 6/20 => Loss 0.217, Train_accy 89.47:  25%|██▌       | 5/20 [27:20<1:10:00, 280.05s/it]                 
Task 0, Epoch 6/20 => Loss 0.217, Train_accy 89.47:  30%|███       | 6/20 [27:20<1:04:23, 275.95s/it]
Task 0, Epoch 7/20 => Loss 0.207, Train_accy 89.75:  30%|███       | 6/20 [31:48<1:04:23, 275.95s/it]
Task 0, Epoch 7/20 => Loss 0.207, Train_accy 89.75:  35%|███▌      | 7/20 [31:48<59:12, 273.28s/it]  
Task 0, Epoch 8/20 => Loss 0.192, Train_accy 90.10:  35%|███▌      | 7/20 [36:16<59:12, 273.28s/it]
Task 0, Epoch 8/20 => Loss 0.192, Train_accy 90.10:  40%|████      | 8/20 [36:16<54:18, 271.57s/it]
Task 0, Epoch 9/20 => Loss 0.188, Train_accy 90.28:  40%|████      | 8/20 [40:43<54:18, 271.57s/it]
Task 0, Epoch 9/20 => Loss 0.188, Train_accy 90.28:  45%|████▌     | 9/20 [40:43<49:33, 270.34s/it]
Task 0, Epoch 10/20 => Loss 0.183, Train_accy 90.33, Test_accy 97.00:  45%|████▌     | 9/20 [45:46<49:33, 270.34s/it]
Task 0, Epoch 10/20 => Loss 0.183, Train_accy 90.33, Test_accy 97.00:  50%|█████     | 10/20 [45:46<46:42, 280.29s/it]
Task 0, Epoch 11/20 => Loss 0.164, Train_accy 90.83:  50%|█████     | 10/20 [50:14<46:42, 280.29s/it]                 
Task 0, Epoch 11/20 => Loss 0.164, Train_accy 90.83:  55%|█████▌    | 11/20 [50:14<41:28, 276.53s/it]
Task 0, Epoch 12/20 => Loss 0.162, Train_accy 90.88:  55%|█████▌    | 11/20 [54:42<41:28, 276.53s/it]
Task 0, Epoch 12/20 => Loss 0.162, Train_accy 90.88:  60%|██████    | 12/20 [54:42<36:30, 273.87s/it]
Task 0, Epoch 13/20 => Loss 0.158, Train_accy 90.92:  60%|██████    | 12/20 [59:10<36:30, 273.87s/it]
Task 0, Epoch 13/20 => Loss 0.158, Train_accy 90.92:  65%|██████▌   | 13/20 [59:10<31:44, 272.01s/it]
Task 0, Epoch 14/20 => Loss 0.142, Train_accy 91.26:  65%|██████▌   | 13/20 [1:03:37<31:44, 272.01s/it]
Task 0, Epoch 14/20 => Loss 0.142, Train_accy 91.26:  70%|███████   | 14/20 [1:03:37<27:04, 270.73s/it]
Task 0, Epoch 15/20 => Loss 0.141, Train_accy 91.30, Test_accy 96.62:  70%|███████   | 14/20 [1:08:40<27:04, 270.73s/it]
Task 0, Epoch 15/20 => Loss 0.141, Train_accy 91.30, Test_accy 96.62:  75%|███████▌  | 15/20 [1:08:40<23:21, 280.35s/it]
Task 0, Epoch 16/20 => Loss 0.127, Train_accy 91.61:  75%|███████▌  | 15/20 [1:13:08<23:21, 280.35s/it]                 
Task 0, Epoch 16/20 => Loss 0.127, Train_accy 91.61:  80%|████████  | 16/20 [1:13:08<18:26, 276.68s/it]
Task 0, Epoch 17/20 => Loss 0.126, Train_accy 91.73:  80%|████████  | 16/20 [1:17:37<18:26, 276.68s/it]
Task 0, Epoch 17/20 => Loss 0.126, Train_accy 91.73:  85%|████████▌ | 17/20 [1:17:37<13:42, 274.25s/it]
Task 0, Epoch 18/20 => Loss 0.131, Train_accy 91.63:  85%|████████▌ | 17/20 [1:22:04<13:42, 274.25s/it]
Task 0, Epoch 18/20 => Loss 0.131, Train_accy 91.63:  90%|█████████ | 18/20 [1:22:04<09:04, 272.28s/it]
Task 0, Epoch 19/20 => Loss 0.116, Train_accy 91.79:  90%|█████████ | 18/20 [1:26:32<09:04, 272.28s/it]
Task 0, Epoch 19/20 => Loss 0.116, Train_accy 91.79:  95%|█████████▌| 19/20 [1:26:32<04:30, 270.92s/it]
Task 0, Epoch 20/20 => Loss 0.115, Train_accy 91.80, Test_accy 97.35:  95%|█████████▌| 19/20 [1:31:35<04:30, 270.92s/it]
Task 0, Epoch 20/20 => Loss 0.115, Train_accy 91.80, Test_accy 97.35: 100%|██████████| 20/20 [1:31:35<00:00, 280.51s/it]
Task 0, Epoch 20/20 => Loss 0.115, Train_accy 91.80, Test_accy 97.35: 100%|██████████| 20/20 [1:31:35<00:00, 274.77s/it]
2025-12-15 06:37:43,370 [l2p.py] => Task 0, Epoch 20/20 => Loss 0.115, Train_accy 91.80, Test_accy 97.35
2025-12-15 06:38:21,856 [trainer.py] => CNN: {'total': 97.35, '00-59': 97.35, '60-64': 84.0, '65-69': 92.0, '70-74': 92.0, '75-79': 100.0, '80-84': 88.0, '85-89': 96.0, '90-94': 88.0, '95-99': 84.0, 'old': 0, 'new': 97.35}
2025-12-15 06:38:21,856 [trainer.py] => CNN top1 curve: [97.35]
2025-12-15 06:38:21,857 [trainer.py] => Average Accuracy (CNN): 97.35 

2025-12-15 06:38:21,860 [trainer.py] => All params: 171893193
2025-12-15 06:38:21,862 [trainer.py] => Trainable params: 199781
2025-12-15 06:38:21,862 [l2p.py] => Learning on 60-65

  0%|          | 0/20 [00:00<?, ?it/s]
Task 1, Epoch 1/20 => Loss 1.526, Train_accy 36.00:   0%|          | 0/20 [00:00<?, ?it/s]
Task 1, Epoch 1/20 => Loss 1.526, Train_accy 36.00:   5%|▌         | 1/20 [00:00<00:13,  1.41it/s]
Task 1, Epoch 2/20 => Loss 1.177, Train_accy 44.00:   5%|▌         | 1/20 [00:01<00:13,  1.41it/s]
Task 1, Epoch 2/20 => Loss 1.177, Train_accy 44.00:  10%|█         | 2/20 [00:01<00:12,  1.45it/s]
Task 1, Epoch 3/20 => Loss 1.015, Train_accy 64.00:  10%|█         | 2/20 [00:02<00:12,  1.45it/s]
Task 1, Epoch 3/20 => Loss 1.015, Train_accy 64.00:  15%|█▌        | 3/20 [00:02<00:11,  1.46it/s]
Task 1, Epoch 4/20 => Loss 0.721, Train_accy 84.00:  15%|█▌        | 3/20 [00:02<00:11,  1.46it/s]
Task 1, Epoch 4/20 => Loss 0.721, Train_accy 84.00:  20%|██        | 4/20 [00:02<00:10,  1.48it/s]
Task 1, Epoch 5/20 => Loss 0.545, Train_accy 96.00, Test_accy 89.91:  20%|██        | 4/20 [00:41<00:10,  1.48it/s]
Task 1, Epoch 5/20 => Loss 0.545, Train_accy 96.00, Test_accy 89.91:  25%|██▌       | 5/20 [00:41<03:35, 14.35s/it]
Task 1, Epoch 6/20 => Loss 0.441, Train_accy 92.00:  25%|██▌       | 5/20 [00:42<03:35, 14.35s/it]                 
Task 1, Epoch 6/20 => Loss 0.441, Train_accy 92.00:  30%|███       | 6/20 [00:42<02:16,  9.72s/it]
Task 1, Epoch 7/20 => Loss 0.329, Train_accy 96.00:  30%|███       | 6/20 [00:42<02:16,  9.72s/it]
Task 1, Epoch 7/20 => Loss 0.329, Train_accy 96.00:  35%|███▌      | 7/20 [00:42<01:28,  6.77s/it]
Task 1, Epoch 8/20 => Loss 0.226, Train_accy 100.00:  35%|███▌      | 7/20 [00:43<01:28,  6.77s/it]
Task 1, Epoch 8/20 => Loss 0.226, Train_accy 100.00:  40%|████      | 8/20 [00:43<00:58,  4.85s/it]
Task 1, Epoch 9/20 => Loss 0.166, Train_accy 96.00:  40%|████      | 8/20 [00:44<00:58,  4.85s/it] 
Task 1, Epoch 9/20 => Loss 0.166, Train_accy 96.00:  45%|████▌     | 9/20 [00:44<00:39,  3.56s/it]
Task 1, Epoch 10/20 => Loss 0.117, Train_accy 96.00, Test_accy 89.88:  45%|████▌     | 9/20 [01:22<00:39,  3.56s/it]
Task 1, Epoch 10/20 => Loss 0.117, Train_accy 96.00, Test_accy 89.88:  50%|█████     | 10/20 [01:22<02:23, 14.36s/it]
Task 1, Epoch 11/20 => Loss 0.081, Train_accy 96.00:  50%|█████     | 10/20 [01:23<02:23, 14.36s/it]                 
Task 1, Epoch 11/20 => Loss 0.081, Train_accy 96.00:  55%|█████▌    | 11/20 [01:23<01:31, 10.18s/it]
Task 1, Epoch 12/20 => Loss 0.004, Train_accy 96.00:  55%|█████▌    | 11/20 [01:24<01:31, 10.18s/it]
Task 1, Epoch 12/20 => Loss 0.004, Train_accy 96.00:  60%|██████    | 12/20 [01:24<00:58,  7.30s/it]
Task 1, Epoch 13/20 => Loss 0.019, Train_accy 100.00:  60%|██████    | 12/20 [01:24<00:58,  7.30s/it]
Task 1, Epoch 13/20 => Loss 0.019, Train_accy 100.00:  65%|██████▌   | 13/20 [01:24<00:37,  5.30s/it]
Task 1, Epoch 14/20 => Loss 0.078, Train_accy 88.00:  65%|██████▌   | 13/20 [01:25<00:37,  5.30s/it] 
Task 1, Epoch 14/20 => Loss 0.078, Train_accy 88.00:  70%|███████   | 14/20 [01:25<00:23,  3.92s/it]
Task 1, Epoch 15/20 => Loss -0.041, Train_accy 96.00, Test_accy 90.02:  70%|███████   | 14/20 [02:03<00:23,  3.92s/it]
Task 1, Epoch 15/20 => Loss -0.041, Train_accy 96.00, Test_accy 90.02:  75%|███████▌  | 15/20 [02:03<01:11, 14.29s/it]
Task 1, Epoch 16/20 => Loss -0.053, Train_accy 100.00:  75%|███████▌  | 15/20 [02:04<01:11, 14.29s/it]                
Task 1, Epoch 16/20 => Loss -0.053, Train_accy 100.00:  80%|████████  | 16/20 [02:04<00:40, 10.20s/it]
Task 1, Epoch 17/20 => Loss -0.007, Train_accy 96.00:  80%|████████  | 16/20 [02:05<00:40, 10.20s/it] 
Task 1, Epoch 17/20 => Loss -0.007, Train_accy 96.00:  85%|████████▌ | 17/20 [02:05<00:22,  7.34s/it]
Task 1, Epoch 18/20 => Loss -0.110, Train_accy 100.00:  85%|████████▌ | 17/20 [02:06<00:22,  7.34s/it]
Task 1, Epoch 18/20 => Loss -0.110, Train_accy 100.00:  90%|█████████ | 18/20 [02:06<00:10,  5.34s/it]
Task 1, Epoch 19/20 => Loss -0.128, Train_accy 100.00:  90%|█████████ | 18/20 [02:06<00:10,  5.34s/it]
Task 1, Epoch 19/20 => Loss -0.128, Train_accy 100.00:  95%|█████████▌| 19/20 [02:06<00:03,  3.93s/it]
Task 1, Epoch 20/20 => Loss -0.143, Train_accy 100.00, Test_accy 90.22:  95%|█████████▌| 19/20 [02:45<00:03,  3.93s/it]
Task 1, Epoch 20/20 => Loss -0.143, Train_accy 100.00, Test_accy 90.22: 100%|██████████| 20/20 [02:45<00:00, 14.28s/it]
Task 1, Epoch 20/20 => Loss -0.143, Train_accy 100.00, Test_accy 90.22: 100%|██████████| 20/20 [02:45<00:00,  8.25s/it]
2025-12-15 06:41:06,944 [l2p.py] => Task 1, Epoch 20/20 => Loss -0.143, Train_accy 100.00, Test_accy 90.22
2025-12-15 06:41:47,981 [trainer.py] => CNN: {'total': 90.22, '00-59': 97.35, '60-64': 4.6, '65-69': 100.0, '70-74': 92.0, '75-79': 92.0, '80-84': 88.0, '85-89': 92.0, '90-94': 96.0, '95-99': 92.0, 'old': 97.35, 'new': 4.6}
2025-12-15 06:41:47,981 [trainer.py] => CNN top1 curve: [97.35, 90.22]
2025-12-15 06:41:47,982 [trainer.py] => Average Accuracy (CNN): 93.78 

2025-12-15 06:41:47,984 [trainer.py] => All params: 171893193
2025-12-15 06:41:47,986 [trainer.py] => Trainable params: 199781
2025-12-15 06:41:47,986 [l2p.py] => Learning on 65-70

  0%|          | 0/20 [00:00<?, ?it/s]
Task 2, Epoch 1/20 => Loss 1.738, Train_accy 16.00:   0%|          | 0/20 [00:00<?, ?it/s]
Task 2, Epoch 1/20 => Loss 1.738, Train_accy 16.00:   5%|▌         | 1/20 [00:00<00:12,  1.46it/s]
Task 2, Epoch 2/20 => Loss 1.228, Train_accy 48.00:   5%|▌         | 1/20 [00:01<00:12,  1.46it/s]
Task 2, Epoch 2/20 => Loss 1.228, Train_accy 48.00:  10%|█         | 2/20 [00:01<00:12,  1.48it/s]
Task 2, Epoch 3/20 => Loss 0.806, Train_accy 88.00:  10%|█         | 2/20 [00:02<00:12,  1.48it/s]
Task 2, Epoch 3/20 => Loss 0.806, Train_accy 88.00:  15%|█▌        | 3/20 [00:02<00:11,  1.50it/s]
Task 2, Epoch 4/20 => Loss 0.467, Train_accy 96.00:  15%|█▌        | 3/20 [00:02<00:11,  1.50it/s]
Task 2, Epoch 4/20 => Loss 0.467, Train_accy 96.00:  20%|██        | 4/20 [00:02<00:10,  1.50it/s]
Task 2, Epoch 5/20 => Loss 0.265, Train_accy 100.00, Test_accy 83.77:  20%|██        | 4/20 [00:43<00:10,  1.50it/s]
Task 2, Epoch 5/20 => Loss 0.265, Train_accy 100.00, Test_accy 83.77:  25%|██▌       | 5/20 [00:43<03:49, 15.28s/it]
Task 2, Epoch 6/20 => Loss 0.212, Train_accy 92.00:  25%|██▌       | 5/20 [00:44<03:49, 15.28s/it]                  
Task 2, Epoch 6/20 => Loss 0.212, Train_accy 92.00:  30%|███       | 6/20 [00:44<02:24, 10.32s/it]
Task 2, Epoch 7/20 => Loss 0.066, Train_accy 100.00:  30%|███       | 6/20 [00:45<02:24, 10.32s/it]
Task 2, Epoch 7/20 => Loss 0.066, Train_accy 100.00:  35%|███▌      | 7/20 [00:45<01:33,  7.17s/it]
Task 2, Epoch 8/20 => Loss 0.013, Train_accy 100.00:  35%|███▌      | 7/20 [00:45<01:33,  7.17s/it]
Task 2, Epoch 8/20 => Loss 0.013, Train_accy 100.00:  40%|████      | 8/20 [00:45<01:01,  5.10s/it]
Task 2, Epoch 9/20 => Loss -0.007, Train_accy 100.00:  40%|████      | 8/20 [00:46<01:01,  5.10s/it]
Task 2, Epoch 9/20 => Loss -0.007, Train_accy 100.00:  45%|████▌     | 9/20 [00:46<00:40,  3.72s/it]
Task 2, Epoch 10/20 => Loss -0.013, Train_accy 100.00, Test_accy 83.86:  45%|████▌     | 9/20 [01:27<00:40,  3.72s/it]
Task 2, Epoch 10/20 => Loss -0.013, Train_accy 100.00, Test_accy 83.86:  50%|█████     | 10/20 [01:27<02:33, 15.30s/it]
Task 2, Epoch 11/20 => Loss -0.044, Train_accy 100.00:  50%|█████     | 10/20 [01:28<02:33, 15.30s/it]                 
Task 2, Epoch 11/20 => Loss -0.044, Train_accy 100.00:  55%|█████▌    | 11/20 [01:28<01:37, 10.83s/it]
Task 2, Epoch 12/20 => Loss -0.071, Train_accy 100.00:  55%|█████▌    | 11/20 [01:29<01:37, 10.83s/it]
Task 2, Epoch 12/20 => Loss -0.071, Train_accy 100.00:  60%|██████    | 12/20 [01:29<01:01,  7.74s/it]
Task 2, Epoch 13/20 => Loss -0.139, Train_accy 100.00:  60%|██████    | 12/20 [01:29<01:01,  7.74s/it]
Task 2, Epoch 13/20 => Loss -0.139, Train_accy 100.00:  65%|██████▌   | 13/20 [01:29<00:39,  5.60s/it]
Task 2, Epoch 14/20 => Loss -0.182, Train_accy 100.00:  65%|██████▌   | 13/20 [01:30<00:39,  5.60s/it]
Task 2, Epoch 14/20 => Loss -0.182, Train_accy 100.00:  70%|███████   | 14/20 [01:30<00:24,  4.11s/it]
Task 2, Epoch 15/20 => Loss -0.109, Train_accy 96.00, Test_accy 84.24:  70%|███████   | 14/20 [02:11<00:24,  4.11s/it]
Task 2, Epoch 15/20 => Loss -0.109, Train_accy 96.00, Test_accy 84.24:  75%|███████▌  | 15/20 [02:11<01:16, 15.32s/it]
Task 2, Epoch 16/20 => Loss -0.142, Train_accy 96.00:  75%|███████▌  | 15/20 [02:12<01:16, 15.32s/it]                 
Task 2, Epoch 16/20 => Loss -0.142, Train_accy 96.00:  80%|████████  | 16/20 [02:12<00:43, 10.93s/it]
Task 2, Epoch 17/20 => Loss -0.156, Train_accy 100.00:  80%|████████  | 16/20 [02:13<00:43, 10.93s/it]
Task 2, Epoch 17/20 => Loss -0.156, Train_accy 100.00:  85%|████████▌ | 17/20 [02:13<00:23,  7.86s/it]
Task 2, Epoch 18/20 => Loss -0.129, Train_accy 100.00:  85%|████████▌ | 17/20 [02:14<00:23,  7.86s/it]
Task 2, Epoch 18/20 => Loss -0.129, Train_accy 100.00:  90%|█████████ | 18/20 [02:14<00:11,  5.73s/it]
Task 2, Epoch 19/20 => Loss -0.150, Train_accy 100.00:  90%|█████████ | 18/20 [02:14<00:11,  5.73s/it]
Task 2, Epoch 19/20 => Loss -0.150, Train_accy 100.00:  95%|█████████▌| 19/20 [02:14<00:04,  4.22s/it]
Task 2, Epoch 20/20 => Loss -0.162, Train_accy 100.00, Test_accy 85.03:  95%|█████████▌| 19/20 [02:56<00:04,  4.22s/it]
Task 2, Epoch 20/20 => Loss -0.162, Train_accy 100.00, Test_accy 85.03: 100%|██████████| 20/20 [02:56<00:00, 15.39s/it]
Task 2, Epoch 20/20 => Loss -0.162, Train_accy 100.00, Test_accy 85.03: 100%|██████████| 20/20 [02:56<00:00,  8.81s/it]
2025-12-15 06:44:44,202 [l2p.py] => Task 2, Epoch 20/20 => Loss -0.162, Train_accy 100.00, Test_accy 85.03
2025-12-15 06:45:28,195 [trainer.py] => CNN: {'total': 85.03, '00-59': 97.35, '60-64': 4.6, '65-69': 17.6, '70-74': 84.0, '75-79': 100.0, '80-84': 88.0, '85-89': 100.0, '90-94': 92.0, '95-99': 96.0, 'old': 90.22, 'new': 17.6}
2025-12-15 06:45:28,195 [trainer.py] => CNN top1 curve: [97.35, 90.22, 85.03]
2025-12-15 06:45:28,195 [trainer.py] => Average Accuracy (CNN): 90.87 

2025-12-15 06:45:28,199 [trainer.py] => All params: 171893193
2025-12-15 06:45:28,201 [trainer.py] => Trainable params: 199781
2025-12-15 06:45:28,201 [l2p.py] => Learning on 70-75

  0%|          | 0/20 [00:00<?, ?it/s]
Task 3, Epoch 1/20 => Loss 1.321, Train_accy 36.00:   0%|          | 0/20 [00:00<?, ?it/s]
Task 3, Epoch 1/20 => Loss 1.321, Train_accy 36.00:   5%|▌         | 1/20 [00:00<00:13,  1.39it/s]
Task 3, Epoch 2/20 => Loss 0.879, Train_accy 68.00:   5%|▌         | 1/20 [00:01<00:13,  1.39it/s]
Task 3, Epoch 2/20 => Loss 0.879, Train_accy 68.00:  10%|█         | 2/20 [00:01<00:12,  1.41it/s]
Task 3, Epoch 3/20 => Loss 0.575, Train_accy 88.00:  10%|█         | 2/20 [00:02<00:12,  1.41it/s]
Task 3, Epoch 3/20 => Loss 0.575, Train_accy 88.00:  15%|█▌        | 3/20 [00:02<00:12,  1.39it/s]
Task 3, Epoch 4/20 => Loss 0.371, Train_accy 100.00:  15%|█▌        | 3/20 [00:02<00:12,  1.39it/s]
Task 3, Epoch 4/20 => Loss 0.371, Train_accy 100.00:  20%|██        | 4/20 [00:02<00:11,  1.39it/s]
Task 3, Epoch 5/20 => Loss 0.430, Train_accy 88.00, Test_accy 79.40:  20%|██        | 4/20 [00:47<00:11,  1.39it/s]
Task 3, Epoch 5/20 => Loss 0.430, Train_accy 88.00, Test_accy 79.40:  25%|██▌       | 5/20 [00:47<04:05, 16.38s/it]
Task 3, Epoch 6/20 => Loss 0.064, Train_accy 100.00:  25%|██▌       | 5/20 [00:47<04:05, 16.38s/it]                
Task 3, Epoch 6/20 => Loss 0.064, Train_accy 100.00:  30%|███       | 6/20 [00:47<02:34, 11.06s/it]
Task 3, Epoch 7/20 => Loss -0.008, Train_accy 100.00:  30%|███       | 6/20 [00:48<02:34, 11.06s/it]
Task 3, Epoch 7/20 => Loss -0.008, Train_accy 100.00:  35%|███▌      | 7/20 [00:48<01:39,  7.68s/it]
Task 3, Epoch 8/20 => Loss 0.035, Train_accy 100.00:  35%|███▌      | 7/20 [00:49<01:39,  7.68s/it] 
Task 3, Epoch 8/20 => Loss 0.035, Train_accy 100.00:  40%|████      | 8/20 [00:49<01:05,  5.45s/it]
Task 3, Epoch 9/20 => Loss -0.053, Train_accy 100.00:  40%|████      | 8/20 [00:49<01:05,  5.45s/it]
Task 3, Epoch 9/20 => Loss -0.053, Train_accy 100.00:  45%|████▌     | 9/20 [00:49<00:43,  3.99s/it]
Task 3, Epoch 10/20 => Loss -0.032, Train_accy 96.00, Test_accy 79.76:  45%|████▌     | 9/20 [01:34<00:43,  3.99s/it]
Task 3, Epoch 10/20 => Loss -0.032, Train_accy 96.00, Test_accy 79.76:  50%|█████     | 10/20 [01:34<02:43, 16.40s/it]
Task 3, Epoch 11/20 => Loss -0.022, Train_accy 92.00:  50%|█████     | 10/20 [01:34<02:43, 16.40s/it]                 
Task 3, Epoch 11/20 => Loss -0.022, Train_accy 92.00:  55%|█████▌    | 11/20 [01:34<01:44, 11.60s/it]
Task 3, Epoch 12/20 => Loss -0.129, Train_accy 100.00:  55%|█████▌    | 11/20 [01:35<01:44, 11.60s/it]
Task 3, Epoch 12/20 => Loss -0.129, Train_accy 100.00:  60%|██████    | 12/20 [01:35<01:06,  8.28s/it]
Task 3, Epoch 13/20 => Loss -0.068, Train_accy 96.00:  60%|██████    | 12/20 [01:36<01:06,  8.28s/it] 
Task 3, Epoch 13/20 => Loss -0.068, Train_accy 96.00:  65%|██████▌   | 13/20 [01:36<00:41,  6.00s/it]
Task 3, Epoch 14/20 => Loss -0.127, Train_accy 100.00:  65%|██████▌   | 13/20 [01:36<00:41,  6.00s/it]
Task 3, Epoch 14/20 => Loss -0.127, Train_accy 100.00:  70%|███████   | 14/20 [01:36<00:26,  4.40s/it]
Task 3, Epoch 15/20 => Loss -0.111, Train_accy 100.00, Test_accy 80.39:  70%|███████   | 14/20 [02:21<00:26,  4.40s/it]
Task 3, Epoch 15/20 => Loss -0.111, Train_accy 100.00, Test_accy 80.39:  75%|███████▌  | 15/20 [02:21<01:21, 16.37s/it]
Task 3, Epoch 16/20 => Loss -0.111, Train_accy 100.00:  75%|███████▌  | 15/20 [02:21<01:21, 16.37s/it]                 
Task 3, Epoch 16/20 => Loss -0.111, Train_accy 100.00:  80%|████████  | 16/20 [02:21<00:46, 11.65s/it]
Task 3, Epoch 17/20 => Loss -0.166, Train_accy 100.00:  80%|████████  | 16/20 [02:22<00:46, 11.65s/it]
Task 3, Epoch 17/20 => Loss -0.166, Train_accy 100.00:  85%|████████▌ | 17/20 [02:22<00:25,  8.35s/it]
Task 3, Epoch 18/20 => Loss -0.087, Train_accy 96.00:  85%|████████▌ | 17/20 [02:23<00:25,  8.35s/it] 
Task 3, Epoch 18/20 => Loss -0.087, Train_accy 96.00:  90%|█████████ | 18/20 [02:23<00:12,  6.05s/it]
Task 3, Epoch 19/20 => Loss -0.124, Train_accy 100.00:  90%|█████████ | 18/20 [02:23<00:12,  6.05s/it]
Task 3, Epoch 19/20 => Loss -0.124, Train_accy 100.00:  95%|█████████▌| 19/20 [02:23<00:04,  4.45s/it]
Task 3, Epoch 20/20 => Loss -0.115, Train_accy 100.00, Test_accy 80.83:  95%|█████████▌| 19/20 [03:08<00:04,  4.45s/it]
Task 3, Epoch 20/20 => Loss -0.115, Train_accy 100.00, Test_accy 80.83: 100%|██████████| 20/20 [03:08<00:00, 16.38s/it]
Task 3, Epoch 20/20 => Loss -0.115, Train_accy 100.00, Test_accy 80.83: 100%|██████████| 20/20 [03:08<00:00,  9.40s/it]
2025-12-15 06:48:36,309 [l2p.py] => Task 3, Epoch 20/20 => Loss -0.115, Train_accy 100.00, Test_accy 80.83
2025-12-15 06:49:22,886 [trainer.py] => CNN: {'total': 80.83, '00-59': 97.35, '60-64': 4.0, '65-69': 19.8, '70-74': 20.4, '75-79': 100.0, '80-84': 92.0, '85-89': 100.0, '90-94': 100.0, '95-99': 96.0, 'old': 85.14, 'new': 20.4}
2025-12-15 06:49:22,886 [trainer.py] => CNN top1 curve: [97.35, 90.22, 85.03, 80.83]
2025-12-15 06:49:22,887 [trainer.py] => Average Accuracy (CNN): 88.36 

2025-12-15 06:49:22,888 [trainer.py] => All params: 171893193
2025-12-15 06:49:22,889 [trainer.py] => Trainable params: 199781
2025-12-15 06:49:22,889 [l2p.py] => Learning on 75-80

  0%|          | 0/20 [00:00<?, ?it/s]
Task 4, Epoch 1/20 => Loss 1.451, Train_accy 20.00:   0%|          | 0/20 [00:00<?, ?it/s]
Task 4, Epoch 1/20 => Loss 1.451, Train_accy 20.00:   5%|▌         | 1/20 [00:00<00:12,  1.50it/s]
Task 4, Epoch 2/20 => Loss 0.955, Train_accy 56.00:   5%|▌         | 1/20 [00:01<00:12,  1.50it/s]
Task 4, Epoch 2/20 => Loss 0.955, Train_accy 56.00:  10%|█         | 2/20 [00:01<00:12,  1.44it/s]
Task 4, Epoch 3/20 => Loss 0.570, Train_accy 96.00:  10%|█         | 2/20 [00:02<00:12,  1.44it/s]
Task 4, Epoch 3/20 => Loss 0.570, Train_accy 96.00:  15%|█▌        | 3/20 [00:02<00:11,  1.44it/s]
Task 4, Epoch 4/20 => Loss 0.290, Train_accy 96.00:  15%|█▌        | 3/20 [00:02<00:11,  1.44it/s]
Task 4, Epoch 4/20 => Loss 0.290, Train_accy 96.00:  20%|██        | 4/20 [00:02<00:11,  1.41it/s]
Task 4, Epoch 5/20 => Loss 0.162, Train_accy 100.00, Test_accy 75.69:  20%|██        | 4/20 [00:50<00:11,  1.41it/s]
Task 4, Epoch 5/20 => Loss 0.162, Train_accy 100.00, Test_accy 75.69:  25%|██▌       | 5/20 [00:50<04:22, 17.47s/it]
Task 4, Epoch 6/20 => Loss 0.105, Train_accy 100.00:  25%|██▌       | 5/20 [00:50<04:22, 17.47s/it]                 
Task 4, Epoch 6/20 => Loss 0.105, Train_accy 100.00:  30%|███       | 6/20 [00:50<02:44, 11.78s/it]
Task 4, Epoch 7/20 => Loss -0.038, Train_accy 100.00:  30%|███       | 6/20 [00:51<02:44, 11.78s/it]
Task 4, Epoch 7/20 => Loss -0.038, Train_accy 100.00:  35%|███▌      | 7/20 [00:51<01:46,  8.16s/it]
Task 4, Epoch 8/20 => Loss -0.045, Train_accy 100.00:  35%|███▌      | 7/20 [00:52<01:46,  8.16s/it]
Task 4, Epoch 8/20 => Loss -0.045, Train_accy 100.00:  40%|████      | 8/20 [00:52<01:09,  5.79s/it]
Task 4, Epoch 9/20 => Loss -0.030, Train_accy 100.00:  40%|████      | 8/20 [00:52<01:09,  5.79s/it]
Task 4, Epoch 9/20 => Loss -0.030, Train_accy 100.00:  45%|████▌     | 9/20 [00:52<00:46,  4.19s/it]
Task 4, Epoch 10/20 => Loss -0.079, Train_accy 100.00, Test_accy 75.79:  45%|████▌     | 9/20 [01:40<00:46,  4.19s/it]
Task 4, Epoch 10/20 => Loss -0.079, Train_accy 100.00, Test_accy 75.79:  50%|█████     | 10/20 [01:40<02:55, 17.53s/it]
Task 4, Epoch 11/20 => Loss 0.022, Train_accy 92.00:  50%|█████     | 10/20 [01:40<02:55, 17.53s/it]                   
Task 4, Epoch 11/20 => Loss 0.022, Train_accy 92.00:  55%|█████▌    | 11/20 [01:40<01:51, 12.39s/it]
Task 4, Epoch 12/20 => Loss -0.158, Train_accy 100.00:  55%|█████▌    | 11/20 [01:41<01:51, 12.39s/it]
Task 4, Epoch 12/20 => Loss -0.158, Train_accy 100.00:  60%|██████    | 12/20 [01:41<01:10,  8.85s/it]
Task 4, Epoch 13/20 => Loss -0.134, Train_accy 100.00:  60%|██████    | 12/20 [01:42<01:10,  8.85s/it]
Task 4, Epoch 13/20 => Loss -0.134, Train_accy 100.00:  65%|██████▌   | 13/20 [01:42<00:44,  6.38s/it]
Task 4, Epoch 14/20 => Loss -0.156, Train_accy 100.00:  65%|██████▌   | 13/20 [01:43<00:44,  6.38s/it]
Task 4, Epoch 14/20 => Loss -0.156, Train_accy 100.00:  70%|███████   | 14/20 [01:43<00:27,  4.66s/it]
Task 4, Epoch 15/20 => Loss -0.129, Train_accy 96.00, Test_accy 76.15:  70%|███████   | 14/20 [02:30<00:27,  4.66s/it]
Task 4, Epoch 15/20 => Loss -0.129, Train_accy 96.00, Test_accy 76.15:  75%|███████▌  | 15/20 [02:30<01:27, 17.42s/it]
Task 4, Epoch 16/20 => Loss -0.160, Train_accy 100.00:  75%|███████▌  | 15/20 [02:30<01:27, 17.42s/it]                
Task 4, Epoch 16/20 => Loss -0.160, Train_accy 100.00:  80%|████████  | 16/20 [02:30<00:49, 12.39s/it]
Task 4, Epoch 17/20 => Loss -0.147, Train_accy 100.00:  80%|████████  | 16/20 [02:31<00:49, 12.39s/it]
Task 4, Epoch 17/20 => Loss -0.147, Train_accy 100.00:  85%|████████▌ | 17/20 [02:31<00:26,  8.87s/it]
Task 4, Epoch 18/20 => Loss -0.110, Train_accy 100.00:  85%|████████▌ | 17/20 [02:32<00:26,  8.87s/it]
Task 4, Epoch 18/20 => Loss -0.110, Train_accy 100.00:  90%|█████████ | 18/20 [02:32<00:12,  6.41s/it]
Task 4, Epoch 19/20 => Loss -0.167, Train_accy 100.00:  90%|█████████ | 18/20 [02:32<00:12,  6.41s/it]
Task 4, Epoch 19/20 => Loss -0.167, Train_accy 100.00:  95%|█████████▌| 19/20 [02:32<00:04,  4.70s/it]
Task 4, Epoch 20/20 => Loss -0.136, Train_accy 100.00, Test_accy 76.56:  95%|█████████▌| 19/20 [03:19<00:04,  4.70s/it]
Task 4, Epoch 20/20 => Loss -0.136, Train_accy 100.00, Test_accy 76.56: 100%|██████████| 20/20 [03:19<00:00, 17.43s/it]
Task 4, Epoch 20/20 => Loss -0.136, Train_accy 100.00, Test_accy 76.56: 100%|██████████| 20/20 [03:19<00:00, 10.00s/it]
2025-12-15 06:52:42,889 [l2p.py] => Task 4, Epoch 20/20 => Loss -0.136, Train_accy 100.00, Test_accy 76.56
2025-12-15 06:53:31,883 [trainer.py] => CNN: {'total': 76.56, '00-59': 97.37, '60-64': 3.0, '65-69': 18.0, '70-74': 20.0, '75-79': 15.6, '80-84': 96.0, '85-89': 100.0, '90-94': 96.0, '95-99': 100.0, 'old': 80.63, 'new': 15.6}
2025-12-15 06:53:31,883 [trainer.py] => CNN top1 curve: [97.35, 90.22, 85.03, 80.83, 76.56]
2025-12-15 06:53:31,884 [trainer.py] => Average Accuracy (CNN): 86.0 

2025-12-15 06:53:31,885 [trainer.py] => All params: 171893193
2025-12-15 06:53:31,887 [trainer.py] => Trainable params: 199781
2025-12-15 06:53:31,887 [l2p.py] => Learning on 80-85

  0%|          | 0/20 [00:00<?, ?it/s]
Task 5, Epoch 1/20 => Loss 1.681, Train_accy 24.00:   0%|          | 0/20 [00:00<?, ?it/s]
Task 5, Epoch 1/20 => Loss 1.681, Train_accy 24.00:   5%|▌         | 1/20 [00:00<00:13,  1.38it/s]
Task 5, Epoch 2/20 => Loss 1.141, Train_accy 44.00:   5%|▌         | 1/20 [00:01<00:13,  1.38it/s]
Task 5, Epoch 2/20 => Loss 1.141, Train_accy 44.00:  10%|█         | 2/20 [00:01<00:13,  1.33it/s]
Task 5, Epoch 3/20 => Loss 0.706, Train_accy 88.00:  10%|█         | 2/20 [00:02<00:13,  1.33it/s]
Task 5, Epoch 3/20 => Loss 0.706, Train_accy 88.00:  15%|█▌        | 3/20 [00:02<00:12,  1.36it/s]
Task 5, Epoch 4/20 => Loss 0.403, Train_accy 92.00:  15%|█▌        | 3/20 [00:02<00:12,  1.36it/s]
Task 5, Epoch 4/20 => Loss 0.403, Train_accy 92.00:  20%|██        | 4/20 [00:02<00:12,  1.32it/s]
Task 5, Epoch 5/20 => Loss 0.287, Train_accy 92.00, Test_accy 71.99:  20%|██        | 4/20 [00:52<00:12,  1.32it/s]
Task 5, Epoch 5/20 => Loss 0.287, Train_accy 92.00, Test_accy 71.99:  25%|██▌       | 5/20 [00:52<04:36, 18.46s/it]
Task 5, Epoch 6/20 => Loss 0.182, Train_accy 96.00:  25%|██▌       | 5/20 [00:53<04:36, 18.46s/it]                 
Task 5, Epoch 6/20 => Loss 0.182, Train_accy 96.00:  30%|███       | 6/20 [00:53<02:54, 12.43s/it]
Task 5, Epoch 7/20 => Loss 0.068, Train_accy 96.00:  30%|███       | 6/20 [00:54<02:54, 12.43s/it]
Task 5, Epoch 7/20 => Loss 0.068, Train_accy 96.00:  35%|███▌      | 7/20 [00:54<01:51,  8.61s/it]
Task 5, Epoch 8/20 => Loss -0.023, Train_accy 100.00:  35%|███▌      | 7/20 [00:55<01:51,  8.61s/it]
Task 5, Epoch 8/20 => Loss -0.023, Train_accy 100.00:  40%|████      | 8/20 [00:55<01:13,  6.10s/it]
Task 5, Epoch 9/20 => Loss 0.058, Train_accy 96.00:  40%|████      | 8/20 [00:55<01:13,  6.10s/it]  
Task 5, Epoch 9/20 => Loss 0.058, Train_accy 96.00:  45%|████▌     | 9/20 [00:55<00:48,  4.42s/it]
Task 5, Epoch 10/20 => Loss -0.068, Train_accy 96.00, Test_accy 71.92:  45%|████▌     | 9/20 [01:45<00:48,  4.42s/it]
Task 5, Epoch 10/20 => Loss -0.068, Train_accy 96.00, Test_accy 71.92:  50%|█████     | 10/20 [01:45<03:04, 18.47s/it]
Task 5, Epoch 11/20 => Loss -0.097, Train_accy 100.00:  50%|█████     | 10/20 [01:46<03:04, 18.47s/it]                
Task 5, Epoch 11/20 => Loss -0.097, Train_accy 100.00:  55%|█████▌    | 11/20 [01:46<01:57, 13.04s/it]
Task 5, Epoch 12/20 => Loss -0.041, Train_accy 96.00:  55%|█████▌    | 11/20 [01:47<01:57, 13.04s/it] 
Task 5, Epoch 12/20 => Loss -0.041, Train_accy 96.00:  60%|██████    | 12/20 [01:47<01:14,  9.29s/it]
Task 5, Epoch 13/20 => Loss -0.086, Train_accy 100.00:  60%|██████    | 12/20 [01:47<01:14,  9.29s/it]
Task 5, Epoch 13/20 => Loss -0.086, Train_accy 100.00:  65%|██████▌   | 13/20 [01:47<00:46,  6.69s/it]
Task 5, Epoch 14/20 => Loss -0.145, Train_accy 100.00:  65%|██████▌   | 13/20 [01:48<00:46,  6.69s/it]
Task 5, Epoch 14/20 => Loss -0.145, Train_accy 100.00:  70%|███████   | 14/20 [01:48<00:29,  4.89s/it]
Task 5, Epoch 15/20 => Loss -0.082, Train_accy 96.00, Test_accy 71.96:  70%|███████   | 14/20 [02:38<00:29,  4.89s/it]
Task 5, Epoch 15/20 => Loss -0.082, Train_accy 96.00, Test_accy 71.96:  75%|███████▌  | 15/20 [02:38<01:32, 18.45s/it]
Task 5, Epoch 16/20 => Loss -0.123, Train_accy 100.00:  75%|███████▌  | 15/20 [02:39<01:32, 18.45s/it]                
Task 5, Epoch 16/20 => Loss -0.123, Train_accy 100.00:  80%|████████  | 16/20 [02:39<00:52, 13.12s/it]
Task 5, Epoch 17/20 => Loss -0.116, Train_accy 100.00:  80%|████████  | 16/20 [02:39<00:52, 13.12s/it]
Task 5, Epoch 17/20 => Loss -0.116, Train_accy 100.00:  85%|████████▌ | 17/20 [02:39<00:28,  9.40s/it]
Task 5, Epoch 18/20 => Loss -0.135, Train_accy 100.00:  85%|████████▌ | 17/20 [02:40<00:28,  9.40s/it]
Task 5, Epoch 18/20 => Loss -0.135, Train_accy 100.00:  90%|█████████ | 18/20 [02:40<00:13,  6.79s/it]
Task 5, Epoch 19/20 => Loss -0.139, Train_accy 100.00:  90%|█████████ | 18/20 [02:41<00:13,  6.79s/it]
Task 5, Epoch 19/20 => Loss -0.139, Train_accy 100.00:  95%|█████████▌| 19/20 [02:41<00:04,  4.97s/it]
Task 5, Epoch 20/20 => Loss -0.151, Train_accy 100.00, Test_accy 71.94:  95%|█████████▌| 19/20 [03:31<00:04,  4.97s/it]
Task 5, Epoch 20/20 => Loss -0.151, Train_accy 100.00, Test_accy 71.94: 100%|██████████| 20/20 [03:31<00:00, 18.45s/it]
Task 5, Epoch 20/20 => Loss -0.151, Train_accy 100.00, Test_accy 71.94: 100%|██████████| 20/20 [03:31<00:00, 10.56s/it]
2025-12-15 06:57:03,186 [l2p.py] => Task 5, Epoch 20/20 => Loss -0.151, Train_accy 100.00, Test_accy 71.94
2025-12-15 06:57:54,774 [trainer.py] => CNN: {'total': 71.94, '00-59': 97.37, '60-64': 2.6, '65-69': 17.6, '70-74': 17.8, '75-79': 14.0, '80-84': 2.6, '85-89': 100.0, '90-94': 96.0, '95-99': 100.0, 'old': 76.28, 'new': 2.6}
2025-12-15 06:57:54,774 [trainer.py] => CNN top1 curve: [97.35, 90.22, 85.03, 80.83, 76.56, 71.94]
2025-12-15 06:57:54,774 [trainer.py] => Average Accuracy (CNN): 83.66 

2025-12-15 06:57:54,776 [trainer.py] => All params: 171893193
2025-12-15 06:57:54,778 [trainer.py] => Trainable params: 199781
2025-12-15 06:57:54,779 [l2p.py] => Learning on 85-90

  0%|          | 0/20 [00:00<?, ?it/s]
Task 6, Epoch 1/20 => Loss 1.430, Train_accy 20.00:   0%|          | 0/20 [00:00<?, ?it/s]
Task 6, Epoch 1/20 => Loss 1.430, Train_accy 20.00:   5%|▌         | 1/20 [00:00<00:12,  1.47it/s]
Task 6, Epoch 2/20 => Loss 0.939, Train_accy 64.00:   5%|▌         | 1/20 [00:01<00:12,  1.47it/s]
Task 6, Epoch 2/20 => Loss 0.939, Train_accy 64.00:  10%|█         | 2/20 [00:01<00:11,  1.50it/s]
Task 6, Epoch 3/20 => Loss 0.582, Train_accy 80.00:  10%|█         | 2/20 [00:02<00:11,  1.50it/s]
Task 6, Epoch 3/20 => Loss 0.582, Train_accy 80.00:  15%|█▌        | 3/20 [00:02<00:11,  1.46it/s]
Task 6, Epoch 4/20 => Loss 0.343, Train_accy 92.00:  15%|█▌        | 3/20 [00:02<00:11,  1.46it/s]
Task 6, Epoch 4/20 => Loss 0.343, Train_accy 92.00:  20%|██        | 4/20 [00:02<00:10,  1.46it/s]
Task 6, Epoch 5/20 => Loss 0.086, Train_accy 100.00, Test_accy 68.02:  20%|██        | 4/20 [00:55<00:10,  1.46it/s]
Task 6, Epoch 5/20 => Loss 0.086, Train_accy 100.00, Test_accy 68.02:  25%|██▌       | 5/20 [00:55<04:51, 19.46s/it]
Task 6, Epoch 6/20 => Loss -0.006, Train_accy 100.00:  25%|██▌       | 5/20 [00:56<04:51, 19.46s/it]                
Task 6, Epoch 6/20 => Loss -0.006, Train_accy 100.00:  30%|███       | 6/20 [00:56<03:03, 13.08s/it]
Task 6, Epoch 7/20 => Loss 0.010, Train_accy 96.00:  30%|███       | 6/20 [00:56<03:03, 13.08s/it]  
Task 6, Epoch 7/20 => Loss 0.010, Train_accy 96.00:  35%|███▌      | 7/20 [00:56<01:57,  9.04s/it]
Task 6, Epoch 8/20 => Loss -0.025, Train_accy 100.00:  35%|███▌      | 7/20 [00:57<01:57,  9.04s/it]
Task 6, Epoch 8/20 => Loss -0.025, Train_accy 100.00:  40%|████      | 8/20 [00:57<01:16,  6.37s/it]
Task 6, Epoch 9/20 => Loss -0.111, Train_accy 100.00:  40%|████      | 8/20 [00:58<01:16,  6.37s/it]
Task 6, Epoch 9/20 => Loss -0.111, Train_accy 100.00:  45%|████▌     | 9/20 [00:58<00:50,  4.60s/it]
Task 6, Epoch 10/20 => Loss -0.097, Train_accy 100.00, Test_accy 67.91:  45%|████▌     | 9/20 [01:51<00:50,  4.60s/it]
Task 6, Epoch 10/20 => Loss -0.097, Train_accy 100.00, Test_accy 67.91:  50%|█████     | 10/20 [01:51<03:14, 19.48s/it]
Task 6, Epoch 11/20 => Loss -0.150, Train_accy 100.00:  50%|█████     | 10/20 [01:51<03:14, 19.48s/it]                 
Task 6, Epoch 11/20 => Loss -0.150, Train_accy 100.00:  55%|█████▌    | 11/20 [01:51<02:03, 13.74s/it]
Task 6, Epoch 12/20 => Loss -0.121, Train_accy 100.00:  55%|█████▌    | 11/20 [01:52<02:03, 13.74s/it]
Task 6, Epoch 12/20 => Loss -0.121, Train_accy 100.00:  60%|██████    | 12/20 [01:52<01:18,  9.76s/it]
Task 6, Epoch 13/20 => Loss -0.099, Train_accy 96.00:  60%|██████    | 12/20 [01:53<01:18,  9.76s/it] 
Task 6, Epoch 13/20 => Loss -0.099, Train_accy 96.00:  65%|██████▌   | 13/20 [01:53<00:49,  7.01s/it]
Task 6, Epoch 14/20 => Loss -0.146, Train_accy 100.00:  65%|██████▌   | 13/20 [01:53<00:49,  7.01s/it]
Task 6, Epoch 14/20 => Loss -0.146, Train_accy 100.00:  70%|███████   | 14/20 [01:53<00:30,  5.10s/it]
Task 6, Epoch 15/20 => Loss -0.129, Train_accy 96.00, Test_accy 67.82:  70%|███████   | 14/20 [02:46<00:30,  5.10s/it]
Task 6, Epoch 15/20 => Loss -0.129, Train_accy 96.00, Test_accy 67.82:  75%|███████▌  | 15/20 [02:46<01:37, 19.47s/it]
Task 6, Epoch 16/20 => Loss -0.173, Train_accy 100.00:  75%|███████▌  | 15/20 [02:47<01:37, 19.47s/it]                
Task 6, Epoch 16/20 => Loss -0.173, Train_accy 100.00:  80%|████████  | 16/20 [02:47<00:55, 13.82s/it]
Task 6, Epoch 17/20 => Loss -0.159, Train_accy 100.00:  80%|████████  | 16/20 [02:47<00:55, 13.82s/it]
Task 6, Epoch 17/20 => Loss -0.159, Train_accy 100.00:  85%|████████▌ | 17/20 [02:47<00:29,  9.87s/it]
Task 6, Epoch 18/20 => Loss -0.045, Train_accy 96.00:  85%|████████▌ | 17/20 [02:48<00:29,  9.87s/it] 
Task 6, Epoch 18/20 => Loss -0.045, Train_accy 96.00:  90%|█████████ | 18/20 [02:48<00:14,  7.11s/it]
Task 6, Epoch 19/20 => Loss -0.147, Train_accy 96.00:  90%|█████████ | 18/20 [02:49<00:14,  7.11s/it]
Task 6, Epoch 19/20 => Loss -0.147, Train_accy 96.00:  95%|█████████▌| 19/20 [02:49<00:05,  5.18s/it]
Task 6, Epoch 20/20 => Loss -0.165, Train_accy 100.00, Test_accy 67.88:  95%|█████████▌| 19/20 [03:42<00:05,  5.18s/it]
Task 6, Epoch 20/20 => Loss -0.165, Train_accy 100.00, Test_accy 67.88: 100%|██████████| 20/20 [03:42<00:00, 19.46s/it]
Task 6, Epoch 20/20 => Loss -0.165, Train_accy 100.00, Test_accy 67.88: 100%|██████████| 20/20 [03:42<00:00, 11.10s/it]
2025-12-15 07:01:36,872 [l2p.py] => Task 6, Epoch 20/20 => Loss -0.165, Train_accy 100.00, Test_accy 67.88
2025-12-15 07:02:30,917 [trainer.py] => CNN: {'total': 67.88, '00-59': 97.37, '60-64': 1.8, '65-69': 16.8, '70-74': 18.2, '75-79': 11.6, '80-84': 1.8, '85-89': 3.2, '90-94': 92.0, '95-99': 88.0, 'old': 71.68, 'new': 3.2}
2025-12-15 07:02:30,917 [trainer.py] => CNN top1 curve: [97.35, 90.22, 85.03, 80.83, 76.56, 71.94, 67.88]
2025-12-15 07:02:30,917 [trainer.py] => Average Accuracy (CNN): 81.4 

2025-12-15 07:02:30,920 [trainer.py] => All params: 171893193
2025-12-15 07:02:30,922 [trainer.py] => Trainable params: 199781
2025-12-15 07:02:30,922 [l2p.py] => Learning on 90-95

  0%|          | 0/20 [00:00<?, ?it/s]
Task 7, Epoch 1/20 => Loss 1.503, Train_accy 16.00:   0%|          | 0/20 [00:00<?, ?it/s]
Task 7, Epoch 1/20 => Loss 1.503, Train_accy 16.00:   5%|▌         | 1/20 [00:00<00:14,  1.33it/s]
Task 7, Epoch 2/20 => Loss 0.989, Train_accy 68.00:   5%|▌         | 1/20 [00:01<00:14,  1.33it/s]
Task 7, Epoch 2/20 => Loss 0.989, Train_accy 68.00:  10%|█         | 2/20 [00:01<00:13,  1.32it/s]
Task 7, Epoch 3/20 => Loss 0.562, Train_accy 92.00:  10%|█         | 2/20 [00:02<00:13,  1.32it/s]
Task 7, Epoch 3/20 => Loss 0.562, Train_accy 92.00:  15%|█▌        | 3/20 [00:02<00:12,  1.34it/s]
Task 7, Epoch 4/20 => Loss 0.350, Train_accy 88.00:  15%|█▌        | 3/20 [00:02<00:12,  1.34it/s]
Task 7, Epoch 4/20 => Loss 0.350, Train_accy 88.00:  20%|██        | 4/20 [00:02<00:11,  1.39it/s]
Task 7, Epoch 5/20 => Loss 0.140, Train_accy 96.00, Test_accy 64.38:  20%|██        | 4/20 [00:58<00:11,  1.39it/s]
Task 7, Epoch 5/20 => Loss 0.140, Train_accy 96.00, Test_accy 64.38:  25%|██▌       | 5/20 [00:58<05:07, 20.51s/it]
Task 7, Epoch 6/20 => Loss 0.080, Train_accy 100.00:  25%|██▌       | 5/20 [00:59<05:07, 20.51s/it]                
Task 7, Epoch 6/20 => Loss 0.080, Train_accy 100.00:  30%|███       | 6/20 [00:59<03:13, 13.80s/it]
Task 7, Epoch 7/20 => Loss 0.019, Train_accy 100.00:  30%|███       | 6/20 [01:00<03:13, 13.80s/it]
Task 7, Epoch 7/20 => Loss 0.019, Train_accy 100.00:  35%|███▌      | 7/20 [01:00<02:04,  9.54s/it]
Task 7, Epoch 8/20 => Loss -0.120, Train_accy 100.00:  35%|███▌      | 7/20 [01:00<02:04,  9.54s/it]
Task 7, Epoch 8/20 => Loss -0.120, Train_accy 100.00:  40%|████      | 8/20 [01:00<01:20,  6.74s/it]
Task 7, Epoch 9/20 => Loss -0.083, Train_accy 100.00:  40%|████      | 8/20 [01:01<01:20,  6.74s/it]
Task 7, Epoch 9/20 => Loss -0.083, Train_accy 100.00:  45%|████▌     | 9/20 [01:01<00:53,  4.86s/it]
Task 7, Epoch 10/20 => Loss -0.123, Train_accy 100.00, Test_accy 64.31:  45%|████▌     | 9/20 [01:57<00:53,  4.86s/it]
Task 7, Epoch 10/20 => Loss -0.123, Train_accy 100.00, Test_accy 64.31:  50%|█████     | 10/20 [01:57<03:25, 20.52s/it]
Task 7, Epoch 11/20 => Loss -0.122, Train_accy 100.00:  50%|█████     | 10/20 [01:57<03:25, 20.52s/it]                 
Task 7, Epoch 11/20 => Loss -0.122, Train_accy 100.00:  55%|█████▌    | 11/20 [01:57<02:10, 14.46s/it]
Task 7, Epoch 12/20 => Loss -0.033, Train_accy 96.00:  55%|█████▌    | 11/20 [01:58<02:10, 14.46s/it] 
Task 7, Epoch 12/20 => Loss -0.033, Train_accy 96.00:  60%|██████    | 12/20 [01:58<01:22, 10.28s/it]
Task 7, Epoch 13/20 => Loss -0.139, Train_accy 100.00:  60%|██████    | 12/20 [01:59<01:22, 10.28s/it]
Task 7, Epoch 13/20 => Loss -0.139, Train_accy 100.00:  65%|██████▌   | 13/20 [01:59<00:51,  7.38s/it]
Task 7, Epoch 14/20 => Loss -0.133, Train_accy 100.00:  65%|██████▌   | 13/20 [02:00<00:51,  7.38s/it]
Task 7, Epoch 14/20 => Loss -0.133, Train_accy 100.00:  70%|███████   | 14/20 [02:00<00:32,  5.37s/it]
Task 7, Epoch 15/20 => Loss -0.130, Train_accy 100.00, Test_accy 64.25:  70%|███████   | 14/20 [02:55<00:32,  5.37s/it]
Task 7, Epoch 15/20 => Loss -0.130, Train_accy 100.00, Test_accy 64.25:  75%|███████▌  | 15/20 [02:55<01:42, 20.51s/it]
Task 7, Epoch 16/20 => Loss -0.148, Train_accy 100.00:  75%|███████▌  | 15/20 [02:56<01:42, 20.51s/it]                 
Task 7, Epoch 16/20 => Loss -0.148, Train_accy 100.00:  80%|████████  | 16/20 [02:56<00:58, 14.56s/it]
Task 7, Epoch 17/20 => Loss -0.161, Train_accy 100.00:  80%|████████  | 16/20 [02:57<00:58, 14.56s/it]
Task 7, Epoch 17/20 => Loss -0.161, Train_accy 100.00:  85%|████████▌ | 17/20 [02:57<00:31, 10.39s/it]
Task 7, Epoch 18/20 => Loss -0.149, Train_accy 100.00:  85%|████████▌ | 17/20 [02:57<00:31, 10.39s/it]
Task 7, Epoch 18/20 => Loss -0.149, Train_accy 100.00:  90%|█████████ | 18/20 [02:57<00:14,  7.48s/it]
Task 7, Epoch 19/20 => Loss -0.142, Train_accy 100.00:  90%|█████████ | 18/20 [02:58<00:14,  7.48s/it]
Task 7, Epoch 19/20 => Loss -0.142, Train_accy 100.00:  95%|█████████▌| 19/20 [02:58<00:05,  5.45s/it]
Task 7, Epoch 20/20 => Loss -0.108, Train_accy 96.00, Test_accy 64.24:  95%|█████████▌| 19/20 [03:54<00:05,  5.45s/it]
Task 7, Epoch 20/20 => Loss -0.108, Train_accy 96.00, Test_accy 64.24: 100%|██████████| 20/20 [03:54<00:00, 20.51s/it]
Task 7, Epoch 20/20 => Loss -0.108, Train_accy 96.00, Test_accy 64.24: 100%|██████████| 20/20 [03:54<00:00, 11.70s/it]
2025-12-15 07:06:25,029 [l2p.py] => Task 7, Epoch 20/20 => Loss -0.108, Train_accy 96.00, Test_accy 64.24
2025-12-15 07:07:21,143 [trainer.py] => CNN: {'total': 64.24, '00-59': 97.3, '60-64': 2.0, '65-69': 16.2, '70-74': 18.0, '75-79': 11.8, '80-84': 1.4, '85-89': 2.6, '90-94': 1.0, '95-99': 100.0, 'old': 67.76, 'new': 1.0}
2025-12-15 07:07:21,143 [trainer.py] => CNN top1 curve: [97.35, 90.22, 85.03, 80.83, 76.56, 71.94, 67.88, 64.24]
2025-12-15 07:07:21,143 [trainer.py] => Average Accuracy (CNN): 79.26 

2025-12-15 07:07:21,144 [trainer.py] => All params: 171893193
2025-12-15 07:07:21,145 [trainer.py] => Trainable params: 199781
2025-12-15 07:07:21,145 [l2p.py] => Learning on 95-100

  0%|          | 0/20 [00:00<?, ?it/s]
Task 8, Epoch 1/20 => Loss 1.779, Train_accy 4.00:   0%|          | 0/20 [00:00<?, ?it/s]
Task 8, Epoch 1/20 => Loss 1.779, Train_accy 4.00:   5%|▌         | 1/20 [00:00<00:12,  1.49it/s]
Task 8, Epoch 2/20 => Loss 1.141, Train_accy 40.00:   5%|▌         | 1/20 [00:01<00:12,  1.49it/s]
Task 8, Epoch 2/20 => Loss 1.141, Train_accy 40.00:  10%|█         | 2/20 [00:01<00:12,  1.47it/s]
Task 8, Epoch 3/20 => Loss 0.729, Train_accy 80.00:  10%|█         | 2/20 [00:02<00:12,  1.47it/s]
Task 8, Epoch 3/20 => Loss 0.729, Train_accy 80.00:  15%|█▌        | 3/20 [00:02<00:11,  1.48it/s]
Task 8, Epoch 4/20 => Loss 0.416, Train_accy 88.00:  15%|█▌        | 3/20 [00:02<00:11,  1.48it/s]
Task 8, Epoch 4/20 => Loss 0.416, Train_accy 88.00:  20%|██        | 4/20 [00:02<00:11,  1.44it/s]
Task 8, Epoch 5/20 => Loss 0.242, Train_accy 88.00, Test_accy 60.82:  20%|██        | 4/20 [01:01<00:11,  1.44it/s]
Task 8, Epoch 5/20 => Loss 0.242, Train_accy 88.00, Test_accy 60.82:  25%|██▌       | 5/20 [01:01<05:23, 21.57s/it]
Task 8, Epoch 6/20 => Loss 0.100, Train_accy 96.00:  25%|██▌       | 5/20 [01:02<05:23, 21.57s/it]                 
Task 8, Epoch 6/20 => Loss 0.100, Train_accy 96.00:  30%|███       | 6/20 [01:02<03:22, 14.47s/it]
Task 8, Epoch 7/20 => Loss -0.059, Train_accy 100.00:  30%|███       | 6/20 [01:02<03:22, 14.47s/it]
Task 8, Epoch 7/20 => Loss -0.059, Train_accy 100.00:  35%|███▌      | 7/20 [01:02<02:09,  9.97s/it]
Task 8, Epoch 8/20 => Loss -0.064, Train_accy 100.00:  35%|███▌      | 7/20 [01:03<02:09,  9.97s/it]
Task 8, Epoch 8/20 => Loss -0.064, Train_accy 100.00:  40%|████      | 8/20 [01:03<01:24,  7.02s/it]
Task 8, Epoch 9/20 => Loss -0.097, Train_accy 100.00:  40%|████      | 8/20 [01:04<01:24,  7.02s/it]
Task 8, Epoch 9/20 => Loss -0.097, Train_accy 100.00:  45%|████▌     | 9/20 [01:04<00:55,  5.04s/it]
Task 8, Epoch 10/20 => Loss -0.116, Train_accy 100.00, Test_accy 60.84:  45%|████▌     | 9/20 [02:02<00:55,  5.04s/it]
Task 8, Epoch 10/20 => Loss -0.116, Train_accy 100.00, Test_accy 60.84:  50%|█████     | 10/20 [02:02<03:35, 21.54s/it]
Task 8, Epoch 11/20 => Loss -0.130, Train_accy 100.00:  50%|█████     | 10/20 [02:03<03:35, 21.54s/it]                 
Task 8, Epoch 11/20 => Loss -0.130, Train_accy 100.00:  55%|█████▌    | 11/20 [02:03<02:16, 15.18s/it]
Task 8, Epoch 12/20 => Loss -0.095, Train_accy 100.00:  55%|█████▌    | 11/20 [02:04<02:16, 15.18s/it]
Task 8, Epoch 12/20 => Loss -0.095, Train_accy 100.00:  60%|██████    | 12/20 [02:04<01:26, 10.78s/it]
Task 8, Epoch 13/20 => Loss -0.144, Train_accy 100.00:  60%|██████    | 12/20 [02:04<01:26, 10.78s/it]
Task 8, Epoch 13/20 => Loss -0.144, Train_accy 100.00:  65%|██████▌   | 13/20 [02:04<00:54,  7.72s/it]
Task 8, Epoch 14/20 => Loss -0.077, Train_accy 96.00:  65%|██████▌   | 13/20 [02:05<00:54,  7.72s/it] 
Task 8, Epoch 14/20 => Loss -0.077, Train_accy 96.00:  70%|███████   | 14/20 [02:05<00:33,  5.61s/it]
Task 8, Epoch 15/20 => Loss -0.135, Train_accy 100.00, Test_accy 61.32:  70%|███████   | 14/20 [03:03<00:33,  5.61s/it]
Task 8, Epoch 15/20 => Loss -0.135, Train_accy 100.00, Test_accy 61.32:  75%|███████▌  | 15/20 [03:03<01:47, 21.55s/it]
Task 8, Epoch 16/20 => Loss -0.143, Train_accy 100.00:  75%|███████▌  | 15/20 [03:04<01:47, 21.55s/it]                 
Task 8, Epoch 16/20 => Loss -0.143, Train_accy 100.00:  80%|████████  | 16/20 [03:04<01:01, 15.27s/it]
Task 8, Epoch 17/20 => Loss -0.166, Train_accy 100.00:  80%|████████  | 16/20 [03:05<01:01, 15.27s/it]
Task 8, Epoch 17/20 => Loss -0.166, Train_accy 100.00:  85%|████████▌ | 17/20 [03:05<00:32, 10.88s/it]
Task 8, Epoch 18/20 => Loss -0.180, Train_accy 100.00:  85%|████████▌ | 17/20 [03:06<00:32, 10.88s/it]
Task 8, Epoch 18/20 => Loss -0.180, Train_accy 100.00:  90%|█████████ | 18/20 [03:06<00:15,  7.82s/it]
Task 8, Epoch 19/20 => Loss -0.148, Train_accy 100.00:  90%|█████████ | 18/20 [03:06<00:15,  7.82s/it]
Task 8, Epoch 19/20 => Loss -0.148, Train_accy 100.00:  95%|█████████▌| 19/20 [03:06<00:05,  5.68s/it]
Task 8, Epoch 20/20 => Loss -0.189, Train_accy 100.00, Test_accy 61.74:  95%|█████████▌| 19/20 [04:05<00:05,  5.68s/it]
Task 8, Epoch 20/20 => Loss -0.189, Train_accy 100.00, Test_accy 61.74: 100%|██████████| 20/20 [04:05<00:00, 21.53s/it]
Task 8, Epoch 20/20 => Loss -0.189, Train_accy 100.00, Test_accy 61.74: 100%|██████████| 20/20 [04:05<00:00, 12.26s/it]
2025-12-15 07:11:26,367 [l2p.py] => Task 8, Epoch 20/20 => Loss -0.189, Train_accy 100.00, Test_accy 61.74
2025-12-15 07:12:24,256 [trainer.py] => CNN: {'total': 61.74, '00-59': 97.28, '60-64': 2.4, '65-69': 14.4, '70-74': 15.8, '75-79': 11.0, '80-84': 1.2, '85-89': 2.2, '90-94': 1.0, '95-99': 19.4, 'old': 63.97, 'new': 19.4}
2025-12-15 07:12:24,257 [trainer.py] => CNN top1 curve: [97.35, 90.22, 85.03, 80.83, 76.56, 71.94, 67.88, 64.24, 61.74]
2025-12-15 07:12:24,257 [trainer.py] => Average Accuracy (CNN): 77.31 


================================================================================
Finished mini_imagenet_init60_inc5: vit_base_patch16_224_l2p  
Base Accuracy: 97.35
Lase Accuracy: 61.74
Average Accuracy (Top1): 77.31
PD: 35.61
Backward Transfer (BWT): -2.13
Forward Transfer (FWT): 13.52
Accuracy Matrix (CNN):
[[ 97.35  84.    92.    92.   100.    88.    96.    88.    84.  ]
 [ 97.35   4.6  100.    92.    92.    88.    92.    96.    92.  ]
 [ 97.35   4.6   17.6   84.   100.    88.   100.    92.    96.  ]
 [ 97.35   4.    19.8   20.4  100.    92.   100.   100.    96.  ]
 [ 97.37   3.    18.    20.    15.6   96.   100.    96.   100.  ]
 [ 97.37   2.6   17.6   17.8   14.     2.6  100.    96.   100.  ]
 [ 97.37   1.8   16.8   18.2   11.6    1.8    3.2   92.    88.  ]
 [ 97.3    2.    16.2   18.    11.8    1.4    2.6    1.   100.  ]
 [ 97.28   2.4   14.4   15.8   11.     1.2    2.2    1.    19.4 ]]
================================================================================

