nohup: 忽略输入
2025-12-13 18:02:35,594 [trainer.py] => config: ./scripts/asp_cub_B100_Inc5.json
2025-12-13 18:02:35,594 [trainer.py] => model_name: asp
2025-12-13 18:02:35,594 [trainer.py] => backbone_type: pretrained_vit_b16_224_vpt
2025-12-13 18:02:35,594 [trainer.py] => device: [device(type='cuda', index=1)]
2025-12-13 18:02:35,594 [trainer.py] => seed: 1993
2025-12-13 18:02:35,594 [trainer.py] => dataset: cub
2025-12-13 18:02:35,594 [trainer.py] => init_cls: 100
2025-12-13 18:02:35,594 [trainer.py] => increment: 5
2025-12-13 18:02:35,594 [trainer.py] => kshot: 5
2025-12-13 18:02:35,594 [trainer.py] => vpt_type: Deep
2025-12-13 18:02:35,594 [trainer.py] => prompt_token_num: 6
2025-12-13 18:02:35,594 [trainer.py] => avg_alpha: 0.8
2025-12-13 18:02:35,594 [trainer.py] => perturb_var: 1
2025-12-13 18:02:35,594 [trainer.py] => EMA_beta: 0.99
2025-12-13 18:02:35,594 [trainer.py] => anchor_lambda: 0.1
2025-12-13 18:02:35,594 [trainer.py] => kl_weight: 0.001
2025-12-13 18:02:35,594 [trainer.py] => TIP_init: zero
2025-12-13 18:02:35,594 [trainer.py] => tuned_epoch: 20
2025-12-13 18:02:35,594 [trainer.py] => fs_epoch: 0
2025-12-13 18:02:35,594 [trainer.py] => init_lr: 0.01
2025-12-13 18:02:35,594 [trainer.py] => fs_lr: 0.001
2025-12-13 18:02:35,594 [trainer.py] => batch_size: 24
2025-12-13 18:02:35,594 [trainer.py] => fs_batch_size: 16
2025-12-13 18:02:35,595 [trainer.py] => weight_decay: 0.005
2025-12-13 18:02:35,595 [trainer.py] => min_lr: 0
2025-12-13 18:02:35,595 [trainer.py] => optimizer: sgd
2025-12-13 18:02:35,595 [trainer.py] => memory_size: 0
2025-12-13 18:02:35,595 [trainer.py] => memory_per_class: 0
2025-12-13 18:02:35,595 [trainer.py] => fixed_memory: False
2025-12-13 18:02:35,595 [trainer.py] => shuffle: False
2025-12-13 18:02:35,595 [trainer.py] => top_k: 5
2025-12-13 18:02:35,595 [trainer.py] => base_model_path: saved_model/asp/cub/100_5/asp_20_1993_pretrained_vit_b16_224_vpt.pth
2025-12-13 18:02:35,595 [trainer.py] => prefix: asp
2025-12-13 18:02:35,595 [trainer.py] => model_prefix: asp
2025-12-13 18:02:35,595 [trainer.py] => gpu_models: ['NVIDIA A40']
2025-12-13 18:02:35,634 [data_manager.py] => [0, 1, 2, 3, 4, 5, 6, 7, 8, 9, 10, 11, 12, 13, 14, 15, 16, 17, 18, 19, 20, 21, 22, 23, 24, 25, 26, 27, 28, 29, 30, 31, 32, 33, 34, 35, 36, 37, 38, 39, 40, 41, 42, 43, 44, 45, 46, 47, 48, 49, 50, 51, 52, 53, 54, 55, 56, 57, 58, 59, 60, 61, 62, 63, 64, 65, 66, 67, 68, 69, 70, 71, 72, 73, 74, 75, 76, 77, 78, 79, 80, 81, 82, 83, 84, 85, 86, 87, 88, 89, 90, 91, 92, 93, 94, 95, 96, 97, 98, 99, 100, 101, 102, 103, 104, 105, 106, 107, 108, 109, 110, 111, 112, 113, 114, 115, 116, 117, 118, 119, 120, 121, 122, 123, 124, 125, 126, 127, 128, 129, 130, 131, 132, 133, 134, 135, 136, 137, 138, 139, 140, 141, 142, 143, 144, 145, 146, 147, 148, 149, 150, 151, 152, 153, 154, 155, 156, 157, 158, 159, 160, 161, 162, 163, 164, 165, 166, 167, 168, 169, 170, 171, 172, 173, 174, 175, 176, 177, 178, 179, 180, 181, 182, 183, 184, 185, 186, 187, 188, 189, 190, 191, 192, 193, 194, 195, 196, 197, 198, 199]
This is for the BaseNet initialization.
modelname, pretrained_vit_b16_224_vpt basicmodelname vit_base_patch16_224
Using VPT model
Using Deep Prompt
After BaseNet initialization.
2025-12-13 18:02:41,744 [trainer.py] => All params: 173749761
2025-12-13 18:02:41,745 [trainer.py] => Trainable params: 2152449
2025-12-13 18:02:41,929 [asp.py] => Learning on 0-100
2025-12-13 18:02:41,944 [asp.py] => training set size: 4693, fc construct set size: 4693
anchor samples found
2025-12-13 18:05:45,609 [asp.py] => Task 0, Epoch 1 => Loss 6.037, Train_accy 10.89, Test_curr_accy 38.17, Test_accy 38.17
anchor samples found
2025-12-13 18:08:54,859 [asp.py] => Task 0, Epoch 2 => Loss 2.940, Train_accy 57.66, Test_curr_accy 78.99, Test_accy 78.99
anchor samples found
2025-12-13 18:12:05,647 [asp.py] => Task 0, Epoch 3 => Loss 1.228, Train_accy 77.65, Test_curr_accy 84.97, Test_accy 84.97
anchor samples found
2025-12-13 18:15:21,431 [asp.py] => Task 0, Epoch 4 => Loss 1.009, Train_accy 80.38, Test_curr_accy 86.17, Test_accy 86.17
anchor samples found
2025-12-13 18:18:29,113 [asp.py] => Task 0, Epoch 5 => Loss 0.902, Train_accy 82.55, Test_curr_accy 87.62, Test_accy 87.62
anchor samples found
2025-12-13 18:21:41,560 [asp.py] => Task 0, Epoch 6 => Loss 0.870, Train_accy 82.97, Test_curr_accy 85.74, Test_accy 85.74
anchor samples found
2025-12-13 18:26:15,038 [asp.py] => Task 0, Epoch 7 => Loss 0.809, Train_accy 84.30, Test_curr_accy 87.62, Test_accy 87.62
anchor samples found
2025-12-13 18:31:30,652 [asp.py] => Task 0, Epoch 8 => Loss 0.842, Train_accy 83.06, Test_curr_accy 89.07, Test_accy 89.07
anchor samples found
2025-12-13 18:36:44,676 [asp.py] => Task 0, Epoch 9 => Loss 0.791, Train_accy 84.79, Test_curr_accy 87.87, Test_accy 87.87
anchor samples found
2025-12-13 18:41:59,452 [asp.py] => Task 0, Epoch 10 => Loss 0.774, Train_accy 85.08, Test_curr_accy 88.13, Test_accy 88.13
anchor samples found
2025-12-13 18:47:15,133 [asp.py] => Task 0, Epoch 11 => Loss 0.769, Train_accy 85.02, Test_curr_accy 89.33, Test_accy 89.33
anchor samples found
2025-12-13 18:52:31,060 [asp.py] => Task 0, Epoch 12 => Loss 0.761, Train_accy 85.34, Test_curr_accy 89.15, Test_accy 89.15
anchor samples found
2025-12-13 18:57:45,961 [asp.py] => Task 0, Epoch 13 => Loss 0.746, Train_accy 85.92, Test_curr_accy 89.33, Test_accy 89.33
anchor samples found
2025-12-13 19:03:01,016 [asp.py] => Task 0, Epoch 14 => Loss 0.736, Train_accy 86.90, Test_curr_accy 89.24, Test_accy 89.24
anchor samples found
2025-12-13 19:08:15,619 [asp.py] => Task 0, Epoch 15 => Loss 0.719, Train_accy 86.58, Test_curr_accy 89.50, Test_accy 89.50
anchor samples found
2025-12-13 19:13:29,814 [asp.py] => Task 0, Epoch 16 => Loss 0.700, Train_accy 87.17, Test_curr_accy 90.35, Test_accy 90.35
anchor samples found
2025-12-13 19:18:44,028 [asp.py] => Task 0, Epoch 17 => Loss 0.741, Train_accy 86.38, Test_curr_accy 89.67, Test_accy 89.67
anchor samples found
2025-12-13 19:23:58,433 [asp.py] => Task 0, Epoch 18 => Loss 0.694, Train_accy 87.66, Test_curr_accy 90.35, Test_accy 90.35
anchor samples found
2025-12-13 19:29:11,992 [asp.py] => Task 0, Epoch 19 => Loss 0.696, Train_accy 87.49, Test_curr_accy 90.18, Test_accy 90.18
anchor samples found
2025-12-13 19:34:27,853 [asp.py] => Task 0, Epoch 20 => Loss 0.696, Train_accy 87.68, Test_curr_accy 90.35, Test_accy 90.35
2025-12-13 19:36:21,663 [trainer.py] => CNN: {'total': 87.53, '00-99': 87.53, '100-104': 92.0, '105-109': 80.0, '110-114': 84.0, '115-119': 72.0, '120-124': 76.0, '125-129': 60.0, '130-134': 80.0, '135-139': 96.0, '140-144': 68.0, '145-149': 100.0, '150-154': 56.0, '155-159': 80.0, '160-164': 76.0, '165-169': 72.0, '170-174': 76.0, '175-179': 80.0, '180-184': 84.0, '185-189': 80.0, '190-194': 92.0, '195-199': 80.0, 'old': 0, 'new': 87.53}
2025-12-13 19:36:21,664 [trainer.py] => Top1 curve: [87.53]
2025-12-13 19:36:21,664 [trainer.py] => Average Accuracy (CNN): 87.53
2025-12-13 19:36:21,666 [trainer.py] => All params: 173826562
2025-12-13 19:36:21,668 [trainer.py] => Trainable params: 2229250
2025-12-13 19:36:21,674 [asp.py] => Learning on 100-105
2025-12-13 19:36:21,686 [asp.py] => training set size: 25, fc construct set size: 25
2025-12-13 19:36:49,876 [trainer.py] => CNN: {'total': 86.95, '00-99': 87.28, '100-104': 78.72, '105-109': 88.0, '110-114': 84.0, '115-119': 72.0, '120-124': 80.0, '125-129': 64.0, '130-134': 72.0, '135-139': 84.0, '140-144': 72.0, '145-149': 68.0, '150-154': 64.0, '155-159': 80.0, '160-164': 92.0, '165-169': 72.0, '170-174': 72.0, '175-179': 88.0, '180-184': 80.0, '185-189': 88.0, '190-194': 76.0, '195-199': 88.0, 'old': 87.28, 'new': 78.72}
2025-12-13 19:36:49,877 [trainer.py] => Top1 curve: [87.53, 86.95]
2025-12-13 19:36:49,877 [trainer.py] => Average Accuracy (CNN): 87.24
2025-12-13 19:36:49,881 [trainer.py] => All params: 173830402
2025-12-13 19:36:49,883 [trainer.py] => Trainable params: 2233090
2025-12-13 19:36:49,889 [asp.py] => Learning on 105-110
2025-12-13 19:36:49,902 [asp.py] => training set size: 25, fc construct set size: 25
2025-12-13 19:37:18,070 [trainer.py] => CNN: {'total': 86.22, '00-99': 87.19, '100-104': 78.72, '105-109': 71.15, '110-114': 96.0, '115-119': 68.0, '120-124': 72.0, '125-129': 72.0, '130-134': 68.0, '135-139': 80.0, '140-144': 80.0, '145-149': 84.0, '150-154': 68.0, '155-159': 72.0, '160-164': 68.0, '165-169': 72.0, '170-174': 80.0, '175-179': 84.0, '180-184': 96.0, '185-189': 80.0, '190-194': 80.0, '195-199': 88.0, 'old': 86.86, 'new': 71.15}
2025-12-13 19:37:18,071 [trainer.py] => Top1 curve: [87.53, 86.95, 86.22]
2025-12-13 19:37:18,071 [trainer.py] => Average Accuracy (CNN): 86.90
2025-12-13 19:37:18,073 [trainer.py] => All params: 173834242
2025-12-13 19:37:18,076 [trainer.py] => Trainable params: 2236930
2025-12-13 19:37:18,081 [asp.py] => Learning on 110-115
2025-12-13 19:37:18,093 [asp.py] => training set size: 25, fc construct set size: 25
2025-12-13 19:37:46,513 [trainer.py] => CNN: {'total': 85.91, '00-99': 87.19, '100-104': 78.72, '105-109': 71.15, '110-114': 78.95, '115-119': 80.0, '120-124': 92.0, '125-129': 68.0, '130-134': 64.0, '135-139': 96.0, '140-144': 68.0, '145-149': 80.0, '150-154': 80.0, '155-159': 80.0, '160-164': 88.0, '165-169': 56.0, '170-174': 84.0, '175-179': 92.0, '180-184': 80.0, '185-189': 84.0, '190-194': 92.0, '195-199': 92.0, 'old': 86.22, 'new': 78.95}
2025-12-13 19:37:46,513 [trainer.py] => Top1 curve: [87.53, 86.95, 86.22, 85.91]
2025-12-13 19:37:46,513 [trainer.py] => Average Accuracy (CNN): 86.65
2025-12-13 19:37:46,517 [trainer.py] => All params: 173838082
2025-12-13 19:37:46,519 [trainer.py] => Trainable params: 2240770
2025-12-13 19:37:46,525 [asp.py] => Learning on 115-120
2025-12-13 19:37:46,537 [asp.py] => training set size: 25, fc construct set size: 25
2025-12-13 19:38:15,107 [trainer.py] => CNN: {'total': 84.35, '00-99': 87.11, '100-104': 78.72, '105-109': 71.15, '110-114': 66.67, '115-119': 65.15, '120-124': 72.0, '125-129': 68.0, '130-134': 52.0, '135-139': 92.0, '140-144': 56.0, '145-149': 80.0, '150-154': 72.0, '155-159': 76.0, '160-164': 84.0, '165-169': 76.0, '170-174': 68.0, '175-179': 84.0, '180-184': 80.0, '185-189': 92.0, '190-194': 84.0, '195-199': 80.0, 'old': 85.31, 'new': 65.15}
2025-12-13 19:38:15,108 [trainer.py] => Top1 curve: [87.53, 86.95, 86.22, 85.91, 84.35]
2025-12-13 19:38:15,108 [trainer.py] => Average Accuracy (CNN): 86.19
2025-12-13 19:38:15,111 [trainer.py] => All params: 173841922
2025-12-13 19:38:15,113 [trainer.py] => Trainable params: 2244610
2025-12-13 19:38:15,118 [asp.py] => Learning on 120-125
2025-12-13 19:38:15,128 [asp.py] => training set size: 25, fc construct set size: 25
2025-12-13 19:38:43,747 [trainer.py] => CNN: {'total': 84.4, '00-99': 87.02, '100-104': 78.72, '105-109': 71.15, '110-114': 66.67, '115-119': 65.15, '120-124': 87.76, '125-129': 72.0, '130-134': 76.0, '135-139': 92.0, '140-144': 76.0, '145-149': 92.0, '150-154': 72.0, '155-159': 64.0, '160-164': 88.0, '165-169': 72.0, '170-174': 92.0, '175-179': 80.0, '180-184': 92.0, '185-189': 76.0, '190-194': 88.0, '195-199': 96.0, 'old': 84.28, 'new': 87.76}
2025-12-13 19:38:43,748 [trainer.py] => Top1 curve: [87.53, 86.95, 86.22, 85.91, 84.35, 84.4]
2025-12-13 19:38:43,748 [trainer.py] => Average Accuracy (CNN): 85.89
2025-12-13 19:38:43,751 [trainer.py] => All params: 173845762
2025-12-13 19:38:43,753 [trainer.py] => Trainable params: 2248450
2025-12-13 19:38:43,760 [asp.py] => Learning on 125-130
2025-12-13 19:38:43,772 [asp.py] => training set size: 25, fc construct set size: 25
2025-12-13 19:39:12,494 [trainer.py] => CNN: {'total': 82.99, '00-99': 87.02, '100-104': 78.72, '105-109': 71.15, '110-114': 66.67, '115-119': 63.64, '120-124': 79.59, '125-129': 58.73, '130-134': 80.0, '135-139': 84.0, '140-144': 64.0, '145-149': 88.0, '150-154': 76.0, '155-159': 84.0, '160-164': 84.0, '165-169': 72.0, '170-174': 80.0, '175-179': 80.0, '180-184': 88.0, '185-189': 88.0, '190-194': 96.0, '195-199': 80.0, 'old': 84.05, 'new': 58.73}
2025-12-13 19:39:12,494 [trainer.py] => Top1 curve: [87.53, 86.95, 86.22, 85.91, 84.35, 84.4, 82.99]
2025-12-13 19:39:12,494 [trainer.py] => Average Accuracy (CNN): 85.48
2025-12-13 19:39:12,499 [trainer.py] => All params: 173849602
2025-12-13 19:39:12,501 [trainer.py] => Trainable params: 2252290
2025-12-13 19:39:12,507 [asp.py] => Learning on 130-135
2025-12-13 19:39:12,521 [asp.py] => training set size: 25, fc construct set size: 25
2025-12-13 19:39:41,477 [trainer.py] => CNN: {'total': 82.54, '00-99': 87.02, '100-104': 78.72, '105-109': 71.15, '110-114': 66.67, '115-119': 63.64, '120-124': 77.55, '125-129': 58.73, '130-134': 75.0, '135-139': 88.0, '140-144': 80.0, '145-149': 96.0, '150-154': 76.0, '155-159': 68.0, '160-164': 84.0, '165-169': 68.0, '170-174': 76.0, '175-179': 72.0, '180-184': 96.0, '185-189': 88.0, '190-194': 92.0, '195-199': 72.0, 'old': 82.92, 'new': 75.0}
2025-12-13 19:39:41,477 [trainer.py] => Top1 curve: [87.53, 86.95, 86.22, 85.91, 84.35, 84.4, 82.99, 82.54]
2025-12-13 19:39:41,478 [trainer.py] => Average Accuracy (CNN): 85.11
2025-12-13 19:39:41,481 [trainer.py] => All params: 173853442
2025-12-13 19:39:41,485 [trainer.py] => Trainable params: 2256130
2025-12-13 19:39:41,490 [asp.py] => Learning on 135-140
2025-12-13 19:39:41,502 [asp.py] => training set size: 25, fc construct set size: 25
2025-12-13 19:40:10,625 [trainer.py] => CNN: {'total': 82.75, '00-99': 87.02, '100-104': 78.72, '105-109': 71.15, '110-114': 66.67, '115-119': 63.64, '120-124': 77.55, '125-129': 58.73, '130-134': 73.68, '135-139': 90.74, '140-144': 64.0, '145-149': 84.0, '150-154': 84.0, '155-159': 64.0, '160-164': 84.0, '165-169': 76.0, '170-174': 76.0, '175-179': 72.0, '180-184': 72.0, '185-189': 88.0, '190-194': 84.0, '195-199': 92.0, 'old': 82.48, 'new': 90.74}
2025-12-13 19:40:10,625 [trainer.py] => Top1 curve: [87.53, 86.95, 86.22, 85.91, 84.35, 84.4, 82.99, 82.54, 82.75]
2025-12-13 19:40:10,625 [trainer.py] => Average Accuracy (CNN): 84.85
2025-12-13 19:40:10,629 [trainer.py] => All params: 173857282
2025-12-13 19:40:10,631 [trainer.py] => Trainable params: 2259970
2025-12-13 19:40:10,637 [asp.py] => Learning on 140-145
2025-12-13 19:40:10,648 [asp.py] => training set size: 25, fc construct set size: 25
2025-12-13 19:40:39,084 [trainer.py] => CNN: {'total': 82.02, '00-99': 86.85, '100-104': 78.72, '105-109': 71.15, '110-114': 66.67, '115-119': 63.64, '120-124': 77.55, '125-129': 58.73, '130-134': 73.68, '135-139': 90.74, '140-144': 62.0, '145-149': 72.0, '150-154': 80.0, '155-159': 76.0, '160-164': 88.0, '165-169': 84.0, '170-174': 64.0, '175-179': 80.0, '180-184': 84.0, '185-189': 72.0, '190-194': 96.0, '195-199': 92.0, 'old': 82.63, 'new': 62.0}
2025-12-13 19:40:39,084 [trainer.py] => Top1 curve: [87.53, 86.95, 86.22, 85.91, 84.35, 84.4, 82.99, 82.54, 82.75, 82.02]
2025-12-13 19:40:39,085 [trainer.py] => Average Accuracy (CNN): 84.57
2025-12-13 19:40:39,088 [trainer.py] => All params: 173861122
2025-12-13 19:40:39,091 [trainer.py] => Trainable params: 2263810
2025-12-13 19:40:39,097 [asp.py] => Learning on 145-150
2025-12-13 19:40:39,109 [asp.py] => training set size: 25, fc construct set size: 25
2025-12-13 19:41:08,288 [trainer.py] => CNN: {'total': 81.7, '00-99': 86.85, '100-104': 78.72, '105-109': 71.15, '110-114': 66.67, '115-119': 62.12, '120-124': 77.55, '125-129': 57.14, '130-134': 73.68, '135-139': 90.74, '140-144': 58.0, '145-149': 79.69, '150-154': 80.0, '155-159': 72.0, '160-164': 76.0, '165-169': 52.0, '170-174': 84.0, '175-179': 84.0, '180-184': 92.0, '185-189': 96.0, '190-194': 80.0, '195-199': 92.0, 'old': 81.78, 'new': 79.69}
2025-12-13 19:41:08,289 [trainer.py] => Top1 curve: [87.53, 86.95, 86.22, 85.91, 84.35, 84.4, 82.99, 82.54, 82.75, 82.02, 81.7]
2025-12-13 19:41:08,289 [trainer.py] => Average Accuracy (CNN): 84.31
2025-12-13 19:41:08,292 [trainer.py] => All params: 173864962
2025-12-13 19:41:08,295 [trainer.py] => Trainable params: 2267650
2025-12-13 19:41:08,302 [asp.py] => Learning on 150-155
2025-12-13 19:41:08,313 [asp.py] => training set size: 25, fc construct set size: 25
2025-12-13 19:41:37,488 [trainer.py] => CNN: {'total': 81.65, '00-99': 86.85, '100-104': 78.72, '105-109': 71.15, '110-114': 66.67, '115-119': 62.12, '120-124': 77.55, '125-129': 57.14, '130-134': 73.68, '135-139': 90.74, '140-144': 58.0, '145-149': 79.69, '150-154': 80.0, '155-159': 72.0, '160-164': 100.0, '165-169': 76.0, '170-174': 72.0, '175-179': 80.0, '180-184': 76.0, '185-189': 92.0, '190-194': 92.0, '195-199': 96.0, 'old': 81.7, 'new': 80.0}
2025-12-13 19:41:37,489 [trainer.py] => Top1 curve: [87.53, 86.95, 86.22, 85.91, 84.35, 84.4, 82.99, 82.54, 82.75, 82.02, 81.7, 81.65]
2025-12-13 19:41:37,489 [trainer.py] => Average Accuracy (CNN): 84.08
2025-12-13 19:41:37,492 [trainer.py] => All params: 173868802
2025-12-13 19:41:37,495 [trainer.py] => Trainable params: 2271490
2025-12-13 19:41:37,501 [asp.py] => Learning on 155-160
2025-12-13 19:41:37,512 [asp.py] => training set size: 25, fc construct set size: 25
2025-12-13 19:42:06,590 [trainer.py] => CNN: {'total': 81.6, '00-99': 86.76, '100-104': 78.72, '105-109': 71.15, '110-114': 66.67, '115-119': 62.12, '120-124': 77.55, '125-129': 57.14, '130-134': 73.68, '135-139': 90.74, '140-144': 58.0, '145-149': 79.69, '150-154': 80.0, '155-159': 82.0, '160-164': 88.0, '165-169': 60.0, '170-174': 84.0, '175-179': 84.0, '180-184': 92.0, '185-189': 100.0, '190-194': 88.0, '195-199': 80.0, 'old': 81.59, 'new': 82.0}
2025-12-13 19:42:06,590 [trainer.py] => Top1 curve: [87.53, 86.95, 86.22, 85.91, 84.35, 84.4, 82.99, 82.54, 82.75, 82.02, 81.7, 81.65, 81.6]
2025-12-13 19:42:06,590 [trainer.py] => Average Accuracy (CNN): 83.89
2025-12-13 19:42:06,593 [trainer.py] => All params: 173872642
2025-12-13 19:42:06,596 [trainer.py] => Trainable params: 2275330
2025-12-13 19:42:06,602 [asp.py] => Learning on 160-165
2025-12-13 19:42:06,612 [asp.py] => training set size: 25, fc construct set size: 25
2025-12-13 19:42:36,080 [trainer.py] => CNN: {'total': 81.79, '00-99': 86.76, '100-104': 78.72, '105-109': 71.15, '110-114': 66.67, '115-119': 62.12, '120-124': 77.55, '125-129': 57.14, '130-134': 73.68, '135-139': 90.74, '140-144': 58.0, '145-149': 79.69, '150-154': 80.0, '155-159': 76.0, '160-164': 91.3, '165-169': 68.0, '170-174': 76.0, '175-179': 76.0, '180-184': 92.0, '185-189': 92.0, '190-194': 92.0, '195-199': 92.0, 'old': 81.44, 'new': 91.3}
2025-12-13 19:42:36,080 [trainer.py] => Top1 curve: [87.53, 86.95, 86.22, 85.91, 84.35, 84.4, 82.99, 82.54, 82.75, 82.02, 81.7, 81.65, 81.6, 81.79]
2025-12-13 19:42:36,080 [trainer.py] => Average Accuracy (CNN): 83.74
2025-12-13 19:42:36,084 [trainer.py] => All params: 173876482
2025-12-13 19:42:36,087 [trainer.py] => Trainable params: 2279170
2025-12-13 19:42:36,095 [asp.py] => Learning on 165-170
2025-12-13 19:42:36,104 [asp.py] => training set size: 25, fc construct set size: 25
2025-12-13 19:43:05,441 [trainer.py] => CNN: {'total': 82.23, '00-99': 86.76, '100-104': 78.72, '105-109': 71.15, '110-114': 66.67, '115-119': 62.12, '120-124': 77.55, '125-129': 57.14, '130-134': 73.68, '135-139': 90.74, '140-144': 58.0, '145-149': 79.69, '150-154': 80.0, '155-159': 76.0, '160-164': 91.3, '165-169': 95.31, '170-174': 88.0, '175-179': 88.0, '180-184': 92.0, '185-189': 96.0, '190-194': 92.0, '195-199': 76.0, 'old': 81.79, 'new': 95.31}
2025-12-13 19:43:05,442 [trainer.py] => Top1 curve: [87.53, 86.95, 86.22, 85.91, 84.35, 84.4, 82.99, 82.54, 82.75, 82.02, 81.7, 81.65, 81.6, 81.79, 82.23]
2025-12-13 19:43:05,442 [trainer.py] => Average Accuracy (CNN): 83.64
2025-12-13 19:43:05,445 [trainer.py] => All params: 173880322
2025-12-13 19:43:05,448 [trainer.py] => Trainable params: 2283010
2025-12-13 19:43:05,456 [asp.py] => Learning on 170-175
2025-12-13 19:43:05,465 [asp.py] => training set size: 25, fc construct set size: 25
2025-12-13 19:43:35,195 [trainer.py] => CNN: {'total': 82.02, '00-99': 86.76, '100-104': 78.72, '105-109': 71.15, '110-114': 66.67, '115-119': 62.12, '120-124': 77.55, '125-129': 57.14, '130-134': 73.68, '135-139': 90.74, '140-144': 58.0, '145-149': 78.12, '150-154': 80.0, '155-159': 76.0, '160-164': 86.96, '165-169': 90.62, '170-174': 85.92, '175-179': 76.0, '180-184': 88.0, '185-189': 92.0, '190-194': 80.0, '195-199': 92.0, 'old': 81.88, 'new': 85.92}
2025-12-13 19:43:35,196 [trainer.py] => Top1 curve: [87.53, 86.95, 86.22, 85.91, 84.35, 84.4, 82.99, 82.54, 82.75, 82.02, 81.7, 81.65, 81.6, 81.79, 82.23, 82.02]
2025-12-13 19:43:35,196 [trainer.py] => Average Accuracy (CNN): 83.54
2025-12-13 19:43:35,199 [trainer.py] => All params: 173884162
2025-12-13 19:43:35,201 [trainer.py] => Trainable params: 2286850
2025-12-13 19:43:35,209 [asp.py] => Learning on 175-180
2025-12-13 19:43:35,217 [asp.py] => training set size: 25, fc construct set size: 25
2025-12-13 19:44:05,004 [trainer.py] => CNN: {'total': 81.87, '00-99': 86.76, '100-104': 78.72, '105-109': 71.15, '110-114': 66.67, '115-119': 62.12, '120-124': 77.55, '125-129': 57.14, '130-134': 73.68, '135-139': 90.74, '140-144': 58.0, '145-149': 78.12, '150-154': 80.0, '155-159': 76.0, '160-164': 84.06, '165-169': 85.94, '170-174': 84.51, '175-179': 88.0, '180-184': 68.0, '185-189': 88.0, '190-194': 64.0, '195-199': 88.0, 'old': 81.73, 'new': 88.0}
2025-12-13 19:44:05,005 [trainer.py] => Top1 curve: [87.53, 86.95, 86.22, 85.91, 84.35, 84.4, 82.99, 82.54, 82.75, 82.02, 81.7, 81.65, 81.6, 81.79, 82.23, 82.02, 81.87]
2025-12-13 19:44:05,005 [trainer.py] => Average Accuracy (CNN): 83.44
2025-12-13 19:44:05,008 [trainer.py] => All params: 173888002
2025-12-13 19:44:05,011 [trainer.py] => Trainable params: 2290690
2025-12-13 19:44:05,018 [asp.py] => Learning on 180-185
2025-12-13 19:44:05,027 [asp.py] => training set size: 25, fc construct set size: 25
2025-12-13 19:44:34,995 [trainer.py] => CNN: {'total': 82.11, '00-99': 86.85, '100-104': 78.72, '105-109': 71.15, '110-114': 66.67, '115-119': 62.12, '120-124': 77.55, '125-129': 57.14, '130-134': 73.68, '135-139': 90.74, '140-144': 58.0, '145-149': 78.12, '150-154': 80.0, '155-159': 76.0, '160-164': 84.06, '165-169': 85.94, '170-174': 84.51, '175-179': 84.0, '180-184': 91.94, '185-189': 80.0, '190-194': 92.0, '195-199': 92.0, 'old': 81.83, 'new': 91.94}
2025-12-13 19:44:34,996 [trainer.py] => Top1 curve: [87.53, 86.95, 86.22, 85.91, 84.35, 84.4, 82.99, 82.54, 82.75, 82.02, 81.7, 81.65, 81.6, 81.79, 82.23, 82.02, 81.87, 82.11]
2025-12-13 19:44:34,996 [trainer.py] => Average Accuracy (CNN): 83.37
2025-12-13 19:44:34,999 [trainer.py] => All params: 173891842
2025-12-13 19:44:35,002 [trainer.py] => Trainable params: 2294530
2025-12-13 19:44:35,010 [asp.py] => Learning on 185-190
2025-12-13 19:44:35,018 [asp.py] => training set size: 25, fc construct set size: 25
2025-12-13 19:45:05,093 [trainer.py] => CNN: {'total': 82.42, '00-99': 86.85, '100-104': 78.72, '105-109': 71.15, '110-114': 66.67, '115-119': 62.12, '120-124': 77.55, '125-129': 57.14, '130-134': 73.68, '135-139': 90.74, '140-144': 58.0, '145-149': 78.12, '150-154': 80.0, '155-159': 76.0, '160-164': 84.06, '165-169': 85.94, '170-174': 84.51, '175-179': 84.0, '180-184': 90.32, '185-189': 95.0, '190-194': 84.0, '195-199': 84.0, 'old': 82.07, 'new': 95.0}
2025-12-13 19:45:05,094 [trainer.py] => Top1 curve: [87.53, 86.95, 86.22, 85.91, 84.35, 84.4, 82.99, 82.54, 82.75, 82.02, 81.7, 81.65, 81.6, 81.79, 82.23, 82.02, 81.87, 82.11, 82.42]
2025-12-13 19:45:05,094 [trainer.py] => Average Accuracy (CNN): 83.32
2025-12-13 19:45:05,097 [trainer.py] => All params: 173895682
2025-12-13 19:45:05,100 [trainer.py] => Trainable params: 2298370
2025-12-13 19:45:05,107 [asp.py] => Learning on 190-195
2025-12-13 19:45:05,116 [asp.py] => training set size: 25, fc construct set size: 25
2025-12-13 19:45:35,281 [trainer.py] => CNN: {'total': 82.74, '00-99': 86.85, '100-104': 78.72, '105-109': 71.15, '110-114': 66.67, '115-119': 62.12, '120-124': 77.55, '125-129': 57.14, '130-134': 73.68, '135-139': 90.74, '140-144': 58.0, '145-149': 78.12, '150-154': 80.0, '155-159': 76.0, '160-164': 84.06, '165-169': 85.94, '170-174': 84.51, '175-179': 84.0, '180-184': 90.32, '185-189': 91.67, '190-194': 96.92, '195-199': 72.0, 'old': 82.33, 'new': 96.92}
2025-12-13 19:45:35,281 [trainer.py] => Top1 curve: [87.53, 86.95, 86.22, 85.91, 84.35, 84.4, 82.99, 82.54, 82.75, 82.02, 81.7, 81.65, 81.6, 81.79, 82.23, 82.02, 81.87, 82.11, 82.42, 82.74]
2025-12-13 19:45:35,281 [trainer.py] => Average Accuracy (CNN): 83.29
2025-12-13 19:45:35,285 [trainer.py] => All params: 173899522
2025-12-13 19:45:35,288 [trainer.py] => Trainable params: 2302210
2025-12-13 19:45:35,296 [asp.py] => Learning on 195-200
2025-12-13 19:45:35,304 [asp.py] => training set size: 25, fc construct set size: 25
2025-12-13 19:46:05,083 [trainer.py] => CNN: {'total': 82.82, '00-99': 86.85, '100-104': 78.72, '105-109': 71.15, '110-114': 66.67, '115-119': 62.12, '120-124': 77.55, '125-129': 57.14, '130-134': 73.68, '135-139': 90.74, '140-144': 58.0, '145-149': 78.12, '150-154': 80.0, '155-159': 76.0, '160-164': 84.06, '165-169': 85.94, '170-174': 84.51, '175-179': 84.0, '180-184': 90.32, '185-189': 91.67, '190-194': 89.23, '195-199': 94.83, 'old': 82.52, 'new': 94.83}
2025-12-13 19:46:05,084 [trainer.py] => Top1 curve: [87.53, 86.95, 86.22, 85.91, 84.35, 84.4, 82.99, 82.54, 82.75, 82.02, 81.7, 81.65, 81.6, 81.79, 82.23, 82.02, 81.87, 82.11, 82.42, 82.74, 82.82]
2025-12-13 19:46:05,084 [trainer.py] => Average Accuracy (CNN): 83.27

================================================================================
Finished cub_init100_inc5: pretrained_vit_b16_224_vpt  
Base Accuracy: 87.53
Lase Accuracy: 82.82
Average Accuracy (Top1): 83.27
PD: 4.71
Backward Transfer (BWT): -3.77
Traceback (most recent call last):
  File "/home/team/zhaohongwei/Code/Research/Awesome-FSCIL/FSCIL-ASP-main/main.py", line 25, in <module>
    main()
  File "/home/team/zhaohongwei/Code/Research/Awesome-FSCIL/FSCIL-ASP-main/main.py", line 11, in main
    train(args)
  File "/home/team/zhaohongwei/Code/Research/Awesome-FSCIL/FSCIL-ASP-main/trainer.py", line 32, in train
    _train(args)
  File "/home/team/zhaohongwei/Code/Research/Awesome-FSCIL/FSCIL-ASP-main/trainer.py", line 160, in _train
    print("Forward Transfer (FWT):", forward_transfer(args["dataset"], np.array(cnn_matrix)))
  File "/home/team/zhaohongwei/Code/Research/Awesome-FSCIL/FSCIL-ASP-main/trainer.py", line 265, in forward_transfer
    fwt_diffs = fwt_accs - rand_init_acc_for_fwt
ValueError: operands could not be broadcast together with shapes (20,) (10,) 
2025-12-13 21:17:40,561 [trainer.py] => config: ./scripts/asp_cifar_B60_Inc2.json
2025-12-13 21:17:40,561 [trainer.py] => model_name: asp
2025-12-13 21:17:40,562 [trainer.py] => backbone_type: pretrained_vit_b16_224_vpt
2025-12-13 21:17:40,562 [trainer.py] => device: [device(type='cuda', index=1)]
2025-12-13 21:17:40,562 [trainer.py] => seed: 1993
2025-12-13 21:17:40,562 [trainer.py] => dataset: cifar224
2025-12-13 21:17:40,562 [trainer.py] => init_cls: 60
2025-12-13 21:17:40,562 [trainer.py] => increment: 2
2025-12-13 21:17:40,562 [trainer.py] => kshot: 5
2025-12-13 21:17:40,562 [trainer.py] => vpt_type: Deep
2025-12-13 21:17:40,562 [trainer.py] => prompt_token_num: 6
2025-12-13 21:17:40,562 [trainer.py] => avg_alpha: 0.8
2025-12-13 21:17:40,562 [trainer.py] => perturb_var: 1
2025-12-13 21:17:40,562 [trainer.py] => EMA_beta: 0.99
2025-12-13 21:17:40,562 [trainer.py] => anchor_lambda: 0.1
2025-12-13 21:17:40,562 [trainer.py] => kl_weight: 0.001
2025-12-13 21:17:40,562 [trainer.py] => TIP_init: zero
2025-12-13 21:17:40,562 [trainer.py] => tuned_epoch: 20
2025-12-13 21:17:40,562 [trainer.py] => fs_epoch: 0
2025-12-13 21:17:40,562 [trainer.py] => init_lr: 0.01
2025-12-13 21:17:40,562 [trainer.py] => fs_lr: 0.001
2025-12-13 21:17:40,562 [trainer.py] => batch_size: 48
2025-12-13 21:17:40,562 [trainer.py] => fs_batch_size: 16
2025-12-13 21:17:40,562 [trainer.py] => weight_decay: 0.0005
2025-12-13 21:17:40,562 [trainer.py] => min_lr: 0
2025-12-13 21:17:40,562 [trainer.py] => optimizer: sgd
2025-12-13 21:17:40,562 [trainer.py] => memory_size: 0
2025-12-13 21:17:40,562 [trainer.py] => memory_per_class: 0
2025-12-13 21:17:40,562 [trainer.py] => fixed_memory: False
2025-12-13 21:17:40,562 [trainer.py] => shuffle: False
2025-12-13 21:17:40,562 [trainer.py] => top_k: 5
2025-12-13 21:17:40,562 [trainer.py] => base_model_path: saved_model/asp/cifar224/60_2/asp_20_1993_pretrained_vit_b16_224_vpt.pth
2025-12-13 21:17:40,562 [trainer.py] => prefix: asp
2025-12-13 21:17:40,562 [trainer.py] => model_prefix: asp
2025-12-13 21:17:40,563 [trainer.py] => gpu_models: ['NVIDIA A40']
Files already downloaded and verified
Files already downloaded and verified
2025-12-13 21:17:42,358 [data_manager.py] => [0, 1, 2, 3, 4, 5, 6, 7, 8, 9, 10, 11, 12, 13, 14, 15, 16, 17, 18, 19, 20, 21, 22, 23, 24, 25, 26, 27, 28, 29, 30, 31, 32, 33, 34, 35, 36, 37, 38, 39, 40, 41, 42, 43, 44, 45, 46, 47, 48, 49, 50, 51, 52, 53, 54, 55, 56, 57, 58, 59, 60, 61, 62, 63, 64, 65, 66, 67, 68, 69, 70, 71, 72, 73, 74, 75, 76, 77, 78, 79, 80, 81, 82, 83, 84, 85, 86, 87, 88, 89, 90, 91, 92, 93, 94, 95, 96, 97, 98, 99]
This is for the BaseNet initialization.
modelname, pretrained_vit_b16_224_vpt basicmodelname vit_base_patch16_224
Using VPT model
Using Deep Prompt
After BaseNet initialization.
2025-12-13 21:17:47,374 [trainer.py] => All params: 173672961
2025-12-13 21:17:47,375 [trainer.py] => Trainable params: 2075649
2025-12-13 21:17:47,625 [asp.py] => Learning on 0-60
2025-12-13 21:17:47,744 [asp.py] => training set size: 30000, fc construct set size: 30000
anchor samples found
2025-12-13 21:49:30,368 [asp.py] => Task 0, Epoch 1 => Loss 3.491, Train_accy 34.49, Test_curr_accy 88.32, Test_accy 88.32
anchor samples found
2025-12-13 22:21:03,236 [asp.py] => Task 0, Epoch 2 => Loss 1.045, Train_accy 77.79, Test_curr_accy 88.97, Test_accy 88.97
anchor samples found
2025-12-13 22:52:24,899 [asp.py] => Task 0, Epoch 3 => Loss 0.867, Train_accy 79.81, Test_curr_accy 91.97, Test_accy 91.97
anchor samples found
2025-12-13 23:20:56,732 [asp.py] => Task 0, Epoch 4 => Loss 0.809, Train_accy 81.16, Test_curr_accy 92.20, Test_accy 92.20
anchor samples found
2025-12-13 23:41:54,707 [asp.py] => Task 0, Epoch 5 => Loss 0.788, Train_accy 81.11, Test_curr_accy 91.95, Test_accy 91.95
anchor samples found
2025-12-14 00:07:58,502 [asp.py] => Task 0, Epoch 6 => Loss 0.759, Train_accy 81.58, Test_curr_accy 92.47, Test_accy 92.47
anchor samples found
2025-12-14 00:39:30,539 [asp.py] => Task 0, Epoch 7 => Loss 0.756, Train_accy 81.88, Test_curr_accy 92.43, Test_accy 92.43
anchor samples found
2025-12-14 01:01:37,924 [asp.py] => Task 0, Epoch 8 => Loss 0.743, Train_accy 82.04, Test_curr_accy 92.63, Test_accy 92.63
anchor samples found
2025-12-14 01:20:46,920 [asp.py] => Task 0, Epoch 9 => Loss 0.715, Train_accy 82.80, Test_curr_accy 91.88, Test_accy 91.88
anchor samples found
2025-12-14 01:38:08,612 [asp.py] => Task 0, Epoch 10 => Loss 0.710, Train_accy 82.99, Test_curr_accy 89.82, Test_accy 89.82
anchor samples found
2025-12-14 01:52:09,335 [asp.py] => Task 0, Epoch 11 => Loss 0.700, Train_accy 83.07, Test_curr_accy 92.97, Test_accy 92.97
anchor samples found
2025-12-14 02:06:11,432 [asp.py] => Task 0, Epoch 12 => Loss 0.696, Train_accy 82.95, Test_curr_accy 92.92, Test_accy 92.92
anchor samples found
2025-12-14 02:20:17,087 [asp.py] => Task 0, Epoch 13 => Loss 0.688, Train_accy 82.99, Test_curr_accy 92.78, Test_accy 92.78
anchor samples found
2025-12-14 02:34:22,925 [asp.py] => Task 0, Epoch 14 => Loss 0.674, Train_accy 83.41, Test_curr_accy 93.27, Test_accy 93.27
anchor samples found
2025-12-14 02:48:24,224 [asp.py] => Task 0, Epoch 15 => Loss 0.673, Train_accy 83.41, Test_curr_accy 93.08, Test_accy 93.08
anchor samples found
2025-12-14 03:02:25,023 [asp.py] => Task 0, Epoch 16 => Loss 0.664, Train_accy 83.50, Test_curr_accy 93.10, Test_accy 93.10
anchor samples found
2025-12-14 03:16:25,816 [asp.py] => Task 0, Epoch 17 => Loss 0.660, Train_accy 83.81, Test_curr_accy 93.13, Test_accy 93.13
anchor samples found
2025-12-14 03:30:28,637 [asp.py] => Task 0, Epoch 18 => Loss 0.655, Train_accy 83.59, Test_curr_accy 93.02, Test_accy 93.02
anchor samples found
2025-12-14 03:44:31,446 [asp.py] => Task 0, Epoch 19 => Loss 0.648, Train_accy 83.89, Test_curr_accy 93.05, Test_accy 93.05
anchor samples found
2025-12-14 03:58:33,848 [asp.py] => Task 0, Epoch 20 => Loss 0.645, Train_accy 83.94, Test_curr_accy 93.00, Test_accy 93.00
2025-12-14 04:03:23,644 [trainer.py] => CNN: {'total': 91.67, '00-59': 91.67, '60-61': 90.0, '62-63': 70.0, '64-65': 70.0, '66-67': 90.0, '68-69': 80.0, '70-71': 80.0, '72-73': 80.0, '74-75': 70.0, '76-77': 90.0, '78-79': 90.0, '80-81': 80.0, '82-83': 100.0, '84-85': 60.0, '86-87': 100.0, '88-89': 60.0, '90-91': 80.0, '92-93': 50.0, '94-95': 70.0, '96-97': 90.0, '98-99': 90.0, 'old': 0, 'new': 91.67}
2025-12-14 04:03:23,645 [trainer.py] => Top1 curve: [91.67]
2025-12-14 04:03:23,645 [trainer.py] => Average Accuracy (CNN): 91.67
2025-12-14 04:03:23,648 [trainer.py] => All params: 173719042
2025-12-14 04:03:23,650 [trainer.py] => Trainable params: 2121730
2025-12-14 04:03:23,653 [asp.py] => Learning on 60-62
2025-12-14 04:03:23,701 [asp.py] => training set size: 10, fc construct set size: 10
2025-12-14 04:04:01,900 [trainer.py] => CNN: {'total': 90.95, '00-59': 91.5, '60-61': 74.5, '62-63': 70.0, '64-65': 70.0, '66-67': 90.0, '68-69': 90.0, '70-71': 100.0, '72-73': 60.0, '74-75': 70.0, '76-77': 80.0, '78-79': 90.0, '80-81': 90.0, '82-83': 70.0, '84-85': 60.0, '86-87': 90.0, '88-89': 60.0, '90-91': 80.0, '92-93': 50.0, '94-95': 80.0, '96-97': 70.0, '98-99': 90.0, 'old': 91.5, 'new': 74.5}
2025-12-14 04:04:01,901 [trainer.py] => Top1 curve: [91.67, 90.95]
2025-12-14 04:04:01,901 [trainer.py] => Average Accuracy (CNN): 91.31
2025-12-14 04:04:01,903 [trainer.py] => All params: 173720578
2025-12-14 04:04:01,905 [trainer.py] => Trainable params: 2123266
2025-12-14 04:04:01,907 [asp.py] => Learning on 62-64
2025-12-14 04:04:01,956 [asp.py] => training set size: 10, fc construct set size: 10
2025-12-14 04:04:40,822 [trainer.py] => CNN: {'total': 90.69, '00-59': 91.4, '60-61': 74.5, '62-63': 85.5, '64-65': 70.0, '66-67': 90.0, '68-69': 60.0, '70-71': 90.0, '72-73': 80.0, '74-75': 50.0, '76-77': 100.0, '78-79': 100.0, '80-81': 40.0, '82-83': 100.0, '84-85': 60.0, '86-87': 80.0, '88-89': 70.0, '90-91': 80.0, '92-93': 70.0, '94-95': 90.0, '96-97': 90.0, '98-99': 70.0, 'old': 90.85, 'new': 85.5}
2025-12-14 04:04:40,823 [trainer.py] => Top1 curve: [91.67, 90.95, 90.69]
2025-12-14 04:04:40,823 [trainer.py] => Average Accuracy (CNN): 91.10
2025-12-14 04:04:40,826 [trainer.py] => All params: 173722114
2025-12-14 04:04:40,829 [trainer.py] => Trainable params: 2124802
2025-12-14 04:04:40,831 [asp.py] => Learning on 64-66
2025-12-14 04:04:40,879 [asp.py] => training set size: 10, fc construct set size: 10
2025-12-14 04:05:20,912 [trainer.py] => CNN: {'total': 90.02, '00-59': 91.38, '60-61': 74.5, '62-63': 85.5, '64-65': 69.0, '66-67': 60.0, '68-69': 90.0, '70-71': 90.0, '72-73': 80.0, '74-75': 60.0, '76-77': 60.0, '78-79': 90.0, '80-81': 80.0, '82-83': 50.0, '84-85': 80.0, '86-87': 90.0, '88-89': 70.0, '90-91': 90.0, '92-93': 70.0, '94-95': 70.0, '96-97': 80.0, '98-99': 70.0, 'old': 90.67, 'new': 69.0}
2025-12-14 04:05:20,913 [trainer.py] => Top1 curve: [91.67, 90.95, 90.69, 90.02]
2025-12-14 04:05:20,913 [trainer.py] => Average Accuracy (CNN): 90.83
2025-12-14 04:05:20,915 [trainer.py] => All params: 173723650
2025-12-14 04:05:20,917 [trainer.py] => Trainable params: 2126338
2025-12-14 04:05:20,919 [asp.py] => Learning on 66-68
2025-12-14 04:05:20,969 [asp.py] => training set size: 10, fc construct set size: 10
2025-12-14 04:06:01,762 [trainer.py] => CNN: {'total': 89.87, '00-59': 91.32, '60-61': 74.5, '62-63': 85.0, '64-65': 68.5, '66-67': 88.0, '68-69': 60.0, '70-71': 100.0, '72-73': 100.0, '74-75': 80.0, '76-77': 100.0, '78-79': 90.0, '80-81': 80.0, '82-83': 80.0, '84-85': 50.0, '86-87': 90.0, '88-89': 80.0, '90-91': 90.0, '92-93': 100.0, '94-95': 80.0, '96-97': 90.0, '98-99': 90.0, 'old': 89.92, 'new': 88.0}
2025-12-14 04:06:01,763 [trainer.py] => Top1 curve: [91.67, 90.95, 90.69, 90.02, 89.87]
2025-12-14 04:06:01,763 [trainer.py] => Average Accuracy (CNN): 90.64
2025-12-14 04:06:01,765 [trainer.py] => All params: 173725186
2025-12-14 04:06:01,767 [trainer.py] => Trainable params: 2127874
2025-12-14 04:06:01,770 [asp.py] => Learning on 68-70
2025-12-14 04:06:01,809 [asp.py] => training set size: 10, fc construct set size: 10
2025-12-14 04:06:43,630 [trainer.py] => CNN: {'total': 89.63, '00-59': 91.25, '60-61': 73.0, '62-63': 85.0, '64-65': 68.5, '66-67': 88.0, '68-69': 85.0, '70-71': 80.0, '72-73': 80.0, '74-75': 60.0, '76-77': 80.0, '78-79': 100.0, '80-81': 60.0, '82-83': 90.0, '84-85': 80.0, '86-87': 80.0, '88-89': 70.0, '90-91': 90.0, '92-93': 100.0, '94-95': 90.0, '96-97': 100.0, '98-99': 80.0, 'old': 89.76, 'new': 85.0}
2025-12-14 04:06:43,631 [trainer.py] => Top1 curve: [91.67, 90.95, 90.69, 90.02, 89.87, 89.63]
2025-12-14 04:06:43,631 [trainer.py] => Average Accuracy (CNN): 90.47
2025-12-14 04:06:43,634 [trainer.py] => All params: 173726722
2025-12-14 04:06:43,637 [trainer.py] => Trainable params: 2129410
2025-12-14 04:06:43,639 [asp.py] => Learning on 70-72
2025-12-14 04:06:43,690 [asp.py] => training set size: 10, fc construct set size: 10
2025-12-14 04:07:26,485 [trainer.py] => CNN: {'total': 89.24, '00-59': 91.08, '60-61': 72.5, '62-63': 80.5, '64-65': 68.5, '66-67': 88.0, '68-69': 84.5, '70-71': 86.0, '72-73': 60.0, '74-75': 80.0, '76-77': 80.0, '78-79': 90.0, '80-81': 90.0, '82-83': 90.0, '84-85': 60.0, '86-87': 80.0, '88-89': 60.0, '90-91': 70.0, '92-93': 100.0, '94-95': 100.0, '96-97': 80.0, '98-99': 70.0, 'old': 89.33, 'new': 86.0}
2025-12-14 04:07:26,485 [trainer.py] => Top1 curve: [91.67, 90.95, 90.69, 90.02, 89.87, 89.63, 89.24]
2025-12-14 04:07:26,486 [trainer.py] => Average Accuracy (CNN): 90.30
2025-12-14 04:07:26,488 [trainer.py] => All params: 173728258
2025-12-14 04:07:26,490 [trainer.py] => Trainable params: 2130946
2025-12-14 04:07:26,492 [asp.py] => Learning on 72-74
2025-12-14 04:07:26,540 [asp.py] => training set size: 10, fc construct set size: 10
2025-12-14 04:08:10,396 [trainer.py] => CNN: {'total': 88.72, '00-59': 91.07, '60-61': 72.5, '62-63': 80.5, '64-65': 68.5, '66-67': 87.5, '68-69': 84.5, '70-71': 86.0, '72-73': 71.0, '74-75': 80.0, '76-77': 90.0, '78-79': 100.0, '80-81': 100.0, '82-83': 60.0, '84-85': 60.0, '86-87': 80.0, '88-89': 80.0, '90-91': 70.0, '92-93': 80.0, '94-95': 100.0, '96-97': 80.0, '98-99': 90.0, 'old': 89.21, 'new': 71.0}
2025-12-14 04:08:10,396 [trainer.py] => Top1 curve: [91.67, 90.95, 90.69, 90.02, 89.87, 89.63, 89.24, 88.72]
2025-12-14 04:08:10,397 [trainer.py] => Average Accuracy (CNN): 90.10
2025-12-14 04:08:10,399 [trainer.py] => All params: 173729794
2025-12-14 04:08:10,401 [trainer.py] => Trainable params: 2132482
2025-12-14 04:08:10,403 [asp.py] => Learning on 74-76
2025-12-14 04:08:10,441 [asp.py] => training set size: 10, fc construct set size: 10
2025-12-14 04:08:55,252 [trainer.py] => CNN: {'total': 88.3, '00-59': 91.0, '60-61': 72.5, '62-63': 79.5, '64-65': 67.5, '66-67': 87.5, '68-69': 84.5, '70-71': 86.0, '72-73': 71.0, '74-75': 77.0, '76-77': 80.0, '78-79': 90.0, '80-81': 90.0, '82-83': 80.0, '84-85': 70.0, '86-87': 80.0, '88-89': 80.0, '90-91': 70.0, '92-93': 70.0, '94-95': 90.0, '96-97': 80.0, '98-99': 80.0, 'old': 88.61, 'new': 77.0}
2025-12-14 04:08:55,253 [trainer.py] => Top1 curve: [91.67, 90.95, 90.69, 90.02, 89.87, 89.63, 89.24, 88.72, 88.3]
2025-12-14 04:08:55,253 [trainer.py] => Average Accuracy (CNN): 89.90
2025-12-14 04:08:55,256 [trainer.py] => All params: 173731330
2025-12-14 04:08:55,258 [trainer.py] => Trainable params: 2134018
2025-12-14 04:08:55,260 [asp.py] => Learning on 76-78
2025-12-14 04:08:55,300 [asp.py] => training set size: 10, fc construct set size: 10
2025-12-14 04:09:41,049 [trainer.py] => CNN: {'total': 88.27, '00-59': 90.95, '60-61': 72.0, '62-63': 79.5, '64-65': 67.5, '66-67': 87.5, '68-69': 84.5, '70-71': 86.0, '72-73': 71.0, '74-75': 77.0, '76-77': 89.0, '78-79': 90.0, '80-81': 90.0, '82-83': 60.0, '84-85': 70.0, '86-87': 80.0, '88-89': 80.0, '90-91': 80.0, '92-93': 80.0, '94-95': 80.0, '96-97': 90.0, '98-99': 70.0, 'old': 88.25, 'new': 89.0}
2025-12-14 04:09:41,049 [trainer.py] => Top1 curve: [91.67, 90.95, 90.69, 90.02, 89.87, 89.63, 89.24, 88.72, 88.3, 88.27]
2025-12-14 04:09:41,049 [trainer.py] => Average Accuracy (CNN): 89.74
2025-12-14 04:09:41,050 [trainer.py] => All params: 173732866
2025-12-14 04:09:41,051 [trainer.py] => Trainable params: 2135554
2025-12-14 04:09:41,052 [asp.py] => Learning on 78-80
2025-12-14 04:09:41,092 [asp.py] => training set size: 10, fc construct set size: 10
2025-12-14 04:10:27,746 [trainer.py] => CNN: {'total': 88.45, '00-59': 90.95, '60-61': 72.0, '62-63': 79.5, '64-65': 67.5, '66-67': 87.5, '68-69': 84.5, '70-71': 86.0, '72-73': 71.0, '74-75': 77.0, '76-77': 89.0, '78-79': 95.5, '80-81': 80.0, '82-83': 100.0, '84-85': 80.0, '86-87': 80.0, '88-89': 90.0, '90-91': 80.0, '92-93': 80.0, '94-95': 70.0, '96-97': 70.0, '98-99': 70.0, 'old': 88.27, 'new': 95.5}
2025-12-14 04:10:27,746 [trainer.py] => Top1 curve: [91.67, 90.95, 90.69, 90.02, 89.87, 89.63, 89.24, 88.72, 88.3, 88.27, 88.45]
2025-12-14 04:10:27,746 [trainer.py] => Average Accuracy (CNN): 89.62
2025-12-14 04:10:27,748 [trainer.py] => All params: 173734402
2025-12-14 04:10:27,748 [trainer.py] => Trainable params: 2137090
2025-12-14 04:10:27,750 [asp.py] => Learning on 80-82
2025-12-14 04:10:27,790 [asp.py] => training set size: 10, fc construct set size: 10
2025-12-14 04:11:15,554 [trainer.py] => CNN: {'total': 88.18, '00-59': 90.9, '60-61': 72.0, '62-63': 79.5, '64-65': 66.5, '66-67': 87.5, '68-69': 84.0, '70-71': 86.0, '72-73': 71.0, '74-75': 77.0, '76-77': 89.0, '78-79': 95.5, '80-81': 80.5, '82-83': 90.0, '84-85': 70.0, '86-87': 80.0, '88-89': 40.0, '90-91': 80.0, '92-93': 70.0, '94-95': 80.0, '96-97': 100.0, '98-99': 90.0, 'old': 88.38, 'new': 80.5}
2025-12-14 04:11:15,555 [trainer.py] => Top1 curve: [91.67, 90.95, 90.69, 90.02, 89.87, 89.63, 89.24, 88.72, 88.3, 88.27, 88.45, 88.18]
2025-12-14 04:11:15,555 [trainer.py] => Average Accuracy (CNN): 89.50
2025-12-14 04:11:15,557 [trainer.py] => All params: 173735938
2025-12-14 04:11:15,559 [trainer.py] => Trainable params: 2138626
2025-12-14 04:11:15,560 [asp.py] => Learning on 82-84
2025-12-14 04:11:15,604 [asp.py] => training set size: 10, fc construct set size: 10
2025-12-14 04:12:04,382 [trainer.py] => CNN: {'total': 88.29, '00-59': 90.9, '60-61': 71.5, '62-63': 79.0, '64-65': 66.5, '66-67': 87.5, '68-69': 84.0, '70-71': 86.0, '72-73': 71.0, '74-75': 77.0, '76-77': 89.0, '78-79': 95.5, '80-81': 80.5, '82-83': 93.5, '84-85': 90.0, '86-87': 90.0, '88-89': 60.0, '90-91': 50.0, '92-93': 90.0, '94-95': 80.0, '96-97': 90.0, '98-99': 60.0, 'old': 88.16, 'new': 93.5}
2025-12-14 04:12:04,382 [trainer.py] => Top1 curve: [91.67, 90.95, 90.69, 90.02, 89.87, 89.63, 89.24, 88.72, 88.3, 88.27, 88.45, 88.18, 88.29]
2025-12-14 04:12:04,382 [trainer.py] => Average Accuracy (CNN): 89.41
2025-12-14 04:12:04,385 [trainer.py] => All params: 173737474
2025-12-14 04:12:04,387 [trainer.py] => Trainable params: 2140162
2025-12-14 04:12:04,389 [asp.py] => Learning on 84-86
2025-12-14 04:12:04,428 [asp.py] => training set size: 10, fc construct set size: 10
2025-12-14 04:12:54,148 [trainer.py] => CNN: {'total': 88.03, '00-59': 90.88, '60-61': 71.5, '62-63': 79.0, '64-65': 66.5, '66-67': 87.5, '68-69': 83.5, '70-71': 86.0, '72-73': 71.0, '74-75': 77.0, '76-77': 89.0, '78-79': 95.5, '80-81': 80.5, '82-83': 93.5, '84-85': 78.5, '86-87': 70.0, '88-89': 70.0, '90-91': 50.0, '92-93': 70.0, '94-95': 70.0, '96-97': 100.0, '98-99': 70.0, 'old': 88.26, 'new': 78.5}
2025-12-14 04:12:54,148 [trainer.py] => Top1 curve: [91.67, 90.95, 90.69, 90.02, 89.87, 89.63, 89.24, 88.72, 88.3, 88.27, 88.45, 88.18, 88.29, 88.03]
2025-12-14 04:12:54,148 [trainer.py] => Average Accuracy (CNN): 89.31
2025-12-14 04:12:54,151 [trainer.py] => All params: 173739010
2025-12-14 04:12:54,153 [trainer.py] => Trainable params: 2141698
2025-12-14 04:12:54,155 [asp.py] => Learning on 86-88
2025-12-14 04:12:54,191 [asp.py] => training set size: 10, fc construct set size: 10
2025-12-14 04:13:44,919 [trainer.py] => CNN: {'total': 87.99, '00-59': 90.82, '60-61': 71.5, '62-63': 79.0, '64-65': 66.5, '66-67': 87.5, '68-69': 83.5, '70-71': 85.5, '72-73': 71.0, '74-75': 77.0, '76-77': 89.0, '78-79': 95.5, '80-81': 80.5, '82-83': 93.5, '84-85': 78.5, '86-87': 88.5, '88-89': 60.0, '90-91': 70.0, '92-93': 70.0, '94-95': 100.0, '96-97': 70.0, '98-99': 90.0, 'old': 87.98, 'new': 88.5}
2025-12-14 04:13:44,920 [trainer.py] => Top1 curve: [91.67, 90.95, 90.69, 90.02, 89.87, 89.63, 89.24, 88.72, 88.3, 88.27, 88.45, 88.18, 88.29, 88.03, 87.99]
2025-12-14 04:13:44,920 [trainer.py] => Average Accuracy (CNN): 89.22
2025-12-14 04:13:44,923 [trainer.py] => All params: 173740546
2025-12-14 04:13:44,926 [trainer.py] => Trainable params: 2143234
2025-12-14 04:13:44,928 [asp.py] => Learning on 88-90
2025-12-14 04:13:44,977 [asp.py] => training set size: 10, fc construct set size: 10
2025-12-14 04:14:36,694 [trainer.py] => CNN: {'total': 87.79, '00-59': 90.75, '60-61': 71.5, '62-63': 79.0, '64-65': 66.5, '66-67': 87.5, '68-69': 83.5, '70-71': 85.5, '72-73': 71.0, '74-75': 77.0, '76-77': 89.0, '78-79': 95.5, '80-81': 80.5, '82-83': 93.5, '84-85': 77.5, '86-87': 88.5, '88-89': 82.0, '90-91': 70.0, '92-93': 80.0, '94-95': 80.0, '96-97': 80.0, '98-99': 80.0, 'old': 87.92, 'new': 82.0}
2025-12-14 04:14:36,695 [trainer.py] => Top1 curve: [91.67, 90.95, 90.69, 90.02, 89.87, 89.63, 89.24, 88.72, 88.3, 88.27, 88.45, 88.18, 88.29, 88.03, 87.99, 87.79]
2025-12-14 04:14:36,695 [trainer.py] => Average Accuracy (CNN): 89.13
2025-12-14 04:14:36,697 [trainer.py] => All params: 173742082
2025-12-14 04:14:36,699 [trainer.py] => Trainable params: 2144770
2025-12-14 04:14:36,702 [asp.py] => Learning on 90-92
2025-12-14 04:14:36,741 [asp.py] => training set size: 10, fc construct set size: 10
2025-12-14 04:15:29,328 [trainer.py] => CNN: {'total': 87.61, '00-59': 90.68, '60-61': 71.5, '62-63': 79.0, '64-65': 66.5, '66-67': 87.5, '68-69': 83.5, '70-71': 85.5, '72-73': 69.0, '74-75': 77.0, '76-77': 89.0, '78-79': 95.5, '80-81': 78.5, '82-83': 93.5, '84-85': 77.5, '86-87': 88.5, '88-89': 82.0, '90-91': 85.5, '92-93': 90.0, '94-95': 70.0, '96-97': 80.0, '98-99': 50.0, 'old': 87.66, 'new': 85.5}
2025-12-14 04:15:29,329 [trainer.py] => Top1 curve: [91.67, 90.95, 90.69, 90.02, 89.87, 89.63, 89.24, 88.72, 88.3, 88.27, 88.45, 88.18, 88.29, 88.03, 87.99, 87.79, 87.61]
2025-12-14 04:15:29,329 [trainer.py] => Average Accuracy (CNN): 89.04
2025-12-14 04:15:29,331 [trainer.py] => All params: 173743618
2025-12-14 04:15:29,333 [trainer.py] => Trainable params: 2146306
2025-12-14 04:15:29,335 [asp.py] => Learning on 92-94
2025-12-14 04:15:29,372 [asp.py] => training set size: 10, fc construct set size: 10
2025-12-14 04:16:23,034 [trainer.py] => CNN: {'total': 87.36, '00-59': 90.65, '60-61': 71.5, '62-63': 78.5, '64-65': 66.5, '66-67': 87.0, '68-69': 83.5, '70-71': 84.5, '72-73': 69.0, '74-75': 77.0, '76-77': 89.0, '78-79': 95.5, '80-81': 78.0, '82-83': 93.5, '84-85': 77.5, '86-87': 88.5, '88-89': 82.0, '90-91': 85.5, '92-93': 79.5, '94-95': 50.0, '96-97': 80.0, '98-99': 90.0, 'old': 87.53, 'new': 79.5}
2025-12-14 04:16:23,034 [trainer.py] => Top1 curve: [91.67, 90.95, 90.69, 90.02, 89.87, 89.63, 89.24, 88.72, 88.3, 88.27, 88.45, 88.18, 88.29, 88.03, 87.99, 87.79, 87.61, 87.36]
2025-12-14 04:16:23,034 [trainer.py] => Average Accuracy (CNN): 88.95
2025-12-14 04:16:23,037 [trainer.py] => All params: 173745154
2025-12-14 04:16:23,039 [trainer.py] => Trainable params: 2147842
2025-12-14 04:16:23,041 [asp.py] => Learning on 94-96
2025-12-14 04:16:23,080 [asp.py] => training set size: 10, fc construct set size: 10
2025-12-14 04:17:17,668 [trainer.py] => CNN: {'total': 87.24, '00-59': 90.62, '60-61': 71.5, '62-63': 78.5, '64-65': 66.5, '66-67': 87.0, '68-69': 83.5, '70-71': 84.5, '72-73': 69.0, '74-75': 77.0, '76-77': 89.0, '78-79': 95.5, '80-81': 78.0, '82-83': 93.5, '84-85': 77.0, '86-87': 88.5, '88-89': 82.0, '90-91': 85.5, '92-93': 79.5, '94-95': 83.0, '96-97': 90.0, '98-99': 80.0, 'old': 87.33, 'new': 83.0}
2025-12-14 04:17:17,668 [trainer.py] => Top1 curve: [91.67, 90.95, 90.69, 90.02, 89.87, 89.63, 89.24, 88.72, 88.3, 88.27, 88.45, 88.18, 88.29, 88.03, 87.99, 87.79, 87.61, 87.36, 87.24]
2025-12-14 04:17:17,669 [trainer.py] => Average Accuracy (CNN): 88.86
2025-12-14 04:17:17,671 [trainer.py] => All params: 173746690
2025-12-14 04:17:17,673 [trainer.py] => Trainable params: 2149378
2025-12-14 04:17:17,676 [asp.py] => Learning on 96-98
2025-12-14 04:17:17,723 [asp.py] => training set size: 10, fc construct set size: 10
2025-12-14 04:18:13,281 [trainer.py] => CNN: {'total': 86.77, '00-59': 90.5, '60-61': 71.5, '62-63': 78.5, '64-65': 66.5, '66-67': 87.0, '68-69': 83.5, '70-71': 84.5, '72-73': 69.0, '74-75': 77.0, '76-77': 89.0, '78-79': 95.5, '80-81': 78.0, '82-83': 93.5, '84-85': 77.0, '86-87': 88.5, '88-89': 82.0, '90-91': 85.5, '92-93': 79.5, '94-95': 83.0, '96-97': 67.5, '98-99': 80.0, 'old': 87.17, 'new': 67.5}
2025-12-14 04:18:13,282 [trainer.py] => Top1 curve: [91.67, 90.95, 90.69, 90.02, 89.87, 89.63, 89.24, 88.72, 88.3, 88.27, 88.45, 88.18, 88.29, 88.03, 87.99, 87.79, 87.61, 87.36, 87.24, 86.77]
2025-12-14 04:18:13,282 [trainer.py] => Average Accuracy (CNN): 88.75
2025-12-14 04:18:13,284 [trainer.py] => All params: 173748226
2025-12-14 04:18:13,287 [trainer.py] => Trainable params: 2150914
2025-12-14 04:18:13,289 [asp.py] => Learning on 98-100
2025-12-14 04:18:13,330 [asp.py] => training set size: 10, fc construct set size: 10
2025-12-14 04:19:09,251 [trainer.py] => CNN: {'total': 86.35, '00-59': 90.38, '60-61': 71.5, '62-63': 78.5, '64-65': 66.5, '66-67': 87.0, '68-69': 83.5, '70-71': 84.5, '72-73': 69.0, '74-75': 77.0, '76-77': 88.5, '78-79': 91.0, '80-81': 78.0, '82-83': 93.5, '84-85': 77.0, '86-87': 88.5, '88-89': 82.0, '90-91': 85.5, '92-93': 79.5, '94-95': 83.0, '96-97': 67.5, '98-99': 74.5, 'old': 86.59, 'new': 74.5}
2025-12-14 04:19:09,252 [trainer.py] => Top1 curve: [91.67, 90.95, 90.69, 90.02, 89.87, 89.63, 89.24, 88.72, 88.3, 88.27, 88.45, 88.18, 88.29, 88.03, 87.99, 87.79, 87.61, 87.36, 87.24, 86.77, 86.35]
2025-12-14 04:19:09,252 [trainer.py] => Average Accuracy (CNN): 88.64

================================================================================
Finished cifar224_init60_inc2: pretrained_vit_b16_224_vpt  
Base Accuracy: 91.67
Lase Accuracy: 86.35
Average Accuracy (Top1): 88.64
PD: 5.32
Backward Transfer (BWT): -1.44
Traceback (most recent call last):
  File "/home/team/zhaohongwei/Code/Research/Awesome-FSCIL/FSCIL-ASP-main/main.py", line 25, in <module>
    main()
  File "/home/team/zhaohongwei/Code/Research/Awesome-FSCIL/FSCIL-ASP-main/main.py", line 11, in main
    train(args)
  File "/home/team/zhaohongwei/Code/Research/Awesome-FSCIL/FSCIL-ASP-main/trainer.py", line 32, in train
    _train(args)
  File "/home/team/zhaohongwei/Code/Research/Awesome-FSCIL/FSCIL-ASP-main/trainer.py", line 160, in _train
    print("Forward Transfer (FWT):", forward_transfer(args["dataset"], np.array(cnn_matrix)))
  File "/home/team/zhaohongwei/Code/Research/Awesome-FSCIL/FSCIL-ASP-main/trainer.py", line 265, in forward_transfer
    fwt_diffs = fwt_accs - rand_init_acc_for_fwt
ValueError: operands could not be broadcast together with shapes (20,) (8,) 

2025-12-14 04:19:14,897 [trainer.py] => config: ./scripts/asp_mini_B60_Inc2.json
2025-12-14 04:19:14,897 [trainer.py] => model_name: asp
2025-12-14 04:19:14,897 [trainer.py] => backbone_type: pretrained_vit_b16_224_vpt
2025-12-14 04:19:14,897 [trainer.py] => device: [device(type='cuda', index=1)]
2025-12-14 04:19:14,897 [trainer.py] => seed: 1993
2025-12-14 04:19:14,898 [trainer.py] => dataset: mini_imagenet
2025-12-14 04:19:14,898 [trainer.py] => init_cls: 60
2025-12-14 04:19:14,898 [trainer.py] => increment: 2
2025-12-14 04:19:14,898 [trainer.py] => kshot: 5
2025-12-14 04:19:14,898 [trainer.py] => vpt_type: Deep
2025-12-14 04:19:14,898 [trainer.py] => prompt_token_num: 6
2025-12-14 04:19:14,898 [trainer.py] => avg_alpha: 0.8
2025-12-14 04:19:14,898 [trainer.py] => perturb_var: 1
2025-12-14 04:19:14,898 [trainer.py] => EMA_beta: 0.99
2025-12-14 04:19:14,898 [trainer.py] => anchor_lambda: 0.1
2025-12-14 04:19:14,898 [trainer.py] => kl_weight: 0.001
2025-12-14 04:19:14,898 [trainer.py] => TIP_init: zero
2025-12-14 04:19:14,898 [trainer.py] => tuned_epoch: 20
2025-12-14 04:19:14,898 [trainer.py] => fs_epoch: 0
2025-12-14 04:19:14,898 [trainer.py] => init_lr: 0.01
2025-12-14 04:19:14,898 [trainer.py] => fs_lr: 0.001
2025-12-14 04:19:14,898 [trainer.py] => batch_size: 48
2025-12-14 04:19:14,898 [trainer.py] => fs_batch_size: 16
2025-12-14 04:19:14,898 [trainer.py] => weight_decay: 0.0005
2025-12-14 04:19:14,899 [trainer.py] => min_lr: 0
2025-12-14 04:19:14,899 [trainer.py] => optimizer: sgd
2025-12-14 04:19:14,899 [trainer.py] => memory_size: 0
2025-12-14 04:19:14,899 [trainer.py] => memory_per_class: 0
2025-12-14 04:19:14,899 [trainer.py] => fixed_memory: False
2025-12-14 04:19:14,899 [trainer.py] => shuffle: False
2025-12-14 04:19:14,899 [trainer.py] => top_k: 5
2025-12-14 04:19:14,899 [trainer.py] => base_model_path: saved_model/asp/mini_imagenet/60_2/asp_20_1993_pretrained_vit_b16_224_vpt.pth
2025-12-14 04:19:14,899 [trainer.py] => prefix: asp
2025-12-14 04:19:14,899 [trainer.py] => model_prefix: asp
2025-12-14 04:19:14,899 [trainer.py] => gpu_models: ['NVIDIA A40']
2025-12-14 04:19:15,051 [data_manager.py] => [0, 1, 2, 3, 4, 5, 6, 7, 8, 9, 10, 11, 12, 13, 14, 15, 16, 17, 18, 19, 20, 21, 22, 23, 24, 25, 26, 27, 28, 29, 30, 31, 32, 33, 34, 35, 36, 37, 38, 39, 40, 41, 42, 43, 44, 45, 46, 47, 48, 49, 50, 51, 52, 53, 54, 55, 56, 57, 58, 59, 60, 61, 62, 63, 64, 65, 66, 67, 68, 69, 70, 71, 72, 73, 74, 75, 76, 77, 78, 79, 80, 81, 82, 83, 84, 85, 86, 87, 88, 89, 90, 91, 92, 93, 94, 95, 96, 97, 98, 99]
This is for the BaseNet initialization.
modelname, pretrained_vit_b16_224_vpt basicmodelname vit_base_patch16_224
Using VPT model
Using Deep Prompt
After BaseNet initialization.
2025-12-14 04:19:19,840 [trainer.py] => All params: 173672961
2025-12-14 04:19:19,841 [trainer.py] => Trainable params: 2075649
2025-12-14 04:19:19,980 [asp.py] => Learning on 0-60
2025-12-14 04:19:20,017 [asp.py] => training set size: 30000, fc construct set size: 30000
anchor samples found
2025-12-14 04:33:23,254 [asp.py] => Task 0, Epoch 1 => Loss 3.211, Train_accy 50.52, Test_curr_accy 95.68, Test_accy 95.68
anchor samples found
2025-12-14 04:47:29,359 [asp.py] => Task 0, Epoch 2 => Loss 0.734, Train_accy 87.53, Test_curr_accy 96.65, Test_accy 96.65
anchor samples found
2025-12-14 05:01:34,397 [asp.py] => Task 0, Epoch 3 => Loss 0.640, Train_accy 88.64, Test_curr_accy 96.80, Test_accy 96.80
anchor samples found
2025-12-14 05:15:39,828 [asp.py] => Task 0, Epoch 4 => Loss 0.574, Train_accy 89.22, Test_curr_accy 97.08, Test_accy 97.08
anchor samples found
2025-12-14 05:29:45,650 [asp.py] => Task 0, Epoch 5 => Loss 0.558, Train_accy 89.61, Test_curr_accy 97.00, Test_accy 97.00
anchor samples found
2025-12-14 05:43:53,467 [asp.py] => Task 0, Epoch 6 => Loss 0.524, Train_accy 90.07, Test_curr_accy 97.32, Test_accy 97.32
anchor samples found
2025-12-14 05:57:58,539 [asp.py] => Task 0, Epoch 7 => Loss 0.513, Train_accy 90.26, Test_curr_accy 97.38, Test_accy 97.38
anchor samples found
2025-12-14 06:12:03,491 [asp.py] => Task 0, Epoch 8 => Loss 0.482, Train_accy 90.63, Test_curr_accy 97.37, Test_accy 97.37
anchor samples found
2025-12-14 06:26:08,928 [asp.py] => Task 0, Epoch 9 => Loss 0.490, Train_accy 90.60, Test_curr_accy 97.58, Test_accy 97.58
anchor samples found
2025-12-14 06:40:14,310 [asp.py] => Task 0, Epoch 10 => Loss 0.490, Train_accy 90.50, Test_curr_accy 97.23, Test_accy 97.23
anchor samples found
2025-12-14 06:54:19,580 [asp.py] => Task 0, Epoch 11 => Loss 0.475, Train_accy 90.50, Test_curr_accy 97.43, Test_accy 97.43
anchor samples found
2025-12-14 07:08:23,790 [asp.py] => Task 0, Epoch 12 => Loss 0.464, Train_accy 90.81, Test_curr_accy 97.40, Test_accy 97.40
anchor samples found
2025-12-14 07:22:29,163 [asp.py] => Task 0, Epoch 13 => Loss 0.460, Train_accy 91.11, Test_curr_accy 97.43, Test_accy 97.43
anchor samples found
2025-12-14 07:36:35,370 [asp.py] => Task 0, Epoch 14 => Loss 0.455, Train_accy 91.16, Test_curr_accy 97.38, Test_accy 97.38
anchor samples found
2025-12-14 07:50:40,681 [asp.py] => Task 0, Epoch 15 => Loss 0.464, Train_accy 90.87, Test_curr_accy 97.22, Test_accy 97.22
anchor samples found
2025-12-14 08:04:45,619 [asp.py] => Task 0, Epoch 16 => Loss 0.455, Train_accy 91.11, Test_curr_accy 97.38, Test_accy 97.38
anchor samples found
2025-12-14 08:18:50,869 [asp.py] => Task 0, Epoch 17 => Loss 0.453, Train_accy 91.01, Test_curr_accy 97.33, Test_accy 97.33
anchor samples found
2025-12-14 08:32:55,889 [asp.py] => Task 0, Epoch 18 => Loss 0.451, Train_accy 91.16, Test_curr_accy 97.38, Test_accy 97.38
anchor samples found
2025-12-14 08:47:01,323 [asp.py] => Task 0, Epoch 19 => Loss 0.440, Train_accy 91.56, Test_curr_accy 97.40, Test_accy 97.40
anchor samples found
2025-12-14 09:01:06,361 [asp.py] => Task 0, Epoch 20 => Loss 0.448, Train_accy 91.20, Test_curr_accy 97.38, Test_accy 97.38
2025-12-14 09:06:39,046 [trainer.py] => CNN: {'total': 97.02, '00-59': 97.02, '60-61': 90.0, '62-63': 80.0, '64-65': 60.0, '66-67': 90.0, '68-69': 60.0, '70-71': 90.0, '72-73': 70.0, '74-75': 80.0, '76-77': 80.0, '78-79': 100.0, '80-81': 80.0, '82-83': 90.0, '84-85': 80.0, '86-87': 90.0, '88-89': 60.0, '90-91': 70.0, '92-93': 100.0, '94-95': 100.0, '96-97': 100.0, '98-99': 100.0, 'old': 0, 'new': 97.02}
2025-12-14 09:06:39,047 [trainer.py] => Top1 curve: [97.02]
2025-12-14 09:06:39,047 [trainer.py] => Average Accuracy (CNN): 97.02
2025-12-14 09:06:39,050 [trainer.py] => All params: 173719042
2025-12-14 09:06:39,053 [trainer.py] => Trainable params: 2121730
2025-12-14 09:06:39,055 [asp.py] => Learning on 60-62
2025-12-14 09:06:39,083 [asp.py] => training set size: 10, fc construct set size: 10
2025-12-14 09:07:19,104 [trainer.py] => CNN: {'total': 97.0, '00-59': 97.0, '60-61': 97.0, '62-63': 90.0, '64-65': 90.0, '66-67': 100.0, '68-69': 40.0, '70-71': 90.0, '72-73': 90.0, '74-75': 100.0, '76-77': 80.0, '78-79': 90.0, '80-81': 70.0, '82-83': 90.0, '84-85': 100.0, '86-87': 90.0, '88-89': 80.0, '90-91': 100.0, '92-93': 90.0, '94-95': 100.0, '96-97': 90.0, '98-99': 90.0, 'old': 97.0, 'new': 97.0}
2025-12-14 09:07:19,104 [trainer.py] => Top1 curve: [97.02, 97.0]
2025-12-14 09:07:19,105 [trainer.py] => Average Accuracy (CNN): 97.01
2025-12-14 09:07:19,107 [trainer.py] => All params: 173720578
2025-12-14 09:07:19,108 [trainer.py] => Trainable params: 2123266
2025-12-14 09:07:19,110 [asp.py] => Learning on 62-64
2025-12-14 09:07:19,133 [asp.py] => training set size: 10, fc construct set size: 10
2025-12-14 09:08:00,030 [trainer.py] => CNN: {'total': 96.92, '00-59': 96.95, '60-61': 97.0, '62-63': 96.0, '64-65': 80.0, '66-67': 100.0, '68-69': 60.0, '70-71': 100.0, '72-73': 90.0, '74-75': 100.0, '76-77': 80.0, '78-79': 100.0, '80-81': 80.0, '82-83': 100.0, '84-85': 100.0, '86-87': 90.0, '88-89': 80.0, '90-91': 100.0, '92-93': 90.0, '94-95': 100.0, '96-97': 100.0, '98-99': 90.0, 'old': 96.95, 'new': 96.0}
2025-12-14 09:08:00,031 [trainer.py] => Top1 curve: [97.02, 97.0, 96.92]
2025-12-14 09:08:00,031 [trainer.py] => Average Accuracy (CNN): 96.98
2025-12-14 09:08:00,033 [trainer.py] => All params: 173722114
2025-12-14 09:08:00,035 [trainer.py] => Trainable params: 2124802
2025-12-14 09:08:00,037 [asp.py] => Learning on 64-66
2025-12-14 09:08:00,061 [asp.py] => training set size: 10, fc construct set size: 10
2025-12-14 09:08:41,825 [trainer.py] => CNN: {'total': 96.77, '00-59': 96.92, '60-61': 97.0, '62-63': 96.0, '64-65': 93.0, '66-67': 90.0, '68-69': 70.0, '70-71': 100.0, '72-73': 100.0, '74-75': 100.0, '76-77': 50.0, '78-79': 90.0, '80-81': 80.0, '82-83': 90.0, '84-85': 100.0, '86-87': 80.0, '88-89': 90.0, '90-91': 80.0, '92-93': 90.0, '94-95': 100.0, '96-97': 90.0, '98-99': 100.0, 'old': 96.89, 'new': 93.0}
2025-12-14 09:08:41,825 [trainer.py] => Top1 curve: [97.02, 97.0, 96.92, 96.77]
2025-12-14 09:08:41,825 [trainer.py] => Average Accuracy (CNN): 96.93
2025-12-14 09:08:41,828 [trainer.py] => All params: 173723650
2025-12-14 09:08:41,830 [trainer.py] => Trainable params: 2126338
2025-12-14 09:08:41,833 [asp.py] => Learning on 66-68
2025-12-14 09:08:41,857 [asp.py] => training set size: 10, fc construct set size: 10
2025-12-14 09:09:24,517 [trainer.py] => CNN: {'total': 96.78, '00-59': 96.88, '60-61': 97.0, '62-63': 96.0, '64-65': 93.0, '66-67': 98.0, '68-69': 50.0, '70-71': 90.0, '72-73': 90.0, '74-75': 80.0, '76-77': 90.0, '78-79': 90.0, '80-81': 90.0, '82-83': 70.0, '84-85': 100.0, '86-87': 100.0, '88-89': 70.0, '90-91': 80.0, '92-93': 100.0, '94-95': 100.0, '96-97': 90.0, '98-99': 100.0, 'old': 96.74, 'new': 98.0}
2025-12-14 09:09:24,518 [trainer.py] => Top1 curve: [97.02, 97.0, 96.92, 96.77, 96.78]
2025-12-14 09:09:24,518 [trainer.py] => Average Accuracy (CNN): 96.90
2025-12-14 09:09:24,520 [trainer.py] => All params: 173725186
2025-12-14 09:09:24,523 [trainer.py] => Trainable params: 2127874
2025-12-14 09:09:24,525 [asp.py] => Learning on 68-70
2025-12-14 09:09:24,549 [asp.py] => training set size: 10, fc construct set size: 10
2025-12-14 09:10:08,367 [trainer.py] => CNN: {'total': 95.74, '00-59': 96.82, '60-61': 97.0, '62-63': 96.0, '64-65': 92.5, '66-67': 98.0, '68-69': 63.0, '70-71': 80.0, '72-73': 100.0, '74-75': 100.0, '76-77': 90.0, '78-79': 100.0, '80-81': 90.0, '82-83': 90.0, '84-85': 90.0, '86-87': 80.0, '88-89': 70.0, '90-91': 100.0, '92-93': 100.0, '94-95': 90.0, '96-97': 80.0, '98-99': 90.0, 'old': 96.71, 'new': 63.0}
2025-12-14 09:10:08,368 [trainer.py] => Top1 curve: [97.02, 97.0, 96.92, 96.77, 96.78, 95.74]
2025-12-14 09:10:08,368 [trainer.py] => Average Accuracy (CNN): 96.70
2025-12-14 09:10:08,370 [trainer.py] => All params: 173726722
2025-12-14 09:10:08,373 [trainer.py] => Trainable params: 2129410
2025-12-14 09:10:08,375 [asp.py] => Learning on 70-72
2025-12-14 09:10:08,398 [asp.py] => training set size: 10, fc construct set size: 10
2025-12-14 09:10:53,001 [trainer.py] => CNN: {'total': 95.69, '00-59': 96.75, '60-61': 97.0, '62-63': 95.5, '64-65': 92.5, '66-67': 98.0, '68-69': 63.0, '70-71': 96.5, '72-73': 80.0, '74-75': 100.0, '76-77': 70.0, '78-79': 80.0, '80-81': 90.0, '82-83': 100.0, '84-85': 90.0, '86-87': 80.0, '88-89': 80.0, '90-91': 90.0, '92-93': 100.0, '94-95': 100.0, '96-97': 100.0, '98-99': 90.0, 'old': 95.67, 'new': 96.5}
2025-12-14 09:10:53,002 [trainer.py] => Top1 curve: [97.02, 97.0, 96.92, 96.77, 96.78, 95.74, 95.69]
2025-12-14 09:10:53,002 [trainer.py] => Average Accuracy (CNN): 96.56
2025-12-14 09:10:53,004 [trainer.py] => All params: 173728258
2025-12-14 09:10:53,006 [trainer.py] => Trainable params: 2130946
2025-12-14 09:10:53,009 [asp.py] => Learning on 72-74
2025-12-14 09:10:53,028 [asp.py] => training set size: 10, fc construct set size: 10
2025-12-14 09:11:38,529 [trainer.py] => CNN: {'total': 95.62, '00-59': 96.75, '60-61': 97.0, '62-63': 95.5, '64-65': 92.5, '66-67': 98.0, '68-69': 63.0, '70-71': 96.5, '72-73': 93.0, '74-75': 100.0, '76-77': 90.0, '78-79': 90.0, '80-81': 90.0, '82-83': 80.0, '84-85': 100.0, '86-87': 80.0, '88-89': 80.0, '90-91': 100.0, '92-93': 100.0, '94-95': 90.0, '96-97': 100.0, '98-99': 90.0, 'old': 95.69, 'new': 93.0}
2025-12-14 09:11:38,529 [trainer.py] => Top1 curve: [97.02, 97.0, 96.92, 96.77, 96.78, 95.74, 95.69, 95.62]
2025-12-14 09:11:38,529 [trainer.py] => Average Accuracy (CNN): 96.44
2025-12-14 09:11:38,532 [trainer.py] => All params: 173729794
2025-12-14 09:11:38,534 [trainer.py] => Trainable params: 2132482
2025-12-14 09:11:38,536 [asp.py] => Learning on 74-76
2025-12-14 09:11:38,555 [asp.py] => training set size: 10, fc construct set size: 10
2025-12-14 09:12:25,017 [trainer.py] => CNN: {'total': 95.68, '00-59': 96.75, '60-61': 97.0, '62-63': 95.5, '64-65': 92.5, '66-67': 98.0, '68-69': 63.0, '70-71': 96.5, '72-73': 93.0, '74-75': 98.0, '76-77': 90.0, '78-79': 100.0, '80-81': 90.0, '82-83': 90.0, '84-85': 80.0, '86-87': 90.0, '88-89': 80.0, '90-91': 90.0, '92-93': 100.0, '94-95': 90.0, '96-97': 100.0, '98-99': 100.0, 'old': 95.62, 'new': 98.0}
2025-12-14 09:12:25,017 [trainer.py] => Top1 curve: [97.02, 97.0, 96.92, 96.77, 96.78, 95.74, 95.69, 95.62, 95.68]
2025-12-14 09:12:25,017 [trainer.py] => Average Accuracy (CNN): 96.36
2025-12-14 09:12:25,020 [trainer.py] => All params: 173731330
2025-12-14 09:12:25,022 [trainer.py] => Trainable params: 2134018
2025-12-14 09:12:25,024 [asp.py] => Learning on 76-78
2025-12-14 09:12:25,044 [asp.py] => training set size: 10, fc construct set size: 10
2025-12-14 09:13:12,576 [trainer.py] => CNN: {'total': 95.64, '00-59': 96.75, '60-61': 96.5, '62-63': 95.5, '64-65': 92.5, '66-67': 98.0, '68-69': 63.0, '70-71': 96.5, '72-73': 93.0, '74-75': 98.0, '76-77': 94.5, '78-79': 90.0, '80-81': 90.0, '82-83': 80.0, '84-85': 90.0, '86-87': 80.0, '88-89': 90.0, '90-91': 90.0, '92-93': 100.0, '94-95': 90.0, '96-97': 100.0, '98-99': 90.0, 'old': 95.67, 'new': 94.5}
2025-12-14 09:13:12,576 [trainer.py] => Top1 curve: [97.02, 97.0, 96.92, 96.77, 96.78, 95.74, 95.69, 95.62, 95.68, 95.64]
2025-12-14 09:13:12,577 [trainer.py] => Average Accuracy (CNN): 96.29
2025-12-14 09:13:12,579 [trainer.py] => All params: 173732866
2025-12-14 09:13:12,581 [trainer.py] => Trainable params: 2135554
2025-12-14 09:13:12,584 [asp.py] => Learning on 78-80
2025-12-14 09:13:12,604 [asp.py] => training set size: 10, fc construct set size: 10
2025-12-14 09:14:00,857 [trainer.py] => CNN: {'total': 95.62, '00-59': 96.73, '60-61': 96.5, '62-63': 95.5, '64-65': 92.5, '66-67': 98.0, '68-69': 63.0, '70-71': 96.5, '72-73': 93.0, '74-75': 98.0, '76-77': 94.5, '78-79': 95.5, '80-81': 90.0, '82-83': 100.0, '84-85': 100.0, '86-87': 100.0, '88-89': 80.0, '90-91': 100.0, '92-93': 90.0, '94-95': 90.0, '96-97': 100.0, '98-99': 100.0, 'old': 95.63, 'new': 95.5}
2025-12-14 09:14:00,858 [trainer.py] => Top1 curve: [97.02, 97.0, 96.92, 96.77, 96.78, 95.74, 95.69, 95.62, 95.68, 95.64, 95.62]
2025-12-14 09:14:00,858 [trainer.py] => Average Accuracy (CNN): 96.23
2025-12-14 09:14:00,861 [trainer.py] => All params: 173734402
2025-12-14 09:14:00,864 [trainer.py] => Trainable params: 2137090
2025-12-14 09:14:00,866 [asp.py] => Learning on 80-82
2025-12-14 09:14:00,887 [asp.py] => training set size: 10, fc construct set size: 10
2025-12-14 09:14:50,052 [trainer.py] => CNN: {'total': 95.41, '00-59': 96.62, '60-61': 96.5, '62-63': 95.5, '64-65': 92.0, '66-67': 97.0, '68-69': 63.0, '70-71': 96.5, '72-73': 93.0, '74-75': 98.0, '76-77': 94.5, '78-79': 95.5, '80-81': 92.0, '82-83': 90.0, '84-85': 90.0, '86-87': 90.0, '88-89': 70.0, '90-91': 100.0, '92-93': 100.0, '94-95': 90.0, '96-97': 100.0, '98-99': 100.0, 'old': 95.5, 'new': 92.0}
2025-12-14 09:14:50,053 [trainer.py] => Top1 curve: [97.02, 97.0, 96.92, 96.77, 96.78, 95.74, 95.69, 95.62, 95.68, 95.64, 95.62, 95.41]
2025-12-14 09:14:50,053 [trainer.py] => Average Accuracy (CNN): 96.16
2025-12-14 09:14:50,055 [trainer.py] => All params: 173735938
2025-12-14 09:14:50,057 [trainer.py] => Trainable params: 2138626
2025-12-14 09:14:50,059 [asp.py] => Learning on 82-84
2025-12-14 09:14:50,076 [asp.py] => training set size: 10, fc construct set size: 10
2025-12-14 09:15:40,090 [trainer.py] => CNN: {'total': 95.36, '00-59': 96.62, '60-61': 96.5, '62-63': 95.5, '64-65': 92.0, '66-67': 97.0, '68-69': 63.0, '70-71': 96.5, '72-73': 93.0, '74-75': 98.0, '76-77': 94.5, '78-79': 95.0, '80-81': 91.0, '82-83': 94.5, '84-85': 90.0, '86-87': 100.0, '88-89': 90.0, '90-91': 90.0, '92-93': 100.0, '94-95': 100.0, '96-97': 100.0, '98-99': 100.0, 'old': 95.38, 'new': 94.5}
2025-12-14 09:15:40,090 [trainer.py] => Top1 curve: [97.02, 97.0, 96.92, 96.77, 96.78, 95.74, 95.69, 95.62, 95.68, 95.64, 95.62, 95.41, 95.36]
2025-12-14 09:15:40,090 [trainer.py] => Average Accuracy (CNN): 96.10
2025-12-14 09:15:40,091 [trainer.py] => All params: 173737474
2025-12-14 09:15:40,092 [trainer.py] => Trainable params: 2140162
2025-12-14 09:15:40,094 [asp.py] => Learning on 84-86
2025-12-14 09:15:40,107 [asp.py] => training set size: 10, fc construct set size: 10
2025-12-14 09:16:30,939 [trainer.py] => CNN: {'total': 95.03, '00-59': 96.57, '60-61': 96.5, '62-63': 95.0, '64-65': 92.0, '66-67': 96.5, '68-69': 63.0, '70-71': 96.5, '72-73': 93.0, '74-75': 98.0, '76-77': 94.0, '78-79': 95.0, '80-81': 91.0, '82-83': 94.5, '84-85': 84.5, '86-87': 70.0, '88-89': 60.0, '90-91': 90.0, '92-93': 90.0, '94-95': 90.0, '96-97': 100.0, '98-99': 100.0, 'old': 95.29, 'new': 84.5}
2025-12-14 09:16:30,939 [trainer.py] => Top1 curve: [97.02, 97.0, 96.92, 96.77, 96.78, 95.74, 95.69, 95.62, 95.68, 95.64, 95.62, 95.41, 95.36, 95.03]
2025-12-14 09:16:30,939 [trainer.py] => Average Accuracy (CNN): 96.02
2025-12-14 09:16:30,942 [trainer.py] => All params: 173739010
2025-12-14 09:16:30,944 [trainer.py] => Trainable params: 2141698
2025-12-14 09:16:30,947 [asp.py] => Learning on 86-88
2025-12-14 09:16:30,962 [asp.py] => training set size: 10, fc construct set size: 10
2025-12-14 09:17:22,756 [trainer.py] => CNN: {'total': 94.94, '00-59': 96.53, '60-61': 96.5, '62-63': 95.0, '64-65': 91.5, '66-67': 95.0, '68-69': 63.0, '70-71': 96.5, '72-73': 93.0, '74-75': 98.0, '76-77': 94.0, '78-79': 95.0, '80-81': 91.0, '82-83': 94.5, '84-85': 84.5, '86-87': 94.0, '88-89': 80.0, '90-91': 100.0, '92-93': 100.0, '94-95': 90.0, '96-97': 100.0, '98-99': 100.0, 'old': 94.97, 'new': 94.0}
2025-12-14 09:17:22,756 [trainer.py] => Top1 curve: [97.02, 97.0, 96.92, 96.77, 96.78, 95.74, 95.69, 95.62, 95.68, 95.64, 95.62, 95.41, 95.36, 95.03, 94.94]
2025-12-14 09:17:22,756 [trainer.py] => Average Accuracy (CNN): 95.95
2025-12-14 09:17:22,759 [trainer.py] => All params: 173740546
2025-12-14 09:17:22,761 [trainer.py] => Trainable params: 2143234
2025-12-14 09:17:22,763 [asp.py] => Learning on 88-90
2025-12-14 09:17:22,779 [asp.py] => training set size: 10, fc construct set size: 10
2025-12-14 09:18:15,664 [trainer.py] => CNN: {'total': 94.44, '00-59': 96.37, '60-61': 96.5, '62-63': 95.0, '64-65': 90.5, '66-67': 95.0, '68-69': 63.0, '70-71': 96.5, '72-73': 93.0, '74-75': 98.0, '76-77': 94.0, '78-79': 94.5, '80-81': 91.0, '82-83': 94.5, '84-85': 84.5, '86-87': 94.0, '88-89': 79.0, '90-91': 90.0, '92-93': 100.0, '94-95': 90.0, '96-97': 100.0, '98-99': 90.0, 'old': 94.8, 'new': 79.0}
2025-12-14 09:18:15,664 [trainer.py] => Top1 curve: [97.02, 97.0, 96.92, 96.77, 96.78, 95.74, 95.69, 95.62, 95.68, 95.64, 95.62, 95.41, 95.36, 95.03, 94.94, 94.44]
2025-12-14 09:18:15,665 [trainer.py] => Average Accuracy (CNN): 95.85
2025-12-14 09:18:15,667 [trainer.py] => All params: 173742082
2025-12-14 09:18:15,670 [trainer.py] => Trainable params: 2144770
2025-12-14 09:18:15,672 [asp.py] => Learning on 90-92
2025-12-14 09:18:15,688 [asp.py] => training set size: 10, fc construct set size: 10
2025-12-14 09:19:09,451 [trainer.py] => CNN: {'total': 94.4, '00-59': 96.25, '60-61': 96.5, '62-63': 95.0, '64-65': 90.5, '66-67': 95.0, '68-69': 63.0, '70-71': 96.5, '72-73': 93.0, '74-75': 97.5, '76-77': 94.0, '78-79': 94.5, '80-81': 91.0, '82-83': 94.5, '84-85': 83.5, '86-87': 94.0, '88-89': 79.0, '90-91': 97.5, '92-93': 100.0, '94-95': 100.0, '96-97': 100.0, '98-99': 90.0, 'old': 94.33, 'new': 97.5}
2025-12-14 09:19:09,452 [trainer.py] => Top1 curve: [97.02, 97.0, 96.92, 96.77, 96.78, 95.74, 95.69, 95.62, 95.68, 95.64, 95.62, 95.41, 95.36, 95.03, 94.94, 94.44, 94.4]
2025-12-14 09:19:09,452 [trainer.py] => Average Accuracy (CNN): 95.77
2025-12-14 09:19:09,454 [trainer.py] => All params: 173743618
2025-12-14 09:19:09,456 [trainer.py] => Trainable params: 2146306
2025-12-14 09:19:09,458 [asp.py] => Learning on 92-94
2025-12-14 09:19:09,470 [asp.py] => training set size: 10, fc construct set size: 10
2025-12-14 09:20:03,769 [trainer.py] => CNN: {'total': 94.41, '00-59': 96.25, '60-61': 96.5, '62-63': 95.0, '64-65': 89.5, '66-67': 95.0, '68-69': 63.0, '70-71': 96.5, '72-73': 93.0, '74-75': 97.5, '76-77': 94.0, '78-79': 94.5, '80-81': 91.0, '82-83': 94.5, '84-85': 83.5, '86-87': 94.0, '88-89': 77.0, '90-91': 97.5, '92-93': 98.0, '94-95': 90.0, '96-97': 90.0, '98-99': 60.0, 'old': 94.34, 'new': 98.0}
2025-12-14 09:20:03,770 [trainer.py] => Top1 curve: [97.02, 97.0, 96.92, 96.77, 96.78, 95.74, 95.69, 95.62, 95.68, 95.64, 95.62, 95.41, 95.36, 95.03, 94.94, 94.44, 94.4, 94.41]
2025-12-14 09:20:03,770 [trainer.py] => Average Accuracy (CNN): 95.69
2025-12-14 09:20:03,772 [trainer.py] => All params: 173745154
2025-12-14 09:20:03,775 [trainer.py] => Trainable params: 2147842
2025-12-14 09:20:03,777 [asp.py] => Learning on 94-96
2025-12-14 09:20:03,789 [asp.py] => training set size: 10, fc construct set size: 10
2025-12-14 09:20:59,013 [trainer.py] => CNN: {'total': 94.48, '00-59': 96.23, '60-61': 96.5, '62-63': 95.0, '64-65': 89.5, '66-67': 95.0, '68-69': 63.0, '70-71': 96.5, '72-73': 93.0, '74-75': 97.5, '76-77': 94.0, '78-79': 94.5, '80-81': 91.0, '82-83': 94.5, '84-85': 83.5, '86-87': 94.0, '88-89': 77.0, '90-91': 97.5, '92-93': 98.0, '94-95': 98.0, '96-97': 90.0, '98-99': 90.0, 'old': 94.4, 'new': 98.0}
2025-12-14 09:20:59,013 [trainer.py] => Top1 curve: [97.02, 97.0, 96.92, 96.77, 96.78, 95.74, 95.69, 95.62, 95.68, 95.64, 95.62, 95.41, 95.36, 95.03, 94.94, 94.44, 94.4, 94.41, 94.48]
2025-12-14 09:20:59,013 [trainer.py] => Average Accuracy (CNN): 95.63
2025-12-14 09:20:59,014 [trainer.py] => All params: 173746690
2025-12-14 09:20:59,015 [trainer.py] => Trainable params: 2149378
2025-12-14 09:20:59,017 [asp.py] => Learning on 96-98
2025-12-14 09:20:59,025 [asp.py] => training set size: 10, fc construct set size: 10
2025-12-14 09:21:55,356 [trainer.py] => CNN: {'total': 94.42, '00-59': 96.15, '60-61': 96.5, '62-63': 95.0, '64-65': 89.5, '66-67': 95.0, '68-69': 63.0, '70-71': 96.5, '72-73': 93.0, '74-75': 97.5, '76-77': 91.5, '78-79': 94.5, '80-81': 91.0, '82-83': 94.5, '84-85': 83.5, '86-87': 94.0, '88-89': 76.5, '90-91': 97.5, '92-93': 98.0, '94-95': 98.0, '96-97': 97.0, '98-99': 90.0, 'old': 94.36, 'new': 97.0}
2025-12-14 09:21:55,357 [trainer.py] => Top1 curve: [97.02, 97.0, 96.92, 96.77, 96.78, 95.74, 95.69, 95.62, 95.68, 95.64, 95.62, 95.41, 95.36, 95.03, 94.94, 94.44, 94.4, 94.41, 94.48, 94.42]
2025-12-14 09:21:55,357 [trainer.py] => Average Accuracy (CNN): 95.57
2025-12-14 09:21:55,359 [trainer.py] => All params: 173748226
2025-12-14 09:21:55,361 [trainer.py] => Trainable params: 2150914
2025-12-14 09:21:55,364 [asp.py] => Learning on 98-100
2025-12-14 09:21:55,375 [asp.py] => training set size: 10, fc construct set size: 10
2025-12-14 09:22:51,979 [trainer.py] => CNN: {'total': 94.46, '00-59': 96.15, '60-61': 96.5, '62-63': 95.0, '64-65': 89.5, '66-67': 95.0, '68-69': 63.0, '70-71': 96.5, '72-73': 93.0, '74-75': 97.5, '76-77': 91.5, '78-79': 94.5, '80-81': 91.0, '82-83': 94.5, '84-85': 83.5, '86-87': 94.0, '88-89': 76.5, '90-91': 97.5, '92-93': 98.0, '94-95': 98.0, '96-97': 97.0, '98-99': 96.5, 'old': 94.42, 'new': 96.5}
2025-12-14 09:22:51,979 [trainer.py] => Top1 curve: [97.02, 97.0, 96.92, 96.77, 96.78, 95.74, 95.69, 95.62, 95.68, 95.64, 95.62, 95.41, 95.36, 95.03, 94.94, 94.44, 94.4, 94.41, 94.48, 94.42, 94.46]
2025-12-14 09:22:51,980 [trainer.py] => Average Accuracy (CNN): 95.52

================================================================================
Finished mini_imagenet_init60_inc2: pretrained_vit_b16_224_vpt  
Base Accuracy: 97.02
Lase Accuracy: 94.46
Average Accuracy (Top1): 95.52
PD: 2.56
Backward Transfer (BWT): -0.89
Traceback (most recent call last):
  File "/home/team/zhaohongwei/Code/Research/Awesome-FSCIL/FSCIL-ASP-main/main.py", line 25, in <module>
    main()
  File "/home/team/zhaohongwei/Code/Research/Awesome-FSCIL/FSCIL-ASP-main/main.py", line 11, in main
    train(args)
  File "/home/team/zhaohongwei/Code/Research/Awesome-FSCIL/FSCIL-ASP-main/trainer.py", line 32, in train
    _train(args)
  File "/home/team/zhaohongwei/Code/Research/Awesome-FSCIL/FSCIL-ASP-main/trainer.py", line 160, in _train
    print("Forward Transfer (FWT):", forward_transfer(args["dataset"], np.array(cnn_matrix)))
  File "/home/team/zhaohongwei/Code/Research/Awesome-FSCIL/FSCIL-ASP-main/trainer.py", line 265, in forward_transfer
    fwt_diffs = fwt_accs - rand_init_acc_for_fwt
ValueError: operands could not be broadcast together with shapes (20,) (8,) 
2025-12-14 09:22:57,833 [trainer.py] => config: ./scripts/asp_inr_B100_Inc5.json
2025-12-14 09:22:57,833 [trainer.py] => model_name: asp
2025-12-14 09:22:57,833 [trainer.py] => backbone_type: pretrained_vit_b16_224_vpt
2025-12-14 09:22:57,833 [trainer.py] => device: [device(type='cuda', index=1)]
2025-12-14 09:22:57,833 [trainer.py] => seed: 2025
2025-12-14 09:22:57,833 [trainer.py] => dataset: imagenetr
2025-12-14 09:22:57,833 [trainer.py] => init_cls: 100
2025-12-14 09:22:57,833 [trainer.py] => increment: 5
2025-12-14 09:22:57,833 [trainer.py] => kshot: 5
2025-12-14 09:22:57,833 [trainer.py] => vpt_type: Deep
2025-12-14 09:22:57,833 [trainer.py] => prompt_token_num: 20
2025-12-14 09:22:57,833 [trainer.py] => avg_alpha: 0.8
2025-12-14 09:22:57,834 [trainer.py] => perturb_var: 1
2025-12-14 09:22:57,834 [trainer.py] => EMA_beta: 0.99
2025-12-14 09:22:57,834 [trainer.py] => anchor_lambda: 0.1
2025-12-14 09:22:57,834 [trainer.py] => kl_weight: 0.001
2025-12-14 09:22:57,834 [trainer.py] => TIP_init: zero
2025-12-14 09:22:57,834 [trainer.py] => tuned_epoch: 20
2025-12-14 09:22:57,834 [trainer.py] => fs_epoch: 0
2025-12-14 09:22:57,834 [trainer.py] => init_lr: 0.01
2025-12-14 09:22:57,834 [trainer.py] => fs_lr: 0.001
2025-12-14 09:22:57,834 [trainer.py] => batch_size: 24
2025-12-14 09:22:57,834 [trainer.py] => fs_batch_size: 16
2025-12-14 09:22:57,834 [trainer.py] => weight_decay: 0.005
2025-12-14 09:22:57,834 [trainer.py] => min_lr: 0
2025-12-14 09:22:57,834 [trainer.py] => optimizer: sgd
2025-12-14 09:22:57,834 [trainer.py] => memory_size: 0
2025-12-14 09:22:57,834 [trainer.py] => memory_per_class: 0
2025-12-14 09:22:57,834 [trainer.py] => fixed_memory: False
2025-12-14 09:22:57,834 [trainer.py] => shuffle: False
2025-12-14 09:22:57,834 [trainer.py] => top_k: 5
2025-12-14 09:22:57,834 [trainer.py] => base_model_path: saved_model/asp/imagenetr/100_5/asp_20_2025_pretrained_vit_b16_224_vpt.pth
2025-12-14 09:22:57,834 [trainer.py] => prefix: asp
2025-12-14 09:22:57,834 [trainer.py] => model_prefix: asp
2025-12-14 09:22:57,834 [trainer.py] => gpu_models: ['NVIDIA A40']
2025-12-14 09:22:57,919 [data_manager.py] => [0, 1, 2, 3, 4, 5, 6, 7, 8, 9, 10, 11, 12, 13, 14, 15, 16, 17, 18, 19, 20, 21, 22, 23, 24, 25, 26, 27, 28, 29, 30, 31, 32, 33, 34, 35, 36, 37, 38, 39, 40, 41, 42, 43, 44, 45, 46, 47, 48, 49, 50, 51, 52, 53, 54, 55, 56, 57, 58, 59, 60, 61, 62, 63, 64, 65, 66, 67, 68, 69, 70, 71, 72, 73, 74, 75, 76, 77, 78, 79, 80, 81, 82, 83, 84, 85, 86, 87, 88, 89, 90, 91, 92, 93, 94, 95, 96, 97, 98, 99, 100, 101, 102, 103, 104, 105, 106, 107, 108, 109, 110, 111, 112, 113, 114, 115, 116, 117, 118, 119, 120, 121, 122, 123, 124, 125, 126, 127, 128, 129, 130, 131, 132, 133, 134, 135, 136, 137, 138, 139, 140, 141, 142, 143, 144, 145, 146, 147, 148, 149, 150, 151, 152, 153, 154, 155, 156, 157, 158, 159, 160, 161, 162, 163, 164, 165, 166, 167, 168, 169, 170, 171, 172, 173, 174, 175, 176, 177, 178, 179, 180, 181, 182, 183, 184, 185, 186, 187, 188, 189, 190, 191, 192, 193, 194, 195, 196, 197, 198, 199]
This is for the BaseNet initialization.
modelname, pretrained_vit_b16_224_vpt basicmodelname vit_base_patch16_224
Using VPT model
Using Deep Prompt
After BaseNet initialization.
2025-12-14 09:23:02,883 [trainer.py] => All params: 176577537
2025-12-14 09:23:02,884 [trainer.py] => Trainable params: 4980225
2025-12-14 09:23:03,019 [asp.py] => Learning on 0-100
2025-12-14 09:23:03,047 [asp.py] => training set size: 12425, fc construct set size: 12425
anchor samples found
2025-12-14 09:29:31,772 [asp.py] => Task 0, Epoch 1 => Loss 6.698, Train_accy 5.76, Test_curr_accy 31.79, Test_accy 31.79
anchor samples found
2025-12-14 09:36:03,362 [asp.py] => Task 0, Epoch 2 => Loss 2.715, Train_accy 58.42, Test_curr_accy 77.43, Test_accy 77.43
anchor samples found
2025-12-14 09:42:33,474 [asp.py] => Task 0, Epoch 3 => Loss 1.943, Train_accy 68.34, Test_curr_accy 80.55, Test_accy 80.55
anchor samples found
2025-12-14 09:49:01,684 [asp.py] => Task 0, Epoch 4 => Loss 1.815, Train_accy 69.96, Test_curr_accy 81.21, Test_accy 81.21
anchor samples found
2025-12-14 09:55:29,256 [asp.py] => Task 0, Epoch 5 => Loss 1.736, Train_accy 70.94, Test_curr_accy 81.54, Test_accy 81.54
anchor samples found
2025-12-14 10:01:53,448 [asp.py] => Task 0, Epoch 6 => Loss 1.698, Train_accy 72.23, Test_curr_accy 81.74, Test_accy 81.74
anchor samples found
2025-12-14 10:08:21,091 [asp.py] => Task 0, Epoch 7 => Loss 1.689, Train_accy 71.87, Test_curr_accy 81.28, Test_accy 81.28
anchor samples found
2025-12-14 10:14:47,302 [asp.py] => Task 0, Epoch 8 => Loss 1.699, Train_accy 71.42, Test_curr_accy 82.26, Test_accy 82.26
anchor samples found
2025-12-14 10:21:12,742 [asp.py] => Task 0, Epoch 9 => Loss 1.639, Train_accy 72.55, Test_curr_accy 82.43, Test_accy 82.43
anchor samples found
2025-12-14 10:27:39,794 [asp.py] => Task 0, Epoch 10 => Loss 1.635, Train_accy 72.70, Test_curr_accy 82.49, Test_accy 82.49
anchor samples found
2025-12-14 10:34:05,619 [asp.py] => Task 0, Epoch 11 => Loss 1.604, Train_accy 73.04, Test_curr_accy 82.17, Test_accy 82.17
anchor samples found
2025-12-14 10:40:31,879 [asp.py] => Task 0, Epoch 12 => Loss 1.566, Train_accy 73.38, Test_curr_accy 82.36, Test_accy 82.36
anchor samples found
2025-12-14 10:46:58,719 [asp.py] => Task 0, Epoch 13 => Loss 1.553, Train_accy 73.96, Test_curr_accy 82.66, Test_accy 82.66
anchor samples found
2025-12-14 11:05:28,208 [asp.py] => Task 0, Epoch 14 => Loss 1.535, Train_accy 73.72, Test_curr_accy 83.35, Test_accy 83.35
anchor samples found
2025-12-14 11:33:04,057 [asp.py] => Task 0, Epoch 15 => Loss 1.490, Train_accy 74.62, Test_curr_accy 83.35, Test_accy 83.35
anchor samples found
2025-12-14 11:55:21,932 [asp.py] => Task 0, Epoch 16 => Loss 1.467, Train_accy 75.25, Test_curr_accy 83.97, Test_accy 83.97
anchor samples found
2025-12-14 12:19:54,970 [asp.py] => Task 0, Epoch 17 => Loss 1.462, Train_accy 75.89, Test_curr_accy 83.38, Test_accy 83.38
anchor samples found
2025-12-14 12:46:32,716 [asp.py] => Task 0, Epoch 18 => Loss 1.423, Train_accy 75.85, Test_curr_accy 83.84, Test_accy 83.84
anchor samples found
2025-12-14 13:15:19,652 [asp.py] => Task 0, Epoch 19 => Loss 1.432, Train_accy 76.37, Test_curr_accy 83.58, Test_accy 83.58
anchor samples found
2025-12-14 13:44:10,572 [asp.py] => Task 0, Epoch 20 => Loss 1.404, Train_accy 76.17, Test_curr_accy 83.84, Test_accy 83.84
2025-12-14 13:53:11,294 [trainer.py] => CNN: {'total': 81.84, '00-99': 81.84, '100-104': 72.0, '105-109': 76.0, '110-114': 72.0, '115-119': 48.0, '120-124': 68.0, '125-129': 44.0, '130-134': 72.0, '135-139': 76.0, '140-144': 44.0, '145-149': 80.0, '150-154': 60.0, '155-159': 72.0, '160-164': 76.0, '165-169': 48.0, '170-174': 72.0, '175-179': 92.0, '180-184': 48.0, '185-189': 76.0, '190-194': 60.0, '195-199': 80.0, 'old': 0, 'new': 81.84}
2025-12-14 13:53:11,294 [trainer.py] => Top1 curve: [81.84]
2025-12-14 13:53:11,294 [trainer.py] => Average Accuracy (CNN): 81.84
2025-12-14 13:53:11,297 [trainer.py] => All params: 176654338
2025-12-14 13:53:11,299 [trainer.py] => Trainable params: 5057026
2025-12-14 13:53:11,310 [asp.py] => Learning on 100-105
2025-12-14 13:53:11,329 [asp.py] => training set size: 25, fc construct set size: 25
2025-12-14 13:54:52,233 [trainer.py] => CNN: {'total': 80.66, '00-99': 81.74, '100-104': 61.63, '105-109': 68.0, '110-114': 72.0, '115-119': 72.0, '120-124': 68.0, '125-129': 68.0, '130-134': 64.0, '135-139': 60.0, '140-144': 48.0, '145-149': 76.0, '150-154': 56.0, '155-159': 72.0, '160-164': 56.0, '165-169': 44.0, '170-174': 68.0, '175-179': 80.0, '180-184': 40.0, '185-189': 60.0, '190-194': 56.0, '195-199': 80.0, 'old': 81.74, 'new': 61.63}
2025-12-14 13:54:52,234 [trainer.py] => Top1 curve: [81.84, 80.66]
2025-12-14 13:54:52,234 [trainer.py] => Average Accuracy (CNN): 81.25
2025-12-14 13:54:52,236 [trainer.py] => All params: 176658178
2025-12-14 13:54:52,238 [trainer.py] => Trainable params: 5060866
2025-12-14 13:54:52,252 [asp.py] => Learning on 105-110
2025-12-14 13:54:52,270 [asp.py] => training set size: 25, fc construct set size: 25
2025-12-14 13:56:34,839 [trainer.py] => CNN: {'total': 79.26, '00-99': 81.67, '100-104': 55.23, '105-109': 57.24, '110-114': 64.0, '115-119': 56.0, '120-124': 72.0, '125-129': 56.0, '130-134': 60.0, '135-139': 76.0, '140-144': 52.0, '145-149': 88.0, '150-154': 56.0, '155-159': 68.0, '160-164': 56.0, '165-169': 40.0, '170-174': 76.0, '175-179': 80.0, '180-184': 64.0, '185-189': 76.0, '190-194': 64.0, '195-199': 68.0, 'old': 80.26, 'new': 57.24}
2025-12-14 13:56:34,840 [trainer.py] => Top1 curve: [81.84, 80.66, 79.26]
2025-12-14 13:56:34,840 [trainer.py] => Average Accuracy (CNN): 80.59
2025-12-14 13:56:34,843 [trainer.py] => All params: 176662018
2025-12-14 13:56:34,845 [trainer.py] => Trainable params: 5064706
2025-12-14 13:56:34,861 [asp.py] => Learning on 110-115
2025-12-14 13:56:34,880 [asp.py] => training set size: 25, fc construct set size: 25
2025-12-14 13:58:19,915 [trainer.py] => CNN: {'total': 78.9, '00-99': 81.61, '100-104': 55.23, '105-109': 57.24, '110-114': 71.63, '115-119': 68.0, '120-124': 60.0, '125-129': 68.0, '130-134': 48.0, '135-139': 64.0, '140-144': 64.0, '145-149': 88.0, '150-154': 64.0, '155-159': 56.0, '160-164': 60.0, '165-169': 60.0, '170-174': 80.0, '175-179': 84.0, '180-184': 48.0, '185-189': 72.0, '190-194': 52.0, '195-199': 68.0, 'old': 79.2, 'new': 71.63}
2025-12-14 13:58:19,915 [trainer.py] => Top1 curve: [81.84, 80.66, 79.26, 78.9]
2025-12-14 13:58:19,915 [trainer.py] => Average Accuracy (CNN): 80.16
2025-12-14 13:58:19,918 [trainer.py] => All params: 176665858
2025-12-14 13:58:19,920 [trainer.py] => Trainable params: 5068546
2025-12-14 13:58:19,935 [asp.py] => Learning on 115-120
2025-12-14 13:58:19,950 [asp.py] => training set size: 25, fc construct set size: 25
2025-12-14 14:00:06,652 [trainer.py] => CNN: {'total': 78.29, '00-99': 81.47, '100-104': 55.23, '105-109': 57.24, '110-114': 70.21, '115-119': 65.55, '120-124': 60.0, '125-129': 40.0, '130-134': 68.0, '135-139': 80.0, '140-144': 60.0, '145-149': 84.0, '150-154': 40.0, '155-159': 64.0, '160-164': 64.0, '165-169': 44.0, '170-174': 80.0, '175-179': 84.0, '180-184': 52.0, '185-189': 68.0, '190-194': 60.0, '195-199': 72.0, 'old': 78.72, 'new': 65.55}
2025-12-14 14:00:06,652 [trainer.py] => Top1 curve: [81.84, 80.66, 79.26, 78.9, 78.29]
2025-12-14 14:00:06,653 [trainer.py] => Average Accuracy (CNN): 79.79
2025-12-14 14:00:06,655 [trainer.py] => All params: 176669698
2025-12-14 14:00:06,658 [trainer.py] => Trainable params: 5072386
2025-12-14 14:00:06,674 [asp.py] => Learning on 120-125
2025-12-14 14:00:06,693 [asp.py] => training set size: 25, fc construct set size: 25
2025-12-14 14:02:01,017 [trainer.py] => CNN: {'total': 77.82, '00-99': 81.47, '100-104': 55.23, '105-109': 57.24, '110-114': 70.21, '115-119': 65.55, '120-124': 66.44, '125-129': 48.0, '130-134': 76.0, '135-139': 80.0, '140-144': 56.0, '145-149': 80.0, '150-154': 52.0, '155-159': 60.0, '160-164': 72.0, '165-169': 60.0, '170-174': 92.0, '175-179': 84.0, '180-184': 52.0, '185-189': 64.0, '190-194': 68.0, '195-199': 80.0, 'old': 78.29, 'new': 66.44}
2025-12-14 14:02:01,017 [trainer.py] => Top1 curve: [81.84, 80.66, 79.26, 78.9, 78.29, 77.82]
2025-12-14 14:02:01,017 [trainer.py] => Average Accuracy (CNN): 79.46
2025-12-14 14:02:01,019 [trainer.py] => All params: 176673538
2025-12-14 14:02:01,022 [trainer.py] => Trainable params: 5076226
2025-12-14 14:02:01,034 [asp.py] => Learning on 125-130
2025-12-14 14:02:01,052 [asp.py] => training set size: 25, fc construct set size: 25
2025-12-14 14:03:58,927 [trainer.py] => CNN: {'total': 76.3, '00-99': 81.41, '100-104': 55.23, '105-109': 57.24, '110-114': 69.5, '115-119': 63.03, '120-124': 65.1, '125-129': 45.28, '130-134': 76.0, '135-139': 68.0, '140-144': 52.0, '145-149': 88.0, '150-154': 68.0, '155-159': 48.0, '160-164': 68.0, '165-169': 56.0, '170-174': 84.0, '175-179': 80.0, '180-184': 40.0, '185-189': 76.0, '190-194': 64.0, '195-199': 68.0, 'old': 77.61, 'new': 45.28}
2025-12-14 14:03:58,927 [trainer.py] => Top1 curve: [81.84, 80.66, 79.26, 78.9, 78.29, 77.82, 76.3]
2025-12-14 14:03:58,927 [trainer.py] => Average Accuracy (CNN): 79.01
2025-12-14 14:03:58,931 [trainer.py] => All params: 176677378
2025-12-14 14:03:58,933 [trainer.py] => Trainable params: 5080066
2025-12-14 14:03:58,940 [asp.py] => Learning on 130-135
2025-12-14 14:03:58,959 [asp.py] => training set size: 25, fc construct set size: 25
2025-12-14 14:05:52,295 [trainer.py] => CNN: {'total': 75.21, '00-99': 81.41, '100-104': 55.23, '105-109': 57.24, '110-114': 69.5, '115-119': 60.5, '120-124': 63.76, '125-129': 44.65, '130-134': 50.67, '135-139': 76.0, '140-144': 48.0, '145-149': 92.0, '150-154': 44.0, '155-159': 56.0, '160-164': 68.0, '165-169': 52.0, '170-174': 84.0, '175-179': 76.0, '180-184': 56.0, '185-189': 72.0, '190-194': 64.0, '195-199': 56.0, 'old': 76.15, 'new': 50.67}
2025-12-14 14:05:52,296 [trainer.py] => Top1 curve: [81.84, 80.66, 79.26, 78.9, 78.29, 77.82, 76.3, 75.21]
2025-12-14 14:05:52,296 [trainer.py] => Average Accuracy (CNN): 78.53
2025-12-14 14:05:52,299 [trainer.py] => All params: 176681218
2025-12-14 14:05:52,301 [trainer.py] => Trainable params: 5083906
2025-12-14 14:05:52,309 [asp.py] => Learning on 135-140
2025-12-14 14:05:52,325 [asp.py] => training set size: 25, fc construct set size: 25
2025-12-14 14:07:48,390 [trainer.py] => CNN: {'total': 74.53, '00-99': 81.38, '100-104': 55.23, '105-109': 57.24, '110-114': 68.09, '115-119': 60.5, '120-124': 63.09, '125-129': 44.65, '130-134': 49.33, '135-139': 59.59, '140-144': 52.0, '145-149': 84.0, '150-154': 52.0, '155-159': 40.0, '160-164': 48.0, '165-169': 56.0, '170-174': 72.0, '175-179': 76.0, '180-184': 56.0, '185-189': 72.0, '190-194': 68.0, '195-199': 68.0, 'old': 75.06, 'new': 59.59}
2025-12-14 14:07:48,390 [trainer.py] => Top1 curve: [81.84, 80.66, 79.26, 78.9, 78.29, 77.82, 76.3, 75.21, 74.53]
2025-12-14 14:07:48,391 [trainer.py] => Average Accuracy (CNN): 78.09
2025-12-14 14:07:48,393 [trainer.py] => All params: 176685058
2025-12-14 14:07:48,395 [trainer.py] => Trainable params: 5087746
2025-12-14 14:07:48,404 [asp.py] => Learning on 140-145
2025-12-14 14:07:48,419 [asp.py] => training set size: 25, fc construct set size: 25
2025-12-14 14:09:45,976 [trainer.py] => CNN: {'total': 73.58, '00-99': 81.34, '100-104': 55.23, '105-109': 57.24, '110-114': 68.09, '115-119': 60.5, '120-124': 63.09, '125-129': 42.77, '130-134': 49.33, '135-139': 58.22, '140-144': 43.86, '145-149': 92.0, '150-154': 68.0, '155-159': 48.0, '160-164': 68.0, '165-169': 52.0, '170-174': 64.0, '175-179': 76.0, '180-184': 60.0, '185-189': 80.0, '190-194': 64.0, '195-199': 60.0, 'old': 74.38, 'new': 43.86}
2025-12-14 14:09:45,976 [trainer.py] => Top1 curve: [81.84, 80.66, 79.26, 78.9, 78.29, 77.82, 76.3, 75.21, 74.53, 73.58]
2025-12-14 14:09:45,976 [trainer.py] => Average Accuracy (CNN): 77.64
2025-12-14 14:09:45,979 [trainer.py] => All params: 176688898
2025-12-14 14:09:45,981 [trainer.py] => Trainable params: 5091586
2025-12-14 14:09:45,991 [asp.py] => Learning on 145-150
2025-12-14 14:09:46,006 [asp.py] => training set size: 25, fc construct set size: 25
2025-12-14 14:11:45,596 [trainer.py] => CNN: {'total': 73.14, '00-99': 81.31, '100-104': 55.23, '105-109': 57.24, '110-114': 68.09, '115-119': 57.14, '120-124': 61.74, '125-129': 42.14, '130-134': 48.0, '135-139': 56.85, '140-144': 42.11, '145-149': 68.0, '150-154': 64.0, '155-159': 72.0, '160-164': 72.0, '165-169': 48.0, '170-174': 72.0, '175-179': 84.0, '180-184': 44.0, '185-189': 68.0, '190-194': 60.0, '195-199': 64.0, 'old': 73.26, 'new': 68.0}
2025-12-14 14:11:45,597 [trainer.py] => Top1 curve: [81.84, 80.66, 79.26, 78.9, 78.29, 77.82, 76.3, 75.21, 74.53, 73.58, 73.14]
2025-12-14 14:11:45,597 [trainer.py] => Average Accuracy (CNN): 77.23
2025-12-14 14:11:45,600 [trainer.py] => All params: 176692738
2025-12-14 14:11:45,602 [trainer.py] => Trainable params: 5095426
2025-12-14 14:11:45,613 [asp.py] => Learning on 150-155
2025-12-14 14:11:45,627 [asp.py] => training set size: 25, fc construct set size: 25
2025-12-14 14:13:51,398 [trainer.py] => CNN: {'total': 72.27, '00-99': 81.34, '100-104': 54.65, '105-109': 57.24, '110-114': 68.09, '115-119': 57.14, '120-124': 61.07, '125-129': 40.88, '130-134': 47.33, '135-139': 55.48, '140-144': 42.11, '145-149': 62.0, '150-154': 47.71, '155-159': 48.0, '160-164': 68.0, '165-169': 64.0, '170-174': 68.0, '175-179': 68.0, '180-184': 52.0, '185-189': 80.0, '190-194': 64.0, '195-199': 64.0, 'old': 72.87, 'new': 47.71}
2025-12-14 14:13:51,398 [trainer.py] => Top1 curve: [81.84, 80.66, 79.26, 78.9, 78.29, 77.82, 76.3, 75.21, 74.53, 73.58, 73.14, 72.27]
2025-12-14 14:13:51,398 [trainer.py] => Average Accuracy (CNN): 76.82
2025-12-14 14:13:51,402 [trainer.py] => All params: 176696578
2025-12-14 14:13:51,404 [trainer.py] => Trainable params: 5099266
2025-12-14 14:13:51,419 [asp.py] => Learning on 155-160
2025-12-14 14:13:51,432 [asp.py] => training set size: 25, fc construct set size: 25
2025-12-14 14:15:59,162 [trainer.py] => CNN: {'total': 71.27, '00-99': 81.34, '100-104': 54.65, '105-109': 57.24, '110-114': 68.09, '115-119': 53.78, '120-124': 61.07, '125-129': 40.88, '130-134': 47.33, '135-139': 55.48, '140-144': 42.11, '145-149': 62.0, '150-154': 47.71, '155-159': 44.08, '160-164': 76.0, '165-169': 72.0, '170-174': 76.0, '175-179': 80.0, '180-184': 40.0, '185-189': 76.0, '190-194': 60.0, '195-199': 60.0, 'old': 72.18, 'new': 44.08}
2025-12-14 14:15:59,162 [trainer.py] => Top1 curve: [81.84, 80.66, 79.26, 78.9, 78.29, 77.82, 76.3, 75.21, 74.53, 73.58, 73.14, 72.27, 71.27]
2025-12-14 14:15:59,162 [trainer.py] => Average Accuracy (CNN): 76.39
2025-12-14 14:15:59,166 [trainer.py] => All params: 176700418
2025-12-14 14:15:59,168 [trainer.py] => Trainable params: 5103106
2025-12-14 14:15:59,183 [asp.py] => Learning on 160-165
2025-12-14 14:15:59,195 [asp.py] => training set size: 25, fc construct set size: 25
2025-12-14 14:18:08,714 [trainer.py] => CNN: {'total': 70.81, '00-99': 81.31, '100-104': 54.65, '105-109': 57.24, '110-114': 68.09, '115-119': 53.78, '120-124': 61.07, '125-129': 40.25, '130-134': 47.33, '135-139': 55.48, '140-144': 42.11, '145-149': 62.0, '150-154': 47.71, '155-159': 39.47, '160-164': 63.12, '165-169': 60.0, '170-174': 80.0, '175-179': 80.0, '180-184': 60.0, '185-189': 72.0, '190-194': 68.0, '195-199': 72.0, 'old': 71.08, 'new': 63.12}
2025-12-14 14:18:08,714 [trainer.py] => Top1 curve: [81.84, 80.66, 79.26, 78.9, 78.29, 77.82, 76.3, 75.21, 74.53, 73.58, 73.14, 72.27, 71.27, 70.81]
2025-12-14 14:18:08,714 [trainer.py] => Average Accuracy (CNN): 75.99
2025-12-14 14:18:08,718 [trainer.py] => All params: 176704258
2025-12-14 14:18:08,720 [trainer.py] => Trainable params: 5106946
2025-12-14 14:18:08,736 [asp.py] => Learning on 165-170
2025-12-14 14:18:08,748 [asp.py] => training set size: 25, fc construct set size: 25
2025-12-14 14:20:21,663 [trainer.py] => CNN: {'total': 70.17, '00-99': 81.31, '100-104': 54.07, '105-109': 57.24, '110-114': 68.09, '115-119': 53.78, '120-124': 61.07, '125-129': 38.99, '130-134': 47.33, '135-139': 55.48, '140-144': 42.11, '145-149': 61.0, '150-154': 47.71, '155-159': 39.47, '160-164': 63.12, '165-169': 56.02, '170-174': 68.0, '175-179': 76.0, '180-184': 60.0, '185-189': 72.0, '190-194': 56.0, '195-199': 72.0, 'old': 70.73, 'new': 56.02}
2025-12-14 14:20:21,663 [trainer.py] => Top1 curve: [81.84, 80.66, 79.26, 78.9, 78.29, 77.82, 76.3, 75.21, 74.53, 73.58, 73.14, 72.27, 71.27, 70.81, 70.17]
2025-12-14 14:20:21,663 [trainer.py] => Average Accuracy (CNN): 75.60
2025-12-14 14:20:21,666 [trainer.py] => All params: 176708098
2025-12-14 14:20:21,668 [trainer.py] => Trainable params: 5110786
2025-12-14 14:20:21,681 [asp.py] => Learning on 170-175
2025-12-14 14:20:21,693 [asp.py] => training set size: 25, fc construct set size: 25
2025-12-14 14:22:37,284 [trainer.py] => CNN: {'total': 69.77, '00-99': 81.31, '100-104': 54.07, '105-109': 57.24, '110-114': 68.09, '115-119': 53.78, '120-124': 61.07, '125-129': 38.99, '130-134': 47.33, '135-139': 54.11, '140-144': 42.11, '145-149': 60.0, '150-154': 48.62, '155-159': 36.18, '160-164': 63.12, '165-169': 56.02, '170-174': 60.28, '175-179': 92.0, '180-184': 52.0, '185-189': 84.0, '190-194': 64.0, '195-199': 72.0, 'old': 70.04, 'new': 60.28}
2025-12-14 14:22:37,285 [trainer.py] => Top1 curve: [81.84, 80.66, 79.26, 78.9, 78.29, 77.82, 76.3, 75.21, 74.53, 73.58, 73.14, 72.27, 71.27, 70.81, 70.17, 69.77]
2025-12-14 14:22:37,285 [trainer.py] => Average Accuracy (CNN): 75.24
2025-12-14 14:22:37,288 [trainer.py] => All params: 176711938
2025-12-14 14:22:37,290 [trainer.py] => Trainable params: 5114626
2025-12-14 14:22:37,305 [asp.py] => Learning on 175-180
2025-12-14 14:22:37,315 [asp.py] => training set size: 25, fc construct set size: 25
2025-12-14 14:24:54,927 [trainer.py] => CNN: {'total': 69.57, '00-99': 81.24, '100-104': 54.07, '105-109': 57.24, '110-114': 68.09, '115-119': 53.78, '120-124': 60.4, '125-129': 37.11, '130-134': 47.33, '135-139': 54.11, '140-144': 42.11, '145-149': 60.0, '150-154': 48.62, '155-159': 35.53, '160-164': 62.5, '165-169': 56.02, '170-174': 60.28, '175-179': 67.65, '180-184': 56.0, '185-189': 72.0, '190-194': 64.0, '195-199': 68.0, 'old': 69.62, 'new': 67.65}
2025-12-14 14:24:54,928 [trainer.py] => Top1 curve: [81.84, 80.66, 79.26, 78.9, 78.29, 77.82, 76.3, 75.21, 74.53, 73.58, 73.14, 72.27, 71.27, 70.81, 70.17, 69.77, 69.57]
2025-12-14 14:24:54,928 [trainer.py] => Average Accuracy (CNN): 74.91
2025-12-14 14:24:54,931 [trainer.py] => All params: 176715778
2025-12-14 14:24:54,934 [trainer.py] => Trainable params: 5118466
2025-12-14 14:24:54,946 [asp.py] => Learning on 180-185
2025-12-14 14:24:54,957 [asp.py] => training set size: 25, fc construct set size: 25
2025-12-14 14:27:14,783 [trainer.py] => CNN: {'total': 68.74, '00-99': 81.21, '100-104': 54.07, '105-109': 57.24, '110-114': 68.09, '115-119': 53.78, '120-124': 59.06, '125-129': 37.11, '130-134': 47.33, '135-139': 54.11, '140-144': 42.11, '145-149': 60.0, '150-154': 47.71, '155-159': 35.53, '160-164': 62.5, '165-169': 56.02, '170-174': 60.28, '175-179': 66.91, '180-184': 42.18, '185-189': 76.0, '190-194': 56.0, '195-199': 68.0, 'old': 69.47, 'new': 42.18}
2025-12-14 14:27:14,784 [trainer.py] => Top1 curve: [81.84, 80.66, 79.26, 78.9, 78.29, 77.82, 76.3, 75.21, 74.53, 73.58, 73.14, 72.27, 71.27, 70.81, 70.17, 69.77, 69.57, 68.74]
2025-12-14 14:27:14,784 [trainer.py] => Average Accuracy (CNN): 74.56
2025-12-14 14:27:14,786 [trainer.py] => All params: 176719618
2025-12-14 14:27:14,788 [trainer.py] => Trainable params: 5122306
2025-12-14 14:27:14,804 [asp.py] => Learning on 185-190
2025-12-14 14:27:14,813 [asp.py] => training set size: 25, fc construct set size: 25
2025-12-14 14:29:38,608 [trainer.py] => CNN: {'total': 68.46, '00-99': 81.15, '100-104': 54.07, '105-109': 57.24, '110-114': 68.09, '115-119': 53.78, '120-124': 59.06, '125-129': 36.48, '130-134': 47.33, '135-139': 54.11, '140-144': 42.11, '145-149': 60.0, '150-154': 48.62, '155-159': 35.53, '160-164': 62.5, '165-169': 56.02, '170-174': 56.74, '175-179': 66.91, '180-184': 41.5, '185-189': 65.12, '190-194': 68.0, '195-199': 76.0, 'old': 68.59, 'new': 65.12}
2025-12-14 14:29:38,609 [trainer.py] => Top1 curve: [81.84, 80.66, 79.26, 78.9, 78.29, 77.82, 76.3, 75.21, 74.53, 73.58, 73.14, 72.27, 71.27, 70.81, 70.17, 69.77, 69.57, 68.74, 68.46]
2025-12-14 14:29:38,609 [trainer.py] => Average Accuracy (CNN): 74.24
2025-12-14 14:29:38,612 [trainer.py] => All params: 176723458
2025-12-14 14:29:38,615 [trainer.py] => Trainable params: 5126146
2025-12-14 14:29:38,630 [asp.py] => Learning on 190-195
2025-12-14 14:29:38,638 [asp.py] => training set size: 25, fc construct set size: 25
2025-12-14 14:32:05,383 [trainer.py] => CNN: {'total': 67.9, '00-99': 81.11, '100-104': 54.07, '105-109': 57.24, '110-114': 68.09, '115-119': 53.78, '120-124': 59.06, '125-129': 36.48, '130-134': 47.33, '135-139': 54.11, '140-144': 42.11, '145-149': 60.0, '150-154': 48.62, '155-159': 35.53, '160-164': 61.88, '165-169': 55.5, '170-174': 56.74, '175-179': 66.91, '180-184': 40.14, '185-189': 65.12, '190-194': 50.33, '195-199': 84.0, 'old': 68.37, 'new': 50.33}
2025-12-14 14:32:05,383 [trainer.py] => Top1 curve: [81.84, 80.66, 79.26, 78.9, 78.29, 77.82, 76.3, 75.21, 74.53, 73.58, 73.14, 72.27, 71.27, 70.81, 70.17, 69.77, 69.57, 68.74, 68.46, 67.9]
2025-12-14 14:32:05,383 [trainer.py] => Average Accuracy (CNN): 73.92
2025-12-14 14:32:05,387 [trainer.py] => All params: 176727298
2025-12-14 14:32:05,389 [trainer.py] => Trainable params: 5129986
2025-12-14 14:32:05,405 [asp.py] => Learning on 195-200
2025-12-14 14:32:05,414 [asp.py] => training set size: 25, fc construct set size: 25
2025-12-14 14:34:32,588 [trainer.py] => CNN: {'total': 67.33, '00-99': 81.08, '100-104': 54.07, '105-109': 57.24, '110-114': 68.09, '115-119': 52.1, '120-124': 59.06, '125-129': 36.48, '130-134': 47.33, '135-139': 54.11, '140-144': 42.11, '145-149': 60.0, '150-154': 47.71, '155-159': 35.53, '160-164': 61.88, '165-169': 55.5, '170-174': 56.03, '175-179': 66.91, '180-184': 40.14, '185-189': 64.19, '190-194': 49.67, '195-199': 51.85, 'old': 67.76, 'new': 51.85}
2025-12-14 14:34:32,588 [trainer.py] => Top1 curve: [81.84, 80.66, 79.26, 78.9, 78.29, 77.82, 76.3, 75.21, 74.53, 73.58, 73.14, 72.27, 71.27, 70.81, 70.17, 69.77, 69.57, 68.74, 68.46, 67.9, 67.33]
2025-12-14 14:34:32,588 [trainer.py] => Average Accuracy (CNN): 73.61

================================================================================
Finished imagenetr_init100_inc5: pretrained_vit_b16_224_vpt  
Base Accuracy: 81.84
Lase Accuracy: 67.33
Average Accuracy (Top1): 73.61
PD: 14.51
Backward Transfer (BWT): -3.95
Traceback (most recent call last):
  File "/home/team/zhaohongwei/Code/Research/Awesome-FSCIL/FSCIL-ASP-main/main.py", line 25, in <module>
    main()
  File "/home/team/zhaohongwei/Code/Research/Awesome-FSCIL/FSCIL-ASP-main/main.py", line 11, in main
    train(args)
  File "/home/team/zhaohongwei/Code/Research/Awesome-FSCIL/FSCIL-ASP-main/trainer.py", line 32, in train
    _train(args)
  File "/home/team/zhaohongwei/Code/Research/Awesome-FSCIL/FSCIL-ASP-main/trainer.py", line 160, in _train
    print("Forward Transfer (FWT):", forward_transfer(args["dataset"], np.array(cnn_matrix)))
  File "/home/team/zhaohongwei/Code/Research/Awesome-FSCIL/FSCIL-ASP-main/trainer.py", line 265, in forward_transfer
    fwt_diffs = fwt_accs - rand_init_acc_for_fwt
ValueError: operands could not be broadcast together with shapes (20,) (10,) 